split0_test_tn,split1_test_tn,split2_test_tn,split3_test_tn,split4_test_tn,split0_train_tn,split1_train_tn,split2_train_tn,split3_train_tn,split4_train_tn,split0_test_fp,split1_test_fp,split2_test_fp,split3_test_fp,split4_test_fp,split0_train_fp,split1_train_fp,split2_train_fp,split3_train_fp,split4_train_fp,split0_test_fn,split1_test_fn,split2_test_fn,split3_test_fn,split4_test_fn,split0_train_fn,split1_train_fn,split2_train_fn,split3_train_fn,split4_train_fn,split0_test_tp,split1_test_tp,split2_test_tp,split3_test_tp,split4_test_tp,split0_train_tp,split1_train_tp,split2_train_tp,split3_train_tp,split4_train_tp,split0_test_f1,split1_test_f1,split2_test_f1,split3_test_f1,split4_test_f1,split0_train_f1,split1_train_f1,split2_train_f1,split3_train_f1,split4_train_f1,split0_test_accuracy,split1_test_accuracy,split2_test_accuracy,split3_test_accuracy,split4_test_accuracy,split0_train_accuracy,split1_train_accuracy,split2_train_accuracy,split3_train_accuracy,split4_train_accuracy,split0_test_precision,split1_test_precision,split2_test_precision,split3_test_precision,split4_test_precision,split0_train_precision,split1_train_precision,split2_train_precision,split3_train_precision,split4_train_precision,split0_test_recall,split1_test_recall,split2_test_recall,split3_test_recall,split4_test_recall,split0_train_recall,split1_train_recall,split2_train_recall,split3_train_recall,split4_train_recall,split0_test_roc_auc,split1_test_roc_auc,split2_test_roc_auc,split3_test_roc_auc,split4_test_roc_auc,split0_train_roc_auc,split1_train_roc_auc,split2_train_roc_auc,split3_train_roc_auc,split4_train_roc_auc,params,cls_method,od_method,mvi_method,fs_method,os_method,mean_test_f1
102.0,99.0,102.0,89.0,96.0,386.0,389.0,386.0,399.0,392.0,79.0,95.0,82.0,85.0,79.0,341.0,325.0,338.0,335.0,341.0,39.0,37.0,31.0,47.0,44.0,159.0,161.0,167.0,151.0,154.0,251.0,240.0,255.0,249.0,251.0,995.0,1006.0,991.0,997.0,995.0,0.8096774193548386,0.7843137254901961,0.8186195826645266,0.7904761904761904,0.8031999999999999,0.7991967871485943,0.8054443554843874,0.7969441093687174,0.8040322580645162,0.8008048289738431,0.7494692144373672,0.7197452229299363,0.7595744680851064,0.7191489361702128,0.7382978723404255,0.7341839447102605,0.7416267942583732,0.7316684378320936,0.7417640807651434,0.7369819341126461,0.7606060606060606,0.7164179104477612,0.7566765578635015,0.7455089820359282,0.7606060606060606,0.7447604790419161,0.7558226897069872,0.745673438675696,0.7484984984984985,0.7447604790419161,0.8655172413793103,0.8664259927797834,0.8916083916083916,0.8412162162162162,0.8508474576271187,0.8622183708838822,0.8620394173093402,0.8557858376511226,0.8684668989547039,0.865970409051349,0.7145265764907601,0.6883676355651493,0.7229781088476741,0.6763552345448898,0.6997094430992736,0.6965837383993001,0.7034286722401044,0.6944675044609204,0.7060318145999677,0.7003794746484575,"{'cls__C': 0.1, 'cls__probability': True, 'cls__random_state': 42}",svc,lof,simple,minmax,none,0.8012573835971502
102.0,99.0,102.0,89.0,96.0,386.0,389.0,386.0,399.0,392.0,79.0,95.0,82.0,85.0,79.0,341.0,325.0,338.0,335.0,341.0,39.0,37.0,31.0,47.0,44.0,159.0,161.0,167.0,151.0,154.0,251.0,240.0,255.0,249.0,251.0,995.0,1006.0,991.0,997.0,995.0,0.8096774193548386,0.7843137254901961,0.8186195826645266,0.7904761904761904,0.8031999999999999,0.7991967871485943,0.8054443554843874,0.7969441093687174,0.8040322580645162,0.8008048289738431,0.7494692144373672,0.7197452229299363,0.7595744680851064,0.7191489361702128,0.7382978723404255,0.7341839447102605,0.7416267942583732,0.7316684378320936,0.7417640807651434,0.7369819341126461,0.7606060606060606,0.7164179104477612,0.7566765578635015,0.7455089820359282,0.7606060606060606,0.7447604790419161,0.7558226897069872,0.745673438675696,0.7484984984984985,0.7447604790419161,0.8655172413793103,0.8664259927797834,0.8916083916083916,0.8412162162162162,0.8508474576271187,0.8622183708838822,0.8620394173093402,0.8557858376511226,0.8684668989547039,0.865970409051349,0.7145265764907601,0.6883676355651493,0.7229781088476741,0.6763552345448898,0.6997094430992736,0.6965837383993001,0.7034286722401044,0.6944675044609204,0.7060318145999677,0.7003794746484575,"{'cls__hidden_layer_sizes': (100,), 'cls__learning_rate': 'adaptive', 'cls__learning_rate_init': 1e-05, 'cls__max_iter': 1000, 'cls__n_iter_no_change': 5, 'cls__random_state': 42}",mlp,lof,simple,standard,none,0.8012573835971502
102.0,99.0,102.0,89.0,96.0,386.0,389.0,386.0,399.0,392.0,79.0,95.0,82.0,85.0,79.0,341.0,325.0,338.0,335.0,341.0,39.0,37.0,31.0,47.0,44.0,159.0,161.0,167.0,151.0,154.0,251.0,240.0,255.0,249.0,251.0,995.0,1006.0,991.0,997.0,995.0,0.8096774193548386,0.7843137254901961,0.8186195826645266,0.7904761904761904,0.8031999999999999,0.7991967871485943,0.8054443554843874,0.7969441093687174,0.8040322580645162,0.8008048289738431,0.7494692144373672,0.7197452229299363,0.7595744680851064,0.7191489361702128,0.7382978723404255,0.7341839447102605,0.7416267942583732,0.7316684378320936,0.7417640807651434,0.7369819341126461,0.7606060606060606,0.7164179104477612,0.7566765578635015,0.7455089820359282,0.7606060606060606,0.7447604790419161,0.7558226897069872,0.745673438675696,0.7484984984984985,0.7447604790419161,0.8655172413793103,0.8664259927797834,0.8916083916083916,0.8412162162162162,0.8508474576271187,0.8622183708838822,0.8620394173093402,0.8557858376511226,0.8684668989547039,0.865970409051349,0.7145265764907601,0.6883676355651493,0.7229781088476741,0.6763552345448898,0.6997094430992736,0.6965837383993001,0.7034286722401044,0.6944675044609204,0.7060318145999677,0.7003794746484575,"{'cls__hidden_layer_sizes': (100,), 'cls__learning_rate': 'adaptive', 'cls__learning_rate_init': 0.001, 'cls__max_iter': 1000, 'cls__n_iter_no_change': 5, 'cls__random_state': 42}",mlp,lof,simple,standard,none,0.8012573835971502
102.0,99.0,102.0,89.0,96.0,386.0,389.0,386.0,399.0,392.0,79.0,95.0,82.0,85.0,79.0,341.0,325.0,338.0,335.0,341.0,39.0,37.0,31.0,47.0,44.0,159.0,161.0,167.0,151.0,154.0,251.0,240.0,255.0,249.0,251.0,995.0,1006.0,991.0,997.0,995.0,0.8096774193548386,0.7843137254901961,0.8186195826645266,0.7904761904761904,0.8031999999999999,0.7991967871485943,0.8054443554843874,0.7969441093687174,0.8040322580645162,0.8008048289738431,0.7494692144373672,0.7197452229299363,0.7595744680851064,0.7191489361702128,0.7382978723404255,0.7341839447102605,0.7416267942583732,0.7316684378320936,0.7417640807651434,0.7369819341126461,0.7606060606060606,0.7164179104477612,0.7566765578635015,0.7455089820359282,0.7606060606060606,0.7447604790419161,0.7558226897069872,0.745673438675696,0.7484984984984985,0.7447604790419161,0.8655172413793103,0.8664259927797834,0.8916083916083916,0.8412162162162162,0.8508474576271187,0.8622183708838822,0.8620394173093402,0.8557858376511226,0.8684668989547039,0.865970409051349,0.7145265764907601,0.6883676355651493,0.7229781088476741,0.6763552345448898,0.6997094430992736,0.6965837383993001,0.7034286722401044,0.6944675044609204,0.7060318145999677,0.7003794746484575,"{'cls__hidden_layer_sizes': (100,), 'cls__learning_rate': 'adaptive', 'cls__learning_rate_init': 1e-05, 'cls__max_iter': 1000, 'cls__n_iter_no_change': 5, 'cls__random_state': 42, 'os__random_state': 42}",mlp,lof,simple,standard,smote,0.8012573835971502
102.0,99.0,102.0,89.0,96.0,386.0,389.0,386.0,399.0,392.0,79.0,95.0,82.0,85.0,79.0,341.0,325.0,338.0,335.0,341.0,39.0,37.0,31.0,47.0,44.0,159.0,161.0,167.0,151.0,154.0,251.0,240.0,255.0,249.0,251.0,995.0,1006.0,991.0,997.0,995.0,0.8096774193548386,0.7843137254901961,0.8186195826645266,0.7904761904761904,0.8031999999999999,0.7991967871485943,0.8054443554843874,0.7969441093687174,0.8040322580645162,0.8008048289738431,0.7494692144373672,0.7197452229299363,0.7595744680851064,0.7191489361702128,0.7382978723404255,0.7341839447102605,0.7416267942583732,0.7316684378320936,0.7417640807651434,0.7369819341126461,0.7606060606060606,0.7164179104477612,0.7566765578635015,0.7455089820359282,0.7606060606060606,0.7447604790419161,0.7558226897069872,0.745673438675696,0.7484984984984985,0.7447604790419161,0.8655172413793103,0.8664259927797834,0.8916083916083916,0.8412162162162162,0.8508474576271187,0.8622183708838822,0.8620394173093402,0.8557858376511226,0.8684668989547039,0.865970409051349,0.7145265764907601,0.6883676355651493,0.7229781088476741,0.6763552345448898,0.6997094430992736,0.6965837383993001,0.7034286722401044,0.6944675044609204,0.7060318145999677,0.7003794746484575,"{'cls__C': 0.1, 'cls__probability': True, 'cls__random_state': 42}",svc,lof,simple,none,none,0.8012573835971502
102.0,99.0,102.0,89.0,96.0,386.0,389.0,386.0,399.0,392.0,79.0,95.0,82.0,85.0,79.0,341.0,325.0,338.0,335.0,341.0,39.0,37.0,31.0,47.0,44.0,159.0,161.0,167.0,151.0,154.0,251.0,240.0,255.0,249.0,251.0,995.0,1006.0,991.0,997.0,995.0,0.8096774193548386,0.7843137254901961,0.8186195826645266,0.7904761904761904,0.8031999999999999,0.7991967871485943,0.8054443554843874,0.7969441093687174,0.8040322580645162,0.8008048289738431,0.7494692144373672,0.7197452229299363,0.7595744680851064,0.7191489361702128,0.7382978723404255,0.7341839447102605,0.7416267942583732,0.7316684378320936,0.7417640807651434,0.7369819341126461,0.7606060606060606,0.7164179104477612,0.7566765578635015,0.7455089820359282,0.7606060606060606,0.7447604790419161,0.7558226897069872,0.745673438675696,0.7484984984984985,0.7447604790419161,0.8655172413793103,0.8664259927797834,0.8916083916083916,0.8412162162162162,0.8508474576271187,0.8622183708838822,0.8620394173093402,0.8557858376511226,0.8684668989547039,0.865970409051349,0.7145265764907601,0.6883676355651493,0.7229781088476741,0.6763552345448898,0.6997094430992736,0.6965837383993001,0.7034286722401044,0.6944675044609204,0.7060318145999677,0.7003794746484575,"{'cls__C': 1, 'cls__probability': True, 'cls__random_state': 42}",svc,lof,simple,none,none,0.8012573835971502
102.0,99.0,102.0,89.0,96.0,386.0,389.0,386.0,399.0,392.0,79.0,95.0,82.0,85.0,79.0,341.0,325.0,338.0,335.0,341.0,39.0,37.0,31.0,47.0,44.0,159.0,161.0,167.0,151.0,154.0,251.0,240.0,255.0,249.0,251.0,995.0,1006.0,991.0,997.0,995.0,0.8096774193548386,0.7843137254901961,0.8186195826645266,0.7904761904761904,0.8031999999999999,0.7991967871485943,0.8054443554843874,0.7969441093687174,0.8040322580645162,0.8008048289738431,0.7494692144373672,0.7197452229299363,0.7595744680851064,0.7191489361702128,0.7382978723404255,0.7341839447102605,0.7416267942583732,0.7316684378320936,0.7417640807651434,0.7369819341126461,0.7606060606060606,0.7164179104477612,0.7566765578635015,0.7455089820359282,0.7606060606060606,0.7447604790419161,0.7558226897069872,0.745673438675696,0.7484984984984985,0.7447604790419161,0.8655172413793103,0.8664259927797834,0.8916083916083916,0.8412162162162162,0.8508474576271187,0.8622183708838822,0.8620394173093402,0.8557858376511226,0.8684668989547039,0.865970409051349,0.7145265764907601,0.6883676355651493,0.7229781088476741,0.6763552345448898,0.6997094430992736,0.6965837383993001,0.7034286722401044,0.6944675044609204,0.7060318145999677,0.7003794746484575,"{'cls__C': 10, 'cls__probability': True, 'cls__random_state': 42}",svc,lof,simple,none,none,0.8012573835971502
102.0,99.0,102.0,89.0,96.0,386.0,389.0,386.0,399.0,392.0,79.0,95.0,82.0,85.0,79.0,341.0,325.0,338.0,335.0,341.0,39.0,37.0,31.0,47.0,44.0,159.0,161.0,167.0,151.0,154.0,251.0,240.0,255.0,249.0,251.0,995.0,1006.0,991.0,997.0,995.0,0.8096774193548386,0.7843137254901961,0.8186195826645266,0.7904761904761904,0.8031999999999999,0.7991967871485943,0.8054443554843874,0.7969441093687174,0.8040322580645162,0.8008048289738431,0.7494692144373672,0.7197452229299363,0.7595744680851064,0.7191489361702128,0.7382978723404255,0.7341839447102605,0.7416267942583732,0.7316684378320936,0.7417640807651434,0.7369819341126461,0.7606060606060606,0.7164179104477612,0.7566765578635015,0.7455089820359282,0.7606060606060606,0.7447604790419161,0.7558226897069872,0.745673438675696,0.7484984984984985,0.7447604790419161,0.8655172413793103,0.8664259927797834,0.8916083916083916,0.8412162162162162,0.8508474576271187,0.8622183708838822,0.8620394173093402,0.8557858376511226,0.8684668989547039,0.865970409051349,0.7145265764907601,0.6883676355651493,0.7229781088476741,0.6763552345448898,0.6997094430992736,0.6965837383993001,0.7034286722401044,0.6944675044609204,0.7060318145999677,0.7003794746484575,"{'cls__criterion': 'gini', 'cls__max_depth': None, 'cls__max_features': 'log2', 'cls__random_state': 42}",rf,lof,simple,none,none,0.8012573835971502
102.0,99.0,102.0,89.0,96.0,386.0,389.0,386.0,399.0,392.0,79.0,95.0,82.0,85.0,79.0,341.0,325.0,338.0,335.0,341.0,39.0,37.0,31.0,47.0,44.0,159.0,161.0,167.0,151.0,154.0,251.0,240.0,255.0,249.0,251.0,995.0,1006.0,991.0,997.0,995.0,0.8096774193548386,0.7843137254901961,0.8186195826645266,0.7904761904761904,0.8031999999999999,0.7991967871485943,0.8054443554843874,0.7969441093687174,0.8040322580645162,0.8008048289738431,0.7494692144373672,0.7197452229299363,0.7595744680851064,0.7191489361702128,0.7382978723404255,0.7341839447102605,0.7416267942583732,0.7316684378320936,0.7417640807651434,0.7369819341126461,0.7606060606060606,0.7164179104477612,0.7566765578635015,0.7455089820359282,0.7606060606060606,0.7447604790419161,0.7558226897069872,0.745673438675696,0.7484984984984985,0.7447604790419161,0.8655172413793103,0.8664259927797834,0.8916083916083916,0.8412162162162162,0.8508474576271187,0.8622183708838822,0.8620394173093402,0.8557858376511226,0.8684668989547039,0.865970409051349,0.7145265764907601,0.6883676355651493,0.7229781088476741,0.6763552345448898,0.6997094430992736,0.6965837383993001,0.7034286722401044,0.6944675044609204,0.7060318145999677,0.7003794746484575,"{'cls__criterion': 'entropy', 'cls__max_depth': None, 'cls__max_features': 'log2', 'cls__random_state': 42}",rf,lof,simple,none,none,0.8012573835971502
102.0,99.0,102.0,89.0,96.0,386.0,389.0,386.0,399.0,392.0,79.0,95.0,82.0,85.0,79.0,341.0,325.0,338.0,335.0,341.0,39.0,37.0,31.0,47.0,44.0,159.0,161.0,167.0,151.0,154.0,251.0,240.0,255.0,249.0,251.0,995.0,1006.0,991.0,997.0,995.0,0.8096774193548386,0.7843137254901961,0.8186195826645266,0.7904761904761904,0.8031999999999999,0.7991967871485943,0.8054443554843874,0.7969441093687174,0.8040322580645162,0.8008048289738431,0.7494692144373672,0.7197452229299363,0.7595744680851064,0.7191489361702128,0.7382978723404255,0.7341839447102605,0.7416267942583732,0.7316684378320936,0.7417640807651434,0.7369819341126461,0.7606060606060606,0.7164179104477612,0.7566765578635015,0.7455089820359282,0.7606060606060606,0.7447604790419161,0.7558226897069872,0.745673438675696,0.7484984984984985,0.7447604790419161,0.8655172413793103,0.8664259927797834,0.8916083916083916,0.8412162162162162,0.8508474576271187,0.8622183708838822,0.8620394173093402,0.8557858376511226,0.8684668989547039,0.865970409051349,0.7145265764907601,0.6883676355651493,0.7229781088476741,0.6763552345448898,0.6997094430992736,0.6965837383993001,0.7034286722401044,0.6944675044609204,0.7060318145999677,0.7003794746484575,"{'cls__algorithm': 'SAMME', 'cls__learning_rate': 0.1, 'cls__n_estimators': 100, 'cls__random_state': 42}",ada,lof,simple,none,none,0.8012573835971502
102.0,99.0,102.0,89.0,96.0,386.0,389.0,386.0,399.0,392.0,79.0,95.0,82.0,85.0,79.0,341.0,325.0,338.0,335.0,341.0,39.0,37.0,31.0,47.0,44.0,159.0,161.0,167.0,151.0,154.0,251.0,240.0,255.0,249.0,251.0,995.0,1006.0,991.0,997.0,995.0,0.8096774193548386,0.7843137254901961,0.8186195826645266,0.7904761904761904,0.8031999999999999,0.7991967871485943,0.8054443554843874,0.7969441093687174,0.8040322580645162,0.8008048289738431,0.7494692144373672,0.7197452229299363,0.7595744680851064,0.7191489361702128,0.7382978723404255,0.7341839447102605,0.7416267942583732,0.7316684378320936,0.7417640807651434,0.7369819341126461,0.7606060606060606,0.7164179104477612,0.7566765578635015,0.7455089820359282,0.7606060606060606,0.7447604790419161,0.7558226897069872,0.745673438675696,0.7484984984984985,0.7447604790419161,0.8655172413793103,0.8664259927797834,0.8916083916083916,0.8412162162162162,0.8508474576271187,0.8622183708838822,0.8620394173093402,0.8557858376511226,0.8684668989547039,0.865970409051349,0.7145265764907601,0.6883676355651493,0.7229781088476741,0.6763552345448898,0.6997094430992736,0.6965837383993001,0.7034286722401044,0.6944675044609204,0.7060318145999677,0.7003794746484575,"{'cls__algorithm': 'SAMME', 'cls__learning_rate': 0.5, 'cls__n_estimators': 100, 'cls__random_state': 42}",ada,lof,simple,none,none,0.8012573835971502
102.0,99.0,102.0,89.0,96.0,386.0,389.0,386.0,399.0,392.0,79.0,95.0,82.0,85.0,79.0,341.0,325.0,338.0,335.0,341.0,39.0,37.0,31.0,47.0,44.0,159.0,161.0,167.0,151.0,154.0,251.0,240.0,255.0,249.0,251.0,995.0,1006.0,991.0,997.0,995.0,0.8096774193548386,0.7843137254901961,0.8186195826645266,0.7904761904761904,0.8031999999999999,0.7991967871485943,0.8054443554843874,0.7969441093687174,0.8040322580645162,0.8008048289738431,0.7494692144373672,0.7197452229299363,0.7595744680851064,0.7191489361702128,0.7382978723404255,0.7341839447102605,0.7416267942583732,0.7316684378320936,0.7417640807651434,0.7369819341126461,0.7606060606060606,0.7164179104477612,0.7566765578635015,0.7455089820359282,0.7606060606060606,0.7447604790419161,0.7558226897069872,0.745673438675696,0.7484984984984985,0.7447604790419161,0.8655172413793103,0.8664259927797834,0.8916083916083916,0.8412162162162162,0.8508474576271187,0.8622183708838822,0.8620394173093402,0.8557858376511226,0.8684668989547039,0.865970409051349,0.7145265764907601,0.6883676355651493,0.7229781088476741,0.6763552345448898,0.6997094430992736,0.6965837383993001,0.7034286722401044,0.6944675044609204,0.7060318145999677,0.7003794746484575,"{'cls__algorithm': 'SAMME', 'cls__learning_rate': 1.0, 'cls__n_estimators': 50, 'cls__random_state': 42}",ada,lof,simple,none,none,0.8012573835971502
102.0,99.0,102.0,89.0,96.0,386.0,389.0,386.0,399.0,392.0,79.0,95.0,82.0,85.0,79.0,341.0,325.0,338.0,335.0,341.0,39.0,37.0,31.0,47.0,44.0,159.0,161.0,167.0,151.0,154.0,251.0,240.0,255.0,249.0,251.0,995.0,1006.0,991.0,997.0,995.0,0.8096774193548386,0.7843137254901961,0.8186195826645266,0.7904761904761904,0.8031999999999999,0.7991967871485943,0.8054443554843874,0.7969441093687174,0.8040322580645162,0.8008048289738431,0.7494692144373672,0.7197452229299363,0.7595744680851064,0.7191489361702128,0.7382978723404255,0.7341839447102605,0.7416267942583732,0.7316684378320936,0.7417640807651434,0.7369819341126461,0.7606060606060606,0.7164179104477612,0.7566765578635015,0.7455089820359282,0.7606060606060606,0.7447604790419161,0.7558226897069872,0.745673438675696,0.7484984984984985,0.7447604790419161,0.8655172413793103,0.8664259927797834,0.8916083916083916,0.8412162162162162,0.8508474576271187,0.8622183708838822,0.8620394173093402,0.8557858376511226,0.8684668989547039,0.865970409051349,0.7145265764907601,0.6883676355651493,0.7229781088476741,0.6763552345448898,0.6997094430992736,0.6965837383993001,0.7034286722401044,0.6944675044609204,0.7060318145999677,0.7003794746484575,"{'cls__algorithm': 'SAMME', 'cls__learning_rate': 1.0, 'cls__n_estimators': 100, 'cls__random_state': 42}",ada,lof,simple,none,none,0.8012573835971502
102.0,99.0,102.0,89.0,96.0,386.0,389.0,386.0,399.0,392.0,79.0,95.0,82.0,85.0,79.0,341.0,325.0,338.0,335.0,341.0,39.0,37.0,31.0,47.0,44.0,159.0,161.0,167.0,151.0,154.0,251.0,240.0,255.0,249.0,251.0,995.0,1006.0,991.0,997.0,995.0,0.8096774193548386,0.7843137254901961,0.8186195826645266,0.7904761904761904,0.8031999999999999,0.7991967871485943,0.8054443554843874,0.7969441093687174,0.8040322580645162,0.8008048289738431,0.7494692144373672,0.7197452229299363,0.7595744680851064,0.7191489361702128,0.7382978723404255,0.7341839447102605,0.7416267942583732,0.7316684378320936,0.7417640807651434,0.7369819341126461,0.7606060606060606,0.7164179104477612,0.7566765578635015,0.7455089820359282,0.7606060606060606,0.7447604790419161,0.7558226897069872,0.745673438675696,0.7484984984984985,0.7447604790419161,0.8655172413793103,0.8664259927797834,0.8916083916083916,0.8412162162162162,0.8508474576271187,0.8622183708838822,0.8620394173093402,0.8557858376511226,0.8684668989547039,0.865970409051349,0.7145265764907601,0.6883676355651493,0.7229781088476741,0.6763552345448898,0.6997094430992736,0.6965837383993001,0.7034286722401044,0.6944675044609204,0.7060318145999677,0.7003794746484575,"{'cls__hidden_layer_sizes': (100,), 'cls__learning_rate': 'adaptive', 'cls__learning_rate_init': 1e-05, 'cls__max_iter': 1000, 'cls__n_iter_no_change': 5, 'cls__random_state': 42}",mlp,lof,simple,none,none,0.8012573835971502
102.0,99.0,102.0,89.0,96.0,386.0,389.0,386.0,399.0,392.0,79.0,95.0,82.0,85.0,79.0,341.0,325.0,338.0,335.0,341.0,39.0,37.0,31.0,47.0,44.0,159.0,161.0,167.0,151.0,154.0,251.0,240.0,255.0,249.0,251.0,995.0,1006.0,991.0,997.0,995.0,0.8096774193548386,0.7843137254901961,0.8186195826645266,0.7904761904761904,0.8031999999999999,0.7991967871485943,0.8054443554843874,0.7969441093687174,0.8040322580645162,0.8008048289738431,0.7494692144373672,0.7197452229299363,0.7595744680851064,0.7191489361702128,0.7382978723404255,0.7341839447102605,0.7416267942583732,0.7316684378320936,0.7417640807651434,0.7369819341126461,0.7606060606060606,0.7164179104477612,0.7566765578635015,0.7455089820359282,0.7606060606060606,0.7447604790419161,0.7558226897069872,0.745673438675696,0.7484984984984985,0.7447604790419161,0.8655172413793103,0.8664259927797834,0.8916083916083916,0.8412162162162162,0.8508474576271187,0.8622183708838822,0.8620394173093402,0.8557858376511226,0.8684668989547039,0.865970409051349,0.7145265764907601,0.6883676355651493,0.7229781088476741,0.6763552345448898,0.6997094430992736,0.6965837383993001,0.7034286722401044,0.6944675044609204,0.7060318145999677,0.7003794746484575,"{'cls__hidden_layer_sizes': (100,), 'cls__learning_rate': 'adaptive', 'cls__learning_rate_init': 0.0001, 'cls__max_iter': 1000, 'cls__n_iter_no_change': 5, 'cls__random_state': 42}",mlp,lof,simple,none,none,0.8012573835971502
102.0,99.0,102.0,89.0,96.0,386.0,389.0,386.0,399.0,392.0,79.0,95.0,82.0,85.0,79.0,341.0,325.0,338.0,335.0,341.0,39.0,37.0,31.0,47.0,44.0,159.0,161.0,167.0,151.0,154.0,251.0,240.0,255.0,249.0,251.0,995.0,1006.0,991.0,997.0,995.0,0.8096774193548386,0.7843137254901961,0.8186195826645266,0.7904761904761904,0.8031999999999999,0.7991967871485943,0.8054443554843874,0.7969441093687174,0.8040322580645162,0.8008048289738431,0.7494692144373672,0.7197452229299363,0.7595744680851064,0.7191489361702128,0.7382978723404255,0.7341839447102605,0.7416267942583732,0.7316684378320936,0.7417640807651434,0.7369819341126461,0.7606060606060606,0.7164179104477612,0.7566765578635015,0.7455089820359282,0.7606060606060606,0.7447604790419161,0.7558226897069872,0.745673438675696,0.7484984984984985,0.7447604790419161,0.8655172413793103,0.8664259927797834,0.8916083916083916,0.8412162162162162,0.8508474576271187,0.8622183708838822,0.8620394173093402,0.8557858376511226,0.8684668989547039,0.865970409051349,0.7145265764907601,0.6883676355651493,0.7229781088476741,0.6763552345448898,0.6997094430992736,0.6965837383993001,0.7034286722401044,0.6944675044609204,0.7060318145999677,0.7003794746484575,"{'cls__hidden_layer_sizes': (100,), 'cls__learning_rate': 'adaptive', 'cls__learning_rate_init': 0.001, 'cls__max_iter': 1000, 'cls__n_iter_no_change': 5, 'cls__random_state': 42}",mlp,lof,simple,none,none,0.8012573835971502
102.0,99.0,102.0,89.0,96.0,386.0,389.0,386.0,399.0,392.0,79.0,95.0,82.0,85.0,79.0,341.0,325.0,338.0,335.0,341.0,39.0,37.0,31.0,47.0,44.0,159.0,161.0,167.0,151.0,154.0,251.0,240.0,255.0,249.0,251.0,995.0,1006.0,991.0,997.0,995.0,0.8096774193548386,0.7843137254901961,0.8186195826645266,0.7904761904761904,0.8031999999999999,0.7991967871485943,0.8054443554843874,0.7969441093687174,0.8040322580645162,0.8008048289738431,0.7494692144373672,0.7197452229299363,0.7595744680851064,0.7191489361702128,0.7382978723404255,0.7341839447102605,0.7416267942583732,0.7316684378320936,0.7417640807651434,0.7369819341126461,0.7606060606060606,0.7164179104477612,0.7566765578635015,0.7455089820359282,0.7606060606060606,0.7447604790419161,0.7558226897069872,0.745673438675696,0.7484984984984985,0.7447604790419161,0.8655172413793103,0.8664259927797834,0.8916083916083916,0.8412162162162162,0.8508474576271187,0.8622183708838822,0.8620394173093402,0.8557858376511226,0.8684668989547039,0.865970409051349,0.7145265764907601,0.6883676355651493,0.7229781088476741,0.6763552345448898,0.6997094430992736,0.6965837383993001,0.7034286722401044,0.6944675044609204,0.7060318145999677,0.7003794746484575,"{'cls__C': 1, 'cls__probability': True, 'cls__random_state': 42}",svc,lof,simple,minmax,none,0.8012573835971502
102.0,99.0,102.0,89.0,96.0,386.0,389.0,386.0,399.0,392.0,79.0,95.0,82.0,85.0,79.0,341.0,325.0,338.0,335.0,341.0,39.0,37.0,31.0,47.0,44.0,159.0,161.0,167.0,151.0,154.0,251.0,240.0,255.0,249.0,251.0,995.0,1006.0,991.0,997.0,995.0,0.8096774193548386,0.7843137254901961,0.8186195826645266,0.7904761904761904,0.8031999999999999,0.7991967871485943,0.8054443554843874,0.7969441093687174,0.8040322580645162,0.8008048289738431,0.7494692144373672,0.7197452229299363,0.7595744680851064,0.7191489361702128,0.7382978723404255,0.7341839447102605,0.7416267942583732,0.7316684378320936,0.7417640807651434,0.7369819341126461,0.7606060606060606,0.7164179104477612,0.7566765578635015,0.7455089820359282,0.7606060606060606,0.7447604790419161,0.7558226897069872,0.745673438675696,0.7484984984984985,0.7447604790419161,0.8655172413793103,0.8664259927797834,0.8916083916083916,0.8412162162162162,0.8508474576271187,0.8622183708838822,0.8620394173093402,0.8557858376511226,0.8684668989547039,0.865970409051349,0.7145265764907601,0.6883676355651493,0.7229781088476741,0.6763552345448898,0.6997094430992736,0.6965837383993001,0.7034286722401044,0.6944675044609204,0.7060318145999677,0.7003794746484575,"{'cls__hidden_layer_sizes': (100,), 'cls__learning_rate': 'adaptive', 'cls__learning_rate_init': 0.0001, 'cls__max_iter': 1000, 'cls__n_iter_no_change': 5, 'cls__random_state': 42}",mlp,lof,simple,standard,none,0.8012573835971502
102.0,99.0,102.0,89.0,96.0,386.0,389.0,386.0,399.0,392.0,79.0,95.0,82.0,85.0,79.0,341.0,325.0,338.0,335.0,341.0,39.0,37.0,31.0,47.0,44.0,159.0,161.0,167.0,151.0,154.0,251.0,240.0,255.0,249.0,251.0,995.0,1006.0,991.0,997.0,995.0,0.8096774193548386,0.7843137254901961,0.8186195826645266,0.7904761904761904,0.8031999999999999,0.7991967871485943,0.8054443554843874,0.7969441093687174,0.8040322580645162,0.8008048289738431,0.7494692144373672,0.7197452229299363,0.7595744680851064,0.7191489361702128,0.7382978723404255,0.7341839447102605,0.7416267942583732,0.7316684378320936,0.7417640807651434,0.7369819341126461,0.7606060606060606,0.7164179104477612,0.7566765578635015,0.7455089820359282,0.7606060606060606,0.7447604790419161,0.7558226897069872,0.745673438675696,0.7484984984984985,0.7447604790419161,0.8655172413793103,0.8664259927797834,0.8916083916083916,0.8412162162162162,0.8508474576271187,0.8622183708838822,0.8620394173093402,0.8557858376511226,0.8684668989547039,0.865970409051349,0.7145265764907601,0.6883676355651493,0.7229781088476741,0.6763552345448898,0.6997094430992736,0.6965837383993001,0.7034286722401044,0.6944675044609204,0.7060318145999677,0.7003794746484575,"{'cls__algorithm': 'SAMME', 'cls__learning_rate': 0.5, 'cls__n_estimators': 50, 'cls__random_state': 42}",ada,lof,simple,none,none,0.8012573835971502
102.0,99.0,102.0,89.0,96.0,386.0,389.0,386.0,399.0,392.0,79.0,95.0,82.0,85.0,79.0,341.0,325.0,338.0,335.0,341.0,39.0,37.0,31.0,47.0,44.0,159.0,161.0,167.0,151.0,154.0,251.0,240.0,255.0,249.0,251.0,995.0,1006.0,991.0,997.0,995.0,0.8096774193548386,0.7843137254901961,0.8186195826645266,0.7904761904761904,0.8031999999999999,0.7991967871485943,0.8054443554843874,0.7969441093687174,0.8040322580645162,0.8008048289738431,0.7494692144373672,0.7197452229299363,0.7595744680851064,0.7191489361702128,0.7382978723404255,0.7341839447102605,0.7416267942583732,0.7316684378320936,0.7417640807651434,0.7369819341126461,0.7606060606060606,0.7164179104477612,0.7566765578635015,0.7455089820359282,0.7606060606060606,0.7447604790419161,0.7558226897069872,0.745673438675696,0.7484984984984985,0.7447604790419161,0.8655172413793103,0.8664259927797834,0.8916083916083916,0.8412162162162162,0.8508474576271187,0.8622183708838822,0.8620394173093402,0.8557858376511226,0.8684668989547039,0.865970409051349,0.7145265764907601,0.6883676355651493,0.7229781088476741,0.6763552345448898,0.6997094430992736,0.6965837383993001,0.7034286722401044,0.6944675044609204,0.7060318145999677,0.7003794746484575,"{'cls__hidden_layer_sizes': (100,), 'cls__learning_rate': 'adaptive', 'cls__learning_rate_init': 0.0001, 'cls__max_iter': 1000, 'cls__n_iter_no_change': 5, 'cls__random_state': 42}",mlp,lof,simple,minmax,none,0.8012573835971502
102.0,99.0,102.0,89.0,96.0,386.0,389.0,386.0,399.0,392.0,79.0,95.0,82.0,85.0,79.0,341.0,325.0,338.0,335.0,341.0,39.0,37.0,31.0,47.0,44.0,159.0,161.0,167.0,151.0,154.0,251.0,240.0,255.0,249.0,251.0,995.0,1006.0,991.0,997.0,995.0,0.8096774193548386,0.7843137254901961,0.8186195826645266,0.7904761904761904,0.8031999999999999,0.7991967871485943,0.8054443554843874,0.7969441093687174,0.8040322580645162,0.8008048289738431,0.7494692144373672,0.7197452229299363,0.7595744680851064,0.7191489361702128,0.7382978723404255,0.7341839447102605,0.7416267942583732,0.7316684378320936,0.7417640807651434,0.7369819341126461,0.7606060606060606,0.7164179104477612,0.7566765578635015,0.7455089820359282,0.7606060606060606,0.7447604790419161,0.7558226897069872,0.745673438675696,0.7484984984984985,0.7447604790419161,0.8655172413793103,0.8664259927797834,0.8916083916083916,0.8412162162162162,0.8508474576271187,0.8622183708838822,0.8620394173093402,0.8557858376511226,0.8684668989547039,0.865970409051349,0.7145265764907601,0.6883676355651493,0.7229781088476741,0.6763552345448898,0.6997094430992736,0.6965837383993001,0.7034286722401044,0.6944675044609204,0.7060318145999677,0.7003794746484575,"{'cls__C': 0.1, 'cls__probability': True, 'cls__random_state': 42}",svc,lof,simple,standard,none,0.8012573835971502
102.0,99.0,102.0,89.0,96.0,386.0,389.0,386.0,399.0,392.0,79.0,95.0,82.0,85.0,79.0,341.0,325.0,338.0,335.0,341.0,39.0,37.0,31.0,47.0,44.0,159.0,161.0,167.0,151.0,154.0,251.0,240.0,255.0,249.0,251.0,995.0,1006.0,991.0,997.0,995.0,0.8096774193548386,0.7843137254901961,0.8186195826645266,0.7904761904761904,0.8031999999999999,0.7991967871485943,0.8054443554843874,0.7969441093687174,0.8040322580645162,0.8008048289738431,0.7494692144373672,0.7197452229299363,0.7595744680851064,0.7191489361702128,0.7382978723404255,0.7341839447102605,0.7416267942583732,0.7316684378320936,0.7417640807651434,0.7369819341126461,0.7606060606060606,0.7164179104477612,0.7566765578635015,0.7455089820359282,0.7606060606060606,0.7447604790419161,0.7558226897069872,0.745673438675696,0.7484984984984985,0.7447604790419161,0.8655172413793103,0.8664259927797834,0.8916083916083916,0.8412162162162162,0.8508474576271187,0.8622183708838822,0.8620394173093402,0.8557858376511226,0.8684668989547039,0.865970409051349,0.7145265764907601,0.6883676355651493,0.7229781088476741,0.6763552345448898,0.6997094430992736,0.6965837383993001,0.7034286722401044,0.6944675044609204,0.7060318145999677,0.7003794746484575,"{'cls__C': 10, 'cls__probability': True, 'cls__random_state': 42}",svc,lof,simple,minmax,none,0.8012573835971502
102.0,99.0,102.0,89.0,96.0,386.0,389.0,386.0,399.0,392.0,79.0,95.0,82.0,85.0,79.0,341.0,325.0,338.0,335.0,341.0,39.0,37.0,31.0,47.0,44.0,159.0,161.0,167.0,151.0,154.0,251.0,240.0,255.0,249.0,251.0,995.0,1006.0,991.0,997.0,995.0,0.8096774193548386,0.7843137254901961,0.8186195826645266,0.7904761904761904,0.8031999999999999,0.7991967871485943,0.8054443554843874,0.7969441093687174,0.8040322580645162,0.8008048289738431,0.7494692144373672,0.7197452229299363,0.7595744680851064,0.7191489361702128,0.7382978723404255,0.7341839447102605,0.7416267942583732,0.7316684378320936,0.7417640807651434,0.7369819341126461,0.7606060606060606,0.7164179104477612,0.7566765578635015,0.7455089820359282,0.7606060606060606,0.7447604790419161,0.7558226897069872,0.745673438675696,0.7484984984984985,0.7447604790419161,0.8655172413793103,0.8664259927797834,0.8916083916083916,0.8412162162162162,0.8508474576271187,0.8622183708838822,0.8620394173093402,0.8557858376511226,0.8684668989547039,0.865970409051349,0.7145265764907601,0.6883676355651493,0.7229781088476741,0.6763552345448898,0.6997094430992736,0.6965837383993001,0.7034286722401044,0.6944675044609204,0.7060318145999677,0.7003794746484575,"{'cls__hidden_layer_sizes': (100,), 'cls__learning_rate': 'adaptive', 'cls__learning_rate_init': 1e-05, 'cls__max_iter': 1000, 'cls__n_iter_no_change': 5, 'cls__random_state': 42}",mlp,lof,simple,minmax,none,0.8012573835971502
102.0,99.0,102.0,89.0,96.0,386.0,389.0,386.0,399.0,392.0,79.0,95.0,82.0,85.0,79.0,341.0,325.0,338.0,335.0,341.0,39.0,37.0,31.0,47.0,44.0,159.0,161.0,167.0,151.0,154.0,251.0,240.0,255.0,249.0,251.0,995.0,1006.0,991.0,997.0,995.0,0.8096774193548386,0.7843137254901961,0.8186195826645266,0.7904761904761904,0.8031999999999999,0.7991967871485943,0.8054443554843874,0.7969441093687174,0.8040322580645162,0.8008048289738431,0.7494692144373672,0.7197452229299363,0.7595744680851064,0.7191489361702128,0.7382978723404255,0.7341839447102605,0.7416267942583732,0.7316684378320936,0.7417640807651434,0.7369819341126461,0.7606060606060606,0.7164179104477612,0.7566765578635015,0.7455089820359282,0.7606060606060606,0.7447604790419161,0.7558226897069872,0.745673438675696,0.7484984984984985,0.7447604790419161,0.8655172413793103,0.8664259927797834,0.8916083916083916,0.8412162162162162,0.8508474576271187,0.8622183708838822,0.8620394173093402,0.8557858376511226,0.8684668989547039,0.865970409051349,0.7145265764907601,0.6883676355651493,0.7229781088476741,0.6763552345448898,0.6997094430992736,0.6965837383993001,0.7034286722401044,0.6944675044609204,0.7060318145999677,0.7003794746484575,"{'cls__C': 10, 'cls__probability': True, 'cls__random_state': 42}",svc,lof,simple,standard,none,0.8012573835971502
102.0,99.0,102.0,89.0,96.0,386.0,389.0,386.0,399.0,392.0,79.0,95.0,82.0,85.0,79.0,341.0,325.0,338.0,335.0,341.0,39.0,37.0,31.0,47.0,44.0,159.0,161.0,167.0,151.0,154.0,251.0,240.0,255.0,249.0,251.0,995.0,1006.0,991.0,997.0,995.0,0.8096774193548386,0.7843137254901961,0.8186195826645266,0.7904761904761904,0.8031999999999999,0.7991967871485943,0.8054443554843874,0.7969441093687174,0.8040322580645162,0.8008048289738431,0.7494692144373672,0.7197452229299363,0.7595744680851064,0.7191489361702128,0.7382978723404255,0.7341839447102605,0.7416267942583732,0.7316684378320936,0.7417640807651434,0.7369819341126461,0.7606060606060606,0.7164179104477612,0.7566765578635015,0.7455089820359282,0.7606060606060606,0.7447604790419161,0.7558226897069872,0.745673438675696,0.7484984984984985,0.7447604790419161,0.8655172413793103,0.8664259927797834,0.8916083916083916,0.8412162162162162,0.8508474576271187,0.8622183708838822,0.8620394173093402,0.8557858376511226,0.8684668989547039,0.865970409051349,0.7145265764907601,0.6883676355651493,0.7229781088476741,0.6763552345448898,0.6997094430992736,0.6965837383993001,0.7034286722401044,0.6944675044609204,0.7060318145999677,0.7003794746484575,"{'cls__C': 1, 'cls__probability': True, 'cls__random_state': 42}",svc,lof,simple,standard,none,0.8012573835971502
102.0,99.0,102.0,89.0,96.0,386.0,389.0,386.0,399.0,392.0,79.0,95.0,82.0,85.0,79.0,341.0,325.0,338.0,335.0,341.0,39.0,37.0,31.0,47.0,44.0,159.0,161.0,167.0,151.0,154.0,251.0,240.0,255.0,249.0,251.0,995.0,1006.0,991.0,997.0,995.0,0.8096774193548386,0.7843137254901961,0.8186195826645266,0.7904761904761904,0.8031999999999999,0.7991967871485943,0.8054443554843874,0.7969441093687174,0.8040322580645162,0.8008048289738431,0.7494692144373672,0.7197452229299363,0.7595744680851064,0.7191489361702128,0.7382978723404255,0.7341839447102605,0.7416267942583732,0.7316684378320936,0.7417640807651434,0.7369819341126461,0.7606060606060606,0.7164179104477612,0.7566765578635015,0.7455089820359282,0.7606060606060606,0.7447604790419161,0.7558226897069872,0.745673438675696,0.7484984984984985,0.7447604790419161,0.8655172413793103,0.8664259927797834,0.8916083916083916,0.8412162162162162,0.8508474576271187,0.8622183708838822,0.8620394173093402,0.8557858376511226,0.8684668989547039,0.865970409051349,0.7145265764907601,0.6883676355651493,0.7229781088476741,0.6763552345448898,0.6997094430992736,0.6965837383993001,0.7034286722401044,0.6944675044609204,0.7060318145999677,0.7003794746484575,"{'cls__hidden_layer_sizes': (100,), 'cls__learning_rate': 'adaptive', 'cls__learning_rate_init': 0.001, 'cls__max_iter': 1000, 'cls__n_iter_no_change': 5, 'cls__random_state': 42}",mlp,lof,simple,minmax,none,0.8012573835971502
111.0,110.0,101.0,88.0,90.0,389.0,390.0,399.0,412.0,410.0,71.0,86.0,86.0,83.0,96.0,351.0,336.0,336.0,339.0,326.0,43.0,33.0,50.0,42.0,32.0,157.0,167.0,150.0,158.0,168.0,251.0,246.0,238.0,262.0,257.0,1003.0,1008.0,1016.0,992.0,997.0,0.8149350649350648,0.8052373158756138,0.7777777777777778,0.8073959938366718,0.8006230529595015,0.797931583134447,0.8003175863437874,0.8069896743447179,0.7996775493752518,0.8014469453376204,0.7605042016806722,0.7494736842105263,0.7136842105263158,0.7368421052631579,0.7305263157894737,0.7326315789473684,0.7354024197790636,0.7443450815360336,0.7385586533403472,0.740136770120989,0.7795031055900621,0.7409638554216867,0.7345679012345679,0.7594202898550725,0.7280453257790368,0.7407680945347119,0.75,0.7514792899408284,0.7453042824943651,0.7535903250188964,0.8537414965986394,0.8817204301075269,0.8263888888888888,0.8618421052631579,0.889273356401384,0.8646551724137931,0.857872340425532,0.8713550600343053,0.8626086956521739,0.855793991416309,0.7318158032443747,0.7214724599517227,0.6832479203802733,0.6882309941520468,0.6865721620716598,0.6951654240447345,0.69753121153508,0.7071061014457242,0.7056052799166329,0.7064296044038066,"{'cls__C': 10, 'cls__probability': True, 'cls__random_state': 42}",svc,none,simple,none,none,0.8011938410769259
111.0,110.0,101.0,88.0,90.0,389.0,390.0,399.0,412.0,410.0,71.0,86.0,86.0,83.0,96.0,351.0,336.0,336.0,339.0,326.0,43.0,33.0,50.0,42.0,32.0,157.0,167.0,150.0,158.0,168.0,251.0,246.0,238.0,262.0,257.0,1003.0,1008.0,1016.0,992.0,997.0,0.8149350649350648,0.8052373158756138,0.7777777777777778,0.8073959938366718,0.8006230529595015,0.797931583134447,0.8003175863437874,0.8069896743447179,0.7996775493752518,0.8014469453376204,0.7605042016806722,0.7494736842105263,0.7136842105263158,0.7368421052631579,0.7305263157894737,0.7326315789473684,0.7354024197790636,0.7443450815360336,0.7385586533403472,0.740136770120989,0.7795031055900621,0.7409638554216867,0.7345679012345679,0.7594202898550725,0.7280453257790368,0.7407680945347119,0.75,0.7514792899408284,0.7453042824943651,0.7535903250188964,0.8537414965986394,0.8817204301075269,0.8263888888888888,0.8618421052631579,0.889273356401384,0.8646551724137931,0.857872340425532,0.8713550600343053,0.8626086956521739,0.855793991416309,0.7318158032443747,0.7214724599517227,0.6832479203802733,0.6882309941520468,0.6865721620716598,0.6951654240447345,0.69753121153508,0.7071061014457242,0.7056052799166329,0.7064296044038066,"{'cls__C': 1, 'cls__probability': True, 'cls__random_state': 42}",svc,none,simple,none,none,0.8011938410769259
110.0,110.0,101.0,87.0,89.0,387.0,387.0,399.0,410.0,408.0,72.0,86.0,86.0,84.0,97.0,353.0,339.0,336.0,341.0,328.0,43.0,33.0,50.0,41.0,31.0,155.0,165.0,150.0,157.0,167.0,251.0,246.0,238.0,263.0,258.0,1005.0,1010.0,1016.0,993.0,998.0,0.8136142625607778,0.8052373158756138,0.7777777777777778,0.8079877112135176,0.8012422360248448,0.7982525814138205,0.8003169572107767,0.8069896743447179,0.7995169082125604,0.8012846246487355,0.7584033613445378,0.7494736842105263,0.7136842105263158,0.7368421052631579,0.7305263157894737,0.7326315789473684,0.7348763808521831,0.7443450815360336,0.7380326144134666,0.7396107311941084,0.7770897832817337,0.7409638554216867,0.7345679012345679,0.7579250720461095,0.7267605633802817,0.740058910162003,0.748702742772424,0.7514792899408284,0.7443778110944528,0.7526395173453997,0.8537414965986394,0.8817204301075269,0.8263888888888888,0.8651315789473685,0.8927335640138409,0.8663793103448276,0.8595744680851064,0.8713550600343053,0.8634782608695653,0.8566523605150215,0.7290685504971219,0.7214724599517227,0.6832479203802733,0.6869517543859649,0.6856140938348774,0.6946761416589003,0.6963161596623879,0.7071061014457242,0.704708504602559,0.705500093300989,"{'cls__C': 1, 'cls__probability': True, 'cls__random_state': 42}",svc,none,simple,standard,none,0.8011718606905063
110.0,110.0,101.0,87.0,89.0,387.0,387.0,396.0,410.0,408.0,72.0,86.0,86.0,84.0,97.0,353.0,339.0,339.0,341.0,328.0,43.0,33.0,50.0,41.0,31.0,155.0,165.0,148.0,157.0,167.0,251.0,246.0,238.0,263.0,258.0,1005.0,1010.0,1018.0,993.0,998.0,0.8136142625607778,0.8052373158756138,0.7777777777777778,0.8079877112135176,0.8012422360248448,0.7982525814138205,0.8003169572107767,0.8069758224336109,0.7995169082125604,0.8012846246487355,0.7584033613445378,0.7494736842105263,0.7136842105263158,0.7368421052631579,0.7305263157894737,0.7326315789473684,0.7348763808521831,0.7438190426091531,0.7380326144134666,0.7396107311941084,0.7770897832817337,0.7409638554216867,0.7345679012345679,0.7579250720461095,0.7267605633802817,0.740058910162003,0.748702742772424,0.7501842299189388,0.7443778110944528,0.7526395173453997,0.8537414965986394,0.8817204301075269,0.8263888888888888,0.8651315789473685,0.8927335640138409,0.8663793103448276,0.8595744680851064,0.8730703259005146,0.8634782608695653,0.8566523605150215,0.7290685504971219,0.7214724599517227,0.6832479203802733,0.6869517543859649,0.6856140938348774,0.6946761416589003,0.6963161596623879,0.7059229180522981,0.704708504602559,0.705500093300989,"{'cls__C': 1, 'cls__probability': True, 'cls__random_state': 42}",svc,none,simple,minmax,none,0.8011718606905063
110.0,110.0,101.0,87.0,89.0,385.0,387.0,396.0,410.0,408.0,72.0,86.0,86.0,84.0,97.0,355.0,339.0,339.0,341.0,328.0,43.0,33.0,50.0,41.0,31.0,155.0,167.0,148.0,157.0,167.0,251.0,246.0,238.0,263.0,258.0,1005.0,1008.0,1018.0,993.0,998.0,0.8136142625607778,0.8052373158756138,0.7777777777777778,0.8079877112135176,0.8012422360248448,0.7976190476190477,0.7993655828707376,0.8069758224336109,0.7995169082125604,0.8012846246487355,0.7584033613445378,0.7494736842105263,0.7136842105263158,0.7368421052631579,0.7305263157894737,0.7315789473684211,0.7338243029984218,0.7438190426091531,0.7380326144134666,0.7396107311941084,0.7770897832817337,0.7409638554216867,0.7345679012345679,0.7579250720461095,0.7267605633802817,0.7389705882352942,0.7483296213808464,0.7501842299189388,0.7443778110944528,0.7526395173453997,0.8537414965986394,0.8817204301075269,0.8263888888888888,0.8651315789473685,0.8927335640138409,0.8663793103448276,0.857872340425532,0.8730703259005146,0.8634782608695653,0.8566523605150215,0.7290685504971219,0.7214724599517227,0.6832479203802733,0.6869517543859649,0.6856140938348774,0.693324790307549,0.6954650958326007,0.7059229180522981,0.704708504602559,0.705500093300989,"{'cls__algorithm': 'SAMME', 'cls__learning_rate': 0.1, 'cls__n_estimators': 100, 'cls__random_state': 42}",ada,none,simple,none,none,0.8011718606905063
110.0,110.0,101.0,88.0,90.0,387.0,390.0,399.0,412.0,410.0,72.0,86.0,86.0,83.0,96.0,353.0,336.0,336.0,339.0,326.0,43.0,33.0,50.0,42.0,32.0,155.0,167.0,150.0,158.0,168.0,251.0,246.0,238.0,262.0,257.0,1005.0,1008.0,1016.0,992.0,997.0,0.8136142625607778,0.8052373158756138,0.7777777777777778,0.8073959938366718,0.8006230529595015,0.7982525814138205,0.8003175863437874,0.8069896743447179,0.7996775493752518,0.8014469453376204,0.7584033613445378,0.7494736842105263,0.7136842105263158,0.7368421052631579,0.7305263157894737,0.7326315789473684,0.7354024197790636,0.7443450815360336,0.7385586533403472,0.740136770120989,0.7770897832817337,0.7409638554216867,0.7345679012345679,0.7594202898550725,0.7280453257790368,0.740058910162003,0.75,0.7514792899408284,0.7453042824943651,0.7535903250188964,0.8537414965986394,0.8817204301075269,0.8263888888888888,0.8618421052631579,0.889273356401384,0.8663793103448276,0.857872340425532,0.8713550600343053,0.8626086956521739,0.855793991416309,0.7290685504971219,0.7214724599517227,0.6832479203802733,0.6882309941520468,0.6865721620716598,0.6946761416589003,0.69753121153508,0.7071061014457242,0.7056052799166329,0.7064296044038066,"{'cls__C': 10, 'cls__probability': True, 'cls__random_state': 42}",svc,none,simple,standard,none,0.8009296806020686
110.0,110.0,101.0,88.0,90.0,387.0,390.0,399.0,412.0,410.0,72.0,86.0,86.0,83.0,96.0,353.0,336.0,336.0,339.0,326.0,43.0,33.0,50.0,42.0,32.0,155.0,167.0,150.0,158.0,168.0,251.0,246.0,238.0,262.0,257.0,1005.0,1008.0,1016.0,992.0,997.0,0.8136142625607778,0.8052373158756138,0.7777777777777778,0.8073959938366718,0.8006230529595015,0.7982525814138205,0.8003175863437874,0.8069896743447179,0.7996775493752518,0.8014469453376204,0.7584033613445378,0.7494736842105263,0.7136842105263158,0.7368421052631579,0.7305263157894737,0.7326315789473684,0.7354024197790636,0.7443450815360336,0.7385586533403472,0.740136770120989,0.7770897832817337,0.7409638554216867,0.7345679012345679,0.7594202898550725,0.7280453257790368,0.740058910162003,0.75,0.7514792899408284,0.7453042824943651,0.7535903250188964,0.8537414965986394,0.8817204301075269,0.8263888888888888,0.8618421052631579,0.889273356401384,0.8663793103448276,0.857872340425532,0.8713550600343053,0.8626086956521739,0.855793991416309,0.7290685504971219,0.7214724599517227,0.6832479203802733,0.6882309941520468,0.6865721620716598,0.6946761416589003,0.69753121153508,0.7071061014457242,0.7056052799166329,0.7064296044038066,"{'cls__C': 10, 'cls__probability': True, 'cls__random_state': 42}",svc,none,simple,minmax,none,0.8009296806020686
111.0,110.0,101.0,87.0,90.0,389.0,390.0,399.0,410.0,410.0,71.0,86.0,86.0,84.0,96.0,351.0,336.0,336.0,341.0,326.0,45.0,33.0,50.0,41.0,32.0,157.0,167.0,150.0,157.0,168.0,249.0,246.0,238.0,263.0,257.0,1003.0,1008.0,1016.0,993.0,997.0,0.8110749185667754,0.8052373158756138,0.7777777777777778,0.8079877112135176,0.8006230529595015,0.797931583134447,0.8003175863437874,0.8069896743447179,0.7995169082125604,0.8014469453376204,0.7563025210084033,0.7494736842105263,0.7136842105263158,0.7368421052631579,0.7305263157894737,0.7326315789473684,0.7354024197790636,0.7443450815360336,0.7380326144134666,0.740136770120989,0.778125,0.7409638554216867,0.7345679012345679,0.7579250720461095,0.7280453257790368,0.7407680945347119,0.75,0.7514792899408284,0.7443778110944528,0.7535903250188964,0.8469387755102041,0.8817204301075269,0.8263888888888888,0.8651315789473685,0.889273356401384,0.8646551724137931,0.857872340425532,0.8713550600343053,0.8634782608695653,0.855793991416309,0.7284144427001571,0.7214724599517227,0.6832479203802733,0.6869517543859649,0.6865721620716598,0.6951654240447345,0.69753121153508,0.7071061014457242,0.704708504602559,0.7064296044038066,"{'cls__criterion': 'gini', 'cls__max_depth': 4, 'cls__max_features': 'log2', 'cls__random_state': 42}",rf,none,simple,none,none,0.8005401552786372
111.0,110.0,101.0,88.0,90.0,389.0,390.0,399.0,412.0,410.0,71.0,86.0,86.0,83.0,96.0,351.0,336.0,336.0,339.0,326.0,45.0,33.0,50.0,42.0,32.0,157.0,169.0,150.0,158.0,168.0,249.0,246.0,238.0,262.0,257.0,1003.0,1006.0,1016.0,992.0,997.0,0.8110749185667754,0.8052373158756138,0.7777777777777778,0.8073959938366718,0.8006230529595015,0.797931583134447,0.7993643226062773,0.8069896743447179,0.7996775493752518,0.8014469453376204,0.7563025210084033,0.7494736842105263,0.7136842105263158,0.7368421052631579,0.7305263157894737,0.7326315789473684,0.7343503419253025,0.7443450815360336,0.7385586533403472,0.740136770120989,0.778125,0.7409638554216867,0.7345679012345679,0.7594202898550725,0.7280453257790368,0.7407680945347119,0.7496274217585693,0.7514792899408284,0.7453042824943651,0.7535903250188964,0.8469387755102041,0.8817204301075269,0.8263888888888888,0.8618421052631579,0.889273356401384,0.8646551724137931,0.8561702127659574,0.8713550600343053,0.8626086956521739,0.855793991416309,0.7284144427001571,0.7214724599517227,0.6832479203802733,0.6882309941520468,0.6865721620716598,0.6951654240447345,0.6966801477052927,0.7071061014457242,0.7056052799166329,0.7064296044038066,"{'cls__criterion': 'entropy', 'cls__max_depth': 4, 'cls__max_features': 'log2', 'cls__random_state': 42}",rf,none,simple,none,none,0.800421811803268
110.0,110.0,101.0,87.0,89.0,387.0,387.0,396.0,410.0,408.0,72.0,86.0,86.0,84.0,97.0,353.0,339.0,339.0,341.0,328.0,45.0,33.0,50.0,41.0,31.0,155.0,167.0,150.0,159.0,169.0,249.0,246.0,238.0,263.0,258.0,1005.0,1008.0,1016.0,991.0,996.0,0.8097560975609756,0.8052373158756138,0.7777777777777778,0.8079877112135176,0.8012422360248448,0.7982525814138205,0.7993655828707376,0.806029353431178,0.7985495568090251,0.8003214142225794,0.7542016806722689,0.7494736842105263,0.7136842105263158,0.7368421052631579,0.7305263157894737,0.7326315789473684,0.7338243029984218,0.742766964755392,0.7369805365597054,0.7385586533403472,0.7757009345794392,0.7409638554216867,0.7345679012345679,0.7579250720461095,0.7267605633802817,0.740058910162003,0.7483296213808464,0.7498154981549815,0.743993993993994,0.7522658610271903,0.8469387755102041,0.8817204301075269,0.8263888888888888,0.8651315789473685,0.8927335640138409,0.8663793103448276,0.857872340425532,0.8713550600343053,0.8617391304347826,0.8549356223175966,0.7256671899529044,0.7214724599517227,0.6832479203802733,0.6869517543859649,0.6856140938348774,0.6946761416589003,0.6954650958326007,0.7050652851191935,0.7038389393851676,0.7046417242022767,"{'cls__hidden_layer_sizes': (100,), 'cls__learning_rate': 'adaptive', 'cls__learning_rate_init': 0.001, 'cls__max_iter': 1000, 'cls__n_iter_no_change': 5, 'cls__random_state': 42}",mlp,none,simple,minmax,none,0.800400227690546
110.0,110.0,101.0,87.0,89.0,387.0,387.0,396.0,410.0,408.0,72.0,86.0,86.0,84.0,97.0,353.0,339.0,339.0,341.0,328.0,45.0,33.0,50.0,41.0,31.0,155.0,167.0,148.0,157.0,169.0,249.0,246.0,238.0,263.0,258.0,1005.0,1008.0,1018.0,993.0,996.0,0.8097560975609756,0.8052373158756138,0.7777777777777778,0.8079877112135176,0.8012422360248448,0.7982525814138205,0.7993655828707376,0.8069758224336109,0.7995169082125604,0.8003214142225794,0.7542016806722689,0.7494736842105263,0.7136842105263158,0.7368421052631579,0.7305263157894737,0.7326315789473684,0.7338243029984218,0.7438190426091531,0.7380326144134666,0.7385586533403472,0.7757009345794392,0.7409638554216867,0.7345679012345679,0.7579250720461095,0.7267605633802817,0.740058910162003,0.7483296213808464,0.7501842299189388,0.7443778110944528,0.7522658610271903,0.8469387755102041,0.8817204301075269,0.8263888888888888,0.8651315789473685,0.8927335640138409,0.8663793103448276,0.857872340425532,0.8730703259005146,0.8634782608695653,0.8549356223175966,0.7256671899529044,0.7214724599517227,0.6832479203802733,0.6869517543859649,0.6856140938348774,0.6946761416589003,0.6954650958326007,0.7059229180522981,0.704708504602559,0.7046417242022767,"{'cls__C': 0.1, 'cls__probability': True, 'cls__random_state': 42}",svc,none,simple,standard,none,0.800400227690546
110.0,110.0,101.0,87.0,89.0,387.0,387.0,396.0,410.0,408.0,72.0,86.0,86.0,84.0,97.0,353.0,339.0,339.0,341.0,328.0,45.0,33.0,50.0,41.0,31.0,155.0,167.0,150.0,159.0,169.0,249.0,246.0,238.0,263.0,258.0,1005.0,1008.0,1016.0,991.0,996.0,0.8097560975609756,0.8052373158756138,0.7777777777777778,0.8079877112135176,0.8012422360248448,0.7982525814138205,0.7993655828707376,0.806029353431178,0.7985495568090251,0.8003214142225794,0.7542016806722689,0.7494736842105263,0.7136842105263158,0.7368421052631579,0.7305263157894737,0.7326315789473684,0.7338243029984218,0.742766964755392,0.7369805365597054,0.7385586533403472,0.7757009345794392,0.7409638554216867,0.7345679012345679,0.7579250720461095,0.7267605633802817,0.740058910162003,0.7483296213808464,0.7498154981549815,0.743993993993994,0.7522658610271903,0.8469387755102041,0.8817204301075269,0.8263888888888888,0.8651315789473685,0.8927335640138409,0.8663793103448276,0.857872340425532,0.8713550600343053,0.8617391304347826,0.8549356223175966,0.7256671899529044,0.7214724599517227,0.6832479203802733,0.6869517543859649,0.6856140938348774,0.6946761416589003,0.6954650958326007,0.7050652851191935,0.7038389393851676,0.7046417242022767,"{'cls__hidden_layer_sizes': (100,), 'cls__learning_rate': 'adaptive', 'cls__learning_rate_init': 0.001, 'cls__max_iter': 1000, 'cls__n_iter_no_change': 5, 'cls__random_state': 42}",mlp,none,simple,none,none,0.800400227690546
110.0,110.0,101.0,87.0,89.0,387.0,387.0,396.0,410.0,408.0,72.0,86.0,86.0,84.0,97.0,353.0,339.0,339.0,341.0,328.0,45.0,33.0,50.0,41.0,31.0,155.0,167.0,150.0,159.0,169.0,249.0,246.0,238.0,263.0,258.0,1005.0,1008.0,1016.0,991.0,996.0,0.8097560975609756,0.8052373158756138,0.7777777777777778,0.8079877112135176,0.8012422360248448,0.7982525814138205,0.7993655828707376,0.806029353431178,0.7985495568090251,0.8003214142225794,0.7542016806722689,0.7494736842105263,0.7136842105263158,0.7368421052631579,0.7305263157894737,0.7326315789473684,0.7338243029984218,0.742766964755392,0.7369805365597054,0.7385586533403472,0.7757009345794392,0.7409638554216867,0.7345679012345679,0.7579250720461095,0.7267605633802817,0.740058910162003,0.7483296213808464,0.7498154981549815,0.743993993993994,0.7522658610271903,0.8469387755102041,0.8817204301075269,0.8263888888888888,0.8651315789473685,0.8927335640138409,0.8663793103448276,0.857872340425532,0.8713550600343053,0.8617391304347826,0.8549356223175966,0.7256671899529044,0.7214724599517227,0.6832479203802733,0.6869517543859649,0.6856140938348774,0.6946761416589003,0.6954650958326007,0.7050652851191935,0.7038389393851676,0.7046417242022767,"{'cls__hidden_layer_sizes': (100,), 'cls__learning_rate': 'adaptive', 'cls__learning_rate_init': 0.0001, 'cls__max_iter': 1000, 'cls__n_iter_no_change': 5, 'cls__random_state': 42}",mlp,none,simple,none,none,0.800400227690546
110.0,110.0,101.0,87.0,89.0,387.0,387.0,396.0,410.0,408.0,72.0,86.0,86.0,84.0,97.0,353.0,339.0,339.0,341.0,328.0,45.0,33.0,50.0,41.0,31.0,155.0,167.0,150.0,159.0,169.0,249.0,246.0,238.0,263.0,258.0,1005.0,1008.0,1016.0,991.0,996.0,0.8097560975609756,0.8052373158756138,0.7777777777777778,0.8079877112135176,0.8012422360248448,0.7982525814138205,0.7993655828707376,0.806029353431178,0.7985495568090251,0.8003214142225794,0.7542016806722689,0.7494736842105263,0.7136842105263158,0.7368421052631579,0.7305263157894737,0.7326315789473684,0.7338243029984218,0.742766964755392,0.7369805365597054,0.7385586533403472,0.7757009345794392,0.7409638554216867,0.7345679012345679,0.7579250720461095,0.7267605633802817,0.740058910162003,0.7483296213808464,0.7498154981549815,0.743993993993994,0.7522658610271903,0.8469387755102041,0.8817204301075269,0.8263888888888888,0.8651315789473685,0.8927335640138409,0.8663793103448276,0.857872340425532,0.8713550600343053,0.8617391304347826,0.8549356223175966,0.7256671899529044,0.7214724599517227,0.6832479203802733,0.6869517543859649,0.6856140938348774,0.6946761416589003,0.6954650958326007,0.7050652851191935,0.7038389393851676,0.7046417242022767,"{'cls__hidden_layer_sizes': (100,), 'cls__learning_rate': 'adaptive', 'cls__learning_rate_init': 1e-05, 'cls__max_iter': 1000, 'cls__n_iter_no_change': 5, 'cls__random_state': 42}",mlp,none,simple,none,none,0.800400227690546
110.0,110.0,101.0,87.0,89.0,387.0,387.0,396.0,410.0,408.0,72.0,86.0,86.0,84.0,97.0,353.0,339.0,339.0,341.0,328.0,45.0,33.0,50.0,41.0,31.0,155.0,167.0,150.0,159.0,169.0,249.0,246.0,238.0,263.0,258.0,1005.0,1008.0,1016.0,991.0,996.0,0.8097560975609756,0.8052373158756138,0.7777777777777778,0.8079877112135176,0.8012422360248448,0.7982525814138205,0.7993655828707376,0.806029353431178,0.7985495568090251,0.8003214142225794,0.7542016806722689,0.7494736842105263,0.7136842105263158,0.7368421052631579,0.7305263157894737,0.7326315789473684,0.7338243029984218,0.742766964755392,0.7369805365597054,0.7385586533403472,0.7757009345794392,0.7409638554216867,0.7345679012345679,0.7579250720461095,0.7267605633802817,0.740058910162003,0.7483296213808464,0.7498154981549815,0.743993993993994,0.7522658610271903,0.8469387755102041,0.8817204301075269,0.8263888888888888,0.8651315789473685,0.8927335640138409,0.8663793103448276,0.857872340425532,0.8713550600343053,0.8617391304347826,0.8549356223175966,0.7256671899529044,0.7214724599517227,0.6832479203802733,0.6869517543859649,0.6856140938348774,0.6946761416589003,0.6954650958326007,0.7050652851191935,0.7038389393851676,0.7046417242022767,"{'cls__hidden_layer_sizes': (100,), 'cls__learning_rate': 'adaptive', 'cls__learning_rate_init': 0.0001, 'cls__max_iter': 1000, 'cls__n_iter_no_change': 5, 'cls__random_state': 42}",mlp,none,simple,standard,none,0.800400227690546
110.0,110.0,101.0,87.0,89.0,387.0,387.0,399.0,410.0,408.0,72.0,86.0,86.0,84.0,97.0,353.0,339.0,336.0,341.0,328.0,45.0,33.0,50.0,41.0,31.0,155.0,167.0,152.0,159.0,169.0,249.0,246.0,238.0,263.0,258.0,1005.0,1008.0,1014.0,991.0,996.0,0.8097560975609756,0.8052373158756138,0.7777777777777778,0.8079877112135176,0.8012422360248448,0.7982525814138205,0.7993655828707376,0.8060413354531001,0.7985495568090251,0.8003214142225794,0.7542016806722689,0.7494736842105263,0.7136842105263158,0.7368421052631579,0.7305263157894737,0.7326315789473684,0.7338243029984218,0.7432930036822725,0.7369805365597054,0.7385586533403472,0.7757009345794392,0.7409638554216867,0.7345679012345679,0.7579250720461095,0.7267605633802817,0.740058910162003,0.7483296213808464,0.7511111111111111,0.743993993993994,0.7522658610271903,0.8469387755102041,0.8817204301075269,0.8263888888888888,0.8651315789473685,0.8927335640138409,0.8663793103448276,0.857872340425532,0.869639794168096,0.8617391304347826,0.8549356223175966,0.7256671899529044,0.7214724599517227,0.6832479203802733,0.6869517543859649,0.6856140938348774,0.6946761416589003,0.6954650958326007,0.7062484685126196,0.7038389393851676,0.7046417242022767,"{'cls__hidden_layer_sizes': (100,), 'cls__learning_rate': 'adaptive', 'cls__learning_rate_init': 1e-05, 'cls__max_iter': 1000, 'cls__n_iter_no_change': 5, 'cls__random_state': 42, 'os__random_state': 42}",mlp,none,simple,standard,smote,0.800400227690546
110.0,110.0,101.0,87.0,89.0,387.0,387.0,396.0,410.0,408.0,72.0,86.0,86.0,84.0,97.0,353.0,339.0,339.0,341.0,328.0,45.0,33.0,50.0,41.0,31.0,155.0,167.0,150.0,157.0,169.0,249.0,246.0,238.0,263.0,258.0,1005.0,1008.0,1016.0,993.0,996.0,0.8097560975609756,0.8052373158756138,0.7777777777777778,0.8079877112135176,0.8012422360248448,0.7982525814138205,0.7993655828707376,0.806029353431178,0.7995169082125604,0.8003214142225794,0.7542016806722689,0.7494736842105263,0.7136842105263158,0.7368421052631579,0.7305263157894737,0.7326315789473684,0.7338243029984218,0.742766964755392,0.7380326144134666,0.7385586533403472,0.7757009345794392,0.7409638554216867,0.7345679012345679,0.7579250720461095,0.7267605633802817,0.740058910162003,0.7483296213808464,0.7498154981549815,0.7443778110944528,0.7522658610271903,0.8469387755102041,0.8817204301075269,0.8263888888888888,0.8651315789473685,0.8927335640138409,0.8663793103448276,0.857872340425532,0.8713550600343053,0.8634782608695653,0.8549356223175966,0.7256671899529044,0.7214724599517227,0.6832479203802733,0.6869517543859649,0.6856140938348774,0.6946761416589003,0.6954650958326007,0.7050652851191935,0.704708504602559,0.7046417242022767,"{'cls__algorithm': 'SAMME', 'cls__learning_rate': 1.0, 'cls__n_estimators': 10, 'cls__random_state': 42}",ada,none,simple,none,none,0.800400227690546
110.0,110.0,101.0,87.0,89.0,387.0,387.0,396.0,410.0,408.0,72.0,86.0,86.0,84.0,97.0,353.0,339.0,339.0,341.0,328.0,45.0,33.0,50.0,41.0,31.0,155.0,167.0,150.0,159.0,169.0,249.0,246.0,238.0,263.0,258.0,1005.0,1008.0,1016.0,991.0,996.0,0.8097560975609756,0.8052373158756138,0.7777777777777778,0.8079877112135176,0.8012422360248448,0.7982525814138205,0.7993655828707376,0.806029353431178,0.7985495568090251,0.8003214142225794,0.7542016806722689,0.7494736842105263,0.7136842105263158,0.7368421052631579,0.7305263157894737,0.7326315789473684,0.7338243029984218,0.742766964755392,0.7369805365597054,0.7385586533403472,0.7757009345794392,0.7409638554216867,0.7345679012345679,0.7579250720461095,0.7267605633802817,0.740058910162003,0.7483296213808464,0.7498154981549815,0.743993993993994,0.7522658610271903,0.8469387755102041,0.8817204301075269,0.8263888888888888,0.8651315789473685,0.8927335640138409,0.8663793103448276,0.857872340425532,0.8713550600343053,0.8617391304347826,0.8549356223175966,0.7256671899529044,0.7214724599517227,0.6832479203802733,0.6869517543859649,0.6856140938348774,0.6946761416589003,0.6954650958326007,0.7050652851191935,0.7038389393851676,0.7046417242022767,"{'cls__hidden_layer_sizes': (100,), 'cls__learning_rate': 'adaptive', 'cls__learning_rate_init': 0.0001, 'cls__max_iter': 1000, 'cls__n_iter_no_change': 5, 'cls__random_state': 42}",mlp,none,simple,minmax,none,0.800400227690546
110.0,110.0,101.0,87.0,89.0,387.0,387.0,396.0,410.0,408.0,72.0,86.0,86.0,84.0,97.0,353.0,339.0,339.0,341.0,328.0,45.0,33.0,50.0,41.0,31.0,155.0,167.0,150.0,159.0,169.0,249.0,246.0,238.0,263.0,258.0,1005.0,1008.0,1016.0,991.0,996.0,0.8097560975609756,0.8052373158756138,0.7777777777777778,0.8079877112135176,0.8012422360248448,0.7982525814138205,0.7993655828707376,0.806029353431178,0.7985495568090251,0.8003214142225794,0.7542016806722689,0.7494736842105263,0.7136842105263158,0.7368421052631579,0.7305263157894737,0.7326315789473684,0.7338243029984218,0.742766964755392,0.7369805365597054,0.7385586533403472,0.7757009345794392,0.7409638554216867,0.7345679012345679,0.7579250720461095,0.7267605633802817,0.740058910162003,0.7483296213808464,0.7498154981549815,0.743993993993994,0.7522658610271903,0.8469387755102041,0.8817204301075269,0.8263888888888888,0.8651315789473685,0.8927335640138409,0.8663793103448276,0.857872340425532,0.8713550600343053,0.8617391304347826,0.8549356223175966,0.7256671899529044,0.7214724599517227,0.6832479203802733,0.6869517543859649,0.6856140938348774,0.6946761416589003,0.6954650958326007,0.7050652851191935,0.7038389393851676,0.7046417242022767,"{'cls__algorithm': 'SAMME', 'cls__learning_rate': 1.0, 'cls__n_estimators': 50, 'cls__random_state': 42}",ada,none,simple,none,none,0.800400227690546
110.0,110.0,101.0,87.0,89.0,385.0,387.0,396.0,410.0,408.0,72.0,86.0,86.0,84.0,97.0,355.0,339.0,339.0,341.0,328.0,45.0,33.0,50.0,41.0,31.0,155.0,167.0,148.0,157.0,169.0,249.0,246.0,238.0,263.0,258.0,1005.0,1008.0,1018.0,993.0,996.0,0.8097560975609756,0.8052373158756138,0.7777777777777778,0.8079877112135176,0.8012422360248448,0.7976190476190477,0.7993655828707376,0.8069758224336109,0.7995169082125604,0.8003214142225794,0.7542016806722689,0.7494736842105263,0.7136842105263158,0.7368421052631579,0.7305263157894737,0.7315789473684211,0.7338243029984218,0.7438190426091531,0.7380326144134666,0.7385586533403472,0.7757009345794392,0.7409638554216867,0.7345679012345679,0.7579250720461095,0.7267605633802817,0.7389705882352942,0.7483296213808464,0.7501842299189388,0.7443778110944528,0.7522658610271903,0.8469387755102041,0.8817204301075269,0.8263888888888888,0.8651315789473685,0.8927335640138409,0.8663793103448276,0.857872340425532,0.8730703259005146,0.8634782608695653,0.8549356223175966,0.7256671899529044,0.7214724599517227,0.6832479203802733,0.6869517543859649,0.6856140938348774,0.693324790307549,0.6954650958326007,0.7059229180522981,0.704708504602559,0.7046417242022767,"{'cls__algorithm': 'SAMME', 'cls__learning_rate': 0.5, 'cls__n_estimators': 10, 'cls__random_state': 42}",ada,none,simple,none,none,0.800400227690546
110.0,110.0,101.0,87.0,89.0,387.0,387.0,396.0,410.0,408.0,72.0,86.0,86.0,84.0,97.0,353.0,339.0,339.0,341.0,328.0,45.0,33.0,50.0,41.0,31.0,155.0,167.0,150.0,159.0,169.0,249.0,246.0,238.0,263.0,258.0,1005.0,1008.0,1016.0,991.0,996.0,0.8097560975609756,0.8052373158756138,0.7777777777777778,0.8079877112135176,0.8012422360248448,0.7982525814138205,0.7993655828707376,0.806029353431178,0.7985495568090251,0.8003214142225794,0.7542016806722689,0.7494736842105263,0.7136842105263158,0.7368421052631579,0.7305263157894737,0.7326315789473684,0.7338243029984218,0.742766964755392,0.7369805365597054,0.7385586533403472,0.7757009345794392,0.7409638554216867,0.7345679012345679,0.7579250720461095,0.7267605633802817,0.740058910162003,0.7483296213808464,0.7498154981549815,0.743993993993994,0.7522658610271903,0.8469387755102041,0.8817204301075269,0.8263888888888888,0.8651315789473685,0.8927335640138409,0.8663793103448276,0.857872340425532,0.8713550600343053,0.8617391304347826,0.8549356223175966,0.7256671899529044,0.7214724599517227,0.6832479203802733,0.6869517543859649,0.6856140938348774,0.6946761416589003,0.6954650958326007,0.7050652851191935,0.7038389393851676,0.7046417242022767,"{'cls__algorithm': 'SAMME', 'cls__learning_rate': 1.0, 'cls__n_estimators': 100, 'cls__random_state': 42}",ada,none,simple,none,none,0.800400227690546
110.0,110.0,101.0,87.0,89.0,387.0,387.0,396.0,410.0,408.0,72.0,86.0,86.0,84.0,97.0,353.0,339.0,339.0,341.0,328.0,45.0,33.0,50.0,41.0,31.0,155.0,167.0,150.0,159.0,169.0,249.0,246.0,238.0,263.0,258.0,1005.0,1008.0,1016.0,991.0,996.0,0.8097560975609756,0.8052373158756138,0.7777777777777778,0.8079877112135176,0.8012422360248448,0.7982525814138205,0.7993655828707376,0.806029353431178,0.7985495568090251,0.8003214142225794,0.7542016806722689,0.7494736842105263,0.7136842105263158,0.7368421052631579,0.7305263157894737,0.7326315789473684,0.7338243029984218,0.742766964755392,0.7369805365597054,0.7385586533403472,0.7757009345794392,0.7409638554216867,0.7345679012345679,0.7579250720461095,0.7267605633802817,0.740058910162003,0.7483296213808464,0.7498154981549815,0.743993993993994,0.7522658610271903,0.8469387755102041,0.8817204301075269,0.8263888888888888,0.8651315789473685,0.8927335640138409,0.8663793103448276,0.857872340425532,0.8713550600343053,0.8617391304347826,0.8549356223175966,0.7256671899529044,0.7214724599517227,0.6832479203802733,0.6869517543859649,0.6856140938348774,0.6946761416589003,0.6954650958326007,0.7050652851191935,0.7038389393851676,0.7046417242022767,"{'cls__algorithm': 'SAMME', 'cls__learning_rate': 0.5, 'cls__n_estimators': 50, 'cls__random_state': 42}",ada,none,simple,none,none,0.800400227690546
110.0,110.0,101.0,87.0,89.0,387.0,387.0,396.0,410.0,408.0,72.0,86.0,86.0,84.0,97.0,353.0,339.0,339.0,341.0,328.0,45.0,33.0,50.0,41.0,31.0,155.0,167.0,150.0,159.0,169.0,249.0,246.0,238.0,263.0,258.0,1005.0,1008.0,1016.0,991.0,996.0,0.8097560975609756,0.8052373158756138,0.7777777777777778,0.8079877112135176,0.8012422360248448,0.7982525814138205,0.7993655828707376,0.806029353431178,0.7985495568090251,0.8003214142225794,0.7542016806722689,0.7494736842105263,0.7136842105263158,0.7368421052631579,0.7305263157894737,0.7326315789473684,0.7338243029984218,0.742766964755392,0.7369805365597054,0.7385586533403472,0.7757009345794392,0.7409638554216867,0.7345679012345679,0.7579250720461095,0.7267605633802817,0.740058910162003,0.7483296213808464,0.7498154981549815,0.743993993993994,0.7522658610271903,0.8469387755102041,0.8817204301075269,0.8263888888888888,0.8651315789473685,0.8927335640138409,0.8663793103448276,0.857872340425532,0.8713550600343053,0.8617391304347826,0.8549356223175966,0.7256671899529044,0.7214724599517227,0.6832479203802733,0.6869517543859649,0.6856140938348774,0.6946761416589003,0.6954650958326007,0.7050652851191935,0.7038389393851676,0.7046417242022767,"{'cls__algorithm': 'SAMME', 'cls__learning_rate': 0.5, 'cls__n_estimators': 100, 'cls__random_state': 42}",ada,none,simple,none,none,0.800400227690546
110.0,110.0,101.0,88.0,90.0,387.0,390.0,399.0,412.0,410.0,72.0,86.0,86.0,83.0,96.0,353.0,336.0,336.0,339.0,326.0,45.0,33.0,50.0,42.0,32.0,155.0,167.0,150.0,158.0,168.0,249.0,246.0,238.0,262.0,257.0,1005.0,1008.0,1016.0,992.0,997.0,0.8097560975609756,0.8052373158756138,0.7777777777777778,0.8073959938366718,0.8006230529595015,0.7982525814138205,0.8003175863437874,0.8069896743447179,0.7996775493752518,0.8014469453376204,0.7542016806722689,0.7494736842105263,0.7136842105263158,0.7368421052631579,0.7305263157894737,0.7326315789473684,0.7354024197790636,0.7443450815360336,0.7385586533403472,0.740136770120989,0.7757009345794392,0.7409638554216867,0.7345679012345679,0.7594202898550725,0.7280453257790368,0.740058910162003,0.75,0.7514792899408284,0.7453042824943651,0.7535903250188964,0.8469387755102041,0.8817204301075269,0.8263888888888888,0.8618421052631579,0.889273356401384,0.8663793103448276,0.857872340425532,0.8713550600343053,0.8626086956521739,0.855793991416309,0.7256671899529044,0.7214724599517227,0.6832479203802733,0.6882309941520468,0.6865721620716598,0.6946761416589003,0.69753121153508,0.7071061014457242,0.7056052799166329,0.7064296044038066,"{'cls__criterion': 'gini', 'cls__max_depth': None, 'cls__max_features': 'log2', 'cls__random_state': 42}",rf,none,simple,none,none,0.8001580476021081
110.0,110.0,101.0,88.0,90.0,387.0,390.0,399.0,412.0,410.0,72.0,86.0,86.0,83.0,96.0,353.0,336.0,336.0,339.0,326.0,45.0,33.0,50.0,42.0,32.0,155.0,167.0,150.0,158.0,168.0,249.0,246.0,238.0,262.0,257.0,1005.0,1008.0,1016.0,992.0,997.0,0.8097560975609756,0.8052373158756138,0.7777777777777778,0.8073959938366718,0.8006230529595015,0.7982525814138205,0.8003175863437874,0.8069896743447179,0.7996775493752518,0.8014469453376204,0.7542016806722689,0.7494736842105263,0.7136842105263158,0.7368421052631579,0.7305263157894737,0.7326315789473684,0.7354024197790636,0.7443450815360336,0.7385586533403472,0.740136770120989,0.7757009345794392,0.7409638554216867,0.7345679012345679,0.7594202898550725,0.7280453257790368,0.740058910162003,0.75,0.7514792899408284,0.7453042824943651,0.7535903250188964,0.8469387755102041,0.8817204301075269,0.8263888888888888,0.8618421052631579,0.889273356401384,0.8663793103448276,0.857872340425532,0.8713550600343053,0.8626086956521739,0.855793991416309,0.7256671899529044,0.7214724599517227,0.6832479203802733,0.6882309941520468,0.6865721620716598,0.6946761416589003,0.69753121153508,0.7071061014457242,0.7056052799166329,0.7064296044038066,"{'cls__criterion': 'entropy', 'cls__max_depth': None, 'cls__max_features': 'log2', 'cls__random_state': 42}",rf,none,simple,none,none,0.8001580476021081
110.0,109.0,101.0,87.0,89.0,387.0,386.0,396.0,408.0,408.0,72.0,87.0,86.0,84.0,97.0,353.0,340.0,339.0,343.0,328.0,45.0,33.0,50.0,41.0,31.0,155.0,165.0,148.0,157.0,167.0,249.0,246.0,238.0,263.0,258.0,1005.0,1010.0,1018.0,993.0,998.0,0.8097560975609756,0.803921568627451,0.7777777777777778,0.8079877112135176,0.8012422360248448,0.7982525814138205,0.7999999999999999,0.8069758224336109,0.7988736926790023,0.8012846246487355,0.7542016806722689,0.7473684210526316,0.7136842105263158,0.7368421052631579,0.7305263157894737,0.7326315789473684,0.7343503419253025,0.7438190426091531,0.7369805365597054,0.7396107311941084,0.7757009345794392,0.7387387387387387,0.7345679012345679,0.7579250720461095,0.7267605633802817,0.740058910162003,0.7481481481481481,0.7501842299189388,0.7432634730538922,0.7526395173453997,0.8469387755102041,0.8817204301075269,0.8263888888888888,0.8651315789473685,0.8927335640138409,0.8663793103448276,0.8595744680851064,0.8730703259005146,0.8634782608695653,0.8566523605150215,0.7256671899529044,0.7189214395435594,0.6832479203802733,0.6869517543859649,0.6856140938348774,0.6946761416589003,0.6956274544282282,0.7059229180522981,0.7033769466797892,0.705500093300989,"{'cls__C': 0.1, 'cls__probability': True, 'cls__random_state': 42}",svc,none,simple,minmax,none,0.8001370782409133
102.0,99.0,102.0,83.0,96.0,386.0,389.0,386.0,371.0,392.0,79.0,95.0,82.0,91.0,79.0,341.0,325.0,338.0,363.0,341.0,39.0,37.0,31.0,47.0,44.0,159.0,161.0,167.0,144.0,154.0,251.0,240.0,255.0,249.0,251.0,995.0,1006.0,991.0,1004.0,995.0,0.8096774193548386,0.7843137254901961,0.8186195826645266,0.7830188679245282,0.8031999999999999,0.7991967871485943,0.8054443554843874,0.7969441093687174,0.7984095427435388,0.8008048289738431,0.7494692144373672,0.7197452229299363,0.7595744680851064,0.7063829787234043,0.7382978723404255,0.7341839447102605,0.7416267942583732,0.7316684378320936,0.730605738575983,0.7369819341126461,0.7606060606060606,0.7164179104477612,0.7566765578635015,0.7323529411764705,0.7606060606060606,0.7447604790419161,0.7558226897069872,0.745673438675696,0.7344550109729334,0.7447604790419161,0.8655172413793103,0.8664259927797834,0.8916083916083916,0.8412162162162162,0.8508474576271187,0.8622183708838822,0.8620394173093402,0.8557858376511226,0.8745644599303136,0.865970409051349,0.7145265764907601,0.6883676355651493,0.7229781088476741,0.6591138552345449,0.6997094430992736,0.6965837383993001,0.7034286722401044,0.6944675044609204,0.6900070256054839,0.7003794746484575,"{'cls__algorithm': 'SAMME', 'cls__learning_rate': 1.0, 'cls__n_estimators': 10, 'cls__random_state': 42}",ada,lof,simple,none,none,0.7997659190868178
110.0,110.0,101.0,87.0,89.0,387.0,387.0,399.0,410.0,410.0,72.0,86.0,86.0,84.0,97.0,353.0,339.0,336.0,341.0,326.0,45.0,33.0,50.0,41.0,33.0,155.0,167.0,152.0,159.0,173.0,249.0,246.0,238.0,263.0,256.0,1005.0,1008.0,1014.0,991.0,992.0,0.8097560975609756,0.8052373158756138,0.7777777777777778,0.8079877112135176,0.7975077881619937,0.7982525814138205,0.7993655828707376,0.8060413354531001,0.7985495568090251,0.7990334273056786,0.7542016806722689,0.7494736842105263,0.7136842105263158,0.7368421052631579,0.7263157894736842,0.7326315789473684,0.7338243029984218,0.7432930036822725,0.7369805365597054,0.737506575486586,0.7757009345794392,0.7409638554216867,0.7345679012345679,0.7579250720461095,0.7252124645892352,0.740058910162003,0.7483296213808464,0.7511111111111111,0.743993993993994,0.7526555386949925,0.8469387755102041,0.8817204301075269,0.8263888888888888,0.8651315789473685,0.8858131487889274,0.8663793103448276,0.857872340425532,0.869639794168096,0.8617391304347826,0.8515021459227468,0.7256671899529044,0.7214724599517227,0.6832479203802733,0.6869517543859649,0.6821538862224207,0.6946761416589003,0.6954650958326007,0.7062484685126196,0.7038389393851676,0.7042836816570256,"{'cls__hidden_layer_sizes': (100,), 'cls__learning_rate': 'adaptive', 'cls__learning_rate_init': 0.001, 'cls__max_iter': 1000, 'cls__n_iter_no_change': 5, 'cls__random_state': 42}",mlp,none,simple,standard,none,0.7996533381179758
95.0,95.0,102.0,89.0,90.0,359.0,359.0,386.0,399.0,364.0,86.0,99.0,82.0,85.0,85.0,368.0,355.0,338.0,335.0,369.0,36.0,35.0,31.0,47.0,42.0,155.0,156.0,167.0,151.0,149.0,254.0,242.0,255.0,249.0,253.0,999.0,1011.0,991.0,997.0,1000.0,0.8063492063492063,0.7831715210355986,0.8186195826645266,0.7904761904761904,0.7993680884676146,0.792542641808806,0.798262929332807,0.7969441093687174,0.8040322580645162,0.7942811755361397,0.7409766454352441,0.7154989384288747,0.7595744680851064,0.7191489361702128,0.7297872340425532,0.7219564061669325,0.7283359914938863,0.7316684378320936,0.7417640807651434,0.7247608926673751,0.7470588235294118,0.7096774193548387,0.7566765578635015,0.7455089820359282,0.7485207100591716,0.7307973664959766,0.7401171303074671,0.745673438675696,0.7484984984984985,0.7304601899196493,0.8758620689655172,0.8736462093862816,0.8916083916083916,0.8412162162162162,0.8576271186440678,0.865684575389948,0.8663239074550129,0.8557858376511226,0.8684668989547039,0.8703220191470844,0.7003619737092779,0.6816684655178831,0.7229781088476741,0.6763552345448898,0.685956416464891,0.6797473771035022,0.6845625139515961,0.6944675044609204,0.7060318145999677,0.6834556889732694,"{'cls__algorithm': 'SAMME', 'cls__learning_rate': 0.5, 'cls__n_estimators': 10, 'cls__random_state': 42}",ada,lof,simple,none,none,0.7995969177986273
102.0,99.0,102.0,91.0,96.0,386.0,389.0,386.0,412.0,392.0,79.0,95.0,82.0,83.0,79.0,341.0,325.0,338.0,322.0,341.0,39.0,37.0,31.0,54.0,44.0,159.0,161.0,167.0,165.0,154.0,251.0,240.0,255.0,242.0,251.0,995.0,1006.0,991.0,983.0,995.0,0.8096774193548386,0.7843137254901961,0.8186195826645266,0.7793880837359098,0.8031999999999999,0.7991967871485943,0.8054443554843874,0.7969441093687174,0.801467590705259,0.8008048289738431,0.7494692144373672,0.7197452229299363,0.7595744680851064,0.7085106382978723,0.7382978723404255,0.7341839447102605,0.7416267942583732,0.7316684378320936,0.7412327311370882,0.7369819341126461,0.7606060606060606,0.7164179104477612,0.7566765578635015,0.7446153846153846,0.7606060606060606,0.7447604790419161,0.7558226897069872,0.745673438675696,0.753256704980843,0.7447604790419161,0.8655172413793103,0.8664259927797834,0.8916083916083916,0.8175675675675675,0.8508474576271187,0.8622183708838822,0.8620394173093402,0.8557858376511226,0.8562717770034843,0.865970409051349,0.7145265764907601,0.6883676355651493,0.7229781088476741,0.6702780366573469,0.6997094430992736,0.6965837383993001,0.7034286722401044,0.6944675044609204,0.7087898394554206,0.7003794746484575,"{'cls__criterion': 'gini', 'cls__max_depth': 4, 'cls__max_features': 'log2', 'cls__random_state': 42}",rf,lof,simple,none,none,0.7990397622490941
102.0,99.0,102.0,91.0,96.0,386.0,389.0,386.0,412.0,392.0,79.0,95.0,82.0,83.0,79.0,341.0,325.0,338.0,322.0,341.0,39.0,37.0,31.0,54.0,44.0,159.0,161.0,167.0,165.0,154.0,251.0,240.0,255.0,242.0,251.0,995.0,1006.0,991.0,983.0,995.0,0.8096774193548386,0.7843137254901961,0.8186195826645266,0.7793880837359098,0.8031999999999999,0.7991967871485943,0.8054443554843874,0.7969441093687174,0.801467590705259,0.8008048289738431,0.7494692144373672,0.7197452229299363,0.7595744680851064,0.7085106382978723,0.7382978723404255,0.7341839447102605,0.7416267942583732,0.7316684378320936,0.7412327311370882,0.7369819341126461,0.7606060606060606,0.7164179104477612,0.7566765578635015,0.7446153846153846,0.7606060606060606,0.7447604790419161,0.7558226897069872,0.745673438675696,0.753256704980843,0.7447604790419161,0.8655172413793103,0.8664259927797834,0.8916083916083916,0.8175675675675675,0.8508474576271187,0.8622183708838822,0.8620394173093402,0.8557858376511226,0.8562717770034843,0.865970409051349,0.7145265764907601,0.6883676355651493,0.7229781088476741,0.6702780366573469,0.6997094430992736,0.6965837383993001,0.7034286722401044,0.6944675044609204,0.7087898394554206,0.7003794746484575,"{'cls__criterion': 'entropy', 'cls__max_depth': 4, 'cls__max_features': 'log2', 'cls__random_state': 42}",rf,lof,simple,none,none,0.7990397622490941
112.0,110.0,101.0,88.0,90.0,390.0,390.0,401.0,414.0,412.0,70.0,86.0,86.0,83.0,96.0,350.0,336.0,334.0,337.0,324.0,47.0,33.0,52.0,42.0,34.0,161.0,169.0,156.0,166.0,174.0,247.0,246.0,236.0,262.0,255.0,999.0,1006.0,1010.0,984.0,991.0,0.8085106382978725,0.8052373158756138,0.7737704918032786,0.8073959938366718,0.7968749999999999,0.7963332004782782,0.7993643226062773,0.804780876494024,0.7964386887899635,0.7991935483870969,0.7542016806722689,0.7494736842105263,0.7094736842105264,0.7368421052631579,0.7263157894736842,0.7310526315789474,0.7343503419253025,0.7422409258285113,0.7354024197790636,0.7380326144134666,0.7791798107255521,0.7409638554216867,0.7329192546583851,0.7594202898550725,0.7264957264957265,0.7405485544848036,0.7496274217585693,0.7514880952380952,0.744890234670704,0.7536121673003803,0.8401360544217688,0.8817204301075269,0.8194444444444444,0.8618421052631579,0.8823529411764706,0.8612068965517241,0.8561702127659574,0.8662092624356775,0.8556521739130435,0.8506437768240344,0.727760334903192,0.7214724599517227,0.6797756981580511,0.6882309941520468,0.683111954459203,0.6941169617893755,0.6966801477052927,0.7058937468640973,0.7034585769698374,0.7052131927598432,"{'cls__C': 0.1, 'cls__probability': True, 'cls__random_state': 42}",svc,none,simple,none,none,0.7983578879626874
110.0,99.0,101.0,87.0,88.0,385.0,349.0,394.0,408.0,407.0,72.0,97.0,86.0,84.0,98.0,355.0,377.0,341.0,343.0,329.0,43.0,33.0,50.0,41.0,31.0,155.0,154.0,148.0,157.0,167.0,251.0,246.0,238.0,263.0,258.0,1005.0,1021.0,1018.0,993.0,998.0,0.8136142625607778,0.7909967845659165,0.7777777777777778,0.8079877112135176,0.7999999999999999,0.7976190476190477,0.7936261173727166,0.8063366336633663,0.7988736926790023,0.8009630818619582,0.7584033613445378,0.7263157894736842,0.7136842105263158,0.7368421052631579,0.728421052631579,0.7315789473684211,0.7206733298264072,0.742766964755392,0.7369805365597054,0.7390846922672277,0.7770897832817337,0.717201166180758,0.7345679012345679,0.7579250720461095,0.7247191011235955,0.7389705882352942,0.7303290414878397,0.7490802060338484,0.7432634730538922,0.7520723436322532,0.8537414965986394,0.8817204301075269,0.8263888888888888,0.8651315789473685,0.8927335640138409,0.8663793103448276,0.8689361702127659,0.8730703259005146,0.8634782608695653,0.8566523605150215,0.7290685504971219,0.6934112354619266,0.6832479203802733,0.6869517543859649,0.6829259217918666,0.693324790307549,0.6748262118281461,0.7045623738346111,0.7033769466797892,0.704820745474902,"{'cls__hidden_layer_sizes': (100,), 'cls__learning_rate': 'adaptive', 'cls__learning_rate_init': 1e-05, 'cls__max_iter': 1000, 'cls__n_iter_no_change': 5, 'cls__random_state': 42}",mlp,none,simple,minmax,none,0.7980753072235979
102.0,109.0,96.0,81.0,78.0,359.0,386.0,367.0,382.0,385.0,80.0,87.0,91.0,90.0,108.0,381.0,340.0,368.0,369.0,351.0,40.0,33.0,48.0,41.0,31.0,151.0,167.0,143.0,150.0,160.0,254.0,246.0,240.0,263.0,258.0,1009.0,1008.0,1023.0,1000.0,1005.0,0.8089171974522292,0.803921568627451,0.7754442649434572,0.8006088280060883,0.7877862595419847,0.7913725490196079,0.7990487514863259,0.8001564333202972,0.7939658594680429,0.7973026576755254,0.7478991596638656,0.7473684210526316,0.7073684210526315,0.7242105263157895,0.7073684210526315,0.72,0.7332982640715413,0.731194108364019,0.7269857969489742,0.731194108364019,0.7604790419161677,0.7387387387387387,0.7250755287009063,0.7450424929178471,0.7049180327868853,0.7258992805755395,0.7477744807121661,0.7354421279654925,0.7304601899196493,0.7411504424778761,0.8639455782312925,0.8817204301075269,0.8333333333333334,0.8651315789473685,0.8927335640138409,0.8698275862068966,0.857872340425532,0.8773584905660378,0.8695652173913043,0.8626609442060086,0.7121925693354264,0.7189214395435594,0.6733511586452764,0.6694078947368423,0.6560442013617591,0.6774813606710159,0.6947763905984408,0.6883391092285971,0.6891101719446534,0.6928793851464825,"{'cls__algorithm': 'SAMME', 'cls__learning_rate': 0.1, 'cls__n_estimators': 50, 'cls__random_state': 42}",ada,none,simple,none,none,0.795335623714242
95.0,95.0,91.0,83.0,90.0,359.0,359.0,363.0,371.0,364.0,86.0,99.0,93.0,91.0,85.0,368.0,355.0,361.0,363.0,369.0,36.0,35.0,31.0,47.0,42.0,155.0,156.0,160.0,144.0,149.0,254.0,242.0,255.0,249.0,253.0,999.0,1011.0,998.0,1004.0,1000.0,0.8063492063492063,0.7831715210355986,0.804416403785489,0.7830188679245282,0.7993680884676146,0.792542641808806,0.798262929332807,0.7930075486690505,0.7984095427435388,0.7942811755361397,0.7409766454352441,0.7154989384288747,0.7361702127659574,0.7063829787234043,0.7297872340425532,0.7219564061669325,0.7283359914938863,0.7231668437832094,0.730605738575983,0.7247608926673751,0.7470588235294118,0.7096774193548387,0.7327586206896551,0.7323529411764705,0.7485207100591716,0.7307973664959766,0.7401171303074671,0.7343635025754232,0.7344550109729334,0.7304601899196493,0.8758620689655172,0.8736462093862816,0.8916083916083916,0.8412162162162162,0.8576271186440678,0.865684575389948,0.8663239074550129,0.8618307426597582,0.8745644599303136,0.8703220191470844,0.7003619737092779,0.6816684655178831,0.6930868044998479,0.6591138552345449,0.685956416464891,0.6797473771035022,0.6845625139515961,0.6816059790646858,0.6900070256054839,0.6834556889732694,"{'cls__algorithm': 'SAMME', 'cls__learning_rate': 0.1, 'cls__n_estimators': 50, 'cls__random_state': 42}",ada,lof,simple,none,none,0.7952648175124875
97.0,99.0,101.0,87.0,88.0,351.0,349.0,394.0,408.0,407.0,85.0,97.0,86.0,84.0,98.0,389.0,377.0,341.0,343.0,329.0,44.0,33.0,50.0,41.0,31.0,145.0,156.0,150.0,159.0,169.0,250.0,246.0,238.0,263.0,258.0,1015.0,1019.0,1016.0,991.0,996.0,0.794912559618442,0.7909967845659165,0.7777777777777778,0.8079877112135176,0.7999999999999999,0.7917316692667707,0.7926876701672502,0.8053904082441538,0.7979066022544282,0.8,0.7289915966386554,0.7263157894736842,0.7136842105263158,0.7368421052631579,0.728421052631579,0.7189473684210527,0.7196212519726459,0.7417148869016307,0.7359284587059443,0.7380326144134666,0.746268656716418,0.717201166180758,0.7345679012345679,0.7579250720461095,0.7247191011235955,0.7229344729344729,0.7299426934097422,0.7487103905674282,0.7428785607196402,0.7516981132075472,0.8503401360544217,0.8817204301075269,0.8263888888888888,0.8651315789473685,0.8927335640138409,0.875,0.8672340425531915,0.8713550600343053,0.8617391304347826,0.8549356223175966,0.6916535845107273,0.6934112354619266,0.6832479203802733,0.6869517543859649,0.6829259217918666,0.6746621621621622,0.6739751479983589,0.7037047409015065,0.7025073814623979,0.7039623763761895,"{'cls__hidden_layer_sizes': (100,), 'cls__learning_rate': 'adaptive', 'cls__learning_rate_init': 1e-05, 'cls__max_iter': 1000, 'cls__n_iter_no_change': 5, 'cls__random_state': 42}",mlp,none,simple,standard,none,0.7943349666351307
84.0,99.0,91.0,74.0,96.0,323.0,389.0,363.0,333.0,392.0,97.0,95.0,93.0,100.0,79.0,404.0,325.0,361.0,401.0,341.0,35.0,37.0,31.0,44.0,44.0,145.0,161.0,160.0,136.0,154.0,255.0,240.0,255.0,252.0,251.0,1009.0,1006.0,998.0,1012.0,995.0,0.7943925233644861,0.7843137254901961,0.804416403785489,0.7777777777777778,0.8031999999999999,0.786131671211531,0.8054443554843874,0.7930075486690505,0.7903162827020694,0.8008048289738431,0.7197452229299363,0.7197452229299363,0.7361702127659574,0.6936170212765957,0.7382978723404255,0.7081339712918661,0.7416267942583732,0.7231668437832094,0.7146652497343252,0.7369819341126461,0.7244318181818182,0.7164179104477612,0.7327586206896551,0.7159090909090909,0.7606060606060606,0.7140835102618542,0.7558226897069872,0.7343635025754232,0.716206652512385,0.7447604790419161,0.8793103448275862,0.8664259927797834,0.8916083916083916,0.8513513513513513,0.8508474576271187,0.8743500866551126,0.8620394173093402,0.8618307426597582,0.8815331010452961,0.865970409051349,0.6716993713088207,0.6883676355651493,0.6930868044998479,0.6383193538365952,0.6997094430992736,0.65932084800431,0.7034286722401044,0.6816059790646858,0.6676057875798688,0.7003794746484575,"{'cls__criterion': 'entropy', 'cls__max_depth': 2, 'cls__max_features': 'log2', 'cls__random_state': 42}",rf,lof,simple,none,none,0.7928200860835897
97.0,109.0,84.0,81.0,77.0,351.0,386.0,332.0,382.0,384.0,85.0,87.0,103.0,90.0,109.0,389.0,340.0,403.0,369.0,352.0,42.0,33.0,44.0,41.0,31.0,145.0,165.0,136.0,150.0,160.0,252.0,246.0,244.0,263.0,258.0,1015.0,1010.0,1030.0,1000.0,1005.0,0.7987321711568938,0.803921568627451,0.768503937007874,0.8006088280060883,0.7865853658536587,0.7917316692667707,0.7999999999999999,0.7926125432858792,0.7939658594680429,0.7969865186360032,0.7331932773109243,0.7473684210526316,0.6905263157894737,0.7242105263157895,0.7052631578947368,0.7189473684210527,0.7343503419253025,0.7164650184113625,0.7269857969489742,0.7306680694371384,0.7477744807121661,0.7387387387387387,0.7031700288184438,0.7450424929178471,0.7029972752043597,0.7229344729344729,0.7481481481481481,0.7187718073970691,0.7304601899196493,0.7406042741341193,0.8571428571428571,0.8817204301075269,0.8472222222222222,0.8651315789473685,0.8927335640138409,0.875,0.8595744680851064,0.8833619210977701,0.8695652173913043,0.8626609442060086,0.695054945054945,0.7189214395435594,0.6482100415923946,0.6694078947368423,0.6533560293187484,0.6746621621621622,0.6956274544282282,0.6675313006849395,0.6891101719446534,0.6922000373203956,"{'cls__criterion': 'gini', 'cls__max_depth': 2, 'cls__max_features': 'log2', 'cls__random_state': 42}",rf,none,simple,none,none,0.7916703741303931
84.0,99.0,91.0,83.0,83.0,323.0,389.0,363.0,371.0,358.0,97.0,95.0,93.0,91.0,92.0,404.0,325.0,361.0,363.0,375.0,35.0,37.0,31.0,47.0,42.0,145.0,161.0,160.0,144.0,145.0,255.0,240.0,255.0,249.0,253.0,1009.0,1006.0,998.0,1004.0,1004.0,0.7943925233644861,0.7843137254901961,0.804416403785489,0.7830188679245282,0.7906249999999999,0.786131671211531,0.8054443554843874,0.7930075486690505,0.7984095427435388,0.7943037974683546,0.7197452229299363,0.7197452229299363,0.7361702127659574,0.7063829787234043,0.7148936170212766,0.7081339712918661,0.7416267942583732,0.7231668437832094,0.730605738575983,0.7236981934112646,0.7244318181818182,0.7164179104477612,0.7327586206896551,0.7323529411764705,0.7333333333333333,0.7140835102618542,0.7558226897069872,0.7343635025754232,0.7344550109729334,0.7280638143582306,0.8793103448275862,0.8664259927797834,0.8916083916083916,0.8412162162162162,0.8576271186440678,0.8743500866551126,0.8620394173093402,0.8618307426597582,0.8745644599303136,0.8738033072236727,0.6716993713088207,0.6883676355651493,0.6930868044998479,0.6591138552345449,0.665956416464891,0.65932084800431,0.7034286722401044,0.6816059790646858,0.6900070256054839,0.6811035635709086,"{'cls__criterion': 'gini', 'cls__max_depth': 2, 'cls__max_features': 'log2', 'cls__random_state': 42}",rf,lof,simple,none,none,0.7913533041129399
102.0,99.0,102.0,89.0,114.0,386.0,389.0,386.0,399.0,515.0,79.0,95.0,82.0,85.0,61.0,341.0,325.0,338.0,335.0,218.0,39.0,37.0,31.0,47.0,85.0,159.0,161.0,167.0,151.0,309.0,251.0,240.0,255.0,249.0,210.0,995.0,1006.0,991.0,997.0,840.0,0.8096774193548386,0.7843137254901961,0.8186195826645266,0.7904761904761904,0.7420494699646644,0.7991967871485943,0.8054443554843874,0.7969441093687174,0.8040322580645162,0.76121431807884,0.7494692144373672,0.7197452229299363,0.7595744680851064,0.7191489361702128,0.6893617021276596,0.7341839447102605,0.7416267942583732,0.7316684378320936,0.7417640807651434,0.7199787460148778,0.7606060606060606,0.7164179104477612,0.7566765578635015,0.7455089820359282,0.7749077490774908,0.7447604790419161,0.7558226897069872,0.745673438675696,0.7484984984984985,0.7939508506616257,0.8655172413793103,0.8664259927797834,0.8916083916083916,0.8412162162162162,0.711864406779661,0.8622183708838822,0.8620394173093402,0.8557858376511226,0.8684668989547039,0.7310704960835509,0.7145265764907601,0.6883676355651493,0.7229781088476741,0.6763552345448898,0.6816464891041163,0.6965837383993001,0.7034286722401044,0.6944675044609204,0.7060318145999677,0.7168312916979829,"{'cls__algorithm': 'SAMME', 'cls__learning_rate': 0.1, 'cls__n_estimators': 100, 'cls__random_state': 42, 'os__random_state': 42}",ada,lof,simple,none,smote,0.7890272775900831
102.0,99.0,102.0,89.0,114.0,386.0,389.0,386.0,399.0,515.0,79.0,95.0,82.0,85.0,61.0,341.0,325.0,338.0,335.0,218.0,39.0,37.0,31.0,47.0,85.0,159.0,161.0,167.0,151.0,309.0,251.0,240.0,255.0,249.0,210.0,995.0,1006.0,991.0,997.0,840.0,0.8096774193548386,0.7843137254901961,0.8186195826645266,0.7904761904761904,0.7420494699646644,0.7991967871485943,0.8054443554843874,0.7969441093687174,0.8040322580645162,0.76121431807884,0.7494692144373672,0.7197452229299363,0.7595744680851064,0.7191489361702128,0.6893617021276596,0.7341839447102605,0.7416267942583732,0.7316684378320936,0.7417640807651434,0.7199787460148778,0.7606060606060606,0.7164179104477612,0.7566765578635015,0.7455089820359282,0.7749077490774908,0.7447604790419161,0.7558226897069872,0.745673438675696,0.7484984984984985,0.7939508506616257,0.8655172413793103,0.8664259927797834,0.8916083916083916,0.8412162162162162,0.711864406779661,0.8622183708838822,0.8620394173093402,0.8557858376511226,0.8684668989547039,0.7310704960835509,0.7145265764907601,0.6883676355651493,0.7229781088476741,0.6763552345448898,0.6816464891041163,0.6965837383993001,0.7034286722401044,0.6944675044609204,0.7060318145999677,0.7168312916979829,"{'cls__algorithm': 'SAMME', 'cls__learning_rate': 0.1, 'cls__n_estimators': 50, 'cls__random_state': 42, 'os__random_state': 42}",ada,lof,simple,none,smote,0.7890272775900831
89.0,99.0,84.0,81.0,77.0,325.0,349.0,330.0,380.0,384.0,93.0,97.0,103.0,90.0,109.0,415.0,377.0,405.0,371.0,352.0,39.0,33.0,44.0,41.0,31.0,141.0,154.0,136.0,150.0,160.0,255.0,246.0,244.0,263.0,258.0,1019.0,1021.0,1030.0,1000.0,1005.0,0.7943925233644858,0.7909967845659165,0.768503937007874,0.8006088280060883,0.7865853658536587,0.7856592135697764,0.7936261173727166,0.7920030757401,0.7933359777865926,0.7969865186360032,0.7226890756302521,0.7263157894736842,0.6905263157894737,0.7242105263157895,0.7052631578947368,0.7073684210526315,0.7206733298264072,0.7154129405576013,0.7259337190952131,0.7306680694371384,0.7327586206896551,0.717201166180758,0.7031700288184438,0.7450424929178471,0.7029972752043597,0.7105997210599722,0.7303290414878397,0.7177700348432056,0.7293946024799417,0.7406042741341193,0.8673469387755102,0.8817204301075269,0.8472222222222222,0.8651315789473685,0.8927335640138409,0.878448275862069,0.8689361702127659,0.8833619210977701,0.8695652173913043,0.8626609442060086,0.6781789638932496,0.6934112354619266,0.6482100415923946,0.6694078947368423,0.6533560293187484,0.6588187325256291,0.6748262118281461,0.6661707564672524,0.6877786140218838,0.6922000373203956,"{'cls__criterion': 'entropy', 'cls__max_depth': 2, 'cls__max_features': 'log2', 'cls__random_state': 42}",rf,none,simple,none,none,0.7882174877596045
110.0,137.0,101.0,87.0,118.0,387.0,501.0,396.0,410.0,520.0,72.0,59.0,86.0,84.0,68.0,353.0,225.0,339.0,341.0,216.0,45.0,70.0,50.0,41.0,73.0,155.0,326.0,150.0,159.0,323.0,249.0,209.0,238.0,263.0,216.0,1005.0,849.0,1016.0,991.0,842.0,0.8097560975609756,0.7641681901279708,0.7777777777777778,0.8079877112135176,0.7539267015706806,0.7982525814138205,0.7550022232103157,0.806029353431178,0.7985495568090251,0.7575348627980208,0.7542016806722689,0.728421052631579,0.7136842105263158,0.7368421052631579,0.7031578947368421,0.7326315789473684,0.7101525512887954,0.742766964755392,0.7369805365597054,0.7164650184113625,0.7757009345794392,0.7798507462686567,0.7345679012345679,0.7579250720461095,0.7605633802816901,0.740058910162003,0.7905027932960894,0.7498154981549815,0.743993993993994,0.7958412098298677,0.8469387755102041,0.7491039426523297,0.8263888888888888,0.8651315789473685,0.7474048442906575,0.8663793103448276,0.7225531914893617,0.8713550600343053,0.8617391304347826,0.7227467811158799,0.7256671899529044,0.7240417672445323,0.6832479203802733,0.6869517543859649,0.6909067232205974,0.6946761416589003,0.7063179180587305,0.7050652851191935,0.7038389393851676,0.7146342601231573,"{'cls__algorithm': 'SAMME', 'cls__learning_rate': 0.1, 'cls__n_estimators': 50, 'cls__random_state': 42, 'os__random_state': 42}",ada,none,simple,none,smote,0.7827232956501844
92.0,98.0,88.0,83.0,82.0,339.0,333.0,343.0,397.0,398.0,90.0,98.0,99.0,88.0,104.0,401.0,393.0,392.0,354.0,338.0,44.0,35.0,49.0,44.0,39.0,159.0,168.0,154.0,176.0,181.0,250.0,244.0,239.0,260.0,250.0,1001.0,1007.0,1012.0,974.0,984.0,0.7886435331230285,0.7858293075684379,0.7635782747603834,0.7975460122699386,0.7776049766718508,0.7814207650273224,0.7821359223300971,0.7875486381322957,0.7861178369652946,0.7913148371531965,0.7184873949579832,0.72,0.6884210526315789,0.7221052631578947,0.6989473684210527,0.7052631578947368,0.7048921620199895,0.7127827459231983,0.7211993687532877,0.7269857969489742,0.7352941176470589,0.7134502923976608,0.7071005917159763,0.7471264367816092,0.7062146892655368,0.7139800285306704,0.7192857142857143,0.7207977207977208,0.733433734939759,0.7443267776096822,0.8503401360544217,0.8745519713261649,0.8298611111111112,0.8552631578947368,0.8650519031141869,0.8629310344827587,0.8570212765957447,0.8679245283018868,0.8469565217391304,0.8446351931330472,0.6779173207744635,0.6872759856630825,0.6502246732026145,0.6703216374269005,0.6529560590839751,0.6605195712954333,0.6578494812730789,0.6672955974842767,0.6877925085393388,0.6926980313491323,"{'cls__algorithm': 'SAMME', 'cls__learning_rate': 0.1, 'cls__n_estimators': 10, 'cls__random_state': 42}",ada,none,simple,none,none,0.7826404208787279
110.0,110.0,101.0,118.0,118.0,387.0,387.0,396.0,520.0,520.0,72.0,86.0,86.0,53.0,68.0,353.0,339.0,339.0,231.0,216.0,45.0,33.0,50.0,83.0,73.0,155.0,167.0,150.0,313.0,323.0,249.0,246.0,238.0,221.0,216.0,1005.0,1008.0,1016.0,837.0,842.0,0.8097560975609756,0.8052373158756138,0.7777777777777778,0.764705882352941,0.7539267015706806,0.7982525814138205,0.7993655828707376,0.806029353431178,0.7547339945897203,0.7575348627980208,0.7542016806722689,0.7494736842105263,0.7136842105263158,0.7136842105263158,0.7031578947368421,0.7326315789473684,0.7338243029984218,0.742766964755392,0.7138348237769595,0.7164650184113625,0.7757009345794392,0.7409638554216867,0.7345679012345679,0.8065693430656934,0.7605633802816901,0.740058910162003,0.7483296213808464,0.7498154981549815,0.7837078651685393,0.7958412098298677,0.8469387755102041,0.8817204301075269,0.8263888888888888,0.7269736842105263,0.7474048442906575,0.8663793103448276,0.857872340425532,0.8713550600343053,0.7278260869565217,0.7227467811158799,0.7256671899529044,0.7214724599517227,0.6832479203802733,0.7085160818713451,0.6909067232205974,0.6946761416589003,0.6954650958326007,0.7050652851191935,0.7101181033983675,0.7146342601231573,"{'cls__algorithm': 'SAMME', 'cls__learning_rate': 0.1, 'cls__n_estimators': 100, 'cls__random_state': 42, 'os__random_state': 42}",ada,none,simple,none,smote,0.7822807550275978
87.0,23.0,86.0,76.0,82.0,335.0,92.0,336.0,346.0,340.0,94.0,171.0,98.0,98.0,93.0,392.0,622.0,388.0,388.0,393.0,36.0,3.0,35.0,51.0,45.0,165.0,10.0,166.0,150.0,156.0,254.0,274.0,251.0,245.0,250.0,989.0,1157.0,992.0,998.0,993.0,0.7962382445141067,0.7590027700831025,0.7905511811023622,0.7668231611893583,0.7836990595611285,0.7802761341222879,0.7854718262050239,0.7817178881008667,0.7876874506708761,0.7834319526627218,0.7239915074309978,0.6305732484076433,0.7170212765957447,0.6829787234042554,0.7063829787234043,0.7038809144072302,0.6640085061137693,0.7056323060573858,0.71413390010627,0.7082890541976621,0.7298850574712644,0.6157303370786517,0.7191977077363897,0.7142857142857143,0.7288629737609329,0.7161477190441708,0.6503653738055087,0.7188405797101449,0.7200577200577201,0.7164502164502164,0.8758620689655172,0.9891696750902527,0.8776223776223776,0.8277027027027027,0.847457627118644,0.8570190641247833,0.9914310197086547,0.8566493955094991,0.8693379790940766,0.8642297650130548,0.6782625261954658,0.5538631880605903,0.6725068409851018,0.6322421559490525,0.6580145278450362,0.658908431649737,0.5601412801624506,0.6603688966497772,0.6703638124353217,0.6640384841436352,"{'cls__algorithm': 'SAMME', 'cls__learning_rate': 0.1, 'cls__n_estimators': 10, 'cls__random_state': 42}",ada,lof,simple,none,none,0.7792628832900117
102.0,127.0,102.0,89.0,114.0,386.0,500.0,386.0,399.0,515.0,79.0,67.0,82.0,85.0,61.0,341.0,214.0,338.0,335.0,218.0,39.0,77.0,31.0,47.0,85.0,159.0,340.0,167.0,151.0,309.0,251.0,200.0,255.0,249.0,210.0,995.0,827.0,991.0,997.0,840.0,0.8096774193548386,0.7352941176470588,0.8186195826645266,0.7904761904761904,0.7420494699646644,0.7991967871485943,0.7490942028985508,0.7969441093687174,0.8040322580645162,0.76121431807884,0.7494692144373672,0.6942675159235668,0.7595744680851064,0.7191489361702128,0.6893617021276596,0.7341839447102605,0.7054758107389686,0.7316684378320936,0.7417640807651434,0.7199787460148778,0.7606060606060606,0.7490636704119851,0.7566765578635015,0.7455089820359282,0.7749077490774908,0.7447604790419161,0.7944284341978867,0.745673438675696,0.7484984984984985,0.7939508506616257,0.8655172413793103,0.7220216606498195,0.8916083916083916,0.8412162162162162,0.711864406779661,0.8622183708838822,0.7086546700942588,0.8557858376511226,0.8684668989547039,0.7310704960835509,0.7145265764907601,0.6883304179537758,0.7229781088476741,0.6763552345448898,0.6816464891041163,0.6965837383993001,0.7044673910695384,0.6944675044609204,0.7060318145999677,0.7168312916979829,"{'cls__algorithm': 'SAMME', 'cls__learning_rate': 0.5, 'cls__n_estimators': 10, 'cls__random_state': 42, 'os__random_state': 42}",ada,lof,simple,none,smote,0.7792233560214556
130.0,99.0,132.0,89.0,114.0,499.0,389.0,497.0,399.0,515.0,51.0,95.0,52.0,85.0,61.0,228.0,325.0,227.0,335.0,218.0,79.0,37.0,71.0,47.0,85.0,315.0,161.0,323.0,151.0,309.0,211.0,240.0,215.0,249.0,210.0,839.0,1006.0,835.0,997.0,840.0,0.7644927536231885,0.7843137254901961,0.7775768535262206,0.7904761904761904,0.7420494699646644,0.7555155335434489,0.8054443554843874,0.7522522522522522,0.8040322580645162,0.76121431807884,0.7239915074309978,0.7197452229299363,0.7382978723404255,0.7191489361702128,0.6893617021276596,0.7113237639553429,0.7416267942583732,0.7077577045696068,0.7417640807651434,0.7199787460148778,0.8053435114503816,0.7164179104477612,0.8052434456928839,0.7455089820359282,0.7749077490774908,0.7863167760074976,0.7558226897069872,0.7862523540489642,0.7484984984984985,0.7939508506616257,0.7275862068965517,0.8664259927797834,0.7517482517482518,0.8412162162162162,0.711864406779661,0.7270363951473137,0.8620394173093402,0.7210708117443869,0.8684668989547039,0.7310704960835509,0.7229091255477232,0.6883676355651493,0.7345697780480389,0.6763552345448898,0.6816464891041163,0.7067093942724187,0.7034286722401044,0.7037674500710884,0.7060318145999677,0.7168312916979829,"{'cls__algorithm': 'SAMME', 'cls__learning_rate': 1.0, 'cls__n_estimators': 50, 'cls__random_state': 42, 'os__random_state': 42}",ada,lof,simple,none,smote,0.771781798616092
130.0,99.0,132.0,89.0,114.0,499.0,389.0,497.0,399.0,515.0,51.0,95.0,52.0,85.0,61.0,228.0,325.0,227.0,335.0,218.0,79.0,37.0,71.0,47.0,85.0,315.0,161.0,323.0,151.0,309.0,211.0,240.0,215.0,249.0,210.0,839.0,1006.0,835.0,997.0,840.0,0.7644927536231885,0.7843137254901961,0.7775768535262206,0.7904761904761904,0.7420494699646644,0.7555155335434489,0.8054443554843874,0.7522522522522522,0.8040322580645162,0.76121431807884,0.7239915074309978,0.7197452229299363,0.7382978723404255,0.7191489361702128,0.6893617021276596,0.7113237639553429,0.7416267942583732,0.7077577045696068,0.7417640807651434,0.7199787460148778,0.8053435114503816,0.7164179104477612,0.8052434456928839,0.7455089820359282,0.7749077490774908,0.7863167760074976,0.7558226897069872,0.7862523540489642,0.7484984984984985,0.7939508506616257,0.7275862068965517,0.8664259927797834,0.7517482517482518,0.8412162162162162,0.711864406779661,0.7270363951473137,0.8620394173093402,0.7210708117443869,0.8684668989547039,0.7310704960835509,0.7229091255477232,0.6883676355651493,0.7345697780480389,0.6763552345448898,0.6816464891041163,0.7067093942724187,0.7034286722401044,0.7037674500710884,0.7060318145999677,0.7168312916979829,"{'cls__algorithm': 'SAMME', 'cls__learning_rate': 0.5, 'cls__n_estimators': 50, 'cls__random_state': 42, 'os__random_state': 42}",ada,lof,simple,none,smote,0.771781798616092
0.0,0.0,0.0,0.0,0.0,0.0,0.0,0.0,0.0,0.0,110.0,127.0,127.0,115.0,130.0,499.0,482.0,482.0,494.0,479.0,0.0,0.0,0.0,0.0,0.0,0.0,0.0,0.0,0.0,0.0,216.0,199.0,198.0,210.0,195.0,802.0,819.0,820.0,808.0,823.0,0.7970479704797048,0.7580952380952382,0.7571701720841301,0.7850467289719627,0.7499999999999999,0.7627199239182121,0.7726415094339623,0.7728557964184731,0.7658767772511849,0.7745882352941176,0.6625766871165644,0.6104294478527608,0.6092307692307692,0.6461538461538462,0.6,0.6164488854727133,0.6295157571099155,0.6298003072196621,0.620583717357911,0.6321044546850998,0.6625766871165644,0.6104294478527608,0.6092307692307692,0.6461538461538462,0.6,0.6164488854727133,0.6295157571099155,0.6298003072196621,0.620583717357911,0.6321044546850998,1.0,1.0,1.0,1.0,1.0,1.0,1.0,1.0,1.0,1.0,0.5,0.5,0.5,0.5,0.5,0.5,0.5,0.5,0.5,0.5,"{'cls__hidden_layer_sizes': (100,), 'cls__learning_rate': 'adaptive', 'cls__learning_rate_init': 1e-05, 'cls__max_iter': 1000, 'cls__n_iter_no_change': 5, 'cls__random_state': 42}",mlp,iforest,simple,none,none,0.7694720219262071
0.0,0.0,0.0,0.0,0.0,0.0,0.0,0.0,0.0,0.0,110.0,127.0,127.0,115.0,130.0,499.0,482.0,482.0,494.0,479.0,0.0,0.0,0.0,0.0,0.0,0.0,0.0,0.0,0.0,0.0,216.0,199.0,198.0,210.0,195.0,802.0,819.0,820.0,808.0,823.0,0.7970479704797048,0.7580952380952382,0.7571701720841301,0.7850467289719627,0.7499999999999999,0.7627199239182121,0.7726415094339623,0.7728557964184731,0.7658767772511849,0.7745882352941176,0.6625766871165644,0.6104294478527608,0.6092307692307692,0.6461538461538462,0.6,0.6164488854727133,0.6295157571099155,0.6298003072196621,0.620583717357911,0.6321044546850998,0.6625766871165644,0.6104294478527608,0.6092307692307692,0.6461538461538462,0.6,0.6164488854727133,0.6295157571099155,0.6298003072196621,0.620583717357911,0.6321044546850998,1.0,1.0,1.0,1.0,1.0,1.0,1.0,1.0,1.0,1.0,0.5,0.5,0.5,0.5,0.5,0.5,0.5,0.5,0.5,0.5,"{'cls__hidden_layer_sizes': (100,), 'cls__learning_rate': 'adaptive', 'cls__learning_rate_init': 1e-05, 'cls__max_iter': 1000, 'cls__n_iter_no_change': 5, 'cls__random_state': 42}",mlp,iforest,simple,minmax,none,0.7694720219262071
135.0,137.0,101.0,118.0,118.0,503.0,501.0,396.0,522.0,520.0,47.0,59.0,86.0,53.0,68.0,237.0,225.0,339.0,229.0,216.0,75.0,70.0,50.0,83.0,73.0,321.0,326.0,150.0,319.0,323.0,219.0,209.0,238.0,221.0,216.0,839.0,849.0,1016.0,831.0,842.0,0.7821428571428571,0.7641681901279708,0.7777777777777778,0.764705882352941,0.7539267015706806,0.7504472271914132,0.7550022232103157,0.806029353431178,0.7520361990950225,0.7575348627980208,0.7436974789915967,0.728421052631579,0.7136842105263158,0.7136842105263158,0.7031578947368421,0.7063157894736842,0.7101525512887954,0.742766964755392,0.7117306680694372,0.7164650184113625,0.8233082706766918,0.7798507462686567,0.7345679012345679,0.8065693430656934,0.7605633802816901,0.7797397769516728,0.7905027932960894,0.7498154981549815,0.7839622641509434,0.7958412098298677,0.7448979591836735,0.7491039426523297,0.8263888888888888,0.7269736842105263,0.7474048442906575,0.7232758620689655,0.7225531914893617,0.8713550600343053,0.7226086956521739,0.7227467811158799,0.7433281004709577,0.7240417672445323,0.6832479203802733,0.7085160818713451,0.6909067232205974,0.7015027958993477,0.7063179180587305,0.7050652851191935,0.708840965668963,0.7146342601231573,"{'cls__algorithm': 'SAMME', 'cls__learning_rate': 0.5, 'cls__n_estimators': 100, 'cls__random_state': 42, 'os__random_state': 42}",ada,none,simple,none,smote,0.7685442817944454
135.0,137.0,101.0,118.0,118.0,503.0,501.0,396.0,522.0,520.0,47.0,59.0,86.0,53.0,68.0,237.0,225.0,339.0,229.0,216.0,75.0,70.0,50.0,83.0,73.0,321.0,326.0,150.0,319.0,323.0,219.0,209.0,238.0,221.0,216.0,839.0,849.0,1016.0,831.0,842.0,0.7821428571428571,0.7641681901279708,0.7777777777777778,0.764705882352941,0.7539267015706806,0.7504472271914132,0.7550022232103157,0.806029353431178,0.7520361990950225,0.7575348627980208,0.7436974789915967,0.728421052631579,0.7136842105263158,0.7136842105263158,0.7031578947368421,0.7063157894736842,0.7101525512887954,0.742766964755392,0.7117306680694372,0.7164650184113625,0.8233082706766918,0.7798507462686567,0.7345679012345679,0.8065693430656934,0.7605633802816901,0.7797397769516728,0.7905027932960894,0.7498154981549815,0.7839622641509434,0.7958412098298677,0.7448979591836735,0.7491039426523297,0.8263888888888888,0.7269736842105263,0.7474048442906575,0.7232758620689655,0.7225531914893617,0.8713550600343053,0.7226086956521739,0.7227467811158799,0.7433281004709577,0.7240417672445323,0.6832479203802733,0.7085160818713451,0.6909067232205974,0.7015027958993477,0.7063179180587305,0.7050652851191935,0.708840965668963,0.7146342601231573,"{'cls__algorithm': 'SAMME', 'cls__learning_rate': 1.0, 'cls__n_estimators': 50, 'cls__random_state': 42, 'os__random_state': 42}",ada,none,simple,none,smote,0.7685442817944454
135.0,137.0,101.0,118.0,118.0,503.0,501.0,396.0,522.0,520.0,47.0,59.0,86.0,53.0,68.0,237.0,225.0,339.0,229.0,216.0,75.0,70.0,50.0,83.0,73.0,321.0,326.0,150.0,319.0,323.0,219.0,209.0,238.0,221.0,216.0,839.0,849.0,1016.0,831.0,842.0,0.7821428571428571,0.7641681901279708,0.7777777777777778,0.764705882352941,0.7539267015706806,0.7504472271914132,0.7550022232103157,0.806029353431178,0.7520361990950225,0.7575348627980208,0.7436974789915967,0.728421052631579,0.7136842105263158,0.7136842105263158,0.7031578947368421,0.7063157894736842,0.7101525512887954,0.742766964755392,0.7117306680694372,0.7164650184113625,0.8233082706766918,0.7798507462686567,0.7345679012345679,0.8065693430656934,0.7605633802816901,0.7797397769516728,0.7905027932960894,0.7498154981549815,0.7839622641509434,0.7958412098298677,0.7448979591836735,0.7491039426523297,0.8263888888888888,0.7269736842105263,0.7474048442906575,0.7232758620689655,0.7225531914893617,0.8713550600343053,0.7226086956521739,0.7227467811158799,0.7433281004709577,0.7240417672445323,0.6832479203802733,0.7085160818713451,0.6909067232205974,0.7015027958993477,0.7063179180587305,0.7050652851191935,0.708840965668963,0.7146342601231573,"{'cls__algorithm': 'SAMME', 'cls__learning_rate': 1.0, 'cls__n_estimators': 100, 'cls__random_state': 42, 'os__random_state': 42}",ada,none,simple,none,smote,0.7685442817944454
135.0,137.0,101.0,118.0,118.0,503.0,501.0,396.0,522.0,520.0,47.0,59.0,86.0,53.0,68.0,237.0,225.0,339.0,229.0,216.0,75.0,70.0,50.0,83.0,73.0,321.0,326.0,150.0,319.0,323.0,219.0,209.0,238.0,221.0,216.0,839.0,849.0,1016.0,831.0,842.0,0.7821428571428571,0.7641681901279708,0.7777777777777778,0.764705882352941,0.7539267015706806,0.7504472271914132,0.7550022232103157,0.806029353431178,0.7520361990950225,0.7575348627980208,0.7436974789915967,0.728421052631579,0.7136842105263158,0.7136842105263158,0.7031578947368421,0.7063157894736842,0.7101525512887954,0.742766964755392,0.7117306680694372,0.7164650184113625,0.8233082706766918,0.7798507462686567,0.7345679012345679,0.8065693430656934,0.7605633802816901,0.7797397769516728,0.7905027932960894,0.7498154981549815,0.7839622641509434,0.7958412098298677,0.7448979591836735,0.7491039426523297,0.8263888888888888,0.7269736842105263,0.7474048442906575,0.7232758620689655,0.7225531914893617,0.8713550600343053,0.7226086956521739,0.7227467811158799,0.7433281004709577,0.7240417672445323,0.6832479203802733,0.7085160818713451,0.6909067232205974,0.7015027958993477,0.7063179180587305,0.7050652851191935,0.708840965668963,0.7146342601231573,"{'cls__algorithm': 'SAMME', 'cls__learning_rate': 0.5, 'cls__n_estimators': 50, 'cls__random_state': 42, 'os__random_state': 42}",ada,none,simple,none,smote,0.7685442817944454
46.0,53.0,45.0,38.0,48.0,184.0,177.0,185.0,192.0,182.0,64.0,74.0,82.0,77.0,82.0,315.0,305.0,297.0,302.0,297.0,32.0,30.0,26.0,39.0,27.0,122.0,124.0,128.0,115.0,127.0,184.0,169.0,172.0,171.0,168.0,680.0,695.0,692.0,693.0,696.0,0.7931034482758621,0.7647058823529412,0.7610619469026549,0.7467248908296943,0.755056179775281,0.756816917084029,0.7641561297416162,0.7650635710337202,0.7687188019966721,0.7665198237885463,0.7055214723926381,0.6809815950920245,0.6676923076923077,0.6430769230769231,0.6646153846153846,0.6641045349730976,0.6702536510376633,0.67357910906298,0.6797235023041475,0.674347158218126,0.7419354838709677,0.6954732510288066,0.6771653543307087,0.6895161290322581,0.672,0.6834170854271356,0.695,0.6996966632962589,0.6964824120603015,0.7009063444108762,0.8518518518518519,0.8492462311557789,0.8686868686868687,0.8142857142857143,0.8615384615384616,0.8478802992518704,0.8485958485958486,0.8439024390243902,0.8576732673267327,0.8456865127582017,0.635016835016835,0.6332845329007242,0.611508788674143,0.572360248447205,0.6153846153846154,0.608308887100885,0.6079078828041484,0.6138599332051411,0.6231686174690343,0.6128223795523786,"{'cls__criterion': 'gini', 'cls__max_depth': 2, 'cls__max_features': 'log2', 'cls__random_state': 42}",rf,iforest,simple,none,none,0.7641304696272867
46.0,53.0,45.0,38.0,48.0,184.0,177.0,185.0,192.0,182.0,64.0,74.0,82.0,77.0,82.0,315.0,305.0,297.0,302.0,297.0,32.0,30.0,26.0,39.0,27.0,122.0,124.0,128.0,115.0,127.0,184.0,169.0,172.0,171.0,168.0,680.0,695.0,692.0,693.0,696.0,0.7931034482758621,0.7647058823529412,0.7610619469026549,0.7467248908296943,0.755056179775281,0.756816917084029,0.7641561297416162,0.7650635710337202,0.7687188019966721,0.7665198237885463,0.7055214723926381,0.6809815950920245,0.6676923076923077,0.6430769230769231,0.6646153846153846,0.6641045349730976,0.6702536510376633,0.67357910906298,0.6797235023041475,0.674347158218126,0.7419354838709677,0.6954732510288066,0.6771653543307087,0.6895161290322581,0.672,0.6834170854271356,0.695,0.6996966632962589,0.6964824120603015,0.7009063444108762,0.8518518518518519,0.8492462311557789,0.8686868686868687,0.8142857142857143,0.8615384615384616,0.8478802992518704,0.8485958485958486,0.8439024390243902,0.8576732673267327,0.8456865127582017,0.635016835016835,0.6332845329007242,0.611508788674143,0.572360248447205,0.6153846153846154,0.608308887100885,0.6079078828041484,0.6138599332051411,0.6231686174690343,0.6128223795523786,"{'cls__algorithm': 'SAMME', 'cls__learning_rate': 0.1, 'cls__n_estimators': 100, 'cls__random_state': 42}",ada,iforest,simple,none,none,0.7641304696272867
46.0,53.0,45.0,38.0,48.0,184.0,177.0,185.0,192.0,182.0,64.0,74.0,82.0,77.0,82.0,315.0,305.0,297.0,302.0,297.0,32.0,30.0,26.0,39.0,27.0,122.0,124.0,128.0,115.0,127.0,184.0,169.0,172.0,171.0,168.0,680.0,695.0,692.0,693.0,696.0,0.7931034482758621,0.7647058823529412,0.7610619469026549,0.7467248908296943,0.755056179775281,0.756816917084029,0.7641561297416162,0.7650635710337202,0.7687188019966721,0.7665198237885463,0.7055214723926381,0.6809815950920245,0.6676923076923077,0.6430769230769231,0.6646153846153846,0.6641045349730976,0.6702536510376633,0.67357910906298,0.6797235023041475,0.674347158218126,0.7419354838709677,0.6954732510288066,0.6771653543307087,0.6895161290322581,0.672,0.6834170854271356,0.695,0.6996966632962589,0.6964824120603015,0.7009063444108762,0.8518518518518519,0.8492462311557789,0.8686868686868687,0.8142857142857143,0.8615384615384616,0.8478802992518704,0.8485958485958486,0.8439024390243902,0.8576732673267327,0.8456865127582017,0.635016835016835,0.6332845329007242,0.611508788674143,0.572360248447205,0.6153846153846154,0.608308887100885,0.6079078828041484,0.6138599332051411,0.6231686174690343,0.6128223795523786,"{'cls__criterion': 'gini', 'cls__max_depth': 4, 'cls__max_features': 'log2', 'cls__random_state': 42}",rf,iforest,simple,none,none,0.7641304696272867
46.0,53.0,45.0,38.0,48.0,184.0,177.0,185.0,192.0,182.0,64.0,74.0,82.0,77.0,82.0,315.0,305.0,297.0,302.0,297.0,32.0,30.0,26.0,39.0,27.0,122.0,124.0,128.0,115.0,127.0,184.0,169.0,172.0,171.0,168.0,680.0,695.0,692.0,693.0,696.0,0.7931034482758621,0.7647058823529412,0.7610619469026549,0.7467248908296943,0.755056179775281,0.756816917084029,0.7641561297416162,0.7650635710337202,0.7687188019966721,0.7665198237885463,0.7055214723926381,0.6809815950920245,0.6676923076923077,0.6430769230769231,0.6646153846153846,0.6641045349730976,0.6702536510376633,0.67357910906298,0.6797235023041475,0.674347158218126,0.7419354838709677,0.6954732510288066,0.6771653543307087,0.6895161290322581,0.672,0.6834170854271356,0.695,0.6996966632962589,0.6964824120603015,0.7009063444108762,0.8518518518518519,0.8492462311557789,0.8686868686868687,0.8142857142857143,0.8615384615384616,0.8478802992518704,0.8485958485958486,0.8439024390243902,0.8576732673267327,0.8456865127582017,0.635016835016835,0.6332845329007242,0.611508788674143,0.572360248447205,0.6153846153846154,0.608308887100885,0.6079078828041484,0.6138599332051411,0.6231686174690343,0.6128223795523786,"{'cls__C': 1, 'cls__probability': True, 'cls__random_state': 42}",svc,iforest,simple,none,none,0.7641304696272867
46.0,53.0,45.0,38.0,48.0,184.0,177.0,185.0,192.0,182.0,64.0,74.0,82.0,77.0,82.0,315.0,305.0,297.0,302.0,297.0,32.0,30.0,26.0,39.0,27.0,122.0,124.0,128.0,115.0,127.0,184.0,169.0,172.0,171.0,168.0,680.0,695.0,692.0,693.0,696.0,0.7931034482758621,0.7647058823529412,0.7610619469026549,0.7467248908296943,0.755056179775281,0.756816917084029,0.7641561297416162,0.7650635710337202,0.7687188019966721,0.7665198237885463,0.7055214723926381,0.6809815950920245,0.6676923076923077,0.6430769230769231,0.6646153846153846,0.6641045349730976,0.6702536510376633,0.67357910906298,0.6797235023041475,0.674347158218126,0.7419354838709677,0.6954732510288066,0.6771653543307087,0.6895161290322581,0.672,0.6834170854271356,0.695,0.6996966632962589,0.6964824120603015,0.7009063444108762,0.8518518518518519,0.8492462311557789,0.8686868686868687,0.8142857142857143,0.8615384615384616,0.8478802992518704,0.8485958485958486,0.8439024390243902,0.8576732673267327,0.8456865127582017,0.635016835016835,0.6332845329007242,0.611508788674143,0.572360248447205,0.6153846153846154,0.608308887100885,0.6079078828041484,0.6138599332051411,0.6231686174690343,0.6128223795523786,"{'cls__criterion': 'entropy', 'cls__max_depth': 2, 'cls__max_features': 'log2', 'cls__random_state': 42}",rf,iforest,simple,none,none,0.7641304696272867
46.0,53.0,45.0,38.0,48.0,184.0,177.0,185.0,192.0,182.0,64.0,74.0,82.0,77.0,82.0,315.0,305.0,297.0,302.0,297.0,32.0,30.0,26.0,39.0,27.0,122.0,124.0,128.0,115.0,127.0,184.0,169.0,172.0,171.0,168.0,680.0,695.0,692.0,693.0,696.0,0.7931034482758621,0.7647058823529412,0.7610619469026549,0.7467248908296943,0.755056179775281,0.756816917084029,0.7641561297416162,0.7650635710337202,0.7687188019966721,0.7665198237885463,0.7055214723926381,0.6809815950920245,0.6676923076923077,0.6430769230769231,0.6646153846153846,0.6641045349730976,0.6702536510376633,0.67357910906298,0.6797235023041475,0.674347158218126,0.7419354838709677,0.6954732510288066,0.6771653543307087,0.6895161290322581,0.672,0.6834170854271356,0.695,0.6996966632962589,0.6964824120603015,0.7009063444108762,0.8518518518518519,0.8492462311557789,0.8686868686868687,0.8142857142857143,0.8615384615384616,0.8478802992518704,0.8485958485958486,0.8439024390243902,0.8576732673267327,0.8456865127582017,0.635016835016835,0.6332845329007242,0.611508788674143,0.572360248447205,0.6153846153846154,0.608308887100885,0.6079078828041484,0.6138599332051411,0.6231686174690343,0.6128223795523786,"{'cls__criterion': 'entropy', 'cls__max_depth': 4, 'cls__max_features': 'log2', 'cls__random_state': 42}",rf,iforest,simple,none,none,0.7641304696272867
46.0,53.0,45.0,38.0,48.0,184.0,177.0,185.0,192.0,182.0,64.0,74.0,82.0,77.0,82.0,315.0,305.0,297.0,302.0,297.0,32.0,30.0,26.0,39.0,27.0,122.0,124.0,128.0,115.0,127.0,184.0,169.0,172.0,171.0,168.0,680.0,695.0,692.0,693.0,696.0,0.7931034482758621,0.7647058823529412,0.7610619469026549,0.7467248908296943,0.755056179775281,0.756816917084029,0.7641561297416162,0.7650635710337202,0.7687188019966721,0.7665198237885463,0.7055214723926381,0.6809815950920245,0.6676923076923077,0.6430769230769231,0.6646153846153846,0.6641045349730976,0.6702536510376633,0.67357910906298,0.6797235023041475,0.674347158218126,0.7419354838709677,0.6954732510288066,0.6771653543307087,0.6895161290322581,0.672,0.6834170854271356,0.695,0.6996966632962589,0.6964824120603015,0.7009063444108762,0.8518518518518519,0.8492462311557789,0.8686868686868687,0.8142857142857143,0.8615384615384616,0.8478802992518704,0.8485958485958486,0.8439024390243902,0.8576732673267327,0.8456865127582017,0.635016835016835,0.6332845329007242,0.611508788674143,0.572360248447205,0.6153846153846154,0.608308887100885,0.6079078828041484,0.6138599332051411,0.6231686174690343,0.6128223795523786,"{'cls__criterion': 'entropy', 'cls__max_depth': None, 'cls__max_features': 'log2', 'cls__random_state': 42}",rf,iforest,simple,none,none,0.7641304696272867
46.0,53.0,45.0,38.0,48.0,184.0,177.0,185.0,192.0,182.0,64.0,74.0,82.0,77.0,82.0,315.0,305.0,297.0,302.0,297.0,32.0,30.0,26.0,39.0,27.0,122.0,124.0,128.0,115.0,127.0,184.0,169.0,172.0,171.0,168.0,680.0,695.0,692.0,693.0,696.0,0.7931034482758621,0.7647058823529412,0.7610619469026549,0.7467248908296943,0.755056179775281,0.756816917084029,0.7641561297416162,0.7650635710337202,0.7687188019966721,0.7665198237885463,0.7055214723926381,0.6809815950920245,0.6676923076923077,0.6430769230769231,0.6646153846153846,0.6641045349730976,0.6702536510376633,0.67357910906298,0.6797235023041475,0.674347158218126,0.7419354838709677,0.6954732510288066,0.6771653543307087,0.6895161290322581,0.672,0.6834170854271356,0.695,0.6996966632962589,0.6964824120603015,0.7009063444108762,0.8518518518518519,0.8492462311557789,0.8686868686868687,0.8142857142857143,0.8615384615384616,0.8478802992518704,0.8485958485958486,0.8439024390243902,0.8576732673267327,0.8456865127582017,0.635016835016835,0.6332845329007242,0.611508788674143,0.572360248447205,0.6153846153846154,0.608308887100885,0.6079078828041484,0.6138599332051411,0.6231686174690343,0.6128223795523786,"{'cls__algorithm': 'SAMME', 'cls__learning_rate': 0.1, 'cls__n_estimators': 10, 'cls__random_state': 42}",ada,iforest,simple,none,none,0.7641304696272867
46.0,53.0,45.0,38.0,48.0,184.0,177.0,185.0,192.0,182.0,64.0,74.0,82.0,77.0,82.0,315.0,305.0,297.0,302.0,297.0,32.0,30.0,26.0,39.0,27.0,122.0,124.0,128.0,115.0,127.0,184.0,169.0,172.0,171.0,168.0,680.0,695.0,692.0,693.0,696.0,0.7931034482758621,0.7647058823529412,0.7610619469026549,0.7467248908296943,0.755056179775281,0.756816917084029,0.7641561297416162,0.7650635710337202,0.7687188019966721,0.7665198237885463,0.7055214723926381,0.6809815950920245,0.6676923076923077,0.6430769230769231,0.6646153846153846,0.6641045349730976,0.6702536510376633,0.67357910906298,0.6797235023041475,0.674347158218126,0.7419354838709677,0.6954732510288066,0.6771653543307087,0.6895161290322581,0.672,0.6834170854271356,0.695,0.6996966632962589,0.6964824120603015,0.7009063444108762,0.8518518518518519,0.8492462311557789,0.8686868686868687,0.8142857142857143,0.8615384615384616,0.8478802992518704,0.8485958485958486,0.8439024390243902,0.8576732673267327,0.8456865127582017,0.635016835016835,0.6332845329007242,0.611508788674143,0.572360248447205,0.6153846153846154,0.608308887100885,0.6079078828041484,0.6138599332051411,0.6231686174690343,0.6128223795523786,"{'cls__algorithm': 'SAMME', 'cls__learning_rate': 0.1, 'cls__n_estimators': 50, 'cls__random_state': 42}",ada,iforest,simple,none,none,0.7641304696272867
46.0,53.0,45.0,38.0,48.0,184.0,177.0,185.0,192.0,182.0,64.0,74.0,82.0,77.0,82.0,315.0,305.0,297.0,302.0,297.0,32.0,30.0,26.0,39.0,27.0,122.0,124.0,128.0,115.0,127.0,184.0,169.0,172.0,171.0,168.0,680.0,695.0,692.0,693.0,696.0,0.7931034482758621,0.7647058823529412,0.7610619469026549,0.7467248908296943,0.755056179775281,0.756816917084029,0.7641561297416162,0.7650635710337202,0.7687188019966721,0.7665198237885463,0.7055214723926381,0.6809815950920245,0.6676923076923077,0.6430769230769231,0.6646153846153846,0.6641045349730976,0.6702536510376633,0.67357910906298,0.6797235023041475,0.674347158218126,0.7419354838709677,0.6954732510288066,0.6771653543307087,0.6895161290322581,0.672,0.6834170854271356,0.695,0.6996966632962589,0.6964824120603015,0.7009063444108762,0.8518518518518519,0.8492462311557789,0.8686868686868687,0.8142857142857143,0.8615384615384616,0.8478802992518704,0.8485958485958486,0.8439024390243902,0.8576732673267327,0.8456865127582017,0.635016835016835,0.6332845329007242,0.611508788674143,0.572360248447205,0.6153846153846154,0.608308887100885,0.6079078828041484,0.6138599332051411,0.6231686174690343,0.6128223795523786,"{'cls__hidden_layer_sizes': (100,), 'cls__learning_rate': 'adaptive', 'cls__learning_rate_init': 0.0001, 'cls__max_iter': 1000, 'cls__n_iter_no_change': 5, 'cls__random_state': 42}",mlp,iforest,simple,none,none,0.7641304696272867
46.0,53.0,45.0,38.0,48.0,184.0,177.0,185.0,192.0,182.0,64.0,74.0,82.0,77.0,82.0,315.0,305.0,297.0,302.0,297.0,32.0,30.0,26.0,39.0,27.0,122.0,124.0,128.0,115.0,127.0,184.0,169.0,172.0,171.0,168.0,680.0,695.0,692.0,693.0,696.0,0.7931034482758621,0.7647058823529412,0.7610619469026549,0.7467248908296943,0.755056179775281,0.756816917084029,0.7641561297416162,0.7650635710337202,0.7687188019966721,0.7665198237885463,0.7055214723926381,0.6809815950920245,0.6676923076923077,0.6430769230769231,0.6646153846153846,0.6641045349730976,0.6702536510376633,0.67357910906298,0.6797235023041475,0.674347158218126,0.7419354838709677,0.6954732510288066,0.6771653543307087,0.6895161290322581,0.672,0.6834170854271356,0.695,0.6996966632962589,0.6964824120603015,0.7009063444108762,0.8518518518518519,0.8492462311557789,0.8686868686868687,0.8142857142857143,0.8615384615384616,0.8478802992518704,0.8485958485958486,0.8439024390243902,0.8576732673267327,0.8456865127582017,0.635016835016835,0.6332845329007242,0.611508788674143,0.572360248447205,0.6153846153846154,0.608308887100885,0.6079078828041484,0.6138599332051411,0.6231686174690343,0.6128223795523786,"{'cls__algorithm': 'SAMME', 'cls__learning_rate': 0.5, 'cls__n_estimators': 10, 'cls__random_state': 42}",ada,iforest,simple,none,none,0.7641304696272867
46.0,53.0,45.0,38.0,48.0,184.0,177.0,185.0,192.0,182.0,64.0,74.0,82.0,77.0,82.0,315.0,305.0,297.0,302.0,297.0,32.0,30.0,26.0,39.0,27.0,122.0,124.0,128.0,115.0,127.0,184.0,169.0,172.0,171.0,168.0,680.0,695.0,692.0,693.0,696.0,0.7931034482758621,0.7647058823529412,0.7610619469026549,0.7467248908296943,0.755056179775281,0.756816917084029,0.7641561297416162,0.7650635710337202,0.7687188019966721,0.7665198237885463,0.7055214723926381,0.6809815950920245,0.6676923076923077,0.6430769230769231,0.6646153846153846,0.6641045349730976,0.6702536510376633,0.67357910906298,0.6797235023041475,0.674347158218126,0.7419354838709677,0.6954732510288066,0.6771653543307087,0.6895161290322581,0.672,0.6834170854271356,0.695,0.6996966632962589,0.6964824120603015,0.7009063444108762,0.8518518518518519,0.8492462311557789,0.8686868686868687,0.8142857142857143,0.8615384615384616,0.8478802992518704,0.8485958485958486,0.8439024390243902,0.8576732673267327,0.8456865127582017,0.635016835016835,0.6332845329007242,0.611508788674143,0.572360248447205,0.6153846153846154,0.608308887100885,0.6079078828041484,0.6138599332051411,0.6231686174690343,0.6128223795523786,"{'cls__algorithm': 'SAMME', 'cls__learning_rate': 0.5, 'cls__n_estimators': 50, 'cls__random_state': 42}",ada,iforest,simple,none,none,0.7641304696272867
46.0,53.0,45.0,38.0,48.0,184.0,177.0,185.0,192.0,182.0,64.0,74.0,82.0,77.0,82.0,315.0,305.0,297.0,302.0,297.0,32.0,30.0,26.0,39.0,27.0,122.0,124.0,128.0,115.0,127.0,184.0,169.0,172.0,171.0,168.0,680.0,695.0,692.0,693.0,696.0,0.7931034482758621,0.7647058823529412,0.7610619469026549,0.7467248908296943,0.755056179775281,0.756816917084029,0.7641561297416162,0.7650635710337202,0.7687188019966721,0.7665198237885463,0.7055214723926381,0.6809815950920245,0.6676923076923077,0.6430769230769231,0.6646153846153846,0.6641045349730976,0.6702536510376633,0.67357910906298,0.6797235023041475,0.674347158218126,0.7419354838709677,0.6954732510288066,0.6771653543307087,0.6895161290322581,0.672,0.6834170854271356,0.695,0.6996966632962589,0.6964824120603015,0.7009063444108762,0.8518518518518519,0.8492462311557789,0.8686868686868687,0.8142857142857143,0.8615384615384616,0.8478802992518704,0.8485958485958486,0.8439024390243902,0.8576732673267327,0.8456865127582017,0.635016835016835,0.6332845329007242,0.611508788674143,0.572360248447205,0.6153846153846154,0.608308887100885,0.6079078828041484,0.6138599332051411,0.6231686174690343,0.6128223795523786,"{'cls__algorithm': 'SAMME', 'cls__learning_rate': 0.5, 'cls__n_estimators': 100, 'cls__random_state': 42}",ada,iforest,simple,none,none,0.7641304696272867
46.0,53.0,45.0,38.0,48.0,184.0,177.0,185.0,192.0,182.0,64.0,74.0,82.0,77.0,82.0,315.0,305.0,297.0,302.0,297.0,32.0,30.0,26.0,39.0,27.0,122.0,124.0,128.0,115.0,127.0,184.0,169.0,172.0,171.0,168.0,680.0,695.0,692.0,693.0,696.0,0.7931034482758621,0.7647058823529412,0.7610619469026549,0.7467248908296943,0.755056179775281,0.756816917084029,0.7641561297416162,0.7650635710337202,0.7687188019966721,0.7665198237885463,0.7055214723926381,0.6809815950920245,0.6676923076923077,0.6430769230769231,0.6646153846153846,0.6641045349730976,0.6702536510376633,0.67357910906298,0.6797235023041475,0.674347158218126,0.7419354838709677,0.6954732510288066,0.6771653543307087,0.6895161290322581,0.672,0.6834170854271356,0.695,0.6996966632962589,0.6964824120603015,0.7009063444108762,0.8518518518518519,0.8492462311557789,0.8686868686868687,0.8142857142857143,0.8615384615384616,0.8478802992518704,0.8485958485958486,0.8439024390243902,0.8576732673267327,0.8456865127582017,0.635016835016835,0.6332845329007242,0.611508788674143,0.572360248447205,0.6153846153846154,0.608308887100885,0.6079078828041484,0.6138599332051411,0.6231686174690343,0.6128223795523786,"{'cls__algorithm': 'SAMME', 'cls__learning_rate': 1.0, 'cls__n_estimators': 10, 'cls__random_state': 42}",ada,iforest,simple,none,none,0.7641304696272867
46.0,53.0,45.0,38.0,48.0,184.0,177.0,185.0,192.0,182.0,64.0,74.0,82.0,77.0,82.0,315.0,305.0,297.0,302.0,297.0,32.0,30.0,26.0,39.0,27.0,122.0,124.0,128.0,115.0,127.0,184.0,169.0,172.0,171.0,168.0,680.0,695.0,692.0,693.0,696.0,0.7931034482758621,0.7647058823529412,0.7610619469026549,0.7467248908296943,0.755056179775281,0.756816917084029,0.7641561297416162,0.7650635710337202,0.7687188019966721,0.7665198237885463,0.7055214723926381,0.6809815950920245,0.6676923076923077,0.6430769230769231,0.6646153846153846,0.6641045349730976,0.6702536510376633,0.67357910906298,0.6797235023041475,0.674347158218126,0.7419354838709677,0.6954732510288066,0.6771653543307087,0.6895161290322581,0.672,0.6834170854271356,0.695,0.6996966632962589,0.6964824120603015,0.7009063444108762,0.8518518518518519,0.8492462311557789,0.8686868686868687,0.8142857142857143,0.8615384615384616,0.8478802992518704,0.8485958485958486,0.8439024390243902,0.8576732673267327,0.8456865127582017,0.635016835016835,0.6332845329007242,0.611508788674143,0.572360248447205,0.6153846153846154,0.608308887100885,0.6079078828041484,0.6138599332051411,0.6231686174690343,0.6128223795523786,"{'cls__algorithm': 'SAMME', 'cls__learning_rate': 1.0, 'cls__n_estimators': 50, 'cls__random_state': 42}",ada,iforest,simple,none,none,0.7641304696272867
46.0,53.0,45.0,38.0,48.0,184.0,177.0,185.0,192.0,182.0,64.0,74.0,82.0,77.0,82.0,315.0,305.0,297.0,302.0,297.0,32.0,30.0,26.0,39.0,27.0,122.0,124.0,128.0,115.0,127.0,184.0,169.0,172.0,171.0,168.0,680.0,695.0,692.0,693.0,696.0,0.7931034482758621,0.7647058823529412,0.7610619469026549,0.7467248908296943,0.755056179775281,0.756816917084029,0.7641561297416162,0.7650635710337202,0.7687188019966721,0.7665198237885463,0.7055214723926381,0.6809815950920245,0.6676923076923077,0.6430769230769231,0.6646153846153846,0.6641045349730976,0.6702536510376633,0.67357910906298,0.6797235023041475,0.674347158218126,0.7419354838709677,0.6954732510288066,0.6771653543307087,0.6895161290322581,0.672,0.6834170854271356,0.695,0.6996966632962589,0.6964824120603015,0.7009063444108762,0.8518518518518519,0.8492462311557789,0.8686868686868687,0.8142857142857143,0.8615384615384616,0.8478802992518704,0.8485958485958486,0.8439024390243902,0.8576732673267327,0.8456865127582017,0.635016835016835,0.6332845329007242,0.611508788674143,0.572360248447205,0.6153846153846154,0.608308887100885,0.6079078828041484,0.6138599332051411,0.6231686174690343,0.6128223795523786,"{'cls__algorithm': 'SAMME', 'cls__learning_rate': 1.0, 'cls__n_estimators': 100, 'cls__random_state': 42}",ada,iforest,simple,none,none,0.7641304696272867
46.0,53.0,45.0,38.0,48.0,184.0,177.0,185.0,192.0,182.0,64.0,74.0,82.0,77.0,82.0,315.0,305.0,297.0,302.0,297.0,32.0,30.0,26.0,39.0,27.0,122.0,124.0,128.0,115.0,127.0,184.0,169.0,172.0,171.0,168.0,680.0,695.0,692.0,693.0,696.0,0.7931034482758621,0.7647058823529412,0.7610619469026549,0.7467248908296943,0.755056179775281,0.756816917084029,0.7641561297416162,0.7650635710337202,0.7687188019966721,0.7665198237885463,0.7055214723926381,0.6809815950920245,0.6676923076923077,0.6430769230769231,0.6646153846153846,0.6641045349730976,0.6702536510376633,0.67357910906298,0.6797235023041475,0.674347158218126,0.7419354838709677,0.6954732510288066,0.6771653543307087,0.6895161290322581,0.672,0.6834170854271356,0.695,0.6996966632962589,0.6964824120603015,0.7009063444108762,0.8518518518518519,0.8492462311557789,0.8686868686868687,0.8142857142857143,0.8615384615384616,0.8478802992518704,0.8485958485958486,0.8439024390243902,0.8576732673267327,0.8456865127582017,0.635016835016835,0.6332845329007242,0.611508788674143,0.572360248447205,0.6153846153846154,0.608308887100885,0.6079078828041484,0.6138599332051411,0.6231686174690343,0.6128223795523786,{},nb,iforest,simple,none,none,0.7641304696272867
46.0,53.0,45.0,38.0,48.0,184.0,177.0,185.0,192.0,182.0,64.0,74.0,82.0,77.0,82.0,315.0,305.0,297.0,302.0,297.0,32.0,30.0,26.0,39.0,27.0,122.0,124.0,128.0,115.0,127.0,184.0,169.0,172.0,171.0,168.0,680.0,695.0,692.0,693.0,696.0,0.7931034482758621,0.7647058823529412,0.7610619469026549,0.7467248908296943,0.755056179775281,0.756816917084029,0.7641561297416162,0.7650635710337202,0.7687188019966721,0.7665198237885463,0.7055214723926381,0.6809815950920245,0.6676923076923077,0.6430769230769231,0.6646153846153846,0.6641045349730976,0.6702536510376633,0.67357910906298,0.6797235023041475,0.674347158218126,0.7419354838709677,0.6954732510288066,0.6771653543307087,0.6895161290322581,0.672,0.6834170854271356,0.695,0.6996966632962589,0.6964824120603015,0.7009063444108762,0.8518518518518519,0.8492462311557789,0.8686868686868687,0.8142857142857143,0.8615384615384616,0.8478802992518704,0.8485958485958486,0.8439024390243902,0.8576732673267327,0.8456865127582017,0.635016835016835,0.6332845329007242,0.611508788674143,0.572360248447205,0.6153846153846154,0.608308887100885,0.6079078828041484,0.6138599332051411,0.6231686174690343,0.6128223795523786,"{'cls__hidden_layer_sizes': (100,), 'cls__learning_rate': 'adaptive', 'cls__learning_rate_init': 0.001, 'cls__max_iter': 1000, 'cls__n_iter_no_change': 5, 'cls__random_state': 42}",mlp,iforest,simple,none,none,0.7641304696272867
46.0,53.0,45.0,38.0,48.0,184.0,177.0,185.0,192.0,182.0,64.0,74.0,82.0,77.0,82.0,315.0,305.0,297.0,302.0,297.0,32.0,30.0,26.0,39.0,27.0,122.0,124.0,128.0,115.0,127.0,184.0,169.0,172.0,171.0,168.0,680.0,695.0,692.0,693.0,696.0,0.7931034482758621,0.7647058823529412,0.7610619469026549,0.7467248908296943,0.755056179775281,0.756816917084029,0.7641561297416162,0.7650635710337202,0.7687188019966721,0.7665198237885463,0.7055214723926381,0.6809815950920245,0.6676923076923077,0.6430769230769231,0.6646153846153846,0.6641045349730976,0.6702536510376633,0.67357910906298,0.6797235023041475,0.674347158218126,0.7419354838709677,0.6954732510288066,0.6771653543307087,0.6895161290322581,0.672,0.6834170854271356,0.695,0.6996966632962589,0.6964824120603015,0.7009063444108762,0.8518518518518519,0.8492462311557789,0.8686868686868687,0.8142857142857143,0.8615384615384616,0.8478802992518704,0.8485958485958486,0.8439024390243902,0.8576732673267327,0.8456865127582017,0.635016835016835,0.6332845329007242,0.611508788674143,0.572360248447205,0.6153846153846154,0.608308887100885,0.6079078828041484,0.6138599332051411,0.6231686174690343,0.6128223795523786,"{'cls__hidden_layer_sizes': (100,), 'cls__learning_rate': 'adaptive', 'cls__learning_rate_init': 1e-05, 'cls__max_iter': 1000, 'cls__n_iter_no_change': 5, 'cls__random_state': 42, 'os__random_state': 42}",mlp,iforest,simple,none,smote,0.7641304696272867
46.0,53.0,45.0,38.0,48.0,184.0,177.0,185.0,192.0,182.0,64.0,74.0,82.0,77.0,82.0,315.0,305.0,297.0,302.0,297.0,32.0,30.0,26.0,39.0,27.0,122.0,124.0,128.0,115.0,127.0,184.0,169.0,172.0,171.0,168.0,680.0,695.0,692.0,693.0,696.0,0.7931034482758621,0.7647058823529412,0.7610619469026549,0.7467248908296943,0.755056179775281,0.756816917084029,0.7641561297416162,0.7650635710337202,0.7687188019966721,0.7665198237885463,0.7055214723926381,0.6809815950920245,0.6676923076923077,0.6430769230769231,0.6646153846153846,0.6641045349730976,0.6702536510376633,0.67357910906298,0.6797235023041475,0.674347158218126,0.7419354838709677,0.6954732510288066,0.6771653543307087,0.6895161290322581,0.672,0.6834170854271356,0.695,0.6996966632962589,0.6964824120603015,0.7009063444108762,0.8518518518518519,0.8492462311557789,0.8686868686868687,0.8142857142857143,0.8615384615384616,0.8478802992518704,0.8485958485958486,0.8439024390243902,0.8576732673267327,0.8456865127582017,0.635016835016835,0.6332845329007242,0.611508788674143,0.572360248447205,0.6153846153846154,0.608308887100885,0.6079078828041484,0.6138599332051411,0.6231686174690343,0.6128223795523786,"{'cls__C': 10, 'cls__probability': True, 'cls__random_state': 42}",svc,iforest,simple,none,none,0.7641304696272867
46.0,53.0,45.0,38.0,48.0,184.0,177.0,185.0,192.0,182.0,64.0,74.0,82.0,77.0,82.0,315.0,305.0,297.0,302.0,297.0,32.0,30.0,26.0,39.0,27.0,122.0,124.0,128.0,115.0,127.0,184.0,169.0,172.0,171.0,168.0,680.0,695.0,692.0,693.0,696.0,0.7931034482758621,0.7647058823529412,0.7610619469026549,0.7467248908296943,0.755056179775281,0.756816917084029,0.7641561297416162,0.7650635710337202,0.7687188019966721,0.7665198237885463,0.7055214723926381,0.6809815950920245,0.6676923076923077,0.6430769230769231,0.6646153846153846,0.6641045349730976,0.6702536510376633,0.67357910906298,0.6797235023041475,0.674347158218126,0.7419354838709677,0.6954732510288066,0.6771653543307087,0.6895161290322581,0.672,0.6834170854271356,0.695,0.6996966632962589,0.6964824120603015,0.7009063444108762,0.8518518518518519,0.8492462311557789,0.8686868686868687,0.8142857142857143,0.8615384615384616,0.8478802992518704,0.8485958485958486,0.8439024390243902,0.8576732673267327,0.8456865127582017,0.635016835016835,0.6332845329007242,0.611508788674143,0.572360248447205,0.6153846153846154,0.608308887100885,0.6079078828041484,0.6138599332051411,0.6231686174690343,0.6128223795523786,"{'cls__criterion': 'gini', 'cls__max_depth': None, 'cls__max_features': 'log2', 'cls__random_state': 42}",rf,iforest,simple,none,none,0.7641304696272867
46.0,53.0,45.0,38.0,48.0,184.0,177.0,185.0,192.0,182.0,64.0,74.0,82.0,77.0,82.0,315.0,305.0,297.0,302.0,297.0,32.0,30.0,26.0,39.0,27.0,122.0,124.0,128.0,115.0,127.0,184.0,169.0,172.0,171.0,168.0,680.0,695.0,692.0,693.0,696.0,0.7931034482758621,0.7647058823529412,0.7610619469026549,0.7467248908296943,0.755056179775281,0.756816917084029,0.7641561297416162,0.7650635710337202,0.7687188019966721,0.7665198237885463,0.7055214723926381,0.6809815950920245,0.6676923076923077,0.6430769230769231,0.6646153846153846,0.6641045349730976,0.6702536510376633,0.67357910906298,0.6797235023041475,0.674347158218126,0.7419354838709677,0.6954732510288066,0.6771653543307087,0.6895161290322581,0.672,0.6834170854271356,0.695,0.6996966632962589,0.6964824120603015,0.7009063444108762,0.8518518518518519,0.8492462311557789,0.8686868686868687,0.8142857142857143,0.8615384615384616,0.8478802992518704,0.8485958485958486,0.8439024390243902,0.8576732673267327,0.8456865127582017,0.635016835016835,0.6332845329007242,0.611508788674143,0.572360248447205,0.6153846153846154,0.608308887100885,0.6079078828041484,0.6138599332051411,0.6231686174690343,0.6128223795523786,"{'cls__C': 0.1, 'cls__probability': True, 'cls__random_state': 42}",svc,iforest,simple,none,none,0.7641304696272867
46.0,53.0,45.0,38.0,48.0,184.0,177.0,185.0,192.0,182.0,64.0,74.0,82.0,77.0,82.0,315.0,305.0,297.0,302.0,297.0,32.0,30.0,26.0,39.0,27.0,122.0,124.0,128.0,115.0,127.0,184.0,169.0,172.0,171.0,168.0,680.0,695.0,692.0,693.0,696.0,0.7931034482758621,0.7647058823529412,0.7610619469026549,0.7467248908296943,0.755056179775281,0.756816917084029,0.7641561297416162,0.7650635710337202,0.7687188019966721,0.7665198237885463,0.7055214723926381,0.6809815950920245,0.6676923076923077,0.6430769230769231,0.6646153846153846,0.6641045349730976,0.6702536510376633,0.67357910906298,0.6797235023041475,0.674347158218126,0.7419354838709677,0.6954732510288066,0.6771653543307087,0.6895161290322581,0.672,0.6834170854271356,0.695,0.6996966632962589,0.6964824120603015,0.7009063444108762,0.8518518518518519,0.8492462311557789,0.8686868686868687,0.8142857142857143,0.8615384615384616,0.8478802992518704,0.8485958485958486,0.8439024390243902,0.8576732673267327,0.8456865127582017,0.635016835016835,0.6332845329007242,0.611508788674143,0.572360248447205,0.6153846153846154,0.608308887100885,0.6079078828041484,0.6138599332051411,0.6231686174690343,0.6128223795523786,"{'cls__hidden_layer_sizes': (100,), 'cls__learning_rate': 'adaptive', 'cls__learning_rate_init': 0.0001, 'cls__max_iter': 1000, 'cls__n_iter_no_change': 5, 'cls__random_state': 42}",mlp,iforest,simple,standard,none,0.7641304696272867
46.0,53.0,45.0,38.0,48.0,184.0,177.0,185.0,192.0,182.0,64.0,74.0,82.0,77.0,82.0,315.0,305.0,297.0,302.0,297.0,32.0,30.0,26.0,39.0,27.0,122.0,124.0,128.0,115.0,127.0,184.0,169.0,172.0,171.0,168.0,680.0,695.0,692.0,693.0,696.0,0.7931034482758621,0.7647058823529412,0.7610619469026549,0.7467248908296943,0.755056179775281,0.756816917084029,0.7641561297416162,0.7650635710337202,0.7687188019966721,0.7665198237885463,0.7055214723926381,0.6809815950920245,0.6676923076923077,0.6430769230769231,0.6646153846153846,0.6641045349730976,0.6702536510376633,0.67357910906298,0.6797235023041475,0.674347158218126,0.7419354838709677,0.6954732510288066,0.6771653543307087,0.6895161290322581,0.672,0.6834170854271356,0.695,0.6996966632962589,0.6964824120603015,0.7009063444108762,0.8518518518518519,0.8492462311557789,0.8686868686868687,0.8142857142857143,0.8615384615384616,0.8478802992518704,0.8485958485958486,0.8439024390243902,0.8576732673267327,0.8456865127582017,0.635016835016835,0.6332845329007242,0.611508788674143,0.572360248447205,0.6153846153846154,0.608308887100885,0.6079078828041484,0.6138599332051411,0.6231686174690343,0.6128223795523786,{},nb,iforest,simple,standard,none,0.7641304696272867
46.0,53.0,45.0,38.0,48.0,184.0,177.0,185.0,192.0,182.0,64.0,74.0,82.0,77.0,82.0,315.0,305.0,297.0,302.0,297.0,32.0,30.0,26.0,39.0,27.0,122.0,124.0,128.0,115.0,127.0,184.0,169.0,172.0,171.0,168.0,680.0,695.0,692.0,693.0,696.0,0.7931034482758621,0.7647058823529412,0.7610619469026549,0.7467248908296943,0.755056179775281,0.756816917084029,0.7641561297416162,0.7650635710337202,0.7687188019966721,0.7665198237885463,0.7055214723926381,0.6809815950920245,0.6676923076923077,0.6430769230769231,0.6646153846153846,0.6641045349730976,0.6702536510376633,0.67357910906298,0.6797235023041475,0.674347158218126,0.7419354838709677,0.6954732510288066,0.6771653543307087,0.6895161290322581,0.672,0.6834170854271356,0.695,0.6996966632962589,0.6964824120603015,0.7009063444108762,0.8518518518518519,0.8492462311557789,0.8686868686868687,0.8142857142857143,0.8615384615384616,0.8478802992518704,0.8485958485958486,0.8439024390243902,0.8576732673267327,0.8456865127582017,0.635016835016835,0.6332845329007242,0.611508788674143,0.572360248447205,0.6153846153846154,0.608308887100885,0.6079078828041484,0.6138599332051411,0.6231686174690343,0.6128223795523786,"{'cls__C': 0.1, 'cls__probability': True, 'cls__random_state': 42}",svc,iforest,simple,standard,none,0.7641304696272867
46.0,53.0,45.0,38.0,48.0,184.0,177.0,185.0,192.0,182.0,64.0,74.0,82.0,77.0,82.0,315.0,305.0,297.0,302.0,297.0,32.0,30.0,26.0,39.0,27.0,122.0,124.0,128.0,115.0,127.0,184.0,169.0,172.0,171.0,168.0,680.0,695.0,692.0,693.0,696.0,0.7931034482758621,0.7647058823529412,0.7610619469026549,0.7467248908296943,0.755056179775281,0.756816917084029,0.7641561297416162,0.7650635710337202,0.7687188019966721,0.7665198237885463,0.7055214723926381,0.6809815950920245,0.6676923076923077,0.6430769230769231,0.6646153846153846,0.6641045349730976,0.6702536510376633,0.67357910906298,0.6797235023041475,0.674347158218126,0.7419354838709677,0.6954732510288066,0.6771653543307087,0.6895161290322581,0.672,0.6834170854271356,0.695,0.6996966632962589,0.6964824120603015,0.7009063444108762,0.8518518518518519,0.8492462311557789,0.8686868686868687,0.8142857142857143,0.8615384615384616,0.8478802992518704,0.8485958485958486,0.8439024390243902,0.8576732673267327,0.8456865127582017,0.635016835016835,0.6332845329007242,0.611508788674143,0.572360248447205,0.6153846153846154,0.608308887100885,0.6079078828041484,0.6138599332051411,0.6231686174690343,0.6128223795523786,"{'cls__C': 10, 'cls__probability': True, 'cls__random_state': 42}",svc,iforest,simple,minmax,none,0.7641304696272867
46.0,53.0,45.0,38.0,48.0,184.0,177.0,185.0,192.0,182.0,64.0,74.0,82.0,77.0,82.0,315.0,305.0,297.0,302.0,297.0,32.0,30.0,26.0,39.0,27.0,122.0,124.0,128.0,115.0,127.0,184.0,169.0,172.0,171.0,168.0,680.0,695.0,692.0,693.0,696.0,0.7931034482758621,0.7647058823529412,0.7610619469026549,0.7467248908296943,0.755056179775281,0.756816917084029,0.7641561297416162,0.7650635710337202,0.7687188019966721,0.7665198237885463,0.7055214723926381,0.6809815950920245,0.6676923076923077,0.6430769230769231,0.6646153846153846,0.6641045349730976,0.6702536510376633,0.67357910906298,0.6797235023041475,0.674347158218126,0.7419354838709677,0.6954732510288066,0.6771653543307087,0.6895161290322581,0.672,0.6834170854271356,0.695,0.6996966632962589,0.6964824120603015,0.7009063444108762,0.8518518518518519,0.8492462311557789,0.8686868686868687,0.8142857142857143,0.8615384615384616,0.8478802992518704,0.8485958485958486,0.8439024390243902,0.8576732673267327,0.8456865127582017,0.635016835016835,0.6332845329007242,0.611508788674143,0.572360248447205,0.6153846153846154,0.608308887100885,0.6079078828041484,0.6138599332051411,0.6231686174690343,0.6128223795523786,"{'cls__hidden_layer_sizes': (100,), 'cls__learning_rate': 'adaptive', 'cls__learning_rate_init': 1e-05, 'cls__max_iter': 1000, 'cls__n_iter_no_change': 5, 'cls__random_state': 42, 'os__random_state': 42}",mlp,iforest,simple,minmax,smote,0.7641304696272867
46.0,53.0,45.0,38.0,48.0,184.0,177.0,185.0,192.0,182.0,64.0,74.0,82.0,77.0,82.0,315.0,305.0,297.0,302.0,297.0,32.0,30.0,26.0,39.0,27.0,122.0,124.0,128.0,115.0,127.0,184.0,169.0,172.0,171.0,168.0,680.0,695.0,692.0,693.0,696.0,0.7931034482758621,0.7647058823529412,0.7610619469026549,0.7467248908296943,0.755056179775281,0.756816917084029,0.7641561297416162,0.7650635710337202,0.7687188019966721,0.7665198237885463,0.7055214723926381,0.6809815950920245,0.6676923076923077,0.6430769230769231,0.6646153846153846,0.6641045349730976,0.6702536510376633,0.67357910906298,0.6797235023041475,0.674347158218126,0.7419354838709677,0.6954732510288066,0.6771653543307087,0.6895161290322581,0.672,0.6834170854271356,0.695,0.6996966632962589,0.6964824120603015,0.7009063444108762,0.8518518518518519,0.8492462311557789,0.8686868686868687,0.8142857142857143,0.8615384615384616,0.8478802992518704,0.8485958485958486,0.8439024390243902,0.8576732673267327,0.8456865127582017,0.635016835016835,0.6332845329007242,0.611508788674143,0.572360248447205,0.6153846153846154,0.608308887100885,0.6079078828041484,0.6138599332051411,0.6231686174690343,0.6128223795523786,"{'cls__hidden_layer_sizes': (100,), 'cls__learning_rate': 'adaptive', 'cls__learning_rate_init': 0.001, 'cls__max_iter': 1000, 'cls__n_iter_no_change': 5, 'cls__random_state': 42}",mlp,iforest,simple,minmax,none,0.7641304696272867
46.0,53.0,45.0,38.0,48.0,184.0,177.0,185.0,192.0,182.0,64.0,74.0,82.0,77.0,82.0,315.0,305.0,297.0,302.0,297.0,32.0,30.0,26.0,39.0,27.0,122.0,124.0,128.0,115.0,127.0,184.0,169.0,172.0,171.0,168.0,680.0,695.0,692.0,693.0,696.0,0.7931034482758621,0.7647058823529412,0.7610619469026549,0.7467248908296943,0.755056179775281,0.756816917084029,0.7641561297416162,0.7650635710337202,0.7687188019966721,0.7665198237885463,0.7055214723926381,0.6809815950920245,0.6676923076923077,0.6430769230769231,0.6646153846153846,0.6641045349730976,0.6702536510376633,0.67357910906298,0.6797235023041475,0.674347158218126,0.7419354838709677,0.6954732510288066,0.6771653543307087,0.6895161290322581,0.672,0.6834170854271356,0.695,0.6996966632962589,0.6964824120603015,0.7009063444108762,0.8518518518518519,0.8492462311557789,0.8686868686868687,0.8142857142857143,0.8615384615384616,0.8478802992518704,0.8485958485958486,0.8439024390243902,0.8576732673267327,0.8456865127582017,0.635016835016835,0.6332845329007242,0.611508788674143,0.572360248447205,0.6153846153846154,0.608308887100885,0.6079078828041484,0.6138599332051411,0.6231686174690343,0.6128223795523786,"{'cls__C': 10, 'cls__probability': True, 'cls__random_state': 42}",svc,iforest,simple,standard,none,0.7641304696272867
46.0,53.0,45.0,38.0,48.0,184.0,177.0,185.0,192.0,182.0,64.0,74.0,82.0,77.0,82.0,315.0,305.0,297.0,302.0,297.0,32.0,30.0,26.0,39.0,27.0,122.0,124.0,128.0,115.0,127.0,184.0,169.0,172.0,171.0,168.0,680.0,695.0,692.0,693.0,696.0,0.7931034482758621,0.7647058823529412,0.7610619469026549,0.7467248908296943,0.755056179775281,0.756816917084029,0.7641561297416162,0.7650635710337202,0.7687188019966721,0.7665198237885463,0.7055214723926381,0.6809815950920245,0.6676923076923077,0.6430769230769231,0.6646153846153846,0.6641045349730976,0.6702536510376633,0.67357910906298,0.6797235023041475,0.674347158218126,0.7419354838709677,0.6954732510288066,0.6771653543307087,0.6895161290322581,0.672,0.6834170854271356,0.695,0.6996966632962589,0.6964824120603015,0.7009063444108762,0.8518518518518519,0.8492462311557789,0.8686868686868687,0.8142857142857143,0.8615384615384616,0.8478802992518704,0.8485958485958486,0.8439024390243902,0.8576732673267327,0.8456865127582017,0.635016835016835,0.6332845329007242,0.611508788674143,0.572360248447205,0.6153846153846154,0.608308887100885,0.6079078828041484,0.6138599332051411,0.6231686174690343,0.6128223795523786,"{'cls__C': 1, 'cls__probability': True, 'cls__random_state': 42}",svc,iforest,simple,standard,none,0.7641304696272867
46.0,53.0,45.0,38.0,48.0,184.0,177.0,185.0,192.0,182.0,64.0,74.0,82.0,77.0,82.0,315.0,305.0,297.0,302.0,297.0,32.0,30.0,26.0,39.0,27.0,122.0,124.0,128.0,115.0,127.0,184.0,169.0,172.0,171.0,168.0,680.0,695.0,692.0,693.0,696.0,0.7931034482758621,0.7647058823529412,0.7610619469026549,0.7467248908296943,0.755056179775281,0.756816917084029,0.7641561297416162,0.7650635710337202,0.7687188019966721,0.7665198237885463,0.7055214723926381,0.6809815950920245,0.6676923076923077,0.6430769230769231,0.6646153846153846,0.6641045349730976,0.6702536510376633,0.67357910906298,0.6797235023041475,0.674347158218126,0.7419354838709677,0.6954732510288066,0.6771653543307087,0.6895161290322581,0.672,0.6834170854271356,0.695,0.6996966632962589,0.6964824120603015,0.7009063444108762,0.8518518518518519,0.8492462311557789,0.8686868686868687,0.8142857142857143,0.8615384615384616,0.8478802992518704,0.8485958485958486,0.8439024390243902,0.8576732673267327,0.8456865127582017,0.635016835016835,0.6332845329007242,0.611508788674143,0.572360248447205,0.6153846153846154,0.608308887100885,0.6079078828041484,0.6138599332051411,0.6231686174690343,0.6128223795523786,"{'cls__hidden_layer_sizes': (100,), 'cls__learning_rate': 'adaptive', 'cls__learning_rate_init': 0.001, 'cls__max_iter': 1000, 'cls__n_iter_no_change': 5, 'cls__random_state': 42}",mlp,iforest,simple,standard,none,0.7641304696272867
46.0,53.0,45.0,38.0,48.0,184.0,177.0,185.0,192.0,182.0,64.0,74.0,82.0,77.0,82.0,315.0,305.0,297.0,302.0,297.0,32.0,30.0,26.0,39.0,27.0,122.0,124.0,128.0,115.0,127.0,184.0,169.0,172.0,171.0,168.0,680.0,695.0,692.0,693.0,696.0,0.7931034482758621,0.7647058823529412,0.7610619469026549,0.7467248908296943,0.755056179775281,0.756816917084029,0.7641561297416162,0.7650635710337202,0.7687188019966721,0.7665198237885463,0.7055214723926381,0.6809815950920245,0.6676923076923077,0.6430769230769231,0.6646153846153846,0.6641045349730976,0.6702536510376633,0.67357910906298,0.6797235023041475,0.674347158218126,0.7419354838709677,0.6954732510288066,0.6771653543307087,0.6895161290322581,0.672,0.6834170854271356,0.695,0.6996966632962589,0.6964824120603015,0.7009063444108762,0.8518518518518519,0.8492462311557789,0.8686868686868687,0.8142857142857143,0.8615384615384616,0.8478802992518704,0.8485958485958486,0.8439024390243902,0.8576732673267327,0.8456865127582017,0.635016835016835,0.6332845329007242,0.611508788674143,0.572360248447205,0.6153846153846154,0.608308887100885,0.6079078828041484,0.6138599332051411,0.6231686174690343,0.6128223795523786,"{'cls__hidden_layer_sizes': (100,), 'cls__learning_rate': 'adaptive', 'cls__learning_rate_init': 1e-05, 'cls__max_iter': 1000, 'cls__n_iter_no_change': 5, 'cls__random_state': 42, 'os__random_state': 42}",mlp,iforest,simple,standard,smote,0.7641304696272867
46.0,53.0,45.0,38.0,48.0,184.0,177.0,185.0,192.0,182.0,64.0,74.0,82.0,77.0,82.0,315.0,305.0,297.0,302.0,297.0,32.0,30.0,26.0,39.0,27.0,122.0,124.0,128.0,115.0,127.0,184.0,169.0,172.0,171.0,168.0,680.0,695.0,692.0,693.0,696.0,0.7931034482758621,0.7647058823529412,0.7610619469026549,0.7467248908296943,0.755056179775281,0.756816917084029,0.7641561297416162,0.7650635710337202,0.7687188019966721,0.7665198237885463,0.7055214723926381,0.6809815950920245,0.6676923076923077,0.6430769230769231,0.6646153846153846,0.6641045349730976,0.6702536510376633,0.67357910906298,0.6797235023041475,0.674347158218126,0.7419354838709677,0.6954732510288066,0.6771653543307087,0.6895161290322581,0.672,0.6834170854271356,0.695,0.6996966632962589,0.6964824120603015,0.7009063444108762,0.8518518518518519,0.8492462311557789,0.8686868686868687,0.8142857142857143,0.8615384615384616,0.8478802992518704,0.8485958485958486,0.8439024390243902,0.8576732673267327,0.8456865127582017,0.635016835016835,0.6332845329007242,0.611508788674143,0.572360248447205,0.6153846153846154,0.608308887100885,0.6079078828041484,0.6138599332051411,0.6231686174690343,0.6128223795523786,"{'cls__hidden_layer_sizes': (100,), 'cls__learning_rate': 'adaptive', 'cls__learning_rate_init': 0.0001, 'cls__max_iter': 1000, 'cls__n_iter_no_change': 5, 'cls__random_state': 42}",mlp,iforest,simple,minmax,none,0.7641304696272867
46.0,53.0,45.0,38.0,48.0,184.0,177.0,185.0,192.0,182.0,64.0,74.0,82.0,77.0,82.0,315.0,305.0,297.0,302.0,297.0,32.0,30.0,26.0,39.0,27.0,122.0,124.0,128.0,115.0,127.0,184.0,169.0,172.0,171.0,168.0,680.0,695.0,692.0,693.0,696.0,0.7931034482758621,0.7647058823529412,0.7610619469026549,0.7467248908296943,0.755056179775281,0.756816917084029,0.7641561297416162,0.7650635710337202,0.7687188019966721,0.7665198237885463,0.7055214723926381,0.6809815950920245,0.6676923076923077,0.6430769230769231,0.6646153846153846,0.6641045349730976,0.6702536510376633,0.67357910906298,0.6797235023041475,0.674347158218126,0.7419354838709677,0.6954732510288066,0.6771653543307087,0.6895161290322581,0.672,0.6834170854271356,0.695,0.6996966632962589,0.6964824120603015,0.7009063444108762,0.8518518518518519,0.8492462311557789,0.8686868686868687,0.8142857142857143,0.8615384615384616,0.8478802992518704,0.8485958485958486,0.8439024390243902,0.8576732673267327,0.8456865127582017,0.635016835016835,0.6332845329007242,0.611508788674143,0.572360248447205,0.6153846153846154,0.608308887100885,0.6079078828041484,0.6138599332051411,0.6231686174690343,0.6128223795523786,"{'cls__C': 0.1, 'cls__probability': True, 'cls__random_state': 42}",svc,iforest,simple,minmax,none,0.7641304696272867
46.0,53.0,45.0,38.0,48.0,184.0,177.0,185.0,192.0,182.0,64.0,74.0,82.0,77.0,82.0,315.0,305.0,297.0,302.0,297.0,32.0,30.0,26.0,39.0,27.0,122.0,124.0,128.0,115.0,127.0,184.0,169.0,172.0,171.0,168.0,680.0,695.0,692.0,693.0,696.0,0.7931034482758621,0.7647058823529412,0.7610619469026549,0.7467248908296943,0.755056179775281,0.756816917084029,0.7641561297416162,0.7650635710337202,0.7687188019966721,0.7665198237885463,0.7055214723926381,0.6809815950920245,0.6676923076923077,0.6430769230769231,0.6646153846153846,0.6641045349730976,0.6702536510376633,0.67357910906298,0.6797235023041475,0.674347158218126,0.7419354838709677,0.6954732510288066,0.6771653543307087,0.6895161290322581,0.672,0.6834170854271356,0.695,0.6996966632962589,0.6964824120603015,0.7009063444108762,0.8518518518518519,0.8492462311557789,0.8686868686868687,0.8142857142857143,0.8615384615384616,0.8478802992518704,0.8485958485958486,0.8439024390243902,0.8576732673267327,0.8456865127582017,0.635016835016835,0.6332845329007242,0.611508788674143,0.572360248447205,0.6153846153846154,0.608308887100885,0.6079078828041484,0.6138599332051411,0.6231686174690343,0.6128223795523786,{},nb,iforest,simple,minmax,none,0.7641304696272867
46.0,53.0,45.0,38.0,48.0,184.0,177.0,185.0,192.0,182.0,64.0,74.0,82.0,77.0,82.0,315.0,305.0,297.0,302.0,297.0,32.0,30.0,26.0,39.0,27.0,122.0,124.0,128.0,115.0,127.0,184.0,169.0,172.0,171.0,168.0,680.0,695.0,692.0,693.0,696.0,0.7931034482758621,0.7647058823529412,0.7610619469026549,0.7467248908296943,0.755056179775281,0.756816917084029,0.7641561297416162,0.7650635710337202,0.7687188019966721,0.7665198237885463,0.7055214723926381,0.6809815950920245,0.6676923076923077,0.6430769230769231,0.6646153846153846,0.6641045349730976,0.6702536510376633,0.67357910906298,0.6797235023041475,0.674347158218126,0.7419354838709677,0.6954732510288066,0.6771653543307087,0.6895161290322581,0.672,0.6834170854271356,0.695,0.6996966632962589,0.6964824120603015,0.7009063444108762,0.8518518518518519,0.8492462311557789,0.8686868686868687,0.8142857142857143,0.8615384615384616,0.8478802992518704,0.8485958485958486,0.8439024390243902,0.8576732673267327,0.8456865127582017,0.635016835016835,0.6332845329007242,0.611508788674143,0.572360248447205,0.6153846153846154,0.608308887100885,0.6079078828041484,0.6138599332051411,0.6231686174690343,0.6128223795523786,"{'cls__C': 1, 'cls__probability': True, 'cls__random_state': 42}",svc,iforest,simple,minmax,none,0.7641304696272867
46.0,0.0,0.0,38.0,48.0,184.0,0.0,0.0,192.0,182.0,64.0,127.0,127.0,77.0,82.0,315.0,482.0,482.0,302.0,297.0,32.0,0.0,0.0,39.0,27.0,122.0,0.0,0.0,115.0,127.0,184.0,199.0,198.0,171.0,168.0,680.0,819.0,820.0,693.0,696.0,0.7931034482758621,0.7580952380952382,0.7571701720841301,0.7467248908296943,0.755056179775281,0.756816917084029,0.7726415094339623,0.7728557964184731,0.7687188019966721,0.7665198237885463,0.7055214723926381,0.6104294478527608,0.6092307692307692,0.6430769230769231,0.6646153846153846,0.6641045349730976,0.6295157571099155,0.6298003072196621,0.6797235023041475,0.674347158218126,0.7419354838709677,0.6104294478527608,0.6092307692307692,0.6895161290322581,0.672,0.6834170854271356,0.6295157571099155,0.6298003072196621,0.6964824120603015,0.7009063444108762,0.8518518518518519,1.0,1.0,0.8142857142857143,0.8615384615384616,0.8478802992518704,1.0,1.0,0.8576732673267327,0.8456865127582017,0.635016835016835,0.5,0.5,0.572360248447205,0.6153846153846154,0.608308887100885,0.5,0.5,0.6231686174690343,0.6128223795523786,"{'cls__hidden_layer_sizes': (100,), 'cls__learning_rate': 'adaptive', 'cls__learning_rate_init': 1e-05, 'cls__max_iter': 1000, 'cls__n_iter_no_change': 5, 'cls__random_state': 42}",mlp,iforest,simple,standard,none,0.7620299858120412
130.0,127.0,132.0,89.0,114.0,499.0,500.0,497.0,399.0,515.0,51.0,67.0,52.0,85.0,61.0,228.0,214.0,227.0,335.0,218.0,79.0,77.0,71.0,47.0,85.0,315.0,340.0,323.0,151.0,309.0,211.0,200.0,215.0,249.0,210.0,839.0,827.0,835.0,997.0,840.0,0.7644927536231885,0.7352941176470588,0.7775768535262206,0.7904761904761904,0.7420494699646644,0.7555155335434489,0.7490942028985508,0.7522522522522522,0.8040322580645162,0.76121431807884,0.7239915074309978,0.6942675159235668,0.7382978723404255,0.7191489361702128,0.6893617021276596,0.7113237639553429,0.7054758107389686,0.7077577045696068,0.7417640807651434,0.7199787460148778,0.8053435114503816,0.7490636704119851,0.8052434456928839,0.7455089820359282,0.7749077490774908,0.7863167760074976,0.7944284341978867,0.7862523540489642,0.7484984984984985,0.7939508506616257,0.7275862068965517,0.7220216606498195,0.7517482517482518,0.8412162162162162,0.711864406779661,0.7270363951473137,0.7086546700942588,0.7210708117443869,0.8684668989547039,0.7310704960835509,0.7229091255477232,0.6883304179537758,0.7345697780480389,0.6763552345448898,0.6816464891041163,0.7067093942724187,0.7044673910695384,0.7037674500710884,0.7060318145999677,0.7168312916979829,"{'cls__algorithm': 'SAMME', 'cls__learning_rate': 1.0, 'cls__n_estimators': 100, 'cls__random_state': 42, 'os__random_state': 42}",ada,lof,simple,none,smote,0.7619778770474646
130.0,127.0,132.0,89.0,114.0,499.0,500.0,497.0,399.0,515.0,51.0,67.0,52.0,85.0,61.0,228.0,214.0,227.0,335.0,218.0,79.0,77.0,71.0,47.0,85.0,315.0,340.0,323.0,151.0,309.0,211.0,200.0,215.0,249.0,210.0,839.0,827.0,835.0,997.0,840.0,0.7644927536231885,0.7352941176470588,0.7775768535262206,0.7904761904761904,0.7420494699646644,0.7555155335434489,0.7490942028985508,0.7522522522522522,0.8040322580645162,0.76121431807884,0.7239915074309978,0.6942675159235668,0.7382978723404255,0.7191489361702128,0.6893617021276596,0.7113237639553429,0.7054758107389686,0.7077577045696068,0.7417640807651434,0.7199787460148778,0.8053435114503816,0.7490636704119851,0.8052434456928839,0.7455089820359282,0.7749077490774908,0.7863167760074976,0.7944284341978867,0.7862523540489642,0.7484984984984985,0.7939508506616257,0.7275862068965517,0.7220216606498195,0.7517482517482518,0.8412162162162162,0.711864406779661,0.7270363951473137,0.7086546700942588,0.7210708117443869,0.8684668989547039,0.7310704960835509,0.7229091255477232,0.6883304179537758,0.7345697780480389,0.6763552345448898,0.6816464891041163,0.7067093942724187,0.7044673910695384,0.7037674500710884,0.7060318145999677,0.7168312916979829,"{'cls__algorithm': 'SAMME', 'cls__learning_rate': 0.5, 'cls__n_estimators': 100, 'cls__random_state': 42, 'os__random_state': 42}",ada,lof,simple,none,smote,0.7619778770474646
160.0,109.0,145.0,87.0,117.0,615.0,386.0,630.0,408.0,519.0,22.0,87.0,42.0,84.0,69.0,125.0,340.0,105.0,343.0,217.0,115.0,33.0,135.0,41.0,73.0,498.0,165.0,478.0,157.0,321.0,179.0,246.0,153.0,263.0,216.0,662.0,1010.0,688.0,993.0,844.0,0.7232323232323233,0.803921568627451,0.6335403726708075,0.8079877112135176,0.7526132404181185,0.6800205444273241,0.7999999999999999,0.7023991832567635,0.7988736926790023,0.7583108715184188,0.7121848739495799,0.7473684210526316,0.6273684210526316,0.7368421052631579,0.7010526315789474,0.6721052631578948,0.7343503419253025,0.6933193056286165,0.7369805365597054,0.716991057338243,0.8905472636815921,0.7387387387387387,0.7846153846153846,0.7579250720461095,0.7578947368421053,0.841168996188056,0.7481481481481481,0.8675914249684742,0.7432634730538922,0.7954759660697456,0.608843537414966,0.8817204301075269,0.53125,0.8651315789473685,0.7474048442906575,0.5706896551724138,0.8595744680851064,0.5900514579759862,0.8634782608695653,0.7244635193133048,0.7439822082679226,0.7189214395435594,0.6533255347593583,0.6869517543859649,0.6882185511775868,0.7008853681267475,0.6956274544282282,0.7235971575594218,0.7033769466797892,0.7148132813957828,{},nb,none,simple,standard,none,0.7442590432324436
160.0,109.0,145.0,87.0,117.0,615.0,386.0,630.0,408.0,519.0,22.0,87.0,42.0,84.0,69.0,125.0,340.0,105.0,343.0,217.0,115.0,33.0,135.0,41.0,73.0,498.0,165.0,478.0,157.0,321.0,179.0,246.0,153.0,263.0,216.0,662.0,1010.0,688.0,993.0,844.0,0.7232323232323233,0.803921568627451,0.6335403726708075,0.8079877112135176,0.7526132404181185,0.6800205444273241,0.7999999999999999,0.7023991832567635,0.7988736926790023,0.7583108715184188,0.7121848739495799,0.7473684210526316,0.6273684210526316,0.7368421052631579,0.7010526315789474,0.6721052631578948,0.7343503419253025,0.6933193056286165,0.7369805365597054,0.716991057338243,0.8905472636815921,0.7387387387387387,0.7846153846153846,0.7579250720461095,0.7578947368421053,0.841168996188056,0.7481481481481481,0.8675914249684742,0.7432634730538922,0.7954759660697456,0.608843537414966,0.8817204301075269,0.53125,0.8651315789473685,0.7474048442906575,0.5706896551724138,0.8595744680851064,0.5900514579759862,0.8634782608695653,0.7244635193133048,0.7439822082679226,0.7189214395435594,0.6533255347593583,0.6869517543859649,0.6882185511775868,0.7008853681267475,0.6956274544282282,0.7235971575594218,0.7033769466797892,0.7148132813957828,{},nb,none,simple,minmax,none,0.7442590432324436
160.0,109.0,145.0,87.0,117.0,615.0,386.0,630.0,408.0,519.0,22.0,87.0,42.0,84.0,69.0,125.0,340.0,105.0,343.0,217.0,115.0,33.0,135.0,41.0,73.0,498.0,165.0,478.0,157.0,321.0,179.0,246.0,153.0,263.0,216.0,662.0,1010.0,688.0,993.0,844.0,0.7232323232323233,0.803921568627451,0.6335403726708075,0.8079877112135176,0.7526132404181185,0.6800205444273241,0.7999999999999999,0.7023991832567635,0.7988736926790023,0.7583108715184188,0.7121848739495799,0.7473684210526316,0.6273684210526316,0.7368421052631579,0.7010526315789474,0.6721052631578948,0.7343503419253025,0.6933193056286165,0.7369805365597054,0.716991057338243,0.8905472636815921,0.7387387387387387,0.7846153846153846,0.7579250720461095,0.7578947368421053,0.841168996188056,0.7481481481481481,0.8675914249684742,0.7432634730538922,0.7954759660697456,0.608843537414966,0.8817204301075269,0.53125,0.8651315789473685,0.7474048442906575,0.5706896551724138,0.8595744680851064,0.5900514579759862,0.8634782608695653,0.7244635193133048,0.7439822082679226,0.7189214395435594,0.6533255347593583,0.6869517543859649,0.6882185511775868,0.7008853681267475,0.6956274544282282,0.7235971575594218,0.7033769466797892,0.7148132813957828,{},nb,none,simple,none,none,0.7442590432324436
130.0,133.0,129.0,112.0,119.0,497.0,496.0,498.0,530.0,525.0,51.0,61.0,55.0,62.0,56.0,230.0,218.0,226.0,204.0,208.0,88.0,72.0,79.0,97.0,90.0,329.0,322.0,338.0,341.0,325.0,202.0,205.0,207.0,199.0,205.0,825.0,845.0,820.0,807.0,824.0,0.7440147329650092,0.7550644567219152,0.7554744525547445,0.7145421903052065,0.737410071942446,0.7469443186962427,0.757847533632287,0.7441016333938294,0.7475683186660492,0.7556166895919303,0.7048832271762208,0.7176220806794055,0.7148936170212766,0.6617021276595745,0.6893617021276596,0.7028176501860712,0.7129186602870813,0.7003188097768331,0.7104144527098831,0.7167906482465463,0.7984189723320159,0.7706766917293233,0.7900763358778626,0.7624521072796935,0.7854406130268199,0.7819905213270142,0.7949200376293509,0.7839388145315488,0.798219584569733,0.7984496124031008,0.696551724137931,0.740072202166065,0.7237762237762237,0.6722972972972973,0.6949152542372882,0.7149046793760832,0.7240788346186804,0.7081174438687392,0.7029616724738676,0.7171453437771975,0.7073918841684129,0.7128196062376716,0.7124315901489814,0.6579877291084187,0.687457627118644,0.6992680205683717,0.7093783528835699,0.6979813738680711,0.712516258580258,0.7166899979458974,"{'cls__algorithm': 'SAMME', 'cls__learning_rate': 1.0, 'cls__n_estimators': 10, 'cls__random_state': 42, 'os__random_state': 42}",ada,lof,simple,none,smote,0.7413011808978643
135.0,110.0,145.0,147.0,89.0,503.0,387.0,632.0,630.0,408.0,47.0,86.0,42.0,24.0,97.0,237.0,339.0,103.0,121.0,328.0,75.0,33.0,135.0,136.0,31.0,321.0,167.0,480.0,479.0,169.0,219.0,246.0,153.0,168.0,258.0,839.0,1008.0,686.0,671.0,996.0,0.7821428571428571,0.8052373158756138,0.6335403726708075,0.6774193548387096,0.8012422360248448,0.7504472271914132,0.7993655828707376,0.7017902813299234,0.6910401647785789,0.8003214142225794,0.7436974789915967,0.7494736842105263,0.6273684210526316,0.6631578947368421,0.7305263157894737,0.7063157894736842,0.7338243029984218,0.6933193056286165,0.6843766438716465,0.7385586533403472,0.8233082706766918,0.7409638554216867,0.7846153846153846,0.875,0.7267605633802817,0.7797397769516728,0.7483296213808464,0.8694550063371356,0.8472222222222222,0.7522658610271903,0.7448979591836735,0.8817204301075269,0.53125,0.5526315789473685,0.8927335640138409,0.7232758620689655,0.857872340425532,0.5883361921097771,0.5834782608695652,0.8549356223175966,0.7433281004709577,0.7214724599517227,0.6533255347593583,0.7061403508771931,0.6856140938348774,0.7015027958993477,0.6954650958326007,0.7241000688440041,0.7111798761072193,0.7046417242022767,"{'cls__algorithm': 'SAMME', 'cls__learning_rate': 0.5, 'cls__n_estimators': 10, 'cls__random_state': 42, 'os__random_state': 42}",ada,none,simple,none,smote,0.7399164273105665
135.0,137.0,145.0,118.0,118.0,503.0,501.0,632.0,520.0,520.0,47.0,59.0,42.0,53.0,68.0,237.0,225.0,103.0,231.0,216.0,75.0,70.0,135.0,83.0,73.0,321.0,326.0,480.0,313.0,323.0,219.0,209.0,153.0,221.0,216.0,839.0,849.0,686.0,837.0,842.0,0.7821428571428571,0.7641681901279708,0.6335403726708075,0.764705882352941,0.7539267015706806,0.7504472271914132,0.7550022232103157,0.7017902813299234,0.7547339945897203,0.7575348627980208,0.7436974789915967,0.728421052631579,0.6273684210526316,0.7136842105263158,0.7031578947368421,0.7063157894736842,0.7101525512887954,0.6933193056286165,0.7138348237769595,0.7164650184113625,0.8233082706766918,0.7798507462686567,0.7846153846153846,0.8065693430656934,0.7605633802816901,0.7797397769516728,0.7905027932960894,0.8694550063371356,0.7837078651685393,0.7958412098298677,0.7448979591836735,0.7491039426523297,0.53125,0.7269736842105263,0.7474048442906575,0.7232758620689655,0.7225531914893617,0.5883361921097771,0.7278260869565217,0.7227467811158799,0.7433281004709577,0.7240417672445323,0.6533255347593583,0.7085160818713451,0.6909067232205974,0.7015027958993477,0.7063179180587305,0.7241000688440041,0.7101181033983675,0.7146342601231573,"{'cls__hidden_layer_sizes': (100,), 'cls__learning_rate': 'adaptive', 'cls__learning_rate_init': 0.0001, 'cls__max_iter': 1000, 'cls__n_iter_no_change': 5, 'cls__random_state': 42, 'os__random_state': 42}",mlp,none,simple,none,smote,0.7396968007730514
135.0,137.0,145.0,118.0,118.0,503.0,501.0,632.0,520.0,520.0,47.0,59.0,42.0,53.0,68.0,237.0,225.0,103.0,231.0,216.0,75.0,70.0,135.0,83.0,73.0,321.0,326.0,480.0,313.0,323.0,219.0,209.0,153.0,221.0,216.0,839.0,849.0,686.0,837.0,842.0,0.7821428571428571,0.7641681901279708,0.6335403726708075,0.764705882352941,0.7539267015706806,0.7504472271914132,0.7550022232103157,0.7017902813299234,0.7547339945897203,0.7575348627980208,0.7436974789915967,0.728421052631579,0.6273684210526316,0.7136842105263158,0.7031578947368421,0.7063157894736842,0.7101525512887954,0.6933193056286165,0.7138348237769595,0.7164650184113625,0.8233082706766918,0.7798507462686567,0.7846153846153846,0.8065693430656934,0.7605633802816901,0.7797397769516728,0.7905027932960894,0.8694550063371356,0.7837078651685393,0.7958412098298677,0.7448979591836735,0.7491039426523297,0.53125,0.7269736842105263,0.7474048442906575,0.7232758620689655,0.7225531914893617,0.5883361921097771,0.7278260869565217,0.7227467811158799,0.7433281004709577,0.7240417672445323,0.6533255347593583,0.7085160818713451,0.6909067232205974,0.7015027958993477,0.7063179180587305,0.7241000688440041,0.7101181033983675,0.7146342601231573,"{'cls__hidden_layer_sizes': (100,), 'cls__learning_rate': 'adaptive', 'cls__learning_rate_init': 0.001, 'cls__max_iter': 1000, 'cls__n_iter_no_change': 5, 'cls__random_state': 42, 'os__random_state': 42}",mlp,none,simple,minmax,smote,0.7396968007730514
138.0,137.0,145.0,120.0,119.0,515.0,504.0,632.0,533.0,522.0,44.0,59.0,42.0,51.0,67.0,225.0,222.0,103.0,218.0,214.0,78.0,70.0,135.0,86.0,74.0,339.0,326.0,478.0,329.0,322.0,216.0,209.0,153.0,218.0,215.0,821.0,849.0,688.0,821.0,843.0,0.7797833935018051,0.7641681901279708,0.6335403726708075,0.7609075043630017,0.7530647985989494,0.7443336355394379,0.7560106856634017,0.7031170158405723,0.7501142074006396,0.7587758775877587,0.7436974789915967,0.728421052631579,0.6273684210526316,0.7115789473684211,0.7031578947368421,0.7031578947368421,0.7117306680694372,0.6943713834823777,0.7122567069963177,0.7180431351920042,0.8307692307692308,0.7798507462686567,0.7846153846153846,0.8104089219330854,0.7624113475177305,0.7848948374760994,0.7927170868347339,0.8697850821744627,0.7901828681424446,0.7975402081362346,0.7346938775510204,0.7491039426523297,0.53125,0.7171052631578947,0.7439446366782007,0.7077586206896552,0.7225531914893617,0.5900514579759862,0.7139130434782609,0.7236051502145923,0.7464678178963893,0.7240417672445323,0.6533255347593583,0.7094298245614035,0.6918647914573799,0.7018522833178006,0.7083840337612097,0.7249577017771088,0.7118167081572395,0.7164221403246874,"{'cls__C': 1, 'cls__probability': True, 'cls__random_state': 42, 'os__random_state': 42}",svc,none,simple,standard,smote,0.7382928518525069
138.0,137.0,145.0,120.0,119.0,515.0,504.0,632.0,533.0,522.0,44.0,59.0,42.0,51.0,67.0,225.0,222.0,103.0,218.0,214.0,78.0,70.0,135.0,86.0,74.0,339.0,326.0,478.0,329.0,322.0,216.0,209.0,153.0,218.0,215.0,821.0,849.0,688.0,821.0,843.0,0.7797833935018051,0.7641681901279708,0.6335403726708075,0.7609075043630017,0.7530647985989494,0.7443336355394379,0.7560106856634017,0.7031170158405723,0.7501142074006396,0.7587758775877587,0.7436974789915967,0.728421052631579,0.6273684210526316,0.7115789473684211,0.7031578947368421,0.7031578947368421,0.7117306680694372,0.6943713834823777,0.7122567069963177,0.7180431351920042,0.8307692307692308,0.7798507462686567,0.7846153846153846,0.8104089219330854,0.7624113475177305,0.7848948374760994,0.7927170868347339,0.8697850821744627,0.7901828681424446,0.7975402081362346,0.7346938775510204,0.7491039426523297,0.53125,0.7171052631578947,0.7439446366782007,0.7077586206896552,0.7225531914893617,0.5900514579759862,0.7139130434782609,0.7236051502145923,0.7464678178963893,0.7240417672445323,0.6533255347593583,0.7094298245614035,0.6918647914573799,0.7018522833178006,0.7083840337612097,0.7249577017771088,0.7118167081572395,0.7164221403246874,"{'cls__C': 1, 'cls__probability': True, 'cls__random_state': 42, 'os__random_state': 42}",svc,none,simple,minmax,smote,0.7382928518525069
139.0,137.0,145.0,119.0,119.0,517.0,504.0,637.0,522.0,522.0,43.0,59.0,42.0,52.0,67.0,223.0,222.0,98.0,229.0,214.0,78.0,70.0,137.0,84.0,74.0,341.0,328.0,486.0,314.0,324.0,216.0,209.0,151.0,220.0,215.0,819.0,847.0,680.0,836.0,841.0,0.7811934900542497,0.7641681901279708,0.627858627858628,0.763888888888889,0.7530647985989494,0.7438692098092644,0.7549019607843137,0.6995884773662551,0.7548532731376975,0.7576576576576577,0.7457983193277311,0.728421052631579,0.6231578947368421,0.7136842105263158,0.7031578947368421,0.7031578947368421,0.7106785902156759,0.6927932667017359,0.7143608627038401,0.716991057338243,0.833976833976834,0.7798507462686567,0.7823834196891192,0.8088235294117647,0.7624113475177305,0.7859884836852208,0.7923292797006548,0.8740359897172236,0.7849765258215963,0.7971563981042654,0.7346938775510204,0.7491039426523297,0.5243055555555556,0.7236842105263158,0.7439446366782007,0.7060344827586207,0.7208510638297873,0.5831903945111492,0.7269565217391304,0.7218884120171674,0.749215070643642,0.7240417672445323,0.6498533125371361,0.7097953216374269,0.6918647914573799,0.7023415657036347,0.7075329699314226,0.7249285305889079,0.7110148787124413,0.715563771225975,"{'cls__C': 0.1, 'cls__probability': True, 'cls__random_state': 42, 'os__random_state': 42}",svc,none,simple,none,smote,0.7380347991057373
139.0,137.0,145.0,121.0,123.0,517.0,504.0,635.0,535.0,533.0,43.0,59.0,42.0,50.0,63.0,223.0,222.0,100.0,216.0,203.0,78.0,70.0,135.0,87.0,80.0,341.0,326.0,480.0,330.0,337.0,216.0,209.0,153.0,217.0,209.0,819.0,849.0,686.0,820.0,828.0,0.7811934900542497,0.7641681901279708,0.6335403726708075,0.7600700525394046,0.7450980392156864,0.7438692098092644,0.7560106856634017,0.7028688524590163,0.7502287282708143,0.7540983606557377,0.7457983193277311,0.728421052631579,0.6273684210526316,0.7115789473684211,0.6989473684210527,0.7031578947368421,0.7117306680694372,0.6948974224092583,0.7127827459231983,0.7159389794844818,0.833976833976834,0.7798507462686567,0.7846153846153846,0.8127340823970037,0.7683823529411765,0.7859884836852208,0.7927170868347339,0.8727735368956743,0.7915057915057915,0.8031037827352085,0.7346938775510204,0.7491039426523297,0.53125,0.7138157894736842,0.7231833910034602,0.7060344827586207,0.7225531914893617,0.5883361921097771,0.7130434782608696,0.7107296137339055,0.749215070643642,0.7240417672445323,0.6533255347593583,0.7107090643274854,0.6922368567920527,0.7023415657036347,0.7083840337612097,0.7261408851705348,0.7127134834713136,0.7174571981713007,"{'cls__C': 1, 'cls__probability': True, 'cls__random_state': 42, 'os__random_state': 42}",svc,none,simple,none,smote,0.7368140289216238
160.0,143.0,105.0,149.0,118.0,617.0,493.0,407.0,643.0,520.0,22.0,53.0,82.0,22.0,68.0,123.0,233.0,328.0,108.0,216.0,117.0,73.0,55.0,139.0,73.0,498.0,346.0,166.0,497.0,323.0,177.0,206.0,233.0,165.0,216.0,662.0,829.0,1000.0,653.0,842.0,0.7180527383367139,0.7657992565055762,0.7728026533996684,0.6720977596741344,0.7539267015706806,0.680719794344473,0.741171211443898,0.801924619085806,0.6834118262689691,0.7575348627980208,0.707983193277311,0.7347368421052631,0.7115789473684211,0.6610526315789473,0.7031578947368421,0.6731578947368421,0.6954234613361389,0.740136770120989,0.6817464492372436,0.7164650184113625,0.8894472361809045,0.7953667953667953,0.7396825396825397,0.8823529411764706,0.7605633802816901,0.8433121019108281,0.78060263653484,0.7530120481927711,0.8580814717477004,0.7958412098298677,0.6020408163265306,0.7383512544802867,0.8090277777777778,0.5427631578947368,0.7474048442906575,0.5706896551724138,0.705531914893617,0.8576329331046312,0.5678260869565217,0.7227467811158799,0.7405808477237048,0.7339715456074903,0.6852625519904932,0.7070540935672514,0.6909067232205974,0.7022367194780987,0.6922976378875798,0.7056872148516353,0.7120089156487003,0.7146342601231573,"{'cls__algorithm': 'SAMME', 'cls__learning_rate': 1.0, 'cls__n_estimators': 10, 'cls__random_state': 42, 'os__random_state': 42}",ada,none,simple,none,smote,0.7365358218973548
138.0,137.0,145.0,121.0,123.0,515.0,504.0,635.0,535.0,533.0,44.0,59.0,42.0,50.0,63.0,225.0,222.0,100.0,216.0,203.0,78.0,70.0,135.0,87.0,80.0,339.0,326.0,480.0,330.0,337.0,216.0,209.0,153.0,217.0,209.0,821.0,849.0,686.0,820.0,828.0,0.7797833935018051,0.7641681901279708,0.6335403726708075,0.7600700525394046,0.7450980392156864,0.7443336355394379,0.7560106856634017,0.7028688524590163,0.7502287282708143,0.7540983606557377,0.7436974789915967,0.728421052631579,0.6273684210526316,0.7115789473684211,0.6989473684210527,0.7031578947368421,0.7117306680694372,0.6948974224092583,0.7127827459231983,0.7159389794844818,0.8307692307692308,0.7798507462686567,0.7846153846153846,0.8127340823970037,0.7683823529411765,0.7848948374760994,0.7927170868347339,0.8727735368956743,0.7915057915057915,0.8031037827352085,0.7346938775510204,0.7491039426523297,0.53125,0.7138157894736842,0.7231833910034602,0.7077586206896552,0.7225531914893617,0.5883361921097771,0.7130434782608696,0.7107296137339055,0.7464678178963893,0.7240417672445323,0.6533255347593583,0.7107090643274854,0.6922368567920527,0.7018522833178006,0.7083840337612097,0.7261408851705348,0.7127134834713136,0.7174571981713007,"{'cls__C': 10, 'cls__probability': True, 'cls__random_state': 42, 'os__random_state': 42}",svc,none,simple,minmax,smote,0.7365320096111349
138.0,137.0,145.0,121.0,123.0,515.0,504.0,635.0,535.0,533.0,44.0,59.0,42.0,50.0,63.0,225.0,222.0,100.0,216.0,203.0,78.0,70.0,135.0,87.0,80.0,339.0,326.0,480.0,330.0,337.0,216.0,209.0,153.0,217.0,209.0,821.0,849.0,686.0,820.0,828.0,0.7797833935018051,0.7641681901279708,0.6335403726708075,0.7600700525394046,0.7450980392156864,0.7443336355394379,0.7560106856634017,0.7028688524590163,0.7502287282708143,0.7540983606557377,0.7436974789915967,0.728421052631579,0.6273684210526316,0.7115789473684211,0.6989473684210527,0.7031578947368421,0.7117306680694372,0.6948974224092583,0.7127827459231983,0.7159389794844818,0.8307692307692308,0.7798507462686567,0.7846153846153846,0.8127340823970037,0.7683823529411765,0.7848948374760994,0.7927170868347339,0.8727735368956743,0.7915057915057915,0.8031037827352085,0.7346938775510204,0.7491039426523297,0.53125,0.7138157894736842,0.7231833910034602,0.7077586206896552,0.7225531914893617,0.5883361921097771,0.7130434782608696,0.7107296137339055,0.7464678178963893,0.7240417672445323,0.6533255347593583,0.7107090643274854,0.6922368567920527,0.7018522833178006,0.7083840337612097,0.7261408851705348,0.7127134834713136,0.7174571981713007,"{'cls__criterion': 'entropy', 'cls__max_depth': None, 'cls__max_features': 'log2', 'cls__random_state': 42, 'os__random_state': 42}",rf,none,simple,none,smote,0.7365320096111349
138.0,137.0,145.0,121.0,123.0,515.0,504.0,635.0,535.0,533.0,44.0,59.0,42.0,50.0,63.0,225.0,222.0,100.0,216.0,203.0,78.0,70.0,135.0,87.0,80.0,339.0,326.0,480.0,330.0,337.0,216.0,209.0,153.0,217.0,209.0,821.0,849.0,686.0,820.0,828.0,0.7797833935018051,0.7641681901279708,0.6335403726708075,0.7600700525394046,0.7450980392156864,0.7443336355394379,0.7560106856634017,0.7028688524590163,0.7502287282708143,0.7540983606557377,0.7436974789915967,0.728421052631579,0.6273684210526316,0.7115789473684211,0.6989473684210527,0.7031578947368421,0.7117306680694372,0.6948974224092583,0.7127827459231983,0.7159389794844818,0.8307692307692308,0.7798507462686567,0.7846153846153846,0.8127340823970037,0.7683823529411765,0.7848948374760994,0.7927170868347339,0.8727735368956743,0.7915057915057915,0.8031037827352085,0.7346938775510204,0.7491039426523297,0.53125,0.7138157894736842,0.7231833910034602,0.7077586206896552,0.7225531914893617,0.5883361921097771,0.7130434782608696,0.7107296137339055,0.7464678178963893,0.7240417672445323,0.6533255347593583,0.7107090643274854,0.6922368567920527,0.7018522833178006,0.7083840337612097,0.7261408851705348,0.7127134834713136,0.7174571981713007,"{'cls__criterion': 'gini', 'cls__max_depth': None, 'cls__max_features': 'log2', 'cls__random_state': 42, 'os__random_state': 42}",rf,none,simple,none,smote,0.7365320096111349
138.0,139.0,145.0,121.0,123.0,515.0,517.0,635.0,535.0,533.0,44.0,57.0,42.0,50.0,63.0,225.0,209.0,100.0,216.0,203.0,78.0,74.0,135.0,87.0,80.0,339.0,343.0,480.0,330.0,337.0,216.0,205.0,153.0,217.0,209.0,821.0,832.0,686.0,820.0,828.0,0.7797833935018051,0.7578558225508318,0.6335403726708075,0.7600700525394046,0.7450980392156864,0.7443336355394379,0.7509025270758123,0.7028688524590163,0.7502287282708143,0.7540983606557377,0.7436974789915967,0.7242105263157895,0.6273684210526316,0.7115789473684211,0.6989473684210527,0.7031578947368421,0.7096265123619148,0.6948974224092583,0.7127827459231983,0.7159389794844818,0.8307692307692308,0.7824427480916031,0.7846153846153846,0.8127340823970037,0.7683823529411765,0.7848948374760994,0.7992315081652257,0.8727735368956743,0.7915057915057915,0.8031037827352085,0.7346938775510204,0.7347670250896058,0.53125,0.7138157894736842,0.7231833910034602,0.7077586206896552,0.7080851063829787,0.5883361921097771,0.7130434782608696,0.7107296137339055,0.7464678178963893,0.7219753492794967,0.6533255347593583,0.7107090643274854,0.6922368567920527,0.7018522833178006,0.7101031592520954,0.7261408851705348,0.7127134834713136,0.7174571981713007,"{'cls__C': 10, 'cls__probability': True, 'cls__random_state': 42, 'os__random_state': 42}",svc,none,simple,standard,smote,0.7352695360957071
163.0,136.0,120.0,114.0,111.0,629.0,485.0,531.0,507.0,510.0,19.0,60.0,67.0,57.0,75.0,111.0,241.0,204.0,244.0,226.0,120.0,72.0,95.0,86.0,81.0,516.0,344.0,345.0,330.0,335.0,174.0,207.0,193.0,218.0,208.0,644.0,831.0,821.0,820.0,830.0,0.7145790554414785,0.7582417582417582,0.7043795620437956,0.7530224525043177,0.7272727272727272,0.6725848563968668,0.7396528704939919,0.7494294842537653,0.7407407407407407,0.7474110760918505,0.707983193277311,0.7221052631578947,0.6589473684210526,0.6989473684210527,0.671578947368421,0.67,0.6922672277748554,0.7112046291425566,0.6980536559705418,0.7048921620199895,0.9015544041450777,0.7752808988764045,0.7423076923076923,0.7927272727272727,0.734982332155477,0.8529801324503311,0.7751865671641791,0.8009756097560976,0.7706766917293233,0.7859848484848485,0.5918367346938775,0.7419354838709677,0.6701388888888888,0.7171052631578947,0.7197231833910035,0.5551724137931034,0.7072340425531914,0.7041166380789022,0.7130434782608696,0.7124463519313304,0.7437205651491366,0.717906517445688,0.6559250594177065,0.6918859649122807,0.6582486884696952,0.7025862068965517,0.6876390598440888,0.7132828088353695,0.6940716725525385,0.702690567270013,"{'cls__algorithm': 'SAMME', 'cls__learning_rate': 0.1, 'cls__n_estimators': 10, 'cls__random_state': 42, 'os__random_state': 42}",ada,none,simple,none,smote,0.7314991111008154
158.0,161.0,132.0,120.0,114.0,610.0,607.0,497.0,509.0,515.0,23.0,33.0,52.0,54.0,61.0,117.0,107.0,227.0,225.0,218.0,128.0,112.0,71.0,87.0,85.0,485.0,501.0,323.0,307.0,309.0,162.0,165.0,215.0,209.0,210.0,669.0,666.0,835.0,841.0,840.0,0.6821052631578949,0.6947368421052632,0.7775768535262206,0.7477638640429339,0.7420494699646644,0.6896907216494844,0.6865979381443299,0.7522522522522522,0.7597109304426378,0.76121431807884,0.6794055201698513,0.692144373673036,0.7382978723404255,0.7,0.6893617021276596,0.6799574694311536,0.6767676767676768,0.7077577045696068,0.7173219978746015,0.7199787460148778,0.8756756756756757,0.8333333333333334,0.8052434456928839,0.7946768060836502,0.7749077490774908,0.851145038167939,0.8615782664941786,0.7862523540489642,0.7889305816135085,0.7939508506616257,0.5586206896551724,0.5956678700361011,0.7517482517482518,0.706081081081081,0.711864406779661,0.5797227036395147,0.570694087403599,0.7210708117443869,0.7325783972125436,0.7310704960835509,0.7157744332253763,0.712782388626298,0.7345697780480389,0.6978681267474371,0.6816464891041163,0.7093936764414905,0.7104170717130041,0.7037674500710884,0.7130194438378794,0.7168312916979829,"{'cls__hidden_layer_sizes': (100,), 'cls__learning_rate': 'adaptive', 'cls__learning_rate_init': 0.001, 'cls__max_iter': 1000, 'cls__n_iter_no_change': 5, 'cls__random_state': 42, 'os__random_state': 42}",mlp,lof,simple,minmax,smote,0.7288464585593954
158.0,161.0,132.0,120.0,114.0,610.0,607.0,497.0,509.0,515.0,23.0,33.0,52.0,54.0,61.0,117.0,107.0,227.0,225.0,218.0,128.0,112.0,71.0,87.0,85.0,485.0,501.0,323.0,307.0,309.0,162.0,165.0,215.0,209.0,210.0,669.0,666.0,835.0,841.0,840.0,0.6821052631578949,0.6947368421052632,0.7775768535262206,0.7477638640429339,0.7420494699646644,0.6896907216494844,0.6865979381443299,0.7522522522522522,0.7597109304426378,0.76121431807884,0.6794055201698513,0.692144373673036,0.7382978723404255,0.7,0.6893617021276596,0.6799574694311536,0.6767676767676768,0.7077577045696068,0.7173219978746015,0.7199787460148778,0.8756756756756757,0.8333333333333334,0.8052434456928839,0.7946768060836502,0.7749077490774908,0.851145038167939,0.8615782664941786,0.7862523540489642,0.7889305816135085,0.7939508506616257,0.5586206896551724,0.5956678700361011,0.7517482517482518,0.706081081081081,0.711864406779661,0.5797227036395147,0.570694087403599,0.7210708117443869,0.7325783972125436,0.7310704960835509,0.7157744332253763,0.712782388626298,0.7345697780480389,0.6978681267474371,0.6816464891041163,0.7093936764414905,0.7104170717130041,0.7037674500710884,0.7130194438378794,0.7168312916979829,"{'cls__hidden_layer_sizes': (100,), 'cls__learning_rate': 'adaptive', 'cls__learning_rate_init': 0.0001, 'cls__max_iter': 1000, 'cls__n_iter_no_change': 5, 'cls__random_state': 42, 'os__random_state': 42}",mlp,lof,simple,none,smote,0.7288464585593954
161.0,137.0,145.0,118.0,118.0,619.0,504.0,635.0,520.0,520.0,21.0,59.0,42.0,53.0,68.0,121.0,222.0,100.0,231.0,216.0,117.0,70.0,135.0,83.0,73.0,500.0,328.0,482.0,313.0,323.0,177.0,209.0,153.0,221.0,216.0,660.0,847.0,684.0,837.0,842.0,0.7195121951219513,0.7641681901279708,0.6335403726708075,0.764705882352941,0.7539267015706806,0.6800618238021638,0.7549019607843137,0.7015384615384616,0.7547339945897203,0.7575348627980208,0.7100840336134454,0.728421052631579,0.6273684210526316,0.7136842105263158,0.7031578947368421,0.6731578947368421,0.7106785902156759,0.6938453445554971,0.7138348237769595,0.7164650184113625,0.8939393939393939,0.7798507462686567,0.7846153846153846,0.8065693430656934,0.7605633802816901,0.8450704225352113,0.7923292797006548,0.8724489795918368,0.7837078651685393,0.7958412098298677,0.6020408163265306,0.7491039426523297,0.53125,0.7269736842105263,0.7474048442906575,0.5689655172413793,0.7208510638297873,0.5866209262435678,0.7278260869565217,0.7227467811158799,0.7433281004709575,0.7240417672445323,0.6533255347593583,0.7085160818713451,0.6909067232205974,0.702726001863933,0.7075329699314226,0.7252832522374302,0.7101181033983675,0.7146342601231573,"{'cls__hidden_layer_sizes': (100,), 'cls__learning_rate': 'adaptive', 'cls__learning_rate_init': 0.0001, 'cls__max_iter': 1000, 'cls__n_iter_no_change': 5, 'cls__random_state': 42, 'os__random_state': 42}",mlp,none,simple,standard,smote,0.7271706683688702
160.0,137.0,145.0,118.0,118.0,617.0,504.0,632.0,520.0,520.0,22.0,59.0,42.0,53.0,68.0,123.0,222.0,103.0,231.0,216.0,117.0,70.0,135.0,83.0,73.0,498.0,328.0,480.0,313.0,323.0,177.0,209.0,153.0,221.0,216.0,662.0,847.0,686.0,837.0,842.0,0.7180527383367139,0.7641681901279708,0.6335403726708075,0.764705882352941,0.7539267015706806,0.680719794344473,0.7549019607843137,0.7017902813299234,0.7547339945897203,0.7575348627980208,0.707983193277311,0.728421052631579,0.6273684210526316,0.7136842105263158,0.7031578947368421,0.6731578947368421,0.7106785902156759,0.6933193056286165,0.7138348237769595,0.7164650184113625,0.8894472361809045,0.7798507462686567,0.7846153846153846,0.8065693430656934,0.7605633802816901,0.8433121019108281,0.7923292797006548,0.8694550063371356,0.7837078651685393,0.7958412098298677,0.6020408163265306,0.7491039426523297,0.53125,0.7269736842105263,0.7474048442906575,0.5706896551724138,0.7208510638297873,0.5883361921097771,0.7278260869565217,0.7227467811158799,0.7405808477237048,0.7240417672445323,0.6533255347593583,0.7085160818713451,0.6909067232205974,0.7022367194780987,0.7075329699314226,0.7241000688440041,0.7101181033983675,0.7146342601231573,"{'cls__C': 0.1, 'cls__probability': True, 'cls__random_state': 42, 'os__random_state': 42}",svc,none,simple,standard,smote,0.7268787770118228
160.0,137.0,145.0,118.0,118.0,617.0,501.0,632.0,520.0,520.0,22.0,59.0,42.0,53.0,68.0,123.0,225.0,103.0,231.0,216.0,117.0,70.0,135.0,83.0,73.0,498.0,326.0,480.0,313.0,323.0,177.0,209.0,153.0,221.0,216.0,662.0,849.0,686.0,837.0,842.0,0.7180527383367139,0.7641681901279708,0.6335403726708075,0.764705882352941,0.7539267015706806,0.680719794344473,0.7550022232103157,0.7017902813299234,0.7547339945897203,0.7575348627980208,0.707983193277311,0.728421052631579,0.6273684210526316,0.7136842105263158,0.7031578947368421,0.6731578947368421,0.7101525512887954,0.6933193056286165,0.7138348237769595,0.7164650184113625,0.8894472361809045,0.7798507462686567,0.7846153846153846,0.8065693430656934,0.7605633802816901,0.8433121019108281,0.7905027932960894,0.8694550063371356,0.7837078651685393,0.7958412098298677,0.6020408163265306,0.7491039426523297,0.53125,0.7269736842105263,0.7474048442906575,0.5706896551724138,0.7225531914893617,0.5883361921097771,0.7278260869565217,0.7227467811158799,0.7405808477237048,0.7240417672445323,0.6533255347593583,0.7085160818713451,0.6909067232205974,0.7022367194780987,0.7063179180587305,0.7241000688440041,0.7101181033983675,0.7146342601231573,"{'cls__hidden_layer_sizes': (100,), 'cls__learning_rate': 'adaptive', 'cls__learning_rate_init': 0.0001, 'cls__max_iter': 1000, 'cls__n_iter_no_change': 5, 'cls__random_state': 42, 'os__random_state': 42}",mlp,none,simple,minmax,smote,0.7268787770118228
160.0,137.0,145.0,118.0,118.0,617.0,501.0,632.0,520.0,520.0,22.0,59.0,42.0,53.0,68.0,123.0,225.0,103.0,231.0,216.0,117.0,70.0,135.0,83.0,73.0,498.0,326.0,480.0,313.0,323.0,177.0,209.0,153.0,221.0,216.0,662.0,849.0,686.0,837.0,842.0,0.7180527383367139,0.7641681901279708,0.6335403726708075,0.764705882352941,0.7539267015706806,0.680719794344473,0.7550022232103157,0.7017902813299234,0.7547339945897203,0.7575348627980208,0.707983193277311,0.728421052631579,0.6273684210526316,0.7136842105263158,0.7031578947368421,0.6731578947368421,0.7101525512887954,0.6933193056286165,0.7138348237769595,0.7164650184113625,0.8894472361809045,0.7798507462686567,0.7846153846153846,0.8065693430656934,0.7605633802816901,0.8433121019108281,0.7905027932960894,0.8694550063371356,0.7837078651685393,0.7958412098298677,0.6020408163265306,0.7491039426523297,0.53125,0.7269736842105263,0.7474048442906575,0.5706896551724138,0.7225531914893617,0.5883361921097771,0.7278260869565217,0.7227467811158799,0.7405808477237048,0.7240417672445323,0.6533255347593583,0.7085160818713451,0.6909067232205974,0.7022367194780987,0.7063179180587305,0.7241000688440041,0.7101181033983675,0.7146342601231573,"{'cls__C': 0.1, 'cls__probability': True, 'cls__random_state': 42, 'os__random_state': 42}",svc,none,simple,minmax,smote,0.7268787770118228
163.0,137.0,145.0,121.0,123.0,629.0,504.0,635.0,535.0,533.0,19.0,59.0,42.0,50.0,63.0,111.0,222.0,100.0,216.0,203.0,120.0,70.0,135.0,87.0,80.0,516.0,326.0,480.0,330.0,337.0,174.0,209.0,153.0,217.0,209.0,644.0,849.0,686.0,820.0,828.0,0.7145790554414785,0.7641681901279708,0.6335403726708075,0.7600700525394046,0.7450980392156864,0.6725848563968668,0.7560106856634017,0.7028688524590163,0.7502287282708143,0.7540983606557377,0.707983193277311,0.728421052631579,0.6273684210526316,0.7115789473684211,0.6989473684210527,0.67,0.7117306680694372,0.6948974224092583,0.7127827459231983,0.7159389794844818,0.9015544041450777,0.7798507462686567,0.7846153846153846,0.8127340823970037,0.7683823529411765,0.8529801324503311,0.7927170868347339,0.8727735368956743,0.7915057915057915,0.8031037827352085,0.5918367346938775,0.7491039426523297,0.53125,0.7138157894736842,0.7231833910034602,0.5551724137931034,0.7225531914893617,0.5883361921097771,0.7130434782608696,0.7107296137339055,0.7437205651491366,0.7240417672445323,0.6533255347593583,0.7107090643274854,0.6922368567920527,0.7025862068965517,0.7083840337612097,0.7261408851705348,0.7127134834713136,0.7174571981713007,"{'cls__C': 10, 'cls__probability': True, 'cls__random_state': 42, 'os__random_state': 42}",svc,none,simple,none,smote,0.7234911419990695
158.0,161.0,132.0,141.0,114.0,610.0,607.0,497.0,627.0,515.0,23.0,33.0,52.0,33.0,61.0,117.0,107.0,227.0,107.0,218.0,128.0,112.0,71.0,130.0,85.0,485.0,501.0,323.0,483.0,309.0,162.0,165.0,215.0,166.0,210.0,669.0,666.0,835.0,665.0,840.0,0.6821052631578949,0.6947368421052632,0.7775768535262206,0.6707070707070707,0.7420494699646644,0.6896907216494844,0.6865979381443299,0.7522522522522522,0.6927083333333333,0.76121431807884,0.6794055201698513,0.692144373673036,0.7382978723404255,0.6531914893617021,0.6893617021276596,0.6799574694311536,0.6767676767676768,0.7077577045696068,0.6865037194473964,0.7199787460148778,0.8756756756756757,0.8333333333333334,0.8052434456928839,0.8341708542713567,0.7749077490774908,0.851145038167939,0.8615782664941786,0.7862523540489642,0.8613989637305699,0.7939508506616257,0.5586206896551724,0.5956678700361011,0.7517482517482518,0.5608108108108109,0.711864406779661,0.5797227036395147,0.570694087403599,0.7210708117443869,0.5792682926829268,0.7310704960835509,0.7157744332253763,0.712782388626298,0.7345697780480389,0.6855778191985088,0.6816464891041163,0.7093936764414905,0.7104170717130041,0.7037674500710884,0.7167458629627168,0.7168312916979829,"{'cls__hidden_layer_sizes': (100,), 'cls__learning_rate': 'adaptive', 'cls__learning_rate_init': 0.0001, 'cls__max_iter': 1000, 'cls__n_iter_no_change': 5, 'cls__random_state': 42, 'os__random_state': 42}",mlp,lof,simple,minmax,smote,0.7134350998922228
165.0,138.0,145.0,148.0,118.0,632.0,505.0,637.0,634.0,522.0,17.0,58.0,42.0,23.0,68.0,108.0,221.0,98.0,117.0,214.0,122.0,70.0,137.0,137.0,75.0,522.0,334.0,486.0,486.0,327.0,172.0,209.0,151.0,167.0,214.0,638.0,841.0,680.0,664.0,838.0,0.712215320910973,0.7655677655677656,0.627858627858628,0.6761133603238866,0.7495621716287215,0.6694648478488983,0.7518998658918195,0.6995884773662551,0.6877265665458312,0.7559765448804693,0.707983193277311,0.7305263157894737,0.6231578947368421,0.6631578947368421,0.6989473684210527,0.6684210526315789,0.708048395581273,0.6927932667017359,0.6827985270910047,0.7154129405576013,0.91005291005291,0.7827715355805244,0.7823834196891192,0.8789473684210526,0.7588652482269503,0.8552278820375335,0.7919020715630886,0.8740359897172236,0.8501920614596671,0.7965779467680608,0.5850340136054422,0.7491039426523297,0.5243055555555556,0.5493421052631579,0.740484429065744,0.55,0.7157446808510638,0.5831903945111492,0.577391304347826,0.7193133047210301,0.7458137100994243,0.7265927876526955,0.6498533125371361,0.7074195906432748,0.6874465156081409,0.702027027027027,0.7056684836762206,0.7249285305889079,0.710799513691889,0.7142762175779063,"{'cls__hidden_layer_sizes': (100,), 'cls__learning_rate': 'adaptive', 'cls__learning_rate_init': 0.001, 'cls__max_iter': 1000, 'cls__n_iter_no_change': 5, 'cls__random_state': 42, 'os__random_state': 42}",mlp,none,simple,standard,smote,0.7062634492579949
164.0,170.0,145.0,148.0,119.0,631.0,610.0,635.0,632.0,522.0,18.0,26.0,42.0,23.0,67.0,109.0,116.0,100.0,119.0,214.0,120.0,110.0,135.0,137.0,74.0,518.0,507.0,482.0,480.0,324.0,174.0,169.0,153.0,167.0,215.0,642.0,668.0,684.0,670.0,841.0,0.7160493827160493,0.7130801687763714,0.6335403726708075,0.6761133603238866,0.7530647985989494,0.6718995290423863,0.6819806023481367,0.7015384615384616,0.6910778751933987,0.7576576576576577,0.7100840336134454,0.7136842105263158,0.6273684210526316,0.6631578947368421,0.7031578947368421,0.67,0.672277748553393,0.6938453445554971,0.6849026827985271,0.716991057338243,0.90625,0.8666666666666667,0.7846153846153846,0.8789473684210526,0.7624113475177305,0.8548601864181092,0.8520408163265306,0.8724489795918368,0.8491761723700887,0.7971563981042654,0.5918367346938775,0.6057347670250897,0.53125,0.5493421052631579,0.7439446366782007,0.553448275862069,0.5685106382978723,0.5866209262435678,0.5826086956521739,0.7218884120171674,0.7464678178963893,0.7365408529002999,0.6533255347593583,0.7074195906432748,0.6918647914573799,0.703075489282386,0.7043655119864016,0.7252832522374302,0.7120766514212933,0.715563771225975,"{'cls__hidden_layer_sizes': (100,), 'cls__learning_rate': 'adaptive', 'cls__learning_rate_init': 1e-05, 'cls__max_iter': 1000, 'cls__n_iter_no_change': 5, 'cls__random_state': 42, 'os__random_state': 42}",mlp,none,simple,none,smote,0.6983696166172129
158.0,161.0,159.0,141.0,114.0,610.0,607.0,609.0,627.0,515.0,23.0,33.0,25.0,33.0,61.0,117.0,107.0,115.0,107.0,218.0,128.0,112.0,119.0,130.0,85.0,485.0,501.0,494.0,483.0,309.0,162.0,165.0,167.0,166.0,210.0,669.0,666.0,664.0,665.0,840.0,0.6821052631578949,0.6947368421052632,0.698744769874477,0.6707070707070707,0.7420494699646644,0.6896907216494844,0.6865979381443299,0.685596282911719,0.6927083333333333,0.76121431807884,0.6794055201698513,0.692144373673036,0.6936170212765957,0.6531914893617021,0.6893617021276596,0.6799574694311536,0.6767676767676768,0.6764080765143464,0.6865037194473964,0.7199787460148778,0.8756756756756757,0.8333333333333334,0.8697916666666666,0.8341708542713567,0.7749077490774908,0.851145038167939,0.8615782664941786,0.8523748395378691,0.8613989637305699,0.7939508506616257,0.5586206896551724,0.5956678700361011,0.583916083916084,0.5608108108108109,0.711864406779661,0.5797227036395147,0.570694087403599,0.5734024179620034,0.5792682926829268,0.7310704960835509,0.7157744332253763,0.712782388626298,0.7240232593493462,0.6855778191985088,0.6816464891041163,0.7093936764414905,0.7104170717130041,0.7072813194782392,0.7167458629627168,0.7168312916979829,"{'cls__C': 0.1, 'cls__probability': True, 'cls__random_state': 42, 'os__random_state': 42}",svc,lof,simple,minmax,smote,0.697668683161874
158.0,161.0,159.0,141.0,114.0,610.0,607.0,609.0,627.0,515.0,23.0,33.0,25.0,33.0,61.0,117.0,107.0,115.0,107.0,218.0,128.0,112.0,119.0,130.0,85.0,485.0,501.0,494.0,483.0,309.0,162.0,165.0,167.0,166.0,210.0,669.0,666.0,664.0,665.0,840.0,0.6821052631578949,0.6947368421052632,0.698744769874477,0.6707070707070707,0.7420494699646644,0.6896907216494844,0.6865979381443299,0.685596282911719,0.6927083333333333,0.76121431807884,0.6794055201698513,0.692144373673036,0.6936170212765957,0.6531914893617021,0.6893617021276596,0.6799574694311536,0.6767676767676768,0.6764080765143464,0.6865037194473964,0.7199787460148778,0.8756756756756757,0.8333333333333334,0.8697916666666666,0.8341708542713567,0.7749077490774908,0.851145038167939,0.8615782664941786,0.8523748395378691,0.8613989637305699,0.7939508506616257,0.5586206896551724,0.5956678700361011,0.583916083916084,0.5608108108108109,0.711864406779661,0.5797227036395147,0.570694087403599,0.5734024179620034,0.5792682926829268,0.7310704960835509,0.7157744332253763,0.712782388626298,0.7240232593493462,0.6855778191985088,0.6816464891041163,0.7093936764414905,0.7104170717130041,0.7072813194782392,0.7167458629627168,0.7168312916979829,"{'cls__C': 0.1, 'cls__probability': True, 'cls__random_state': 42, 'os__random_state': 42}",svc,lof,simple,standard,smote,0.697668683161874
158.0,161.0,159.0,141.0,114.0,610.0,607.0,609.0,627.0,515.0,23.0,33.0,25.0,33.0,61.0,117.0,107.0,115.0,107.0,218.0,128.0,112.0,119.0,130.0,85.0,485.0,501.0,494.0,483.0,309.0,162.0,165.0,167.0,166.0,210.0,669.0,666.0,664.0,665.0,840.0,0.6821052631578949,0.6947368421052632,0.698744769874477,0.6707070707070707,0.7420494699646644,0.6896907216494844,0.6865979381443299,0.685596282911719,0.6927083333333333,0.76121431807884,0.6794055201698513,0.692144373673036,0.6936170212765957,0.6531914893617021,0.6893617021276596,0.6799574694311536,0.6767676767676768,0.6764080765143464,0.6865037194473964,0.7199787460148778,0.8756756756756757,0.8333333333333334,0.8697916666666666,0.8341708542713567,0.7749077490774908,0.851145038167939,0.8615782664941786,0.8523748395378691,0.8613989637305699,0.7939508506616257,0.5586206896551724,0.5956678700361011,0.583916083916084,0.5608108108108109,0.711864406779661,0.5797227036395147,0.570694087403599,0.5734024179620034,0.5792682926829268,0.7310704960835509,0.7157744332253763,0.712782388626298,0.7240232593493462,0.6855778191985088,0.6816464891041163,0.7093936764414905,0.7104170717130041,0.7072813194782392,0.7167458629627168,0.7168312916979829,"{'cls__hidden_layer_sizes': (100,), 'cls__learning_rate': 'adaptive', 'cls__learning_rate_init': 0.0001, 'cls__max_iter': 1000, 'cls__n_iter_no_change': 5, 'cls__random_state': 42, 'os__random_state': 42}",mlp,lof,simple,standard,smote,0.697668683161874
158.0,161.0,159.0,141.0,114.0,610.0,607.0,609.0,627.0,515.0,23.0,33.0,25.0,33.0,61.0,117.0,107.0,115.0,107.0,218.0,128.0,112.0,119.0,130.0,85.0,485.0,501.0,494.0,483.0,309.0,162.0,165.0,167.0,166.0,210.0,669.0,666.0,664.0,665.0,840.0,0.6821052631578949,0.6947368421052632,0.698744769874477,0.6707070707070707,0.7420494699646644,0.6896907216494844,0.6865979381443299,0.685596282911719,0.6927083333333333,0.76121431807884,0.6794055201698513,0.692144373673036,0.6936170212765957,0.6531914893617021,0.6893617021276596,0.6799574694311536,0.6767676767676768,0.6764080765143464,0.6865037194473964,0.7199787460148778,0.8756756756756757,0.8333333333333334,0.8697916666666666,0.8341708542713567,0.7749077490774908,0.851145038167939,0.8615782664941786,0.8523748395378691,0.8613989637305699,0.7939508506616257,0.5586206896551724,0.5956678700361011,0.583916083916084,0.5608108108108109,0.711864406779661,0.5797227036395147,0.570694087403599,0.5734024179620034,0.5792682926829268,0.7310704960835509,0.7157744332253763,0.712782388626298,0.7240232593493462,0.6855778191985088,0.6816464891041163,0.7093936764414905,0.7104170717130041,0.7072813194782392,0.7167458629627168,0.7168312916979829,"{'cls__C': 0.1, 'cls__probability': True, 'cls__random_state': 42, 'os__random_state': 42}",svc,lof,simple,none,smote,0.697668683161874
162.0,170.0,145.0,148.0,118.0,620.0,610.0,635.0,634.0,522.0,20.0,26.0,42.0,23.0,68.0,120.0,116.0,100.0,117.0,214.0,119.0,110.0,135.0,137.0,75.0,504.0,507.0,482.0,486.0,327.0,175.0,169.0,153.0,167.0,214.0,656.0,668.0,684.0,664.0,838.0,0.7157464212678937,0.7130801687763714,0.6335403726708075,0.6761133603238866,0.7495621716287215,0.6776859504132232,0.6819806023481367,0.7015384615384616,0.6877265665458312,0.7559765448804693,0.707983193277311,0.7136842105263158,0.6273684210526316,0.6631578947368421,0.6989473684210527,0.671578947368421,0.672277748553393,0.6938453445554971,0.6827985270910047,0.7154129405576013,0.8974358974358975,0.8666666666666667,0.7846153846153846,0.8789473684210526,0.7588652482269503,0.845360824742268,0.8520408163265306,0.8724489795918368,0.8501920614596671,0.7965779467680608,0.5952380952380952,0.6057347670250897,0.53125,0.5493421052631579,0.740484429065744,0.5655172413793104,0.5685106382978723,0.5866209262435678,0.577391304347826,0.7193133047210301,0.7426739926739927,0.7365408529002999,0.6533255347593583,0.7074195906432748,0.6874465156081409,0.701677539608574,0.7043655119864016,0.7252832522374302,0.710799513691889,0.7142762175779063,"{'cls__hidden_layer_sizes': (100,), 'cls__learning_rate': 'adaptive', 'cls__learning_rate_init': 0.001, 'cls__max_iter': 1000, 'cls__n_iter_no_change': 5, 'cls__random_state': 42, 'os__random_state': 42}",mlp,none,simple,none,smote,0.6976084989335362
163.0,170.0,145.0,150.0,119.0,629.0,610.0,635.0,645.0,522.0,19.0,26.0,42.0,21.0,67.0,111.0,116.0,100.0,106.0,214.0,120.0,110.0,135.0,140.0,74.0,516.0,507.0,482.0,498.0,322.0,174.0,169.0,153.0,164.0,215.0,644.0,668.0,684.0,652.0,843.0,0.7145790554414785,0.7130801687763714,0.6335403726708075,0.6707566462167689,0.7530647985989494,0.6725848563968668,0.6819806023481367,0.7015384615384616,0.6834381551362684,0.7587758775877587,0.707983193277311,0.7136842105263158,0.6273684210526316,0.6610526315789473,0.7031578947368421,0.67,0.672277748553393,0.6938453445554971,0.6822724881641241,0.7180431351920042,0.9015544041450777,0.8666666666666667,0.7846153846153846,0.8864864864864865,0.7624113475177305,0.8529801324503311,0.8520408163265306,0.8724489795918368,0.8601583113456465,0.7975402081362346,0.5918367346938775,0.6057347670250897,0.53125,0.5394736842105263,0.7439446366782007,0.5551724137931034,0.5685106382978723,0.5866209262435678,0.5669565217391305,0.7236051502145923,0.7437205651491366,0.7365408529002999,0.6533255347593583,0.7083333333333334,0.6918647914573799,0.7025862068965517,0.7043655119864016,0.7252832522374302,0.7129056909627742,0.7164221403246874,"{'cls__criterion': 'entropy', 'cls__max_depth': 4, 'cls__max_features': 'log2', 'cls__random_state': 42, 'os__random_state': 42}",rf,none,simple,none,smote,0.6970042083408752
163.0,170.0,145.0,150.0,123.0,629.0,610.0,635.0,645.0,533.0,19.0,26.0,42.0,21.0,63.0,111.0,116.0,100.0,106.0,203.0,120.0,110.0,135.0,140.0,80.0,516.0,507.0,482.0,498.0,339.0,174.0,169.0,153.0,164.0,209.0,644.0,668.0,684.0,652.0,826.0,0.7145790554414785,0.7130801687763714,0.6335403726708075,0.6707566462167689,0.7450980392156864,0.6725848563968668,0.6819806023481367,0.7015384615384616,0.6834381551362684,0.7529626253418416,0.707983193277311,0.7136842105263158,0.6273684210526316,0.6610526315789473,0.6989473684210527,0.67,0.672277748553393,0.6938453445554971,0.6822724881641241,0.7148869016307207,0.9015544041450777,0.8666666666666667,0.7846153846153846,0.8864864864864865,0.7683823529411765,0.8529801324503311,0.8520408163265306,0.8724489795918368,0.8601583113456465,0.8027210884353742,0.5918367346938775,0.6057347670250897,0.53125,0.5394736842105263,0.7231833910034602,0.5551724137931034,0.5685106382978723,0.5866209262435678,0.5669565217391305,0.7090128755364807,0.7437205651491366,0.7365408529002999,0.6533255347593583,0.7083333333333334,0.6922368567920527,0.7025862068965517,0.7043655119864016,0.7252832522374302,0.7129056909627742,0.7165988290725882,"{'cls__criterion': 'gini', 'cls__max_depth': 4, 'cls__max_features': 'log2', 'cls__random_state': 42, 'os__random_state': 42}",rf,none,simple,none,smote,0.6954108564642225
158.0,161.0,159.0,143.0,114.0,610.0,607.0,609.0,640.0,515.0,23.0,33.0,25.0,31.0,61.0,117.0,107.0,115.0,94.0,218.0,128.0,112.0,119.0,137.0,85.0,485.0,501.0,494.0,497.0,309.0,162.0,165.0,167.0,159.0,210.0,669.0,666.0,664.0,651.0,840.0,0.6821052631578949,0.6947368421052632,0.698744769874477,0.654320987654321,0.7420494699646644,0.6896907216494844,0.6865979381443299,0.685596282911719,0.687797147385103,0.76121431807884,0.6794055201698513,0.692144373673036,0.6936170212765957,0.6425531914893617,0.6893617021276596,0.6799574694311536,0.6767676767676768,0.6764080765143464,0.6859723698193412,0.7199787460148778,0.8756756756756757,0.8333333333333334,0.8697916666666666,0.8368421052631579,0.7749077490774908,0.851145038167939,0.8615782664941786,0.8523748395378691,0.8738255033557047,0.7939508506616257,0.5586206896551724,0.5956678700361011,0.583916083916084,0.5371621621621622,0.711864406779661,0.5797227036395147,0.570694087403599,0.5734024179620034,0.5670731707317073,0.7310704960835509,0.7157744332253763,0.712782388626298,0.7240232593493462,0.6795006213109662,0.6816464891041163,0.7093936764414905,0.7104170717130041,0.7072813194782392,0.7195038878181697,0.7168312916979829,"{'cls__hidden_layer_sizes': (100,), 'cls__learning_rate': 'adaptive', 'cls__learning_rate_init': 0.001, 'cls__max_iter': 1000, 'cls__n_iter_no_change': 5, 'cls__random_state': 42, 'os__random_state': 42}",mlp,lof,simple,none,smote,0.694391466551324
67.0,80.0,79.0,67.0,78.0,304.0,291.0,292.0,304.0,293.0,43.0,47.0,48.0,48.0,52.0,195.0,191.0,190.0,190.0,186.0,69.0,66.0,64.0,74.0,77.0,281.0,284.0,286.0,276.0,273.0,147.0,133.0,134.0,136.0,118.0,521.0,535.0,534.0,532.0,550.0,0.7241379310344828,0.7018469656992085,0.7052631578947368,0.6903553299492385,0.6465753424657534,0.686429512516469,0.6925566343042071,0.6917098445595854,0.6954248366013072,0.7055805003207185,0.656441717791411,0.6533742331288344,0.6553846153846153,0.6246153846153846,0.6030769230769231,0.6341275941583397,0.6348962336664105,0.6344086021505376,0.642089093701997,0.6474654377880185,0.7736842105263158,0.7388888888888889,0.7362637362637363,0.7391304347826086,0.6941176470588235,0.7276536312849162,0.7369146005509641,0.7375690607734806,0.7368421052631579,0.7472826086956522,0.6805555555555556,0.6683417085427136,0.6767676767676768,0.6476190476190476,0.6051282051282051,0.6496259351620948,0.6532356532356532,0.651219512195122,0.6584158415841584,0.6682867557715675,0.6448232323232324,0.6491314841926167,0.6494074604310826,0.6151138716356107,0.6025641025641025,0.629422186017921,0.628485046534839,0.6285143204129138,0.636900228484387,0.6399888893680383,"{'cls__algorithm': 'SAMME', 'cls__learning_rate': 1.0, 'cls__n_estimators': 100, 'cls__random_state': 42, 'os__random_state': 42}",ada,iforest,simple,none,smote,0.693635745408684
67.0,80.0,79.0,67.0,78.0,304.0,291.0,292.0,304.0,293.0,43.0,47.0,48.0,48.0,52.0,195.0,191.0,190.0,190.0,186.0,69.0,66.0,64.0,74.0,77.0,281.0,284.0,286.0,276.0,273.0,147.0,133.0,134.0,136.0,118.0,521.0,535.0,534.0,532.0,550.0,0.7241379310344828,0.7018469656992085,0.7052631578947368,0.6903553299492385,0.6465753424657534,0.686429512516469,0.6925566343042071,0.6917098445595854,0.6954248366013072,0.7055805003207185,0.656441717791411,0.6533742331288344,0.6553846153846153,0.6246153846153846,0.6030769230769231,0.6341275941583397,0.6348962336664105,0.6344086021505376,0.642089093701997,0.6474654377880185,0.7736842105263158,0.7388888888888889,0.7362637362637363,0.7391304347826086,0.6941176470588235,0.7276536312849162,0.7369146005509641,0.7375690607734806,0.7368421052631579,0.7472826086956522,0.6805555555555556,0.6683417085427136,0.6767676767676768,0.6476190476190476,0.6051282051282051,0.6496259351620948,0.6532356532356532,0.651219512195122,0.6584158415841584,0.6682867557715675,0.6448232323232324,0.6491314841926167,0.6494074604310826,0.6151138716356107,0.6025641025641025,0.629422186017921,0.628485046534839,0.6285143204129138,0.636900228484387,0.6399888893680383,"{'cls__algorithm': 'SAMME', 'cls__learning_rate': 0.1, 'cls__n_estimators': 10, 'cls__random_state': 42, 'os__random_state': 42}",ada,iforest,simple,none,smote,0.693635745408684
67.0,80.0,79.0,67.0,78.0,304.0,291.0,292.0,304.0,293.0,43.0,47.0,48.0,48.0,52.0,195.0,191.0,190.0,190.0,186.0,69.0,66.0,64.0,74.0,77.0,281.0,284.0,286.0,276.0,273.0,147.0,133.0,134.0,136.0,118.0,521.0,535.0,534.0,532.0,550.0,0.7241379310344828,0.7018469656992085,0.7052631578947368,0.6903553299492385,0.6465753424657534,0.686429512516469,0.6925566343042071,0.6917098445595854,0.6954248366013072,0.7055805003207185,0.656441717791411,0.6533742331288344,0.6553846153846153,0.6246153846153846,0.6030769230769231,0.6341275941583397,0.6348962336664105,0.6344086021505376,0.642089093701997,0.6474654377880185,0.7736842105263158,0.7388888888888889,0.7362637362637363,0.7391304347826086,0.6941176470588235,0.7276536312849162,0.7369146005509641,0.7375690607734806,0.7368421052631579,0.7472826086956522,0.6805555555555556,0.6683417085427136,0.6767676767676768,0.6476190476190476,0.6051282051282051,0.6496259351620948,0.6532356532356532,0.651219512195122,0.6584158415841584,0.6682867557715675,0.6448232323232324,0.6491314841926167,0.6494074604310826,0.6151138716356107,0.6025641025641025,0.629422186017921,0.628485046534839,0.6285143204129138,0.636900228484387,0.6399888893680383,"{'cls__algorithm': 'SAMME', 'cls__learning_rate': 0.1, 'cls__n_estimators': 50, 'cls__random_state': 42, 'os__random_state': 42}",ada,iforest,simple,none,smote,0.693635745408684
67.0,80.0,79.0,67.0,78.0,304.0,291.0,292.0,304.0,293.0,43.0,47.0,48.0,48.0,52.0,195.0,191.0,190.0,190.0,186.0,69.0,66.0,64.0,74.0,77.0,281.0,284.0,286.0,276.0,273.0,147.0,133.0,134.0,136.0,118.0,521.0,535.0,534.0,532.0,550.0,0.7241379310344828,0.7018469656992085,0.7052631578947368,0.6903553299492385,0.6465753424657534,0.686429512516469,0.6925566343042071,0.6917098445595854,0.6954248366013072,0.7055805003207185,0.656441717791411,0.6533742331288344,0.6553846153846153,0.6246153846153846,0.6030769230769231,0.6341275941583397,0.6348962336664105,0.6344086021505376,0.642089093701997,0.6474654377880185,0.7736842105263158,0.7388888888888889,0.7362637362637363,0.7391304347826086,0.6941176470588235,0.7276536312849162,0.7369146005509641,0.7375690607734806,0.7368421052631579,0.7472826086956522,0.6805555555555556,0.6683417085427136,0.6767676767676768,0.6476190476190476,0.6051282051282051,0.6496259351620948,0.6532356532356532,0.651219512195122,0.6584158415841584,0.6682867557715675,0.6448232323232324,0.6491314841926167,0.6494074604310826,0.6151138716356107,0.6025641025641025,0.629422186017921,0.628485046534839,0.6285143204129138,0.636900228484387,0.6399888893680383,"{'cls__algorithm': 'SAMME', 'cls__learning_rate': 0.1, 'cls__n_estimators': 100, 'cls__random_state': 42, 'os__random_state': 42}",ada,iforest,simple,none,smote,0.693635745408684
67.0,80.0,79.0,67.0,78.0,304.0,291.0,292.0,304.0,293.0,43.0,47.0,48.0,48.0,52.0,195.0,191.0,190.0,190.0,186.0,69.0,66.0,64.0,74.0,77.0,281.0,284.0,286.0,276.0,273.0,147.0,133.0,134.0,136.0,118.0,521.0,535.0,534.0,532.0,550.0,0.7241379310344828,0.7018469656992085,0.7052631578947368,0.6903553299492385,0.6465753424657534,0.686429512516469,0.6925566343042071,0.6917098445595854,0.6954248366013072,0.7055805003207185,0.656441717791411,0.6533742331288344,0.6553846153846153,0.6246153846153846,0.6030769230769231,0.6341275941583397,0.6348962336664105,0.6344086021505376,0.642089093701997,0.6474654377880185,0.7736842105263158,0.7388888888888889,0.7362637362637363,0.7391304347826086,0.6941176470588235,0.7276536312849162,0.7369146005509641,0.7375690607734806,0.7368421052631579,0.7472826086956522,0.6805555555555556,0.6683417085427136,0.6767676767676768,0.6476190476190476,0.6051282051282051,0.6496259351620948,0.6532356532356532,0.651219512195122,0.6584158415841584,0.6682867557715675,0.6448232323232324,0.6491314841926167,0.6494074604310826,0.6151138716356107,0.6025641025641025,0.629422186017921,0.628485046534839,0.6285143204129138,0.636900228484387,0.6399888893680383,"{'cls__algorithm': 'SAMME', 'cls__learning_rate': 0.5, 'cls__n_estimators': 10, 'cls__random_state': 42, 'os__random_state': 42}",ada,iforest,simple,none,smote,0.693635745408684
67.0,80.0,79.0,67.0,78.0,304.0,291.0,292.0,304.0,293.0,43.0,47.0,48.0,48.0,52.0,195.0,191.0,190.0,190.0,186.0,69.0,66.0,64.0,74.0,77.0,281.0,284.0,286.0,276.0,273.0,147.0,133.0,134.0,136.0,118.0,521.0,535.0,534.0,532.0,550.0,0.7241379310344828,0.7018469656992085,0.7052631578947368,0.6903553299492385,0.6465753424657534,0.686429512516469,0.6925566343042071,0.6917098445595854,0.6954248366013072,0.7055805003207185,0.656441717791411,0.6533742331288344,0.6553846153846153,0.6246153846153846,0.6030769230769231,0.6341275941583397,0.6348962336664105,0.6344086021505376,0.642089093701997,0.6474654377880185,0.7736842105263158,0.7388888888888889,0.7362637362637363,0.7391304347826086,0.6941176470588235,0.7276536312849162,0.7369146005509641,0.7375690607734806,0.7368421052631579,0.7472826086956522,0.6805555555555556,0.6683417085427136,0.6767676767676768,0.6476190476190476,0.6051282051282051,0.6496259351620948,0.6532356532356532,0.651219512195122,0.6584158415841584,0.6682867557715675,0.6448232323232324,0.6491314841926167,0.6494074604310826,0.6151138716356107,0.6025641025641025,0.629422186017921,0.628485046534839,0.6285143204129138,0.636900228484387,0.6399888893680383,"{'cls__algorithm': 'SAMME', 'cls__learning_rate': 0.5, 'cls__n_estimators': 50, 'cls__random_state': 42, 'os__random_state': 42}",ada,iforest,simple,none,smote,0.693635745408684
67.0,80.0,79.0,67.0,78.0,304.0,291.0,292.0,304.0,293.0,43.0,47.0,48.0,48.0,52.0,195.0,191.0,190.0,190.0,186.0,69.0,66.0,64.0,74.0,77.0,281.0,284.0,286.0,276.0,273.0,147.0,133.0,134.0,136.0,118.0,521.0,535.0,534.0,532.0,550.0,0.7241379310344828,0.7018469656992085,0.7052631578947368,0.6903553299492385,0.6465753424657534,0.686429512516469,0.6925566343042071,0.6917098445595854,0.6954248366013072,0.7055805003207185,0.656441717791411,0.6533742331288344,0.6553846153846153,0.6246153846153846,0.6030769230769231,0.6341275941583397,0.6348962336664105,0.6344086021505376,0.642089093701997,0.6474654377880185,0.7736842105263158,0.7388888888888889,0.7362637362637363,0.7391304347826086,0.6941176470588235,0.7276536312849162,0.7369146005509641,0.7375690607734806,0.7368421052631579,0.7472826086956522,0.6805555555555556,0.6683417085427136,0.6767676767676768,0.6476190476190476,0.6051282051282051,0.6496259351620948,0.6532356532356532,0.651219512195122,0.6584158415841584,0.6682867557715675,0.6448232323232324,0.6491314841926167,0.6494074604310826,0.6151138716356107,0.6025641025641025,0.629422186017921,0.628485046534839,0.6285143204129138,0.636900228484387,0.6399888893680383,"{'cls__algorithm': 'SAMME', 'cls__learning_rate': 1.0, 'cls__n_estimators': 10, 'cls__random_state': 42, 'os__random_state': 42}",ada,iforest,simple,none,smote,0.693635745408684
67.0,80.0,79.0,67.0,78.0,304.0,291.0,292.0,304.0,293.0,43.0,47.0,48.0,48.0,52.0,195.0,191.0,190.0,190.0,186.0,69.0,66.0,64.0,74.0,77.0,281.0,284.0,286.0,276.0,273.0,147.0,133.0,134.0,136.0,118.0,521.0,535.0,534.0,532.0,550.0,0.7241379310344828,0.7018469656992085,0.7052631578947368,0.6903553299492385,0.6465753424657534,0.686429512516469,0.6925566343042071,0.6917098445595854,0.6954248366013072,0.7055805003207185,0.656441717791411,0.6533742331288344,0.6553846153846153,0.6246153846153846,0.6030769230769231,0.6341275941583397,0.6348962336664105,0.6344086021505376,0.642089093701997,0.6474654377880185,0.7736842105263158,0.7388888888888889,0.7362637362637363,0.7391304347826086,0.6941176470588235,0.7276536312849162,0.7369146005509641,0.7375690607734806,0.7368421052631579,0.7472826086956522,0.6805555555555556,0.6683417085427136,0.6767676767676768,0.6476190476190476,0.6051282051282051,0.6496259351620948,0.6532356532356532,0.651219512195122,0.6584158415841584,0.6682867557715675,0.6448232323232324,0.6491314841926167,0.6494074604310826,0.6151138716356107,0.6025641025641025,0.629422186017921,0.628485046534839,0.6285143204129138,0.636900228484387,0.6399888893680383,"{'cls__algorithm': 'SAMME', 'cls__learning_rate': 1.0, 'cls__n_estimators': 50, 'cls__random_state': 42, 'os__random_state': 42}",ada,iforest,simple,none,smote,0.693635745408684
67.0,80.0,79.0,67.0,78.0,304.0,291.0,292.0,304.0,293.0,43.0,47.0,48.0,48.0,52.0,195.0,191.0,190.0,190.0,186.0,69.0,66.0,64.0,74.0,77.0,281.0,284.0,286.0,276.0,273.0,147.0,133.0,134.0,136.0,118.0,521.0,535.0,534.0,532.0,550.0,0.7241379310344828,0.7018469656992085,0.7052631578947368,0.6903553299492385,0.6465753424657534,0.686429512516469,0.6925566343042071,0.6917098445595854,0.6954248366013072,0.7055805003207185,0.656441717791411,0.6533742331288344,0.6553846153846153,0.6246153846153846,0.6030769230769231,0.6341275941583397,0.6348962336664105,0.6344086021505376,0.642089093701997,0.6474654377880185,0.7736842105263158,0.7388888888888889,0.7362637362637363,0.7391304347826086,0.6941176470588235,0.7276536312849162,0.7369146005509641,0.7375690607734806,0.7368421052631579,0.7472826086956522,0.6805555555555556,0.6683417085427136,0.6767676767676768,0.6476190476190476,0.6051282051282051,0.6496259351620948,0.6532356532356532,0.651219512195122,0.6584158415841584,0.6682867557715675,0.6448232323232324,0.6491314841926167,0.6494074604310826,0.6151138716356107,0.6025641025641025,0.629422186017921,0.628485046534839,0.6285143204129138,0.636900228484387,0.6399888893680383,"{'cls__algorithm': 'SAMME', 'cls__learning_rate': 0.5, 'cls__n_estimators': 100, 'cls__random_state': 42, 'os__random_state': 42}",ada,iforest,simple,none,smote,0.693635745408684
161.0,161.0,161.0,143.0,119.0,622.0,607.0,622.0,640.0,525.0,20.0,33.0,23.0,31.0,56.0,105.0,107.0,102.0,94.0,208.0,129.0,112.0,124.0,137.0,90.0,505.0,501.0,510.0,497.0,325.0,161.0,165.0,162.0,159.0,205.0,649.0,666.0,648.0,651.0,824.0,0.6836518046709129,0.6947368421052632,0.6878980891719745,0.654320987654321,0.737410071942446,0.6802935010482181,0.6865979381443299,0.6792452830188678,0.687797147385103,0.7556166895919303,0.6836518046709129,0.692144373673036,0.6872340425531915,0.6425531914893617,0.6893617021276596,0.6757044125465178,0.6767676767676768,0.6748140276301806,0.6859723698193412,0.7167906482465463,0.8895027624309392,0.8333333333333334,0.8756756756756757,0.8368421052631579,0.7854406130268199,0.8607427055702918,0.8615782664941786,0.864,0.8738255033557047,0.7984496124031008,0.5551724137931034,0.5956678700361011,0.5664335664335665,0.5371621621621622,0.6949152542372882,0.5623916811091855,0.570694087403599,0.5595854922279793,0.5670731707317073,0.7171453437771975,0.7223375881120214,0.712782388626298,0.7207167832167832,0.6795006213109662,0.687457627118644,0.7089812600869173,0.7104170717130041,0.7093507571637133,0.7195038878181697,0.7166899979458974,"{'cls__C': 10, 'cls__probability': True, 'cls__random_state': 42, 'os__random_state': 42}",svc,lof,simple,minmax,smote,0.6916035591089835
161.0,161.0,161.0,143.0,119.0,622.0,607.0,622.0,640.0,525.0,20.0,33.0,23.0,31.0,56.0,105.0,107.0,102.0,94.0,208.0,129.0,112.0,124.0,137.0,90.0,505.0,501.0,510.0,497.0,325.0,161.0,165.0,162.0,159.0,205.0,649.0,666.0,648.0,651.0,824.0,0.6836518046709129,0.6947368421052632,0.6878980891719745,0.654320987654321,0.737410071942446,0.6802935010482181,0.6865979381443299,0.6792452830188678,0.687797147385103,0.7556166895919303,0.6836518046709129,0.692144373673036,0.6872340425531915,0.6425531914893617,0.6893617021276596,0.6757044125465178,0.6767676767676768,0.6748140276301806,0.6859723698193412,0.7167906482465463,0.8895027624309392,0.8333333333333334,0.8756756756756757,0.8368421052631579,0.7854406130268199,0.8607427055702918,0.8615782664941786,0.864,0.8738255033557047,0.7984496124031008,0.5551724137931034,0.5956678700361011,0.5664335664335665,0.5371621621621622,0.6949152542372882,0.5623916811091855,0.570694087403599,0.5595854922279793,0.5670731707317073,0.7171453437771975,0.7223375881120214,0.712782388626298,0.7207167832167832,0.6795006213109662,0.687457627118644,0.7089812600869173,0.7104170717130041,0.7093507571637133,0.7195038878181697,0.7166899979458974,"{'cls__hidden_layer_sizes': (100,), 'cls__learning_rate': 'adaptive', 'cls__learning_rate_init': 0.001, 'cls__max_iter': 1000, 'cls__n_iter_no_change': 5, 'cls__random_state': 42, 'os__random_state': 42}",mlp,lof,simple,standard,smote,0.6916035591089835
161.0,161.0,161.0,143.0,119.0,622.0,607.0,622.0,640.0,525.0,20.0,33.0,23.0,31.0,56.0,105.0,107.0,102.0,94.0,208.0,129.0,112.0,124.0,137.0,90.0,505.0,501.0,510.0,497.0,325.0,161.0,165.0,162.0,159.0,205.0,649.0,666.0,648.0,651.0,824.0,0.6836518046709129,0.6947368421052632,0.6878980891719745,0.654320987654321,0.737410071942446,0.6802935010482181,0.6865979381443299,0.6792452830188678,0.687797147385103,0.7556166895919303,0.6836518046709129,0.692144373673036,0.6872340425531915,0.6425531914893617,0.6893617021276596,0.6757044125465178,0.6767676767676768,0.6748140276301806,0.6859723698193412,0.7167906482465463,0.8895027624309392,0.8333333333333334,0.8756756756756757,0.8368421052631579,0.7854406130268199,0.8607427055702918,0.8615782664941786,0.864,0.8738255033557047,0.7984496124031008,0.5551724137931034,0.5956678700361011,0.5664335664335665,0.5371621621621622,0.6949152542372882,0.5623916811091855,0.570694087403599,0.5595854922279793,0.5670731707317073,0.7171453437771975,0.7223375881120214,0.712782388626298,0.7207167832167832,0.6795006213109662,0.687457627118644,0.7089812600869173,0.7104170717130041,0.7093507571637133,0.7195038878181697,0.7166899979458974,"{'cls__C': 1, 'cls__probability': True, 'cls__random_state': 42, 'os__random_state': 42}",svc,lof,simple,none,smote,0.6916035591089835
161.0,161.0,161.0,143.0,119.0,622.0,607.0,622.0,640.0,525.0,20.0,33.0,23.0,31.0,56.0,105.0,107.0,102.0,94.0,208.0,129.0,112.0,124.0,137.0,90.0,505.0,501.0,510.0,497.0,325.0,161.0,165.0,162.0,159.0,205.0,649.0,666.0,648.0,651.0,824.0,0.6836518046709129,0.6947368421052632,0.6878980891719745,0.654320987654321,0.737410071942446,0.6802935010482181,0.6865979381443299,0.6792452830188678,0.687797147385103,0.7556166895919303,0.6836518046709129,0.692144373673036,0.6872340425531915,0.6425531914893617,0.6893617021276596,0.6757044125465178,0.6767676767676768,0.6748140276301806,0.6859723698193412,0.7167906482465463,0.8895027624309392,0.8333333333333334,0.8756756756756757,0.8368421052631579,0.7854406130268199,0.8607427055702918,0.8615782664941786,0.864,0.8738255033557047,0.7984496124031008,0.5551724137931034,0.5956678700361011,0.5664335664335665,0.5371621621621622,0.6949152542372882,0.5623916811091855,0.570694087403599,0.5595854922279793,0.5670731707317073,0.7171453437771975,0.7223375881120214,0.712782388626298,0.7207167832167832,0.6795006213109662,0.687457627118644,0.7089812600869173,0.7104170717130041,0.7093507571637133,0.7195038878181697,0.7166899979458974,"{'cls__C': 1, 'cls__probability': True, 'cls__random_state': 42, 'os__random_state': 42}",svc,lof,simple,minmax,smote,0.6916035591089835
161.0,161.0,161.0,143.0,119.0,622.0,607.0,622.0,640.0,525.0,20.0,33.0,23.0,31.0,56.0,105.0,107.0,102.0,94.0,208.0,129.0,112.0,124.0,137.0,90.0,505.0,501.0,510.0,497.0,325.0,161.0,165.0,162.0,159.0,205.0,649.0,666.0,648.0,651.0,824.0,0.6836518046709129,0.6947368421052632,0.6878980891719745,0.654320987654321,0.737410071942446,0.6802935010482181,0.6865979381443299,0.6792452830188678,0.687797147385103,0.7556166895919303,0.6836518046709129,0.692144373673036,0.6872340425531915,0.6425531914893617,0.6893617021276596,0.6757044125465178,0.6767676767676768,0.6748140276301806,0.6859723698193412,0.7167906482465463,0.8895027624309392,0.8333333333333334,0.8756756756756757,0.8368421052631579,0.7854406130268199,0.8607427055702918,0.8615782664941786,0.864,0.8738255033557047,0.7984496124031008,0.5551724137931034,0.5956678700361011,0.5664335664335665,0.5371621621621622,0.6949152542372882,0.5623916811091855,0.570694087403599,0.5595854922279793,0.5670731707317073,0.7171453437771975,0.7223375881120214,0.712782388626298,0.7207167832167832,0.6795006213109662,0.687457627118644,0.7089812600869173,0.7104170717130041,0.7093507571637133,0.7195038878181697,0.7166899979458974,"{'cls__criterion': 'gini', 'cls__max_depth': None, 'cls__max_features': 'log2', 'cls__random_state': 42, 'os__random_state': 42}",rf,lof,simple,none,smote,0.6916035591089835
161.0,161.0,161.0,143.0,119.0,622.0,607.0,622.0,640.0,525.0,20.0,33.0,23.0,31.0,56.0,105.0,107.0,102.0,94.0,208.0,129.0,112.0,124.0,137.0,90.0,505.0,501.0,510.0,497.0,325.0,161.0,165.0,162.0,159.0,205.0,649.0,666.0,648.0,651.0,824.0,0.6836518046709129,0.6947368421052632,0.6878980891719745,0.654320987654321,0.737410071942446,0.6802935010482181,0.6865979381443299,0.6792452830188678,0.687797147385103,0.7556166895919303,0.6836518046709129,0.692144373673036,0.6872340425531915,0.6425531914893617,0.6893617021276596,0.6757044125465178,0.6767676767676768,0.6748140276301806,0.6859723698193412,0.7167906482465463,0.8895027624309392,0.8333333333333334,0.8756756756756757,0.8368421052631579,0.7854406130268199,0.8607427055702918,0.8615782664941786,0.864,0.8738255033557047,0.7984496124031008,0.5551724137931034,0.5956678700361011,0.5664335664335665,0.5371621621621622,0.6949152542372882,0.5623916811091855,0.570694087403599,0.5595854922279793,0.5670731707317073,0.7171453437771975,0.7223375881120214,0.712782388626298,0.7207167832167832,0.6795006213109662,0.687457627118644,0.7089812600869173,0.7104170717130041,0.7093507571637133,0.7195038878181697,0.7166899979458974,"{'cls__criterion': 'entropy', 'cls__max_depth': 4, 'cls__max_features': 'log2', 'cls__random_state': 42, 'os__random_state': 42}",rf,lof,simple,none,smote,0.6916035591089835
161.0,161.0,161.0,143.0,119.0,622.0,607.0,622.0,640.0,525.0,20.0,33.0,23.0,31.0,56.0,105.0,107.0,102.0,94.0,208.0,129.0,112.0,124.0,137.0,90.0,505.0,501.0,510.0,497.0,325.0,161.0,165.0,162.0,159.0,205.0,649.0,666.0,648.0,651.0,824.0,0.6836518046709129,0.6947368421052632,0.6878980891719745,0.654320987654321,0.737410071942446,0.6802935010482181,0.6865979381443299,0.6792452830188678,0.687797147385103,0.7556166895919303,0.6836518046709129,0.692144373673036,0.6872340425531915,0.6425531914893617,0.6893617021276596,0.6757044125465178,0.6767676767676768,0.6748140276301806,0.6859723698193412,0.7167906482465463,0.8895027624309392,0.8333333333333334,0.8756756756756757,0.8368421052631579,0.7854406130268199,0.8607427055702918,0.8615782664941786,0.864,0.8738255033557047,0.7984496124031008,0.5551724137931034,0.5956678700361011,0.5664335664335665,0.5371621621621622,0.6949152542372882,0.5623916811091855,0.570694087403599,0.5595854922279793,0.5670731707317073,0.7171453437771975,0.7223375881120214,0.712782388626298,0.7207167832167832,0.6795006213109662,0.687457627118644,0.7089812600869173,0.7104170717130041,0.7093507571637133,0.7195038878181697,0.7166899979458974,"{'cls__criterion': 'entropy', 'cls__max_depth': None, 'cls__max_features': 'log2', 'cls__random_state': 42, 'os__random_state': 42}",rf,lof,simple,none,smote,0.6916035591089835
161.0,161.0,161.0,143.0,119.0,622.0,607.0,622.0,640.0,525.0,20.0,33.0,23.0,31.0,56.0,105.0,107.0,102.0,94.0,208.0,129.0,112.0,124.0,137.0,90.0,505.0,501.0,510.0,497.0,325.0,161.0,165.0,162.0,159.0,205.0,649.0,666.0,648.0,651.0,824.0,0.6836518046709129,0.6947368421052632,0.6878980891719745,0.654320987654321,0.737410071942446,0.6802935010482181,0.6865979381443299,0.6792452830188678,0.687797147385103,0.7556166895919303,0.6836518046709129,0.692144373673036,0.6872340425531915,0.6425531914893617,0.6893617021276596,0.6757044125465178,0.6767676767676768,0.6748140276301806,0.6859723698193412,0.7167906482465463,0.8895027624309392,0.8333333333333334,0.8756756756756757,0.8368421052631579,0.7854406130268199,0.8607427055702918,0.8615782664941786,0.864,0.8738255033557047,0.7984496124031008,0.5551724137931034,0.5956678700361011,0.5664335664335665,0.5371621621621622,0.6949152542372882,0.5623916811091855,0.570694087403599,0.5595854922279793,0.5670731707317073,0.7171453437771975,0.7223375881120214,0.712782388626298,0.7207167832167832,0.6795006213109662,0.687457627118644,0.7089812600869173,0.7104170717130041,0.7093507571637133,0.7195038878181697,0.7166899979458974,"{'cls__C': 10, 'cls__probability': True, 'cls__random_state': 42, 'os__random_state': 42}",svc,lof,simple,none,smote,0.6916035591089835
161.0,161.0,161.0,143.0,119.0,622.0,607.0,622.0,640.0,525.0,20.0,33.0,23.0,31.0,56.0,105.0,107.0,102.0,94.0,208.0,129.0,112.0,124.0,137.0,90.0,505.0,501.0,510.0,497.0,325.0,161.0,165.0,162.0,159.0,205.0,649.0,666.0,648.0,651.0,824.0,0.6836518046709129,0.6947368421052632,0.6878980891719745,0.654320987654321,0.737410071942446,0.6802935010482181,0.6865979381443299,0.6792452830188678,0.687797147385103,0.7556166895919303,0.6836518046709129,0.692144373673036,0.6872340425531915,0.6425531914893617,0.6893617021276596,0.6757044125465178,0.6767676767676768,0.6748140276301806,0.6859723698193412,0.7167906482465463,0.8895027624309392,0.8333333333333334,0.8756756756756757,0.8368421052631579,0.7854406130268199,0.8607427055702918,0.8615782664941786,0.864,0.8738255033557047,0.7984496124031008,0.5551724137931034,0.5956678700361011,0.5664335664335665,0.5371621621621622,0.6949152542372882,0.5623916811091855,0.570694087403599,0.5595854922279793,0.5670731707317073,0.7171453437771975,0.7223375881120214,0.712782388626298,0.7207167832167832,0.6795006213109662,0.687457627118644,0.7089812600869173,0.7104170717130041,0.7093507571637133,0.7195038878181697,0.7166899979458974,"{'cls__C': 1, 'cls__probability': True, 'cls__random_state': 42, 'os__random_state': 42}",svc,lof,simple,standard,smote,0.6916035591089835
161.0,161.0,161.0,143.0,119.0,622.0,607.0,622.0,640.0,525.0,20.0,33.0,23.0,31.0,56.0,105.0,107.0,102.0,94.0,208.0,129.0,112.0,124.0,137.0,90.0,505.0,501.0,510.0,497.0,325.0,161.0,165.0,162.0,159.0,205.0,649.0,666.0,648.0,651.0,824.0,0.6836518046709129,0.6947368421052632,0.6878980891719745,0.654320987654321,0.737410071942446,0.6802935010482181,0.6865979381443299,0.6792452830188678,0.687797147385103,0.7556166895919303,0.6836518046709129,0.692144373673036,0.6872340425531915,0.6425531914893617,0.6893617021276596,0.6757044125465178,0.6767676767676768,0.6748140276301806,0.6859723698193412,0.7167906482465463,0.8895027624309392,0.8333333333333334,0.8756756756756757,0.8368421052631579,0.7854406130268199,0.8607427055702918,0.8615782664941786,0.864,0.8738255033557047,0.7984496124031008,0.5551724137931034,0.5956678700361011,0.5664335664335665,0.5371621621621622,0.6949152542372882,0.5623916811091855,0.570694087403599,0.5595854922279793,0.5670731707317073,0.7171453437771975,0.7223375881120214,0.712782388626298,0.7207167832167832,0.6795006213109662,0.687457627118644,0.7089812600869173,0.7104170717130041,0.7093507571637133,0.7195038878181697,0.7166899979458974,"{'cls__C': 10, 'cls__probability': True, 'cls__random_state': 42, 'os__random_state': 42}",svc,lof,simple,standard,smote,0.6916035591089835
161.0,164.0,161.0,143.0,119.0,622.0,619.0,622.0,640.0,525.0,20.0,30.0,23.0,31.0,56.0,105.0,95.0,102.0,94.0,208.0,129.0,115.0,124.0,137.0,90.0,505.0,519.0,510.0,497.0,325.0,161.0,162.0,162.0,159.0,205.0,649.0,648.0,648.0,651.0,824.0,0.6836518046709129,0.6908315565031983,0.6878980891719745,0.654320987654321,0.737410071942446,0.6802935010482181,0.6785340314136126,0.6792452830188678,0.687797147385103,0.7556166895919303,0.6836518046709129,0.692144373673036,0.6872340425531915,0.6425531914893617,0.6893617021276596,0.6757044125465178,0.6735778841041999,0.6748140276301806,0.6859723698193412,0.7167906482465463,0.8895027624309392,0.84375,0.8756756756756757,0.8368421052631579,0.7854406130268199,0.8607427055702918,0.8721399730820996,0.864,0.8738255033557047,0.7984496124031008,0.5551724137931034,0.5848375451263538,0.5664335664335665,0.5371621621621622,0.6949152542372882,0.5623916811091855,0.5552699228791774,0.5595854922279793,0.5670731707317073,0.7171453437771975,0.7223375881120214,0.7150991849343108,0.7207167832167832,0.6795006213109662,0.687457627118644,0.7089812600869173,0.7111083507953311,0.7093507571637133,0.7195038878181697,0.7166899979458974,"{'cls__criterion': 'gini', 'cls__max_depth': 4, 'cls__max_features': 'log2', 'cls__random_state': 42, 'os__random_state': 42}",rf,lof,simple,none,smote,0.6908225019885704
160.0,169.0,145.0,147.0,154.0,615.0,606.0,630.0,628.0,614.0,22.0,27.0,42.0,24.0,32.0,125.0,120.0,105.0,123.0,122.0,115.0,110.0,135.0,136.0,117.0,498.0,503.0,478.0,477.0,496.0,179.0,169.0,153.0,168.0,172.0,662.0,672.0,688.0,673.0,669.0,0.7232323232323233,0.7115789473684212,0.6335403726708075,0.6774193548387096,0.6977687626774849,0.6800205444273241,0.6832740213523132,0.7023991832567635,0.6916752312435765,0.6840490797546013,0.7121848739495799,0.7115789473684211,0.6273684210526316,0.6631578947368421,0.6863157894736842,0.6721052631578948,0.672277748553393,0.6933193056286165,0.6843766438716465,0.6749079431877959,0.8905472636815921,0.8622448979591837,0.7846153846153846,0.875,0.8431372549019608,0.841168996188056,0.8484848484848485,0.8675914249684742,0.8454773869346733,0.8457648546144121,0.608843537414966,0.6057347670250897,0.53125,0.5526315789473685,0.5951557093425606,0.5706896551724138,0.5719148936170213,0.5900514579759862,0.5852173913043478,0.5742489270386266,0.7439822082679226,0.7339898324921367,0.6533255347593583,0.7061403508771931,0.7115563492949362,0.7008853681267475,0.703312818709337,0.7235971575594218,0.7107178834018409,0.7042440287367047,{'os__random_state': 42},nb,none,simple,none,smote,0.6887079521575494
160.0,169.0,145.0,147.0,154.0,615.0,606.0,630.0,628.0,614.0,22.0,27.0,42.0,24.0,32.0,125.0,120.0,105.0,123.0,122.0,115.0,110.0,135.0,136.0,117.0,498.0,503.0,478.0,477.0,496.0,179.0,169.0,153.0,168.0,172.0,662.0,672.0,688.0,673.0,669.0,0.7232323232323233,0.7115789473684212,0.6335403726708075,0.6774193548387096,0.6977687626774849,0.6800205444273241,0.6832740213523132,0.7023991832567635,0.6916752312435765,0.6840490797546013,0.7121848739495799,0.7115789473684211,0.6273684210526316,0.6631578947368421,0.6863157894736842,0.6721052631578948,0.672277748553393,0.6933193056286165,0.6843766438716465,0.6749079431877959,0.8905472636815921,0.8622448979591837,0.7846153846153846,0.875,0.8431372549019608,0.841168996188056,0.8484848484848485,0.8675914249684742,0.8454773869346733,0.8457648546144121,0.608843537414966,0.6057347670250897,0.53125,0.5526315789473685,0.5951557093425606,0.5706896551724138,0.5719148936170213,0.5900514579759862,0.5852173913043478,0.5742489270386266,0.7439822082679226,0.7339898324921367,0.6533255347593583,0.7061403508771931,0.7115563492949362,0.7008853681267475,0.703312818709337,0.7235971575594218,0.7107178834018409,0.7042440287367047,{'os__random_state': 42},nb,none,simple,standard,smote,0.6887079521575494
160.0,169.0,145.0,147.0,154.0,615.0,606.0,630.0,628.0,614.0,22.0,27.0,42.0,24.0,32.0,125.0,120.0,105.0,123.0,122.0,115.0,110.0,135.0,136.0,117.0,498.0,503.0,478.0,477.0,496.0,179.0,169.0,153.0,168.0,172.0,662.0,672.0,688.0,673.0,669.0,0.7232323232323233,0.7115789473684212,0.6335403726708075,0.6774193548387096,0.6977687626774849,0.6800205444273241,0.6832740213523132,0.7023991832567635,0.6916752312435765,0.6840490797546013,0.7121848739495799,0.7115789473684211,0.6273684210526316,0.6631578947368421,0.6863157894736842,0.6721052631578948,0.672277748553393,0.6933193056286165,0.6843766438716465,0.6749079431877959,0.8905472636815921,0.8622448979591837,0.7846153846153846,0.875,0.8431372549019608,0.841168996188056,0.8484848484848485,0.8675914249684742,0.8454773869346733,0.8457648546144121,0.608843537414966,0.6057347670250897,0.53125,0.5526315789473685,0.5951557093425606,0.5706896551724138,0.5719148936170213,0.5900514579759862,0.5852173913043478,0.5742489270386266,0.7439822082679226,0.7339898324921367,0.6533255347593583,0.7061403508771931,0.7115563492949362,0.7008853681267475,0.703312818709337,0.7235971575594218,0.7107178834018409,0.7042440287367047,{'os__random_state': 42},nb,none,simple,minmax,smote,0.6887079521575494
158.0,161.0,159.0,141.0,149.0,610.0,607.0,609.0,627.0,619.0,23.0,33.0,25.0,33.0,26.0,117.0,107.0,115.0,107.0,114.0,128.0,112.0,119.0,130.0,124.0,485.0,501.0,494.0,483.0,489.0,162.0,165.0,167.0,166.0,171.0,669.0,666.0,664.0,665.0,660.0,0.6821052631578949,0.6947368421052632,0.698744769874477,0.6707070707070707,0.6951219512195121,0.6896907216494844,0.6865979381443299,0.685596282911719,0.6927083333333333,0.6864274570982839,0.6794055201698513,0.692144373673036,0.6936170212765957,0.6531914893617021,0.6808510638297872,0.6799574694311536,0.6767676767676768,0.6764080765143464,0.6865037194473964,0.679596174282678,0.8756756756756757,0.8333333333333334,0.8697916666666666,0.8341708542713567,0.868020304568528,0.851145038167939,0.8615782664941786,0.8523748395378691,0.8613989637305699,0.8527131782945736,0.5586206896551724,0.5956678700361011,0.583916083916084,0.5608108108108109,0.5796610169491525,0.5797227036395147,0.570694087403599,0.5734024179620034,0.5792682926829268,0.5744125326370757,0.7157744332253763,0.712782388626298,0.7240232593493462,0.6855778191985088,0.715544794188862,0.7093936764414905,0.7104170717130041,0.7072813194782392,0.7167458629627168,0.7094436469460959,{'os__random_state': 42},nb,lof,simple,minmax,smote,0.6882831794128436
158.0,161.0,159.0,141.0,149.0,610.0,607.0,609.0,627.0,619.0,23.0,33.0,25.0,33.0,26.0,117.0,107.0,115.0,107.0,114.0,128.0,112.0,119.0,130.0,124.0,485.0,501.0,494.0,483.0,489.0,162.0,165.0,167.0,166.0,171.0,669.0,666.0,664.0,665.0,660.0,0.6821052631578949,0.6947368421052632,0.698744769874477,0.6707070707070707,0.6951219512195121,0.6896907216494844,0.6865979381443299,0.685596282911719,0.6927083333333333,0.6864274570982839,0.6794055201698513,0.692144373673036,0.6936170212765957,0.6531914893617021,0.6808510638297872,0.6799574694311536,0.6767676767676768,0.6764080765143464,0.6865037194473964,0.679596174282678,0.8756756756756757,0.8333333333333334,0.8697916666666666,0.8341708542713567,0.868020304568528,0.851145038167939,0.8615782664941786,0.8523748395378691,0.8613989637305699,0.8527131782945736,0.5586206896551724,0.5956678700361011,0.583916083916084,0.5608108108108109,0.5796610169491525,0.5797227036395147,0.570694087403599,0.5734024179620034,0.5792682926829268,0.5744125326370757,0.7157744332253763,0.712782388626298,0.7240232593493462,0.6855778191985088,0.715544794188862,0.7093936764414905,0.7104170717130041,0.7072813194782392,0.7167458629627168,0.7094436469460959,{},nb,lof,simple,minmax,none,0.6882831794128436
158.0,161.0,159.0,141.0,149.0,610.0,607.0,609.0,627.0,619.0,23.0,33.0,25.0,33.0,26.0,117.0,107.0,115.0,107.0,114.0,128.0,112.0,119.0,130.0,124.0,485.0,501.0,494.0,483.0,489.0,162.0,165.0,167.0,166.0,171.0,669.0,666.0,664.0,665.0,660.0,0.6821052631578949,0.6947368421052632,0.698744769874477,0.6707070707070707,0.6951219512195121,0.6896907216494844,0.6865979381443299,0.685596282911719,0.6927083333333333,0.6864274570982839,0.6794055201698513,0.692144373673036,0.6936170212765957,0.6531914893617021,0.6808510638297872,0.6799574694311536,0.6767676767676768,0.6764080765143464,0.6865037194473964,0.679596174282678,0.8756756756756757,0.8333333333333334,0.8697916666666666,0.8341708542713567,0.868020304568528,0.851145038167939,0.8615782664941786,0.8523748395378691,0.8613989637305699,0.8527131782945736,0.5586206896551724,0.5956678700361011,0.583916083916084,0.5608108108108109,0.5796610169491525,0.5797227036395147,0.570694087403599,0.5734024179620034,0.5792682926829268,0.5744125326370757,0.7157744332253763,0.712782388626298,0.7240232593493462,0.6855778191985088,0.715544794188862,0.7093936764414905,0.7104170717130041,0.7072813194782392,0.7167458629627168,0.7094436469460959,{'os__random_state': 42},nb,lof,simple,standard,smote,0.6882831794128436
158.0,161.0,159.0,141.0,149.0,610.0,607.0,609.0,627.0,619.0,23.0,33.0,25.0,33.0,26.0,117.0,107.0,115.0,107.0,114.0,128.0,112.0,119.0,130.0,124.0,485.0,501.0,494.0,483.0,489.0,162.0,165.0,167.0,166.0,171.0,669.0,666.0,664.0,665.0,660.0,0.6821052631578949,0.6947368421052632,0.698744769874477,0.6707070707070707,0.6951219512195121,0.6896907216494844,0.6865979381443299,0.685596282911719,0.6927083333333333,0.6864274570982839,0.6794055201698513,0.692144373673036,0.6936170212765957,0.6531914893617021,0.6808510638297872,0.6799574694311536,0.6767676767676768,0.6764080765143464,0.6865037194473964,0.679596174282678,0.8756756756756757,0.8333333333333334,0.8697916666666666,0.8341708542713567,0.868020304568528,0.851145038167939,0.8615782664941786,0.8523748395378691,0.8613989637305699,0.8527131782945736,0.5586206896551724,0.5956678700361011,0.583916083916084,0.5608108108108109,0.5796610169491525,0.5797227036395147,0.570694087403599,0.5734024179620034,0.5792682926829268,0.5744125326370757,0.7157744332253763,0.712782388626298,0.7240232593493462,0.6855778191985088,0.715544794188862,0.7093936764414905,0.7104170717130041,0.7072813194782392,0.7167458629627168,0.7094436469460959,"{'cls__hidden_layer_sizes': (100,), 'cls__learning_rate': 'adaptive', 'cls__learning_rate_init': 1e-05, 'cls__max_iter': 1000, 'cls__n_iter_no_change': 5, 'cls__random_state': 42, 'os__random_state': 42}",mlp,lof,simple,minmax,smote,0.6882831794128436
158.0,161.0,159.0,141.0,149.0,610.0,607.0,609.0,627.0,619.0,23.0,33.0,25.0,33.0,26.0,117.0,107.0,115.0,107.0,114.0,128.0,112.0,119.0,130.0,124.0,485.0,501.0,494.0,483.0,489.0,162.0,165.0,167.0,166.0,171.0,669.0,666.0,664.0,665.0,660.0,0.6821052631578949,0.6947368421052632,0.698744769874477,0.6707070707070707,0.6951219512195121,0.6896907216494844,0.6865979381443299,0.685596282911719,0.6927083333333333,0.6864274570982839,0.6794055201698513,0.692144373673036,0.6936170212765957,0.6531914893617021,0.6808510638297872,0.6799574694311536,0.6767676767676768,0.6764080765143464,0.6865037194473964,0.679596174282678,0.8756756756756757,0.8333333333333334,0.8697916666666666,0.8341708542713567,0.868020304568528,0.851145038167939,0.8615782664941786,0.8523748395378691,0.8613989637305699,0.8527131782945736,0.5586206896551724,0.5956678700361011,0.583916083916084,0.5608108108108109,0.5796610169491525,0.5797227036395147,0.570694087403599,0.5734024179620034,0.5792682926829268,0.5744125326370757,0.7157744332253763,0.712782388626298,0.7240232593493462,0.6855778191985088,0.715544794188862,0.7093936764414905,0.7104170717130041,0.7072813194782392,0.7167458629627168,0.7094436469460959,"{'cls__criterion': 'entropy', 'cls__max_depth': 2, 'cls__max_features': 'log2', 'cls__random_state': 42, 'os__random_state': 42}",rf,lof,simple,none,smote,0.6882831794128436
158.0,161.0,159.0,141.0,149.0,610.0,607.0,609.0,627.0,619.0,23.0,33.0,25.0,33.0,26.0,117.0,107.0,115.0,107.0,114.0,128.0,112.0,119.0,130.0,124.0,485.0,501.0,494.0,483.0,489.0,162.0,165.0,167.0,166.0,171.0,669.0,666.0,664.0,665.0,660.0,0.6821052631578949,0.6947368421052632,0.698744769874477,0.6707070707070707,0.6951219512195121,0.6896907216494844,0.6865979381443299,0.685596282911719,0.6927083333333333,0.6864274570982839,0.6794055201698513,0.692144373673036,0.6936170212765957,0.6531914893617021,0.6808510638297872,0.6799574694311536,0.6767676767676768,0.6764080765143464,0.6865037194473964,0.679596174282678,0.8756756756756757,0.8333333333333334,0.8697916666666666,0.8341708542713567,0.868020304568528,0.851145038167939,0.8615782664941786,0.8523748395378691,0.8613989637305699,0.8527131782945736,0.5586206896551724,0.5956678700361011,0.583916083916084,0.5608108108108109,0.5796610169491525,0.5797227036395147,0.570694087403599,0.5734024179620034,0.5792682926829268,0.5744125326370757,0.7157744332253763,0.712782388626298,0.7240232593493462,0.6855778191985088,0.715544794188862,0.7093936764414905,0.7104170717130041,0.7072813194782392,0.7167458629627168,0.7094436469460959,{},nb,lof,simple,none,none,0.6882831794128436
158.0,161.0,159.0,141.0,149.0,610.0,607.0,609.0,627.0,619.0,23.0,33.0,25.0,33.0,26.0,117.0,107.0,115.0,107.0,114.0,128.0,112.0,119.0,130.0,124.0,485.0,501.0,494.0,483.0,489.0,162.0,165.0,167.0,166.0,171.0,669.0,666.0,664.0,665.0,660.0,0.6821052631578949,0.6947368421052632,0.698744769874477,0.6707070707070707,0.6951219512195121,0.6896907216494844,0.6865979381443299,0.685596282911719,0.6927083333333333,0.6864274570982839,0.6794055201698513,0.692144373673036,0.6936170212765957,0.6531914893617021,0.6808510638297872,0.6799574694311536,0.6767676767676768,0.6764080765143464,0.6865037194473964,0.679596174282678,0.8756756756756757,0.8333333333333334,0.8697916666666666,0.8341708542713567,0.868020304568528,0.851145038167939,0.8615782664941786,0.8523748395378691,0.8613989637305699,0.8527131782945736,0.5586206896551724,0.5956678700361011,0.583916083916084,0.5608108108108109,0.5796610169491525,0.5797227036395147,0.570694087403599,0.5734024179620034,0.5792682926829268,0.5744125326370757,0.7157744332253763,0.712782388626298,0.7240232593493462,0.6855778191985088,0.715544794188862,0.7093936764414905,0.7104170717130041,0.7072813194782392,0.7167458629627168,0.7094436469460959,"{'cls__criterion': 'gini', 'cls__max_depth': 2, 'cls__max_features': 'log2', 'cls__random_state': 42, 'os__random_state': 42}",rf,lof,simple,none,smote,0.6882831794128436
158.0,161.0,159.0,141.0,149.0,610.0,607.0,609.0,627.0,619.0,23.0,33.0,25.0,33.0,26.0,117.0,107.0,115.0,107.0,114.0,128.0,112.0,119.0,130.0,124.0,485.0,501.0,494.0,483.0,489.0,162.0,165.0,167.0,166.0,171.0,669.0,666.0,664.0,665.0,660.0,0.6821052631578949,0.6947368421052632,0.698744769874477,0.6707070707070707,0.6951219512195121,0.6896907216494844,0.6865979381443299,0.685596282911719,0.6927083333333333,0.6864274570982839,0.6794055201698513,0.692144373673036,0.6936170212765957,0.6531914893617021,0.6808510638297872,0.6799574694311536,0.6767676767676768,0.6764080765143464,0.6865037194473964,0.679596174282678,0.8756756756756757,0.8333333333333334,0.8697916666666666,0.8341708542713567,0.868020304568528,0.851145038167939,0.8615782664941786,0.8523748395378691,0.8613989637305699,0.8527131782945736,0.5586206896551724,0.5956678700361011,0.583916083916084,0.5608108108108109,0.5796610169491525,0.5797227036395147,0.570694087403599,0.5734024179620034,0.5792682926829268,0.5744125326370757,0.7157744332253763,0.712782388626298,0.7240232593493462,0.6855778191985088,0.715544794188862,0.7093936764414905,0.7104170717130041,0.7072813194782392,0.7167458629627168,0.7094436469460959,{'os__random_state': 42},nb,lof,simple,none,smote,0.6882831794128436
158.0,161.0,159.0,141.0,149.0,610.0,607.0,609.0,627.0,619.0,23.0,33.0,25.0,33.0,26.0,117.0,107.0,115.0,107.0,114.0,128.0,112.0,119.0,130.0,124.0,485.0,501.0,494.0,483.0,489.0,162.0,165.0,167.0,166.0,171.0,669.0,666.0,664.0,665.0,660.0,0.6821052631578949,0.6947368421052632,0.698744769874477,0.6707070707070707,0.6951219512195121,0.6896907216494844,0.6865979381443299,0.685596282911719,0.6927083333333333,0.6864274570982839,0.6794055201698513,0.692144373673036,0.6936170212765957,0.6531914893617021,0.6808510638297872,0.6799574694311536,0.6767676767676768,0.6764080765143464,0.6865037194473964,0.679596174282678,0.8756756756756757,0.8333333333333334,0.8697916666666666,0.8341708542713567,0.868020304568528,0.851145038167939,0.8615782664941786,0.8523748395378691,0.8613989637305699,0.8527131782945736,0.5586206896551724,0.5956678700361011,0.583916083916084,0.5608108108108109,0.5796610169491525,0.5797227036395147,0.570694087403599,0.5734024179620034,0.5792682926829268,0.5744125326370757,0.7157744332253763,0.712782388626298,0.7240232593493462,0.6855778191985088,0.715544794188862,0.7093936764414905,0.7104170717130041,0.7072813194782392,0.7167458629627168,0.7094436469460959,"{'cls__hidden_layer_sizes': (100,), 'cls__learning_rate': 'adaptive', 'cls__learning_rate_init': 1e-05, 'cls__max_iter': 1000, 'cls__n_iter_no_change': 5, 'cls__random_state': 42, 'os__random_state': 42}",mlp,lof,simple,none,smote,0.6882831794128436
158.0,161.0,159.0,141.0,149.0,610.0,607.0,609.0,627.0,619.0,23.0,33.0,25.0,33.0,26.0,117.0,107.0,115.0,107.0,114.0,128.0,112.0,119.0,130.0,124.0,485.0,501.0,494.0,483.0,489.0,162.0,165.0,167.0,166.0,171.0,669.0,666.0,664.0,665.0,660.0,0.6821052631578949,0.6947368421052632,0.698744769874477,0.6707070707070707,0.6951219512195121,0.6896907216494844,0.6865979381443299,0.685596282911719,0.6927083333333333,0.6864274570982839,0.6794055201698513,0.692144373673036,0.6936170212765957,0.6531914893617021,0.6808510638297872,0.6799574694311536,0.6767676767676768,0.6764080765143464,0.6865037194473964,0.679596174282678,0.8756756756756757,0.8333333333333334,0.8697916666666666,0.8341708542713567,0.868020304568528,0.851145038167939,0.8615782664941786,0.8523748395378691,0.8613989637305699,0.8527131782945736,0.5586206896551724,0.5956678700361011,0.583916083916084,0.5608108108108109,0.5796610169491525,0.5797227036395147,0.570694087403599,0.5734024179620034,0.5792682926829268,0.5744125326370757,0.7157744332253763,0.712782388626298,0.7240232593493462,0.6855778191985088,0.715544794188862,0.7093936764414905,0.7104170717130041,0.7072813194782392,0.7167458629627168,0.7094436469460959,{},nb,lof,simple,standard,none,0.6882831794128436
160.0,170.0,145.0,147.0,155.0,617.0,607.0,632.0,630.0,622.0,22.0,26.0,42.0,24.0,31.0,123.0,119.0,103.0,121.0,114.0,117.0,110.0,135.0,136.0,117.0,498.0,505.0,478.0,479.0,498.0,177.0,169.0,153.0,168.0,172.0,662.0,670.0,688.0,671.0,667.0,0.7180527383367139,0.7130801687763714,0.6335403726708075,0.6774193548387096,0.6991869918699186,0.680719794344473,0.6822810590631365,0.7031170158405723,0.6910401647785789,0.6855087358684481,0.707983193277311,0.7136842105263158,0.6273684210526316,0.6631578947368421,0.6884210526315789,0.6731578947368421,0.6717517096265123,0.6943713834823777,0.6843766438716465,0.6780641767490795,0.8894472361809045,0.8666666666666667,0.7846153846153846,0.875,0.8472906403940886,0.8433121019108281,0.8491761723700887,0.8697850821744627,0.8472222222222222,0.8540332906530089,0.6020408163265306,0.6057347670250897,0.53125,0.5526315789473685,0.5951557093425606,0.5706896551724138,0.5702127659574469,0.5900514579759862,0.5834782608695652,0.5725321888412017,0.7405808477237048,0.7365408529002999,0.6533255347593583,0.7061403508771931,0.714244521337947,0.7022367194780987,0.7031504601137097,0.7249577017771088,0.7111798761072193,0.7088204422466877,"{'cls__criterion': 'gini', 'cls__max_depth': 2, 'cls__max_features': 'log2', 'cls__random_state': 42, 'os__random_state': 42}",rf,none,simple,none,smote,0.6882559252985042
160.0,170.0,145.0,147.0,155.0,617.0,607.0,632.0,630.0,622.0,22.0,26.0,42.0,24.0,31.0,123.0,119.0,103.0,121.0,114.0,117.0,110.0,135.0,136.0,117.0,498.0,505.0,480.0,479.0,498.0,177.0,169.0,153.0,168.0,172.0,662.0,670.0,686.0,671.0,667.0,0.7180527383367139,0.7130801687763714,0.6335403726708075,0.6774193548387096,0.6991869918699186,0.680719794344473,0.6822810590631365,0.7017902813299234,0.6910401647785789,0.6855087358684481,0.707983193277311,0.7136842105263158,0.6273684210526316,0.6631578947368421,0.6884210526315789,0.6731578947368421,0.6717517096265123,0.6933193056286165,0.6843766438716465,0.6780641767490795,0.8894472361809045,0.8666666666666667,0.7846153846153846,0.875,0.8472906403940886,0.8433121019108281,0.8491761723700887,0.8694550063371356,0.8472222222222222,0.8540332906530089,0.6020408163265306,0.6057347670250897,0.53125,0.5526315789473685,0.5951557093425606,0.5706896551724138,0.5702127659574469,0.5883361921097771,0.5834782608695652,0.5725321888412017,0.7405808477237048,0.7365408529002999,0.6533255347593583,0.7061403508771931,0.714244521337947,0.7022367194780987,0.7031504601137097,0.7241000688440041,0.7111798761072193,0.7088204422466877,"{'cls__hidden_layer_sizes': (100,), 'cls__learning_rate': 'adaptive', 'cls__learning_rate_init': 1e-05, 'cls__max_iter': 1000, 'cls__n_iter_no_change': 5, 'cls__random_state': 42, 'os__random_state': 42}",mlp,none,simple,minmax,smote,0.6882559252985042
163.0,170.0,145.0,147.0,155.0,629.0,607.0,632.0,630.0,622.0,19.0,26.0,42.0,24.0,31.0,111.0,119.0,103.0,121.0,114.0,120.0,110.0,135.0,136.0,117.0,516.0,505.0,480.0,479.0,498.0,174.0,169.0,153.0,168.0,172.0,644.0,670.0,686.0,671.0,667.0,0.7145790554414785,0.7130801687763714,0.6335403726708075,0.6774193548387096,0.6991869918699186,0.6725848563968668,0.6822810590631365,0.7017902813299234,0.6910401647785789,0.6855087358684481,0.707983193277311,0.7136842105263158,0.6273684210526316,0.6631578947368421,0.6884210526315789,0.67,0.6717517096265123,0.6933193056286165,0.6843766438716465,0.6780641767490795,0.9015544041450777,0.8666666666666667,0.7846153846153846,0.875,0.8472906403940886,0.8529801324503311,0.8491761723700887,0.8694550063371356,0.8472222222222222,0.8540332906530089,0.5918367346938775,0.6057347670250897,0.53125,0.5526315789473685,0.5951557093425606,0.5551724137931034,0.5702127659574469,0.5883361921097771,0.5834782608695652,0.5725321888412017,0.7437205651491366,0.7365408529002999,0.6533255347593583,0.7061403508771931,0.714244521337947,0.7025862068965517,0.7031504601137097,0.7241000688440041,0.7111798761072193,0.7088204422466877,"{'cls__criterion': 'entropy', 'cls__max_depth': 2, 'cls__max_features': 'log2', 'cls__random_state': 42, 'os__random_state': 42}",rf,none,simple,none,smote,0.6875611887194572
161.0,164.0,161.0,143.0,114.0,622.0,619.0,622.0,640.0,509.0,20.0,30.0,23.0,31.0,61.0,105.0,95.0,102.0,94.0,224.0,129.0,115.0,124.0,137.0,105.0,505.0,519.0,510.0,497.0,379.0,161.0,162.0,162.0,159.0,190.0,649.0,648.0,648.0,651.0,770.0,0.6836518046709129,0.6908315565031983,0.6878980891719745,0.654320987654321,0.695970695970696,0.6802935010482181,0.6785340314136126,0.6792452830188678,0.687797147385103,0.7186187587494166,0.6836518046709129,0.692144373673036,0.6872340425531915,0.6425531914893617,0.6468085106382979,0.6757044125465178,0.6735778841041999,0.6748140276301806,0.6859723698193412,0.679596174282678,0.8895027624309392,0.84375,0.8756756756756757,0.8368421052631579,0.7569721115537849,0.8607427055702918,0.8721399730820996,0.864,0.8738255033557047,0.7746478873239436,0.5551724137931034,0.5848375451263538,0.5664335664335665,0.5371621621621622,0.6440677966101694,0.5623916811091855,0.5552699228791774,0.5595854922279793,0.5670731707317073,0.6701479547432551,0.7223375881120214,0.7150991849343108,0.7207167832167832,0.6795006213109662,0.6477481840193705,0.7089812600869173,0.7111083507953311,0.7093507571637133,0.7195038878181697,0.6822772515871801,"{'cls__algorithm': 'SAMME', 'cls__learning_rate': 0.1, 'cls__n_estimators': 10, 'cls__random_state': 42, 'os__random_state': 42}",ada,lof,simple,none,smote,0.6825346267942205
67.0,80.0,79.0,95.0,101.0,304.0,291.0,292.0,415.0,409.0,43.0,47.0,48.0,20.0,29.0,195.0,191.0,190.0,79.0,70.0,69.0,66.0,64.0,124.0,113.0,281.0,284.0,286.0,445.0,456.0,147.0,133.0,134.0,86.0,82.0,521.0,535.0,534.0,363.0,367.0,0.7241379310344828,0.7018469656992085,0.7052631578947368,0.5443037974683546,0.5359477124183006,0.686429512516469,0.6925566343042071,0.6917098445595854,0.5808,0.5825396825396826,0.656441717791411,0.6533742331288344,0.6553846153846153,0.556923076923077,0.563076923076923,0.6341275941583397,0.6348962336664105,0.6344086021505376,0.5975422427035331,0.5960061443932412,0.7736842105263158,0.7388888888888889,0.7362637362637363,0.8113207547169812,0.7387387387387387,0.7276536312849162,0.7369146005509641,0.7375690607734806,0.8212669683257918,0.8398169336384439,0.6805555555555556,0.6683417085427136,0.6767676767676768,0.4095238095238095,0.4205128205128205,0.6496259351620948,0.6532356532356532,0.651219512195122,0.44925742574257427,0.4459295261239368,0.6448232323232324,0.6491314841926167,0.6494074604310826,0.6178053830227743,0.5987179487179487,0.629422186017921,0.628485046534839,0.6285143204129138,0.6446691987012467,0.6498958695337848,"{'cls__hidden_layer_sizes': (100,), 'cls__learning_rate': 'adaptive', 'cls__learning_rate_init': 0.001, 'cls__max_iter': 1000, 'cls__n_iter_no_change': 5, 'cls__random_state': 42, 'os__random_state': 42}",mlp,iforest,simple,none,smote,0.6422999129030167
67.0,80.0,79.0,95.0,101.0,304.0,291.0,292.0,415.0,409.0,43.0,47.0,48.0,20.0,29.0,195.0,191.0,190.0,79.0,70.0,69.0,66.0,64.0,124.0,113.0,281.0,284.0,286.0,445.0,456.0,147.0,133.0,134.0,86.0,82.0,521.0,535.0,534.0,363.0,367.0,0.7241379310344828,0.7018469656992085,0.7052631578947368,0.5443037974683546,0.5359477124183006,0.686429512516469,0.6925566343042071,0.6917098445595854,0.5808,0.5825396825396826,0.656441717791411,0.6533742331288344,0.6553846153846153,0.556923076923077,0.563076923076923,0.6341275941583397,0.6348962336664105,0.6344086021505376,0.5975422427035331,0.5960061443932412,0.7736842105263158,0.7388888888888889,0.7362637362637363,0.8113207547169812,0.7387387387387387,0.7276536312849162,0.7369146005509641,0.7375690607734806,0.8212669683257918,0.8398169336384439,0.6805555555555556,0.6683417085427136,0.6767676767676768,0.4095238095238095,0.4205128205128205,0.6496259351620948,0.6532356532356532,0.651219512195122,0.44925742574257427,0.4459295261239368,0.6448232323232324,0.6491314841926167,0.6494074604310826,0.6178053830227743,0.5987179487179487,0.629422186017921,0.628485046534839,0.6285143204129138,0.6446691987012467,0.6498958695337848,"{'cls__hidden_layer_sizes': (100,), 'cls__learning_rate': 'adaptive', 'cls__learning_rate_init': 0.001, 'cls__max_iter': 1000, 'cls__n_iter_no_change': 5, 'cls__random_state': 42, 'os__random_state': 42}",mlp,iforest,simple,minmax,smote,0.6422999129030167
97.0,80.0,79.0,95.0,78.0,413.0,291.0,292.0,415.0,293.0,13.0,47.0,48.0,20.0,52.0,86.0,191.0,190.0,79.0,186.0,125.0,66.0,64.0,124.0,77.0,444.0,284.0,286.0,445.0,273.0,91.0,133.0,134.0,86.0,118.0,358.0,535.0,534.0,363.0,550.0,0.56875,0.7018469656992085,0.7052631578947368,0.5443037974683546,0.6465753424657534,0.5746388443017656,0.6925566343042071,0.6917098445595854,0.5808,0.7055805003207185,0.5766871165644172,0.6533742331288344,0.6553846153846153,0.556923076923077,0.6030769230769231,0.5926210607225212,0.6348962336664105,0.6344086021505376,0.5975422427035331,0.6474654377880185,0.875,0.7388888888888889,0.7362637362637363,0.8113207547169812,0.6941176470588235,0.8063063063063063,0.7369146005509641,0.7375690607734806,0.8212669683257918,0.7472826086956522,0.4212962962962963,0.6683417085427136,0.6767676767676768,0.4095238095238095,0.6051282051282051,0.4463840399002494,0.6532356532356532,0.651219512195122,0.44925742574257427,0.6682867557715675,0.6515572390572391,0.6491314841926167,0.6494074604310826,0.6178053830227743,0.6025641025641025,0.637019675260746,0.628485046534839,0.6285143204129138,0.6446691987012467,0.6399888893680383,{'os__random_state': 42},nb,iforest,simple,minmax,smote,0.6333478527056107
97.0,80.0,79.0,95.0,78.0,413.0,291.0,292.0,415.0,293.0,13.0,47.0,48.0,20.0,52.0,86.0,191.0,190.0,79.0,186.0,125.0,66.0,64.0,124.0,77.0,444.0,284.0,286.0,445.0,273.0,91.0,133.0,134.0,86.0,118.0,358.0,535.0,534.0,363.0,550.0,0.56875,0.7018469656992085,0.7052631578947368,0.5443037974683546,0.6465753424657534,0.5746388443017656,0.6925566343042071,0.6917098445595854,0.5808,0.7055805003207185,0.5766871165644172,0.6533742331288344,0.6553846153846153,0.556923076923077,0.6030769230769231,0.5926210607225212,0.6348962336664105,0.6344086021505376,0.5975422427035331,0.6474654377880185,0.875,0.7388888888888889,0.7362637362637363,0.8113207547169812,0.6941176470588235,0.8063063063063063,0.7369146005509641,0.7375690607734806,0.8212669683257918,0.7472826086956522,0.4212962962962963,0.6683417085427136,0.6767676767676768,0.4095238095238095,0.6051282051282051,0.4463840399002494,0.6532356532356532,0.651219512195122,0.44925742574257427,0.6682867557715675,0.6515572390572391,0.6491314841926167,0.6494074604310826,0.6178053830227743,0.6025641025641025,0.637019675260746,0.628485046534839,0.6285143204129138,0.6446691987012467,0.6399888893680383,{'os__random_state': 42},nb,iforest,simple,none,smote,0.6333478527056107
97.0,80.0,79.0,95.0,78.0,413.0,291.0,292.0,415.0,293.0,13.0,47.0,48.0,20.0,52.0,86.0,191.0,190.0,79.0,186.0,125.0,66.0,64.0,124.0,77.0,444.0,284.0,286.0,445.0,273.0,91.0,133.0,134.0,86.0,118.0,358.0,535.0,534.0,363.0,550.0,0.56875,0.7018469656992085,0.7052631578947368,0.5443037974683546,0.6465753424657534,0.5746388443017656,0.6925566343042071,0.6917098445595854,0.5808,0.7055805003207185,0.5766871165644172,0.6533742331288344,0.6553846153846153,0.556923076923077,0.6030769230769231,0.5926210607225212,0.6348962336664105,0.6344086021505376,0.5975422427035331,0.6474654377880185,0.875,0.7388888888888889,0.7362637362637363,0.8113207547169812,0.6941176470588235,0.8063063063063063,0.7369146005509641,0.7375690607734806,0.8212669683257918,0.7472826086956522,0.4212962962962963,0.6683417085427136,0.6767676767676768,0.4095238095238095,0.6051282051282051,0.4463840399002494,0.6532356532356532,0.651219512195122,0.44925742574257427,0.6682867557715675,0.6515572390572391,0.6491314841926167,0.6494074604310826,0.6178053830227743,0.6025641025641025,0.637019675260746,0.628485046534839,0.6285143204129138,0.6446691987012467,0.6399888893680383,{'os__random_state': 42},nb,iforest,simple,standard,smote,0.6333478527056107
97.0,80.0,79.0,95.0,101.0,413.0,291.0,292.0,415.0,409.0,13.0,47.0,48.0,20.0,29.0,86.0,191.0,190.0,79.0,70.0,125.0,66.0,64.0,124.0,113.0,444.0,284.0,286.0,445.0,456.0,91.0,133.0,134.0,86.0,82.0,358.0,535.0,534.0,363.0,367.0,0.56875,0.7018469656992085,0.7052631578947368,0.5443037974683546,0.5359477124183006,0.5746388443017656,0.6925566343042071,0.6917098445595854,0.5808,0.5825396825396826,0.5766871165644172,0.6533742331288344,0.6553846153846153,0.556923076923077,0.563076923076923,0.5926210607225212,0.6348962336664105,0.6344086021505376,0.5975422427035331,0.5960061443932412,0.875,0.7388888888888889,0.7362637362637363,0.8113207547169812,0.7387387387387387,0.8063063063063063,0.7369146005509641,0.7375690607734806,0.8212669683257918,0.8398169336384439,0.4212962962962963,0.6683417085427136,0.6767676767676768,0.4095238095238095,0.4205128205128205,0.4463840399002494,0.6532356532356532,0.651219512195122,0.44925742574257427,0.4459295261239368,0.6515572390572391,0.6491314841926167,0.6494074604310826,0.6178053830227743,0.5987179487179487,0.637019675260746,0.628485046534839,0.6285143204129138,0.6446691987012467,0.6498958695337848,"{'cls__hidden_layer_sizes': (100,), 'cls__learning_rate': 'adaptive', 'cls__learning_rate_init': 0.0001, 'cls__max_iter': 1000, 'cls__n_iter_no_change': 5, 'cls__random_state': 42, 'os__random_state': 42}",mlp,iforest,simple,minmax,smote,0.6112223266961201
97.0,80.0,79.0,95.0,101.0,413.0,291.0,292.0,415.0,409.0,13.0,47.0,48.0,20.0,29.0,86.0,191.0,190.0,79.0,70.0,125.0,66.0,64.0,124.0,113.0,444.0,284.0,286.0,445.0,456.0,91.0,133.0,134.0,86.0,82.0,358.0,535.0,534.0,363.0,367.0,0.56875,0.7018469656992085,0.7052631578947368,0.5443037974683546,0.5359477124183006,0.5746388443017656,0.6925566343042071,0.6917098445595854,0.5808,0.5825396825396826,0.5766871165644172,0.6533742331288344,0.6553846153846153,0.556923076923077,0.563076923076923,0.5926210607225212,0.6348962336664105,0.6344086021505376,0.5975422427035331,0.5960061443932412,0.875,0.7388888888888889,0.7362637362637363,0.8113207547169812,0.7387387387387387,0.8063063063063063,0.7369146005509641,0.7375690607734806,0.8212669683257918,0.8398169336384439,0.4212962962962963,0.6683417085427136,0.6767676767676768,0.4095238095238095,0.4205128205128205,0.4463840399002494,0.6532356532356532,0.651219512195122,0.44925742574257427,0.4459295261239368,0.6515572390572391,0.6491314841926167,0.6494074604310826,0.6178053830227743,0.5987179487179487,0.637019675260746,0.628485046534839,0.6285143204129138,0.6446691987012467,0.6498958695337848,"{'cls__hidden_layer_sizes': (100,), 'cls__learning_rate': 'adaptive', 'cls__learning_rate_init': 0.0001, 'cls__max_iter': 1000, 'cls__n_iter_no_change': 5, 'cls__random_state': 42, 'os__random_state': 42}",mlp,iforest,simple,none,smote,0.6112223266961201
97.0,80.0,79.0,95.0,101.0,413.0,291.0,292.0,415.0,409.0,13.0,47.0,48.0,20.0,29.0,86.0,191.0,190.0,79.0,70.0,125.0,66.0,64.0,124.0,113.0,444.0,284.0,286.0,445.0,456.0,91.0,133.0,134.0,86.0,82.0,358.0,535.0,534.0,363.0,367.0,0.56875,0.7018469656992085,0.7052631578947368,0.5443037974683546,0.5359477124183006,0.5746388443017656,0.6925566343042071,0.6917098445595854,0.5808,0.5825396825396826,0.5766871165644172,0.6533742331288344,0.6553846153846153,0.556923076923077,0.563076923076923,0.5926210607225212,0.6348962336664105,0.6344086021505376,0.5975422427035331,0.5960061443932412,0.875,0.7388888888888889,0.7362637362637363,0.8113207547169812,0.7387387387387387,0.8063063063063063,0.7369146005509641,0.7375690607734806,0.8212669683257918,0.8398169336384439,0.4212962962962963,0.6683417085427136,0.6767676767676768,0.4095238095238095,0.4205128205128205,0.4463840399002494,0.6532356532356532,0.651219512195122,0.44925742574257427,0.4459295261239368,0.6515572390572391,0.6491314841926167,0.6494074604310826,0.6178053830227743,0.5987179487179487,0.637019675260746,0.628485046534839,0.6285143204129138,0.6446691987012467,0.6498958695337848,"{'cls__hidden_layer_sizes': (100,), 'cls__learning_rate': 'adaptive', 'cls__learning_rate_init': 0.0001, 'cls__max_iter': 1000, 'cls__n_iter_no_change': 5, 'cls__random_state': 42, 'os__random_state': 42}",mlp,iforest,simple,standard,smote,0.6112223266961201
97.0,80.0,113.0,95.0,101.0,413.0,291.0,397.0,415.0,409.0,13.0,47.0,14.0,20.0,29.0,86.0,191.0,85.0,79.0,70.0,125.0,66.0,106.0,124.0,113.0,444.0,284.0,463.0,445.0,456.0,91.0,133.0,92.0,86.0,82.0,358.0,535.0,357.0,363.0,367.0,0.56875,0.7018469656992085,0.6052631578947368,0.5443037974683546,0.5359477124183006,0.5746388443017656,0.6925566343042071,0.5657686212361331,0.5808,0.5825396825396826,0.5766871165644172,0.6533742331288344,0.6307692307692307,0.556923076923077,0.563076923076923,0.5926210607225212,0.6348962336664105,0.5791090629800307,0.5975422427035331,0.5960061443932412,0.875,0.7388888888888889,0.8679245283018868,0.8113207547169812,0.7387387387387387,0.8063063063063063,0.7369146005509641,0.8076923076923077,0.8212669683257918,0.8398169336384439,0.4212962962962963,0.6683417085427136,0.46464646464646464,0.4095238095238095,0.4205128205128205,0.4463840399002494,0.6532356532356532,0.4353658536585366,0.44925742574257427,0.4459295261239368,0.6515572390572391,0.6491314841926167,0.6772051220870118,0.6178053830227743,0.5987179487179487,0.637019675260746,0.628485046534839,0.6295086529703471,0.6446691987012467,0.6498958695337848,"{'cls__hidden_layer_sizes': (100,), 'cls__learning_rate': 'adaptive', 'cls__learning_rate_init': 0.001, 'cls__max_iter': 1000, 'cls__n_iter_no_change': 5, 'cls__random_state': 42, 'os__random_state': 42}",mlp,iforest,simple,standard,smote,0.5912223266961201
97.0,104.0,113.0,95.0,101.0,413.0,406.0,397.0,415.0,409.0,13.0,23.0,14.0,20.0,29.0,86.0,76.0,85.0,79.0,70.0,125.0,101.0,106.0,124.0,113.0,444.0,468.0,463.0,445.0,456.0,91.0,98.0,92.0,86.0,82.0,358.0,351.0,357.0,363.0,367.0,0.56875,0.6124999999999999,0.6052631578947368,0.5443037974683546,0.5359477124183006,0.5746388443017656,0.5634028892455859,0.5657686212361331,0.5808,0.5825396825396826,0.5766871165644172,0.6196319018404908,0.6307692307692307,0.556923076923077,0.563076923076923,0.5926210607225212,0.5818601076095311,0.5791090629800307,0.5975422427035331,0.5960061443932412,0.875,0.8099173553719008,0.8679245283018868,0.8113207547169812,0.7387387387387387,0.8063063063063063,0.8220140515222483,0.8076923076923077,0.8212669683257918,0.8398169336384439,0.4212962962962963,0.49246231155778897,0.46464646464646464,0.4095238095238095,0.4205128205128205,0.4463840399002494,0.42857142857142855,0.4353658536585366,0.44925742574257427,0.4459295261239368,0.6515572390572391,0.6556799746765323,0.6772051220870118,0.6178053830227743,0.5987179487179487,0.637019675260746,0.6354475400118553,0.6295086529703471,0.6446691987012467,0.6498958695337848,"{'cls__C': 1, 'cls__probability': True, 'cls__random_state': 42, 'os__random_state': 42}",svc,iforest,simple,minmax,smote,0.5733529335562784
97.0,104.0,113.0,95.0,101.0,413.0,406.0,397.0,415.0,409.0,13.0,23.0,14.0,20.0,29.0,86.0,76.0,85.0,79.0,70.0,125.0,101.0,106.0,124.0,113.0,444.0,468.0,463.0,445.0,456.0,91.0,98.0,92.0,86.0,82.0,358.0,351.0,357.0,363.0,367.0,0.56875,0.6124999999999999,0.6052631578947368,0.5443037974683546,0.5359477124183006,0.5746388443017656,0.5634028892455859,0.5657686212361331,0.5808,0.5825396825396826,0.5766871165644172,0.6196319018404908,0.6307692307692307,0.556923076923077,0.563076923076923,0.5926210607225212,0.5818601076095311,0.5791090629800307,0.5975422427035331,0.5960061443932412,0.875,0.8099173553719008,0.8679245283018868,0.8113207547169812,0.7387387387387387,0.8063063063063063,0.8220140515222483,0.8076923076923077,0.8212669683257918,0.8398169336384439,0.4212962962962963,0.49246231155778897,0.46464646464646464,0.4095238095238095,0.4205128205128205,0.4463840399002494,0.42857142857142855,0.4353658536585366,0.44925742574257427,0.4459295261239368,0.6515572390572391,0.6556799746765323,0.6772051220870118,0.6178053830227743,0.5987179487179487,0.637019675260746,0.6354475400118553,0.6295086529703471,0.6446691987012467,0.6498958695337848,"{'cls__C': 10, 'cls__probability': True, 'cls__random_state': 42, 'os__random_state': 42}",svc,iforest,simple,none,smote,0.5733529335562784
97.0,104.0,113.0,95.0,101.0,413.0,406.0,397.0,415.0,409.0,13.0,23.0,14.0,20.0,29.0,86.0,76.0,85.0,79.0,70.0,125.0,101.0,106.0,124.0,113.0,444.0,468.0,463.0,445.0,456.0,91.0,98.0,92.0,86.0,82.0,358.0,351.0,357.0,363.0,367.0,0.56875,0.6124999999999999,0.6052631578947368,0.5443037974683546,0.5359477124183006,0.5746388443017656,0.5634028892455859,0.5657686212361331,0.5808,0.5825396825396826,0.5766871165644172,0.6196319018404908,0.6307692307692307,0.556923076923077,0.563076923076923,0.5926210607225212,0.5818601076095311,0.5791090629800307,0.5975422427035331,0.5960061443932412,0.875,0.8099173553719008,0.8679245283018868,0.8113207547169812,0.7387387387387387,0.8063063063063063,0.8220140515222483,0.8076923076923077,0.8212669683257918,0.8398169336384439,0.4212962962962963,0.49246231155778897,0.46464646464646464,0.4095238095238095,0.4205128205128205,0.4463840399002494,0.42857142857142855,0.4353658536585366,0.44925742574257427,0.4459295261239368,0.6515572390572391,0.6556799746765323,0.6772051220870118,0.6178053830227743,0.5987179487179487,0.637019675260746,0.6354475400118553,0.6295086529703471,0.6446691987012467,0.6498958695337848,"{'cls__C': 1, 'cls__probability': True, 'cls__random_state': 42, 'os__random_state': 42}",svc,iforest,simple,none,smote,0.5733529335562784
97.0,104.0,113.0,95.0,101.0,413.0,406.0,397.0,415.0,409.0,13.0,23.0,14.0,20.0,29.0,86.0,76.0,85.0,79.0,70.0,125.0,101.0,106.0,124.0,113.0,444.0,468.0,463.0,445.0,456.0,91.0,98.0,92.0,86.0,82.0,358.0,351.0,357.0,363.0,367.0,0.56875,0.6124999999999999,0.6052631578947368,0.5443037974683546,0.5359477124183006,0.5746388443017656,0.5634028892455859,0.5657686212361331,0.5808,0.5825396825396826,0.5766871165644172,0.6196319018404908,0.6307692307692307,0.556923076923077,0.563076923076923,0.5926210607225212,0.5818601076095311,0.5791090629800307,0.5975422427035331,0.5960061443932412,0.875,0.8099173553719008,0.8679245283018868,0.8113207547169812,0.7387387387387387,0.8063063063063063,0.8220140515222483,0.8076923076923077,0.8212669683257918,0.8398169336384439,0.4212962962962963,0.49246231155778897,0.46464646464646464,0.4095238095238095,0.4205128205128205,0.4463840399002494,0.42857142857142855,0.4353658536585366,0.44925742574257427,0.4459295261239368,0.6515572390572391,0.6556799746765323,0.6772051220870118,0.6178053830227743,0.5987179487179487,0.637019675260746,0.6354475400118553,0.6295086529703471,0.6446691987012467,0.6498958695337848,"{'cls__C': 10, 'cls__probability': True, 'cls__random_state': 42, 'os__random_state': 42}",svc,iforest,simple,minmax,smote,0.5733529335562784
97.0,104.0,113.0,95.0,101.0,413.0,406.0,397.0,415.0,409.0,13.0,23.0,14.0,20.0,29.0,86.0,76.0,85.0,79.0,70.0,125.0,101.0,106.0,124.0,113.0,444.0,468.0,463.0,445.0,456.0,91.0,98.0,92.0,86.0,82.0,358.0,351.0,357.0,363.0,367.0,0.56875,0.6124999999999999,0.6052631578947368,0.5443037974683546,0.5359477124183006,0.5746388443017656,0.5634028892455859,0.5657686212361331,0.5808,0.5825396825396826,0.5766871165644172,0.6196319018404908,0.6307692307692307,0.556923076923077,0.563076923076923,0.5926210607225212,0.5818601076095311,0.5791090629800307,0.5975422427035331,0.5960061443932412,0.875,0.8099173553719008,0.8679245283018868,0.8113207547169812,0.7387387387387387,0.8063063063063063,0.8220140515222483,0.8076923076923077,0.8212669683257918,0.8398169336384439,0.4212962962962963,0.49246231155778897,0.46464646464646464,0.4095238095238095,0.4205128205128205,0.4463840399002494,0.42857142857142855,0.4353658536585366,0.44925742574257427,0.4459295261239368,0.6515572390572391,0.6556799746765323,0.6772051220870118,0.6178053830227743,0.5987179487179487,0.637019675260746,0.6354475400118553,0.6295086529703471,0.6446691987012467,0.6498958695337848,"{'cls__C': 1, 'cls__probability': True, 'cls__random_state': 42, 'os__random_state': 42}",svc,iforest,simple,standard,smote,0.5733529335562784
97.0,104.0,113.0,95.0,101.0,413.0,406.0,397.0,415.0,409.0,13.0,23.0,14.0,20.0,29.0,86.0,76.0,85.0,79.0,70.0,125.0,101.0,106.0,124.0,113.0,444.0,468.0,463.0,445.0,456.0,91.0,98.0,92.0,86.0,82.0,358.0,351.0,357.0,363.0,367.0,0.56875,0.6124999999999999,0.6052631578947368,0.5443037974683546,0.5359477124183006,0.5746388443017656,0.5634028892455859,0.5657686212361331,0.5808,0.5825396825396826,0.5766871165644172,0.6196319018404908,0.6307692307692307,0.556923076923077,0.563076923076923,0.5926210607225212,0.5818601076095311,0.5791090629800307,0.5975422427035331,0.5960061443932412,0.875,0.8099173553719008,0.8679245283018868,0.8113207547169812,0.7387387387387387,0.8063063063063063,0.8220140515222483,0.8076923076923077,0.8212669683257918,0.8398169336384439,0.4212962962962963,0.49246231155778897,0.46464646464646464,0.4095238095238095,0.4205128205128205,0.4463840399002494,0.42857142857142855,0.4353658536585366,0.44925742574257427,0.4459295261239368,0.6515572390572391,0.6556799746765323,0.6772051220870118,0.6178053830227743,0.5987179487179487,0.637019675260746,0.6354475400118553,0.6295086529703471,0.6446691987012467,0.6498958695337848,"{'cls__criterion': 'gini', 'cls__max_depth': None, 'cls__max_features': 'log2', 'cls__random_state': 42, 'os__random_state': 42}",rf,iforest,simple,none,smote,0.5733529335562784
97.0,104.0,113.0,95.0,101.0,413.0,406.0,397.0,415.0,409.0,13.0,23.0,14.0,20.0,29.0,86.0,76.0,85.0,79.0,70.0,125.0,101.0,106.0,124.0,113.0,444.0,468.0,463.0,445.0,456.0,91.0,98.0,92.0,86.0,82.0,358.0,351.0,357.0,363.0,367.0,0.56875,0.6124999999999999,0.6052631578947368,0.5443037974683546,0.5359477124183006,0.5746388443017656,0.5634028892455859,0.5657686212361331,0.5808,0.5825396825396826,0.5766871165644172,0.6196319018404908,0.6307692307692307,0.556923076923077,0.563076923076923,0.5926210607225212,0.5818601076095311,0.5791090629800307,0.5975422427035331,0.5960061443932412,0.875,0.8099173553719008,0.8679245283018868,0.8113207547169812,0.7387387387387387,0.8063063063063063,0.8220140515222483,0.8076923076923077,0.8212669683257918,0.8398169336384439,0.4212962962962963,0.49246231155778897,0.46464646464646464,0.4095238095238095,0.4205128205128205,0.4463840399002494,0.42857142857142855,0.4353658536585366,0.44925742574257427,0.4459295261239368,0.6515572390572391,0.6556799746765323,0.6772051220870118,0.6178053830227743,0.5987179487179487,0.637019675260746,0.6354475400118553,0.6295086529703471,0.6446691987012467,0.6498958695337848,"{'cls__criterion': 'gini', 'cls__max_depth': 2, 'cls__max_features': 'log2', 'cls__random_state': 42, 'os__random_state': 42}",rf,iforest,simple,none,smote,0.5733529335562784
97.0,104.0,113.0,95.0,101.0,413.0,406.0,397.0,415.0,409.0,13.0,23.0,14.0,20.0,29.0,86.0,76.0,85.0,79.0,70.0,125.0,101.0,106.0,124.0,113.0,444.0,468.0,463.0,445.0,456.0,91.0,98.0,92.0,86.0,82.0,358.0,351.0,357.0,363.0,367.0,0.56875,0.6124999999999999,0.6052631578947368,0.5443037974683546,0.5359477124183006,0.5746388443017656,0.5634028892455859,0.5657686212361331,0.5808,0.5825396825396826,0.5766871165644172,0.6196319018404908,0.6307692307692307,0.556923076923077,0.563076923076923,0.5926210607225212,0.5818601076095311,0.5791090629800307,0.5975422427035331,0.5960061443932412,0.875,0.8099173553719008,0.8679245283018868,0.8113207547169812,0.7387387387387387,0.8063063063063063,0.8220140515222483,0.8076923076923077,0.8212669683257918,0.8398169336384439,0.4212962962962963,0.49246231155778897,0.46464646464646464,0.4095238095238095,0.4205128205128205,0.4463840399002494,0.42857142857142855,0.4353658536585366,0.44925742574257427,0.4459295261239368,0.6515572390572391,0.6556799746765323,0.6772051220870118,0.6178053830227743,0.5987179487179487,0.637019675260746,0.6354475400118553,0.6295086529703471,0.6446691987012467,0.6498958695337848,"{'cls__C': 0.1, 'cls__probability': True, 'cls__random_state': 42, 'os__random_state': 42}",svc,iforest,simple,none,smote,0.5733529335562784
97.0,104.0,113.0,95.0,101.0,413.0,406.0,397.0,415.0,409.0,13.0,23.0,14.0,20.0,29.0,86.0,76.0,85.0,79.0,70.0,125.0,101.0,106.0,124.0,113.0,444.0,468.0,463.0,445.0,456.0,91.0,98.0,92.0,86.0,82.0,358.0,351.0,357.0,363.0,367.0,0.56875,0.6124999999999999,0.6052631578947368,0.5443037974683546,0.5359477124183006,0.5746388443017656,0.5634028892455859,0.5657686212361331,0.5808,0.5825396825396826,0.5766871165644172,0.6196319018404908,0.6307692307692307,0.556923076923077,0.563076923076923,0.5926210607225212,0.5818601076095311,0.5791090629800307,0.5975422427035331,0.5960061443932412,0.875,0.8099173553719008,0.8679245283018868,0.8113207547169812,0.7387387387387387,0.8063063063063063,0.8220140515222483,0.8076923076923077,0.8212669683257918,0.8398169336384439,0.4212962962962963,0.49246231155778897,0.46464646464646464,0.4095238095238095,0.4205128205128205,0.4463840399002494,0.42857142857142855,0.4353658536585366,0.44925742574257427,0.4459295261239368,0.6515572390572391,0.6556799746765323,0.6772051220870118,0.6178053830227743,0.5987179487179487,0.637019675260746,0.6354475400118553,0.6295086529703471,0.6446691987012467,0.6498958695337848,"{'cls__criterion': 'gini', 'cls__max_depth': 4, 'cls__max_features': 'log2', 'cls__random_state': 42, 'os__random_state': 42}",rf,iforest,simple,none,smote,0.5733529335562784
97.0,104.0,113.0,95.0,101.0,413.0,406.0,397.0,415.0,409.0,13.0,23.0,14.0,20.0,29.0,86.0,76.0,85.0,79.0,70.0,125.0,101.0,106.0,124.0,113.0,444.0,468.0,463.0,445.0,456.0,91.0,98.0,92.0,86.0,82.0,358.0,351.0,357.0,363.0,367.0,0.56875,0.6124999999999999,0.6052631578947368,0.5443037974683546,0.5359477124183006,0.5746388443017656,0.5634028892455859,0.5657686212361331,0.5808,0.5825396825396826,0.5766871165644172,0.6196319018404908,0.6307692307692307,0.556923076923077,0.563076923076923,0.5926210607225212,0.5818601076095311,0.5791090629800307,0.5975422427035331,0.5960061443932412,0.875,0.8099173553719008,0.8679245283018868,0.8113207547169812,0.7387387387387387,0.8063063063063063,0.8220140515222483,0.8076923076923077,0.8212669683257918,0.8398169336384439,0.4212962962962963,0.49246231155778897,0.46464646464646464,0.4095238095238095,0.4205128205128205,0.4463840399002494,0.42857142857142855,0.4353658536585366,0.44925742574257427,0.4459295261239368,0.6515572390572391,0.6556799746765323,0.6772051220870118,0.6178053830227743,0.5987179487179487,0.637019675260746,0.6354475400118553,0.6295086529703471,0.6446691987012467,0.6498958695337848,"{'cls__criterion': 'entropy', 'cls__max_depth': 2, 'cls__max_features': 'log2', 'cls__random_state': 42, 'os__random_state': 42}",rf,iforest,simple,none,smote,0.5733529335562784
97.0,104.0,113.0,95.0,101.0,413.0,406.0,397.0,415.0,409.0,13.0,23.0,14.0,20.0,29.0,86.0,76.0,85.0,79.0,70.0,125.0,101.0,106.0,124.0,113.0,444.0,468.0,463.0,445.0,456.0,91.0,98.0,92.0,86.0,82.0,358.0,351.0,357.0,363.0,367.0,0.56875,0.6124999999999999,0.6052631578947368,0.5443037974683546,0.5359477124183006,0.5746388443017656,0.5634028892455859,0.5657686212361331,0.5808,0.5825396825396826,0.5766871165644172,0.6196319018404908,0.6307692307692307,0.556923076923077,0.563076923076923,0.5926210607225212,0.5818601076095311,0.5791090629800307,0.5975422427035331,0.5960061443932412,0.875,0.8099173553719008,0.8679245283018868,0.8113207547169812,0.7387387387387387,0.8063063063063063,0.8220140515222483,0.8076923076923077,0.8212669683257918,0.8398169336384439,0.4212962962962963,0.49246231155778897,0.46464646464646464,0.4095238095238095,0.4205128205128205,0.4463840399002494,0.42857142857142855,0.4353658536585366,0.44925742574257427,0.4459295261239368,0.6515572390572391,0.6556799746765323,0.6772051220870118,0.6178053830227743,0.5987179487179487,0.637019675260746,0.6354475400118553,0.6295086529703471,0.6446691987012467,0.6498958695337848,"{'cls__criterion': 'entropy', 'cls__max_depth': 4, 'cls__max_features': 'log2', 'cls__random_state': 42, 'os__random_state': 42}",rf,iforest,simple,none,smote,0.5733529335562784
97.0,104.0,113.0,95.0,101.0,413.0,406.0,397.0,415.0,409.0,13.0,23.0,14.0,20.0,29.0,86.0,76.0,85.0,79.0,70.0,125.0,101.0,106.0,124.0,113.0,444.0,468.0,463.0,445.0,456.0,91.0,98.0,92.0,86.0,82.0,358.0,351.0,357.0,363.0,367.0,0.56875,0.6124999999999999,0.6052631578947368,0.5443037974683546,0.5359477124183006,0.5746388443017656,0.5634028892455859,0.5657686212361331,0.5808,0.5825396825396826,0.5766871165644172,0.6196319018404908,0.6307692307692307,0.556923076923077,0.563076923076923,0.5926210607225212,0.5818601076095311,0.5791090629800307,0.5975422427035331,0.5960061443932412,0.875,0.8099173553719008,0.8679245283018868,0.8113207547169812,0.7387387387387387,0.8063063063063063,0.8220140515222483,0.8076923076923077,0.8212669683257918,0.8398169336384439,0.4212962962962963,0.49246231155778897,0.46464646464646464,0.4095238095238095,0.4205128205128205,0.4463840399002494,0.42857142857142855,0.4353658536585366,0.44925742574257427,0.4459295261239368,0.6515572390572391,0.6556799746765323,0.6772051220870118,0.6178053830227743,0.5987179487179487,0.637019675260746,0.6354475400118553,0.6295086529703471,0.6446691987012467,0.6498958695337848,"{'cls__criterion': 'entropy', 'cls__max_depth': None, 'cls__max_features': 'log2', 'cls__random_state': 42, 'os__random_state': 42}",rf,iforest,simple,none,smote,0.5733529335562784
97.0,104.0,113.0,95.0,101.0,413.0,406.0,397.0,415.0,409.0,13.0,23.0,14.0,20.0,29.0,86.0,76.0,85.0,79.0,70.0,125.0,101.0,106.0,124.0,113.0,444.0,468.0,463.0,445.0,456.0,91.0,98.0,92.0,86.0,82.0,358.0,351.0,357.0,363.0,367.0,0.56875,0.6124999999999999,0.6052631578947368,0.5443037974683546,0.5359477124183006,0.5746388443017656,0.5634028892455859,0.5657686212361331,0.5808,0.5825396825396826,0.5766871165644172,0.6196319018404908,0.6307692307692307,0.556923076923077,0.563076923076923,0.5926210607225212,0.5818601076095311,0.5791090629800307,0.5975422427035331,0.5960061443932412,0.875,0.8099173553719008,0.8679245283018868,0.8113207547169812,0.7387387387387387,0.8063063063063063,0.8220140515222483,0.8076923076923077,0.8212669683257918,0.8398169336384439,0.4212962962962963,0.49246231155778897,0.46464646464646464,0.4095238095238095,0.4205128205128205,0.4463840399002494,0.42857142857142855,0.4353658536585366,0.44925742574257427,0.4459295261239368,0.6515572390572391,0.6556799746765323,0.6772051220870118,0.6178053830227743,0.5987179487179487,0.637019675260746,0.6354475400118553,0.6295086529703471,0.6446691987012467,0.6498958695337848,"{'cls__C': 10, 'cls__probability': True, 'cls__random_state': 42, 'os__random_state': 42}",svc,iforest,simple,standard,smote,0.5733529335562784
97.0,104.0,113.0,95.0,101.0,413.0,406.0,397.0,415.0,409.0,13.0,23.0,14.0,20.0,29.0,86.0,76.0,85.0,79.0,70.0,125.0,101.0,106.0,124.0,113.0,444.0,468.0,463.0,445.0,456.0,91.0,98.0,92.0,86.0,82.0,358.0,351.0,357.0,363.0,367.0,0.56875,0.6124999999999999,0.6052631578947368,0.5443037974683546,0.5359477124183006,0.5746388443017656,0.5634028892455859,0.5657686212361331,0.5808,0.5825396825396826,0.5766871165644172,0.6196319018404908,0.6307692307692307,0.556923076923077,0.563076923076923,0.5926210607225212,0.5818601076095311,0.5791090629800307,0.5975422427035331,0.5960061443932412,0.875,0.8099173553719008,0.8679245283018868,0.8113207547169812,0.7387387387387387,0.8063063063063063,0.8220140515222483,0.8076923076923077,0.8212669683257918,0.8398169336384439,0.4212962962962963,0.49246231155778897,0.46464646464646464,0.4095238095238095,0.4205128205128205,0.4463840399002494,0.42857142857142855,0.4353658536585366,0.44925742574257427,0.4459295261239368,0.6515572390572391,0.6556799746765323,0.6772051220870118,0.6178053830227743,0.5987179487179487,0.637019675260746,0.6354475400118553,0.6295086529703471,0.6446691987012467,0.6498958695337848,"{'cls__C': 0.1, 'cls__probability': True, 'cls__random_state': 42, 'os__random_state': 42}",svc,iforest,simple,standard,smote,0.5733529335562784
97.0,104.0,113.0,95.0,101.0,413.0,406.0,397.0,415.0,409.0,13.0,23.0,14.0,20.0,29.0,86.0,76.0,85.0,79.0,70.0,125.0,101.0,106.0,124.0,113.0,444.0,468.0,463.0,445.0,456.0,91.0,98.0,92.0,86.0,82.0,358.0,351.0,357.0,363.0,367.0,0.56875,0.6124999999999999,0.6052631578947368,0.5443037974683546,0.5359477124183006,0.5746388443017656,0.5634028892455859,0.5657686212361331,0.5808,0.5825396825396826,0.5766871165644172,0.6196319018404908,0.6307692307692307,0.556923076923077,0.563076923076923,0.5926210607225212,0.5818601076095311,0.5791090629800307,0.5975422427035331,0.5960061443932412,0.875,0.8099173553719008,0.8679245283018868,0.8113207547169812,0.7387387387387387,0.8063063063063063,0.8220140515222483,0.8076923076923077,0.8212669683257918,0.8398169336384439,0.4212962962962963,0.49246231155778897,0.46464646464646464,0.4095238095238095,0.4205128205128205,0.4463840399002494,0.42857142857142855,0.4353658536585366,0.44925742574257427,0.4459295261239368,0.6515572390572391,0.6556799746765323,0.6772051220870118,0.6178053830227743,0.5987179487179487,0.637019675260746,0.6354475400118553,0.6295086529703471,0.6446691987012467,0.6498958695337848,"{'cls__C': 0.1, 'cls__probability': True, 'cls__random_state': 42, 'os__random_state': 42}",svc,iforest,simple,minmax,smote,0.5733529335562784
