scaler_0__Flavor intensity (adj),scaler_1__Acidity (adj),scaler_2__Sweet,binary_liking
0.6564701470965966,-0.8659403504621062,-0.49182100972276477,0
-0.8768110286463556,-0.8659403504621062,-0.49182100972276477,0
0.6564701470965966,0.7156687061302871,-0.49182100972276477,1
-0.8768110286463556,-0.8659403504621062,-0.49182100972276477,1
-0.8768110286463556,0.7156687061302871,2.0332600280002104,1
-0.8768110286463556,0.7156687061302871,2.0332600280002104,1
-0.8768110286463556,2.2972777627226804,-0.49182100972276477,0
0.6564701470965966,0.7156687061302871,-0.49182100972276477,0
-0.8768110286463556,-0.8659403504621062,-0.49182100972276477,0
-0.8768110286463556,-0.8659403504621062,-0.49182100972276477,1
0.6564701470965966,0.7156687061302871,-0.49182100972276477,0
0.6564701470965966,-0.8659403504621062,-0.49182100972276477,1
-0.8768110286463556,-0.8659403504621062,2.0332600280002104,1
0.6564701470965966,0.7156687061302871,-0.49182100972276477,0
0.6564701470965966,0.7156687061302871,-0.49182100972276477,1
-0.8768110286463556,-0.8659403504621062,2.0332600280002104,1
-0.8768110286463556,0.7156687061302871,2.0332600280002104,1
2.1897513228395487,-0.8659403504621062,-0.49182100972276477,0
-0.8768110286463556,-0.8659403504621062,-0.49182100972276477,1
-0.8768110286463556,-0.8659403504621062,2.0332600280002104,0
0.6564701470965966,2.2972777627226804,-0.49182100972276477,0
-0.8768110286463556,2.2972777627226804,-0.49182100972276477,0
-0.8768110286463556,2.2972777627226804,-0.49182100972276477,0
0.6564701470965966,0.7156687061302871,2.0332600280002104,1
2.1897513228395487,2.2972777627226804,-0.49182100972276477,0
-0.8768110286463556,-0.8659403504621062,-0.49182100972276477,1
-0.8768110286463556,-0.8659403504621062,-0.49182100972276477,0
-0.8768110286463556,-0.8659403504621062,-0.49182100972276477,1
-0.8768110286463556,0.7156687061302871,-0.49182100972276477,0
-0.8768110286463556,-0.8659403504621062,-0.49182100972276477,1
0.6564701470965966,-0.8659403504621062,2.0332600280002104,1
-0.8768110286463556,-0.8659403504621062,-0.49182100972276477,0
-0.8768110286463556,-0.8659403504621062,2.0332600280002104,1
-0.8768110286463556,0.7156687061302871,-0.49182100972276477,1
-0.8768110286463556,-0.8659403504621062,2.0332600280002104,1
-0.8768110286463556,0.7156687061302871,-0.49182100972276477,1
-0.8768110286463556,-0.8659403504621062,2.0332600280002104,1
2.1897513228395487,0.7156687061302871,2.0332600280002104,1
0.6564701470965966,-0.8659403504621062,-0.49182100972276477,1
2.1897513228395487,0.7156687061302871,-0.49182100972276477,0
-0.8768110286463556,0.7156687061302871,-0.49182100972276477,1
0.6564701470965966,2.2972777627226804,-0.49182100972276477,0
-0.8768110286463556,-0.8659403504621062,-0.49182100972276477,1
2.1897513228395487,0.7156687061302871,-0.49182100972276477,0
0.6564701470965966,0.7156687061302871,-0.49182100972276477,0
0.6564701470965966,-0.8659403504621062,-0.49182100972276477,1
0.6564701470965966,-0.8659403504621062,-0.49182100972276477,1
-0.8768110286463556,0.7156687061302871,-0.49182100972276477,0
-0.8768110286463556,0.7156687061302871,-0.49182100972276477,1
0.6564701470965966,-0.8659403504621062,-0.49182100972276477,1
0.6564701470965966,0.7156687061302871,-0.49182100972276477,0
-0.8768110286463556,-0.8659403504621062,-0.49182100972276477,1
0.6564701470965966,0.7156687061302871,-0.49182100972276477,0
-0.8768110286463556,-0.8659403504621062,2.0332600280002104,1
-0.8768110286463556,2.2972777627226804,-0.49182100972276477,0
0.6564701470965966,-0.8659403504621062,-0.49182100972276477,1
0.6564701470965966,0.7156687061302871,-0.49182100972276477,1
2.1897513228395487,0.7156687061302871,-0.49182100972276477,0
0.6564701470965966,-0.8659403504621062,-0.49182100972276477,1
0.6564701470965966,-0.8659403504621062,-0.49182100972276477,1
-0.8768110286463556,-0.8659403504621062,2.0332600280002104,1
-0.8768110286463556,-0.8659403504621062,-0.49182100972276477,1
0.6564701470965966,0.7156687061302871,2.0332600280002104,1
0.6564701470965966,0.7156687061302871,2.0332600280002104,0
-0.8768110286463556,2.2972777627226804,-0.49182100972276477,0
0.6564701470965966,0.7156687061302871,-0.49182100972276477,0
-0.8768110286463556,-0.8659403504621062,-0.49182100972276477,1
0.6564701470965966,-0.8659403504621062,-0.49182100972276477,1
0.6564701470965966,0.7156687061302871,2.0332600280002104,1
-0.8768110286463556,-0.8659403504621062,2.0332600280002104,1
2.1897513228395487,2.2972777627226804,-0.49182100972276477,0
0.6564701470965966,2.2972777627226804,-0.49182100972276477,0
-0.8768110286463556,0.7156687061302871,-0.49182100972276477,1
0.6564701470965966,-0.8659403504621062,2.0332600280002104,1
0.6564701470965966,0.7156687061302871,-0.49182100972276477,1
2.1897513228395487,2.2972777627226804,-0.49182100972276477,0
-0.8768110286463556,-0.8659403504621062,-0.49182100972276477,0
-0.8768110286463556,0.7156687061302871,2.0332600280002104,1
0.6564701470965966,0.7156687061302871,-0.49182100972276477,1
-0.8768110286463556,0.7156687061302871,-0.49182100972276477,1
0.6564701470965966,-0.8659403504621062,-0.49182100972276477,1
-0.8768110286463556,-0.8659403504621062,-0.49182100972276477,1
-0.8768110286463556,-0.8659403504621062,-0.49182100972276477,1
0.6564701470965966,0.7156687061302871,-0.49182100972276477,1
-0.8768110286463556,-0.8659403504621062,2.0332600280002104,1
0.6564701470965966,0.7156687061302871,-0.49182100972276477,0
-0.8768110286463556,-0.8659403504621062,-0.49182100972276477,0
2.1897513228395487,2.2972777627226804,-0.49182100972276477,1
0.6564701470965966,-0.8659403504621062,-0.49182100972276477,0
0.6564701470965966,-0.8659403504621062,-0.49182100972276477,0
2.1897513228395487,0.7156687061302871,-0.49182100972276477,0
0.6564701470965966,0.7156687061302871,-0.49182100972276477,1
0.6564701470965966,0.7156687061302871,-0.49182100972276477,0
-0.8768110286463556,-0.8659403504621062,-0.49182100972276477,1
-0.8768110286463556,-0.8659403504621062,2.0332600280002104,1
0.6564701470965966,0.7156687061302871,-0.49182100972276477,0
-0.8768110286463556,-0.8659403504621062,2.0332600280002104,1
0.6564701470965966,2.2972777627226804,-0.49182100972276477,0
0.6564701470965966,0.7156687061302871,-0.49182100972276477,0
0.6564701470965966,0.7156687061302871,-0.49182100972276477,0
0.6564701470965966,0.7156687061302871,2.0332600280002104,1
-0.8768110286463556,-0.8659403504621062,-0.49182100972276477,1
-0.8768110286463556,0.7156687061302871,-0.49182100972276477,1
0.6564701470965966,0.7156687061302871,-0.49182100972276477,1
0.6564701470965966,-0.8659403504621062,-0.49182100972276477,1
2.1897513228395487,2.2972777627226804,-0.49182100972276477,1
-0.8768110286463556,-0.8659403504621062,-0.49182100972276477,1
0.6564701470965966,-0.8659403504621062,-0.49182100972276477,0
-0.8768110286463556,-0.8659403504621062,-0.49182100972276477,1
2.1897513228395487,0.7156687061302871,-0.49182100972276477,0
0.6564701470965966,0.7156687061302871,-0.49182100972276477,1
-0.8768110286463556,-0.8659403504621062,2.0332600280002104,0
0.6564701470965966,-0.8659403504621062,-0.49182100972276477,1
2.1897513228395487,0.7156687061302871,-0.49182100972276477,1
-0.8768110286463556,-0.8659403504621062,-0.49182100972276477,1
-0.8768110286463556,-0.8659403504621062,-0.49182100972276477,1
0.6564701470965966,-0.8659403504621062,2.0332600280002104,1
0.6564701470965966,-0.8659403504621062,2.0332600280002104,1
-0.8768110286463556,0.7156687061302871,-0.49182100972276477,1
0.6564701470965966,-0.8659403504621062,2.0332600280002104,1
-0.8768110286463556,-0.8659403504621062,-0.49182100972276477,0
-0.8768110286463556,-0.8659403504621062,-0.49182100972276477,1
-0.8768110286463556,-0.8659403504621062,-0.49182100972276477,1
-0.8768110286463556,0.7156687061302871,-0.49182100972276477,1
-0.8768110286463556,-0.8659403504621062,2.0332600280002104,0
2.1897513228395487,0.7156687061302871,-0.49182100972276477,0
2.1897513228395487,-0.8659403504621062,-0.49182100972276477,0
-0.8768110286463556,-0.8659403504621062,-0.49182100972276477,0
-0.8768110286463556,-0.8659403504621062,-0.49182100972276477,1
2.1897513228395487,0.7156687061302871,-0.49182100972276477,0
-0.8768110286463556,-0.8659403504621062,2.0332600280002104,1
-0.8768110286463556,-0.8659403504621062,-0.49182100972276477,1
0.6564701470965966,2.2972777627226804,-0.49182100972276477,0
0.6564701470965966,-0.8659403504621062,2.0332600280002104,1
-0.8768110286463556,-0.8659403504621062,-0.49182100972276477,1
0.6564701470965966,-0.8659403504621062,-0.49182100972276477,1
-0.8768110286463556,-0.8659403504621062,-0.49182100972276477,1
0.6564701470965966,0.7156687061302871,-0.49182100972276477,0
2.1897513228395487,-0.8659403504621062,2.0332600280002104,1
-0.8768110286463556,-0.8659403504621062,-0.49182100972276477,1
0.6564701470965966,0.7156687061302871,-0.49182100972276477,0
-0.8768110286463556,-0.8659403504621062,2.0332600280002104,1
0.6564701470965966,-0.8659403504621062,-0.49182100972276477,1
0.6564701470965966,0.7156687061302871,-0.49182100972276477,0
-0.8768110286463556,-0.8659403504621062,-0.49182100972276477,1
-0.8768110286463556,-0.8659403504621062,-0.49182100972276477,1
0.6564701470965966,-0.8659403504621062,-0.49182100972276477,1
2.1897513228395487,2.2972777627226804,-0.49182100972276477,0
0.6564701470965966,-0.8659403504621062,2.0332600280002104,1
0.6564701470965966,0.7156687061302871,2.0332600280002104,1
-0.8768110286463556,-0.8659403504621062,2.0332600280002104,1
-0.8768110286463556,0.7156687061302871,-0.49182100972276477,1
0.6564701470965966,-0.8659403504621062,-0.49182100972276477,1
-0.8768110286463556,0.7156687061302871,-0.49182100972276477,1
2.1897513228395487,-0.8659403504621062,-0.49182100972276477,0
-0.8768110286463556,-0.8659403504621062,2.0332600280002104,1
-0.8768110286463556,-0.8659403504621062,-0.49182100972276477,1
0.6564701470965966,-0.8659403504621062,2.0332600280002104,1
0.6564701470965966,-0.8659403504621062,-0.49182100972276477,0
0.6564701470965966,-0.8659403504621062,-0.49182100972276477,0
-0.8768110286463556,-0.8659403504621062,-0.49182100972276477,0
-0.8768110286463556,-0.8659403504621062,-0.49182100972276477,1
0.6564701470965966,-0.8659403504621062,-0.49182100972276477,0
0.6564701470965966,-0.8659403504621062,2.0332600280002104,1
0.6564701470965966,0.7156687061302871,-0.49182100972276477,0
0.6564701470965966,0.7156687061302871,-0.49182100972276477,1
0.6564701470965966,-0.8659403504621062,-0.49182100972276477,1
0.6564701470965966,2.2972777627226804,-0.49182100972276477,0
-0.8768110286463556,-0.8659403504621062,-0.49182100972276477,1
0.6564701470965966,0.7156687061302871,-0.49182100972276477,0
-0.8768110286463556,-0.8659403504621062,-0.49182100972276477,1
-0.8768110286463556,-0.8659403504621062,-0.49182100972276477,1
0.6564701470965966,0.7156687061302871,-0.49182100972276477,0
0.6564701470965966,-0.8659403504621062,-0.49182100972276477,1
0.6564701470965966,2.2972777627226804,-0.49182100972276477,0
0.6564701470965966,2.2972777627226804,-0.49182100972276477,1
0.6564701470965966,-0.8659403504621062,-0.49182100972276477,0
0.6564701470965966,0.7156687061302871,-0.49182100972276477,0
-0.8768110286463556,-0.8659403504621062,2.0332600280002104,1
-0.8768110286463556,-0.8659403504621062,2.0332600280002104,1
-0.8768110286463556,0.7156687061302871,-0.49182100972276477,1
-0.8768110286463556,-0.8659403504621062,2.0332600280002104,1
-0.8768110286463556,-0.8659403504621062,-0.49182100972276477,1
-0.8768110286463556,-0.8659403504621062,-0.49182100972276477,1
-0.8768110286463556,2.2972777627226804,-0.49182100972276477,1
-0.8768110286463556,0.7156687061302871,-0.49182100972276477,1
-0.8768110286463556,-0.8659403504621062,-0.49182100972276477,1
0.6564701470965966,0.7156687061302871,-0.49182100972276477,0
-0.8768110286463556,0.7156687061302871,-0.49182100972276477,1
-0.8768110286463556,0.7156687061302871,-0.49182100972276477,0
-0.8768110286463556,-0.8659403504621062,-0.49182100972276477,1
-0.8768110286463556,-0.8659403504621062,2.0332600280002104,1
0.6564701470965966,2.2972777627226804,-0.49182100972276477,0
0.6564701470965966,2.2972777627226804,-0.49182100972276477,1
-0.8768110286463556,0.7156687061302871,-0.49182100972276477,1
2.1897513228395487,-0.8659403504621062,-0.49182100972276477,0
0.6564701470965966,-0.8659403504621062,-0.49182100972276477,0
2.1897513228395487,-0.8659403504621062,-0.49182100972276477,0
2.1897513228395487,0.7156687061302871,-0.49182100972276477,1
-0.8768110286463556,0.7156687061302871,-0.49182100972276477,1
0.6564701470965966,-0.8659403504621062,2.0332600280002104,1
-0.8768110286463556,-0.8659403504621062,2.0332600280002104,1
0.6564701470965966,0.7156687061302871,-0.49182100972276477,0
-0.8768110286463556,-0.8659403504621062,-0.49182100972276477,1
-0.8768110286463556,-0.8659403504621062,-0.49182100972276477,0
-0.8768110286463556,0.7156687061302871,-0.49182100972276477,0
0.6564701470965966,-0.8659403504621062,-0.49182100972276477,1
0.6564701470965966,0.7156687061302871,-0.49182100972276477,1
0.6564701470965966,-0.8659403504621062,-0.49182100972276477,1
0.6564701470965966,0.7156687061302871,-0.49182100972276477,1
-0.8768110286463556,0.7156687061302871,-0.49182100972276477,0
0.6564701470965966,-0.8659403504621062,-0.49182100972276477,1
-0.8768110286463556,-0.8659403504621062,-0.49182100972276477,1
-0.8768110286463556,-0.8659403504621062,-0.49182100972276477,1
-0.8768110286463556,-0.8659403504621062,2.0332600280002104,1
-0.8768110286463556,0.7156687061302871,-0.49182100972276477,1
-0.8768110286463556,-0.8659403504621062,2.0332600280002104,1
0.6564701470965966,-0.8659403504621062,-0.49182100972276477,0
-0.8768110286463556,-0.8659403504621062,-0.49182100972276477,1
0.6564701470965966,-0.8659403504621062,-0.49182100972276477,1
-0.8768110286463556,-0.8659403504621062,2.0332600280002104,1
2.1897513228395487,-0.8659403504621062,-0.49182100972276477,1
-0.8768110286463556,0.7156687061302871,-0.49182100972276477,0
-0.8768110286463556,0.7156687061302871,-0.49182100972276477,1
0.6564701470965966,0.7156687061302871,-0.49182100972276477,1
0.6564701470965966,-0.8659403504621062,-0.49182100972276477,1
0.6564701470965966,0.7156687061302871,-0.49182100972276477,0
-0.8768110286463556,-0.8659403504621062,-0.49182100972276477,1
0.6564701470965966,0.7156687061302871,-0.49182100972276477,0
2.1897513228395487,0.7156687061302871,-0.49182100972276477,0
-0.8768110286463556,0.7156687061302871,-0.49182100972276477,1
-0.8768110286463556,-0.8659403504621062,2.0332600280002104,1
0.6564701470965966,-0.8659403504621062,-0.49182100972276477,1
2.1897513228395487,-0.8659403504621062,-0.49182100972276477,0
0.6564701470965966,0.7156687061302871,-0.49182100972276477,1
-0.8768110286463556,0.7156687061302871,-0.49182100972276477,0
-0.8768110286463556,2.2972777627226804,-0.49182100972276477,0
2.1897513228395487,2.2972777627226804,-0.49182100972276477,0
-0.8768110286463556,-0.8659403504621062,2.0332600280002104,1
-0.8768110286463556,-0.8659403504621062,-0.49182100972276477,0
-0.8768110286463556,0.7156687061302871,-0.49182100972276477,0
2.1897513228395487,0.7156687061302871,-0.49182100972276477,0
-0.8768110286463556,-0.8659403504621062,-0.49182100972276477,1
2.1897513228395487,0.7156687061302871,-0.49182100972276477,0
-0.8768110286463556,0.7156687061302871,2.0332600280002104,1
-0.8768110286463556,-0.8659403504621062,2.0332600280002104,1
0.6564701470965966,0.7156687061302871,-0.49182100972276477,0
0.6564701470965966,0.7156687061302871,2.0332600280002104,0
-0.8768110286463556,-0.8659403504621062,-0.49182100972276477,1
0.6564701470965966,0.7156687061302871,-0.49182100972276477,0
-0.8768110286463556,-0.8659403504621062,2.0332600280002104,1
-0.8768110286463556,-0.8659403504621062,2.0332600280002104,1
-0.8768110286463556,0.7156687061302871,-0.49182100972276477,1
0.6564701470965966,-0.8659403504621062,-0.49182100972276477,1
-0.8768110286463556,-0.8659403504621062,2.0332600280002104,1
-0.8768110286463556,-0.8659403504621062,-0.49182100972276477,0
0.6564701470965966,0.7156687061302871,-0.49182100972276477,0
0.6564701470965966,-0.8659403504621062,-0.49182100972276477,0
0.6564701470965966,-0.8659403504621062,-0.49182100972276477,1
-0.8768110286463556,-0.8659403504621062,-0.49182100972276477,0
0.6564701470965966,-0.8659403504621062,-0.49182100972276477,1
0.6564701470965966,0.7156687061302871,-0.49182100972276477,0
0.6564701470965966,-0.8659403504621062,-0.49182100972276477,1
0.6564701470965966,-0.8659403504621062,-0.49182100972276477,1
-0.8768110286463556,-0.8659403504621062,-0.49182100972276477,1
-0.8768110286463556,0.7156687061302871,-0.49182100972276477,0
0.6564701470965966,-0.8659403504621062,-0.49182100972276477,0
0.6564701470965966,0.7156687061302871,-0.49182100972276477,1
-0.8768110286463556,0.7156687061302871,-0.49182100972276477,1
0.6564701470965966,0.7156687061302871,-0.49182100972276477,0
-0.8768110286463556,-0.8659403504621062,2.0332600280002104,1
0.6564701470965966,0.7156687061302871,-0.49182100972276477,0
-0.8768110286463556,0.7156687061302871,-0.49182100972276477,1
0.6564701470965966,-0.8659403504621062,2.0332600280002104,1
0.6564701470965966,0.7156687061302871,-0.49182100972276477,1
-0.8768110286463556,0.7156687061302871,2.0332600280002104,1
-0.8768110286463556,0.7156687061302871,-0.49182100972276477,0
-0.8768110286463556,0.7156687061302871,-0.49182100972276477,0
2.1897513228395487,-0.8659403504621062,-0.49182100972276477,1
-0.8768110286463556,0.7156687061302871,2.0332600280002104,1
0.6564701470965966,-0.8659403504621062,-0.49182100972276477,1
-0.8768110286463556,-0.8659403504621062,2.0332600280002104,1
0.6564701470965966,0.7156687061302871,-0.49182100972276477,1
0.6564701470965966,-0.8659403504621062,-0.49182100972276477,1
0.6564701470965966,2.2972777627226804,-0.49182100972276477,0
-0.8768110286463556,0.7156687061302871,-0.49182100972276477,0
-0.8768110286463556,0.7156687061302871,-0.49182100972276477,0
-0.8768110286463556,-0.8659403504621062,2.0332600280002104,1
-0.8768110286463556,-0.8659403504621062,-0.49182100972276477,1
2.1897513228395487,-0.8659403504621062,2.0332600280002104,1
0.6564701470965966,-0.8659403504621062,-0.49182100972276477,1
0.6564701470965966,0.7156687061302871,-0.49182100972276477,1
-0.8768110286463556,-0.8659403504621062,2.0332600280002104,1
-0.8768110286463556,0.7156687061302871,-0.49182100972276477,1
2.1897513228395487,-0.8659403504621062,-0.49182100972276477,0
0.6564701470965966,-0.8659403504621062,-0.49182100972276477,1
-0.8768110286463556,-0.8659403504621062,-0.49182100972276477,1
0.6564701470965966,0.7156687061302871,-0.49182100972276477,0
-0.8768110286463556,-0.8659403504621062,2.0332600280002104,1
-0.8768110286463556,-0.8659403504621062,2.0332600280002104,1
-0.8768110286463556,2.2972777627226804,-0.49182100972276477,0
0.6564701470965966,2.2972777627226804,-0.49182100972276477,0
0.6564701470965966,0.7156687061302871,-0.49182100972276477,0
-0.8768110286463556,0.7156687061302871,-0.49182100972276477,0
0.6564701470965966,-0.8659403504621062,2.0332600280002104,1
0.6564701470965966,0.7156687061302871,-0.49182100972276477,1
-0.8768110286463556,-0.8659403504621062,-0.49182100972276477,0
0.6564701470965966,-0.8659403504621062,-0.49182100972276477,1
0.6564701470965966,-0.8659403504621062,-0.49182100972276477,1
0.6564701470965966,-0.8659403504621062,2.0332600280002104,1
2.1897513228395487,2.2972777627226804,-0.49182100972276477,0
-0.8768110286463556,-0.8659403504621062,-0.49182100972276477,1
0.6564701470965966,0.7156687061302871,-0.49182100972276477,1
0.6564701470965966,-0.8659403504621062,2.0332600280002104,1
0.6564701470965966,0.7156687061302871,-0.49182100972276477,0
-0.8768110286463556,0.7156687061302871,-0.49182100972276477,1
0.6564701470965966,0.7156687061302871,2.0332600280002104,0
0.6564701470965966,0.7156687061302871,-0.49182100972276477,0
0.6564701470965966,0.7156687061302871,-0.49182100972276477,1
-0.8768110286463556,-0.8659403504621062,-0.49182100972276477,1
-0.8768110286463556,-0.8659403504621062,-0.49182100972276477,0
0.6564701470965966,0.7156687061302871,-0.49182100972276477,0
-0.8768110286463556,-0.8659403504621062,-0.49182100972276477,1
0.6564701470965966,0.7156687061302871,-0.49182100972276477,1
-0.8768110286463556,-0.8659403504621062,-0.49182100972276477,1
-0.8768110286463556,-0.8659403504621062,-0.49182100972276477,1
-0.8768110286463556,-0.8659403504621062,-0.49182100972276477,1
-0.8768110286463556,-0.8659403504621062,-0.49182100972276477,1
0.6564701470965966,0.7156687061302871,-0.49182100972276477,0
2.1897513228395487,0.7156687061302871,-0.49182100972276477,0
0.6564701470965966,-0.8659403504621062,-0.49182100972276477,1
0.6564701470965966,-0.8659403504621062,-0.49182100972276477,1
-0.8768110286463556,-0.8659403504621062,-0.49182100972276477,0
-0.8768110286463556,-0.8659403504621062,-0.49182100972276477,0
-0.8768110286463556,-0.8659403504621062,-0.49182100972276477,1
0.6564701470965966,0.7156687061302871,-0.49182100972276477,0
2.1897513228395487,-0.8659403504621062,-0.49182100972276477,0
0.6564701470965966,0.7156687061302871,-0.49182100972276477,1
2.1897513228395487,2.2972777627226804,-0.49182100972276477,0
-0.8768110286463556,0.7156687061302871,-0.49182100972276477,1
-0.8768110286463556,-0.8659403504621062,-0.49182100972276477,1
-0.8768110286463556,0.7156687061302871,-0.49182100972276477,1
0.6564701470965966,0.7156687061302871,-0.49182100972276477,1
0.6564701470965966,-0.8659403504621062,-0.49182100972276477,1
-0.8768110286463556,0.7156687061302871,-0.49182100972276477,1
-0.8768110286463556,0.7156687061302871,-0.49182100972276477,1
2.1897513228395487,2.2972777627226804,-0.49182100972276477,0
-0.8768110286463556,-0.8659403504621062,-0.49182100972276477,1
-0.8768110286463556,-0.8659403504621062,-0.49182100972276477,1
-0.8768110286463556,-0.8659403504621062,-0.49182100972276477,0
-0.8768110286463556,0.7156687061302871,2.0332600280002104,1
-0.8768110286463556,-0.8659403504621062,-0.49182100972276477,1
0.6564701470965966,-0.8659403504621062,-0.49182100972276477,1
-0.8768110286463556,0.7156687061302871,2.0332600280002104,1
-0.8768110286463556,-0.8659403504621062,-0.49182100972276477,0
-0.8768110286463556,-0.8659403504621062,-0.49182100972276477,1
-0.8768110286463556,-0.8659403504621062,2.0332600280002104,1
0.6564701470965966,0.7156687061302871,-0.49182100972276477,1
0.6564701470965966,2.2972777627226804,-0.49182100972276477,0
0.6564701470965966,-0.8659403504621062,-0.49182100972276477,1
0.6564701470965966,-0.8659403504621062,-0.49182100972276477,1
-0.8768110286463556,0.7156687061302871,-0.49182100972276477,1
-0.8768110286463556,0.7156687061302871,2.0332600280002104,1
-0.8768110286463556,-0.8659403504621062,2.0332600280002104,1
-0.8768110286463556,-0.8659403504621062,-0.49182100972276477,1
-0.8768110286463556,0.7156687061302871,-0.49182100972276477,1
0.6564701470965966,-0.8659403504621062,-0.49182100972276477,0
2.1897513228395487,0.7156687061302871,-0.49182100972276477,0
-0.8768110286463556,-0.8659403504621062,2.0332600280002104,1
-0.8768110286463556,-0.8659403504621062,2.0332600280002104,1
-0.8768110286463556,0.7156687061302871,-0.49182100972276477,1
-0.8768110286463556,0.7156687061302871,-0.49182100972276477,1
-0.8768110286463556,-0.8659403504621062,-0.49182100972276477,0
0.6564701470965966,-0.8659403504621062,2.0332600280002104,1
2.1897513228395487,2.2972777627226804,-0.49182100972276477,0
0.6564701470965966,-0.8659403504621062,-0.49182100972276477,1
-0.8768110286463556,-0.8659403504621062,-0.49182100972276477,1
-0.8768110286463556,0.7156687061302871,-0.49182100972276477,1
0.6564701470965966,0.7156687061302871,-0.49182100972276477,1
2.1897513228395487,-0.8659403504621062,-0.49182100972276477,0
0.6564701470965966,0.7156687061302871,-0.49182100972276477,1
2.1897513228395487,-0.8659403504621062,-0.49182100972276477,0
2.1897513228395487,0.7156687061302871,-0.49182100972276477,0
-0.8768110286463556,-0.8659403504621062,2.0332600280002104,1
-0.8768110286463556,-0.8659403504621062,-0.49182100972276477,1
-0.8768110286463556,0.7156687061302871,-0.49182100972276477,1
2.1897513228395487,0.7156687061302871,-0.49182100972276477,0
0.6564701470965966,0.7156687061302871,-0.49182100972276477,0
0.6564701470965966,2.2972777627226804,-0.49182100972276477,0
-0.8768110286463556,0.7156687061302871,-0.49182100972276477,0
0.6564701470965966,-0.8659403504621062,-0.49182100972276477,0
0.6564701470965966,0.7156687061302871,-0.49182100972276477,0
0.6564701470965966,-0.8659403504621062,-0.49182100972276477,0
0.6564701470965966,0.7156687061302871,2.0332600280002104,0
0.6564701470965966,-0.8659403504621062,2.0332600280002104,1
-0.8768110286463556,-0.8659403504621062,-0.49182100972276477,1
0.6564701470965966,2.2972777627226804,-0.49182100972276477,0
2.1897513228395487,0.7156687061302871,-0.49182100972276477,0
-0.8768110286463556,0.7156687061302871,-0.49182100972276477,0
-0.8768110286463556,-0.8659403504621062,-0.49182100972276477,1
-0.8768110286463556,-0.8659403504621062,-0.49182100972276477,1
0.6564701470965966,0.7156687061302871,-0.49182100972276477,0
2.1897513228395487,-0.8659403504621062,-0.49182100972276477,0
0.6564701470965966,0.7156687061302871,-0.49182100972276477,1
-0.8768110286463556,0.7156687061302871,-0.49182100972276477,0
0.6564701470965966,-0.8659403504621062,-0.49182100972276477,1
0.6564701470965966,0.7156687061302871,-0.49182100972276477,1
-0.8768110286463556,-0.8659403504621062,-0.49182100972276477,1
2.1897513228395487,-0.8659403504621062,-0.49182100972276477,0
-0.8768110286463556,-0.8659403504621062,-0.49182100972276477,1
0.6564701470965966,0.7156687061302871,-0.49182100972276477,0
-0.8768110286463556,-0.8659403504621062,-0.49182100972276477,0
0.6564701470965966,-0.8659403504621062,-0.49182100972276477,1
-0.8768110286463556,-0.8659403504621062,-0.49182100972276477,0
0.6564701470965966,-0.8659403504621062,-0.49182100972276477,1
-0.8768110286463556,-0.8659403504621062,-0.49182100972276477,1
-0.8768110286463556,0.7156687061302871,-0.49182100972276477,1
0.6564701470965966,-0.8659403504621062,-0.49182100972276477,0
-0.8768110286463556,-0.8659403504621062,-0.49182100972276477,1
0.6564701470965966,2.2972777627226804,-0.49182100972276477,0
0.6564701470965966,0.7156687061302871,-0.49182100972276477,0
-0.8768110286463556,-0.8659403504621062,-0.49182100972276477,1
-0.8768110286463556,0.7156687061302871,-0.49182100972276477,0
0.6564701470965966,-0.8659403504621062,-0.49182100972276477,1
-0.8768110286463556,0.7156687061302871,-0.49182100972276477,1
2.1897513228395487,-0.8659403504621062,-0.49182100972276477,0
0.6564701470965966,0.7156687061302871,-0.49182100972276477,1
0.6564701470965966,0.7156687061302871,-0.49182100972276477,0
-0.8768110286463556,-0.8659403504621062,-0.49182100972276477,1
-0.8768110286463556,0.7156687061302871,-0.49182100972276477,1
-0.8768110286463556,-0.8659403504621062,2.0332600280002104,1
-0.8768110286463556,-0.8659403504621062,-0.49182100972276477,0
2.1897513228395487,2.2972777627226804,-0.49182100972276477,0
2.1897513228395487,2.2972777627226804,-0.49182100972276477,0
0.6564701470965966,0.7156687061302871,-0.49182100972276477,0
2.1897513228395487,0.7156687061302871,-0.49182100972276477,0
0.6564701470965966,0.7156687061302871,-0.49182100972276477,0
0.6564701470965966,0.7156687061302871,-0.49182100972276477,1
-0.8768110286463556,-0.8659403504621062,-0.49182100972276477,1
-0.8768110286463556,2.2972777627226804,-0.49182100972276477,0
-0.8768110286463556,-0.8659403504621062,2.0332600280002104,1
-0.8768110286463556,-0.8659403504621062,-0.49182100972276477,1
-0.8768110286463556,-0.8659403504621062,-0.49182100972276477,1
0.6564701470965966,-0.8659403504621062,-0.49182100972276477,1
-0.8768110286463556,-0.8659403504621062,-0.49182100972276477,1
-0.8768110286463556,2.2972777627226804,-0.49182100972276477,0
-0.8768110286463556,-0.8659403504621062,2.0332600280002104,0
0.6564701470965966,0.7156687061302871,2.0332600280002104,0
0.6564701470965966,0.7156687061302871,2.0332600280002104,1
-0.8768110286463556,-0.8659403504621062,-0.49182100972276477,1
-0.8768110286463556,-0.8659403504621062,2.0332600280002104,1
-0.8768110286463556,-0.8659403504621062,-0.49182100972276477,1
-0.8768110286463556,-0.8659403504621062,-0.49182100972276477,0
0.6564701470965966,0.7156687061302871,-0.49182100972276477,0
-0.8768110286463556,2.2972777627226804,-0.49182100972276477,0
0.6564701470965966,0.7156687061302871,-0.49182100972276477,0
0.6564701470965966,0.7156687061302871,-0.49182100972276477,0
0.6564701470965966,0.7156687061302871,-0.49182100972276477,0
-0.8768110286463556,-0.8659403504621062,-0.49182100972276477,1
-0.8768110286463556,-0.8659403504621062,-0.49182100972276477,1
-0.8768110286463556,-0.8659403504621062,-0.49182100972276477,1
-0.8768110286463556,0.7156687061302871,-0.49182100972276477,1
-0.8768110286463556,-0.8659403504621062,-0.49182100972276477,1
-0.8768110286463556,2.2972777627226804,-0.49182100972276477,0
-0.8768110286463556,-0.8659403504621062,-0.49182100972276477,1
0.6564701470965966,2.2972777627226804,-0.49182100972276477,1
0.6564701470965966,-0.8659403504621062,-0.49182100972276477,1
-0.8768110286463556,0.7156687061302871,-0.49182100972276477,1
-0.8768110286463556,0.7156687061302871,-0.49182100972276477,0
0.6564701470965966,-0.8659403504621062,-0.49182100972276477,0
0.6564701470965966,-0.8659403504621062,-0.49182100972276477,1
-0.8768110286463556,-0.8659403504621062,2.0332600280002104,1
0.6564701470965966,0.7156687061302871,-0.49182100972276477,1
2.1897513228395487,-0.8659403504621062,-0.49182100972276477,0
2.1897513228395487,0.7156687061302871,-0.49182100972276477,0
2.1897513228395487,0.7156687061302871,-0.49182100972276477,0
0.6564701470965966,-0.8659403504621062,-0.49182100972276477,0
-0.8768110286463556,0.7156687061302871,-0.49182100972276477,1
0.6564701470965966,0.7156687061302871,-0.49182100972276477,0
-0.8768110286463556,-0.8659403504621062,-0.49182100972276477,1
0.6564701470965966,0.7156687061302871,-0.49182100972276477,0
-0.8768110286463556,0.7156687061302871,2.0332600280002104,1
0.6564701470965966,0.7156687061302871,-0.49182100972276477,1
2.1897513228395487,-0.8659403504621062,-0.49182100972276477,0
-0.8768110286463556,0.7156687061302871,-0.49182100972276477,0
0.6564701470965966,-0.8659403504621062,-0.49182100972276477,1
0.6564701470965966,-0.8659403504621062,-0.49182100972276477,0
-0.8768110286463556,0.7156687061302871,-0.49182100972276477,1
0.6564701470965966,-0.8659403504621062,-0.49182100972276477,1
0.6564701470965966,0.7156687061302871,-0.49182100972276477,1
0.6564701470965966,0.7156687061302871,-0.49182100972276477,0
-0.8768110286463556,-0.8659403504621062,-0.49182100972276477,1
-0.8768110286463556,-0.8659403504621062,-0.49182100972276477,1
0.6564701470965966,0.7156687061302871,-0.49182100972276477,1
0.6564701470965966,-0.8659403504621062,-0.49182100972276477,1
-0.8768110286463556,-0.8659403504621062,-0.49182100972276477,1
-0.8768110286463556,0.7156687061302871,2.0332600280002104,1
0.6564701470965966,0.7156687061302871,-0.49182100972276477,0
0.6564701470965966,0.7156687061302871,-0.49182100972276477,0
2.1897513228395487,0.7156687061302871,-0.49182100972276477,0
-0.8768110286463556,0.7156687061302871,-0.49182100972276477,0
-0.8768110286463556,2.2972777627226804,-0.49182100972276477,0
-0.8768110286463556,-0.8659403504621062,-0.49182100972276477,1
0.6564701470965966,-0.8659403504621062,2.0332600280002104,1
0.6564701470965966,-0.8659403504621062,-0.49182100972276477,1
2.1897513228395487,0.7156687061302871,-0.49182100972276477,1
0.6564701470965966,0.7156687061302871,-0.49182100972276477,0
-0.8768110286463556,-0.8659403504621062,-0.49182100972276477,1
0.6564701470965966,0.7156687061302871,-0.49182100972276477,1
-0.8768110286463556,0.7156687061302871,-0.49182100972276477,1
0.6564701470965966,0.7156687061302871,2.0332600280002104,1
2.1897513228395487,0.7156687061302871,-0.49182100972276477,0
-0.8768110286463556,-0.8659403504621062,-0.49182100972276477,1
-0.8768110286463556,-0.8659403504621062,-0.49182100972276477,1
0.6564701470965966,0.7156687061302871,-0.49182100972276477,0
-0.8768110286463556,0.7156687061302871,-0.49182100972276477,1
-0.8768110286463556,-0.8659403504621062,-0.49182100972276477,0
-0.8768110286463556,-0.8659403504621062,-0.49182100972276477,0
2.1897513228395487,-0.8659403504621062,-0.49182100972276477,0
-0.8768110286463556,0.7156687061302871,-0.49182100972276477,1
-0.8768110286463556,0.7156687061302871,-0.49182100972276477,1
0.6564701470965966,0.7156687061302871,-0.49182100972276477,1
0.6564701470965966,-0.8659403504621062,2.0332600280002104,0
-0.8768110286463556,2.2972777627226804,-0.49182100972276477,0
0.6564701470965966,0.7156687061302871,-0.49182100972276477,0
-0.8768110286463556,0.7156687061302871,-0.49182100972276477,1
-0.8768110286463556,-0.8659403504621062,-0.49182100972276477,1
-0.8768110286463556,0.7156687061302871,-0.49182100972276477,1
-0.8768110286463556,-0.8659403504621062,-0.49182100972276477,1
0.6564701470965966,0.7156687061302871,-0.49182100972276477,0
0.6564701470965966,0.7156687061302871,-0.49182100972276477,1
-0.8768110286463556,0.7156687061302871,-0.49182100972276477,0
-0.8768110286463556,0.7156687061302871,2.0332600280002104,1
-0.8768110286463556,-0.8659403504621062,-0.49182100972276477,0
-0.8768110286463556,-0.8659403504621062,-0.49182100972276477,1
2.1897513228395487,2.2972777627226804,-0.49182100972276477,0
-0.8768110286463556,-0.8659403504621062,-0.49182100972276477,1
-0.8768110286463556,0.7156687061302871,-0.49182100972276477,1
0.6564701470965966,-0.8659403504621062,2.0332600280002104,1
2.1897513228395487,-0.8659403504621062,-0.49182100972276477,1
-0.8768110286463556,0.7156687061302871,-0.49182100972276477,1
0.6564701470965966,2.2972777627226804,-0.49182100972276477,0
0.6564701470965966,-0.8659403504621062,-0.49182100972276477,0
-0.8768110286463556,-0.8659403504621062,2.0332600280002104,1
0.6564701470965966,0.7156687061302871,2.0332600280002104,0
-0.8768110286463556,0.7156687061302871,-0.49182100972276477,1
0.6564701470965966,0.7156687061302871,-0.49182100972276477,0
-0.8768110286463556,-0.8659403504621062,-0.49182100972276477,1
2.1897513228395487,2.2972777627226804,-0.49182100972276477,0
-0.8768110286463556,-0.8659403504621062,-0.49182100972276477,1
-0.8768110286463556,0.7156687061302871,-0.49182100972276477,1
-0.8768110286463556,-0.8659403504621062,-0.49182100972276477,1
0.6564701470965966,2.2972777627226804,-0.49182100972276477,0
0.6564701470965966,-0.8659403504621062,2.0332600280002104,1
-0.8768110286463556,-0.8659403504621062,2.0332600280002104,1
-0.8768110286463556,-0.8659403504621062,-0.49182100972276477,1
0.6564701470965966,0.7156687061302871,-0.49182100972276477,1
0.6564701470965966,0.7156687061302871,-0.49182100972276477,0
-0.8768110286463556,0.7156687061302871,-0.49182100972276477,1
-0.8768110286463556,-0.8659403504621062,2.0332600280002104,1
-0.8768110286463556,0.7156687061302871,-0.49182100972276477,0
-0.8768110286463556,-0.8659403504621062,-0.49182100972276477,1
0.6564701470965966,0.7156687061302871,-0.49182100972276477,0
0.6564701470965966,0.7156687061302871,-0.49182100972276477,0
-0.8768110286463556,0.7156687061302871,-0.49182100972276477,1
2.1897513228395487,2.2972777627226804,-0.49182100972276477,0
-0.8768110286463556,-0.8659403504621062,-0.49182100972276477,1
-0.8768110286463556,-0.8659403504621062,-0.49182100972276477,1
0.6564701470965966,0.7156687061302871,2.0332600280002104,1
-0.8768110286463556,-0.8659403504621062,2.0332600280002104,1
0.6564701470965966,-0.8659403504621062,-0.49182100972276477,1
-0.8768110286463556,0.7156687061302871,-0.49182100972276477,1
2.1897513228395487,0.7156687061302871,-0.49182100972276477,0
0.6564701470965966,-0.8659403504621062,-0.49182100972276477,0
0.6564701470965966,0.7156687061302871,-0.49182100972276477,0
0.6564701470965966,0.7156687061302871,-0.49182100972276477,0
0.6564701470965966,0.7156687061302871,-0.49182100972276477,0
0.6564701470965966,2.2972777627226804,-0.49182100972276477,0
-0.8768110286463556,0.7156687061302871,2.0332600280002104,1
-0.8768110286463556,-0.8659403504621062,-0.49182100972276477,1
0.6564701470965966,2.2972777627226804,-0.49182100972276477,0
-0.8768110286463556,-0.8659403504621062,-0.49182100972276477,1
-0.8768110286463556,-0.8659403504621062,-0.49182100972276477,0
0.6564701470965966,-0.8659403504621062,-0.49182100972276477,0
-0.8768110286463556,-0.8659403504621062,-0.49182100972276477,0
0.6564701470965966,0.7156687061302871,-0.49182100972276477,0
0.6564701470965966,0.7156687061302871,-0.49182100972276477,0
0.6564701470965966,0.7156687061302871,-0.49182100972276477,0
-0.8768110286463556,0.7156687061302871,-0.49182100972276477,1
-0.8768110286463556,0.7156687061302871,-0.49182100972276477,0
0.6564701470965966,2.2972777627226804,-0.49182100972276477,1
-0.8768110286463556,0.7156687061302871,-0.49182100972276477,0
0.6564701470965966,-0.8659403504621062,2.0332600280002104,1
-0.8768110286463556,-0.8659403504621062,2.0332600280002104,1
-0.8768110286463556,0.7156687061302871,2.0332600280002104,0
-0.8768110286463556,-0.8659403504621062,2.0332600280002104,1
-0.8768110286463556,0.7156687061302871,-0.49182100972276477,0
2.1897513228395487,-0.8659403504621062,-0.49182100972276477,0
-0.8768110286463556,-0.8659403504621062,-0.49182100972276477,1
0.6564701470965966,0.7156687061302871,-0.49182100972276477,1
-0.8768110286463556,-0.8659403504621062,2.0332600280002104,1
-0.8768110286463556,0.7156687061302871,-0.49182100972276477,0
0.6564701470965966,2.2972777627226804,-0.49182100972276477,0
-0.8768110286463556,-0.8659403504621062,-0.49182100972276477,1
-0.8768110286463556,-0.8659403504621062,-0.49182100972276477,0
0.6564701470965966,-0.8659403504621062,-0.49182100972276477,1
-0.8768110286463556,0.7156687061302871,-0.49182100972276477,0
2.1897513228395487,-0.8659403504621062,-0.49182100972276477,1
-0.8768110286463556,-0.8659403504621062,-0.49182100972276477,1
0.6564701470965966,0.7156687061302871,-0.49182100972276477,1
0.6564701470965966,0.7156687061302871,-0.49182100972276477,0
-0.8768110286463556,-0.8659403504621062,-0.49182100972276477,1
-0.8768110286463556,-0.8659403504621062,-0.49182100972276477,1
-0.8768110286463556,0.7156687061302871,-0.49182100972276477,0
-0.8768110286463556,-0.8659403504621062,2.0332600280002104,1
0.6564701470965966,0.7156687061302871,-0.49182100972276477,0
-0.8768110286463556,-0.8659403504621062,-0.49182100972276477,1
0.6564701470965966,-0.8659403504621062,2.0332600280002104,1
0.6564701470965966,0.7156687061302871,-0.49182100972276477,0
0.6564701470965966,2.2972777627226804,-0.49182100972276477,0
0.6564701470965966,0.7156687061302871,-0.49182100972276477,0
0.6564701470965966,-0.8659403504621062,-0.49182100972276477,0
-0.8768110286463556,-0.8659403504621062,-0.49182100972276477,1
-0.8768110286463556,-0.8659403504621062,-0.49182100972276477,1
-0.8768110286463556,-0.8659403504621062,-0.49182100972276477,1
-0.8768110286463556,0.7156687061302871,2.0332600280002104,1
0.6564701470965966,-0.8659403504621062,-0.49182100972276477,1
0.6564701470965966,0.7156687061302871,-0.49182100972276477,1
-0.8768110286463556,2.2972777627226804,-0.49182100972276477,0
-0.8768110286463556,0.7156687061302871,2.0332600280002104,0
0.6564701470965966,0.7156687061302871,-0.49182100972276477,0
-0.8768110286463556,-0.8659403504621062,-0.49182100972276477,1
2.1897513228395487,-0.8659403504621062,-0.49182100972276477,0
-0.8768110286463556,0.7156687061302871,-0.49182100972276477,1
2.1897513228395487,2.2972777627226804,-0.49182100972276477,0
-0.8768110286463556,0.7156687061302871,-0.49182100972276477,0
-0.8768110286463556,0.7156687061302871,-0.49182100972276477,1
-0.8768110286463556,0.7156687061302871,-0.49182100972276477,1
2.1897513228395487,0.7156687061302871,-0.49182100972276477,0
-0.8768110286463556,-0.8659403504621062,-0.49182100972276477,1
-0.8768110286463556,0.7156687061302871,-0.49182100972276477,1
-0.8768110286463556,0.7156687061302871,-0.49182100972276477,0
-0.8768110286463556,0.7156687061302871,-0.49182100972276477,1
-0.8768110286463556,-0.8659403504621062,-0.49182100972276477,1
0.6564701470965966,0.7156687061302871,-0.49182100972276477,1
2.1897513228395487,2.2972777627226804,-0.49182100972276477,0
0.6564701470965966,0.7156687061302871,-0.49182100972276477,1
-0.8768110286463556,-0.8659403504621062,-0.49182100972276477,0
0.6564701470965966,0.7156687061302871,-0.49182100972276477,0
-0.8768110286463556,-0.8659403504621062,2.0332600280002104,1
-0.8768110286463556,-0.8659403504621062,2.0332600280002104,1
0.6564701470965966,0.7156687061302871,2.0332600280002104,1
-0.8768110286463556,-0.8659403504621062,2.0332600280002104,1
0.6564701470965966,0.7156687061302871,-0.49182100972276477,1
-0.8768110286463556,-0.8659403504621062,-0.49182100972276477,1
0.6564701470965966,-0.8659403504621062,2.0332600280002104,0
0.6564701470965966,2.2972777627226804,-0.49182100972276477,0
-0.8768110286463556,-0.8659403504621062,2.0332600280002104,1
0.6564701470965966,0.7156687061302871,-0.49182100972276477,0
-0.8768110286463556,-0.8659403504621062,-0.49182100972276477,0
0.6564701470965966,0.7156687061302871,-0.49182100972276477,1
-0.8768110286463556,0.7156687061302871,-0.49182100972276477,1
0.6564701470965966,0.7156687061302871,-0.49182100972276477,1
-0.8768110286463556,-0.8659403504621062,2.0332600280002104,1
2.1897513228395487,-0.8659403504621062,-0.49182100972276477,0
-0.8768110286463556,-0.8659403504621062,2.0332600280002104,1
-0.8768110286463556,-0.8659403504621062,-0.49182100972276477,0
-0.8768110286463556,-0.8659403504621062,-0.49182100972276477,1
2.1897513228395487,0.7156687061302871,-0.49182100972276477,0
-0.8768110286463556,-0.8659403504621062,2.0332600280002104,1
0.6564701470965966,0.7156687061302871,-0.49182100972276477,1
0.6564701470965966,-0.8659403504621062,2.0332600280002104,0
-0.8768110286463556,-0.8659403504621062,-0.49182100972276477,1
0.6564701470965966,-0.8659403504621062,-0.49182100972276477,1
-0.8768110286463556,0.7156687061302871,-0.49182100972276477,1
0.6564701470965966,0.7156687061302871,-0.49182100972276477,1
-0.8768110286463556,0.7156687061302871,-0.49182100972276477,1
-0.8768110286463556,0.7156687061302871,-0.49182100972276477,0
-0.8768110286463556,-0.8659403504621062,-0.49182100972276477,1
-0.8768110286463556,-0.8659403504621062,-0.49182100972276477,1
-0.8768110286463556,2.2972777627226804,-0.49182100972276477,0
-0.8768110286463556,0.7156687061302871,-0.49182100972276477,0
-0.8768110286463556,-0.8659403504621062,2.0332600280002104,1
-0.8768110286463556,-0.8659403504621062,2.0332600280002104,1
-0.8768110286463556,0.7156687061302871,-0.49182100972276477,1
0.6564701470965966,0.7156687061302871,-0.49182100972276477,1
-0.8768110286463556,-0.8659403504621062,-0.49182100972276477,1
-0.8768110286463556,0.7156687061302871,-0.49182100972276477,1
0.6564701470965966,0.7156687061302871,-0.49182100972276477,0
0.6564701470965966,-0.8659403504621062,-0.49182100972276477,1
0.6564701470965966,0.7156687061302871,-0.49182100972276477,1
0.6564701470965966,0.7156687061302871,-0.49182100972276477,1
-0.8768110286463556,-0.8659403504621062,-0.49182100972276477,1
-0.8768110286463556,0.7156687061302871,-0.49182100972276477,1
-0.8768110286463556,-0.8659403504621062,2.0332600280002104,1
0.6564701470965966,0.7156687061302871,-0.49182100972276477,1
-0.8768110286463556,-0.8659403504621062,-0.49182100972276477,1
-0.8768110286463556,-0.8659403504621062,2.0332600280002104,1
-0.8768110286463556,0.7156687061302871,-0.49182100972276477,1
0.6564701470965966,0.7156687061302871,-0.49182100972276477,1
-0.8768110286463556,0.7156687061302871,-0.49182100972276477,1
-0.8768110286463556,0.7156687061302871,-0.49182100972276477,1
-0.8768110286463556,0.7156687061302871,-0.49182100972276477,0
-0.8768110286463556,0.7156687061302871,-0.49182100972276477,0
-0.8768110286463556,0.7156687061302871,-0.49182100972276477,1
0.6564701470965966,0.7156687061302871,-0.49182100972276477,0
-0.8768110286463556,-0.8659403504621062,2.0332600280002104,1
0.6564701470965966,-0.8659403504621062,-0.49182100972276477,0
-0.8768110286463556,-0.8659403504621062,-0.49182100972276477,1
0.6564701470965966,-0.8659403504621062,-0.49182100972276477,0
-0.8768110286463556,2.2972777627226804,-0.49182100972276477,1
-0.8768110286463556,-0.8659403504621062,2.0332600280002104,1
0.6564701470965966,0.7156687061302871,-0.49182100972276477,0
-0.8768110286463556,0.7156687061302871,-0.49182100972276477,1
-0.8768110286463556,-0.8659403504621062,-0.49182100972276477,1
0.6564701470965966,-0.8659403504621062,-0.49182100972276477,0
-0.8768110286463556,0.7156687061302871,-0.49182100972276477,1
-0.8768110286463556,-0.8659403504621062,-0.49182100972276477,1
0.6564701470965966,0.7156687061302871,-0.49182100972276477,0
0.6564701470965966,-0.8659403504621062,-0.49182100972276477,1
-0.8768110286463556,0.7156687061302871,-0.49182100972276477,1
0.6564701470965966,2.2972777627226804,-0.49182100972276477,1
2.1897513228395487,-0.8659403504621062,-0.49182100972276477,0
-0.8768110286463556,-0.8659403504621062,2.0332600280002104,1
-0.8768110286463556,-0.8659403504621062,-0.49182100972276477,1
-0.8768110286463556,0.7156687061302871,-0.49182100972276477,0
-0.8768110286463556,0.7156687061302871,-0.49182100972276477,0
0.6564701470965966,-0.8659403504621062,-0.49182100972276477,1
0.6564701470965966,-0.8659403504621062,-0.49182100972276477,1
0.6564701470965966,0.7156687061302871,-0.49182100972276477,1
-0.8768110286463556,-0.8659403504621062,2.0332600280002104,1
-0.8768110286463556,0.7156687061302871,-0.49182100972276477,0
0.6564701470965966,0.7156687061302871,-0.49182100972276477,1
-0.8768110286463556,0.7156687061302871,2.0332600280002104,1
-0.8768110286463556,0.7156687061302871,-0.49182100972276477,1
-0.8768110286463556,-0.8659403504621062,-0.49182100972276477,1
0.6564701470965966,0.7156687061302871,2.0332600280002104,0
2.1897513228395487,2.2972777627226804,-0.49182100972276477,0
0.6564701470965966,0.7156687061302871,-0.49182100972276477,1
-0.8768110286463556,-0.8659403504621062,-0.49182100972276477,1
-0.8768110286463556,0.7156687061302871,-0.49182100972276477,0
-0.8768110286463556,0.7156687061302871,-0.49182100972276477,0
-0.8768110286463556,-0.8659403504621062,-0.49182100972276477,0
0.6564701470965966,0.7156687061302871,-0.49182100972276477,1
-0.8768110286463556,-0.8659403504621062,-0.49182100972276477,1
2.1897513228395487,0.7156687061302871,-0.49182100972276477,0
0.6564701470965966,-0.8659403504621062,-0.49182100972276477,0
0.6564701470965966,-0.8659403504621062,2.0332600280002104,1
-0.8768110286463556,0.7156687061302871,-0.49182100972276477,1
-0.8768110286463556,-0.8659403504621062,-0.49182100972276477,1
0.6564701470965966,-0.8659403504621062,-0.49182100972276477,0
-0.8768110286463556,0.7156687061302871,-0.49182100972276477,0
0.6564701470965966,-0.8659403504621062,2.0332600280002104,1
0.6564701470965966,-0.8659403504621062,-0.49182100972276477,0
-0.8768110286463556,-0.8659403504621062,-0.49182100972276477,1
0.6564701470965966,0.7156687061302871,-0.49182100972276477,1
2.1897513228395487,2.2972777627226804,-0.49182100972276477,0
-0.8768110286463556,0.7156687061302871,-0.49182100972276477,0
-0.8768110286463556,2.2972777627226804,-0.49182100972276477,0
-0.8768110286463556,-0.8659403504621062,2.0332600280002104,1
-0.8768110286463556,-0.8659403504621062,-0.49182100972276477,1
-0.8768110286463556,-0.8659403504621062,2.0332600280002104,1
-0.8768110286463556,0.7156687061302871,-0.49182100972276477,0
0.6564701470965966,-0.8659403504621062,2.0332600280002104,0
-0.8768110286463556,0.7156687061302871,-0.49182100972276477,0
0.6564701470965966,0.7156687061302871,2.0332600280002104,1
0.6564701470965966,0.7156687061302871,-0.49182100972276477,1
0.6564701470965966,0.7156687061302871,-0.49182100972276477,0
0.6564701470965966,-0.8659403504621062,-0.49182100972276477,1
0.6564701470965966,-0.8659403504621062,2.0332600280002104,1
0.6564701470965966,-0.8659403504621062,2.0332600280002104,1
-0.8768110286463556,0.7156687061302871,-0.49182100972276477,0
0.6564701470965966,0.7156687061302871,-0.49182100972276477,0
-0.8768110286463556,0.7156687061302871,-0.49182100972276477,1
0.6564701470965966,-0.8659403504621062,-0.49182100972276477,1
0.6564701470965966,-0.8659403504621062,-0.49182100972276477,0
0.6564701470965966,0.7156687061302871,-0.49182100972276477,1
-0.8768110286463556,-0.8659403504621062,-0.49182100972276477,1
2.1897513228395487,0.7156687061302871,-0.49182100972276477,1
-0.8768110286463556,0.7156687061302871,-0.49182100972276477,0
-0.8768110286463556,0.7156687061302871,-0.49182100972276477,0
-0.8768110286463556,0.7156687061302871,-0.49182100972276477,1
0.6564701470965966,0.7156687061302871,-0.49182100972276477,1
0.6564701470965966,0.7156687061302871,-0.49182100972276477,0
-0.8768110286463556,0.7156687061302871,-0.49182100972276477,1
-0.8768110286463556,-0.8659403504621062,2.0332600280002104,1
2.1897513228395487,-0.8659403504621062,-0.49182100972276477,0
-0.8768110286463556,-0.8659403504621062,-0.49182100972276477,1
0.6564701470965966,-0.8659403504621062,-0.49182100972276477,1
-0.8768110286463556,0.7156687061302871,-0.49182100972276477,0
-0.8768110286463556,-0.8659403504621062,-0.49182100972276477,1
0.6564701470965966,0.7156687061302871,-0.49182100972276477,0
-0.8768110286463556,0.7156687061302871,2.0332600280002104,1
0.6564701470965966,0.7156687061302871,2.0332600280002104,1
-0.8768110286463556,0.7156687061302871,-0.49182100972276477,1
-0.8768110286463556,-0.8659403504621062,2.0332600280002104,1
-0.8768110286463556,-0.8659403504621062,-0.49182100972276477,1
0.6564701470965966,-0.8659403504621062,2.0332600280002104,0
-0.8768110286463556,0.7156687061302871,-0.49182100972276477,1
-0.8768110286463556,0.7156687061302871,-0.49182100972276477,1
0.6564701470965966,-0.8659403504621062,-0.49182100972276477,0
-0.8768110286463556,-0.8659403504621062,-0.49182100972276477,1
-0.8768110286463556,-0.8659403504621062,-0.49182100972276477,1
0.6564701470965966,0.7156687061302871,-0.49182100972276477,0
-0.8768110286463556,-0.8659403504621062,-0.49182100972276477,1
0.6564701470965966,0.7156687061302871,-0.49182100972276477,0
0.6564701470965966,-0.8659403504621062,2.0332600280002104,1
-0.8768110286463556,0.7156687061302871,-0.49182100972276477,1
-0.8768110286463556,-0.8659403504621062,2.0332600280002104,1
-0.8768110286463556,0.7156687061302871,-0.49182100972276477,0
-0.8768110286463556,-0.8659403504621062,2.0332600280002104,1
0.6564701470965966,0.7156687061302871,-0.49182100972276477,1
-0.8768110286463556,-0.8659403504621062,2.0332600280002104,1
0.6564701470965966,-0.8659403504621062,-0.49182100972276477,1
-0.8768110286463556,-0.8659403504621062,2.0332600280002104,1
-0.8768110286463556,-0.8659403504621062,-0.49182100972276477,0
0.6564701470965966,0.7156687061302871,-0.49182100972276477,1
0.6564701470965966,0.7156687061302871,-0.49182100972276477,0
-0.8768110286463556,0.7156687061302871,-0.49182100972276477,1
-0.8768110286463556,-0.8659403504621062,2.0332600280002104,1
0.6564701470965966,2.2972777627226804,-0.49182100972276477,0
-0.8768110286463556,0.7156687061302871,-0.49182100972276477,0
-0.8768110286463556,-0.8659403504621062,-0.49182100972276477,0
-0.8768110286463556,0.7156687061302871,2.0332600280002104,1
-0.8768110286463556,2.2972777627226804,-0.49182100972276477,0
0.6564701470965966,-0.8659403504621062,-0.49182100972276477,1
0.6564701470965966,0.7156687061302871,-0.49182100972276477,1
2.1897513228395487,-0.8659403504621062,-0.49182100972276477,0
-0.8768110286463556,-0.8659403504621062,-0.49182100972276477,1
0.6564701470965966,0.7156687061302871,-0.49182100972276477,1
-0.8768110286463556,-0.8659403504621062,-0.49182100972276477,0
-0.8768110286463556,0.7156687061302871,2.0332600280002104,1
-0.8768110286463556,-0.8659403504621062,-0.49182100972276477,0
-0.8768110286463556,-0.8659403504621062,2.0332600280002104,1
0.6564701470965966,0.7156687061302871,-0.49182100972276477,1
0.6564701470965966,0.7156687061302871,-0.49182100972276477,1
-0.8768110286463556,-0.8659403504621062,-0.49182100972276477,1
-0.8768110286463556,-0.8659403504621062,2.0332600280002104,1
-0.8768110286463556,-0.8659403504621062,-0.49182100972276477,0
-0.8768110286463556,-0.8659403504621062,-0.49182100972276477,0
-0.8768110286463556,-0.8659403504621062,-0.49182100972276477,1
2.1897513228395487,-0.8659403504621062,-0.49182100972276477,0
0.6564701470965966,-0.8659403504621062,-0.49182100972276477,0
-0.8768110286463556,-0.8659403504621062,-0.49182100972276477,1
-0.8768110286463556,-0.8659403504621062,-0.49182100972276477,1
-0.8768110286463556,0.7156687061302871,-0.49182100972276477,0
0.6564701470965966,0.7156687061302871,-0.49182100972276477,0
-0.8768110286463556,0.7156687061302871,-0.49182100972276477,1
0.6564701470965966,0.7156687061302871,-0.49182100972276477,0
-0.8768110286463556,0.7156687061302871,-0.49182100972276477,1
-0.8768110286463556,0.7156687061302871,-0.49182100972276477,1
2.1897513228395487,2.2972777627226804,2.0332600280002104,0
2.1897513228395487,0.7156687061302871,-0.49182100972276477,0
0.6564701470965966,-0.8659403504621062,-0.49182100972276477,1
-0.8768110286463556,-0.8659403504621062,-0.49182100972276477,1
-0.8768110286463556,-0.8659403504621062,-0.49182100972276477,1
-0.8768110286463556,0.7156687061302871,2.0332600280002104,1
0.6564701470965966,-0.8659403504621062,-0.49182100972276477,1
0.6564701470965966,0.7156687061302871,-0.49182100972276477,1
0.6564701470965966,0.7156687061302871,-0.49182100972276477,0
2.1897513228395487,0.7156687061302871,-0.49182100972276477,0
-0.8768110286463556,-0.8659403504621062,-0.49182100972276477,1
-0.8768110286463556,-0.8659403504621062,-0.49182100972276477,1
0.6564701470965966,-0.8659403504621062,-0.49182100972276477,0
-0.8768110286463556,0.7156687061302871,2.0332600280002104,1
2.1897513228395487,0.7156687061302871,-0.49182100972276477,0
-0.8768110286463556,0.7156687061302871,-0.49182100972276477,0
2.1897513228395487,2.2972777627226804,-0.49182100972276477,0
0.6564701470965966,-0.8659403504621062,2.0332600280002104,0
-0.8768110286463556,0.7156687061302871,-0.49182100972276477,1
-0.8768110286463556,-0.8659403504621062,-0.49182100972276477,1
0.6564701470965966,2.2972777627226804,2.0332600280002104,0
0.6564701470965966,0.7156687061302871,-0.49182100972276477,1
2.1897513228395487,0.7156687061302871,-0.49182100972276477,0
-0.8768110286463556,-0.8659403504621062,-0.49182100972276477,1
-0.8768110286463556,-0.8659403504621062,-0.49182100972276477,1
-0.8768110286463556,-0.8659403504621062,-0.49182100972276477,1
-0.8768110286463556,-0.8659403504621062,-0.49182100972276477,0
-0.8768110286463556,-0.8659403504621062,-0.49182100972276477,1
0.6564701470965966,-0.8659403504621062,2.0332600280002104,1
-0.8768110286463556,-0.8659403504621062,-0.49182100972276477,1
0.6564701470965966,0.7156687061302871,-0.49182100972276477,1
0.6564701470965966,-0.8659403504621062,-0.49182100972276477,0
-0.8768110286463556,-0.8659403504621062,2.0332600280002104,1
-0.8768110286463556,0.7156687061302871,-0.49182100972276477,1
2.1897513228395487,-0.8659403504621062,-0.49182100972276477,0
2.1897513228395487,-0.8659403504621062,2.0332600280002104,0
-0.8768110286463556,-0.8659403504621062,-0.49182100972276477,1
0.6564701470965966,-0.8659403504621062,-0.49182100972276477,1
0.6564701470965966,0.7156687061302871,-0.49182100972276477,1
-0.8768110286463556,0.7156687061302871,-0.49182100972276477,1
0.6564701470965966,0.7156687061302871,-0.49182100972276477,1
0.6564701470965966,0.7156687061302871,-0.49182100972276477,0
-0.8768110286463556,0.7156687061302871,-0.49182100972276477,0
0.6564701470965966,0.7156687061302871,-0.49182100972276477,0
0.6564701470965966,-0.8659403504621062,-0.49182100972276477,1
0.6564701470965966,0.7156687061302871,2.0332600280002104,0
-0.8768110286463556,-0.8659403504621062,-0.49182100972276477,1
-0.8768110286463556,-0.8659403504621062,2.0332600280002104,1
-0.8768110286463556,0.7156687061302871,-0.49182100972276477,1
0.6564701470965966,-0.8659403504621062,-0.49182100972276477,0
0.6564701470965966,0.7156687061302871,-0.49182100972276477,1
-0.8768110286463556,0.7156687061302871,-0.49182100972276477,1
0.6564701470965966,-0.8659403504621062,-0.49182100972276477,1
-0.8768110286463556,-0.8659403504621062,-0.49182100972276477,1
0.6564701470965966,0.7156687061302871,-0.49182100972276477,1
-0.8768110286463556,0.7156687061302871,-0.49182100972276477,0
-0.8768110286463556,0.7156687061302871,-0.49182100972276477,1
-0.8768110286463556,0.7156687061302871,-0.49182100972276477,1
0.6564701470965966,0.7156687061302871,-0.49182100972276477,1
-0.8768110286463556,0.7156687061302871,-0.49182100972276477,1
0.6564701470965966,0.7156687061302871,-0.49182100972276477,0
-0.8768110286463556,-0.8659403504621062,-0.49182100972276477,1
-0.8768110286463556,2.2972777627226804,-0.49182100972276477,0
-0.8768110286463556,0.7156687061302871,-0.49182100972276477,1
0.6564701470965966,0.7156687061302871,2.0332600280002104,0
0.6564701470965966,-0.8659403504621062,-0.49182100972276477,1
0.6564701470965966,-0.8659403504621062,-0.49182100972276477,0
-0.8768110286463556,-0.8659403504621062,-0.49182100972276477,1
0.6564701470965966,-0.8659403504621062,2.0332600280002104,1
-0.8768110286463556,-0.8659403504621062,-0.49182100972276477,1
-0.8768110286463556,-0.8659403504621062,-0.49182100972276477,1
-0.8768110286463556,-0.8659403504621062,-0.49182100972276477,1
-0.8768110286463556,-0.8659403504621062,2.0332600280002104,1
2.1897513228395487,-0.8659403504621062,-0.49182100972276477,0
-0.8768110286463556,0.7156687061302871,-0.49182100972276477,0
0.6564701470965966,0.7156687061302871,-0.49182100972276477,1
0.6564701470965966,0.7156687061302871,-0.49182100972276477,0
-0.8768110286463556,-0.8659403504621062,-0.49182100972276477,1
0.6564701470965966,-0.8659403504621062,-0.49182100972276477,0
-0.8768110286463556,0.7156687061302871,-0.49182100972276477,1
-0.8768110286463556,0.7156687061302871,-0.49182100972276477,1
2.1897513228395487,-0.8659403504621062,-0.49182100972276477,0
0.6564701470965966,-0.8659403504621062,-0.49182100972276477,1
0.6564701470965966,0.7156687061302871,-0.49182100972276477,1
-0.8768110286463556,0.7156687061302871,-0.49182100972276477,1
2.1897513228395487,2.2972777627226804,-0.49182100972276477,0
-0.8768110286463556,-0.8659403504621062,-0.49182100972276477,1
0.6564701470965966,-0.8659403504621062,-0.49182100972276477,1
0.6564701470965966,-0.8659403504621062,-0.49182100972276477,0
-0.8768110286463556,-0.8659403504621062,-0.49182100972276477,1
0.6564701470965966,-0.8659403504621062,-0.49182100972276477,1
2.1897513228395487,0.7156687061302871,2.0332600280002104,1
0.6564701470965966,-0.8659403504621062,-0.49182100972276477,1
0.6564701470965966,-0.8659403504621062,-0.49182100972276477,1
0.6564701470965966,-0.8659403504621062,-0.49182100972276477,0
0.6564701470965966,-0.8659403504621062,2.0332600280002104,1
-0.8768110286463556,0.7156687061302871,-0.49182100972276477,1
0.6564701470965966,-0.8659403504621062,-0.49182100972276477,1
0.6564701470965966,-0.8659403504621062,-0.49182100972276477,0
-0.8768110286463556,0.7156687061302871,-0.49182100972276477,1
-0.8768110286463556,-0.8659403504621062,-0.49182100972276477,1
0.6564701470965966,-0.8659403504621062,-0.49182100972276477,0
-0.8768110286463556,-0.8659403504621062,-0.49182100972276477,1
2.1897513228395487,0.7156687061302871,-0.49182100972276477,0
0.6564701470965966,-0.8659403504621062,-0.49182100972276477,0
-0.8768110286463556,-0.8659403504621062,-0.49182100972276477,1
-0.8768110286463556,0.7156687061302871,-0.49182100972276477,1
-0.8768110286463556,0.7156687061302871,-0.49182100972276477,1
0.6564701470965966,-0.8659403504621062,-0.49182100972276477,0
-0.8768110286463556,-0.8659403504621062,2.0332600280002104,1
-0.8768110286463556,0.7156687061302871,-0.49182100972276477,1
-0.8768110286463556,2.2972777627226804,-0.49182100972276477,0
-0.8768110286463556,-0.8659403504621062,2.0332600280002104,1
0.6564701470965966,-0.8659403504621062,-0.49182100972276477,1
-0.8768110286463556,-0.8659403504621062,-0.49182100972276477,1
-0.8768110286463556,0.7156687061302871,-0.49182100972276477,1
-0.8768110286463556,-0.8659403504621062,-0.49182100972276477,0
0.6564701470965966,2.2972777627226804,-0.49182100972276477,0
0.6564701470965966,-0.8659403504621062,-0.49182100972276477,1
0.6564701470965966,0.7156687061302871,-0.49182100972276477,0
2.1897513228395487,-0.8659403504621062,-0.49182100972276477,0
-0.8768110286463556,-0.8659403504621062,-0.49182100972276477,1
0.6564701470965966,0.7156687061302871,-0.49182100972276477,0
0.6564701470965966,-0.8659403504621062,2.0332600280002104,1
-0.8768110286463556,-0.8659403504621062,-0.49182100972276477,1
0.6564701470965966,0.7156687061302871,-0.49182100972276477,0
-0.8768110286463556,-0.8659403504621062,-0.49182100972276477,0
-0.8768110286463556,0.7156687061302871,-0.49182100972276477,1
2.1897513228395487,2.2972777627226804,-0.49182100972276477,0
2.1897513228395487,2.2972777627226804,-0.49182100972276477,0
0.6564701470965966,-0.8659403504621062,-0.49182100972276477,1
-0.8768110286463556,0.7156687061302871,-0.49182100972276477,1
0.6564701470965966,0.7156687061302871,-0.49182100972276477,0
0.6564701470965966,-0.8659403504621062,2.0332600280002104,1
2.1897513228395487,2.2972777627226804,2.0332600280002104,0
-0.8768110286463556,0.7156687061302871,-0.49182100972276477,1
-0.8768110286463556,0.7156687061302871,-0.49182100972276477,1
0.6564701470965966,0.7156687061302871,-0.49182100972276477,0
0.6564701470965966,-0.8659403504621062,2.0332600280002104,1
2.1897513228395487,0.7156687061302871,-0.49182100972276477,0
2.1897513228395487,-0.8659403504621062,2.0332600280002104,0
-0.8768110286463556,-0.8659403504621062,2.0332600280002104,1
-0.8768110286463556,-0.8659403504621062,-0.49182100972276477,1
0.6564701470965966,-0.8659403504621062,-0.49182100972276477,0
-0.8768110286463556,-0.8659403504621062,-0.49182100972276477,1
-0.8768110286463556,-0.8659403504621062,2.0332600280002104,1
0.6564701470965966,2.2972777627226804,-0.49182100972276477,1
0.6564701470965966,-0.8659403504621062,2.0332600280002104,1
0.6564701470965966,0.7156687061302871,-0.49182100972276477,0
0.6564701470965966,0.7156687061302871,-0.49182100972276477,0
-0.8768110286463556,-0.8659403504621062,-0.49182100972276477,1
-0.8768110286463556,-0.8659403504621062,-0.49182100972276477,0
-0.8768110286463556,-0.8659403504621062,-0.49182100972276477,1
0.6564701470965966,-0.8659403504621062,2.0332600280002104,1
0.6564701470965966,-0.8659403504621062,-0.49182100972276477,1
-0.8768110286463556,-0.8659403504621062,2.0332600280002104,1
2.1897513228395487,2.2972777627226804,-0.49182100972276477,0
0.6564701470965966,0.7156687061302871,2.0332600280002104,0
-0.8768110286463556,0.7156687061302871,-0.49182100972276477,0
0.6564701470965966,-0.8659403504621062,-0.49182100972276477,1
0.6564701470965966,-0.8659403504621062,-0.49182100972276477,1
2.1897513228395487,0.7156687061302871,-0.49182100972276477,0
0.6564701470965966,-0.8659403504621062,-0.49182100972276477,0
0.6564701470965966,0.7156687061302871,-0.49182100972276477,1
-0.8768110286463556,-0.8659403504621062,2.0332600280002104,1
-0.8768110286463556,0.7156687061302871,-0.49182100972276477,0
-0.8768110286463556,-0.8659403504621062,-0.49182100972276477,1
2.1897513228395487,-0.8659403504621062,2.0332600280002104,0
0.6564701470965966,-0.8659403504621062,-0.49182100972276477,1
0.6564701470965966,-0.8659403504621062,-0.49182100972276477,1
-0.8768110286463556,-0.8659403504621062,-0.49182100972276477,1
0.6564701470965966,0.7156687061302871,-0.49182100972276477,1
-0.8768110286463556,0.7156687061302871,2.0332600280002104,1
-0.8768110286463556,-0.8659403504621062,-0.49182100972276477,1
0.6564701470965966,0.7156687061302871,-0.49182100972276477,1
-0.8768110286463556,0.7156687061302871,-0.49182100972276477,1
0.6564701470965966,0.7156687061302871,-0.49182100972276477,0
-0.8768110286463556,-0.8659403504621062,-0.49182100972276477,0
-0.8768110286463556,-0.8659403504621062,-0.49182100972276477,1
-0.8768110286463556,-0.8659403504621062,-0.49182100972276477,1
-0.8768110286463556,2.2972777627226804,-0.49182100972276477,0
-0.8768110286463556,0.7156687061302871,-0.49182100972276477,0
-0.8768110286463556,0.7156687061302871,-0.49182100972276477,0
0.6564701470965966,0.7156687061302871,-0.49182100972276477,1
0.6564701470965966,-0.8659403504621062,2.0332600280002104,1
-0.8768110286463556,-0.8659403504621062,2.0332600280002104,1
0.6564701470965966,-0.8659403504621062,-0.49182100972276477,0
0.6564701470965966,0.7156687061302871,-0.49182100972276477,0
-0.8768110286463556,-0.8659403504621062,-0.49182100972276477,1
-0.8768110286463556,-0.8659403504621062,2.0332600280002104,1
-0.8768110286463556,-0.8659403504621062,-0.49182100972276477,1
0.6564701470965966,-0.8659403504621062,-0.49182100972276477,1
-0.8768110286463556,-0.8659403504621062,-0.49182100972276477,1
0.6564701470965966,2.2972777627226804,-0.49182100972276477,0
0.6564701470965966,-0.8659403504621062,-0.49182100972276477,1
-0.8768110286463556,2.2972777627226804,-0.49182100972276477,1
0.6564701470965966,0.7156687061302871,-0.49182100972276477,0
-0.8768110286463556,0.7156687061302871,-0.49182100972276477,1
0.6564701470965966,0.7156687061302871,-0.49182100972276477,1
0.6564701470965966,0.7156687061302871,-0.49182100972276477,0
0.6564701470965966,-0.8659403504621062,-0.49182100972276477,1
0.6564701470965966,0.7156687061302871,-0.49182100972276477,0
-0.8768110286463556,-0.8659403504621062,-0.49182100972276477,1
0.6564701470965966,-0.8659403504621062,2.0332600280002104,1
0.6564701470965966,0.7156687061302871,-0.49182100972276477,0
-0.8768110286463556,0.7156687061302871,-0.49182100972276477,1
0.6564701470965966,-0.8659403504621062,-0.49182100972276477,0
0.6564701470965966,-0.8659403504621062,-0.49182100972276477,1
-0.8768110286463556,-0.8659403504621062,2.0332600280002104,1
-0.8768110286463556,-0.8659403504621062,-0.49182100972276477,1
-0.8768110286463556,-0.8659403504621062,-0.49182100972276477,1
-0.8768110286463556,-0.8659403504621062,2.0332600280002104,1
0.6564701470965966,0.7156687061302871,-0.49182100972276477,1
-0.8768110286463556,-0.8659403504621062,-0.49182100972276477,0
-0.8768110286463556,0.7156687061302871,-0.49182100972276477,1
0.6564701470965966,-0.8659403504621062,-0.49182100972276477,0
-0.8768110286463556,-0.8659403504621062,2.0332600280002104,1
0.6564701470965966,-0.8659403504621062,2.0332600280002104,1
0.6564701470965966,2.2972777627226804,-0.49182100972276477,0
0.6564701470965966,-0.8659403504621062,-0.49182100972276477,1
-0.8768110286463556,0.7156687061302871,-0.49182100972276477,0
-0.8768110286463556,-0.8659403504621062,-0.49182100972276477,1
0.6564701470965966,0.7156687061302871,-0.49182100972276477,1
-0.8768110286463556,-0.8659403504621062,-0.49182100972276477,1
-0.8768110286463556,-0.8659403504621062,-0.49182100972276477,1
-0.8768110286463556,-0.8659403504621062,2.0332600280002104,1
2.1897513228395487,-0.8659403504621062,-0.49182100972276477,0
0.6564701470965966,0.7156687061302871,-0.49182100972276477,0
-0.8768110286463556,0.7156687061302871,-0.49182100972276477,0
0.6564701470965966,-0.8659403504621062,-0.49182100972276477,0
-0.8768110286463556,-0.8659403504621062,2.0332600280002104,1
2.1897513228395487,0.7156687061302871,-0.49182100972276477,0
0.6564701470965966,-0.8659403504621062,-0.49182100972276477,1
0.6564701470965966,0.7156687061302871,-0.49182100972276477,0
0.6564701470965966,0.7156687061302871,-0.49182100972276477,1
2.1897513228395487,0.7156687061302871,-0.49182100972276477,0
0.6564701470965966,0.7156687061302871,-0.49182100972276477,0
-0.8768110286463556,0.7156687061302871,-0.49182100972276477,0
2.1897513228395487,0.7156687061302871,-0.49182100972276477,0
-0.8768110286463556,0.7156687061302871,-0.49182100972276477,0
-0.8768110286463556,0.7156687061302871,-0.49182100972276477,0
0.6564701470965966,0.7156687061302871,-0.49182100972276477,0
-0.8768110286463556,0.7156687061302871,-0.49182100972276477,1
-0.8768110286463556,-0.8659403504621062,-0.49182100972276477,1
-0.8768110286463556,-0.8659403504621062,2.0332600280002104,1
0.6564701470965966,-0.8659403504621062,-0.49182100972276477,1
-0.8768110286463556,-0.8659403504621062,-0.49182100972276477,1
0.6564701470965966,0.7156687061302871,-0.49182100972276477,1
-0.8768110286463556,-0.8659403504621062,2.0332600280002104,1
0.6564701470965966,-0.8659403504621062,-0.49182100972276477,1
0.6564701470965966,2.2972777627226804,-0.49182100972276477,1
0.6564701470965966,-0.8659403504621062,-0.49182100972276477,0
-0.8768110286463556,-0.8659403504621062,-0.49182100972276477,1
0.6564701470965966,0.7156687061302871,-0.49182100972276477,1
-0.8768110286463556,0.7156687061302871,-0.49182100972276477,1
-0.8768110286463556,-0.8659403504621062,-0.49182100972276477,1
-0.8768110286463556,-0.8659403504621062,2.0332600280002104,1
-0.8768110286463556,-0.8659403504621062,-0.49182100972276477,1
-0.8768110286463556,-0.8659403504621062,2.0332600280002104,1
-0.8768110286463556,0.7156687061302871,2.0332600280002104,1
0.6564701470965966,0.7156687061302871,-0.49182100972276477,0
-0.8768110286463556,0.7156687061302871,-0.49182100972276477,0
-0.8768110286463556,-0.8659403504621062,-0.49182100972276477,1
-0.8768110286463556,-0.8659403504621062,-0.49182100972276477,1
-0.8768110286463556,0.7156687061302871,-0.49182100972276477,0
0.6564701470965966,-0.8659403504621062,-0.49182100972276477,1
0.6564701470965966,-0.8659403504621062,-0.49182100972276477,1
-0.8768110286463556,-0.8659403504621062,-0.49182100972276477,0
0.6564701470965966,0.7156687061302871,-0.49182100972276477,0
-0.8768110286463556,-0.8659403504621062,-0.49182100972276477,0
-0.8768110286463556,-0.8659403504621062,2.0332600280002104,1
-0.8768110286463556,0.7156687061302871,-0.49182100972276477,1
0.6564701470965966,-0.8659403504621062,2.0332600280002104,1
-0.8768110286463556,-0.8659403504621062,2.0332600280002104,1
-0.8768110286463556,0.7156687061302871,2.0332600280002104,1
0.6564701470965966,0.7156687061302871,-0.49182100972276477,0
-0.8768110286463556,-0.8659403504621062,2.0332600280002104,1
-0.8768110286463556,-0.8659403504621062,-0.49182100972276477,1
-0.8768110286463556,-0.8659403504621062,2.0332600280002104,1
-0.8768110286463556,-0.8659403504621062,-0.49182100972276477,0
-0.8768110286463556,-0.8659403504621062,2.0332600280002104,1
-0.8768110286463556,-0.8659403504621062,2.0332600280002104,1
0.6564701470965966,0.7156687061302871,2.0332600280002104,1
-0.8768110286463556,-0.8659403504621062,-0.49182100972276477,1
-0.8768110286463556,2.2972777627226804,2.0332600280002104,0
-0.8768110286463556,-0.8659403504621062,-0.49182100972276477,1
2.1897513228395487,2.2972777627226804,-0.49182100972276477,0
0.6564701470965966,-0.8659403504621062,-0.49182100972276477,1
-0.8768110286463556,0.7156687061302871,-0.49182100972276477,1
0.6564701470965966,0.7156687061302871,-0.49182100972276477,0
-0.8768110286463556,-0.8659403504621062,2.0332600280002104,1
0.6564701470965966,-0.8659403504621062,-0.49182100972276477,1
-0.8768110286463556,0.7156687061302871,-0.49182100972276477,1
0.6564701470965966,0.7156687061302871,-0.49182100972276477,1
2.1897513228395487,-0.8659403504621062,-0.49182100972276477,0
-0.8768110286463556,0.7156687061302871,-0.49182100972276477,0
-0.8768110286463556,0.7156687061302871,-0.49182100972276477,0
-0.8768110286463556,-0.8659403504621062,2.0332600280002104,1
0.6564701470965966,-0.8659403504621062,-0.49182100972276477,1
-0.8768110286463556,-0.8659403504621062,-0.49182100972276477,1
0.6564701470965966,0.7156687061302871,-0.49182100972276477,0
0.6564701470965966,-0.8659403504621062,2.0332600280002104,1
-0.8768110286463556,0.7156687061302871,-0.49182100972276477,0
0.6564701470965966,0.7156687061302871,-0.49182100972276477,0
0.6564701470965966,2.2972777627226804,-0.49182100972276477,1
0.6564701470965966,2.2972777627226804,-0.49182100972276477,0
0.6564701470965966,0.7156687061302871,-0.49182100972276477,1
0.6564701470965966,0.7156687061302871,-0.49182100972276477,1
-0.8768110286463556,-0.8659403504621062,-0.49182100972276477,1
-0.8768110286463556,0.7156687061302871,-0.49182100972276477,0
0.6564701470965966,-0.8659403504621062,2.0332600280002104,1
-0.8768110286463556,-0.8659403504621062,-0.49182100972276477,1
0.6564701470965966,-0.8659403504621062,2.0332600280002104,1
-0.8768110286463556,-0.8659403504621062,-0.49182100972276477,1
-0.8768110286463556,0.7156687061302871,-0.49182100972276477,0
0.6564701470965966,-0.8659403504621062,2.0332600280002104,1
-0.8768110286463556,0.7156687061302871,-0.49182100972276477,1
0.6564701470965966,-0.8659403504621062,-0.49182100972276477,1
-0.8768110286463556,0.7156687061302871,2.0332600280002104,1
0.6564701470965966,0.7156687061302871,-0.49182100972276477,0
2.1897513228395487,0.7156687061302871,2.0332600280002104,0
-0.8768110286463556,-0.8659403504621062,2.0332600280002104,1
-0.8768110286463556,-0.8659403504621062,-0.49182100972276477,1
2.1897513228395487,-0.8659403504621062,-0.49182100972276477,1
-0.8768110286463556,-0.8659403504621062,2.0332600280002104,1
-0.8768110286463556,-0.8659403504621062,-0.49182100972276477,1
2.1897513228395487,0.7156687061302871,-0.49182100972276477,0
0.6564701470965966,0.7156687061302871,-0.49182100972276477,1
-0.8768110286463556,-0.8659403504621062,2.0332600280002104,1
-0.8768110286463556,-0.8659403504621062,2.0332600280002104,1
-0.8768110286463556,-0.8659403504621062,2.0332600280002104,1
0.6564701470965966,-0.8659403504621062,-0.49182100972276477,0
0.6564701470965966,0.7156687061302871,-0.49182100972276477,0
-0.8768110286463556,-0.8659403504621062,2.0332600280002104,1
0.6564701470965966,0.7156687061302871,-0.49182100972276477,0
-0.8768110286463556,0.7156687061302871,-0.49182100972276477,0
-0.8768110286463556,-0.8659403504621062,2.0332600280002104,1
2.1897513228395487,2.2972777627226804,-0.49182100972276477,0
0.6564701470965966,0.7156687061302871,-0.49182100972276477,0
2.1897513228395487,-0.8659403504621062,-0.49182100972276477,0
0.6564701470965966,-0.8659403504621062,-0.49182100972276477,1
0.6564701470965966,0.7156687061302871,-0.49182100972276477,0
-0.8768110286463556,-0.8659403504621062,-0.49182100972276477,1
0.6564701470965966,0.7156687061302871,-0.49182100972276477,0
-0.8768110286463556,-0.8659403504621062,-0.49182100972276477,1
0.6564701470965966,-0.8659403504621062,-0.49182100972276477,1
-0.8768110286463556,-0.8659403504621062,-0.49182100972276477,1
-0.8768110286463556,0.7156687061302871,-0.49182100972276477,0
-0.8768110286463556,2.2972777627226804,2.0332600280002104,1
0.6564701470965966,2.2972777627226804,-0.49182100972276477,0
-0.8768110286463556,-0.8659403504621062,-0.49182100972276477,1
-0.8768110286463556,0.7156687061302871,-0.49182100972276477,0
-0.8768110286463556,-0.8659403504621062,2.0332600280002104,1
-0.8768110286463556,0.7156687061302871,-0.49182100972276477,0
0.6564701470965966,0.7156687061302871,-0.49182100972276477,0
-0.8768110286463556,-0.8659403504621062,-0.49182100972276477,0
0.6564701470965966,-0.8659403504621062,-0.49182100972276477,0
-0.8768110286463556,-0.8659403504621062,2.0332600280002104,1
-0.8768110286463556,-0.8659403504621062,-0.49182100972276477,1
-0.8768110286463556,-0.8659403504621062,-0.49182100972276477,1
-0.8768110286463556,-0.8659403504621062,2.0332600280002104,1
-0.8768110286463556,-0.8659403504621062,2.0332600280002104,1
0.6564701470965966,-0.8659403504621062,-0.49182100972276477,0
2.1897513228395487,-0.8659403504621062,2.0332600280002104,1
-0.8768110286463556,0.7156687061302871,-0.49182100972276477,1
0.6564701470965966,0.7156687061302871,-0.49182100972276477,0
0.6564701470965966,-0.8659403504621062,-0.49182100972276477,1
-0.8768110286463556,0.7156687061302871,-0.49182100972276477,0
0.6564701470965966,-0.8659403504621062,-0.49182100972276477,0
0.6564701470965966,0.7156687061302871,-0.49182100972276477,0
2.1897513228395487,-0.8659403504621062,2.0332600280002104,1
0.6564701470965966,0.7156687061302871,-0.49182100972276477,0
0.6564701470965966,-0.8659403504621062,2.0332600280002104,1
0.6564701470965966,0.7156687061302871,-0.49182100972276477,0
-0.8768110286463556,-0.8659403504621062,-0.49182100972276477,1
0.6564701470965966,-0.8659403504621062,2.0332600280002104,1
0.6564701470965966,0.7156687061302871,-0.49182100972276477,1
-0.8768110286463556,-0.8659403504621062,2.0332600280002104,1
-0.8768110286463556,-0.8659403504621062,2.0332600280002104,1
0.6564701470965966,0.7156687061302871,-0.49182100972276477,1
-0.8768110286463556,-0.8659403504621062,-0.49182100972276477,1
-0.8768110286463556,-0.8659403504621062,2.0332600280002104,1
-0.8768110286463556,-0.8659403504621062,-0.49182100972276477,1
0.6564701470965966,0.7156687061302871,2.0332600280002104,0
0.6564701470965966,0.7156687061302871,-0.49182100972276477,1
-0.8768110286463556,-0.8659403504621062,-0.49182100972276477,1
-0.8768110286463556,-0.8659403504621062,-0.49182100972276477,1
-0.8768110286463556,-0.8659403504621062,-0.49182100972276477,1
-0.8768110286463556,0.7156687061302871,-0.49182100972276477,0
0.6564701470965966,-0.8659403504621062,2.0332600280002104,0
-0.8768110286463556,0.7156687061302871,-0.49182100972276477,1
-0.8768110286463556,-0.8659403504621062,-0.49182100972276477,1
0.6564701470965966,-0.8659403504621062,-0.49182100972276477,1
-0.8768110286463556,-0.8659403504621062,2.0332600280002104,1
-0.8768110286463556,-0.8659403504621062,2.0332600280002104,1
-0.8768110286463556,-0.8659403504621062,-0.49182100972276477,1
-0.8768110286463556,-0.8659403504621062,-0.49182100972276477,1
-0.8768110286463556,-0.8659403504621062,-0.49182100972276477,1
2.1897513228395487,-0.8659403504621062,-0.49182100972276477,0
0.6564701470965966,-0.8659403504621062,2.0332600280002104,1
-0.8768110286463556,-0.8659403504621062,-0.49182100972276477,1
0.6564701470965966,0.7156687061302871,2.0332600280002104,0
-0.8768110286463556,-0.8659403504621062,-0.49182100972276477,0
0.6564701470965966,0.7156687061302871,-0.49182100972276477,1
2.1897513228395487,0.7156687061302871,-0.49182100972276477,0
0.6564701470965966,-0.8659403504621062,-0.49182100972276477,1
0.6564701470965966,-0.8659403504621062,2.0332600280002104,0
0.6564701470965966,0.7156687061302871,2.0332600280002104,0
2.1897513228395487,0.7156687061302871,-0.49182100972276477,0
-0.8768110286463556,0.7156687061302871,-0.49182100972276477,0
-0.8768110286463556,-0.8659403504621062,-0.49182100972276477,1
-0.8768110286463556,-0.8659403504621062,2.0332600280002104,1
-0.8768110286463556,-0.8659403504621062,-0.49182100972276477,1
-0.8768110286463556,-0.8659403504621062,-0.49182100972276477,1
-0.8768110286463556,-0.8659403504621062,-0.49182100972276477,1
0.6564701470965966,2.2972777627226804,-0.49182100972276477,0
0.6564701470965966,-0.8659403504621062,-0.49182100972276477,0
-0.8768110286463556,-0.8659403504621062,-0.49182100972276477,1
0.6564701470965966,-0.8659403504621062,-0.49182100972276477,1
-0.8768110286463556,-0.8659403504621062,2.0332600280002104,1
0.6564701470965966,-0.8659403504621062,2.0332600280002104,1
0.6564701470965966,-0.8659403504621062,-0.49182100972276477,1
0.6564701470965966,0.7156687061302871,-0.49182100972276477,0
-0.8768110286463556,0.7156687061302871,-0.49182100972276477,1
2.1897513228395487,0.7156687061302871,-0.49182100972276477,0
0.6564701470965966,-0.8659403504621062,-0.49182100972276477,1
0.6564701470965966,0.7156687061302871,-0.49182100972276477,1
-0.8768110286463556,-0.8659403504621062,-0.49182100972276477,1
-0.8768110286463556,-0.8659403504621062,-0.49182100972276477,0
0.6564701470965966,0.7156687061302871,-0.49182100972276477,0
0.6564701470965966,0.7156687061302871,-0.49182100972276477,0
0.6564701470965966,0.7156687061302871,-0.49182100972276477,1
-0.8768110286463556,-0.8659403504621062,-0.49182100972276477,1
0.6564701470965966,0.7156687061302871,-0.49182100972276477,0
0.6564701470965966,0.7156687061302871,-0.49182100972276477,0
0.6564701470965966,2.2972777627226804,-0.49182100972276477,0
0.6564701470965966,0.7156687061302871,-0.49182100972276477,1
-0.8768110286463556,-0.8659403504621062,2.0332600280002104,1
0.6564701470965966,0.7156687061302871,-0.49182100972276477,0
0.6564701470965966,0.7156687061302871,-0.49182100972276477,0
-0.8768110286463556,-0.8659403504621062,2.0332600280002104,1
-0.8768110286463556,-0.8659403504621062,-0.49182100972276477,1
-0.8768110286463556,2.2972777627226804,-0.49182100972276477,0
-0.8768110286463556,-0.8659403504621062,2.0332600280002104,1
0.6564701470965966,0.7156687061302871,-0.49182100972276477,1
-0.8768110286463556,-0.8659403504621062,-0.49182100972276477,1
-0.8768110286463556,2.2972777627226804,-0.49182100972276477,1
0.6564701470965966,-0.8659403504621062,-0.49182100972276477,0
0.6564701470965966,0.7156687061302871,2.0332600280002104,1
-0.8768110286463556,0.7156687061302871,-0.49182100972276477,1
-0.8768110286463556,-0.8659403504621062,-0.49182100972276477,1
-0.8768110286463556,-0.8659403504621062,2.0332600280002104,1
-0.8768110286463556,-0.8659403504621062,-0.49182100972276477,1
0.6564701470965966,-0.8659403504621062,-0.49182100972276477,1
-0.8768110286463556,-0.8659403504621062,-0.49182100972276477,1
-0.8768110286463556,-0.8659403504621062,-0.49182100972276477,1
-0.8768110286463556,-0.8659403504621062,2.0332600280002104,1
-0.8768110286463556,2.2972777627226804,-0.49182100972276477,1
-0.8768110286463556,-0.8659403504621062,2.0332600280002104,1
-0.8768110286463556,-0.8659403504621062,-0.49182100972276477,1
2.1897513228395487,-0.8659403504621062,-0.49182100972276477,0
-0.8768110286463556,-0.8659403504621062,-0.49182100972276477,1
-0.8768110286463556,-0.8659403504621062,-0.49182100972276477,0
-0.8768110286463556,-0.8659403504621062,-0.49182100972276477,1
0.6564701470965966,-0.8659403504621062,-0.49182100972276477,0
0.6564701470965966,0.7156687061302871,-0.49182100972276477,1
-0.8768110286463556,-0.8659403504621062,-0.49182100972276477,1
0.6564701470965966,-0.8659403504621062,-0.49182100972276477,1
-0.8768110286463556,-0.8659403504621062,-0.49182100972276477,1
-0.8768110286463556,0.7156687061302871,2.0332600280002104,1
0.6564701470965966,-0.8659403504621062,-0.49182100972276477,1
-0.8768110286463556,-0.8659403504621062,-0.49182100972276477,1
-0.8768110286463556,-0.8659403504621062,2.0332600280002104,1
0.6564701470965966,0.7156687061302871,-0.49182100972276477,1
-0.8768110286463556,0.7156687061302871,-0.49182100972276477,1
-0.8768110286463556,-0.8659403504621062,-0.49182100972276477,1
2.1897513228395487,-0.8659403504621062,-0.49182100972276477,0
0.6564701470965966,-0.8659403504621062,-0.49182100972276477,1
2.1897513228395487,0.7156687061302871,-0.49182100972276477,0
2.1897513228395487,2.2972777627226804,-0.49182100972276477,0
-0.8768110286463556,0.7156687061302871,2.0332600280002104,1
-0.8768110286463556,-0.8659403504621062,-0.49182100972276477,1
0.6564701470965966,-0.8659403504621062,-0.49182100972276477,1
2.1897513228395487,0.7156687061302871,-0.49182100972276477,0
-0.8768110286463556,0.7156687061302871,-0.49182100972276477,1
0.6564701470965966,0.7156687061302871,-0.49182100972276477,0
-0.8768110286463556,-0.8659403504621062,-0.49182100972276477,1
0.6564701470965966,0.7156687061302871,-0.49182100972276477,0
0.6564701470965966,0.7156687061302871,2.0332600280002104,1
-0.8768110286463556,-0.8659403504621062,2.0332600280002104,1
-0.8768110286463556,-0.8659403504621062,-0.49182100972276477,0
2.1897513228395487,0.7156687061302871,-0.49182100972276477,0
0.6564701470965966,2.2972777627226804,-0.49182100972276477,0
-0.8768110286463556,0.7156687061302871,-0.49182100972276477,1
0.6564701470965966,-0.8659403504621062,2.0332600280002104,1
0.6564701470965966,0.7156687061302871,-0.49182100972276477,0
0.6564701470965966,-0.8659403504621062,-0.49182100972276477,1
0.6564701470965966,-0.8659403504621062,-0.49182100972276477,0
-0.8768110286463556,0.7156687061302871,-0.49182100972276477,1
0.6564701470965966,0.7156687061302871,-0.49182100972276477,0
0.6564701470965966,2.2972777627226804,-0.49182100972276477,1
0.6564701470965966,-0.8659403504621062,-0.49182100972276477,0
0.6564701470965966,0.7156687061302871,-0.49182100972276477,0
0.6564701470965966,0.7156687061302871,-0.49182100972276477,0
0.6564701470965966,-0.8659403504621062,-0.49182100972276477,0
-0.8768110286463556,-0.8659403504621062,2.0332600280002104,1
-0.8768110286463556,-0.8659403504621062,-0.49182100972276477,1
-0.8768110286463556,-0.8659403504621062,-0.49182100972276477,1
-0.8768110286463556,-0.8659403504621062,-0.49182100972276477,0
-0.8768110286463556,0.7156687061302871,2.0332600280002104,1
-0.8768110286463556,-0.8659403504621062,2.0332600280002104,0
-0.8768110286463556,0.7156687061302871,-0.49182100972276477,1
-0.8768110286463556,-0.8659403504621062,-0.49182100972276477,1
0.6564701470965966,2.2972777627226804,-0.49182100972276477,0
0.6564701470965966,2.2972777627226804,-0.49182100972276477,1
2.1897513228395487,0.7156687061302871,-0.49182100972276477,0
0.6564701470965966,-0.8659403504621062,2.0332600280002104,1
-0.8768110286463556,0.7156687061302871,-0.49182100972276477,1
-0.8768110286463556,-0.8659403504621062,-0.49182100972276477,1
0.6564701470965966,0.7156687061302871,-0.49182100972276477,1
2.1897513228395487,-0.8659403504621062,-0.49182100972276477,0
0.6564701470965966,0.7156687061302871,-0.49182100972276477,0
-0.8768110286463556,0.7156687061302871,-0.49182100972276477,1
-0.8768110286463556,0.7156687061302871,2.0332600280002104,1
-0.8768110286463556,-0.8659403504621062,-0.49182100972276477,0
2.1897513228395487,-0.8659403504621062,-0.49182100972276477,0
-0.8768110286463556,-0.8659403504621062,-0.49182100972276477,1
0.6564701470965966,0.7156687061302871,2.0332600280002104,0
0.6564701470965966,-0.8659403504621062,-0.49182100972276477,1
2.1897513228395487,2.2972777627226804,-0.49182100972276477,0
-0.8768110286463556,-0.8659403504621062,-0.49182100972276477,1
0.6564701470965966,0.7156687061302871,-0.49182100972276477,0
-0.8768110286463556,-0.8659403504621062,-0.49182100972276477,1
0.6564701470965966,-0.8659403504621062,-0.49182100972276477,1
0.6564701470965966,0.7156687061302871,-0.49182100972276477,1
0.6564701470965966,-0.8659403504621062,-0.49182100972276477,1
-0.8768110286463556,-0.8659403504621062,2.0332600280002104,1
-0.8768110286463556,-0.8659403504621062,2.0332600280002104,1
2.1897513228395487,2.2972777627226804,-0.49182100972276477,0
-0.8768110286463556,0.7156687061302871,-0.49182100972276477,1
-0.8768110286463556,-0.8659403504621062,-0.49182100972276477,1
-0.8768110286463556,-0.8659403504621062,2.0332600280002104,1
-0.8768110286463556,0.7156687061302871,-0.49182100972276477,0
-0.8768110286463556,0.7156687061302871,-0.49182100972276477,1
2.1897513228395487,0.7156687061302871,-0.49182100972276477,0
0.6564701470965966,0.7156687061302871,-0.49182100972276477,0
0.6564701470965966,0.7156687061302871,-0.49182100972276477,1
0.6564701470965966,-0.8659403504621062,-0.49182100972276477,0
-0.8768110286463556,2.2972777627226804,-0.49182100972276477,0
0.6564701470965966,-0.8659403504621062,2.0332600280002104,1
-0.8768110286463556,-0.8659403504621062,2.0332600280002104,1
-0.8768110286463556,-0.8659403504621062,-0.49182100972276477,1
0.6564701470965966,-0.8659403504621062,-0.49182100972276477,1
-0.8768110286463556,-0.8659403504621062,2.0332600280002104,1
0.6564701470965966,0.7156687061302871,-0.49182100972276477,0
0.6564701470965966,0.7156687061302871,-0.49182100972276477,0
0.6564701470965966,-0.8659403504621062,-0.49182100972276477,1
0.6564701470965966,-0.8659403504621062,-0.49182100972276477,1
0.6564701470965966,-0.8659403504621062,-0.49182100972276477,0
-0.8768110286463556,-0.8659403504621062,-0.49182100972276477,1
0.6564701470965966,2.2972777627226804,-0.49182100972276477,0
0.6564701470965966,-0.8659403504621062,-0.49182100972276477,0
0.6564701470965966,-0.8659403504621062,-0.49182100972276477,0
-0.8768110286463556,-0.8659403504621062,2.0332600280002104,1
0.6564701470965966,-0.8659403504621062,2.0332600280002104,1
2.1897513228395487,0.7156687061302871,-0.49182100972276477,1
0.6564701470965966,2.2972777627226804,-0.49182100972276477,0
2.1897513228395487,0.7156687061302871,-0.49182100972276477,1
-0.8768110286463556,-0.8659403504621062,-0.49182100972276477,1
-0.8768110286463556,0.7156687061302871,-0.49182100972276477,0
-0.8768110286463556,-0.8659403504621062,-0.49182100972276477,1
0.6564701470965966,2.2972777627226804,-0.49182100972276477,0
-0.8768110286463556,-0.8659403504621062,-0.49182100972276477,1
-0.8768110286463556,-0.8659403504621062,2.0332600280002104,1
2.1897513228395487,2.2972777627226804,-0.49182100972276477,0
0.6564701470965966,-0.8659403504621062,-0.49182100972276477,0
-0.8768110286463556,0.7156687061302871,-0.49182100972276477,1
0.6564701470965966,0.7156687061302871,-0.49182100972276477,0
-0.8768110286463556,0.7156687061302871,-0.49182100972276477,0
-0.8768110286463556,-0.8659403504621062,-0.49182100972276477,1
-0.8768110286463556,-0.8659403504621062,2.0332600280002104,1
-0.8768110286463556,-0.8659403504621062,-0.49182100972276477,0
-0.8768110286463556,0.7156687061302871,-0.49182100972276477,0
0.6564701470965966,-0.8659403504621062,-0.49182100972276477,1
0.6564701470965966,-0.8659403504621062,-0.49182100972276477,0
0.6564701470965966,0.7156687061302871,-0.49182100972276477,0
-0.8768110286463556,-0.8659403504621062,-0.49182100972276477,1
0.6564701470965966,0.7156687061302871,-0.49182100972276477,0
-0.8768110286463556,0.7156687061302871,-0.49182100972276477,0
-0.8768110286463556,-0.8659403504621062,-0.49182100972276477,1
2.1897513228395487,2.2972777627226804,-0.49182100972276477,0
-0.8768110286463556,0.7156687061302871,-0.49182100972276477,0
0.6564701470965966,-0.8659403504621062,-0.49182100972276477,1
-0.8768110286463556,0.7156687061302871,2.0332600280002104,1
0.6564701470965966,2.2972777627226804,-0.49182100972276477,0
0.6564701470965966,0.7156687061302871,-0.49182100972276477,0
0.6564701470965966,-0.8659403504621062,-0.49182100972276477,1
-0.8768110286463556,-0.8659403504621062,-0.49182100972276477,1
-0.8768110286463556,-0.8659403504621062,2.0332600280002104,1
0.6564701470965966,0.7156687061302871,-0.49182100972276477,1
0.6564701470965966,-0.8659403504621062,-0.49182100972276477,1
-0.8768110286463556,-0.8659403504621062,2.0332600280002104,1
-0.8768110286463556,0.7156687061302871,-0.49182100972276477,1
-0.8768110286463556,-0.8659403504621062,-0.49182100972276477,1
2.1897513228395487,2.2972777627226804,-0.49182100972276477,0
0.6564701470965966,-0.8659403504621062,2.0332600280002104,1
-0.8768110286463556,-0.8659403504621062,-0.49182100972276477,1
-0.8768110286463556,0.7156687061302871,-0.49182100972276477,0
-0.8768110286463556,-0.8659403504621062,-0.49182100972276477,1
0.6564701470965966,0.7156687061302871,-0.49182100972276477,0
0.6564701470965966,0.7156687061302871,-0.49182100972276477,1
0.6564701470965966,0.7156687061302871,-0.49182100972276477,0
-0.8768110286463556,-0.8659403504621062,-0.49182100972276477,1
0.6564701470965966,0.7156687061302871,-0.49182100972276477,0
-0.8768110286463556,-0.8659403504621062,-0.49182100972276477,1
2.1897513228395487,2.2972777627226804,-0.49182100972276477,1
-0.8768110286463556,-0.8659403504621062,2.0332600280002104,1
-0.8768110286463556,-0.8659403504621062,2.0332600280002104,1
0.6564701470965966,-0.8659403504621062,-0.49182100972276477,1
2.1897513228395487,2.2972777627226804,-0.49182100972276477,0
0.6564701470965966,0.7156687061302871,-0.49182100972276477,0
0.6564701470965966,2.2972777627226804,-0.49182100972276477,0
-0.8768110286463556,0.7156687061302871,2.0332600280002104,1
0.6564701470965966,0.7156687061302871,-0.49182100972276477,0
0.6564701470965966,-0.8659403504621062,-0.49182100972276477,1
2.1897513228395487,2.2972777627226804,-0.49182100972276477,0
-0.8768110286463556,-0.8659403504621062,2.0332600280002104,1
-0.8768110286463556,0.7156687061302871,2.0332600280002104,1
-0.8768110286463556,0.7156687061302871,2.0332600280002104,1
2.1897513228395487,0.7156687061302871,-0.49182100972276477,0
0.6564701470965966,-0.8659403504621062,2.0332600280002104,1
-0.8768110286463556,-0.8659403504621062,-0.49182100972276477,0
-0.8768110286463556,0.7156687061302871,-0.49182100972276477,1
0.6564701470965966,-0.8659403504621062,-0.49182100972276477,0
-0.8768110286463556,-0.8659403504621062,2.0332600280002104,1
0.6564701470965966,0.7156687061302871,-0.49182100972276477,0
0.6564701470965966,2.2972777627226804,-0.49182100972276477,0
0.6564701470965966,0.7156687061302871,-0.49182100972276477,0
0.6564701470965966,-0.8659403504621062,-0.49182100972276477,0
-0.8768110286463556,-0.8659403504621062,2.0332600280002104,1
-0.8768110286463556,-0.8659403504621062,-0.49182100972276477,1
-0.8768110286463556,-0.8659403504621062,-0.49182100972276477,1
-0.8768110286463556,0.7156687061302871,2.0332600280002104,1
-0.8768110286463556,0.7156687061302871,-0.49182100972276477,0
0.6564701470965966,0.7156687061302871,-0.49182100972276477,1
-0.8768110286463556,0.7156687061302871,-0.49182100972276477,1
0.6564701470965966,2.2972777627226804,-0.49182100972276477,0
0.6564701470965966,0.7156687061302871,-0.49182100972276477,1
0.6564701470965966,-0.8659403504621062,-0.49182100972276477,1
0.6564701470965966,0.7156687061302871,-0.49182100972276477,1
-0.8768110286463556,0.7156687061302871,-0.49182100972276477,0
-0.8768110286463556,-0.8659403504621062,-0.49182100972276477,1
0.6564701470965966,-0.8659403504621062,-0.49182100972276477,1
-0.8768110286463556,-0.8659403504621062,-0.49182100972276477,1
0.6564701470965966,0.7156687061302871,-0.49182100972276477,1
0.6564701470965966,-0.8659403504621062,-0.49182100972276477,1
0.6564701470965966,-0.8659403504621062,2.0332600280002104,1
-0.8768110286463556,-0.8659403504621062,-0.49182100972276477,1
-0.8768110286463556,0.7156687061302871,2.0332600280002104,1
-0.8768110286463556,0.7156687061302871,-0.49182100972276477,0
-0.8768110286463556,0.7156687061302871,-0.49182100972276477,0
0.6564701470965966,-0.8659403504621062,2.0332600280002104,1
-0.8768110286463556,-0.8659403504621062,2.0332600280002104,1
-0.8768110286463556,-0.8659403504621062,-0.49182100972276477,1
-0.8768110286463556,0.7156687061302871,-0.49182100972276477,0
-0.8768110286463556,-0.8659403504621062,-0.49182100972276477,1
0.6564701470965966,0.7156687061302871,-0.49182100972276477,1
-0.8768110286463556,-0.8659403504621062,-0.49182100972276477,1
-0.8768110286463556,-0.8659403504621062,-0.49182100972276477,1
0.6564701470965966,-0.8659403504621062,-0.49182100972276477,1
-0.8768110286463556,-0.8659403504621062,-0.49182100972276477,1
-0.8768110286463556,-0.8659403504621062,-0.49182100972276477,1
0.6564701470965966,-0.8659403504621062,-0.49182100972276477,0
0.6564701470965966,0.7156687061302871,-0.49182100972276477,1
0.6564701470965966,-0.8659403504621062,-0.49182100972276477,1
2.1897513228395487,0.7156687061302871,-0.49182100972276477,0
-0.8768110286463556,-0.8659403504621062,-0.49182100972276477,1
-0.8768110286463556,-0.8659403504621062,2.0332600280002104,0
-0.8768110286463556,-0.8659403504621062,2.0332600280002104,1
0.6564701470965966,-0.8659403504621062,-0.49182100972276477,1
-0.8768110286463556,-0.8659403504621062,2.0332600280002104,1
0.6564701470965966,-0.8659403504621062,-0.49182100972276477,0
-0.8768110286463556,0.7156687061302871,-0.49182100972276477,1
-0.8768110286463556,0.7156687061302871,-0.49182100972276477,1
2.1897513228395487,2.2972777627226804,-0.49182100972276477,0
-0.8768110286463556,0.7156687061302871,2.0332600280002104,1
0.6564701470965966,0.7156687061302871,-0.49182100972276477,0
-0.8768110286463556,-0.8659403504621062,2.0332600280002104,1
2.1897513228395487,0.7156687061302871,-0.49182100972276477,0
-0.8768110286463556,-0.8659403504621062,2.0332600280002104,1
0.6564701470965966,2.2972777627226804,-0.49182100972276477,0
-0.8768110286463556,-0.8659403504621062,-0.49182100972276477,1
-0.8768110286463556,0.7156687061302871,-0.49182100972276477,1
-0.8768110286463556,-0.8659403504621062,2.0332600280002104,1
0.6564701470965966,-0.8659403504621062,-0.49182100972276477,1
-0.8768110286463556,0.7156687061302871,-0.49182100972276477,1
-0.8768110286463556,-0.8659403504621062,2.0332600280002104,1
0.6564701470965966,-0.8659403504621062,-0.49182100972276477,0
-0.8768110286463556,0.7156687061302871,-0.49182100972276477,1
-0.8768110286463556,-0.8659403504621062,2.0332600280002104,1
0.6564701470965966,-0.8659403504621062,2.0332600280002104,1
-0.8768110286463556,-0.8659403504621062,-0.49182100972276477,1
-0.8768110286463556,0.7156687061302871,-0.49182100972276477,1
0.6564701470965966,-0.8659403504621062,-0.49182100972276477,1
-0.8768110286463556,-0.8659403504621062,2.0332600280002104,1
-0.8768110286463556,-0.8659403504621062,-0.49182100972276477,1
0.6564701470965966,-0.8659403504621062,-0.49182100972276477,0
0.6564701470965966,0.7156687061302871,-0.49182100972276477,0
2.1897513228395487,2.2972777627226804,-0.49182100972276477,0
-0.8768110286463556,-0.8659403504621062,-0.49182100972276477,1
-0.8768110286463556,-0.8659403504621062,-0.49182100972276477,1
-0.8768110286463556,-0.8659403504621062,-0.49182100972276477,0
0.6564701470965966,-0.8659403504621062,-0.49182100972276477,1
-0.8768110286463556,-0.8659403504621062,-0.49182100972276477,0
0.6564701470965966,0.7156687061302871,-0.49182100972276477,1
-0.8768110286463556,-0.8659403504621062,-0.49182100972276477,0
-0.8768110286463556,-0.8659403504621062,-0.49182100972276477,1
2.1897513228395487,-0.8659403504621062,-0.49182100972276477,0
0.6564701470965966,-0.8659403504621062,-0.49182100972276477,0
-0.8768110286463556,0.7156687061302871,-0.49182100972276477,0
0.6564701470965966,0.7156687061302871,-0.49182100972276477,1
-0.8768110286463556,-0.8659403504621062,-0.49182100972276477,1
-0.8768110286463556,-0.8659403504621062,-0.49182100972276477,1
0.6564701470965966,0.7156687061302871,-0.49182100972276477,0
2.1897513228395487,0.7156687061302871,-0.49182100972276477,1
-0.8768110286463556,-0.8659403504621062,-0.49182100972276477,1
-0.8768110286463556,2.2972777627226804,-0.49182100972276477,0
-0.8768110286463556,-0.8659403504621062,2.0332600280002104,1
-0.8768110286463556,0.7156687061302871,-0.49182100972276477,1
-0.8768110286463556,-0.8659403504621062,-0.49182100972276477,1
0.6564701470965966,2.2972777627226804,-0.49182100972276477,1
0.6564701470965966,0.7156687061302871,-0.49182100972276477,0
-0.8768110286463556,-0.8659403504621062,-0.49182100972276477,1
0.6564701470965966,-0.8659403504621062,-0.49182100972276477,1
-0.8768110286463556,-0.8659403504621062,-0.49182100972276477,1
0.6564701470965966,0.7156687061302871,-0.49182100972276477,0
-0.8768110286463556,2.2972777627226804,2.0332600280002104,0
0.6564701470965966,0.7156687061302871,-0.49182100972276477,0
-0.8768110286463556,0.7156687061302871,-0.49182100972276477,0
-0.8768110286463556,0.7156687061302871,2.0332600280002104,1
-0.8768110286463556,-0.8659403504621062,2.0332600280002104,1
2.1897513228395487,0.7156687061302871,-0.49182100972276477,0
-0.8768110286463556,-0.8659403504621062,-0.49182100972276477,1
-0.8768110286463556,-0.8659403504621062,-0.49182100972276477,1
0.6564701470965966,0.7156687061302871,-0.49182100972276477,0
0.6564701470965966,-0.8659403504621062,-0.49182100972276477,0
-0.8768110286463556,-0.8659403504621062,-0.49182100972276477,1
2.1897513228395487,2.2972777627226804,-0.49182100972276477,1
0.6564701470965966,-0.8659403504621062,-0.49182100972276477,1
0.6564701470965966,-0.8659403504621062,-0.49182100972276477,1
-0.8768110286463556,0.7156687061302871,-0.49182100972276477,1
0.6564701470965966,0.7156687061302871,-0.49182100972276477,0
-0.8768110286463556,-0.8659403504621062,2.0332600280002104,1
0.6564701470965966,2.2972777627226804,-0.49182100972276477,0
-0.8768110286463556,-0.8659403504621062,2.0332600280002104,1
-0.8768110286463556,0.7156687061302871,-0.49182100972276477,1
-0.8768110286463556,-0.8659403504621062,-0.49182100972276477,1
0.6564701470965966,-0.8659403504621062,2.0332600280002104,1
-0.8768110286463556,0.7156687061302871,2.0332600280002104,1
0.6564701470965966,-0.8659403504621062,2.0332600280002104,1
-0.8768110286463556,-0.8659403504621062,-0.49182100972276477,1
-0.8768110286463556,-0.8659403504621062,-0.49182100972276477,1
-0.8768110286463556,-0.8659403504621062,-0.49182100972276477,1
0.6564701470965966,-0.8659403504621062,2.0332600280002104,1
-0.8768110286463556,-0.8659403504621062,2.0332600280002104,1
-0.8768110286463556,0.7156687061302871,-0.49182100972276477,0
-0.8768110286463556,-0.8659403504621062,2.0332600280002104,1
-0.8768110286463556,-0.8659403504621062,-0.49182100972276477,1
-0.8768110286463556,-0.8659403504621062,-0.49182100972276477,0
-0.8768110286463556,0.7156687061302871,-0.49182100972276477,1
-0.8768110286463556,-0.8659403504621062,-0.49182100972276477,1
-0.8768110286463556,0.7156687061302871,-0.49182100972276477,0
0.6564701470965966,0.7156687061302871,-0.49182100972276477,1
-0.8768110286463556,-0.8659403504621062,-0.49182100972276477,1
-0.8768110286463556,0.7156687061302871,-0.49182100972276477,1
2.1897513228395487,-0.8659403504621062,2.0332600280002104,1
0.6564701470965966,0.7156687061302871,-0.49182100972276477,1
2.1897513228395487,-0.8659403504621062,-0.49182100972276477,0
0.6564701470965966,0.7156687061302871,-0.49182100972276477,0
-0.8768110286463556,2.2972777627226804,-0.49182100972276477,0
-0.8768110286463556,-0.8659403504621062,-0.49182100972276477,1
-0.8768110286463556,-0.8659403504621062,-0.49182100972276477,0
0.6564701470965966,-0.8659403504621062,-0.49182100972276477,1
0.6564701470965966,-0.8659403504621062,-0.49182100972276477,0
-0.8768110286463556,-0.8659403504621062,-0.49182100972276477,1
0.6564701470965966,-0.8659403504621062,-0.49182100972276477,1
-0.8768110286463556,-0.8659403504621062,-0.49182100972276477,1
-0.8768110286463556,-0.8659403504621062,2.0332600280002104,1
-0.8768110286463556,-0.8659403504621062,2.0332600280002104,1
-0.8768110286463556,-0.8659403504621062,-0.49182100972276477,1
-0.8768110286463556,-0.8659403504621062,-0.49182100972276477,1
-0.8768110286463556,-0.8659403504621062,2.0332600280002104,1
-0.8768110286463556,-0.8659403504621062,-0.49182100972276477,1
-0.8768110286463556,-0.8659403504621062,2.0332600280002104,0
0.6564701470965966,-0.8659403504621062,-0.49182100972276477,1
0.6564701470965966,0.7156687061302871,-0.49182100972276477,1
0.6564701470965966,0.7156687061302871,-0.49182100972276477,0
-0.8768110286463556,0.7156687061302871,-0.49182100972276477,0
2.1897513228395487,0.7156687061302871,-0.49182100972276477,0
-0.8768110286463556,-0.8659403504621062,-0.49182100972276477,1
0.6564701470965966,0.7156687061302871,-0.49182100972276477,0
-0.8768110286463556,0.7156687061302871,-0.49182100972276477,0
-0.8768110286463556,0.7156687061302871,-0.49182100972276477,1
0.6564701470965966,0.7156687061302871,-0.49182100972276477,0
-0.8768110286463556,0.7156687061302871,-0.49182100972276477,0
0.6564701470965966,0.7156687061302871,2.0332600280002104,1
-0.8768110286463556,-0.8659403504621062,2.0332600280002104,1
2.1897513228395487,2.2972777627226804,-0.49182100972276477,0
-0.8768110286463556,-0.8659403504621062,-0.49182100972276477,0
-0.8768110286463556,-0.8659403504621062,-0.49182100972276477,1
-0.8768110286463556,-0.8659403504621062,-0.49182100972276477,0
-0.8768110286463556,-0.8659403504621062,-0.49182100972276477,1
-0.8768110286463556,0.7156687061302871,-0.49182100972276477,1
0.6564701470965966,0.7156687061302871,-0.49182100972276477,1
0.6564701470965966,-0.8659403504621062,-0.49182100972276477,1
0.6564701470965966,0.7156687061302871,-0.49182100972276477,1
2.1897513228395487,2.2972777627226804,-0.49182100972276477,0
-0.8768110286463556,-0.8659403504621062,-0.49182100972276477,1
-0.8768110286463556,-0.8659403504621062,-0.49182100972276477,1
0.6564701470965966,0.7156687061302871,-0.49182100972276477,1
2.1897513228395487,0.7156687061302871,-0.49182100972276477,0
-0.8768110286463556,0.7156687061302871,-0.49182100972276477,1
0.6564701470965966,0.7156687061302871,-0.49182100972276477,0
-0.8768110286463556,0.7156687061302871,-0.49182100972276477,0
-0.8768110286463556,-0.8659403504621062,-0.49182100972276477,0
0.6564701470965966,-0.8659403504621062,2.0332600280002104,1
-0.8768110286463556,-0.8659403504621062,-0.49182100972276477,0
-0.8768110286463556,-0.8659403504621062,2.0332600280002104,1
0.6564701470965966,0.7156687061302871,-0.49182100972276477,0
0.6564701470965966,2.2972777627226804,-0.49182100972276477,0
0.6564701470965966,-0.8659403504621062,-0.49182100972276477,1
0.6564701470965966,-0.8659403504621062,-0.49182100972276477,0
0.6564701470965966,0.7156687061302871,-0.49182100972276477,0
