scaler_0__Flavor intensity (adj),scaler_1__Acidity (adj),scaler_2__Sweet,scaler_3__Dark.chocolate,scaler_4__Nutty,scaler_5__Mouthfeel (adj),scaler_6__Roasted,scaler_7__Rubber,scaler_8__Caramel,scaler_9__Sour,scaler_10__Fruit,scaler_11__Burnt,scaler_12__Bitter,scaler_13__Astringent,scaler_14__Tea.floral,liking
-0.8764597693500188,0.7909829361313242,-0.2550306852253353,-0.4055175020198813,-0.49761335152811925,-0.6514911025695421,-0.8753811368949302,-0.08001280307281944,-0.16158484017509972,-0.7667325399895246,-0.29518964998891967,-0.3223857693349117,-0.6491056582062513,4.935062178906911,-0.31997545487912843,5
-0.8764597693500188,-0.9170186787017,-0.2550306852253353,2.4659848095803594,2.009592381171251,-0.6514911025695421,-0.8753811368949302,-0.08001280307281944,-0.16158484017509972,-0.7667325399895246,-0.29518964998891967,-0.3223857693349117,-0.6491056582062513,-0.2026316921140586,-0.31997545487912843,7
0.8809315028671106,0.7909829361313242,-0.2550306852253353,-0.4055175020198813,-0.49761335152811925,1.3886364138434464,-0.8753811368949302,-0.08001280307281944,-0.16158484017509972,-0.7667325399895246,-0.29518964998891967,-0.3223857693349117,-0.6491056582062513,-0.2026316921140586,3.125239716833131,6
-0.8764597693500188,0.7909829361313242,-0.2550306852253353,2.4659848095803594,-0.49761335152811925,-0.6514911025695421,1.142359548147343,-0.08001280307281944,-0.16158484017509972,1.3042357638997066,-0.29518964998891967,-0.3223857693349117,-0.6491056582062513,-0.2026316921140586,-0.31997545487912843,7
-0.8764597693500188,0.7909829361313242,-0.2550306852253353,-0.4055175020198813,-0.49761335152811925,-0.6514911025695421,-0.8753811368949302,-0.08001280307281944,-0.16158484017509972,1.3042357638997066,-0.29518964998891967,-0.3223857693349117,-0.6491056582062513,-0.2026316921140586,-0.31997545487912843,5
-0.8764597693500188,0.7909829361313242,-0.2550306852253353,-0.4055175020198813,-0.49761335152811925,-0.6514911025695421,-0.8753811368949302,-0.08001280307281944,-0.16158484017509972,1.3042357638997066,-0.29518964998891967,-0.3223857693349117,-0.6491056582062513,-0.2026316921140586,-0.31997545487912843,4
-0.8764597693500188,-0.9170186787017,-0.2550306852253353,2.4659848095803594,2.009592381171251,-0.6514911025695421,-0.8753811368949302,-0.08001280307281944,-0.16158484017509972,-0.7667325399895246,-0.29518964998891967,-0.3223857693349117,1.54058124029209,-0.2026316921140586,-0.31997545487912843,7
-0.8764597693500188,-0.9170186787017,-0.2550306852253353,-0.4055175020198813,-0.49761335152811925,1.3886364138434464,-0.8753811368949302,-0.08001280307281944,-0.16158484017509972,-0.7667325399895246,-0.29518964998891967,-0.3223857693349117,-0.6491056582062513,-0.2026316921140586,3.125239716833131,6
-0.8764597693500188,0.7909829361313242,3.9210967853395307,-0.4055175020198813,-0.49761335152811925,-0.6514911025695421,1.142359548147343,-0.08001280307281944,-0.16158484017509972,-0.7667325399895246,-0.29518964998891967,-0.3223857693349117,-0.6491056582062513,-0.2026316921140586,-0.31997545487912843,8
0.8809315028671106,0.7909829361313242,-0.2550306852253353,-0.4055175020198813,-0.49761335152811925,1.3886364138434464,-0.8753811368949302,-0.08001280307281944,-0.16158484017509972,1.3042357638997066,-0.29518964998891967,-0.3223857693349117,-0.6491056582062513,-0.2026316921140586,3.125239716833131,6
0.8809315028671106,0.7909829361313242,-0.2550306852253353,-0.4055175020198813,-0.49761335152811925,-0.6514911025695421,-0.8753811368949302,-0.08001280307281944,-0.16158484017509972,1.3042357638997066,-0.29518964998891967,-0.3223857693349117,-0.6491056582062513,-0.2026316921140586,3.125239716833131,3
-0.8764597693500188,-0.9170186787017,-0.2550306852253353,-0.4055175020198813,-0.49761335152811925,-0.6514911025695421,1.142359548147343,-0.08001280307281944,-0.16158484017509972,-0.7667325399895246,-0.29518964998891967,-0.3223857693349117,-0.6491056582062513,-0.2026316921140586,-0.31997545487912843,7
-0.8764597693500188,0.7909829361313242,-0.2550306852253353,-0.4055175020198813,-0.49761335152811925,1.3886364138434464,-0.8753811368949302,-0.08001280307281944,-0.16158484017509972,1.3042357638997066,-0.29518964998891967,-0.3223857693349117,-0.6491056582062513,-0.2026316921140586,-0.31997545487912843,6
0.8809315028671106,0.7909829361313242,-0.2550306852253353,-0.4055175020198813,-0.49761335152811925,-0.6514911025695421,1.142359548147343,-0.08001280307281944,-0.16158484017509972,-0.7667325399895246,-0.29518964998891967,-0.3223857693349117,1.54058124029209,-0.2026316921140586,-0.31997545487912843,5
-0.8764597693500188,-0.9170186787017,-0.2550306852253353,2.4659848095803594,2.009592381171251,-0.6514911025695421,-0.8753811368949302,-0.08001280307281944,-0.16158484017509972,-0.7667325399895246,-0.29518964998891967,-0.3223857693349117,-0.6491056582062513,-0.2026316921140586,-0.31997545487912843,6
-0.8764597693500188,-0.9170186787017,-0.2550306852253353,2.4659848095803594,-0.49761335152811925,1.3886364138434464,-0.8753811368949302,-0.08001280307281944,-0.16158484017509972,-0.7667325399895246,-0.29518964998891967,-0.3223857693349117,1.54058124029209,-0.2026316921140586,-0.31997545487912843,6
0.8809315028671106,-0.9170186787017,-0.2550306852253353,-0.4055175020198813,-0.49761335152811925,-0.6514911025695421,1.142359548147343,-0.08001280307281944,-0.16158484017509972,-0.7667325399895246,-0.29518964998891967,-0.3223857693349117,1.54058124029209,-0.2026316921140586,-0.31997545487912843,5
-0.8764597693500188,0.7909829361313242,-0.2550306852253353,-0.4055175020198813,-0.49761335152811925,1.3886364138434464,-0.8753811368949302,-0.08001280307281944,-0.16158484017509972,-0.7667325399895246,-0.29518964998891967,-0.3223857693349117,-0.6491056582062513,-0.2026316921140586,-0.31997545487912843,6
-0.8764597693500188,0.7909829361313242,-0.2550306852253353,-0.4055175020198813,-0.49761335152811925,1.3886364138434464,-0.8753811368949302,-0.08001280307281944,-0.16158484017509972,1.3042357638997066,-0.29518964998891967,-0.3223857693349117,-0.6491056582062513,-0.2026316921140586,-0.31997545487912843,5
-0.8764597693500188,0.7909829361313242,-0.2550306852253353,2.4659848095803594,-0.49761335152811925,-0.6514911025695421,1.142359548147343,-0.08001280307281944,-0.16158484017509972,-0.7667325399895246,-0.29518964998891967,-0.3223857693349117,1.54058124029209,-0.2026316921140586,-0.31997545487912843,8
-0.8764597693500188,0.7909829361313242,-0.2550306852253353,-0.4055175020198813,-0.49761335152811925,-0.6514911025695421,-0.8753811368949302,-0.08001280307281944,-0.16158484017509972,1.3042357638997066,-0.29518964998891967,-0.3223857693349117,1.54058124029209,-0.2026316921140586,-0.31997545487912843,4
0.8809315028671106,0.7909829361313242,-0.2550306852253353,-0.4055175020198813,-0.49761335152811925,-0.6514911025695421,1.142359548147343,-0.08001280307281944,-0.16158484017509972,1.3042357638997066,-0.29518964998891967,-0.3223857693349117,-0.6491056582062513,-0.2026316921140586,3.125239716833131,5
-0.8764597693500188,0.7909829361313242,-0.2550306852253353,-0.4055175020198813,-0.49761335152811925,-0.6514911025695421,-0.8753811368949302,-0.08001280307281944,-0.16158484017509972,1.3042357638997066,-0.29518964998891967,-0.3223857693349117,1.54058124029209,-0.2026316921140586,-0.31997545487912843,5
-0.8764597693500188,0.7909829361313242,-0.2550306852253353,-0.4055175020198813,-0.49761335152811925,-0.6514911025695421,-0.8753811368949302,-0.08001280307281944,6.18869937870632,-0.7667325399895246,-0.29518964998891967,-0.3223857693349117,-0.6491056582062513,-0.2026316921140586,-0.31997545487912843,7
-0.8764597693500188,0.7909829361313242,-0.2550306852253353,-0.4055175020198813,2.009592381171251,-0.6514911025695421,1.142359548147343,-0.08001280307281944,-0.16158484017509972,-0.7667325399895246,-0.29518964998891967,-0.3223857693349117,1.54058124029209,-0.2026316921140586,-0.31997545487912843,6
0.8809315028671106,-0.9170186787017,-0.2550306852253353,-0.4055175020198813,-0.49761335152811925,1.3886364138434464,-0.8753811368949302,-0.08001280307281944,-0.16158484017509972,-0.7667325399895246,-0.29518964998891967,-0.3223857693349117,-0.6491056582062513,-0.2026316921140586,-0.31997545487912843,6
0.8809315028671106,-0.9170186787017,-0.2550306852253353,-0.4055175020198813,2.009592381171251,-0.6514911025695421,-0.8753811368949302,-0.08001280307281944,-0.16158484017509972,1.3042357638997066,-0.29518964998891967,-0.3223857693349117,1.54058124029209,-0.2026316921140586,-0.31997545487912843,6
-0.8764597693500188,0.7909829361313242,-0.2550306852253353,2.4659848095803594,-0.49761335152811925,-0.6514911025695421,1.142359548147343,-0.08001280307281944,-0.16158484017509972,1.3042357638997066,-0.29518964998891967,-0.3223857693349117,-0.6491056582062513,-0.2026316921140586,-0.31997545487912843,7
0.8809315028671106,-0.9170186787017,-0.2550306852253353,-0.4055175020198813,-0.49761335152811925,-0.6514911025695421,-0.8753811368949302,-0.08001280307281944,-0.16158484017509972,-0.7667325399895246,-0.29518964998891967,-0.3223857693349117,-0.6491056582062513,-0.2026316921140586,-0.31997545487912843,5
-0.8764597693500188,-0.9170186787017,-0.2550306852253353,-0.4055175020198813,-0.49761335152811925,-0.6514911025695421,1.142359548147343,-0.08001280307281944,-0.16158484017509972,-0.7667325399895246,-0.29518964998891967,3.101873888735907,-0.6491056582062513,-0.2026316921140586,-0.31997545487912843,5
-0.8764597693500188,-0.9170186787017,-0.2550306852253353,2.4659848095803594,2.009592381171251,-0.6514911025695421,1.142359548147343,-0.08001280307281944,-0.16158484017509972,-0.7667325399895246,-0.29518964998891967,-0.3223857693349117,-0.6491056582062513,-0.2026316921140586,-0.31997545487912843,6
-0.8764597693500188,0.7909829361313242,-0.2550306852253353,-0.4055175020198813,-0.49761335152811925,1.3886364138434464,-0.8753811368949302,-0.08001280307281944,-0.16158484017509972,1.3042357638997066,-0.29518964998891967,-0.3223857693349117,-0.6491056582062513,-0.2026316921140586,-0.31997545487912843,7
0.8809315028671106,0.7909829361313242,-0.2550306852253353,-0.4055175020198813,-0.49761335152811925,1.3886364138434464,1.142359548147343,-0.08001280307281944,-0.16158484017509972,1.3042357638997066,-0.29518964998891967,-0.3223857693349117,1.54058124029209,-0.2026316921140586,-0.31997545487912843,7
-0.8764597693500188,-0.9170186787017,-0.2550306852253353,2.4659848095803594,-0.49761335152811925,-0.6514911025695421,1.142359548147343,-0.08001280307281944,-0.16158484017509972,-0.7667325399895246,-0.29518964998891967,-0.3223857693349117,-0.6491056582062513,-0.2026316921140586,-0.31997545487912843,6
0.8809315028671106,0.7909829361313242,-0.2550306852253353,-0.4055175020198813,-0.49761335152811925,1.3886364138434464,-0.8753811368949302,-0.08001280307281944,-0.16158484017509972,-0.7667325399895246,-0.29518964998891967,-0.3223857693349117,-0.6491056582062513,-0.2026316921140586,3.125239716833131,6
0.8809315028671106,0.7909829361313242,-0.2550306852253353,-0.4055175020198813,-0.49761335152811925,-0.6514911025695421,-0.8753811368949302,-0.08001280307281944,-0.16158484017509972,1.3042357638997066,-0.29518964998891967,-0.3223857693349117,-0.6491056582062513,4.935062178906911,-0.31997545487912843,4
0.8809315028671106,-0.9170186787017,-0.2550306852253353,-0.4055175020198813,-0.49761335152811925,-0.6514911025695421,-0.8753811368949302,-0.08001280307281944,-0.16158484017509972,1.3042357638997066,-0.29518964998891967,3.101873888735907,1.54058124029209,-0.2026316921140586,-0.31997545487912843,7
0.8809315028671106,0.7909829361313242,-0.2550306852253353,-0.4055175020198813,-0.49761335152811925,1.3886364138434464,-0.8753811368949302,-0.08001280307281944,-0.16158484017509972,-0.7667325399895246,-0.29518964998891967,3.101873888735907,1.54058124029209,-0.2026316921140586,-0.31997545487912843,2
0.8809315028671106,0.7909829361313242,-0.2550306852253353,-0.4055175020198813,-0.49761335152811925,1.3886364138434464,-0.8753811368949302,-0.08001280307281944,-0.16158484017509972,-0.7667325399895246,-0.29518964998891967,-0.3223857693349117,-0.6491056582062513,-0.2026316921140586,-0.31997545487912843,4
-0.8764597693500188,-0.9170186787017,-0.2550306852253353,-0.4055175020198813,-0.49761335152811925,1.3886364138434464,1.142359548147343,-0.08001280307281944,-0.16158484017509972,-0.7667325399895246,-0.29518964998891967,-0.3223857693349117,-0.6491056582062513,-0.2026316921140586,-0.31997545487912843,5
0.8809315028671106,0.7909829361313242,-0.2550306852253353,-0.4055175020198813,-0.49761335152811925,1.3886364138434464,1.142359548147343,-0.08001280307281944,-0.16158484017509972,1.3042357638997066,-0.29518964998891967,-0.3223857693349117,-0.6491056582062513,-0.2026316921140586,-0.31997545487912843,5
2.63832277508424,2.4989845509643485,-0.2550306852253353,-0.4055175020198813,-0.49761335152811925,1.3886364138434464,-0.8753811368949302,-0.08001280307281944,-0.16158484017509972,-0.7667325399895246,-0.29518964998891967,-0.3223857693349117,-0.6491056582062513,-0.2026316921140586,-0.31997545487912843,3
-0.8764597693500188,0.7909829361313242,-0.2550306852253353,-0.4055175020198813,-0.49761335152811925,1.3886364138434464,-0.8753811368949302,-0.08001280307281944,-0.16158484017509972,-0.7667325399895246,-0.29518964998891967,-0.3223857693349117,-0.6491056582062513,-0.2026316921140586,-0.31997545487912843,6
-0.8764597693500188,-0.9170186787017,3.9210967853395307,-0.4055175020198813,-0.49761335152811925,1.3886364138434464,-0.8753811368949302,-0.08001280307281944,-0.16158484017509972,-0.7667325399895246,-0.29518964998891967,-0.3223857693349117,-0.6491056582062513,-0.2026316921140586,-0.31997545487912843,7
-0.8764597693500188,2.4989845509643485,-0.2550306852253353,-0.4055175020198813,-0.49761335152811925,-0.6514911025695421,-0.8753811368949302,-0.08001280307281944,-0.16158484017509972,1.3042357638997066,-0.29518964998891967,-0.3223857693349117,-0.6491056582062513,-0.2026316921140586,-0.31997545487912843,4
-0.8764597693500188,-0.9170186787017,-0.2550306852253353,-0.4055175020198813,-0.49761335152811925,-0.6514911025695421,-0.8753811368949302,-0.08001280307281944,-0.16158484017509972,-0.7667325399895246,3.38765264987284,-0.3223857693349117,1.54058124029209,-0.2026316921140586,-0.31997545487912843,5
-0.8764597693500188,-0.9170186787017,-0.2550306852253353,-0.4055175020198813,2.009592381171251,1.3886364138434464,1.142359548147343,-0.08001280307281944,-0.16158484017509972,-0.7667325399895246,-0.29518964998891967,-0.3223857693349117,-0.6491056582062513,-0.2026316921140586,-0.31997545487912843,6
0.8809315028671106,-0.9170186787017,3.9210967853395307,-0.4055175020198813,-0.49761335152811925,-0.6514911025695421,-0.8753811368949302,-0.08001280307281944,-0.16158484017509972,-0.7667325399895246,-0.29518964998891967,-0.3223857693349117,-0.6491056582062513,-0.2026316921140586,-0.31997545487912843,7
-0.8764597693500188,0.7909829361313242,-0.2550306852253353,-0.4055175020198813,2.009592381171251,1.3886364138434464,1.142359548147343,-0.08001280307281944,-0.16158484017509972,1.3042357638997066,-0.29518964998891967,-0.3223857693349117,-0.6491056582062513,-0.2026316921140586,-0.31997545487912843,6
-0.8764597693500188,-0.9170186787017,-0.2550306852253353,2.4659848095803594,2.009592381171251,-0.6514911025695421,-0.8753811368949302,-0.08001280307281944,-0.16158484017509972,-0.7667325399895246,-0.29518964998891967,-0.3223857693349117,-0.6491056582062513,-0.2026316921140586,-0.31997545487912843,8
-0.8764597693500188,-0.9170186787017,-0.2550306852253353,2.4659848095803594,-0.49761335152811925,-0.6514911025695421,-0.8753811368949302,-0.08001280307281944,-0.16158484017509972,-0.7667325399895246,-0.29518964998891967,-0.3223857693349117,-0.6491056582062513,-0.2026316921140586,-0.31997545487912843,7
0.8809315028671106,-0.9170186787017,-0.2550306852253353,-0.4055175020198813,-0.49761335152811925,1.3886364138434464,-0.8753811368949302,-0.08001280307281944,-0.16158484017509972,-0.7667325399895246,3.38765264987284,-0.3223857693349117,-0.6491056582062513,-0.2026316921140586,-0.31997545487912843,6
0.8809315028671106,0.7909829361313242,-0.2550306852253353,-0.4055175020198813,-0.49761335152811925,1.3886364138434464,-0.8753811368949302,-0.08001280307281944,-0.16158484017509972,1.3042357638997066,3.38765264987284,-0.3223857693349117,-0.6491056582062513,-0.2026316921140586,-0.31997545487912843,5
0.8809315028671106,0.7909829361313242,-0.2550306852253353,-0.4055175020198813,-0.49761335152811925,1.3886364138434464,1.142359548147343,-0.08001280307281944,-0.16158484017509972,-0.7667325399895246,-0.29518964998891967,-0.3223857693349117,1.54058124029209,-0.2026316921140586,-0.31997545487912843,6
0.8809315028671106,-0.9170186787017,-0.2550306852253353,-0.4055175020198813,-0.49761335152811925,1.3886364138434464,-0.8753811368949302,-0.08001280307281944,-0.16158484017509972,-0.7667325399895246,-0.29518964998891967,-0.3223857693349117,-0.6491056582062513,-0.2026316921140586,-0.31997545487912843,5
-0.8764597693500188,0.7909829361313242,-0.2550306852253353,-0.4055175020198813,-0.49761335152811925,1.3886364138434464,-0.8753811368949302,-0.08001280307281944,-0.16158484017509972,-0.7667325399895246,-0.29518964998891967,-0.3223857693349117,-0.6491056582062513,-0.2026316921140586,-0.31997545487912843,3
-0.8764597693500188,-0.9170186787017,-0.2550306852253353,2.4659848095803594,2.009592381171251,1.3886364138434464,1.142359548147343,-0.08001280307281944,-0.16158484017509972,-0.7667325399895246,-0.29518964998891967,-0.3223857693349117,1.54058124029209,-0.2026316921140586,-0.31997545487912843,7
-0.8764597693500188,-0.9170186787017,-0.2550306852253353,-0.4055175020198813,-0.49761335152811925,-0.6514911025695421,1.142359548147343,-0.08001280307281944,-0.16158484017509972,-0.7667325399895246,-0.29518964998891967,-0.3223857693349117,-0.6491056582062513,4.935062178906911,-0.31997545487912843,6
-0.8764597693500188,0.7909829361313242,-0.2550306852253353,-0.4055175020198813,2.009592381171251,-0.6514911025695421,-0.8753811368949302,-0.08001280307281944,-0.16158484017509972,1.3042357638997066,-0.29518964998891967,-0.3223857693349117,-0.6491056582062513,-0.2026316921140586,-0.31997545487912843,3
0.8809315028671106,-0.9170186787017,-0.2550306852253353,2.4659848095803594,2.009592381171251,-0.6514911025695421,1.142359548147343,-0.08001280307281944,-0.16158484017509972,-0.7667325399895246,-0.29518964998891967,-0.3223857693349117,-0.6491056582062513,-0.2026316921140586,-0.31997545487912843,6
-0.8764597693500188,0.7909829361313242,-0.2550306852253353,-0.4055175020198813,-0.49761335152811925,1.3886364138434464,1.142359548147343,-0.08001280307281944,-0.16158484017509972,1.3042357638997066,-0.29518964998891967,-0.3223857693349117,-0.6491056582062513,-0.2026316921140586,-0.31997545487912843,5
-0.8764597693500188,0.7909829361313242,-0.2550306852253353,-0.4055175020198813,-0.49761335152811925,-0.6514911025695421,-0.8753811368949302,-0.08001280307281944,-0.16158484017509972,1.3042357638997066,-0.29518964998891967,-0.3223857693349117,1.54058124029209,4.935062178906911,-0.31997545487912843,4
0.8809315028671106,0.7909829361313242,-0.2550306852253353,-0.4055175020198813,-0.49761335152811925,1.3886364138434464,-0.8753811368949302,-0.08001280307281944,-0.16158484017509972,1.3042357638997066,-0.29518964998891967,-0.3223857693349117,-0.6491056582062513,-0.2026316921140586,3.125239716833131,7
0.8809315028671106,0.7909829361313242,-0.2550306852253353,-0.4055175020198813,-0.49761335152811925,1.3886364138434464,-0.8753811368949302,-0.08001280307281944,-0.16158484017509972,-0.7667325399895246,-0.29518964998891967,-0.3223857693349117,1.54058124029209,-0.2026316921140586,3.125239716833131,2
0.8809315028671106,-0.9170186787017,-0.2550306852253353,-0.4055175020198813,-0.49761335152811925,-0.6514911025695421,-0.8753811368949302,-0.08001280307281944,-0.16158484017509972,-0.7667325399895246,-0.29518964998891967,-0.3223857693349117,-0.6491056582062513,-0.2026316921140586,3.125239716833131,7
-0.8764597693500188,-0.9170186787017,-0.2550306852253353,-0.4055175020198813,-0.49761335152811925,-0.6514911025695421,-0.8753811368949302,-0.08001280307281944,-0.16158484017509972,1.3042357638997066,-0.29518964998891967,-0.3223857693349117,1.54058124029209,-0.2026316921140586,-0.31997545487912843,6
-0.8764597693500188,-0.9170186787017,3.9210967853395307,-0.4055175020198813,-0.49761335152811925,-0.6514911025695421,-0.8753811368949302,-0.08001280307281944,-0.16158484017509972,-0.7667325399895246,-0.29518964998891967,-0.3223857693349117,-0.6491056582062513,-0.2026316921140586,-0.31997545487912843,7
0.8809315028671106,0.7909829361313242,-0.2550306852253353,-0.4055175020198813,-0.49761335152811925,1.3886364138434464,-0.8753811368949302,-0.08001280307281944,-0.16158484017509972,-0.7667325399895246,-0.29518964998891967,3.101873888735907,-0.6491056582062513,-0.2026316921140586,-0.31997545487912843,3
0.8809315028671106,0.7909829361313242,-0.2550306852253353,-0.4055175020198813,-0.49761335152811925,1.3886364138434464,-0.8753811368949302,-0.08001280307281944,-0.16158484017509972,-0.7667325399895246,-0.29518964998891967,-0.3223857693349117,-0.6491056582062513,-0.2026316921140586,-0.31997545487912843,5
-0.8764597693500188,-0.9170186787017,-0.2550306852253353,-0.4055175020198813,-0.49761335152811925,-0.6514911025695421,-0.8753811368949302,-0.08001280307281944,-0.16158484017509972,1.3042357638997066,-0.29518964998891967,-0.3223857693349117,-0.6491056582062513,-0.2026316921140586,-0.31997545487912843,7
-0.8764597693500188,-0.9170186787017,3.9210967853395307,2.4659848095803594,-0.49761335152811925,-0.6514911025695421,-0.8753811368949302,-0.08001280307281944,-0.16158484017509972,-0.7667325399895246,-0.29518964998891967,-0.3223857693349117,-0.6491056582062513,-0.2026316921140586,-0.31997545487912843,6
2.63832277508424,0.7909829361313242,-0.2550306852253353,-0.4055175020198813,-0.49761335152811925,1.3886364138434464,-0.8753811368949302,-0.08001280307281944,-0.16158484017509972,1.3042357638997066,-0.29518964998891967,-0.3223857693349117,1.54058124029209,-0.2026316921140586,-0.31997545487912843,3
-0.8764597693500188,-0.9170186787017,-0.2550306852253353,-0.4055175020198813,2.009592381171251,-0.6514911025695421,1.142359548147343,-0.08001280307281944,-0.16158484017509972,-0.7667325399895246,-0.29518964998891967,-0.3223857693349117,-0.6491056582062513,-0.2026316921140586,-0.31997545487912843,6
-0.8764597693500188,-0.9170186787017,3.9210967853395307,-0.4055175020198813,-0.49761335152811925,-0.6514911025695421,-0.8753811368949302,-0.08001280307281944,-0.16158484017509972,-0.7667325399895246,-0.29518964998891967,-0.3223857693349117,-0.6491056582062513,-0.2026316921140586,-0.31997545487912843,7
0.8809315028671106,-0.9170186787017,-0.2550306852253353,2.4659848095803594,2.009592381171251,1.3886364138434464,-0.8753811368949302,-0.08001280307281944,-0.16158484017509972,-0.7667325399895246,-0.29518964998891967,-0.3223857693349117,-0.6491056582062513,-0.2026316921140586,-0.31997545487912843,5
-0.8764597693500188,-0.9170186787017,-0.2550306852253353,2.4659848095803594,-0.49761335152811925,-0.6514911025695421,1.142359548147343,-0.08001280307281944,-0.16158484017509972,-0.7667325399895246,-0.29518964998891967,-0.3223857693349117,-0.6491056582062513,-0.2026316921140586,-0.31997545487912843,6
-0.8764597693500188,0.7909829361313242,-0.2550306852253353,-0.4055175020198813,-0.49761335152811925,-0.6514911025695421,-0.8753811368949302,-0.08001280307281944,-0.16158484017509972,1.3042357638997066,-0.29518964998891967,-0.3223857693349117,1.54058124029209,-0.2026316921140586,-0.31997545487912843,5
0.8809315028671106,0.7909829361313242,-0.2550306852253353,-0.4055175020198813,-0.49761335152811925,-0.6514911025695421,-0.8753811368949302,-0.08001280307281944,-0.16158484017509972,1.3042357638997066,3.38765264987284,-0.3223857693349117,-0.6491056582062513,-0.2026316921140586,-0.31997545487912843,4
-0.8764597693500188,-0.9170186787017,3.9210967853395307,-0.4055175020198813,-0.49761335152811925,-0.6514911025695421,-0.8753811368949302,-0.08001280307281944,-0.16158484017509972,-0.7667325399895246,-0.29518964998891967,-0.3223857693349117,-0.6491056582062513,-0.2026316921140586,3.125239716833131,7
-0.8764597693500188,-0.9170186787017,-0.2550306852253353,2.4659848095803594,2.009592381171251,-0.6514911025695421,1.142359548147343,-0.08001280307281944,6.18869937870632,-0.7667325399895246,-0.29518964998891967,-0.3223857693349117,-0.6491056582062513,-0.2026316921140586,-0.31997545487912843,7
0.8809315028671106,0.7909829361313242,-0.2550306852253353,2.4659848095803594,-0.49761335152811925,-0.6514911025695421,1.142359548147343,-0.08001280307281944,-0.16158484017509972,-0.7667325399895246,-0.29518964998891967,-0.3223857693349117,-0.6491056582062513,-0.2026316921140586,-0.31997545487912843,6
-0.8764597693500188,-0.9170186787017,-0.2550306852253353,-0.4055175020198813,2.009592381171251,1.3886364138434464,-0.8753811368949302,-0.08001280307281944,-0.16158484017509972,-0.7667325399895246,-0.29518964998891967,-0.3223857693349117,-0.6491056582062513,-0.2026316921140586,-0.31997545487912843,7
0.8809315028671106,-0.9170186787017,-0.2550306852253353,-0.4055175020198813,-0.49761335152811925,-0.6514911025695421,1.142359548147343,-0.08001280307281944,-0.16158484017509972,-0.7667325399895246,-0.29518964998891967,-0.3223857693349117,1.54058124029209,-0.2026316921140586,-0.31997545487912843,7
0.8809315028671106,-0.9170186787017,-0.2550306852253353,-0.4055175020198813,-0.49761335152811925,-0.6514911025695421,-0.8753811368949302,-0.08001280307281944,-0.16158484017509972,1.3042357638997066,-0.29518964998891967,-0.3223857693349117,-0.6491056582062513,-0.2026316921140586,-0.31997545487912843,7
0.8809315028671106,0.7909829361313242,-0.2550306852253353,-0.4055175020198813,-0.49761335152811925,-0.6514911025695421,-0.8753811368949302,-0.08001280307281944,-0.16158484017509972,-0.7667325399895246,-0.29518964998891967,-0.3223857693349117,1.54058124029209,-0.2026316921140586,-0.31997545487912843,4
-0.8764597693500188,-0.9170186787017,-0.2550306852253353,-0.4055175020198813,-0.49761335152811925,-0.6514911025695421,-0.8753811368949302,-0.08001280307281944,-0.16158484017509972,1.3042357638997066,-0.29518964998891967,-0.3223857693349117,-0.6491056582062513,-0.2026316921140586,-0.31997545487912843,5
-0.8764597693500188,-0.9170186787017,3.9210967853395307,-0.4055175020198813,2.009592381171251,-0.6514911025695421,1.142359548147343,-0.08001280307281944,-0.16158484017509972,-0.7667325399895246,-0.29518964998891967,-0.3223857693349117,-0.6491056582062513,-0.2026316921140586,-0.31997545487912843,8
0.8809315028671106,-0.9170186787017,-0.2550306852253353,-0.4055175020198813,-0.49761335152811925,1.3886364138434464,-0.8753811368949302,-0.08001280307281944,-0.16158484017509972,1.3042357638997066,-0.29518964998891967,-0.3223857693349117,-0.6491056582062513,-0.2026316921140586,-0.31997545487912843,4
0.8809315028671106,-0.9170186787017,3.9210967853395307,-0.4055175020198813,-0.49761335152811925,-0.6514911025695421,-0.8753811368949302,-0.08001280307281944,-0.16158484017509972,-0.7667325399895246,-0.29518964998891967,-0.3223857693349117,-0.6491056582062513,-0.2026316921140586,-0.31997545487912843,8
-0.8764597693500188,-0.9170186787017,-0.2550306852253353,2.4659848095803594,-0.49761335152811925,-0.6514911025695421,1.142359548147343,-0.08001280307281944,-0.16158484017509972,1.3042357638997066,-0.29518964998891967,-0.3223857693349117,-0.6491056582062513,-0.2026316921140586,-0.31997545487912843,6
-0.8764597693500188,-0.9170186787017,3.9210967853395307,-0.4055175020198813,2.009592381171251,-0.6514911025695421,1.142359548147343,-0.08001280307281944,-0.16158484017509972,-0.7667325399895246,-0.29518964998891967,-0.3223857693349117,-0.6491056582062513,-0.2026316921140586,-0.31997545487912843,8
0.8809315028671106,-0.9170186787017,-0.2550306852253353,-0.4055175020198813,2.009592381171251,1.3886364138434464,-0.8753811368949302,-0.08001280307281944,-0.16158484017509972,-0.7667325399895246,-0.29518964998891967,-0.3223857693349117,-0.6491056582062513,-0.2026316921140586,3.125239716833131,5
0.8809315028671106,-0.9170186787017,-0.2550306852253353,-0.4055175020198813,2.009592381171251,-0.6514911025695421,1.142359548147343,-0.08001280307281944,-0.16158484017509972,-0.7667325399895246,-0.29518964998891967,-0.3223857693349117,-0.6491056582062513,-0.2026316921140586,-0.31997545487912843,6
-0.8764597693500188,-0.9170186787017,-0.2550306852253353,-0.4055175020198813,-0.49761335152811925,-0.6514911025695421,1.142359548147343,-0.08001280307281944,-0.16158484017509972,-0.7667325399895246,-0.29518964998891967,-0.3223857693349117,1.54058124029209,-0.2026316921140586,3.125239716833131,6
-0.8764597693500188,-0.9170186787017,-0.2550306852253353,-0.4055175020198813,2.009592381171251,-0.6514911025695421,1.142359548147343,-0.08001280307281944,-0.16158484017509972,-0.7667325399895246,-0.29518964998891967,-0.3223857693349117,-0.6491056582062513,-0.2026316921140586,-0.31997545487912843,8
0.8809315028671106,0.7909829361313242,-0.2550306852253353,-0.4055175020198813,-0.49761335152811925,1.3886364138434464,-0.8753811368949302,-0.08001280307281944,-0.16158484017509972,-0.7667325399895246,3.38765264987284,-0.3223857693349117,-0.6491056582062513,-0.2026316921140586,3.125239716833131,6
-0.8764597693500188,-0.9170186787017,-0.2550306852253353,-0.4055175020198813,-0.49761335152811925,-0.6514911025695421,1.142359548147343,-0.08001280307281944,-0.16158484017509972,-0.7667325399895246,-0.29518964998891967,-0.3223857693349117,-0.6491056582062513,-0.2026316921140586,-0.31997545487912843,6
0.8809315028671106,-0.9170186787017,-0.2550306852253353,-0.4055175020198813,2.009592381171251,-0.6514911025695421,-0.8753811368949302,-0.08001280307281944,-0.16158484017509972,-0.7667325399895246,-0.29518964998891967,-0.3223857693349117,-0.6491056582062513,-0.2026316921140586,-0.31997545487912843,5
-0.8764597693500188,-0.9170186787017,-0.2550306852253353,-0.4055175020198813,-0.49761335152811925,-0.6514911025695421,-0.8753811368949302,-0.08001280307281944,-0.16158484017509972,1.3042357638997066,-0.29518964998891967,-0.3223857693349117,-0.6491056582062513,-0.2026316921140586,3.125239716833131,7
0.8809315028671106,0.7909829361313242,-0.2550306852253353,-0.4055175020198813,-0.49761335152811925,1.3886364138434464,-0.8753811368949302,-0.08001280307281944,-0.16158484017509972,-0.7667325399895246,-0.29518964998891967,3.101873888735907,-0.6491056582062513,-0.2026316921140586,-0.31997545487912843,4
0.8809315028671106,-0.9170186787017,-0.2550306852253353,-0.4055175020198813,-0.49761335152811925,-0.6514911025695421,-0.8753811368949302,-0.08001280307281944,-0.16158484017509972,-0.7667325399895246,3.38765264987284,-0.3223857693349117,-0.6491056582062513,-0.2026316921140586,-0.31997545487912843,6
0.8809315028671106,0.7909829361313242,-0.2550306852253353,-0.4055175020198813,-0.49761335152811925,1.3886364138434464,1.142359548147343,-0.08001280307281944,-0.16158484017509972,-0.7667325399895246,-0.29518964998891967,3.101873888735907,1.54058124029209,-0.2026316921140586,-0.31997545487912843,4
0.8809315028671106,0.7909829361313242,-0.2550306852253353,-0.4055175020198813,-0.49761335152811925,-0.6514911025695421,-0.8753811368949302,-0.08001280307281944,-0.16158484017509972,1.3042357638997066,3.38765264987284,-0.3223857693349117,-0.6491056582062513,-0.2026316921140586,-0.31997545487912843,4
0.8809315028671106,0.7909829361313242,-0.2550306852253353,-0.4055175020198813,-0.49761335152811925,-0.6514911025695421,-0.8753811368949302,-0.08001280307281944,-0.16158484017509972,1.3042357638997066,3.38765264987284,-0.3223857693349117,-0.6491056582062513,-0.2026316921140586,-0.31997545487912843,7
0.8809315028671106,-0.9170186787017,-0.2550306852253353,-0.4055175020198813,-0.49761335152811925,1.3886364138434464,-0.8753811368949302,-0.08001280307281944,-0.16158484017509972,1.3042357638997066,-0.29518964998891967,-0.3223857693349117,-0.6491056582062513,-0.2026316921140586,-0.31997545487912843,5
0.8809315028671106,0.7909829361313242,-0.2550306852253353,-0.4055175020198813,2.009592381171251,-0.6514911025695421,1.142359548147343,-0.08001280307281944,-0.16158484017509972,1.3042357638997066,-0.29518964998891967,-0.3223857693349117,1.54058124029209,-0.2026316921140586,-0.31997545487912843,6
0.8809315028671106,0.7909829361313242,-0.2550306852253353,-0.4055175020198813,-0.49761335152811925,-0.6514911025695421,1.142359548147343,-0.08001280307281944,-0.16158484017509972,-0.7667325399895246,-0.29518964998891967,3.101873888735907,1.54058124029209,-0.2026316921140586,-0.31997545487912843,6
-0.8764597693500188,-0.9170186787017,-0.2550306852253353,2.4659848095803594,-0.49761335152811925,-0.6514911025695421,1.142359548147343,-0.08001280307281944,-0.16158484017509972,-0.7667325399895246,-0.29518964998891967,-0.3223857693349117,1.54058124029209,-0.2026316921140586,-0.31997545487912843,6
-0.8764597693500188,0.7909829361313242,-0.2550306852253353,-0.4055175020198813,-0.49761335152811925,-0.6514911025695421,1.142359548147343,-0.08001280307281944,-0.16158484017509972,1.3042357638997066,-0.29518964998891967,-0.3223857693349117,-0.6491056582062513,4.935062178906911,-0.31997545487912843,6
0.8809315028671106,0.7909829361313242,-0.2550306852253353,-0.4055175020198813,2.009592381171251,1.3886364138434464,-0.8753811368949302,-0.08001280307281944,-0.16158484017509972,-0.7667325399895246,-0.29518964998891967,-0.3223857693349117,-0.6491056582062513,-0.2026316921140586,-0.31997545487912843,6
0.8809315028671106,-0.9170186787017,-0.2550306852253353,-0.4055175020198813,-0.49761335152811925,-0.6514911025695421,1.142359548147343,-0.08001280307281944,-0.16158484017509972,-0.7667325399895246,-0.29518964998891967,-0.3223857693349117,1.54058124029209,-0.2026316921140586,-0.31997545487912843,4
-0.8764597693500188,0.7909829361313242,-0.2550306852253353,-0.4055175020198813,-0.49761335152811925,-0.6514911025695421,1.142359548147343,-0.08001280307281944,-0.16158484017509972,1.3042357638997066,-0.29518964998891967,-0.3223857693349117,-0.6491056582062513,-0.2026316921140586,-0.31997545487912843,5
-0.8764597693500188,-0.9170186787017,-0.2550306852253353,-0.4055175020198813,-0.49761335152811925,-0.6514911025695421,-0.8753811368949302,-0.08001280307281944,-0.16158484017509972,1.3042357638997066,-0.29518964998891967,3.101873888735907,1.54058124029209,-0.2026316921140586,-0.31997545487912843,6
-0.8764597693500188,0.7909829361313242,-0.2550306852253353,-0.4055175020198813,-0.49761335152811925,-0.6514911025695421,1.142359548147343,-0.08001280307281944,-0.16158484017509972,-0.7667325399895246,-0.29518964998891967,-0.3223857693349117,1.54058124029209,-0.2026316921140586,-0.31997545487912843,7
-0.8764597693500188,0.7909829361313242,-0.2550306852253353,-0.4055175020198813,-0.49761335152811925,-0.6514911025695421,1.142359548147343,-0.08001280307281944,-0.16158484017509972,1.3042357638997066,-0.29518964998891967,-0.3223857693349117,-0.6491056582062513,-0.2026316921140586,-0.31997545487912843,7
-0.8764597693500188,-0.9170186787017,-0.2550306852253353,-0.4055175020198813,-0.49761335152811925,-0.6514911025695421,-0.8753811368949302,-0.08001280307281944,-0.16158484017509972,-0.7667325399895246,-0.29518964998891967,3.101873888735907,1.54058124029209,-0.2026316921140586,-0.31997545487912843,5
0.8809315028671106,-0.9170186787017,-0.2550306852253353,-0.4055175020198813,-0.49761335152811925,1.3886364138434464,1.142359548147343,-0.08001280307281944,-0.16158484017509972,-0.7667325399895246,-0.29518964998891967,-0.3223857693349117,1.54058124029209,-0.2026316921140586,-0.31997545487912843,7
2.63832277508424,-0.9170186787017,-0.2550306852253353,-0.4055175020198813,-0.49761335152811925,-0.6514911025695421,1.142359548147343,-0.08001280307281944,-0.16158484017509972,-0.7667325399895246,-0.29518964998891967,-0.3223857693349117,1.54058124029209,-0.2026316921140586,-0.31997545487912843,5
0.8809315028671106,0.7909829361313242,-0.2550306852253353,-0.4055175020198813,-0.49761335152811925,1.3886364138434464,1.142359548147343,-0.08001280307281944,-0.16158484017509972,1.3042357638997066,-0.29518964998891967,-0.3223857693349117,-0.6491056582062513,-0.2026316921140586,-0.31997545487912843,6
-0.8764597693500188,-0.9170186787017,-0.2550306852253353,2.4659848095803594,-0.49761335152811925,-0.6514911025695421,1.142359548147343,-0.08001280307281944,-0.16158484017509972,-0.7667325399895246,-0.29518964998891967,-0.3223857693349117,1.54058124029209,-0.2026316921140586,-0.31997545487912843,7
-0.8764597693500188,0.7909829361313242,-0.2550306852253353,-0.4055175020198813,-0.49761335152811925,-0.6514911025695421,1.142359548147343,-0.08001280307281944,-0.16158484017509972,1.3042357638997066,-0.29518964998891967,3.101873888735907,-0.6491056582062513,-0.2026316921140586,-0.31997545487912843,3
-0.8764597693500188,0.7909829361313242,-0.2550306852253353,-0.4055175020198813,-0.49761335152811925,-0.6514911025695421,-0.8753811368949302,-0.08001280307281944,-0.16158484017509972,1.3042357638997066,-0.29518964998891967,-0.3223857693349117,1.54058124029209,-0.2026316921140586,-0.31997545487912843,5
-0.8764597693500188,-0.9170186787017,-0.2550306852253353,-0.4055175020198813,-0.49761335152811925,-0.6514911025695421,1.142359548147343,-0.08001280307281944,-0.16158484017509972,-0.7667325399895246,-0.29518964998891967,-0.3223857693349117,-0.6491056582062513,-0.2026316921140586,-0.31997545487912843,6
-0.8764597693500188,0.7909829361313242,-0.2550306852253353,-0.4055175020198813,-0.49761335152811925,1.3886364138434464,1.142359548147343,-0.08001280307281944,-0.16158484017509972,1.3042357638997066,-0.29518964998891967,-0.3223857693349117,-0.6491056582062513,-0.2026316921140586,-0.31997545487912843,5
0.8809315028671106,0.7909829361313242,-0.2550306852253353,-0.4055175020198813,-0.49761335152811925,-0.6514911025695421,-0.8753811368949302,-0.08001280307281944,-0.16158484017509972,-0.7667325399895246,-0.29518964998891967,-0.3223857693349117,1.54058124029209,-0.2026316921140586,-0.31997545487912843,5
-0.8764597693500188,0.7909829361313242,-0.2550306852253353,-0.4055175020198813,-0.49761335152811925,1.3886364138434464,-0.8753811368949302,-0.08001280307281944,-0.16158484017509972,1.3042357638997066,-0.29518964998891967,-0.3223857693349117,1.54058124029209,-0.2026316921140586,-0.31997545487912843,4
-0.8764597693500188,0.7909829361313242,-0.2550306852253353,-0.4055175020198813,2.009592381171251,-0.6514911025695421,-0.8753811368949302,-0.08001280307281944,-0.16158484017509972,1.3042357638997066,-0.29518964998891967,-0.3223857693349117,-0.6491056582062513,-0.2026316921140586,-0.31997545487912843,5
0.8809315028671106,0.7909829361313242,-0.2550306852253353,-0.4055175020198813,-0.49761335152811925,-0.6514911025695421,-0.8753811368949302,-0.08001280307281944,-0.16158484017509972,1.3042357638997066,3.38765264987284,-0.3223857693349117,-0.6491056582062513,-0.2026316921140586,-0.31997545487912843,4
0.8809315028671106,-0.9170186787017,-0.2550306852253353,-0.4055175020198813,-0.49761335152811925,1.3886364138434464,1.142359548147343,-0.08001280307281944,-0.16158484017509972,-0.7667325399895246,-0.29518964998891967,-0.3223857693349117,1.54058124029209,-0.2026316921140586,-0.31997545487912843,4
-0.8764597693500188,-0.9170186787017,-0.2550306852253353,-0.4055175020198813,2.009592381171251,-0.6514911025695421,-0.8753811368949302,-0.08001280307281944,-0.16158484017509972,-0.7667325399895246,-0.29518964998891967,-0.3223857693349117,1.54058124029209,-0.2026316921140586,-0.31997545487912843,7
0.8809315028671106,-0.9170186787017,-0.2550306852253353,-0.4055175020198813,-0.49761335152811925,1.3886364138434464,-0.8753811368949302,-0.08001280307281944,-0.16158484017509972,1.3042357638997066,-0.29518964998891967,-0.3223857693349117,-0.6491056582062513,-0.2026316921140586,-0.31997545487912843,4
-0.8764597693500188,-0.9170186787017,-0.2550306852253353,-0.4055175020198813,-0.49761335152811925,1.3886364138434464,-0.8753811368949302,-0.08001280307281944,-0.16158484017509972,-0.7667325399895246,3.38765264987284,-0.3223857693349117,-0.6491056582062513,-0.2026316921140586,-0.31997545487912843,7
-0.8764597693500188,0.7909829361313242,-0.2550306852253353,-0.4055175020198813,-0.49761335152811925,-0.6514911025695421,-0.8753811368949302,-0.08001280307281944,-0.16158484017509972,1.3042357638997066,3.38765264987284,-0.3223857693349117,-0.6491056582062513,-0.2026316921140586,-0.31997545487912843,6
-0.8764597693500188,0.7909829361313242,-0.2550306852253353,-0.4055175020198813,-0.49761335152811925,1.3886364138434464,-0.8753811368949302,-0.08001280307281944,-0.16158484017509972,1.3042357638997066,-0.29518964998891967,-0.3223857693349117,-0.6491056582062513,-0.2026316921140586,-0.31997545487912843,5
0.8809315028671106,-0.9170186787017,-0.2550306852253353,2.4659848095803594,2.009592381171251,-0.6514911025695421,1.142359548147343,-0.08001280307281944,-0.16158484017509972,-0.7667325399895246,-0.29518964998891967,-0.3223857693349117,-0.6491056582062513,-0.2026316921140586,-0.31997545487912843,8
-0.8764597693500188,0.7909829361313242,-0.2550306852253353,-0.4055175020198813,-0.49761335152811925,1.3886364138434464,-0.8753811368949302,-0.08001280307281944,-0.16158484017509972,1.3042357638997066,-0.29518964998891967,-0.3223857693349117,-0.6491056582062513,-0.2026316921140586,-0.31997545487912843,7
-0.8764597693500188,-0.9170186787017,-0.2550306852253353,2.4659848095803594,2.009592381171251,-0.6514911025695421,-0.8753811368949302,-0.08001280307281944,-0.16158484017509972,-0.7667325399895246,-0.29518964998891967,-0.3223857693349117,-0.6491056582062513,-0.2026316921140586,-0.31997545487912843,8
-0.8764597693500188,-0.9170186787017,-0.2550306852253353,-0.4055175020198813,-0.49761335152811925,-0.6514911025695421,-0.8753811368949302,-0.08001280307281944,-0.16158484017509972,-0.7667325399895246,3.38765264987284,-0.3223857693349117,-0.6491056582062513,-0.2026316921140586,3.125239716833131,6
0.8809315028671106,-0.9170186787017,-0.2550306852253353,-0.4055175020198813,-0.49761335152811925,1.3886364138434464,1.142359548147343,-0.08001280307281944,-0.16158484017509972,-0.7667325399895246,-0.29518964998891967,-0.3223857693349117,-0.6491056582062513,-0.2026316921140586,-0.31997545487912843,7
0.8809315028671106,0.7909829361313242,-0.2550306852253353,-0.4055175020198813,-0.49761335152811925,-0.6514911025695421,-0.8753811368949302,-0.08001280307281944,-0.16158484017509972,1.3042357638997066,-0.29518964998891967,-0.3223857693349117,-0.6491056582062513,-0.2026316921140586,3.125239716833131,2
0.8809315028671106,0.7909829361313242,-0.2550306852253353,-0.4055175020198813,-0.49761335152811925,1.3886364138434464,-0.8753811368949302,-0.08001280307281944,-0.16158484017509972,-0.7667325399895246,-0.29518964998891967,3.101873888735907,1.54058124029209,-0.2026316921140586,-0.31997545487912843,4
0.8809315028671106,-0.9170186787017,-0.2550306852253353,-0.4055175020198813,-0.49761335152811925,-0.6514911025695421,-0.8753811368949302,-0.08001280307281944,-0.16158484017509972,-0.7667325399895246,-0.29518964998891967,-0.3223857693349117,1.54058124029209,4.935062178906911,-0.31997545487912843,4
0.8809315028671106,0.7909829361313242,-0.2550306852253353,-0.4055175020198813,-0.49761335152811925,3.4287639302564346,1.142359548147343,-0.08001280307281944,-0.16158484017509972,1.3042357638997066,-0.29518964998891967,-0.3223857693349117,-0.6491056582062513,-0.2026316921140586,-0.31997545487912843,4
0.8809315028671106,-0.9170186787017,-0.2550306852253353,-0.4055175020198813,2.009592381171251,1.3886364138434464,-0.8753811368949302,-0.08001280307281944,-0.16158484017509972,-0.7667325399895246,-0.29518964998891967,-0.3223857693349117,-0.6491056582062513,-0.2026316921140586,3.125239716833131,6
-0.8764597693500188,-0.9170186787017,-0.2550306852253353,2.4659848095803594,2.009592381171251,-0.6514911025695421,1.142359548147343,-0.08001280307281944,-0.16158484017509972,-0.7667325399895246,-0.29518964998891967,-0.3223857693349117,1.54058124029209,-0.2026316921140586,-0.31997545487912843,7
0.8809315028671106,0.7909829361313242,-0.2550306852253353,-0.4055175020198813,-0.49761335152811925,-0.6514911025695421,-0.8753811368949302,-0.08001280307281944,-0.16158484017509972,-0.7667325399895246,-0.29518964998891967,-0.3223857693349117,-0.6491056582062513,-0.2026316921140586,3.125239716833131,7
-0.8764597693500188,-0.9170186787017,-0.2550306852253353,-0.4055175020198813,2.009592381171251,1.3886364138434464,1.142359548147343,-0.08001280307281944,-0.16158484017509972,-0.7667325399895246,-0.29518964998891967,-0.3223857693349117,1.54058124029209,-0.2026316921140586,-0.31997545487912843,7
0.8809315028671106,-0.9170186787017,-0.2550306852253353,-0.4055175020198813,-0.49761335152811925,1.3886364138434464,-0.8753811368949302,-0.08001280307281944,-0.16158484017509972,-0.7667325399895246,-0.29518964998891967,-0.3223857693349117,-0.6491056582062513,-0.2026316921140586,3.125239716833131,6
0.8809315028671106,-0.9170186787017,-0.2550306852253353,2.4659848095803594,2.009592381171251,1.3886364138434464,1.142359548147343,-0.08001280307281944,-0.16158484017509972,-0.7667325399895246,-0.29518964998891967,-0.3223857693349117,-0.6491056582062513,-0.2026316921140586,-0.31997545487912843,9
-0.8764597693500188,0.7909829361313242,-0.2550306852253353,-0.4055175020198813,-0.49761335152811925,-0.6514911025695421,1.142359548147343,-0.08001280307281944,-0.16158484017509972,1.3042357638997066,-0.29518964998891967,3.101873888735907,1.54058124029209,-0.2026316921140586,-0.31997545487912843,5
-0.8764597693500188,0.7909829361313242,-0.2550306852253353,-0.4055175020198813,-0.49761335152811925,-0.6514911025695421,1.142359548147343,-0.08001280307281944,-0.16158484017509972,1.3042357638997066,-0.29518964998891967,-0.3223857693349117,1.54058124029209,-0.2026316921140586,-0.31997545487912843,4
-0.8764597693500188,-0.9170186787017,-0.2550306852253353,-0.4055175020198813,-0.49761335152811925,-0.6514911025695421,1.142359548147343,-0.08001280307281944,-0.16158484017509972,-0.7667325399895246,-0.29518964998891967,-0.3223857693349117,1.54058124029209,-0.2026316921140586,-0.31997545487912843,6
-0.8764597693500188,-0.9170186787017,-0.2550306852253353,-0.4055175020198813,2.009592381171251,-0.6514911025695421,1.142359548147343,-0.08001280307281944,-0.16158484017509972,-0.7667325399895246,-0.29518964998891967,-0.3223857693349117,-0.6491056582062513,-0.2026316921140586,-0.31997545487912843,9
-0.8764597693500188,-0.9170186787017,-0.2550306852253353,2.4659848095803594,2.009592381171251,-0.6514911025695421,1.142359548147343,-0.08001280307281944,-0.16158484017509972,-0.7667325399895246,-0.29518964998891967,-0.3223857693349117,-0.6491056582062513,-0.2026316921140586,-0.31997545487912843,8
-0.8764597693500188,-0.9170186787017,-0.2550306852253353,2.4659848095803594,-0.49761335152811925,-0.6514911025695421,-0.8753811368949302,-0.08001280307281944,-0.16158484017509972,-0.7667325399895246,-0.29518964998891967,-0.3223857693349117,1.54058124029209,-0.2026316921140586,-0.31997545487912843,5
-0.8764597693500188,-0.9170186787017,-0.2550306852253353,-0.4055175020198813,2.009592381171251,-0.6514911025695421,1.142359548147343,-0.08001280307281944,-0.16158484017509972,-0.7667325399895246,-0.29518964998891967,-0.3223857693349117,-0.6491056582062513,-0.2026316921140586,-0.31997545487912843,6
2.63832277508424,-0.9170186787017,-0.2550306852253353,-0.4055175020198813,-0.49761335152811925,-0.6514911025695421,-0.8753811368949302,-0.08001280307281944,-0.16158484017509972,-0.7667325399895246,-0.29518964998891967,-0.3223857693349117,-0.6491056582062513,-0.2026316921140586,-0.31997545487912843,4
0.8809315028671106,-0.9170186787017,-0.2550306852253353,2.4659848095803594,-0.49761335152811925,-0.6514911025695421,1.142359548147343,-0.08001280307281944,-0.16158484017509972,1.3042357638997066,-0.29518964998891967,-0.3223857693349117,-0.6491056582062513,-0.2026316921140586,-0.31997545487912843,6
0.8809315028671106,0.7909829361313242,-0.2550306852253353,-0.4055175020198813,-0.49761335152811925,1.3886364138434464,1.142359548147343,-0.08001280307281944,-0.16158484017509972,-0.7667325399895246,-0.29518964998891967,3.101873888735907,1.54058124029209,-0.2026316921140586,-0.31997545487912843,5
-0.8764597693500188,-0.9170186787017,3.9210967853395307,2.4659848095803594,-0.49761335152811925,-0.6514911025695421,1.142359548147343,-0.08001280307281944,-0.16158484017509972,-0.7667325399895246,-0.29518964998891967,-0.3223857693349117,-0.6491056582062513,-0.2026316921140586,-0.31997545487912843,8
0.8809315028671106,0.7909829361313242,-0.2550306852253353,-0.4055175020198813,-0.49761335152811925,1.3886364138434464,1.142359548147343,-0.08001280307281944,-0.16158484017509972,-0.7667325399895246,-0.29518964998891967,3.101873888735907,1.54058124029209,-0.2026316921140586,-0.31997545487912843,4
-0.8764597693500188,-0.9170186787017,3.9210967853395307,2.4659848095803594,2.009592381171251,-0.6514911025695421,1.142359548147343,-0.08001280307281944,-0.16158484017509972,-0.7667325399895246,-0.29518964998891967,-0.3223857693349117,-0.6491056582062513,-0.2026316921140586,-0.31997545487912843,8
0.8809315028671106,0.7909829361313242,-0.2550306852253353,-0.4055175020198813,-0.49761335152811925,-0.6514911025695421,-0.8753811368949302,-0.08001280307281944,-0.16158484017509972,-0.7667325399895246,-0.29518964998891967,-0.3223857693349117,-0.6491056582062513,-0.2026316921140586,-0.31997545487912843,4
0.8809315028671106,0.7909829361313242,-0.2550306852253353,-0.4055175020198813,-0.49761335152811925,1.3886364138434464,-0.8753811368949302,-0.08001280307281944,-0.16158484017509972,-0.7667325399895246,-0.29518964998891967,-0.3223857693349117,1.54058124029209,-0.2026316921140586,-0.31997545487912843,5
0.8809315028671106,-0.9170186787017,-0.2550306852253353,-0.4055175020198813,-0.49761335152811925,-0.6514911025695421,-0.8753811368949302,-0.08001280307281944,-0.16158484017509972,-0.7667325399895246,-0.29518964998891967,-0.3223857693349117,1.54058124029209,-0.2026316921140586,-0.31997545487912843,6
-0.8764597693500188,-0.9170186787017,-0.2550306852253353,-0.4055175020198813,2.009592381171251,-0.6514911025695421,-0.8753811368949302,-0.08001280307281944,-0.16158484017509972,-0.7667325399895246,-0.29518964998891967,-0.3223857693349117,-0.6491056582062513,-0.2026316921140586,-0.31997545487912843,7
-0.8764597693500188,0.7909829361313242,-0.2550306852253353,-0.4055175020198813,-0.49761335152811925,-0.6514911025695421,1.142359548147343,-0.08001280307281944,-0.16158484017509972,1.3042357638997066,-0.29518964998891967,3.101873888735907,-0.6491056582062513,-0.2026316921140586,-0.31997545487912843,6
0.8809315028671106,-0.9170186787017,-0.2550306852253353,-0.4055175020198813,2.009592381171251,1.3886364138434464,1.142359548147343,-0.08001280307281944,-0.16158484017509972,-0.7667325399895246,-0.29518964998891967,-0.3223857693349117,-0.6491056582062513,-0.2026316921140586,-0.31997545487912843,8
0.8809315028671106,-0.9170186787017,-0.2550306852253353,-0.4055175020198813,2.009592381171251,1.3886364138434464,-0.8753811368949302,-0.08001280307281944,-0.16158484017509972,-0.7667325399895246,-0.29518964998891967,-0.3223857693349117,-0.6491056582062513,-0.2026316921140586,-0.31997545487912843,6
2.63832277508424,0.7909829361313242,-0.2550306852253353,-0.4055175020198813,-0.49761335152811925,-0.6514911025695421,-0.8753811368949302,-0.08001280307281944,-0.16158484017509972,1.3042357638997066,-0.29518964998891967,-0.3223857693349117,-0.6491056582062513,-0.2026316921140586,-0.31997545487912843,4
0.8809315028671106,-0.9170186787017,-0.2550306852253353,-0.4055175020198813,-0.49761335152811925,1.3886364138434464,1.142359548147343,-0.08001280307281944,-0.16158484017509972,-0.7667325399895246,-0.29518964998891967,3.101873888735907,-0.6491056582062513,-0.2026316921140586,-0.31997545487912843,5
0.8809315028671106,0.7909829361313242,-0.2550306852253353,-0.4055175020198813,-0.49761335152811925,-0.6514911025695421,-0.8753811368949302,-0.08001280307281944,-0.16158484017509972,1.3042357638997066,3.38765264987284,-0.3223857693349117,1.54058124029209,-0.2026316921140586,-0.31997545487912843,4
0.8809315028671106,-0.9170186787017,-0.2550306852253353,2.4659848095803594,-0.49761335152811925,-0.6514911025695421,-0.8753811368949302,-0.08001280307281944,-0.16158484017509972,-0.7667325399895246,-0.29518964998891967,-0.3223857693349117,1.54058124029209,-0.2026316921140586,-0.31997545487912843,5
-0.8764597693500188,-0.9170186787017,-0.2550306852253353,-0.4055175020198813,2.009592381171251,1.3886364138434464,1.142359548147343,-0.08001280307281944,-0.16158484017509972,-0.7667325399895246,-0.29518964998891967,-0.3223857693349117,-0.6491056582062513,-0.2026316921140586,-0.31997545487912843,6
-0.8764597693500188,0.7909829361313242,-0.2550306852253353,-0.4055175020198813,-0.49761335152811925,-0.6514911025695421,-0.8753811368949302,-0.08001280307281944,-0.16158484017509972,1.3042357638997066,-0.29518964998891967,-0.3223857693349117,-0.6491056582062513,-0.2026316921140586,-0.31997545487912843,6
-0.8764597693500188,-0.9170186787017,3.9210967853395307,-0.4055175020198813,-0.49761335152811925,-0.6514911025695421,-0.8753811368949302,-0.08001280307281944,-0.16158484017509972,-0.7667325399895246,3.38765264987284,-0.3223857693349117,-0.6491056582062513,-0.2026316921140586,-0.31997545487912843,8
-0.8764597693500188,0.7909829361313242,-0.2550306852253353,-0.4055175020198813,-0.49761335152811925,-0.6514911025695421,-0.8753811368949302,-0.08001280307281944,-0.16158484017509972,1.3042357638997066,-0.29518964998891967,-0.3223857693349117,-0.6491056582062513,-0.2026316921140586,-0.31997545487912843,4
-0.8764597693500188,-0.9170186787017,-0.2550306852253353,-0.4055175020198813,2.009592381171251,-0.6514911025695421,1.142359548147343,-0.08001280307281944,6.18869937870632,-0.7667325399895246,-0.29518964998891967,-0.3223857693349117,-0.6491056582062513,-0.2026316921140586,-0.31997545487912843,7
-0.8764597693500188,-0.9170186787017,-0.2550306852253353,-0.4055175020198813,-0.49761335152811925,-0.6514911025695421,1.142359548147343,-0.08001280307281944,-0.16158484017509972,1.3042357638997066,3.38765264987284,-0.3223857693349117,-0.6491056582062513,-0.2026316921140586,-0.31997545487912843,7
-0.8764597693500188,0.7909829361313242,-0.2550306852253353,-0.4055175020198813,-0.49761335152811925,-0.6514911025695421,-0.8753811368949302,-0.08001280307281944,-0.16158484017509972,-0.7667325399895246,-0.29518964998891967,-0.3223857693349117,-0.6491056582062513,-0.2026316921140586,-0.31997545487912843,6
-0.8764597693500188,-0.9170186787017,-0.2550306852253353,2.4659848095803594,2.009592381171251,-0.6514911025695421,1.142359548147343,-0.08001280307281944,-0.16158484017509972,-0.7667325399895246,-0.29518964998891967,-0.3223857693349117,-0.6491056582062513,-0.2026316921140586,-0.31997545487912843,8
-0.8764597693500188,0.7909829361313242,-0.2550306852253353,-0.4055175020198813,2.009592381171251,1.3886364138434464,1.142359548147343,-0.08001280307281944,-0.16158484017509972,-0.7667325399895246,-0.29518964998891967,-0.3223857693349117,-0.6491056582062513,-0.2026316921140586,-0.31997545487912843,5
-0.8764597693500188,0.7909829361313242,-0.2550306852253353,-0.4055175020198813,-0.49761335152811925,1.3886364138434464,-0.8753811368949302,-0.08001280307281944,-0.16158484017509972,1.3042357638997066,3.38765264987284,-0.3223857693349117,-0.6491056582062513,-0.2026316921140586,-0.31997545487912843,6
0.8809315028671106,-0.9170186787017,-0.2550306852253353,-0.4055175020198813,-0.49761335152811925,-0.6514911025695421,-0.8753811368949302,-0.08001280307281944,-0.16158484017509972,1.3042357638997066,-0.29518964998891967,-0.3223857693349117,1.54058124029209,4.935062178906911,-0.31997545487912843,2
0.8809315028671106,0.7909829361313242,-0.2550306852253353,-0.4055175020198813,-0.49761335152811925,-0.6514911025695421,-0.8753811368949302,-0.08001280307281944,-0.16158484017509972,-0.7667325399895246,-0.29518964998891967,-0.3223857693349117,-0.6491056582062513,-0.2026316921140586,-0.31997545487912843,7
2.63832277508424,-0.9170186787017,-0.2550306852253353,-0.4055175020198813,-0.49761335152811925,-0.6514911025695421,-0.8753811368949302,-0.08001280307281944,-0.16158484017509972,-0.7667325399895246,-0.29518964998891967,-0.3223857693349117,1.54058124029209,-0.2026316921140586,-0.31997545487912843,4
0.8809315028671106,-0.9170186787017,-0.2550306852253353,-0.4055175020198813,-0.49761335152811925,-0.6514911025695421,1.142359548147343,-0.08001280307281944,-0.16158484017509972,-0.7667325399895246,-0.29518964998891967,3.101873888735907,1.54058124029209,-0.2026316921140586,-0.31997545487912843,6
-0.8764597693500188,0.7909829361313242,-0.2550306852253353,-0.4055175020198813,-0.49761335152811925,-0.6514911025695421,1.142359548147343,-0.08001280307281944,-0.16158484017509972,1.3042357638997066,-0.29518964998891967,-0.3223857693349117,-0.6491056582062513,-0.2026316921140586,-0.31997545487912843,8
-0.8764597693500188,0.7909829361313242,-0.2550306852253353,-0.4055175020198813,-0.49761335152811925,1.3886364138434464,-0.8753811368949302,-0.08001280307281944,-0.16158484017509972,1.3042357638997066,-0.29518964998891967,-0.3223857693349117,-0.6491056582062513,-0.2026316921140586,-0.31997545487912843,5
0.8809315028671106,-0.9170186787017,-0.2550306852253353,-0.4055175020198813,-0.49761335152811925,-0.6514911025695421,-0.8753811368949302,-0.08001280307281944,-0.16158484017509972,1.3042357638997066,-0.29518964998891967,-0.3223857693349117,1.54058124029209,-0.2026316921140586,-0.31997545487912843,3
-0.8764597693500188,0.7909829361313242,-0.2550306852253353,-0.4055175020198813,2.009592381171251,-0.6514911025695421,1.142359548147343,-0.08001280307281944,-0.16158484017509972,-0.7667325399895246,-0.29518964998891967,-0.3223857693349117,1.54058124029209,-0.2026316921140586,-0.31997545487912843,6
-0.8764597693500188,-0.9170186787017,-0.2550306852253353,-0.4055175020198813,-0.49761335152811925,-0.6514911025695421,-0.8753811368949302,-0.08001280307281944,-0.16158484017509972,-0.7667325399895246,-0.29518964998891967,-0.3223857693349117,-0.6491056582062513,-0.2026316921140586,3.125239716833131,6
-0.8764597693500188,0.7909829361313242,-0.2550306852253353,-0.4055175020198813,-0.49761335152811925,-0.6514911025695421,-0.8753811368949302,-0.08001280307281944,-0.16158484017509972,1.3042357638997066,-0.29518964998891967,-0.3223857693349117,-0.6491056582062513,-0.2026316921140586,-0.31997545487912843,5
-0.8764597693500188,-0.9170186787017,-0.2550306852253353,-0.4055175020198813,2.009592381171251,-0.6514911025695421,1.142359548147343,-0.08001280307281944,-0.16158484017509972,-0.7667325399895246,-0.29518964998891967,-0.3223857693349117,-0.6491056582062513,-0.2026316921140586,-0.31997545487912843,6
0.8809315028671106,-0.9170186787017,-0.2550306852253353,-0.4055175020198813,2.009592381171251,-0.6514911025695421,1.142359548147343,-0.08001280307281944,-0.16158484017509972,-0.7667325399895246,-0.29518964998891967,-0.3223857693349117,-0.6491056582062513,-0.2026316921140586,-0.31997545487912843,7
0.8809315028671106,2.4989845509643485,-0.2550306852253353,-0.4055175020198813,-0.49761335152811925,1.3886364138434464,1.142359548147343,-0.08001280307281944,-0.16158484017509972,1.3042357638997066,-0.29518964998891967,-0.3223857693349117,-0.6491056582062513,-0.2026316921140586,-0.31997545487912843,3
-0.8764597693500188,-0.9170186787017,-0.2550306852253353,2.4659848095803594,-0.49761335152811925,-0.6514911025695421,-0.8753811368949302,-0.08001280307281944,-0.16158484017509972,-0.7667325399895246,-0.29518964998891967,-0.3223857693349117,-0.6491056582062513,-0.2026316921140586,-0.31997545487912843,7
-0.8764597693500188,0.7909829361313242,-0.2550306852253353,-0.4055175020198813,-0.49761335152811925,-0.6514911025695421,1.142359548147343,-0.08001280307281944,-0.16158484017509972,-0.7667325399895246,-0.29518964998891967,3.101873888735907,1.54058124029209,-0.2026316921140586,-0.31997545487912843,4
-0.8764597693500188,0.7909829361313242,-0.2550306852253353,-0.4055175020198813,-0.49761335152811925,-0.6514911025695421,-0.8753811368949302,-0.08001280307281944,-0.16158484017509972,1.3042357638997066,-0.29518964998891967,-0.3223857693349117,1.54058124029209,-0.2026316921140586,-0.31997545487912843,6
0.8809315028671106,2.4989845509643485,-0.2550306852253353,-0.4055175020198813,-0.49761335152811925,1.3886364138434464,1.142359548147343,-0.08001280307281944,-0.16158484017509972,-0.7667325399895246,-0.29518964998891967,-0.3223857693349117,1.54058124029209,-0.2026316921140586,-0.31997545487912843,4
0.8809315028671106,0.7909829361313242,-0.2550306852253353,-0.4055175020198813,-0.49761335152811925,-0.6514911025695421,-0.8753811368949302,-0.08001280307281944,-0.16158484017509972,1.3042357638997066,3.38765264987284,-0.3223857693349117,-0.6491056582062513,-0.2026316921140586,-0.31997545487912843,6
-0.8764597693500188,-0.9170186787017,-0.2550306852253353,-0.4055175020198813,-0.49761335152811925,-0.6514911025695421,-0.8753811368949302,-0.08001280307281944,-0.16158484017509972,1.3042357638997066,-0.29518964998891967,-0.3223857693349117,1.54058124029209,-0.2026316921140586,-0.31997545487912843,5
0.8809315028671106,0.7909829361313242,-0.2550306852253353,-0.4055175020198813,2.009592381171251,-0.6514911025695421,-0.8753811368949302,-0.08001280307281944,-0.16158484017509972,-0.7667325399895246,-0.29518964998891967,-0.3223857693349117,-0.6491056582062513,-0.2026316921140586,-0.31997545487912843,4
0.8809315028671106,0.7909829361313242,-0.2550306852253353,-0.4055175020198813,-0.49761335152811925,-0.6514911025695421,1.142359548147343,-0.08001280307281944,-0.16158484017509972,1.3042357638997066,-0.29518964998891967,-0.3223857693349117,-0.6491056582062513,4.935062178906911,-0.31997545487912843,4
0.8809315028671106,-0.9170186787017,-0.2550306852253353,-0.4055175020198813,-0.49761335152811925,1.3886364138434464,1.142359548147343,-0.08001280307281944,-0.16158484017509972,-0.7667325399895246,-0.29518964998891967,-0.3223857693349117,1.54058124029209,-0.2026316921140586,-0.31997545487912843,4
-0.8764597693500188,0.7909829361313242,-0.2550306852253353,-0.4055175020198813,-0.49761335152811925,-0.6514911025695421,-0.8753811368949302,-0.08001280307281944,-0.16158484017509972,1.3042357638997066,3.38765264987284,-0.3223857693349117,-0.6491056582062513,-0.2026316921140586,-0.31997545487912843,5
-0.8764597693500188,0.7909829361313242,-0.2550306852253353,-0.4055175020198813,-0.49761335152811925,-0.6514911025695421,1.142359548147343,-0.08001280307281944,-0.16158484017509972,-0.7667325399895246,-0.29518964998891967,-0.3223857693349117,-0.6491056582062513,-0.2026316921140586,3.125239716833131,7
-0.8764597693500188,-0.9170186787017,-0.2550306852253353,-0.4055175020198813,-0.49761335152811925,1.3886364138434464,-0.8753811368949302,-0.08001280307281944,-0.16158484017509972,-0.7667325399895246,-0.29518964998891967,-0.3223857693349117,-0.6491056582062513,4.935062178906911,-0.31997545487912843,5
-0.8764597693500188,0.7909829361313242,-0.2550306852253353,-0.4055175020198813,-0.49761335152811925,-0.6514911025695421,-0.8753811368949302,-0.08001280307281944,-0.16158484017509972,-0.7667325399895246,-0.29518964998891967,-0.3223857693349117,1.54058124029209,-0.2026316921140586,-0.31997545487912843,5
0.8809315028671106,0.7909829361313242,-0.2550306852253353,-0.4055175020198813,-0.49761335152811925,1.3886364138434464,1.142359548147343,-0.08001280307281944,-0.16158484017509972,-0.7667325399895246,-0.29518964998891967,3.101873888735907,1.54058124029209,-0.2026316921140586,-0.31997545487912843,3
0.8809315028671106,-0.9170186787017,-0.2550306852253353,-0.4055175020198813,-0.49761335152811925,1.3886364138434464,-0.8753811368949302,-0.08001280307281944,-0.16158484017509972,-0.7667325399895246,3.38765264987284,-0.3223857693349117,-0.6491056582062513,-0.2026316921140586,3.125239716833131,6
-0.8764597693500188,-0.9170186787017,-0.2550306852253353,2.4659848095803594,-0.49761335152811925,-0.6514911025695421,1.142359548147343,-0.08001280307281944,-0.16158484017509972,-0.7667325399895246,-0.29518964998891967,-0.3223857693349117,-0.6491056582062513,-0.2026316921140586,-0.31997545487912843,6
-0.8764597693500188,-0.9170186787017,-0.2550306852253353,-0.4055175020198813,-0.49761335152811925,-0.6514911025695421,-0.8753811368949302,-0.08001280307281944,-0.16158484017509972,1.3042357638997066,-0.29518964998891967,-0.3223857693349117,1.54058124029209,-0.2026316921140586,-0.31997545487912843,6
-0.8764597693500188,-0.9170186787017,-0.2550306852253353,-0.4055175020198813,-0.49761335152811925,-0.6514911025695421,-0.8753811368949302,-0.08001280307281944,-0.16158484017509972,-0.7667325399895246,-0.29518964998891967,-0.3223857693349117,-0.6491056582062513,-0.2026316921140586,3.125239716833131,7
0.8809315028671106,-0.9170186787017,-0.2550306852253353,-0.4055175020198813,-0.49761335152811925,-0.6514911025695421,-0.8753811368949302,-0.08001280307281944,-0.16158484017509972,-0.7667325399895246,-0.29518964998891967,-0.3223857693349117,-0.6491056582062513,4.935062178906911,-0.31997545487912843,7
-0.8764597693500188,-0.9170186787017,-0.2550306852253353,-0.4055175020198813,-0.49761335152811925,-0.6514911025695421,-0.8753811368949302,-0.08001280307281944,-0.16158484017509972,-0.7667325399895246,-0.29518964998891967,3.101873888735907,-0.6491056582062513,-0.2026316921140586,-0.31997545487912843,5
-0.8764597693500188,0.7909829361313242,-0.2550306852253353,-0.4055175020198813,-0.49761335152811925,-0.6514911025695421,-0.8753811368949302,-0.08001280307281944,-0.16158484017509972,1.3042357638997066,-0.29518964998891967,3.101873888735907,1.54058124029209,-0.2026316921140586,-0.31997545487912843,5
-0.8764597693500188,-0.9170186787017,-0.2550306852253353,-0.4055175020198813,2.009592381171251,-0.6514911025695421,1.142359548147343,-0.08001280307281944,-0.16158484017509972,-0.7667325399895246,-0.29518964998891967,-0.3223857693349117,-0.6491056582062513,-0.2026316921140586,-0.31997545487912843,8
-0.8764597693500188,-0.9170186787017,-0.2550306852253353,-0.4055175020198813,-0.49761335152811925,-0.6514911025695421,1.142359548147343,-0.08001280307281944,-0.16158484017509972,-0.7667325399895246,-0.29518964998891967,-0.3223857693349117,-0.6491056582062513,-0.2026316921140586,-0.31997545487912843,8
-0.8764597693500188,-0.9170186787017,-0.2550306852253353,2.4659848095803594,2.009592381171251,-0.6514911025695421,1.142359548147343,-0.08001280307281944,6.18869937870632,-0.7667325399895246,-0.29518964998891967,-0.3223857693349117,-0.6491056582062513,-0.2026316921140586,-0.31997545487912843,8
0.8809315028671106,0.7909829361313242,-0.2550306852253353,-0.4055175020198813,-0.49761335152811925,1.3886364138434464,-0.8753811368949302,-0.08001280307281944,-0.16158484017509972,1.3042357638997066,-0.29518964998891967,3.101873888735907,-0.6491056582062513,-0.2026316921140586,-0.31997545487912843,4
-0.8764597693500188,-0.9170186787017,-0.2550306852253353,-0.4055175020198813,-0.49761335152811925,-0.6514911025695421,1.142359548147343,-0.08001280307281944,-0.16158484017509972,-0.7667325399895246,-0.29518964998891967,-0.3223857693349117,-0.6491056582062513,-0.2026316921140586,3.125239716833131,6
-0.8764597693500188,-0.9170186787017,-0.2550306852253353,-0.4055175020198813,-0.49761335152811925,-0.6514911025695421,-0.8753811368949302,-0.08001280307281944,-0.16158484017509972,-0.7667325399895246,3.38765264987284,-0.3223857693349117,-0.6491056582062513,-0.2026316921140586,-0.31997545487912843,7
-0.8764597693500188,0.7909829361313242,-0.2550306852253353,-0.4055175020198813,-0.49761335152811925,-0.6514911025695421,-0.8753811368949302,-0.08001280307281944,-0.16158484017509972,1.3042357638997066,3.38765264987284,-0.3223857693349117,-0.6491056582062513,-0.2026316921140586,-0.31997545487912843,8
-0.8764597693500188,0.7909829361313242,-0.2550306852253353,-0.4055175020198813,2.009592381171251,1.3886364138434464,1.142359548147343,-0.08001280307281944,-0.16158484017509972,-0.7667325399895246,-0.29518964998891967,-0.3223857693349117,-0.6491056582062513,-0.2026316921140586,-0.31997545487912843,6
0.8809315028671106,2.4989845509643485,-0.2550306852253353,-0.4055175020198813,-0.49761335152811925,-0.6514911025695421,-0.8753811368949302,-0.08001280307281944,-0.16158484017509972,1.3042357638997066,-0.29518964998891967,-0.3223857693349117,1.54058124029209,-0.2026316921140586,-0.31997545487912843,5
0.8809315028671106,-0.9170186787017,-0.2550306852253353,-0.4055175020198813,-0.49761335152811925,1.3886364138434464,1.142359548147343,-0.08001280307281944,-0.16158484017509972,-0.7667325399895246,-0.29518964998891967,-0.3223857693349117,1.54058124029209,-0.2026316921140586,-0.31997545487912843,6
-0.8764597693500188,-0.9170186787017,-0.2550306852253353,-0.4055175020198813,-0.49761335152811925,-0.6514911025695421,-0.8753811368949302,-0.08001280307281944,6.18869937870632,-0.7667325399895246,-0.29518964998891967,-0.3223857693349117,-0.6491056582062513,-0.2026316921140586,-0.31997545487912843,7
-0.8764597693500188,0.7909829361313242,-0.2550306852253353,2.4659848095803594,-0.49761335152811925,-0.6514911025695421,1.142359548147343,-0.08001280307281944,-0.16158484017509972,-0.7667325399895246,-0.29518964998891967,-0.3223857693349117,-0.6491056582062513,-0.2026316921140586,-0.31997545487912843,6
0.8809315028671106,0.7909829361313242,-0.2550306852253353,-0.4055175020198813,-0.49761335152811925,-0.6514911025695421,1.142359548147343,-0.08001280307281944,-0.16158484017509972,-0.7667325399895246,-0.29518964998891967,3.101873888735907,1.54058124029209,-0.2026316921140586,-0.31997545487912843,7
0.8809315028671106,-0.9170186787017,-0.2550306852253353,-0.4055175020198813,-0.49761335152811925,1.3886364138434464,1.142359548147343,-0.08001280307281944,-0.16158484017509972,1.3042357638997066,-0.29518964998891967,-0.3223857693349117,-0.6491056582062513,-0.2026316921140586,-0.31997545487912843,6
-0.8764597693500188,-0.9170186787017,-0.2550306852253353,2.4659848095803594,2.009592381171251,-0.6514911025695421,1.142359548147343,-0.08001280307281944,-0.16158484017509972,-0.7667325399895246,-0.29518964998891967,-0.3223857693349117,-0.6491056582062513,-0.2026316921140586,-0.31997545487912843,9
0.8809315028671106,-0.9170186787017,-0.2550306852253353,-0.4055175020198813,-0.49761335152811925,-0.6514911025695421,1.142359548147343,-0.08001280307281944,-0.16158484017509972,-0.7667325399895246,-0.29518964998891967,3.101873888735907,1.54058124029209,-0.2026316921140586,-0.31997545487912843,3
0.8809315028671106,-0.9170186787017,-0.2550306852253353,-0.4055175020198813,-0.49761335152811925,-0.6514911025695421,-0.8753811368949302,-0.08001280307281944,-0.16158484017509972,1.3042357638997066,-0.29518964998891967,-0.3223857693349117,-0.6491056582062513,-0.2026316921140586,-0.31997545487912843,6
0.8809315028671106,-0.9170186787017,-0.2550306852253353,2.4659848095803594,-0.49761335152811925,-0.6514911025695421,1.142359548147343,-0.08001280307281944,-0.16158484017509972,-0.7667325399895246,-0.29518964998891967,-0.3223857693349117,-0.6491056582062513,-0.2026316921140586,-0.31997545487912843,5
-0.8764597693500188,-0.9170186787017,-0.2550306852253353,-0.4055175020198813,-0.49761335152811925,-0.6514911025695421,-0.8753811368949302,-0.08001280307281944,-0.16158484017509972,1.3042357638997066,-0.29518964998891967,-0.3223857693349117,-0.6491056582062513,-0.2026316921140586,-0.31997545487912843,6
0.8809315028671106,2.4989845509643485,-0.2550306852253353,-0.4055175020198813,-0.49761335152811925,-0.6514911025695421,1.142359548147343,-0.08001280307281944,-0.16158484017509972,-0.7667325399895246,-0.29518964998891967,-0.3223857693349117,-0.6491056582062513,-0.2026316921140586,-0.31997545487912843,4
-0.8764597693500188,0.7909829361313242,-0.2550306852253353,-0.4055175020198813,-0.49761335152811925,1.3886364138434464,-0.8753811368949302,-0.08001280307281944,-0.16158484017509972,1.3042357638997066,-0.29518964998891967,-0.3223857693349117,-0.6491056582062513,-0.2026316921140586,-0.31997545487912843,7
-0.8764597693500188,-0.9170186787017,-0.2550306852253353,-0.4055175020198813,-0.49761335152811925,-0.6514911025695421,1.142359548147343,-0.08001280307281944,-0.16158484017509972,-0.7667325399895246,-0.29518964998891967,-0.3223857693349117,-0.6491056582062513,4.935062178906911,-0.31997545487912843,7
0.8809315028671106,-0.9170186787017,-0.2550306852253353,-0.4055175020198813,-0.49761335152811925,1.3886364138434464,-0.8753811368949302,-0.08001280307281944,-0.16158484017509972,1.3042357638997066,-0.29518964998891967,-0.3223857693349117,1.54058124029209,-0.2026316921140586,-0.31997545487912843,5
0.8809315028671106,0.7909829361313242,-0.2550306852253353,-0.4055175020198813,-0.49761335152811925,-0.6514911025695421,-0.8753811368949302,-0.08001280307281944,-0.16158484017509972,1.3042357638997066,-0.29518964998891967,-0.3223857693349117,-0.6491056582062513,-0.2026316921140586,-0.31997545487912843,6
0.8809315028671106,2.4989845509643485,-0.2550306852253353,-0.4055175020198813,-0.49761335152811925,3.4287639302564346,-0.8753811368949302,-0.08001280307281944,-0.16158484017509972,1.3042357638997066,-0.29518964998891967,-0.3223857693349117,-0.6491056582062513,-0.2026316921140586,-0.31997545487912843,2
0.8809315028671106,0.7909829361313242,-0.2550306852253353,-0.4055175020198813,-0.49761335152811925,1.3886364138434464,-0.8753811368949302,-0.08001280307281944,-0.16158484017509972,1.3042357638997066,-0.29518964998891967,3.101873888735907,1.54058124029209,-0.2026316921140586,-0.31997545487912843,4
-0.8764597693500188,2.4989845509643485,-0.2550306852253353,-0.4055175020198813,-0.49761335152811925,-0.6514911025695421,-0.8753811368949302,-0.08001280307281944,-0.16158484017509972,1.3042357638997066,-0.29518964998891967,-0.3223857693349117,-0.6491056582062513,-0.2026316921140586,-0.31997545487912843,4
0.8809315028671106,0.7909829361313242,-0.2550306852253353,-0.4055175020198813,-0.49761335152811925,1.3886364138434464,-0.8753811368949302,-0.08001280307281944,-0.16158484017509972,1.3042357638997066,3.38765264987284,-0.3223857693349117,-0.6491056582062513,-0.2026316921140586,-0.31997545487912843,7
0.8809315028671106,-0.9170186787017,-0.2550306852253353,-0.4055175020198813,-0.49761335152811925,1.3886364138434464,-0.8753811368949302,-0.08001280307281944,-0.16158484017509972,-0.7667325399895246,-0.29518964998891967,-0.3223857693349117,-0.6491056582062513,-0.2026316921140586,-0.31997545487912843,5
0.8809315028671106,0.7909829361313242,-0.2550306852253353,-0.4055175020198813,-0.49761335152811925,1.3886364138434464,-0.8753811368949302,-0.08001280307281944,-0.16158484017509972,1.3042357638997066,-0.29518964998891967,3.101873888735907,-0.6491056582062513,-0.2026316921140586,-0.31997545487912843,3
-0.8764597693500188,-0.9170186787017,-0.2550306852253353,-0.4055175020198813,-0.49761335152811925,-0.6514911025695421,-0.8753811368949302,-0.08001280307281944,-0.16158484017509972,1.3042357638997066,-0.29518964998891967,-0.3223857693349117,1.54058124029209,-0.2026316921140586,-0.31997545487912843,7
-0.8764597693500188,0.7909829361313242,-0.2550306852253353,-0.4055175020198813,-0.49761335152811925,1.3886364138434464,-0.8753811368949302,-0.08001280307281944,-0.16158484017509972,-0.7667325399895246,-0.29518964998891967,-0.3223857693349117,-0.6491056582062513,-0.2026316921140586,3.125239716833131,5
-0.8764597693500188,0.7909829361313242,-0.2550306852253353,-0.4055175020198813,-0.49761335152811925,-0.6514911025695421,1.142359548147343,-0.08001280307281944,-0.16158484017509972,-0.7667325399895246,-0.29518964998891967,-0.3223857693349117,1.54058124029209,-0.2026316921140586,-0.31997545487912843,7
-0.8764597693500188,0.7909829361313242,-0.2550306852253353,-0.4055175020198813,2.009592381171251,1.3886364138434464,1.142359548147343,-0.08001280307281944,-0.16158484017509972,-0.7667325399895246,-0.29518964998891967,-0.3223857693349117,1.54058124029209,-0.2026316921140586,-0.31997545487912843,6
0.8809315028671106,2.4989845509643485,-0.2550306852253353,-0.4055175020198813,-0.49761335152811925,1.3886364138434464,-0.8753811368949302,-0.08001280307281944,-0.16158484017509972,1.3042357638997066,-0.29518964998891967,-0.3223857693349117,-0.6491056582062513,-0.2026316921140586,-0.31997545487912843,2
-0.8764597693500188,-0.9170186787017,-0.2550306852253353,-0.4055175020198813,2.009592381171251,-0.6514911025695421,-0.8753811368949302,-0.08001280307281944,-0.16158484017509972,1.3042357638997066,-0.29518964998891967,-0.3223857693349117,-0.6491056582062513,-0.2026316921140586,-0.31997545487912843,5
-0.8764597693500188,-0.9170186787017,-0.2550306852253353,-0.4055175020198813,-0.49761335152811925,-0.6514911025695421,1.142359548147343,-0.08001280307281944,-0.16158484017509972,1.3042357638997066,-0.29518964998891967,-0.3223857693349117,-0.6491056582062513,-0.2026316921140586,-0.31997545487912843,6
0.8809315028671106,-0.9170186787017,-0.2550306852253353,-0.4055175020198813,-0.49761335152811925,-0.6514911025695421,-0.8753811368949302,-0.08001280307281944,-0.16158484017509972,-0.7667325399895246,-0.29518964998891967,-0.3223857693349117,-0.6491056582062513,-0.2026316921140586,-0.31997545487912843,4
-0.8764597693500188,-0.9170186787017,-0.2550306852253353,2.4659848095803594,2.009592381171251,-0.6514911025695421,1.142359548147343,-0.08001280307281944,6.18869937870632,-0.7667325399895246,-0.29518964998891967,-0.3223857693349117,-0.6491056582062513,-0.2026316921140586,-0.31997545487912843,9
0.8809315028671106,-0.9170186787017,-0.2550306852253353,-0.4055175020198813,2.009592381171251,1.3886364138434464,1.142359548147343,-0.08001280307281944,-0.16158484017509972,-0.7667325399895246,-0.29518964998891967,-0.3223857693349117,-0.6491056582062513,-0.2026316921140586,-0.31997545487912843,6
-0.8764597693500188,-0.9170186787017,3.9210967853395307,-0.4055175020198813,-0.49761335152811925,-0.6514911025695421,1.142359548147343,-0.08001280307281944,-0.16158484017509972,-0.7667325399895246,-0.29518964998891967,-0.3223857693349117,-0.6491056582062513,-0.2026316921140586,-0.31997545487912843,8
0.8809315028671106,-0.9170186787017,-0.2550306852253353,2.4659848095803594,-0.49761335152811925,-0.6514911025695421,1.142359548147343,-0.08001280307281944,-0.16158484017509972,-0.7667325399895246,-0.29518964998891967,-0.3223857693349117,-0.6491056582062513,-0.2026316921140586,-0.31997545487912843,6
2.63832277508424,0.7909829361313242,-0.2550306852253353,-0.4055175020198813,-0.49761335152811925,-0.6514911025695421,-0.8753811368949302,-0.08001280307281944,-0.16158484017509972,-0.7667325399895246,-0.29518964998891967,-0.3223857693349117,-0.6491056582062513,-0.2026316921140586,-0.31997545487912843,3
-0.8764597693500188,-0.9170186787017,-0.2550306852253353,-0.4055175020198813,-0.49761335152811925,-0.6514911025695421,1.142359548147343,-0.08001280307281944,-0.16158484017509972,-0.7667325399895246,-0.29518964998891967,3.101873888735907,1.54058124029209,-0.2026316921140586,-0.31997545487912843,4
0.8809315028671106,-0.9170186787017,-0.2550306852253353,-0.4055175020198813,-0.49761335152811925,-0.6514911025695421,1.142359548147343,-0.08001280307281944,-0.16158484017509972,-0.7667325399895246,-0.29518964998891967,-0.3223857693349117,-0.6491056582062513,-0.2026316921140586,-0.31997545487912843,7
-0.8764597693500188,0.7909829361313242,-0.2550306852253353,-0.4055175020198813,2.009592381171251,-0.6514911025695421,1.142359548147343,-0.08001280307281944,-0.16158484017509972,1.3042357638997066,-0.29518964998891967,-0.3223857693349117,-0.6491056582062513,-0.2026316921140586,-0.31997545487912843,6
-0.8764597693500188,-0.9170186787017,-0.2550306852253353,-0.4055175020198813,2.009592381171251,-0.6514911025695421,1.142359548147343,-0.08001280307281944,-0.16158484017509972,-0.7667325399895246,-0.29518964998891967,-0.3223857693349117,-0.6491056582062513,-0.2026316921140586,3.125239716833131,8
-0.8764597693500188,0.7909829361313242,-0.2550306852253353,-0.4055175020198813,-0.49761335152811925,-0.6514911025695421,-0.8753811368949302,-0.08001280307281944,-0.16158484017509972,1.3042357638997066,-0.29518964998891967,-0.3223857693349117,1.54058124029209,-0.2026316921140586,-0.31997545487912843,4
-0.8764597693500188,-0.9170186787017,-0.2550306852253353,2.4659848095803594,-0.49761335152811925,-0.6514911025695421,-0.8753811368949302,-0.08001280307281944,-0.16158484017509972,-0.7667325399895246,-0.29518964998891967,-0.3223857693349117,-0.6491056582062513,-0.2026316921140586,-0.31997545487912843,7
-0.8764597693500188,0.7909829361313242,-0.2550306852253353,-0.4055175020198813,-0.49761335152811925,1.3886364138434464,1.142359548147343,-0.08001280307281944,-0.16158484017509972,-0.7667325399895246,-0.29518964998891967,-0.3223857693349117,1.54058124029209,-0.2026316921140586,-0.31997545487912843,7
-0.8764597693500188,0.7909829361313242,-0.2550306852253353,2.4659848095803594,2.009592381171251,-0.6514911025695421,1.142359548147343,-0.08001280307281944,-0.16158484017509972,-0.7667325399895246,-0.29518964998891967,-0.3223857693349117,-0.6491056582062513,-0.2026316921140586,-0.31997545487912843,8
0.8809315028671106,0.7909829361313242,-0.2550306852253353,-0.4055175020198813,-0.49761335152811925,1.3886364138434464,-0.8753811368949302,12.497999839974396,-0.16158484017509972,-0.7667325399895246,-0.29518964998891967,-0.3223857693349117,-0.6491056582062513,-0.2026316921140586,-0.31997545487912843,4
0.8809315028671106,0.7909829361313242,-0.2550306852253353,-0.4055175020198813,2.009592381171251,1.3886364138434464,1.142359548147343,-0.08001280307281944,-0.16158484017509972,-0.7667325399895246,-0.29518964998891967,-0.3223857693349117,1.54058124029209,-0.2026316921140586,-0.31997545487912843,6
0.8809315028671106,-0.9170186787017,-0.2550306852253353,-0.4055175020198813,-0.49761335152811925,1.3886364138434464,-0.8753811368949302,-0.08001280307281944,-0.16158484017509972,-0.7667325399895246,-0.29518964998891967,-0.3223857693349117,-0.6491056582062513,-0.2026316921140586,3.125239716833131,4
-0.8764597693500188,-0.9170186787017,-0.2550306852253353,2.4659848095803594,-0.49761335152811925,-0.6514911025695421,1.142359548147343,-0.08001280307281944,-0.16158484017509972,1.3042357638997066,-0.29518964998891967,-0.3223857693349117,-0.6491056582062513,-0.2026316921140586,-0.31997545487912843,7
0.8809315028671106,0.7909829361313242,-0.2550306852253353,-0.4055175020198813,-0.49761335152811925,1.3886364138434464,-0.8753811368949302,-0.08001280307281944,-0.16158484017509972,-0.7667325399895246,-0.29518964998891967,3.101873888735907,1.54058124029209,-0.2026316921140586,-0.31997545487912843,5
-0.8764597693500188,0.7909829361313242,-0.2550306852253353,-0.4055175020198813,-0.49761335152811925,-0.6514911025695421,-0.8753811368949302,-0.08001280307281944,-0.16158484017509972,1.3042357638997066,-0.29518964998891967,-0.3223857693349117,-0.6491056582062513,-0.2026316921140586,3.125239716833131,5
-0.8764597693500188,0.7909829361313242,-0.2550306852253353,-0.4055175020198813,-0.49761335152811925,-0.6514911025695421,-0.8753811368949302,-0.08001280307281944,-0.16158484017509972,1.3042357638997066,-0.29518964998891967,-0.3223857693349117,-0.6491056582062513,-0.2026316921140586,-0.31997545487912843,7
0.8809315028671106,-0.9170186787017,3.9210967853395307,-0.4055175020198813,-0.49761335152811925,1.3886364138434464,-0.8753811368949302,-0.08001280307281944,-0.16158484017509972,-0.7667325399895246,-0.29518964998891967,-0.3223857693349117,-0.6491056582062513,-0.2026316921140586,-0.31997545487912843,7
-0.8764597693500188,-0.9170186787017,-0.2550306852253353,-0.4055175020198813,2.009592381171251,-0.6514911025695421,1.142359548147343,-0.08001280307281944,6.18869937870632,-0.7667325399895246,-0.29518964998891967,-0.3223857693349117,-0.6491056582062513,-0.2026316921140586,-0.31997545487912843,8
-0.8764597693500188,-0.9170186787017,3.9210967853395307,-0.4055175020198813,-0.49761335152811925,-0.6514911025695421,-0.8753811368949302,-0.08001280307281944,-0.16158484017509972,-0.7667325399895246,3.38765264987284,-0.3223857693349117,-0.6491056582062513,-0.2026316921140586,-0.31997545487912843,8
-0.8764597693500188,-0.9170186787017,-0.2550306852253353,2.4659848095803594,-0.49761335152811925,-0.6514911025695421,-0.8753811368949302,-0.08001280307281944,-0.16158484017509972,-0.7667325399895246,-0.29518964998891967,-0.3223857693349117,-0.6491056582062513,-0.2026316921140586,-0.31997545487912843,6
-0.8764597693500188,-0.9170186787017,-0.2550306852253353,2.4659848095803594,-0.49761335152811925,-0.6514911025695421,1.142359548147343,-0.08001280307281944,-0.16158484017509972,-0.7667325399895246,-0.29518964998891967,-0.3223857693349117,-0.6491056582062513,-0.2026316921140586,-0.31997545487912843,6
-0.8764597693500188,-0.9170186787017,3.9210967853395307,-0.4055175020198813,-0.49761335152811925,-0.6514911025695421,-0.8753811368949302,-0.08001280307281944,-0.16158484017509972,-0.7667325399895246,-0.29518964998891967,-0.3223857693349117,1.54058124029209,-0.2026316921140586,-0.31997545487912843,6
0.8809315028671106,-0.9170186787017,-0.2550306852253353,2.4659848095803594,-0.49761335152811925,1.3886364138434464,1.142359548147343,-0.08001280307281944,-0.16158484017509972,-0.7667325399895246,-0.29518964998891967,-0.3223857693349117,-0.6491056582062513,-0.2026316921140586,-0.31997545487912843,7
-0.8764597693500188,-0.9170186787017,-0.2550306852253353,-0.4055175020198813,-0.49761335152811925,-0.6514911025695421,1.142359548147343,-0.08001280307281944,-0.16158484017509972,-0.7667325399895246,-0.29518964998891967,-0.3223857693349117,1.54058124029209,-0.2026316921140586,-0.31997545487912843,7
-0.8764597693500188,-0.9170186787017,-0.2550306852253353,-0.4055175020198813,-0.49761335152811925,-0.6514911025695421,-0.8753811368949302,-0.08001280307281944,-0.16158484017509972,-0.7667325399895246,-0.29518964998891967,3.101873888735907,1.54058124029209,-0.2026316921140586,-0.31997545487912843,9
0.8809315028671106,0.7909829361313242,-0.2550306852253353,-0.4055175020198813,2.009592381171251,-0.6514911025695421,-0.8753811368949302,-0.08001280307281944,-0.16158484017509972,1.3042357638997066,-0.29518964998891967,-0.3223857693349117,-0.6491056582062513,-0.2026316921140586,-0.31997545487912843,6
0.8809315028671106,0.7909829361313242,-0.2550306852253353,-0.4055175020198813,-0.49761335152811925,-0.6514911025695421,1.142359548147343,-0.08001280307281944,-0.16158484017509972,1.3042357638997066,-0.29518964998891967,-0.3223857693349117,1.54058124029209,-0.2026316921140586,-0.31997545487912843,3
-0.8764597693500188,0.7909829361313242,-0.2550306852253353,-0.4055175020198813,-0.49761335152811925,-0.6514911025695421,1.142359548147343,-0.08001280307281944,-0.16158484017509972,-0.7667325399895246,-0.29518964998891967,3.101873888735907,1.54058124029209,-0.2026316921140586,-0.31997545487912843,5
-0.8764597693500188,-0.9170186787017,-0.2550306852253353,-0.4055175020198813,-0.49761335152811925,-0.6514911025695421,-0.8753811368949302,-0.08001280307281944,-0.16158484017509972,-0.7667325399895246,3.38765264987284,-0.3223857693349117,-0.6491056582062513,-0.2026316921140586,3.125239716833131,9
-0.8764597693500188,0.7909829361313242,-0.2550306852253353,-0.4055175020198813,-0.49761335152811925,-0.6514911025695421,1.142359548147343,-0.08001280307281944,-0.16158484017509972,1.3042357638997066,-0.29518964998891967,-0.3223857693349117,-0.6491056582062513,-0.2026316921140586,-0.31997545487912843,8
-0.8764597693500188,-0.9170186787017,3.9210967853395307,-0.4055175020198813,-0.49761335152811925,-0.6514911025695421,-0.8753811368949302,-0.08001280307281944,-0.16158484017509972,-0.7667325399895246,-0.29518964998891967,-0.3223857693349117,-0.6491056582062513,-0.2026316921140586,-0.31997545487912843,6
-0.8764597693500188,-0.9170186787017,3.9210967853395307,-0.4055175020198813,2.009592381171251,-0.6514911025695421,1.142359548147343,-0.08001280307281944,-0.16158484017509972,-0.7667325399895246,-0.29518964998891967,-0.3223857693349117,-0.6491056582062513,-0.2026316921140586,-0.31997545487912843,7
0.8809315028671106,0.7909829361313242,3.9210967853395307,-0.4055175020198813,-0.49761335152811925,1.3886364138434464,-0.8753811368949302,-0.08001280307281944,-0.16158484017509972,-0.7667325399895246,-0.29518964998891967,-0.3223857693349117,-0.6491056582062513,-0.2026316921140586,-0.31997545487912843,7
-0.8764597693500188,2.4989845509643485,-0.2550306852253353,-0.4055175020198813,-0.49761335152811925,-0.6514911025695421,-0.8753811368949302,-0.08001280307281944,-0.16158484017509972,1.3042357638997066,-0.29518964998891967,-0.3223857693349117,-0.6491056582062513,-0.2026316921140586,-0.31997545487912843,2
-0.8764597693500188,0.7909829361313242,-0.2550306852253353,-0.4055175020198813,-0.49761335152811925,-0.6514911025695421,-0.8753811368949302,-0.08001280307281944,-0.16158484017509972,-0.7667325399895246,3.38765264987284,-0.3223857693349117,-0.6491056582062513,-0.2026316921140586,3.125239716833131,6
-0.8764597693500188,0.7909829361313242,-0.2550306852253353,-0.4055175020198813,2.009592381171251,1.3886364138434464,1.142359548147343,-0.08001280307281944,-0.16158484017509972,-0.7667325399895246,-0.29518964998891967,-0.3223857693349117,-0.6491056582062513,-0.2026316921140586,-0.31997545487912843,5
2.63832277508424,2.4989845509643485,-0.2550306852253353,-0.4055175020198813,-0.49761335152811925,-0.6514911025695421,-0.8753811368949302,-0.08001280307281944,-0.16158484017509972,1.3042357638997066,-0.29518964998891967,-0.3223857693349117,-0.6491056582062513,-0.2026316921140586,-0.31997545487912843,3
0.8809315028671106,-0.9170186787017,-0.2550306852253353,2.4659848095803594,2.009592381171251,-0.6514911025695421,1.142359548147343,-0.08001280307281944,-0.16158484017509972,-0.7667325399895246,-0.29518964998891967,-0.3223857693349117,-0.6491056582062513,-0.2026316921140586,-0.31997545487912843,6
0.8809315028671106,0.7909829361313242,-0.2550306852253353,-0.4055175020198813,-0.49761335152811925,-0.6514911025695421,-0.8753811368949302,-0.08001280307281944,-0.16158484017509972,1.3042357638997066,-0.29518964998891967,-0.3223857693349117,-0.6491056582062513,-0.2026316921140586,-0.31997545487912843,6
-0.8764597693500188,-0.9170186787017,-0.2550306852253353,-0.4055175020198813,-0.49761335152811925,-0.6514911025695421,1.142359548147343,-0.08001280307281944,-0.16158484017509972,-0.7667325399895246,-0.29518964998891967,-0.3223857693349117,-0.6491056582062513,-0.2026316921140586,-0.31997545487912843,7
0.8809315028671106,0.7909829361313242,-0.2550306852253353,-0.4055175020198813,-0.49761335152811925,-0.6514911025695421,1.142359548147343,-0.08001280307281944,-0.16158484017509972,1.3042357638997066,-0.29518964998891967,3.101873888735907,1.54058124029209,-0.2026316921140586,-0.31997545487912843,6
0.8809315028671106,-0.9170186787017,-0.2550306852253353,-0.4055175020198813,-0.49761335152811925,-0.6514911025695421,-0.8753811368949302,-0.08001280307281944,-0.16158484017509972,1.3042357638997066,-0.29518964998891967,-0.3223857693349117,-0.6491056582062513,-0.2026316921140586,-0.31997545487912843,6
-0.8764597693500188,0.7909829361313242,-0.2550306852253353,-0.4055175020198813,-0.49761335152811925,-0.6514911025695421,-0.8753811368949302,-0.08001280307281944,-0.16158484017509972,1.3042357638997066,-0.29518964998891967,-0.3223857693349117,1.54058124029209,-0.2026316921140586,-0.31997545487912843,5
-0.8764597693500188,-0.9170186787017,-0.2550306852253353,-0.4055175020198813,2.009592381171251,1.3886364138434464,1.142359548147343,-0.08001280307281944,-0.16158484017509972,-0.7667325399895246,-0.29518964998891967,-0.3223857693349117,-0.6491056582062513,-0.2026316921140586,-0.31997545487912843,8
-0.8764597693500188,0.7909829361313242,-0.2550306852253353,-0.4055175020198813,-0.49761335152811925,-0.6514911025695421,-0.8753811368949302,-0.08001280307281944,-0.16158484017509972,1.3042357638997066,-0.29518964998891967,-0.3223857693349117,-0.6491056582062513,-0.2026316921140586,-0.31997545487912843,7
0.8809315028671106,0.7909829361313242,-0.2550306852253353,-0.4055175020198813,-0.49761335152811925,-0.6514911025695421,1.142359548147343,-0.08001280307281944,-0.16158484017509972,1.3042357638997066,-0.29518964998891967,-0.3223857693349117,-0.6491056582062513,-0.2026316921140586,-0.31997545487912843,4
0.8809315028671106,-0.9170186787017,-0.2550306852253353,-0.4055175020198813,-0.49761335152811925,-0.6514911025695421,1.142359548147343,-0.08001280307281944,-0.16158484017509972,-0.7667325399895246,-0.29518964998891967,-0.3223857693349117,-0.6491056582062513,-0.2026316921140586,-0.31997545487912843,5
0.8809315028671106,-0.9170186787017,-0.2550306852253353,-0.4055175020198813,-0.49761335152811925,1.3886364138434464,-0.8753811368949302,-0.08001280307281944,-0.16158484017509972,-0.7667325399895246,-0.29518964998891967,-0.3223857693349117,1.54058124029209,-0.2026316921140586,-0.31997545487912843,6
-0.8764597693500188,-0.9170186787017,-0.2550306852253353,-0.4055175020198813,-0.49761335152811925,-0.6514911025695421,1.142359548147343,-0.08001280307281944,-0.16158484017509972,-0.7667325399895246,-0.29518964998891967,3.101873888735907,-0.6491056582062513,-0.2026316921140586,-0.31997545487912843,6
-0.8764597693500188,0.7909829361313242,-0.2550306852253353,-0.4055175020198813,-0.49761335152811925,1.3886364138434464,-0.8753811368949302,-0.08001280307281944,6.18869937870632,-0.7667325399895246,-0.29518964998891967,-0.3223857693349117,-0.6491056582062513,-0.2026316921140586,-0.31997545487912843,7
-0.8764597693500188,0.7909829361313242,-0.2550306852253353,-0.4055175020198813,-0.49761335152811925,1.3886364138434464,-0.8753811368949302,-0.08001280307281944,-0.16158484017509972,-0.7667325399895246,3.38765264987284,-0.3223857693349117,-0.6491056582062513,-0.2026316921140586,-0.31997545487912843,7
0.8809315028671106,-0.9170186787017,-0.2550306852253353,-0.4055175020198813,-0.49761335152811925,-0.6514911025695421,-0.8753811368949302,-0.08001280307281944,-0.16158484017509972,1.3042357638997066,-0.29518964998891967,-0.3223857693349117,1.54058124029209,-0.2026316921140586,-0.31997545487912843,5
0.8809315028671106,0.7909829361313242,-0.2550306852253353,-0.4055175020198813,-0.49761335152811925,-0.6514911025695421,-0.8753811368949302,-0.08001280307281944,-0.16158484017509972,1.3042357638997066,-0.29518964998891967,-0.3223857693349117,1.54058124029209,4.935062178906911,-0.31997545487912843,3
0.8809315028671106,0.7909829361313242,-0.2550306852253353,-0.4055175020198813,-0.49761335152811925,-0.6514911025695421,1.142359548147343,-0.08001280307281944,-0.16158484017509972,-0.7667325399895246,-0.29518964998891967,-0.3223857693349117,1.54058124029209,-0.2026316921140586,-0.31997545487912843,7
-0.8764597693500188,0.7909829361313242,-0.2550306852253353,-0.4055175020198813,-0.49761335152811925,-0.6514911025695421,-0.8753811368949302,-0.08001280307281944,-0.16158484017509972,1.3042357638997066,-0.29518964998891967,-0.3223857693349117,1.54058124029209,-0.2026316921140586,-0.31997545487912843,4
0.8809315028671106,0.7909829361313242,-0.2550306852253353,-0.4055175020198813,-0.49761335152811925,-0.6514911025695421,-0.8753811368949302,-0.08001280307281944,-0.16158484017509972,1.3042357638997066,-0.29518964998891967,-0.3223857693349117,1.54058124029209,-0.2026316921140586,-0.31997545487912843,5
-0.8764597693500188,2.4989845509643485,-0.2550306852253353,-0.4055175020198813,-0.49761335152811925,-0.6514911025695421,-0.8753811368949302,-0.08001280307281944,-0.16158484017509972,1.3042357638997066,-0.29518964998891967,-0.3223857693349117,-0.6491056582062513,-0.2026316921140586,-0.31997545487912843,3
-0.8764597693500188,0.7909829361313242,-0.2550306852253353,-0.4055175020198813,-0.49761335152811925,-0.6514911025695421,-0.8753811368949302,-0.08001280307281944,-0.16158484017509972,1.3042357638997066,-0.29518964998891967,-0.3223857693349117,-0.6491056582062513,-0.2026316921140586,-0.31997545487912843,6
0.8809315028671106,0.7909829361313242,-0.2550306852253353,-0.4055175020198813,2.009592381171251,-0.6514911025695421,1.142359548147343,-0.08001280307281944,-0.16158484017509972,1.3042357638997066,-0.29518964998891967,-0.3223857693349117,1.54058124029209,-0.2026316921140586,-0.31997545487912843,4
-0.8764597693500188,-0.9170186787017,3.9210967853395307,2.4659848095803594,-0.49761335152811925,-0.6514911025695421,1.142359548147343,-0.08001280307281944,-0.16158484017509972,-0.7667325399895246,-0.29518964998891967,-0.3223857693349117,-0.6491056582062513,-0.2026316921140586,-0.31997545487912843,9
0.8809315028671106,0.7909829361313242,-0.2550306852253353,-0.4055175020198813,-0.49761335152811925,-0.6514911025695421,-0.8753811368949302,-0.08001280307281944,-0.16158484017509972,1.3042357638997066,3.38765264987284,-0.3223857693349117,-0.6491056582062513,-0.2026316921140586,-0.31997545487912843,7
-0.8764597693500188,-0.9170186787017,-0.2550306852253353,2.4659848095803594,2.009592381171251,-0.6514911025695421,1.142359548147343,-0.08001280307281944,-0.16158484017509972,1.3042357638997066,-0.29518964998891967,-0.3223857693349117,-0.6491056582062513,-0.2026316921140586,-0.31997545487912843,5
-0.8764597693500188,0.7909829361313242,-0.2550306852253353,-0.4055175020198813,-0.49761335152811925,1.3886364138434464,-0.8753811368949302,-0.08001280307281944,-0.16158484017509972,1.3042357638997066,-0.29518964998891967,-0.3223857693349117,-0.6491056582062513,-0.2026316921140586,3.125239716833131,6
0.8809315028671106,0.7909829361313242,-0.2550306852253353,-0.4055175020198813,-0.49761335152811925,-0.6514911025695421,-0.8753811368949302,-0.08001280307281944,-0.16158484017509972,-0.7667325399895246,-0.29518964998891967,3.101873888735907,1.54058124029209,-0.2026316921140586,-0.31997545487912843,3
0.8809315028671106,2.4989845509643485,-0.2550306852253353,-0.4055175020198813,-0.49761335152811925,-0.6514911025695421,-0.8753811368949302,-0.08001280307281944,-0.16158484017509972,1.3042357638997066,3.38765264987284,-0.3223857693349117,-0.6491056582062513,-0.2026316921140586,-0.31997545487912843,7
2.63832277508424,-0.9170186787017,-0.2550306852253353,-0.4055175020198813,-0.49761335152811925,-0.6514911025695421,1.142359548147343,-0.08001280307281944,-0.16158484017509972,-0.7667325399895246,-0.29518964998891967,-0.3223857693349117,1.54058124029209,-0.2026316921140586,-0.31997545487912843,5
0.8809315028671106,-0.9170186787017,-0.2550306852253353,2.4659848095803594,2.009592381171251,1.3886364138434464,-0.8753811368949302,-0.08001280307281944,-0.16158484017509972,-0.7667325399895246,-0.29518964998891967,-0.3223857693349117,-0.6491056582062513,-0.2026316921140586,-0.31997545487912843,8
-0.8764597693500188,-0.9170186787017,-0.2550306852253353,-0.4055175020198813,-0.49761335152811925,1.3886364138434464,-0.8753811368949302,-0.08001280307281944,-0.16158484017509972,-0.7667325399895246,-0.29518964998891967,-0.3223857693349117,1.54058124029209,-0.2026316921140586,-0.31997545487912843,6
0.8809315028671106,0.7909829361313242,-0.2550306852253353,-0.4055175020198813,-0.49761335152811925,-0.6514911025695421,-0.8753811368949302,-0.08001280307281944,-0.16158484017509972,1.3042357638997066,3.38765264987284,-0.3223857693349117,-0.6491056582062513,-0.2026316921140586,-0.31997545487912843,5
-0.8764597693500188,0.7909829361313242,-0.2550306852253353,-0.4055175020198813,-0.49761335152811925,-0.6514911025695421,-0.8753811368949302,-0.08001280307281944,-0.16158484017509972,1.3042357638997066,-0.29518964998891967,-0.3223857693349117,1.54058124029209,4.935062178906911,-0.31997545487912843,2
0.8809315028671106,0.7909829361313242,-0.2550306852253353,-0.4055175020198813,-0.49761335152811925,1.3886364138434464,-0.8753811368949302,-0.08001280307281944,-0.16158484017509972,-0.7667325399895246,-0.29518964998891967,3.101873888735907,-0.6491056582062513,-0.2026316921140586,-0.31997545487912843,3
0.8809315028671106,-0.9170186787017,-0.2550306852253353,-0.4055175020198813,-0.49761335152811925,1.3886364138434464,1.142359548147343,-0.08001280307281944,-0.16158484017509972,1.3042357638997066,-0.29518964998891967,-0.3223857693349117,-0.6491056582062513,-0.2026316921140586,-0.31997545487912843,5
-0.8764597693500188,-0.9170186787017,3.9210967853395307,-0.4055175020198813,-0.49761335152811925,-0.6514911025695421,-0.8753811368949302,-0.08001280307281944,-0.16158484017509972,-0.7667325399895246,3.38765264987284,-0.3223857693349117,-0.6491056582062513,-0.2026316921140586,-0.31997545487912843,4
-0.8764597693500188,-0.9170186787017,-0.2550306852253353,-0.4055175020198813,-0.49761335152811925,-0.6514911025695421,1.142359548147343,-0.08001280307281944,-0.16158484017509972,-0.7667325399895246,-0.29518964998891967,-0.3223857693349117,1.54058124029209,-0.2026316921140586,-0.31997545487912843,7
-0.8764597693500188,-0.9170186787017,-0.2550306852253353,-0.4055175020198813,-0.49761335152811925,-0.6514911025695421,-0.8753811368949302,-0.08001280307281944,-0.16158484017509972,-0.7667325399895246,-0.29518964998891967,-0.3223857693349117,1.54058124029209,-0.2026316921140586,-0.31997545487912843,4
-0.8764597693500188,-0.9170186787017,-0.2550306852253353,2.4659848095803594,-0.49761335152811925,-0.6514911025695421,1.142359548147343,-0.08001280307281944,-0.16158484017509972,-0.7667325399895246,-0.29518964998891967,-0.3223857693349117,-0.6491056582062513,-0.2026316921140586,-0.31997545487912843,9
-0.8764597693500188,0.7909829361313242,-0.2550306852253353,-0.4055175020198813,-0.49761335152811925,-0.6514911025695421,-0.8753811368949302,-0.08001280307281944,-0.16158484017509972,1.3042357638997066,-0.29518964998891967,3.101873888735907,1.54058124029209,-0.2026316921140586,-0.31997545487912843,4
-0.8764597693500188,0.7909829361313242,-0.2550306852253353,2.4659848095803594,2.009592381171251,-0.6514911025695421,1.142359548147343,-0.08001280307281944,-0.16158484017509972,-0.7667325399895246,-0.29518964998891967,-0.3223857693349117,1.54058124029209,-0.2026316921140586,-0.31997545487912843,7
0.8809315028671106,0.7909829361313242,-0.2550306852253353,-0.4055175020198813,-0.49761335152811925,-0.6514911025695421,1.142359548147343,-0.08001280307281944,-0.16158484017509972,-0.7667325399895246,-0.29518964998891967,-0.3223857693349117,-0.6491056582062513,-0.2026316921140586,-0.31997545487912843,6
0.8809315028671106,0.7909829361313242,-0.2550306852253353,-0.4055175020198813,-0.49761335152811925,1.3886364138434464,-0.8753811368949302,-0.08001280307281944,-0.16158484017509972,-0.7667325399895246,-0.29518964998891967,3.101873888735907,-0.6491056582062513,-0.2026316921140586,-0.31997545487912843,4
0.8809315028671106,-0.9170186787017,-0.2550306852253353,-0.4055175020198813,2.009592381171251,-0.6514911025695421,-0.8753811368949302,-0.08001280307281944,-0.16158484017509972,-0.7667325399895246,-0.29518964998891967,-0.3223857693349117,-0.6491056582062513,-0.2026316921140586,-0.31997545487912843,5
-0.8764597693500188,0.7909829361313242,-0.2550306852253353,-0.4055175020198813,-0.49761335152811925,-0.6514911025695421,1.142359548147343,-0.08001280307281944,-0.16158484017509972,-0.7667325399895246,-0.29518964998891967,-0.3223857693349117,-0.6491056582062513,-0.2026316921140586,-0.31997545487912843,4
2.63832277508424,-0.9170186787017,-0.2550306852253353,-0.4055175020198813,-0.49761335152811925,1.3886364138434464,1.142359548147343,-0.08001280307281944,-0.16158484017509972,-0.7667325399895246,-0.29518964998891967,-0.3223857693349117,-0.6491056582062513,-0.2026316921140586,-0.31997545487912843,5
2.63832277508424,2.4989845509643485,-0.2550306852253353,-0.4055175020198813,-0.49761335152811925,1.3886364138434464,-0.8753811368949302,-0.08001280307281944,-0.16158484017509972,1.3042357638997066,-0.29518964998891967,-0.3223857693349117,-0.6491056582062513,-0.2026316921140586,-0.31997545487912843,2
0.8809315028671106,0.7909829361313242,-0.2550306852253353,-0.4055175020198813,-0.49761335152811925,3.4287639302564346,-0.8753811368949302,-0.08001280307281944,-0.16158484017509972,1.3042357638997066,-0.29518964998891967,-0.3223857693349117,1.54058124029209,-0.2026316921140586,-0.31997545487912843,3
0.8809315028671106,0.7909829361313242,-0.2550306852253353,-0.4055175020198813,-0.49761335152811925,-0.6514911025695421,1.142359548147343,-0.08001280307281944,-0.16158484017509972,1.3042357638997066,-0.29518964998891967,3.101873888735907,1.54058124029209,-0.2026316921140586,-0.31997545487912843,4
0.8809315028671106,0.7909829361313242,-0.2550306852253353,-0.4055175020198813,-0.49761335152811925,-0.6514911025695421,-0.8753811368949302,-0.08001280307281944,-0.16158484017509972,-0.7667325399895246,-0.29518964998891967,-0.3223857693349117,1.54058124029209,-0.2026316921140586,3.125239716833131,5
0.8809315028671106,-0.9170186787017,-0.2550306852253353,-0.4055175020198813,-0.49761335152811925,1.3886364138434464,1.142359548147343,-0.08001280307281944,-0.16158484017509972,1.3042357638997066,-0.29518964998891967,-0.3223857693349117,-0.6491056582062513,-0.2026316921140586,-0.31997545487912843,7
0.8809315028671106,2.4989845509643485,-0.2550306852253353,-0.4055175020198813,-0.49761335152811925,-0.6514911025695421,-0.8753811368949302,-0.08001280307281944,-0.16158484017509972,-0.7667325399895246,-0.29518964998891967,-0.3223857693349117,1.54058124029209,-0.2026316921140586,-0.31997545487912843,3
0.8809315028671106,0.7909829361313242,-0.2550306852253353,-0.4055175020198813,-0.49761335152811925,-0.6514911025695421,-0.8753811368949302,-0.08001280307281944,-0.16158484017509972,1.3042357638997066,-0.29518964998891967,-0.3223857693349117,1.54058124029209,-0.2026316921140586,-0.31997545487912843,3
-0.8764597693500188,-0.9170186787017,-0.2550306852253353,-0.4055175020198813,-0.49761335152811925,-0.6514911025695421,-0.8753811368949302,-0.08001280307281944,-0.16158484017509972,1.3042357638997066,-0.29518964998891967,3.101873888735907,1.54058124029209,-0.2026316921140586,-0.31997545487912843,4
-0.8764597693500188,2.4989845509643485,-0.2550306852253353,-0.4055175020198813,-0.49761335152811925,-0.6514911025695421,-0.8753811368949302,-0.08001280307281944,-0.16158484017509972,1.3042357638997066,-0.29518964998891967,-0.3223857693349117,-0.6491056582062513,-0.2026316921140586,-0.31997545487912843,4
2.63832277508424,2.4989845509643485,-0.2550306852253353,-0.4055175020198813,-0.49761335152811925,1.3886364138434464,-0.8753811368949302,-0.08001280307281944,-0.16158484017509972,-0.7667325399895246,-0.29518964998891967,-0.3223857693349117,-0.6491056582062513,-0.2026316921140586,-0.31997545487912843,5
0.8809315028671106,0.7909829361313242,-0.2550306852253353,-0.4055175020198813,-0.49761335152811925,1.3886364138434464,-0.8753811368949302,-0.08001280307281944,-0.16158484017509972,-0.7667325399895246,-0.29518964998891967,-0.3223857693349117,-0.6491056582062513,-0.2026316921140586,-0.31997545487912843,7
0.8809315028671106,-0.9170186787017,-0.2550306852253353,-0.4055175020198813,-0.49761335152811925,3.4287639302564346,-0.8753811368949302,-0.08001280307281944,-0.16158484017509972,1.3042357638997066,-0.29518964998891967,-0.3223857693349117,-0.6491056582062513,-0.2026316921140586,-0.31997545487912843,3
-0.8764597693500188,0.7909829361313242,-0.2550306852253353,-0.4055175020198813,-0.49761335152811925,-0.6514911025695421,-0.8753811368949302,-0.08001280307281944,-0.16158484017509972,1.3042357638997066,-0.29518964998891967,-0.3223857693349117,-0.6491056582062513,-0.2026316921140586,3.125239716833131,4
-0.8764597693500188,-0.9170186787017,-0.2550306852253353,2.4659848095803594,2.009592381171251,-0.6514911025695421,1.142359548147343,-0.08001280307281944,-0.16158484017509972,-0.7667325399895246,-0.29518964998891967,-0.3223857693349117,-0.6491056582062513,-0.2026316921140586,-0.31997545487912843,8
-0.8764597693500188,-0.9170186787017,-0.2550306852253353,-0.4055175020198813,-0.49761335152811925,1.3886364138434464,1.142359548147343,-0.08001280307281944,-0.16158484017509972,-0.7667325399895246,3.38765264987284,-0.3223857693349117,-0.6491056582062513,-0.2026316921140586,-0.31997545487912843,8
-0.8764597693500188,-0.9170186787017,-0.2550306852253353,2.4659848095803594,-0.49761335152811925,-0.6514911025695421,-0.8753811368949302,-0.08001280307281944,-0.16158484017509972,-0.7667325399895246,-0.29518964998891967,-0.3223857693349117,1.54058124029209,-0.2026316921140586,-0.31997545487912843,8
-0.8764597693500188,0.7909829361313242,-0.2550306852253353,-0.4055175020198813,2.009592381171251,-0.6514911025695421,1.142359548147343,-0.08001280307281944,-0.16158484017509972,1.3042357638997066,-0.29518964998891967,-0.3223857693349117,-0.6491056582062513,-0.2026316921140586,-0.31997545487912843,7
0.8809315028671106,-0.9170186787017,-0.2550306852253353,2.4659848095803594,2.009592381171251,1.3886364138434464,1.142359548147343,-0.08001280307281944,-0.16158484017509972,-0.7667325399895246,-0.29518964998891967,-0.3223857693349117,-0.6491056582062513,-0.2026316921140586,-0.31997545487912843,7
0.8809315028671106,-0.9170186787017,-0.2550306852253353,2.4659848095803594,2.009592381171251,-0.6514911025695421,-0.8753811368949302,-0.08001280307281944,-0.16158484017509972,-0.7667325399895246,-0.29518964998891967,-0.3223857693349117,-0.6491056582062513,-0.2026316921140586,-0.31997545487912843,7
-0.8764597693500188,-0.9170186787017,-0.2550306852253353,-0.4055175020198813,-0.49761335152811925,-0.6514911025695421,1.142359548147343,-0.08001280307281944,-0.16158484017509972,-0.7667325399895246,-0.29518964998891967,-0.3223857693349117,-0.6491056582062513,-0.2026316921140586,-0.31997545487912843,6
-0.8764597693500188,-0.9170186787017,-0.2550306852253353,-0.4055175020198813,2.009592381171251,-0.6514911025695421,1.142359548147343,-0.08001280307281944,6.18869937870632,-0.7667325399895246,-0.29518964998891967,-0.3223857693349117,-0.6491056582062513,-0.2026316921140586,-0.31997545487912843,8
-0.8764597693500188,0.7909829361313242,-0.2550306852253353,-0.4055175020198813,-0.49761335152811925,-0.6514911025695421,-0.8753811368949302,-0.08001280307281944,-0.16158484017509972,-0.7667325399895246,-0.29518964998891967,-0.3223857693349117,-0.6491056582062513,-0.2026316921140586,3.125239716833131,4
-0.8764597693500188,-0.9170186787017,-0.2550306852253353,2.4659848095803594,2.009592381171251,-0.6514911025695421,1.142359548147343,-0.08001280307281944,6.18869937870632,-0.7667325399895246,-0.29518964998891967,-0.3223857693349117,-0.6491056582062513,-0.2026316921140586,-0.31997545487912843,8
0.8809315028671106,0.7909829361313242,-0.2550306852253353,-0.4055175020198813,-0.49761335152811925,1.3886364138434464,-0.8753811368949302,-0.08001280307281944,-0.16158484017509972,1.3042357638997066,-0.29518964998891967,-0.3223857693349117,-0.6491056582062513,-0.2026316921140586,-0.31997545487912843,4
-0.8764597693500188,0.7909829361313242,-0.2550306852253353,2.4659848095803594,-0.49761335152811925,-0.6514911025695421,1.142359548147343,-0.08001280307281944,-0.16158484017509972,-0.7667325399895246,-0.29518964998891967,-0.3223857693349117,-0.6491056582062513,-0.2026316921140586,-0.31997545487912843,7
0.8809315028671106,-0.9170186787017,-0.2550306852253353,-0.4055175020198813,-0.49761335152811925,1.3886364138434464,-0.8753811368949302,-0.08001280307281944,-0.16158484017509972,1.3042357638997066,-0.29518964998891967,-0.3223857693349117,-0.6491056582062513,-0.2026316921140586,-0.31997545487912843,5
-0.8764597693500188,0.7909829361313242,-0.2550306852253353,-0.4055175020198813,-0.49761335152811925,-0.6514911025695421,1.142359548147343,-0.08001280307281944,-0.16158484017509972,-0.7667325399895246,-0.29518964998891967,-0.3223857693349117,-0.6491056582062513,-0.2026316921140586,3.125239716833131,8
0.8809315028671106,-0.9170186787017,-0.2550306852253353,-0.4055175020198813,-0.49761335152811925,1.3886364138434464,1.142359548147343,-0.08001280307281944,-0.16158484017509972,-0.7667325399895246,-0.29518964998891967,-0.3223857693349117,-0.6491056582062513,-0.2026316921140586,-0.31997545487912843,7
0.8809315028671106,0.7909829361313242,-0.2550306852253353,-0.4055175020198813,-0.49761335152811925,1.3886364138434464,-0.8753811368949302,-0.08001280307281944,-0.16158484017509972,-0.7667325399895246,-0.29518964998891967,-0.3223857693349117,-0.6491056582062513,-0.2026316921140586,-0.31997545487912843,4
-0.8764597693500188,0.7909829361313242,3.9210967853395307,-0.4055175020198813,-0.49761335152811925,-0.6514911025695421,-0.8753811368949302,-0.08001280307281944,-0.16158484017509972,1.3042357638997066,-0.29518964998891967,-0.3223857693349117,-0.6491056582062513,-0.2026316921140586,-0.31997545487912843,6
-0.8764597693500188,-0.9170186787017,-0.2550306852253353,2.4659848095803594,-0.49761335152811925,-0.6514911025695421,1.142359548147343,-0.08001280307281944,-0.16158484017509972,1.3042357638997066,-0.29518964998891967,-0.3223857693349117,-0.6491056582062513,-0.2026316921140586,-0.31997545487912843,7
-0.8764597693500188,-0.9170186787017,-0.2550306852253353,-0.4055175020198813,-0.49761335152811925,1.3886364138434464,1.142359548147343,-0.08001280307281944,-0.16158484017509972,-0.7667325399895246,-0.29518964998891967,-0.3223857693349117,-0.6491056582062513,-0.2026316921140586,-0.31997545487912843,7
-0.8764597693500188,0.7909829361313242,-0.2550306852253353,-0.4055175020198813,-0.49761335152811925,-0.6514911025695421,-0.8753811368949302,-0.08001280307281944,-0.16158484017509972,1.3042357638997066,-0.29518964998891967,-0.3223857693349117,1.54058124029209,-0.2026316921140586,-0.31997545487912843,5
-0.8764597693500188,0.7909829361313242,-0.2550306852253353,-0.4055175020198813,-0.49761335152811925,1.3886364138434464,-0.8753811368949302,-0.08001280307281944,-0.16158484017509972,1.3042357638997066,-0.29518964998891967,-0.3223857693349117,-0.6491056582062513,-0.2026316921140586,-0.31997545487912843,8
-0.8764597693500188,-0.9170186787017,-0.2550306852253353,-0.4055175020198813,-0.49761335152811925,-0.6514911025695421,-0.8753811368949302,-0.08001280307281944,-0.16158484017509972,1.3042357638997066,-0.29518964998891967,-0.3223857693349117,1.54058124029209,-0.2026316921140586,-0.31997545487912843,5
-0.8764597693500188,0.7909829361313242,3.9210967853395307,-0.4055175020198813,-0.49761335152811925,-0.6514911025695421,1.142359548147343,-0.08001280307281944,-0.16158484017509972,-0.7667325399895246,-0.29518964998891967,-0.3223857693349117,-0.6491056582062513,-0.2026316921140586,-0.31997545487912843,8
0.8809315028671106,-0.9170186787017,-0.2550306852253353,-0.4055175020198813,-0.49761335152811925,1.3886364138434464,-0.8753811368949302,-0.08001280307281944,-0.16158484017509972,-0.7667325399895246,-0.29518964998891967,-0.3223857693349117,-0.6491056582062513,-0.2026316921140586,3.125239716833131,5
-0.8764597693500188,0.7909829361313242,-0.2550306852253353,2.4659848095803594,-0.49761335152811925,-0.6514911025695421,1.142359548147343,-0.08001280307281944,-0.16158484017509972,-0.7667325399895246,-0.29518964998891967,-0.3223857693349117,-0.6491056582062513,-0.2026316921140586,-0.31997545487912843,6
0.8809315028671106,-0.9170186787017,-0.2550306852253353,-0.4055175020198813,-0.49761335152811925,-0.6514911025695421,-0.8753811368949302,-0.08001280307281944,-0.16158484017509972,-0.7667325399895246,-0.29518964998891967,3.101873888735907,-0.6491056582062513,-0.2026316921140586,-0.31997545487912843,4
-0.8764597693500188,0.7909829361313242,-0.2550306852253353,-0.4055175020198813,-0.49761335152811925,-0.6514911025695421,-0.8753811368949302,-0.08001280307281944,-0.16158484017509972,1.3042357638997066,3.38765264987284,-0.3223857693349117,-0.6491056582062513,-0.2026316921140586,-0.31997545487912843,7
-0.8764597693500188,-0.9170186787017,-0.2550306852253353,-0.4055175020198813,-0.49761335152811925,-0.6514911025695421,1.142359548147343,-0.08001280307281944,-0.16158484017509972,-0.7667325399895246,-0.29518964998891967,-0.3223857693349117,1.54058124029209,-0.2026316921140586,-0.31997545487912843,7
0.8809315028671106,-0.9170186787017,-0.2550306852253353,-0.4055175020198813,-0.49761335152811925,-0.6514911025695421,1.142359548147343,-0.08001280307281944,-0.16158484017509972,-0.7667325399895246,-0.29518964998891967,3.101873888735907,1.54058124029209,-0.2026316921140586,-0.31997545487912843,6
-0.8764597693500188,-0.9170186787017,-0.2550306852253353,-0.4055175020198813,-0.49761335152811925,1.3886364138434464,-0.8753811368949302,-0.08001280307281944,-0.16158484017509972,1.3042357638997066,-0.29518964998891967,-0.3223857693349117,-0.6491056582062513,-0.2026316921140586,3.125239716833131,5
-0.8764597693500188,-0.9170186787017,-0.2550306852253353,-0.4055175020198813,-0.49761335152811925,-0.6514911025695421,-0.8753811368949302,-0.08001280307281944,-0.16158484017509972,1.3042357638997066,-0.29518964998891967,-0.3223857693349117,1.54058124029209,-0.2026316921140586,-0.31997545487912843,5
0.8809315028671106,-0.9170186787017,-0.2550306852253353,-0.4055175020198813,-0.49761335152811925,-0.6514911025695421,-0.8753811368949302,-0.08001280307281944,-0.16158484017509972,1.3042357638997066,-0.29518964998891967,3.101873888735907,1.54058124029209,-0.2026316921140586,-0.31997545487912843,5
-0.8764597693500188,-0.9170186787017,-0.2550306852253353,2.4659848095803594,2.009592381171251,-0.6514911025695421,1.142359548147343,-0.08001280307281944,-0.16158484017509972,-0.7667325399895246,-0.29518964998891967,-0.3223857693349117,-0.6491056582062513,-0.2026316921140586,-0.31997545487912843,6
0.8809315028671106,0.7909829361313242,-0.2550306852253353,-0.4055175020198813,-0.49761335152811925,1.3886364138434464,-0.8753811368949302,12.497999839974396,-0.16158484017509972,-0.7667325399895246,-0.29518964998891967,-0.3223857693349117,-0.6491056582062513,-0.2026316921140586,-0.31997545487912843,6
-0.8764597693500188,-0.9170186787017,-0.2550306852253353,-0.4055175020198813,-0.49761335152811925,-0.6514911025695421,-0.8753811368949302,-0.08001280307281944,-0.16158484017509972,1.3042357638997066,-0.29518964998891967,-0.3223857693349117,1.54058124029209,-0.2026316921140586,-0.31997545487912843,6
-0.8764597693500188,0.7909829361313242,-0.2550306852253353,-0.4055175020198813,-0.49761335152811925,-0.6514911025695421,1.142359548147343,-0.08001280307281944,-0.16158484017509972,1.3042357638997066,-0.29518964998891967,-0.3223857693349117,-0.6491056582062513,-0.2026316921140586,-0.31997545487912843,5
-0.8764597693500188,0.7909829361313242,-0.2550306852253353,-0.4055175020198813,2.009592381171251,-0.6514911025695421,1.142359548147343,-0.08001280307281944,-0.16158484017509972,-0.7667325399895246,-0.29518964998891967,-0.3223857693349117,-0.6491056582062513,-0.2026316921140586,-0.31997545487912843,8
-0.8764597693500188,-0.9170186787017,3.9210967853395307,2.4659848095803594,-0.49761335152811925,-0.6514911025695421,1.142359548147343,-0.08001280307281944,-0.16158484017509972,-0.7667325399895246,-0.29518964998891967,-0.3223857693349117,-0.6491056582062513,-0.2026316921140586,-0.31997545487912843,7
-0.8764597693500188,0.7909829361313242,-0.2550306852253353,-0.4055175020198813,-0.49761335152811925,-0.6514911025695421,-0.8753811368949302,-0.08001280307281944,-0.16158484017509972,1.3042357638997066,-0.29518964998891967,-0.3223857693349117,-0.6491056582062513,-0.2026316921140586,-0.31997545487912843,4
0.8809315028671106,-0.9170186787017,-0.2550306852253353,-0.4055175020198813,-0.49761335152811925,-0.6514911025695421,1.142359548147343,-0.08001280307281944,-0.16158484017509972,-0.7667325399895246,-0.29518964998891967,3.101873888735907,1.54058124029209,-0.2026316921140586,-0.31997545487912843,6
0.8809315028671106,0.7909829361313242,-0.2550306852253353,-0.4055175020198813,-0.49761335152811925,1.3886364138434464,-0.8753811368949302,-0.08001280307281944,-0.16158484017509972,1.3042357638997066,-0.29518964998891967,-0.3223857693349117,-0.6491056582062513,-0.2026316921140586,-0.31997545487912843,6
2.63832277508424,0.7909829361313242,-0.2550306852253353,-0.4055175020198813,-0.49761335152811925,1.3886364138434464,-0.8753811368949302,-0.08001280307281944,-0.16158484017509972,-0.7667325399895246,-0.29518964998891967,-0.3223857693349117,-0.6491056582062513,-0.2026316921140586,-0.31997545487912843,3
0.8809315028671106,0.7909829361313242,-0.2550306852253353,-0.4055175020198813,-0.49761335152811925,1.3886364138434464,-0.8753811368949302,-0.08001280307281944,-0.16158484017509972,-0.7667325399895246,-0.29518964998891967,3.101873888735907,1.54058124029209,-0.2026316921140586,-0.31997545487912843,6
0.8809315028671106,0.7909829361313242,-0.2550306852253353,-0.4055175020198813,-0.49761335152811925,1.3886364138434464,-0.8753811368949302,-0.08001280307281944,-0.16158484017509972,-0.7667325399895246,-0.29518964998891967,-0.3223857693349117,-0.6491056582062513,-0.2026316921140586,3.125239716833131,6
0.8809315028671106,-0.9170186787017,-0.2550306852253353,-0.4055175020198813,-0.49761335152811925,-0.6514911025695421,-0.8753811368949302,-0.08001280307281944,-0.16158484017509972,-0.7667325399895246,-0.29518964998891967,-0.3223857693349117,1.54058124029209,4.935062178906911,-0.31997545487912843,4
0.8809315028671106,0.7909829361313242,-0.2550306852253353,-0.4055175020198813,-0.49761335152811925,-0.6514911025695421,-0.8753811368949302,-0.08001280307281944,-0.16158484017509972,1.3042357638997066,-0.29518964998891967,-0.3223857693349117,-0.6491056582062513,4.935062178906911,-0.31997545487912843,6
0.8809315028671106,0.7909829361313242,-0.2550306852253353,-0.4055175020198813,-0.49761335152811925,-0.6514911025695421,-0.8753811368949302,-0.08001280307281944,-0.16158484017509972,1.3042357638997066,-0.29518964998891967,-0.3223857693349117,-0.6491056582062513,-0.2026316921140586,-0.31997545487912843,4
-0.8764597693500188,-0.9170186787017,-0.2550306852253353,-0.4055175020198813,2.009592381171251,-0.6514911025695421,1.142359548147343,-0.08001280307281944,-0.16158484017509972,-0.7667325399895246,-0.29518964998891967,-0.3223857693349117,1.54058124029209,-0.2026316921140586,-0.31997545487912843,7
-0.8764597693500188,-0.9170186787017,-0.2550306852253353,-0.4055175020198813,-0.49761335152811925,-0.6514911025695421,-0.8753811368949302,-0.08001280307281944,-0.16158484017509972,-0.7667325399895246,-0.29518964998891967,-0.3223857693349117,1.54058124029209,-0.2026316921140586,-0.31997545487912843,5
-0.8764597693500188,-0.9170186787017,-0.2550306852253353,-0.4055175020198813,-0.49761335152811925,1.3886364138434464,1.142359548147343,-0.08001280307281944,-0.16158484017509972,-0.7667325399895246,-0.29518964998891967,-0.3223857693349117,-0.6491056582062513,-0.2026316921140586,-0.31997545487912843,6
-0.8764597693500188,-0.9170186787017,3.9210967853395307,-0.4055175020198813,-0.49761335152811925,-0.6514911025695421,-0.8753811368949302,-0.08001280307281944,-0.16158484017509972,-0.7667325399895246,3.38765264987284,-0.3223857693349117,-0.6491056582062513,-0.2026316921140586,-0.31997545487912843,7
-0.8764597693500188,0.7909829361313242,-0.2550306852253353,-0.4055175020198813,2.009592381171251,1.3886364138434464,1.142359548147343,-0.08001280307281944,-0.16158484017509972,-0.7667325399895246,-0.29518964998891967,-0.3223857693349117,1.54058124029209,-0.2026316921140586,-0.31997545487912843,7
-0.8764597693500188,0.7909829361313242,-0.2550306852253353,-0.4055175020198813,-0.49761335152811925,-0.6514911025695421,-0.8753811368949302,-0.08001280307281944,-0.16158484017509972,1.3042357638997066,-0.29518964998891967,-0.3223857693349117,-0.6491056582062513,-0.2026316921140586,-0.31997545487912843,5
-0.8764597693500188,2.4989845509643485,-0.2550306852253353,-0.4055175020198813,-0.49761335152811925,-0.6514911025695421,1.142359548147343,-0.08001280307281944,-0.16158484017509972,1.3042357638997066,-0.29518964998891967,-0.3223857693349117,1.54058124029209,-0.2026316921140586,-0.31997545487912843,5
0.8809315028671106,-0.9170186787017,-0.2550306852253353,-0.4055175020198813,-0.49761335152811925,-0.6514911025695421,-0.8753811368949302,-0.08001280307281944,-0.16158484017509972,1.3042357638997066,-0.29518964998891967,-0.3223857693349117,1.54058124029209,-0.2026316921140586,-0.31997545487912843,4
0.8809315028671106,-0.9170186787017,-0.2550306852253353,2.4659848095803594,2.009592381171251,1.3886364138434464,-0.8753811368949302,-0.08001280307281944,-0.16158484017509972,-0.7667325399895246,-0.29518964998891967,-0.3223857693349117,-0.6491056582062513,-0.2026316921140586,-0.31997545487912843,4
-0.8764597693500188,-0.9170186787017,-0.2550306852253353,2.4659848095803594,-0.49761335152811925,-0.6514911025695421,-0.8753811368949302,-0.08001280307281944,-0.16158484017509972,-0.7667325399895246,-0.29518964998891967,-0.3223857693349117,-0.6491056582062513,-0.2026316921140586,-0.31997545487912843,6
-0.8764597693500188,0.7909829361313242,-0.2550306852253353,-0.4055175020198813,-0.49761335152811925,-0.6514911025695421,1.142359548147343,-0.08001280307281944,-0.16158484017509972,-0.7667325399895246,-0.29518964998891967,-0.3223857693349117,1.54058124029209,-0.2026316921140586,-0.31997545487912843,4
0.8809315028671106,-0.9170186787017,-0.2550306852253353,-0.4055175020198813,-0.49761335152811925,-0.6514911025695421,1.142359548147343,-0.08001280307281944,-0.16158484017509972,1.3042357638997066,-0.29518964998891967,-0.3223857693349117,-0.6491056582062513,-0.2026316921140586,-0.31997545487912843,7
-0.8764597693500188,-0.9170186787017,3.9210967853395307,2.4659848095803594,2.009592381171251,-0.6514911025695421,1.142359548147343,-0.08001280307281944,-0.16158484017509972,-0.7667325399895246,-0.29518964998891967,-0.3223857693349117,-0.6491056582062513,-0.2026316921140586,-0.31997545487912843,9
0.8809315028671106,0.7909829361313242,-0.2550306852253353,-0.4055175020198813,2.009592381171251,-0.6514911025695421,-0.8753811368949302,-0.08001280307281944,-0.16158484017509972,-0.7667325399895246,-0.29518964998891967,-0.3223857693349117,-0.6491056582062513,-0.2026316921140586,-0.31997545487912843,5
2.63832277508424,0.7909829361313242,-0.2550306852253353,-0.4055175020198813,-0.49761335152811925,1.3886364138434464,1.142359548147343,-0.08001280307281944,-0.16158484017509972,-0.7667325399895246,-0.29518964998891967,-0.3223857693349117,-0.6491056582062513,-0.2026316921140586,-0.31997545487912843,5
-0.8764597693500188,-0.9170186787017,3.9210967853395307,-0.4055175020198813,-0.49761335152811925,-0.6514911025695421,-0.8753811368949302,-0.08001280307281944,-0.16158484017509972,-0.7667325399895246,-0.29518964998891967,-0.3223857693349117,-0.6491056582062513,-0.2026316921140586,3.125239716833131,7
-0.8764597693500188,-0.9170186787017,-0.2550306852253353,-0.4055175020198813,-0.49761335152811925,1.3886364138434464,1.142359548147343,-0.08001280307281944,-0.16158484017509972,-0.7667325399895246,-0.29518964998891967,-0.3223857693349117,1.54058124029209,-0.2026316921140586,-0.31997545487912843,6
2.63832277508424,0.7909829361313242,-0.2550306852253353,-0.4055175020198813,-0.49761335152811925,1.3886364138434464,-0.8753811368949302,-0.08001280307281944,-0.16158484017509972,-0.7667325399895246,-0.29518964998891967,-0.3223857693349117,-0.6491056582062513,-0.2026316921140586,3.125239716833131,4
-0.8764597693500188,-0.9170186787017,-0.2550306852253353,-0.4055175020198813,2.009592381171251,-0.6514911025695421,-0.8753811368949302,-0.08001280307281944,-0.16158484017509972,-0.7667325399895246,-0.29518964998891967,-0.3223857693349117,-0.6491056582062513,-0.2026316921140586,3.125239716833131,7
0.8809315028671106,-0.9170186787017,-0.2550306852253353,-0.4055175020198813,-0.49761335152811925,1.3886364138434464,-0.8753811368949302,-0.08001280307281944,-0.16158484017509972,-0.7667325399895246,-0.29518964998891967,-0.3223857693349117,1.54058124029209,-0.2026316921140586,-0.31997545487912843,3
-0.8764597693500188,0.7909829361313242,-0.2550306852253353,-0.4055175020198813,-0.49761335152811925,-0.6514911025695421,-0.8753811368949302,-0.08001280307281944,-0.16158484017509972,1.3042357638997066,-0.29518964998891967,-0.3223857693349117,-0.6491056582062513,4.935062178906911,-0.31997545487912843,7
0.8809315028671106,0.7909829361313242,-0.2550306852253353,-0.4055175020198813,-0.49761335152811925,1.3886364138434464,-0.8753811368949302,-0.08001280307281944,-0.16158484017509972,-0.7667325399895246,3.38765264987284,-0.3223857693349117,1.54058124029209,-0.2026316921140586,-0.31997545487912843,6
-0.8764597693500188,-0.9170186787017,-0.2550306852253353,-0.4055175020198813,-0.49761335152811925,1.3886364138434464,1.142359548147343,-0.08001280307281944,-0.16158484017509972,-0.7667325399895246,-0.29518964998891967,-0.3223857693349117,-0.6491056582062513,-0.2026316921140586,-0.31997545487912843,6
-0.8764597693500188,-0.9170186787017,-0.2550306852253353,-0.4055175020198813,-0.49761335152811925,-0.6514911025695421,-0.8753811368949302,-0.08001280307281944,-0.16158484017509972,-0.7667325399895246,3.38765264987284,-0.3223857693349117,-0.6491056582062513,-0.2026316921140586,3.125239716833131,6
0.8809315028671106,-0.9170186787017,3.9210967853395307,-0.4055175020198813,-0.49761335152811925,1.3886364138434464,-0.8753811368949302,-0.08001280307281944,-0.16158484017509972,-0.7667325399895246,-0.29518964998891967,-0.3223857693349117,-0.6491056582062513,-0.2026316921140586,-0.31997545487912843,5
-0.8764597693500188,0.7909829361313242,-0.2550306852253353,2.4659848095803594,-0.49761335152811925,-0.6514911025695421,1.142359548147343,-0.08001280307281944,-0.16158484017509972,1.3042357638997066,-0.29518964998891967,-0.3223857693349117,-0.6491056582062513,-0.2026316921140586,-0.31997545487912843,8
-0.8764597693500188,0.7909829361313242,-0.2550306852253353,-0.4055175020198813,-0.49761335152811925,1.3886364138434464,-0.8753811368949302,-0.08001280307281944,-0.16158484017509972,1.3042357638997066,3.38765264987284,-0.3223857693349117,-0.6491056582062513,-0.2026316921140586,-0.31997545487912843,4
-0.8764597693500188,0.7909829361313242,-0.2550306852253353,-0.4055175020198813,-0.49761335152811925,-0.6514911025695421,-0.8753811368949302,-0.08001280307281944,-0.16158484017509972,1.3042357638997066,-0.29518964998891967,-0.3223857693349117,-0.6491056582062513,-0.2026316921140586,-0.31997545487912843,5
0.8809315028671106,0.7909829361313242,-0.2550306852253353,-0.4055175020198813,-0.49761335152811925,-0.6514911025695421,1.142359548147343,-0.08001280307281944,-0.16158484017509972,1.3042357638997066,-0.29518964998891967,3.101873888735907,1.54058124029209,-0.2026316921140586,-0.31997545487912843,6
-0.8764597693500188,2.4989845509643485,-0.2550306852253353,-0.4055175020198813,-0.49761335152811925,-0.6514911025695421,1.142359548147343,-0.08001280307281944,-0.16158484017509972,1.3042357638997066,-0.29518964998891967,-0.3223857693349117,-0.6491056582062513,-0.2026316921140586,-0.31997545487912843,6
-0.8764597693500188,0.7909829361313242,-0.2550306852253353,-0.4055175020198813,-0.49761335152811925,-0.6514911025695421,-0.8753811368949302,-0.08001280307281944,-0.16158484017509972,1.3042357638997066,-0.29518964998891967,-0.3223857693349117,1.54058124029209,-0.2026316921140586,-0.31997545487912843,5
-0.8764597693500188,0.7909829361313242,-0.2550306852253353,-0.4055175020198813,2.009592381171251,-0.6514911025695421,-0.8753811368949302,-0.08001280307281944,-0.16158484017509972,-0.7667325399895246,-0.29518964998891967,-0.3223857693349117,-0.6491056582062513,-0.2026316921140586,-0.31997545487912843,7
-0.8764597693500188,0.7909829361313242,-0.2550306852253353,-0.4055175020198813,-0.49761335152811925,1.3886364138434464,-0.8753811368949302,-0.08001280307281944,-0.16158484017509972,-0.7667325399895246,-0.29518964998891967,-0.3223857693349117,-0.6491056582062513,4.935062178906911,-0.31997545487912843,3
0.8809315028671106,-0.9170186787017,-0.2550306852253353,2.4659848095803594,-0.49761335152811925,-0.6514911025695421,-0.8753811368949302,-0.08001280307281944,-0.16158484017509972,1.3042357638997066,-0.29518964998891967,-0.3223857693349117,-0.6491056582062513,-0.2026316921140586,-0.31997545487912843,6
-0.8764597693500188,0.7909829361313242,-0.2550306852253353,-0.4055175020198813,-0.49761335152811925,-0.6514911025695421,1.142359548147343,-0.08001280307281944,-0.16158484017509972,1.3042357638997066,-0.29518964998891967,-0.3223857693349117,-0.6491056582062513,-0.2026316921140586,-0.31997545487912843,6
-0.8764597693500188,-0.9170186787017,-0.2550306852253353,-0.4055175020198813,-0.49761335152811925,-0.6514911025695421,1.142359548147343,-0.08001280307281944,-0.16158484017509972,-0.7667325399895246,-0.29518964998891967,-0.3223857693349117,-0.6491056582062513,-0.2026316921140586,-0.31997545487912843,8
0.8809315028671106,0.7909829361313242,-0.2550306852253353,-0.4055175020198813,-0.49761335152811925,-0.6514911025695421,-0.8753811368949302,-0.08001280307281944,-0.16158484017509972,1.3042357638997066,-0.29518964998891967,-0.3223857693349117,1.54058124029209,-0.2026316921140586,-0.31997545487912843,4
0.8809315028671106,-0.9170186787017,-0.2550306852253353,2.4659848095803594,-0.49761335152811925,1.3886364138434464,1.142359548147343,-0.08001280307281944,-0.16158484017509972,-0.7667325399895246,-0.29518964998891967,-0.3223857693349117,-0.6491056582062513,-0.2026316921140586,-0.31997545487912843,6
-0.8764597693500188,0.7909829361313242,-0.2550306852253353,-0.4055175020198813,-0.49761335152811925,-0.6514911025695421,1.142359548147343,-0.08001280307281944,-0.16158484017509972,1.3042357638997066,-0.29518964998891967,3.101873888735907,1.54058124029209,-0.2026316921140586,-0.31997545487912843,8
-0.8764597693500188,0.7909829361313242,-0.2550306852253353,-0.4055175020198813,-0.49761335152811925,1.3886364138434464,-0.8753811368949302,-0.08001280307281944,-0.16158484017509972,-0.7667325399895246,-0.29518964998891967,-0.3223857693349117,-0.6491056582062513,-0.2026316921140586,-0.31997545487912843,2
0.8809315028671106,0.7909829361313242,-0.2550306852253353,-0.4055175020198813,-0.49761335152811925,1.3886364138434464,-0.8753811368949302,-0.08001280307281944,-0.16158484017509972,1.3042357638997066,-0.29518964998891967,-0.3223857693349117,1.54058124029209,-0.2026316921140586,-0.31997545487912843,6
-0.8764597693500188,-0.9170186787017,-0.2550306852253353,-0.4055175020198813,-0.49761335152811925,-0.6514911025695421,1.142359548147343,-0.08001280307281944,-0.16158484017509972,-0.7667325399895246,-0.29518964998891967,-0.3223857693349117,-0.6491056582062513,-0.2026316921140586,-0.31997545487912843,5
0.8809315028671106,-0.9170186787017,-0.2550306852253353,-0.4055175020198813,-0.49761335152811925,-0.6514911025695421,1.142359548147343,-0.08001280307281944,6.18869937870632,-0.7667325399895246,-0.29518964998891967,-0.3223857693349117,-0.6491056582062513,-0.2026316921140586,-0.31997545487912843,7
-0.8764597693500188,0.7909829361313242,-0.2550306852253353,-0.4055175020198813,2.009592381171251,1.3886364138434464,-0.8753811368949302,-0.08001280307281944,-0.16158484017509972,-0.7667325399895246,-0.29518964998891967,-0.3223857693349117,-0.6491056582062513,-0.2026316921140586,-0.31997545487912843,5
-0.8764597693500188,0.7909829361313242,-0.2550306852253353,-0.4055175020198813,-0.49761335152811925,-0.6514911025695421,-0.8753811368949302,-0.08001280307281944,-0.16158484017509972,1.3042357638997066,-0.29518964998891967,-0.3223857693349117,1.54058124029209,-0.2026316921140586,-0.31997545487912843,5
-0.8764597693500188,0.7909829361313242,-0.2550306852253353,-0.4055175020198813,-0.49761335152811925,1.3886364138434464,-0.8753811368949302,-0.08001280307281944,-0.16158484017509972,1.3042357638997066,-0.29518964998891967,-0.3223857693349117,1.54058124029209,-0.2026316921140586,-0.31997545487912843,4
-0.8764597693500188,-0.9170186787017,-0.2550306852253353,2.4659848095803594,-0.49761335152811925,-0.6514911025695421,1.142359548147343,-0.08001280307281944,-0.16158484017509972,-0.7667325399895246,-0.29518964998891967,-0.3223857693349117,-0.6491056582062513,-0.2026316921140586,-0.31997545487912843,7
-0.8764597693500188,-0.9170186787017,-0.2550306852253353,-0.4055175020198813,-0.49761335152811925,1.3886364138434464,-0.8753811368949302,-0.08001280307281944,-0.16158484017509972,1.3042357638997066,3.38765264987284,-0.3223857693349117,-0.6491056582062513,-0.2026316921140586,-0.31997545487912843,8
2.63832277508424,2.4989845509643485,-0.2550306852253353,-0.4055175020198813,-0.49761335152811925,-0.6514911025695421,-0.8753811368949302,-0.08001280307281944,-0.16158484017509972,1.3042357638997066,-0.29518964998891967,-0.3223857693349117,-0.6491056582062513,-0.2026316921140586,-0.31997545487912843,4
0.8809315028671106,-0.9170186787017,-0.2550306852253353,-0.4055175020198813,-0.49761335152811925,-0.6514911025695421,1.142359548147343,-0.08001280307281944,6.18869937870632,-0.7667325399895246,-0.29518964998891967,-0.3223857693349117,-0.6491056582062513,-0.2026316921140586,-0.31997545487912843,6
0.8809315028671106,2.4989845509643485,-0.2550306852253353,-0.4055175020198813,-0.49761335152811925,-0.6514911025695421,-0.8753811368949302,-0.08001280307281944,-0.16158484017509972,1.3042357638997066,-0.29518964998891967,-0.3223857693349117,-0.6491056582062513,4.935062178906911,-0.31997545487912843,3
2.63832277508424,0.7909829361313242,-0.2550306852253353,-0.4055175020198813,-0.49761335152811925,1.3886364138434464,-0.8753811368949302,-0.08001280307281944,-0.16158484017509972,-0.7667325399895246,3.38765264987284,-0.3223857693349117,-0.6491056582062513,-0.2026316921140586,-0.31997545487912843,6
0.8809315028671106,0.7909829361313242,-0.2550306852253353,-0.4055175020198813,2.009592381171251,-0.6514911025695421,1.142359548147343,-0.08001280307281944,-0.16158484017509972,1.3042357638997066,-0.29518964998891967,-0.3223857693349117,-0.6491056582062513,-0.2026316921140586,-0.31997545487912843,7
-0.8764597693500188,0.7909829361313242,-0.2550306852253353,-0.4055175020198813,-0.49761335152811925,-0.6514911025695421,-0.8753811368949302,-0.08001280307281944,-0.16158484017509972,1.3042357638997066,-0.29518964998891967,-0.3223857693349117,-0.6491056582062513,-0.2026316921140586,3.125239716833131,4
-0.8764597693500188,-0.9170186787017,-0.2550306852253353,-0.4055175020198813,-0.49761335152811925,-0.6514911025695421,-0.8753811368949302,-0.08001280307281944,-0.16158484017509972,-0.7667325399895246,-0.29518964998891967,-0.3223857693349117,1.54058124029209,-0.2026316921140586,-0.31997545487912843,5
0.8809315028671106,0.7909829361313242,-0.2550306852253353,-0.4055175020198813,-0.49761335152811925,-0.6514911025695421,1.142359548147343,-0.08001280307281944,-0.16158484017509972,1.3042357638997066,3.38765264987284,-0.3223857693349117,-0.6491056582062513,-0.2026316921140586,-0.31997545487912843,4
-0.8764597693500188,-0.9170186787017,3.9210967853395307,-0.4055175020198813,-0.49761335152811925,-0.6514911025695421,-0.8753811368949302,-0.08001280307281944,-0.16158484017509972,-0.7667325399895246,3.38765264987284,-0.3223857693349117,-0.6491056582062513,-0.2026316921140586,-0.31997545487912843,7
0.8809315028671106,0.7909829361313242,-0.2550306852253353,-0.4055175020198813,-0.49761335152811925,-0.6514911025695421,-0.8753811368949302,-0.08001280307281944,-0.16158484017509972,1.3042357638997066,-0.29518964998891967,-0.3223857693349117,1.54058124029209,-0.2026316921140586,3.125239716833131,6
0.8809315028671106,-0.9170186787017,-0.2550306852253353,-0.4055175020198813,-0.49761335152811925,-0.6514911025695421,-0.8753811368949302,-0.08001280307281944,-0.16158484017509972,1.3042357638997066,-0.29518964998891967,-0.3223857693349117,-0.6491056582062513,-0.2026316921140586,3.125239716833131,8
-0.8764597693500188,0.7909829361313242,-0.2550306852253353,-0.4055175020198813,-0.49761335152811925,-0.6514911025695421,-0.8753811368949302,-0.08001280307281944,-0.16158484017509972,1.3042357638997066,-0.29518964998891967,-0.3223857693349117,1.54058124029209,-0.2026316921140586,-0.31997545487912843,5
0.8809315028671106,0.7909829361313242,-0.2550306852253353,-0.4055175020198813,-0.49761335152811925,-0.6514911025695421,-0.8753811368949302,-0.08001280307281944,-0.16158484017509972,1.3042357638997066,-0.29518964998891967,-0.3223857693349117,1.54058124029209,-0.2026316921140586,-0.31997545487912843,5
0.8809315028671106,-0.9170186787017,-0.2550306852253353,-0.4055175020198813,-0.49761335152811925,-0.6514911025695421,-0.8753811368949302,-0.08001280307281944,-0.16158484017509972,-0.7667325399895246,-0.29518964998891967,-0.3223857693349117,1.54058124029209,4.935062178906911,-0.31997545487912843,3
0.8809315028671106,-0.9170186787017,-0.2550306852253353,-0.4055175020198813,2.009592381171251,1.3886364138434464,-0.8753811368949302,-0.08001280307281944,-0.16158484017509972,-0.7667325399895246,-0.29518964998891967,-0.3223857693349117,-0.6491056582062513,-0.2026316921140586,-0.31997545487912843,7
0.8809315028671106,0.7909829361313242,-0.2550306852253353,-0.4055175020198813,-0.49761335152811925,-0.6514911025695421,1.142359548147343,-0.08001280307281944,-0.16158484017509972,1.3042357638997066,3.38765264987284,-0.3223857693349117,-0.6491056582062513,-0.2026316921140586,-0.31997545487912843,7
0.8809315028671106,0.7909829361313242,-0.2550306852253353,-0.4055175020198813,-0.49761335152811925,1.3886364138434464,1.142359548147343,-0.08001280307281944,-0.16158484017509972,-0.7667325399895246,-0.29518964998891967,-0.3223857693349117,-0.6491056582062513,-0.2026316921140586,3.125239716833131,7
0.8809315028671106,0.7909829361313242,-0.2550306852253353,-0.4055175020198813,-0.49761335152811925,1.3886364138434464,-0.8753811368949302,-0.08001280307281944,-0.16158484017509972,1.3042357638997066,-0.29518964998891967,-0.3223857693349117,-0.6491056582062513,-0.2026316921140586,3.125239716833131,4
0.8809315028671106,0.7909829361313242,-0.2550306852253353,-0.4055175020198813,-0.49761335152811925,-0.6514911025695421,-0.8753811368949302,-0.08001280307281944,-0.16158484017509972,-0.7667325399895246,3.38765264987284,-0.3223857693349117,-0.6491056582062513,-0.2026316921140586,3.125239716833131,6
-0.8764597693500188,0.7909829361313242,-0.2550306852253353,-0.4055175020198813,-0.49761335152811925,-0.6514911025695421,1.142359548147343,-0.08001280307281944,-0.16158484017509972,1.3042357638997066,-0.29518964998891967,-0.3223857693349117,1.54058124029209,-0.2026316921140586,-0.31997545487912843,4
0.8809315028671106,-0.9170186787017,-0.2550306852253353,2.4659848095803594,-0.49761335152811925,-0.6514911025695421,-0.8753811368949302,-0.08001280307281944,-0.16158484017509972,1.3042357638997066,-0.29518964998891967,-0.3223857693349117,-0.6491056582062513,-0.2026316921140586,-0.31997545487912843,6
-0.8764597693500188,0.7909829361313242,-0.2550306852253353,-0.4055175020198813,-0.49761335152811925,-0.6514911025695421,-0.8753811368949302,-0.08001280307281944,-0.16158484017509972,-0.7667325399895246,-0.29518964998891967,-0.3223857693349117,-0.6491056582062513,-0.2026316921140586,-0.31997545487912843,6
0.8809315028671106,0.7909829361313242,-0.2550306852253353,-0.4055175020198813,2.009592381171251,1.3886364138434464,-0.8753811368949302,-0.08001280307281944,-0.16158484017509972,-0.7667325399895246,-0.29518964998891967,-0.3223857693349117,1.54058124029209,-0.2026316921140586,-0.31997545487912843,6
0.8809315028671106,0.7909829361313242,-0.2550306852253353,-0.4055175020198813,-0.49761335152811925,-0.6514911025695421,-0.8753811368949302,-0.08001280307281944,-0.16158484017509972,1.3042357638997066,-0.29518964998891967,-0.3223857693349117,-0.6491056582062513,-0.2026316921140586,-0.31997545487912843,5
-0.8764597693500188,0.7909829361313242,-0.2550306852253353,-0.4055175020198813,-0.49761335152811925,1.3886364138434464,1.142359548147343,-0.08001280307281944,-0.16158484017509972,-0.7667325399895246,-0.29518964998891967,-0.3223857693349117,-0.6491056582062513,-0.2026316921140586,-0.31997545487912843,7
0.8809315028671106,-0.9170186787017,3.9210967853395307,-0.4055175020198813,-0.49761335152811925,-0.6514911025695421,1.142359548147343,-0.08001280307281944,-0.16158484017509972,-0.7667325399895246,-0.29518964998891967,-0.3223857693349117,-0.6491056582062513,-0.2026316921140586,-0.31997545487912843,6
0.8809315028671106,0.7909829361313242,-0.2550306852253353,-0.4055175020198813,-0.49761335152811925,-0.6514911025695421,-0.8753811368949302,-0.08001280307281944,-0.16158484017509972,1.3042357638997066,-0.29518964998891967,-0.3223857693349117,1.54058124029209,-0.2026316921140586,3.125239716833131,6
0.8809315028671106,-0.9170186787017,-0.2550306852253353,-0.4055175020198813,-0.49761335152811925,1.3886364138434464,1.142359548147343,-0.08001280307281944,-0.16158484017509972,-0.7667325399895246,-0.29518964998891967,-0.3223857693349117,1.54058124029209,-0.2026316921140586,-0.31997545487912843,4
0.8809315028671106,-0.9170186787017,-0.2550306852253353,-0.4055175020198813,-0.49761335152811925,1.3886364138434464,1.142359548147343,-0.08001280307281944,-0.16158484017509972,-0.7667325399895246,-0.29518964998891967,-0.3223857693349117,-0.6491056582062513,-0.2026316921140586,-0.31997545487912843,9
-0.8764597693500188,0.7909829361313242,-0.2550306852253353,-0.4055175020198813,-0.49761335152811925,-0.6514911025695421,-0.8753811368949302,-0.08001280307281944,-0.16158484017509972,-0.7667325399895246,-0.29518964998891967,-0.3223857693349117,-0.6491056582062513,-0.2026316921140586,-0.31997545487912843,4
-0.8764597693500188,0.7909829361313242,-0.2550306852253353,-0.4055175020198813,-0.49761335152811925,-0.6514911025695421,-0.8753811368949302,-0.08001280307281944,-0.16158484017509972,-0.7667325399895246,-0.29518964998891967,3.101873888735907,-0.6491056582062513,-0.2026316921140586,-0.31997545487912843,6
0.8809315028671106,0.7909829361313242,-0.2550306852253353,2.4659848095803594,2.009592381171251,-0.6514911025695421,1.142359548147343,-0.08001280307281944,-0.16158484017509972,-0.7667325399895246,-0.29518964998891967,-0.3223857693349117,-0.6491056582062513,-0.2026316921140586,-0.31997545487912843,7
0.8809315028671106,0.7909829361313242,-0.2550306852253353,-0.4055175020198813,-0.49761335152811925,-0.6514911025695421,-0.8753811368949302,12.497999839974396,-0.16158484017509972,1.3042357638997066,-0.29518964998891967,-0.3223857693349117,-0.6491056582062513,-0.2026316921140586,-0.31997545487912843,3
0.8809315028671106,0.7909829361313242,-0.2550306852253353,-0.4055175020198813,-0.49761335152811925,1.3886364138434464,-0.8753811368949302,-0.08001280307281944,-0.16158484017509972,-0.7667325399895246,-0.29518964998891967,-0.3223857693349117,-0.6491056582062513,-0.2026316921140586,3.125239716833131,5
0.8809315028671106,0.7909829361313242,-0.2550306852253353,-0.4055175020198813,-0.49761335152811925,-0.6514911025695421,1.142359548147343,-0.08001280307281944,-0.16158484017509972,-0.7667325399895246,-0.29518964998891967,-0.3223857693349117,1.54058124029209,-0.2026316921140586,-0.31997545487912843,5
0.8809315028671106,0.7909829361313242,-0.2550306852253353,-0.4055175020198813,-0.49761335152811925,-0.6514911025695421,-0.8753811368949302,-0.08001280307281944,-0.16158484017509972,-0.7667325399895246,-0.29518964998891967,-0.3223857693349117,-0.6491056582062513,-0.2026316921140586,3.125239716833131,7
0.8809315028671106,0.7909829361313242,-0.2550306852253353,-0.4055175020198813,-0.49761335152811925,-0.6514911025695421,-0.8753811368949302,-0.08001280307281944,-0.16158484017509972,1.3042357638997066,-0.29518964998891967,-0.3223857693349117,-0.6491056582062513,-0.2026316921140586,-0.31997545487912843,5
-0.8764597693500188,-0.9170186787017,-0.2550306852253353,-0.4055175020198813,-0.49761335152811925,-0.6514911025695421,1.142359548147343,-0.08001280307281944,-0.16158484017509972,1.3042357638997066,-0.29518964998891967,-0.3223857693349117,-0.6491056582062513,-0.2026316921140586,-0.31997545487912843,5
-0.8764597693500188,0.7909829361313242,-0.2550306852253353,-0.4055175020198813,-0.49761335152811925,-0.6514911025695421,-0.8753811368949302,-0.08001280307281944,-0.16158484017509972,1.3042357638997066,-0.29518964998891967,-0.3223857693349117,-0.6491056582062513,-0.2026316921140586,3.125239716833131,6
-0.8764597693500188,0.7909829361313242,-0.2550306852253353,-0.4055175020198813,2.009592381171251,-0.6514911025695421,1.142359548147343,-0.08001280307281944,-0.16158484017509972,1.3042357638997066,-0.29518964998891967,-0.3223857693349117,-0.6491056582062513,-0.2026316921140586,-0.31997545487912843,6
-0.8764597693500188,0.7909829361313242,-0.2550306852253353,-0.4055175020198813,-0.49761335152811925,1.3886364138434464,-0.8753811368949302,-0.08001280307281944,-0.16158484017509972,1.3042357638997066,-0.29518964998891967,-0.3223857693349117,-0.6491056582062513,-0.2026316921140586,-0.31997545487912843,5
-0.8764597693500188,-0.9170186787017,-0.2550306852253353,-0.4055175020198813,2.009592381171251,-0.6514911025695421,-0.8753811368949302,-0.08001280307281944,-0.16158484017509972,-0.7667325399895246,-0.29518964998891967,-0.3223857693349117,-0.6491056582062513,-0.2026316921140586,-0.31997545487912843,7
0.8809315028671106,0.7909829361313242,-0.2550306852253353,-0.4055175020198813,-0.49761335152811925,1.3886364138434464,1.142359548147343,-0.08001280307281944,-0.16158484017509972,-0.7667325399895246,-0.29518964998891967,-0.3223857693349117,1.54058124029209,-0.2026316921140586,-0.31997545487912843,5
0.8809315028671106,-0.9170186787017,-0.2550306852253353,-0.4055175020198813,2.009592381171251,1.3886364138434464,1.142359548147343,-0.08001280307281944,-0.16158484017509972,-0.7667325399895246,-0.29518964998891967,-0.3223857693349117,1.54058124029209,-0.2026316921140586,-0.31997545487912843,7
-0.8764597693500188,0.7909829361313242,-0.2550306852253353,-0.4055175020198813,-0.49761335152811925,-0.6514911025695421,-0.8753811368949302,12.497999839974396,-0.16158484017509972,1.3042357638997066,-0.29518964998891967,-0.3223857693349117,-0.6491056582062513,-0.2026316921140586,-0.31997545487912843,5
0.8809315028671106,0.7909829361313242,-0.2550306852253353,-0.4055175020198813,-0.49761335152811925,-0.6514911025695421,-0.8753811368949302,-0.08001280307281944,-0.16158484017509972,1.3042357638997066,3.38765264987284,-0.3223857693349117,-0.6491056582062513,-0.2026316921140586,-0.31997545487912843,6
2.63832277508424,0.7909829361313242,-0.2550306852253353,-0.4055175020198813,-0.49761335152811925,-0.6514911025695421,-0.8753811368949302,-0.08001280307281944,-0.16158484017509972,-0.7667325399895246,-0.29518964998891967,-0.3223857693349117,1.54058124029209,-0.2026316921140586,-0.31997545487912843,3
0.8809315028671106,-0.9170186787017,-0.2550306852253353,2.4659848095803594,-0.49761335152811925,1.3886364138434464,1.142359548147343,-0.08001280307281944,-0.16158484017509972,-0.7667325399895246,-0.29518964998891967,-0.3223857693349117,-0.6491056582062513,-0.2026316921140586,-0.31997545487912843,6
0.8809315028671106,-0.9170186787017,-0.2550306852253353,-0.4055175020198813,-0.49761335152811925,-0.6514911025695421,-0.8753811368949302,-0.08001280307281944,-0.16158484017509972,-0.7667325399895246,-0.29518964998891967,-0.3223857693349117,-0.6491056582062513,-0.2026316921140586,3.125239716833131,5
-0.8764597693500188,0.7909829361313242,-0.2550306852253353,2.4659848095803594,2.009592381171251,-0.6514911025695421,-0.8753811368949302,-0.08001280307281944,-0.16158484017509972,-0.7667325399895246,-0.29518964998891967,-0.3223857693349117,-0.6491056582062513,-0.2026316921140586,-0.31997545487912843,7
-0.8764597693500188,-0.9170186787017,-0.2550306852253353,-0.4055175020198813,-0.49761335152811925,-0.6514911025695421,1.142359548147343,-0.08001280307281944,-0.16158484017509972,-0.7667325399895246,-0.29518964998891967,-0.3223857693349117,-0.6491056582062513,-0.2026316921140586,-0.31997545487912843,7
0.8809315028671106,0.7909829361313242,-0.2550306852253353,-0.4055175020198813,2.009592381171251,-0.6514911025695421,-0.8753811368949302,-0.08001280307281944,-0.16158484017509972,-0.7667325399895246,-0.29518964998891967,-0.3223857693349117,-0.6491056582062513,-0.2026316921140586,3.125239716833131,5
-0.8764597693500188,-0.9170186787017,-0.2550306852253353,2.4659848095803594,2.009592381171251,-0.6514911025695421,1.142359548147343,-0.08001280307281944,-0.16158484017509972,-0.7667325399895246,-0.29518964998891967,-0.3223857693349117,1.54058124029209,-0.2026316921140586,-0.31997545487912843,6
0.8809315028671106,0.7909829361313242,-0.2550306852253353,-0.4055175020198813,-0.49761335152811925,-0.6514911025695421,-0.8753811368949302,-0.08001280307281944,-0.16158484017509972,1.3042357638997066,-0.29518964998891967,-0.3223857693349117,1.54058124029209,4.935062178906911,-0.31997545487912843,3
0.8809315028671106,0.7909829361313242,-0.2550306852253353,-0.4055175020198813,-0.49761335152811925,1.3886364138434464,-0.8753811368949302,-0.08001280307281944,-0.16158484017509972,-0.7667325399895246,-0.29518964998891967,3.101873888735907,1.54058124029209,-0.2026316921140586,-0.31997545487912843,6
-0.8764597693500188,0.7909829361313242,-0.2550306852253353,-0.4055175020198813,-0.49761335152811925,1.3886364138434464,-0.8753811368949302,-0.08001280307281944,-0.16158484017509972,1.3042357638997066,-0.29518964998891967,-0.3223857693349117,-0.6491056582062513,-0.2026316921140586,-0.31997545487912843,4
-0.8764597693500188,0.7909829361313242,-0.2550306852253353,-0.4055175020198813,-0.49761335152811925,-0.6514911025695421,1.142359548147343,-0.08001280307281944,-0.16158484017509972,-0.7667325399895246,3.38765264987284,-0.3223857693349117,-0.6491056582062513,-0.2026316921140586,-0.31997545487912843,6
0.8809315028671106,-0.9170186787017,-0.2550306852253353,2.4659848095803594,-0.49761335152811925,-0.6514911025695421,-0.8753811368949302,-0.08001280307281944,-0.16158484017509972,-0.7667325399895246,-0.29518964998891967,-0.3223857693349117,-0.6491056582062513,-0.2026316921140586,-0.31997545487912843,7
0.8809315028671106,0.7909829361313242,-0.2550306852253353,-0.4055175020198813,-0.49761335152811925,-0.6514911025695421,-0.8753811368949302,-0.08001280307281944,-0.16158484017509972,1.3042357638997066,-0.29518964998891967,-0.3223857693349117,-0.6491056582062513,-0.2026316921140586,-0.31997545487912843,4
-0.8764597693500188,-0.9170186787017,-0.2550306852253353,-0.4055175020198813,-0.49761335152811925,-0.6514911025695421,-0.8753811368949302,-0.08001280307281944,-0.16158484017509972,-0.7667325399895246,-0.29518964998891967,-0.3223857693349117,1.54058124029209,-0.2026316921140586,-0.31997545487912843,7
0.8809315028671106,-0.9170186787017,-0.2550306852253353,-0.4055175020198813,2.009592381171251,1.3886364138434464,1.142359548147343,-0.08001280307281944,-0.16158484017509972,-0.7667325399895246,-0.29518964998891967,-0.3223857693349117,1.54058124029209,-0.2026316921140586,-0.31997545487912843,6
-0.8764597693500188,-0.9170186787017,3.9210967853395307,2.4659848095803594,-0.49761335152811925,-0.6514911025695421,1.142359548147343,-0.08001280307281944,-0.16158484017509972,-0.7667325399895246,-0.29518964998891967,-0.3223857693349117,-0.6491056582062513,-0.2026316921140586,-0.31997545487912843,8
-0.8764597693500188,-0.9170186787017,-0.2550306852253353,-0.4055175020198813,-0.49761335152811925,1.3886364138434464,1.142359548147343,-0.08001280307281944,-0.16158484017509972,-0.7667325399895246,-0.29518964998891967,-0.3223857693349117,-0.6491056582062513,-0.2026316921140586,3.125239716833131,7
0.8809315028671106,-0.9170186787017,-0.2550306852253353,-0.4055175020198813,-0.49761335152811925,-0.6514911025695421,-0.8753811368949302,-0.08001280307281944,-0.16158484017509972,1.3042357638997066,-0.29518964998891967,-0.3223857693349117,-0.6491056582062513,4.935062178906911,-0.31997545487912843,7
-0.8764597693500188,-0.9170186787017,-0.2550306852253353,-0.4055175020198813,2.009592381171251,1.3886364138434464,1.142359548147343,-0.08001280307281944,-0.16158484017509972,-0.7667325399895246,-0.29518964998891967,-0.3223857693349117,-0.6491056582062513,-0.2026316921140586,-0.31997545487912843,7
-0.8764597693500188,0.7909829361313242,-0.2550306852253353,-0.4055175020198813,-0.49761335152811925,-0.6514911025695421,-0.8753811368949302,-0.08001280307281944,-0.16158484017509972,1.3042357638997066,-0.29518964998891967,-0.3223857693349117,-0.6491056582062513,-0.2026316921140586,-0.31997545487912843,5
0.8809315028671106,0.7909829361313242,-0.2550306852253353,-0.4055175020198813,-0.49761335152811925,-0.6514911025695421,-0.8753811368949302,-0.08001280307281944,-0.16158484017509972,1.3042357638997066,-0.29518964998891967,-0.3223857693349117,-0.6491056582062513,-0.2026316921140586,-0.31997545487912843,5
-0.8764597693500188,0.7909829361313242,-0.2550306852253353,-0.4055175020198813,-0.49761335152811925,1.3886364138434464,1.142359548147343,-0.08001280307281944,-0.16158484017509972,-0.7667325399895246,-0.29518964998891967,-0.3223857693349117,-0.6491056582062513,-0.2026316921140586,-0.31997545487912843,7
0.8809315028671106,0.7909829361313242,-0.2550306852253353,-0.4055175020198813,-0.49761335152811925,-0.6514911025695421,-0.8753811368949302,-0.08001280307281944,-0.16158484017509972,-0.7667325399895246,-0.29518964998891967,-0.3223857693349117,1.54058124029209,-0.2026316921140586,-0.31997545487912843,5
0.8809315028671106,-0.9170186787017,-0.2550306852253353,-0.4055175020198813,-0.49761335152811925,-0.6514911025695421,1.142359548147343,-0.08001280307281944,-0.16158484017509972,-0.7667325399895246,-0.29518964998891967,-0.3223857693349117,-0.6491056582062513,-0.2026316921140586,-0.31997545487912843,6
-0.8764597693500188,-0.9170186787017,-0.2550306852253353,2.4659848095803594,-0.49761335152811925,-0.6514911025695421,-0.8753811368949302,-0.08001280307281944,-0.16158484017509972,1.3042357638997066,-0.29518964998891967,-0.3223857693349117,-0.6491056582062513,-0.2026316921140586,-0.31997545487912843,6
0.8809315028671106,-0.9170186787017,-0.2550306852253353,-0.4055175020198813,-0.49761335152811925,1.3886364138434464,-0.8753811368949302,-0.08001280307281944,-0.16158484017509972,-0.7667325399895246,-0.29518964998891967,3.101873888735907,1.54058124029209,-0.2026316921140586,-0.31997545487912843,4
-0.8764597693500188,0.7909829361313242,-0.2550306852253353,-0.4055175020198813,-0.49761335152811925,-0.6514911025695421,-0.8753811368949302,-0.08001280307281944,-0.16158484017509972,1.3042357638997066,-0.29518964998891967,3.101873888735907,1.54058124029209,-0.2026316921140586,-0.31997545487912843,5
-0.8764597693500188,-0.9170186787017,-0.2550306852253353,-0.4055175020198813,2.009592381171251,-0.6514911025695421,1.142359548147343,-0.08001280307281944,-0.16158484017509972,-0.7667325399895246,-0.29518964998891967,-0.3223857693349117,-0.6491056582062513,-0.2026316921140586,-0.31997545487912843,5
0.8809315028671106,-0.9170186787017,-0.2550306852253353,-0.4055175020198813,2.009592381171251,1.3886364138434464,-0.8753811368949302,-0.08001280307281944,-0.16158484017509972,-0.7667325399895246,-0.29518964998891967,-0.3223857693349117,-0.6491056582062513,-0.2026316921140586,-0.31997545487912843,5
0.8809315028671106,-0.9170186787017,-0.2550306852253353,-0.4055175020198813,2.009592381171251,1.3886364138434464,1.142359548147343,-0.08001280307281944,-0.16158484017509972,-0.7667325399895246,-0.29518964998891967,-0.3223857693349117,-0.6491056582062513,-0.2026316921140586,-0.31997545487912843,6
-0.8764597693500188,-0.9170186787017,-0.2550306852253353,-0.4055175020198813,-0.49761335152811925,-0.6514911025695421,-0.8753811368949302,-0.08001280307281944,-0.16158484017509972,-0.7667325399895246,3.38765264987284,-0.3223857693349117,-0.6491056582062513,-0.2026316921140586,3.125239716833131,7
0.8809315028671106,0.7909829361313242,-0.2550306852253353,2.4659848095803594,-0.49761335152811925,1.3886364138434464,-0.8753811368949302,-0.08001280307281944,-0.16158484017509972,1.3042357638997066,-0.29518964998891967,-0.3223857693349117,-0.6491056582062513,-0.2026316921140586,-0.31997545487912843,6
0.8809315028671106,-0.9170186787017,-0.2550306852253353,2.4659848095803594,-0.49761335152811925,-0.6514911025695421,1.142359548147343,-0.08001280307281944,-0.16158484017509972,-0.7667325399895246,-0.29518964998891967,-0.3223857693349117,1.54058124029209,-0.2026316921140586,-0.31997545487912843,7
-0.8764597693500188,0.7909829361313242,-0.2550306852253353,-0.4055175020198813,-0.49761335152811925,-0.6514911025695421,-0.8753811368949302,-0.08001280307281944,-0.16158484017509972,1.3042357638997066,-0.29518964998891967,-0.3223857693349117,-0.6491056582062513,-0.2026316921140586,-0.31997545487912843,4
-0.8764597693500188,0.7909829361313242,-0.2550306852253353,-0.4055175020198813,-0.49761335152811925,1.3886364138434464,-0.8753811368949302,-0.08001280307281944,-0.16158484017509972,1.3042357638997066,-0.29518964998891967,-0.3223857693349117,-0.6491056582062513,-0.2026316921140586,-0.31997545487912843,4
2.63832277508424,2.4989845509643485,-0.2550306852253353,-0.4055175020198813,-0.49761335152811925,1.3886364138434464,-0.8753811368949302,-0.08001280307281944,-0.16158484017509972,-0.7667325399895246,-0.29518964998891967,-0.3223857693349117,-0.6491056582062513,-0.2026316921140586,-0.31997545487912843,3
-0.8764597693500188,0.7909829361313242,-0.2550306852253353,-0.4055175020198813,-0.49761335152811925,-0.6514911025695421,-0.8753811368949302,-0.08001280307281944,-0.16158484017509972,1.3042357638997066,3.38765264987284,-0.3223857693349117,-0.6491056582062513,-0.2026316921140586,-0.31997545487912843,8
-0.8764597693500188,-0.9170186787017,-0.2550306852253353,-0.4055175020198813,-0.49761335152811925,-0.6514911025695421,1.142359548147343,-0.08001280307281944,-0.16158484017509972,-0.7667325399895246,-0.29518964998891967,3.101873888735907,-0.6491056582062513,-0.2026316921140586,-0.31997545487912843,5
-0.8764597693500188,-0.9170186787017,-0.2550306852253353,2.4659848095803594,-0.49761335152811925,-0.6514911025695421,1.142359548147343,-0.08001280307281944,-0.16158484017509972,-0.7667325399895246,-0.29518964998891967,-0.3223857693349117,-0.6491056582062513,-0.2026316921140586,-0.31997545487912843,8
2.63832277508424,-0.9170186787017,-0.2550306852253353,-0.4055175020198813,-0.49761335152811925,1.3886364138434464,-0.8753811368949302,-0.08001280307281944,-0.16158484017509972,-0.7667325399895246,-0.29518964998891967,-0.3223857693349117,-0.6491056582062513,-0.2026316921140586,-0.31997545487912843,4
-0.8764597693500188,-0.9170186787017,3.9210967853395307,-0.4055175020198813,-0.49761335152811925,1.3886364138434464,1.142359548147343,-0.08001280307281944,-0.16158484017509972,-0.7667325399895246,-0.29518964998891967,-0.3223857693349117,-0.6491056582062513,-0.2026316921140586,-0.31997545487912843,7
0.8809315028671106,-0.9170186787017,-0.2550306852253353,-0.4055175020198813,-0.49761335152811925,1.3886364138434464,1.142359548147343,-0.08001280307281944,-0.16158484017509972,1.3042357638997066,-0.29518964998891967,-0.3223857693349117,-0.6491056582062513,-0.2026316921140586,-0.31997545487912843,6
0.8809315028671106,0.7909829361313242,-0.2550306852253353,2.4659848095803594,-0.49761335152811925,1.3886364138434464,-0.8753811368949302,-0.08001280307281944,-0.16158484017509972,-0.7667325399895246,-0.29518964998891967,-0.3223857693349117,1.54058124029209,-0.2026316921140586,-0.31997545487912843,7
-0.8764597693500188,-0.9170186787017,-0.2550306852253353,-0.4055175020198813,-0.49761335152811925,1.3886364138434464,1.142359548147343,-0.08001280307281944,-0.16158484017509972,-0.7667325399895246,-0.29518964998891967,-0.3223857693349117,-0.6491056582062513,-0.2026316921140586,-0.31997545487912843,7
-0.8764597693500188,-0.9170186787017,-0.2550306852253353,-0.4055175020198813,2.009592381171251,-0.6514911025695421,1.142359548147343,-0.08001280307281944,-0.16158484017509972,-0.7667325399895246,-0.29518964998891967,-0.3223857693349117,1.54058124029209,-0.2026316921140586,-0.31997545487912843,5
0.8809315028671106,-0.9170186787017,-0.2550306852253353,-0.4055175020198813,-0.49761335152811925,1.3886364138434464,-0.8753811368949302,-0.08001280307281944,-0.16158484017509972,-0.7667325399895246,-0.29518964998891967,-0.3223857693349117,1.54058124029209,-0.2026316921140586,-0.31997545487912843,6
0.8809315028671106,-0.9170186787017,-0.2550306852253353,-0.4055175020198813,2.009592381171251,1.3886364138434464,-0.8753811368949302,-0.08001280307281944,-0.16158484017509972,-0.7667325399895246,-0.29518964998891967,-0.3223857693349117,-0.6491056582062513,-0.2026316921140586,-0.31997545487912843,6
0.8809315028671106,0.7909829361313242,-0.2550306852253353,-0.4055175020198813,-0.49761335152811925,-0.6514911025695421,-0.8753811368949302,-0.08001280307281944,-0.16158484017509972,1.3042357638997066,-0.29518964998891967,-0.3223857693349117,1.54058124029209,-0.2026316921140586,3.125239716833131,6
-0.8764597693500188,-0.9170186787017,-0.2550306852253353,-0.4055175020198813,-0.49761335152811925,-0.6514911025695421,1.142359548147343,-0.08001280307281944,-0.16158484017509972,-0.7667325399895246,-0.29518964998891967,-0.3223857693349117,1.54058124029209,-0.2026316921140586,-0.31997545487912843,5
-0.8764597693500188,-0.9170186787017,-0.2550306852253353,-0.4055175020198813,-0.49761335152811925,1.3886364138434464,-0.8753811368949302,-0.08001280307281944,-0.16158484017509972,1.3042357638997066,-0.29518964998891967,-0.3223857693349117,-0.6491056582062513,-0.2026316921140586,-0.31997545487912843,6
0.8809315028671106,-0.9170186787017,-0.2550306852253353,-0.4055175020198813,-0.49761335152811925,-0.6514911025695421,-0.8753811368949302,-0.08001280307281944,-0.16158484017509972,-0.7667325399895246,-0.29518964998891967,-0.3223857693349117,1.54058124029209,4.935062178906911,-0.31997545487912843,6
0.8809315028671106,0.7909829361313242,-0.2550306852253353,2.4659848095803594,-0.49761335152811925,1.3886364138434464,1.142359548147343,-0.08001280307281944,-0.16158484017509972,-0.7667325399895246,-0.29518964998891967,-0.3223857693349117,1.54058124029209,-0.2026316921140586,-0.31997545487912843,7
0.8809315028671106,-0.9170186787017,-0.2550306852253353,2.4659848095803594,2.009592381171251,1.3886364138434464,1.142359548147343,-0.08001280307281944,-0.16158484017509972,-0.7667325399895246,-0.29518964998891967,-0.3223857693349117,-0.6491056582062513,-0.2026316921140586,-0.31997545487912843,7
0.8809315028671106,-0.9170186787017,-0.2550306852253353,-0.4055175020198813,2.009592381171251,1.3886364138434464,1.142359548147343,-0.08001280307281944,-0.16158484017509972,-0.7667325399895246,-0.29518964998891967,-0.3223857693349117,1.54058124029209,-0.2026316921140586,-0.31997545487912843,6
-0.8764597693500188,0.7909829361313242,-0.2550306852253353,-0.4055175020198813,-0.49761335152811925,-0.6514911025695421,1.142359548147343,-0.08001280307281944,-0.16158484017509972,-0.7667325399895246,-0.29518964998891967,-0.3223857693349117,-0.6491056582062513,-0.2026316921140586,-0.31997545487912843,7
-0.8764597693500188,-0.9170186787017,-0.2550306852253353,2.4659848095803594,2.009592381171251,-0.6514911025695421,-0.8753811368949302,-0.08001280307281944,-0.16158484017509972,-0.7667325399895246,-0.29518964998891967,-0.3223857693349117,-0.6491056582062513,-0.2026316921140586,-0.31997545487912843,8
0.8809315028671106,-0.9170186787017,-0.2550306852253353,-0.4055175020198813,-0.49761335152811925,1.3886364138434464,-0.8753811368949302,-0.08001280307281944,-0.16158484017509972,-0.7667325399895246,-0.29518964998891967,-0.3223857693349117,-0.6491056582062513,-0.2026316921140586,-0.31997545487912843,5
0.8809315028671106,0.7909829361313242,-0.2550306852253353,-0.4055175020198813,-0.49761335152811925,-0.6514911025695421,-0.8753811368949302,-0.08001280307281944,-0.16158484017509972,-0.7667325399895246,-0.29518964998891967,-0.3223857693349117,1.54058124029209,-0.2026316921140586,-0.31997545487912843,6
2.63832277508424,2.4989845509643485,-0.2550306852253353,-0.4055175020198813,-0.49761335152811925,-0.6514911025695421,-0.8753811368949302,-0.08001280307281944,-0.16158484017509972,1.3042357638997066,-0.29518964998891967,-0.3223857693349117,-0.6491056582062513,-0.2026316921140586,-0.31997545487912843,1
0.8809315028671106,0.7909829361313242,-0.2550306852253353,-0.4055175020198813,-0.49761335152811925,-0.6514911025695421,-0.8753811368949302,-0.08001280307281944,-0.16158484017509972,-0.7667325399895246,-0.29518964998891967,3.101873888735907,-0.6491056582062513,-0.2026316921140586,-0.31997545487912843,4
-0.8764597693500188,-0.9170186787017,-0.2550306852253353,-0.4055175020198813,-0.49761335152811925,-0.6514911025695421,1.142359548147343,-0.08001280307281944,-0.16158484017509972,-0.7667325399895246,-0.29518964998891967,-0.3223857693349117,-0.6491056582062513,-0.2026316921140586,-0.31997545487912843,6
0.8809315028671106,-0.9170186787017,-0.2550306852253353,-0.4055175020198813,2.009592381171251,-0.6514911025695421,1.142359548147343,-0.08001280307281944,-0.16158484017509972,-0.7667325399895246,-0.29518964998891967,-0.3223857693349117,-0.6491056582062513,-0.2026316921140586,-0.31997545487912843,6
0.8809315028671106,0.7909829361313242,-0.2550306852253353,-0.4055175020198813,-0.49761335152811925,-0.6514911025695421,-0.8753811368949302,-0.08001280307281944,-0.16158484017509972,1.3042357638997066,-0.29518964998891967,-0.3223857693349117,-0.6491056582062513,-0.2026316921140586,3.125239716833131,3
0.8809315028671106,-0.9170186787017,-0.2550306852253353,-0.4055175020198813,2.009592381171251,1.3886364138434464,1.142359548147343,-0.08001280307281944,-0.16158484017509972,-0.7667325399895246,-0.29518964998891967,-0.3223857693349117,-0.6491056582062513,-0.2026316921140586,-0.31997545487912843,6
0.8809315028671106,0.7909829361313242,-0.2550306852253353,-0.4055175020198813,-0.49761335152811925,-0.6514911025695421,-0.8753811368949302,-0.08001280307281944,-0.16158484017509972,-0.7667325399895246,3.38765264987284,-0.3223857693349117,1.54058124029209,-0.2026316921140586,-0.31997545487912843,6
-0.8764597693500188,-0.9170186787017,-0.2550306852253353,2.4659848095803594,2.009592381171251,-0.6514911025695421,1.142359548147343,-0.08001280307281944,-0.16158484017509972,-0.7667325399895246,-0.29518964998891967,-0.3223857693349117,1.54058124029209,-0.2026316921140586,-0.31997545487912843,9
0.8809315028671106,0.7909829361313242,-0.2550306852253353,-0.4055175020198813,-0.49761335152811925,-0.6514911025695421,-0.8753811368949302,-0.08001280307281944,-0.16158484017509972,1.3042357638997066,-0.29518964998891967,-0.3223857693349117,-0.6491056582062513,-0.2026316921140586,3.125239716833131,6
0.8809315028671106,0.7909829361313242,-0.2550306852253353,-0.4055175020198813,-0.49761335152811925,1.3886364138434464,-0.8753811368949302,-0.08001280307281944,-0.16158484017509972,1.3042357638997066,-0.29518964998891967,-0.3223857693349117,-0.6491056582062513,-0.2026316921140586,-0.31997545487912843,4
0.8809315028671106,-0.9170186787017,-0.2550306852253353,2.4659848095803594,-0.49761335152811925,1.3886364138434464,1.142359548147343,-0.08001280307281944,-0.16158484017509972,-0.7667325399895246,-0.29518964998891967,-0.3223857693349117,-0.6491056582062513,-0.2026316921140586,-0.31997545487912843,6
-0.8764597693500188,-0.9170186787017,-0.2550306852253353,-0.4055175020198813,2.009592381171251,-0.6514911025695421,1.142359548147343,-0.08001280307281944,-0.16158484017509972,-0.7667325399895246,-0.29518964998891967,-0.3223857693349117,1.54058124029209,-0.2026316921140586,-0.31997545487912843,8
0.8809315028671106,0.7909829361313242,-0.2550306852253353,-0.4055175020198813,-0.49761335152811925,-0.6514911025695421,-0.8753811368949302,-0.08001280307281944,-0.16158484017509972,-0.7667325399895246,-0.29518964998891967,3.101873888735907,1.54058124029209,-0.2026316921140586,-0.31997545487912843,7
0.8809315028671106,0.7909829361313242,-0.2550306852253353,-0.4055175020198813,-0.49761335152811925,-0.6514911025695421,1.142359548147343,-0.08001280307281944,-0.16158484017509972,-0.7667325399895246,-0.29518964998891967,-0.3223857693349117,-0.6491056582062513,-0.2026316921140586,-0.31997545487912843,6
-0.8764597693500188,-0.9170186787017,-0.2550306852253353,2.4659848095803594,-0.49761335152811925,-0.6514911025695421,-0.8753811368949302,-0.08001280307281944,-0.16158484017509972,-0.7667325399895246,-0.29518964998891967,-0.3223857693349117,-0.6491056582062513,-0.2026316921140586,-0.31997545487912843,6
-0.8764597693500188,0.7909829361313242,-0.2550306852253353,-0.4055175020198813,-0.49761335152811925,-0.6514911025695421,-0.8753811368949302,-0.08001280307281944,-0.16158484017509972,-0.7667325399895246,-0.29518964998891967,3.101873888735907,1.54058124029209,-0.2026316921140586,-0.31997545487912843,5
2.63832277508424,0.7909829361313242,-0.2550306852253353,-0.4055175020198813,-0.49761335152811925,1.3886364138434464,-0.8753811368949302,-0.08001280307281944,-0.16158484017509972,-0.7667325399895246,-0.29518964998891967,-0.3223857693349117,1.54058124029209,-0.2026316921140586,-0.31997545487912843,5
-0.8764597693500188,2.4989845509643485,-0.2550306852253353,-0.4055175020198813,-0.49761335152811925,-0.6514911025695421,1.142359548147343,-0.08001280307281944,-0.16158484017509972,1.3042357638997066,-0.29518964998891967,-0.3223857693349117,-0.6491056582062513,-0.2026316921140586,-0.31997545487912843,3
0.8809315028671106,0.7909829361313242,-0.2550306852253353,2.4659848095803594,-0.49761335152811925,-0.6514911025695421,-0.8753811368949302,-0.08001280307281944,-0.16158484017509972,-0.7667325399895246,-0.29518964998891967,-0.3223857693349117,1.54058124029209,-0.2026316921140586,-0.31997545487912843,7
-0.8764597693500188,-0.9170186787017,-0.2550306852253353,-0.4055175020198813,2.009592381171251,-0.6514911025695421,1.142359548147343,-0.08001280307281944,-0.16158484017509972,-0.7667325399895246,-0.29518964998891967,-0.3223857693349117,1.54058124029209,-0.2026316921140586,-0.31997545487912843,8
-0.8764597693500188,-0.9170186787017,-0.2550306852253353,2.4659848095803594,2.009592381171251,-0.6514911025695421,1.142359548147343,-0.08001280307281944,-0.16158484017509972,-0.7667325399895246,-0.29518964998891967,-0.3223857693349117,1.54058124029209,-0.2026316921140586,-0.31997545487912843,8
0.8809315028671106,0.7909829361313242,-0.2550306852253353,-0.4055175020198813,-0.49761335152811925,1.3886364138434464,1.142359548147343,-0.08001280307281944,-0.16158484017509972,-0.7667325399895246,-0.29518964998891967,3.101873888735907,-0.6491056582062513,-0.2026316921140586,-0.31997545487912843,2
0.8809315028671106,-0.9170186787017,-0.2550306852253353,-0.4055175020198813,-0.49761335152811925,-0.6514911025695421,-0.8753811368949302,-0.08001280307281944,-0.16158484017509972,1.3042357638997066,-0.29518964998891967,3.101873888735907,1.54058124029209,-0.2026316921140586,-0.31997545487912843,5
-0.8764597693500188,-0.9170186787017,-0.2550306852253353,-0.4055175020198813,-0.49761335152811925,-0.6514911025695421,1.142359548147343,-0.08001280307281944,-0.16158484017509972,1.3042357638997066,-0.29518964998891967,-0.3223857693349117,1.54058124029209,-0.2026316921140586,-0.31997545487912843,5
0.8809315028671106,-0.9170186787017,-0.2550306852253353,-0.4055175020198813,-0.49761335152811925,-0.6514911025695421,1.142359548147343,-0.08001280307281944,-0.16158484017509972,-0.7667325399895246,-0.29518964998891967,-0.3223857693349117,-0.6491056582062513,-0.2026316921140586,-0.31997545487912843,7
0.8809315028671106,-0.9170186787017,-0.2550306852253353,-0.4055175020198813,2.009592381171251,-0.6514911025695421,-0.8753811368949302,-0.08001280307281944,-0.16158484017509972,-0.7667325399895246,-0.29518964998891967,-0.3223857693349117,-0.6491056582062513,-0.2026316921140586,-0.31997545487912843,7
-0.8764597693500188,-0.9170186787017,3.9210967853395307,-0.4055175020198813,-0.49761335152811925,1.3886364138434464,-0.8753811368949302,-0.08001280307281944,-0.16158484017509972,-0.7667325399895246,-0.29518964998891967,-0.3223857693349117,-0.6491056582062513,-0.2026316921140586,-0.31997545487912843,5
0.8809315028671106,0.7909829361313242,-0.2550306852253353,-0.4055175020198813,2.009592381171251,-0.6514911025695421,-0.8753811368949302,-0.08001280307281944,-0.16158484017509972,-0.7667325399895246,-0.29518964998891967,-0.3223857693349117,-0.6491056582062513,-0.2026316921140586,-0.31997545487912843,5
0.8809315028671106,0.7909829361313242,-0.2550306852253353,-0.4055175020198813,-0.49761335152811925,3.4287639302564346,-0.8753811368949302,-0.08001280307281944,-0.16158484017509972,-0.7667325399895246,-0.29518964998891967,-0.3223857693349117,-0.6491056582062513,-0.2026316921140586,-0.31997545487912843,4
-0.8764597693500188,-0.9170186787017,-0.2550306852253353,-0.4055175020198813,-0.49761335152811925,-0.6514911025695421,-0.8753811368949302,-0.08001280307281944,-0.16158484017509972,1.3042357638997066,-0.29518964998891967,-0.3223857693349117,-0.6491056582062513,-0.2026316921140586,-0.31997545487912843,8
-0.8764597693500188,-0.9170186787017,-0.2550306852253353,2.4659848095803594,-0.49761335152811925,-0.6514911025695421,1.142359548147343,-0.08001280307281944,-0.16158484017509972,-0.7667325399895246,-0.29518964998891967,-0.3223857693349117,-0.6491056582062513,-0.2026316921140586,-0.31997545487912843,7
-0.8764597693500188,-0.9170186787017,3.9210967853395307,2.4659848095803594,2.009592381171251,-0.6514911025695421,1.142359548147343,-0.08001280307281944,-0.16158484017509972,-0.7667325399895246,-0.29518964998891967,-0.3223857693349117,-0.6491056582062513,-0.2026316921140586,-0.31997545487912843,9
-0.8764597693500188,-0.9170186787017,3.9210967853395307,-0.4055175020198813,2.009592381171251,-0.6514911025695421,1.142359548147343,-0.08001280307281944,-0.16158484017509972,-0.7667325399895246,-0.29518964998891967,-0.3223857693349117,-0.6491056582062513,-0.2026316921140586,-0.31997545487912843,8
-0.8764597693500188,-0.9170186787017,3.9210967853395307,2.4659848095803594,-0.49761335152811925,-0.6514911025695421,1.142359548147343,-0.08001280307281944,-0.16158484017509972,-0.7667325399895246,-0.29518964998891967,-0.3223857693349117,-0.6491056582062513,-0.2026316921140586,-0.31997545487912843,7
0.8809315028671106,0.7909829361313242,-0.2550306852253353,-0.4055175020198813,-0.49761335152811925,1.3886364138434464,-0.8753811368949302,-0.08001280307281944,-0.16158484017509972,1.3042357638997066,-0.29518964998891967,-0.3223857693349117,-0.6491056582062513,-0.2026316921140586,-0.31997545487912843,7
-0.8764597693500188,2.4989845509643485,-0.2550306852253353,-0.4055175020198813,-0.49761335152811925,-0.6514911025695421,-0.8753811368949302,-0.08001280307281944,-0.16158484017509972,1.3042357638997066,-0.29518964998891967,-0.3223857693349117,1.54058124029209,-0.2026316921140586,-0.31997545487912843,2
-0.8764597693500188,-0.9170186787017,-0.2550306852253353,-0.4055175020198813,-0.49761335152811925,-0.6514911025695421,1.142359548147343,-0.08001280307281944,-0.16158484017509972,-0.7667325399895246,3.38765264987284,-0.3223857693349117,-0.6491056582062513,-0.2026316921140586,-0.31997545487912843,7
0.8809315028671106,-0.9170186787017,-0.2550306852253353,2.4659848095803594,-0.49761335152811925,-0.6514911025695421,-0.8753811368949302,-0.08001280307281944,-0.16158484017509972,-0.7667325399895246,-0.29518964998891967,-0.3223857693349117,-0.6491056582062513,-0.2026316921140586,-0.31997545487912843,7
-0.8764597693500188,-0.9170186787017,-0.2550306852253353,2.4659848095803594,2.009592381171251,-0.6514911025695421,1.142359548147343,-0.08001280307281944,-0.16158484017509972,-0.7667325399895246,-0.29518964998891967,-0.3223857693349117,-0.6491056582062513,-0.2026316921140586,-0.31997545487912843,9
-0.8764597693500188,0.7909829361313242,-0.2550306852253353,-0.4055175020198813,-0.49761335152811925,-0.6514911025695421,-0.8753811368949302,-0.08001280307281944,-0.16158484017509972,1.3042357638997066,-0.29518964998891967,-0.3223857693349117,-0.6491056582062513,-0.2026316921140586,-0.31997545487912843,5
-0.8764597693500188,0.7909829361313242,-0.2550306852253353,2.4659848095803594,-0.49761335152811925,-0.6514911025695421,-0.8753811368949302,-0.08001280307281944,-0.16158484017509972,-0.7667325399895246,-0.29518964998891967,-0.3223857693349117,1.54058124029209,-0.2026316921140586,-0.31997545487912843,5
-0.8764597693500188,-0.9170186787017,-0.2550306852253353,-0.4055175020198813,-0.49761335152811925,-0.6514911025695421,1.142359548147343,-0.08001280307281944,-0.16158484017509972,-0.7667325399895246,-0.29518964998891967,-0.3223857693349117,-0.6491056582062513,-0.2026316921140586,3.125239716833131,9
-0.8764597693500188,-0.9170186787017,-0.2550306852253353,-0.4055175020198813,2.009592381171251,-0.6514911025695421,1.142359548147343,-0.08001280307281944,-0.16158484017509972,-0.7667325399895246,-0.29518964998891967,-0.3223857693349117,-0.6491056582062513,-0.2026316921140586,-0.31997545487912843,8
-0.8764597693500188,0.7909829361313242,-0.2550306852253353,-0.4055175020198813,-0.49761335152811925,-0.6514911025695421,-0.8753811368949302,-0.08001280307281944,-0.16158484017509972,-0.7667325399895246,-0.29518964998891967,-0.3223857693349117,-0.6491056582062513,-0.2026316921140586,-0.31997545487912843,7
-0.8764597693500188,0.7909829361313242,-0.2550306852253353,-0.4055175020198813,-0.49761335152811925,-0.6514911025695421,-0.8753811368949302,-0.08001280307281944,-0.16158484017509972,1.3042357638997066,-0.29518964998891967,-0.3223857693349117,1.54058124029209,4.935062178906911,-0.31997545487912843,3
-0.8764597693500188,-0.9170186787017,-0.2550306852253353,-0.4055175020198813,-0.49761335152811925,-0.6514911025695421,1.142359548147343,-0.08001280307281944,6.18869937870632,-0.7667325399895246,-0.29518964998891967,-0.3223857693349117,-0.6491056582062513,-0.2026316921140586,-0.31997545487912843,7
0.8809315028671106,-0.9170186787017,-0.2550306852253353,-0.4055175020198813,2.009592381171251,-0.6514911025695421,1.142359548147343,-0.08001280307281944,-0.16158484017509972,1.3042357638997066,-0.29518964998891967,-0.3223857693349117,-0.6491056582062513,-0.2026316921140586,-0.31997545487912843,7
0.8809315028671106,0.7909829361313242,-0.2550306852253353,-0.4055175020198813,-0.49761335152811925,3.4287639302564346,-0.8753811368949302,-0.08001280307281944,-0.16158484017509972,-0.7667325399895246,-0.29518964998891967,-0.3223857693349117,-0.6491056582062513,-0.2026316921140586,-0.31997545487912843,5
-0.8764597693500188,0.7909829361313242,-0.2550306852253353,-0.4055175020198813,-0.49761335152811925,-0.6514911025695421,1.142359548147343,-0.08001280307281944,-0.16158484017509972,1.3042357638997066,-0.29518964998891967,-0.3223857693349117,-0.6491056582062513,-0.2026316921140586,-0.31997545487912843,5
-0.8764597693500188,0.7909829361313242,-0.2550306852253353,-0.4055175020198813,-0.49761335152811925,1.3886364138434464,-0.8753811368949302,-0.08001280307281944,-0.16158484017509972,1.3042357638997066,-0.29518964998891967,-0.3223857693349117,-0.6491056582062513,-0.2026316921140586,-0.31997545487912843,6
-0.8764597693500188,2.4989845509643485,-0.2550306852253353,-0.4055175020198813,-0.49761335152811925,-0.6514911025695421,-0.8753811368949302,-0.08001280307281944,-0.16158484017509972,1.3042357638997066,-0.29518964998891967,-0.3223857693349117,1.54058124029209,-0.2026316921140586,-0.31997545487912843,5
-0.8764597693500188,0.7909829361313242,-0.2550306852253353,-0.4055175020198813,-0.49761335152811925,-0.6514911025695421,1.142359548147343,-0.08001280307281944,-0.16158484017509972,1.3042357638997066,-0.29518964998891967,-0.3223857693349117,1.54058124029209,-0.2026316921140586,-0.31997545487912843,4
-0.8764597693500188,0.7909829361313242,-0.2550306852253353,-0.4055175020198813,-0.49761335152811925,-0.6514911025695421,1.142359548147343,-0.08001280307281944,-0.16158484017509972,1.3042357638997066,-0.29518964998891967,-0.3223857693349117,-0.6491056582062513,-0.2026316921140586,-0.31997545487912843,4
0.8809315028671106,0.7909829361313242,-0.2550306852253353,-0.4055175020198813,-0.49761335152811925,1.3886364138434464,1.142359548147343,-0.08001280307281944,-0.16158484017509972,-0.7667325399895246,-0.29518964998891967,3.101873888735907,-0.6491056582062513,-0.2026316921140586,-0.31997545487912843,3
-0.8764597693500188,-0.9170186787017,-0.2550306852253353,-0.4055175020198813,-0.49761335152811925,1.3886364138434464,1.142359548147343,-0.08001280307281944,-0.16158484017509972,-0.7667325399895246,-0.29518964998891967,-0.3223857693349117,1.54058124029209,-0.2026316921140586,-0.31997545487912843,6
-0.8764597693500188,0.7909829361313242,-0.2550306852253353,-0.4055175020198813,-0.49761335152811925,-0.6514911025695421,-0.8753811368949302,-0.08001280307281944,-0.16158484017509972,-0.7667325399895246,-0.29518964998891967,-0.3223857693349117,-0.6491056582062513,-0.2026316921140586,3.125239716833131,4
-0.8764597693500188,-0.9170186787017,-0.2550306852253353,-0.4055175020198813,2.009592381171251,-0.6514911025695421,1.142359548147343,-0.08001280307281944,6.18869937870632,-0.7667325399895246,-0.29518964998891967,-0.3223857693349117,-0.6491056582062513,-0.2026316921140586,-0.31997545487912843,8
0.8809315028671106,-0.9170186787017,-0.2550306852253353,-0.4055175020198813,-0.49761335152811925,1.3886364138434464,1.142359548147343,-0.08001280307281944,-0.16158484017509972,1.3042357638997066,-0.29518964998891967,-0.3223857693349117,-0.6491056582062513,-0.2026316921140586,-0.31997545487912843,7
0.8809315028671106,0.7909829361313242,-0.2550306852253353,-0.4055175020198813,-0.49761335152811925,1.3886364138434464,-0.8753811368949302,-0.08001280307281944,-0.16158484017509972,1.3042357638997066,-0.29518964998891967,-0.3223857693349117,-0.6491056582062513,-0.2026316921140586,-0.31997545487912843,6
-0.8764597693500188,-0.9170186787017,-0.2550306852253353,-0.4055175020198813,-0.49761335152811925,-0.6514911025695421,-0.8753811368949302,-0.08001280307281944,-0.16158484017509972,1.3042357638997066,-0.29518964998891967,-0.3223857693349117,-0.6491056582062513,4.935062178906911,-0.31997545487912843,6
-0.8764597693500188,0.7909829361313242,-0.2550306852253353,-0.4055175020198813,-0.49761335152811925,-0.6514911025695421,1.142359548147343,-0.08001280307281944,-0.16158484017509972,1.3042357638997066,-0.29518964998891967,3.101873888735907,1.54058124029209,-0.2026316921140586,-0.31997545487912843,5
2.63832277508424,-0.9170186787017,-0.2550306852253353,-0.4055175020198813,-0.49761335152811925,1.3886364138434464,-0.8753811368949302,-0.08001280307281944,-0.16158484017509972,-0.7667325399895246,-0.29518964998891967,-0.3223857693349117,1.54058124029209,-0.2026316921140586,-0.31997545487912843,2
0.8809315028671106,-0.9170186787017,-0.2550306852253353,-0.4055175020198813,-0.49761335152811925,1.3886364138434464,-0.8753811368949302,-0.08001280307281944,-0.16158484017509972,-0.7667325399895246,-0.29518964998891967,-0.3223857693349117,-0.6491056582062513,-0.2026316921140586,-0.31997545487912843,5
0.8809315028671106,-0.9170186787017,-0.2550306852253353,-0.4055175020198813,-0.49761335152811925,3.4287639302564346,-0.8753811368949302,-0.08001280307281944,-0.16158484017509972,-0.7667325399895246,-0.29518964998891967,-0.3223857693349117,-0.6491056582062513,-0.2026316921140586,-0.31997545487912843,6
-0.8764597693500188,0.7909829361313242,-0.2550306852253353,-0.4055175020198813,-0.49761335152811925,-0.6514911025695421,-0.8753811368949302,-0.08001280307281944,-0.16158484017509972,-0.7667325399895246,-0.29518964998891967,-0.3223857693349117,1.54058124029209,-0.2026316921140586,-0.31997545487912843,6
0.8809315028671106,0.7909829361313242,-0.2550306852253353,-0.4055175020198813,-0.49761335152811925,1.3886364138434464,-0.8753811368949302,-0.08001280307281944,-0.16158484017509972,-0.7667325399895246,-0.29518964998891967,-0.3223857693349117,1.54058124029209,-0.2026316921140586,-0.31997545487912843,7
-0.8764597693500188,-0.9170186787017,-0.2550306852253353,-0.4055175020198813,-0.49761335152811925,-0.6514911025695421,1.142359548147343,-0.08001280307281944,-0.16158484017509972,-0.7667325399895246,-0.29518964998891967,3.101873888735907,1.54058124029209,-0.2026316921140586,-0.31997545487912843,4
0.8809315028671106,2.4989845509643485,-0.2550306852253353,-0.4055175020198813,-0.49761335152811925,-0.6514911025695421,-0.8753811368949302,-0.08001280307281944,-0.16158484017509972,1.3042357638997066,-0.29518964998891967,-0.3223857693349117,-0.6491056582062513,-0.2026316921140586,3.125239716833131,3
0.8809315028671106,0.7909829361313242,-0.2550306852253353,-0.4055175020198813,-0.49761335152811925,-0.6514911025695421,-0.8753811368949302,-0.08001280307281944,-0.16158484017509972,-0.7667325399895246,-0.29518964998891967,-0.3223857693349117,-0.6491056582062513,-0.2026316921140586,-0.31997545487912843,7
0.8809315028671106,0.7909829361313242,-0.2550306852253353,2.4659848095803594,-0.49761335152811925,-0.6514911025695421,1.142359548147343,-0.08001280307281944,-0.16158484017509972,-0.7667325399895246,-0.29518964998891967,-0.3223857693349117,1.54058124029209,-0.2026316921140586,-0.31997545487912843,6
-0.8764597693500188,0.7909829361313242,-0.2550306852253353,-0.4055175020198813,-0.49761335152811925,1.3886364138434464,-0.8753811368949302,-0.08001280307281944,-0.16158484017509972,-0.7667325399895246,-0.29518964998891967,-0.3223857693349117,-0.6491056582062513,-0.2026316921140586,3.125239716833131,8
-0.8764597693500188,0.7909829361313242,-0.2550306852253353,-0.4055175020198813,-0.49761335152811925,-0.6514911025695421,-0.8753811368949302,-0.08001280307281944,-0.16158484017509972,1.3042357638997066,3.38765264987284,-0.3223857693349117,-0.6491056582062513,-0.2026316921140586,-0.31997545487912843,3
-0.8764597693500188,-0.9170186787017,-0.2550306852253353,2.4659848095803594,2.009592381171251,-0.6514911025695421,1.142359548147343,-0.08001280307281944,-0.16158484017509972,-0.7667325399895246,-0.29518964998891967,-0.3223857693349117,-0.6491056582062513,-0.2026316921140586,-0.31997545487912843,7
0.8809315028671106,-0.9170186787017,-0.2550306852253353,-0.4055175020198813,-0.49761335152811925,-0.6514911025695421,-0.8753811368949302,-0.08001280307281944,-0.16158484017509972,1.3042357638997066,-0.29518964998891967,-0.3223857693349117,-0.6491056582062513,4.935062178906911,-0.31997545487912843,3
-0.8764597693500188,-0.9170186787017,-0.2550306852253353,-0.4055175020198813,-0.49761335152811925,-0.6514911025695421,-0.8753811368949302,-0.08001280307281944,-0.16158484017509972,1.3042357638997066,-0.29518964998891967,-0.3223857693349117,1.54058124029209,-0.2026316921140586,-0.31997545487912843,5
0.8809315028671106,0.7909829361313242,-0.2550306852253353,-0.4055175020198813,-0.49761335152811925,-0.6514911025695421,-0.8753811368949302,-0.08001280307281944,-0.16158484017509972,-0.7667325399895246,-0.29518964998891967,-0.3223857693349117,-0.6491056582062513,-0.2026316921140586,-0.31997545487912843,6
-0.8764597693500188,-0.9170186787017,-0.2550306852253353,-0.4055175020198813,-0.49761335152811925,1.3886364138434464,-0.8753811368949302,-0.08001280307281944,-0.16158484017509972,-0.7667325399895246,-0.29518964998891967,-0.3223857693349117,-0.6491056582062513,-0.2026316921140586,-0.31997545487912843,4
0.8809315028671106,-0.9170186787017,-0.2550306852253353,2.4659848095803594,-0.49761335152811925,-0.6514911025695421,1.142359548147343,-0.08001280307281944,-0.16158484017509972,-0.7667325399895246,-0.29518964998891967,-0.3223857693349117,-0.6491056582062513,-0.2026316921140586,-0.31997545487912843,6
-0.8764597693500188,-0.9170186787017,-0.2550306852253353,2.4659848095803594,2.009592381171251,-0.6514911025695421,1.142359548147343,-0.08001280307281944,6.18869937870632,-0.7667325399895246,-0.29518964998891967,-0.3223857693349117,-0.6491056582062513,-0.2026316921140586,-0.31997545487912843,8
-0.8764597693500188,0.7909829361313242,-0.2550306852253353,-0.4055175020198813,-0.49761335152811925,1.3886364138434464,-0.8753811368949302,-0.08001280307281944,-0.16158484017509972,1.3042357638997066,-0.29518964998891967,3.101873888735907,-0.6491056582062513,-0.2026316921140586,-0.31997545487912843,6
-0.8764597693500188,-0.9170186787017,-0.2550306852253353,2.4659848095803594,2.009592381171251,-0.6514911025695421,1.142359548147343,-0.08001280307281944,-0.16158484017509972,-0.7667325399895246,-0.29518964998891967,-0.3223857693349117,-0.6491056582062513,-0.2026316921140586,-0.31997545487912843,9
-0.8764597693500188,-0.9170186787017,-0.2550306852253353,-0.4055175020198813,2.009592381171251,-0.6514911025695421,1.142359548147343,-0.08001280307281944,-0.16158484017509972,1.3042357638997066,-0.29518964998891967,-0.3223857693349117,-0.6491056582062513,-0.2026316921140586,-0.31997545487912843,6
0.8809315028671106,-0.9170186787017,-0.2550306852253353,-0.4055175020198813,-0.49761335152811925,1.3886364138434464,1.142359548147343,-0.08001280307281944,-0.16158484017509972,-0.7667325399895246,-0.29518964998891967,-0.3223857693349117,-0.6491056582062513,-0.2026316921140586,-0.31997545487912843,6
-0.8764597693500188,-0.9170186787017,-0.2550306852253353,-0.4055175020198813,-0.49761335152811925,-0.6514911025695421,1.142359548147343,-0.08001280307281944,-0.16158484017509972,-0.7667325399895246,-0.29518964998891967,-0.3223857693349117,-0.6491056582062513,4.935062178906911,-0.31997545487912843,5
-0.8764597693500188,-0.9170186787017,-0.2550306852253353,-0.4055175020198813,-0.49761335152811925,-0.6514911025695421,1.142359548147343,-0.08001280307281944,-0.16158484017509972,-0.7667325399895246,-0.29518964998891967,-0.3223857693349117,-0.6491056582062513,-0.2026316921140586,-0.31997545487912843,6
-0.8764597693500188,0.7909829361313242,-0.2550306852253353,-0.4055175020198813,-0.49761335152811925,-0.6514911025695421,1.142359548147343,-0.08001280307281944,-0.16158484017509972,1.3042357638997066,3.38765264987284,-0.3223857693349117,-0.6491056582062513,-0.2026316921140586,-0.31997545487912843,5
-0.8764597693500188,0.7909829361313242,-0.2550306852253353,-0.4055175020198813,-0.49761335152811925,-0.6514911025695421,1.142359548147343,-0.08001280307281944,-0.16158484017509972,-0.7667325399895246,-0.29518964998891967,-0.3223857693349117,1.54058124029209,-0.2026316921140586,-0.31997545487912843,8
-0.8764597693500188,0.7909829361313242,-0.2550306852253353,-0.4055175020198813,2.009592381171251,-0.6514911025695421,1.142359548147343,-0.08001280307281944,-0.16158484017509972,-0.7667325399895246,-0.29518964998891967,-0.3223857693349117,-0.6491056582062513,-0.2026316921140586,-0.31997545487912843,8
2.63832277508424,2.4989845509643485,-0.2550306852253353,-0.4055175020198813,-0.49761335152811925,1.3886364138434464,-0.8753811368949302,-0.08001280307281944,-0.16158484017509972,-0.7667325399895246,-0.29518964998891967,-0.3223857693349117,-0.6491056582062513,-0.2026316921140586,-0.31997545487912843,5
0.8809315028671106,-0.9170186787017,-0.2550306852253353,-0.4055175020198813,-0.49761335152811925,-0.6514911025695421,1.142359548147343,-0.08001280307281944,-0.16158484017509972,-0.7667325399895246,-0.29518964998891967,-0.3223857693349117,-0.6491056582062513,-0.2026316921140586,-0.31997545487912843,6
0.8809315028671106,0.7909829361313242,-0.2550306852253353,-0.4055175020198813,-0.49761335152811925,1.3886364138434464,-0.8753811368949302,-0.08001280307281944,-0.16158484017509972,1.3042357638997066,-0.29518964998891967,-0.3223857693349117,-0.6491056582062513,-0.2026316921140586,-0.31997545487912843,4
0.8809315028671106,2.4989845509643485,-0.2550306852253353,-0.4055175020198813,-0.49761335152811925,-0.6514911025695421,-0.8753811368949302,-0.08001280307281944,-0.16158484017509972,1.3042357638997066,3.38765264987284,-0.3223857693349117,-0.6491056582062513,-0.2026316921140586,-0.31997545487912843,4
-0.8764597693500188,2.4989845509643485,-0.2550306852253353,-0.4055175020198813,-0.49761335152811925,-0.6514911025695421,1.142359548147343,-0.08001280307281944,-0.16158484017509972,1.3042357638997066,-0.29518964998891967,-0.3223857693349117,-0.6491056582062513,-0.2026316921140586,-0.31997545487912843,4
2.63832277508424,2.4989845509643485,-0.2550306852253353,-0.4055175020198813,-0.49761335152811925,1.3886364138434464,-0.8753811368949302,-0.08001280307281944,-0.16158484017509972,1.3042357638997066,-0.29518964998891967,-0.3223857693349117,-0.6491056582062513,-0.2026316921140586,-0.31997545487912843,1
0.8809315028671106,-0.9170186787017,3.9210967853395307,-0.4055175020198813,-0.49761335152811925,-0.6514911025695421,1.142359548147343,-0.08001280307281944,-0.16158484017509972,-0.7667325399895246,-0.29518964998891967,-0.3223857693349117,-0.6491056582062513,-0.2026316921140586,-0.31997545487912843,7
-0.8764597693500188,0.7909829361313242,-0.2550306852253353,-0.4055175020198813,2.009592381171251,-0.6514911025695421,1.142359548147343,-0.08001280307281944,-0.16158484017509972,1.3042357638997066,-0.29518964998891967,-0.3223857693349117,-0.6491056582062513,-0.2026316921140586,-0.31997545487912843,9
-0.8764597693500188,-0.9170186787017,3.9210967853395307,-0.4055175020198813,-0.49761335152811925,-0.6514911025695421,-0.8753811368949302,-0.08001280307281944,-0.16158484017509972,-0.7667325399895246,-0.29518964998891967,-0.3223857693349117,-0.6491056582062513,-0.2026316921140586,-0.31997545487912843,8
-0.8764597693500188,0.7909829361313242,-0.2550306852253353,-0.4055175020198813,-0.49761335152811925,-0.6514911025695421,1.142359548147343,-0.08001280307281944,-0.16158484017509972,-0.7667325399895246,3.38765264987284,-0.3223857693349117,-0.6491056582062513,-0.2026316921140586,-0.31997545487912843,6
-0.8764597693500188,-0.9170186787017,-0.2550306852253353,-0.4055175020198813,2.009592381171251,-0.6514911025695421,1.142359548147343,-0.08001280307281944,-0.16158484017509972,-0.7667325399895246,-0.29518964998891967,-0.3223857693349117,-0.6491056582062513,-0.2026316921140586,-0.31997545487912843,6
0.8809315028671106,0.7909829361313242,-0.2550306852253353,-0.4055175020198813,-0.49761335152811925,-0.6514911025695421,1.142359548147343,-0.08001280307281944,-0.16158484017509972,1.3042357638997066,-0.29518964998891967,-0.3223857693349117,1.54058124029209,-0.2026316921140586,-0.31997545487912843,6
0.8809315028671106,-0.9170186787017,-0.2550306852253353,-0.4055175020198813,-0.49761335152811925,1.3886364138434464,1.142359548147343,-0.08001280307281944,-0.16158484017509972,-0.7667325399895246,-0.29518964998891967,3.101873888735907,1.54058124029209,-0.2026316921140586,-0.31997545487912843,6
-0.8764597693500188,-0.9170186787017,-0.2550306852253353,-0.4055175020198813,-0.49761335152811925,1.3886364138434464,1.142359548147343,-0.08001280307281944,6.18869937870632,-0.7667325399895246,-0.29518964998891967,-0.3223857693349117,-0.6491056582062513,-0.2026316921140586,-0.31997545487912843,8
-0.8764597693500188,-0.9170186787017,-0.2550306852253353,-0.4055175020198813,-0.49761335152811925,-0.6514911025695421,-0.8753811368949302,-0.08001280307281944,-0.16158484017509972,1.3042357638997066,-0.29518964998891967,3.101873888735907,1.54058124029209,-0.2026316921140586,-0.31997545487912843,6
0.8809315028671106,-0.9170186787017,-0.2550306852253353,-0.4055175020198813,-0.49761335152811925,1.3886364138434464,1.142359548147343,-0.08001280307281944,-0.16158484017509972,-0.7667325399895246,-0.29518964998891967,-0.3223857693349117,-0.6491056582062513,4.935062178906911,-0.31997545487912843,6
0.8809315028671106,0.7909829361313242,-0.2550306852253353,-0.4055175020198813,-0.49761335152811925,-0.6514911025695421,-0.8753811368949302,-0.08001280307281944,-0.16158484017509972,-0.7667325399895246,-0.29518964998891967,-0.3223857693349117,-0.6491056582062513,-0.2026316921140586,-0.31997545487912843,6
-0.8764597693500188,-0.9170186787017,-0.2550306852253353,-0.4055175020198813,-0.49761335152811925,-0.6514911025695421,-0.8753811368949302,-0.08001280307281944,-0.16158484017509972,1.3042357638997066,-0.29518964998891967,-0.3223857693349117,1.54058124029209,-0.2026316921140586,-0.31997545487912843,5
0.8809315028671106,0.7909829361313242,-0.2550306852253353,-0.4055175020198813,-0.49761335152811925,1.3886364138434464,-0.8753811368949302,-0.08001280307281944,-0.16158484017509972,1.3042357638997066,-0.29518964998891967,-0.3223857693349117,1.54058124029209,-0.2026316921140586,-0.31997545487912843,4
-0.8764597693500188,-0.9170186787017,-0.2550306852253353,-0.4055175020198813,-0.49761335152811925,-0.6514911025695421,-0.8753811368949302,-0.08001280307281944,-0.16158484017509972,-0.7667325399895246,-0.29518964998891967,-0.3223857693349117,-0.6491056582062513,-0.2026316921140586,3.125239716833131,7
0.8809315028671106,0.7909829361313242,-0.2550306852253353,-0.4055175020198813,-0.49761335152811925,1.3886364138434464,-0.8753811368949302,-0.08001280307281944,-0.16158484017509972,1.3042357638997066,-0.29518964998891967,-0.3223857693349117,1.54058124029209,-0.2026316921140586,-0.31997545487912843,3
0.8809315028671106,-0.9170186787017,-0.2550306852253353,2.4659848095803594,2.009592381171251,-0.6514911025695421,1.142359548147343,-0.08001280307281944,-0.16158484017509972,-0.7667325399895246,-0.29518964998891967,-0.3223857693349117,-0.6491056582062513,-0.2026316921140586,-0.31997545487912843,5
-0.8764597693500188,-0.9170186787017,-0.2550306852253353,-0.4055175020198813,-0.49761335152811925,-0.6514911025695421,1.142359548147343,-0.08001280307281944,-0.16158484017509972,1.3042357638997066,-0.29518964998891967,-0.3223857693349117,1.54058124029209,-0.2026316921140586,-0.31997545487912843,4
-0.8764597693500188,-0.9170186787017,3.9210967853395307,-0.4055175020198813,2.009592381171251,-0.6514911025695421,1.142359548147343,-0.08001280307281944,-0.16158484017509972,-0.7667325399895246,-0.29518964998891967,-0.3223857693349117,-0.6491056582062513,-0.2026316921140586,-0.31997545487912843,8
0.8809315028671106,0.7909829361313242,-0.2550306852253353,-0.4055175020198813,2.009592381171251,-0.6514911025695421,1.142359548147343,-0.08001280307281944,-0.16158484017509972,-0.7667325399895246,-0.29518964998891967,-0.3223857693349117,-0.6491056582062513,-0.2026316921140586,-0.31997545487912843,8
0.8809315028671106,-0.9170186787017,-0.2550306852253353,-0.4055175020198813,-0.49761335152811925,1.3886364138434464,-0.8753811368949302,-0.08001280307281944,-0.16158484017509972,1.3042357638997066,-0.29518964998891967,-0.3223857693349117,-0.6491056582062513,-0.2026316921140586,-0.31997545487912843,5
-0.8764597693500188,-0.9170186787017,-0.2550306852253353,-0.4055175020198813,-0.49761335152811925,-0.6514911025695421,-0.8753811368949302,-0.08001280307281944,-0.16158484017509972,-0.7667325399895246,3.38765264987284,-0.3223857693349117,-0.6491056582062513,-0.2026316921140586,3.125239716833131,8
-0.8764597693500188,0.7909829361313242,-0.2550306852253353,-0.4055175020198813,-0.49761335152811925,-0.6514911025695421,-0.8753811368949302,-0.08001280307281944,-0.16158484017509972,1.3042357638997066,-0.29518964998891967,3.101873888735907,1.54058124029209,-0.2026316921140586,-0.31997545487912843,3
0.8809315028671106,2.4989845509643485,-0.2550306852253353,-0.4055175020198813,-0.49761335152811925,1.3886364138434464,-0.8753811368949302,-0.08001280307281944,-0.16158484017509972,-0.7667325399895246,-0.29518964998891967,-0.3223857693349117,1.54058124029209,-0.2026316921140586,-0.31997545487912843,4
-0.8764597693500188,-0.9170186787017,-0.2550306852253353,-0.4055175020198813,2.009592381171251,-0.6514911025695421,1.142359548147343,-0.08001280307281944,6.18869937870632,-0.7667325399895246,-0.29518964998891967,-0.3223857693349117,-0.6491056582062513,-0.2026316921140586,-0.31997545487912843,9
-0.8764597693500188,-0.9170186787017,-0.2550306852253353,-0.4055175020198813,2.009592381171251,-0.6514911025695421,-0.8753811368949302,-0.08001280307281944,-0.16158484017509972,1.3042357638997066,-0.29518964998891967,-0.3223857693349117,-0.6491056582062513,-0.2026316921140586,-0.31997545487912843,4
-0.8764597693500188,0.7909829361313242,-0.2550306852253353,-0.4055175020198813,-0.49761335152811925,-0.6514911025695421,-0.8753811368949302,-0.08001280307281944,-0.16158484017509972,1.3042357638997066,-0.29518964998891967,-0.3223857693349117,-0.6491056582062513,-0.2026316921140586,-0.31997545487912843,5
-0.8764597693500188,0.7909829361313242,-0.2550306852253353,-0.4055175020198813,-0.49761335152811925,1.3886364138434464,1.142359548147343,-0.08001280307281944,-0.16158484017509972,-0.7667325399895246,-0.29518964998891967,-0.3223857693349117,1.54058124029209,-0.2026316921140586,-0.31997545487912843,5
0.8809315028671106,0.7909829361313242,-0.2550306852253353,-0.4055175020198813,-0.49761335152811925,-0.6514911025695421,-0.8753811368949302,-0.08001280307281944,-0.16158484017509972,-0.7667325399895246,-0.29518964998891967,3.101873888735907,1.54058124029209,-0.2026316921140586,-0.31997545487912843,4
0.8809315028671106,-0.9170186787017,-0.2550306852253353,-0.4055175020198813,-0.49761335152811925,1.3886364138434464,-0.8753811368949302,-0.08001280307281944,-0.16158484017509972,-0.7667325399895246,-0.29518964998891967,-0.3223857693349117,-0.6491056582062513,-0.2026316921140586,-0.31997545487912843,4
-0.8764597693500188,-0.9170186787017,3.9210967853395307,2.4659848095803594,-0.49761335152811925,-0.6514911025695421,1.142359548147343,-0.08001280307281944,-0.16158484017509972,-0.7667325399895246,-0.29518964998891967,-0.3223857693349117,-0.6491056582062513,-0.2026316921140586,-0.31997545487912843,7
0.8809315028671106,-0.9170186787017,-0.2550306852253353,-0.4055175020198813,-0.49761335152811925,-0.6514911025695421,1.142359548147343,-0.08001280307281944,-0.16158484017509972,-0.7667325399895246,-0.29518964998891967,-0.3223857693349117,-0.6491056582062513,-0.2026316921140586,-0.31997545487912843,6
-0.8764597693500188,0.7909829361313242,-0.2550306852253353,2.4659848095803594,-0.49761335152811925,-0.6514911025695421,1.142359548147343,-0.08001280307281944,-0.16158484017509972,-0.7667325399895246,-0.29518964998891967,-0.3223857693349117,1.54058124029209,-0.2026316921140586,-0.31997545487912843,7
-0.8764597693500188,-0.9170186787017,-0.2550306852253353,-0.4055175020198813,2.009592381171251,-0.6514911025695421,1.142359548147343,-0.08001280307281944,-0.16158484017509972,1.3042357638997066,-0.29518964998891967,-0.3223857693349117,-0.6491056582062513,-0.2026316921140586,-0.31997545487912843,8
-0.8764597693500188,-0.9170186787017,-0.2550306852253353,-0.4055175020198813,2.009592381171251,-0.6514911025695421,1.142359548147343,-0.08001280307281944,-0.16158484017509972,-0.7667325399895246,-0.29518964998891967,-0.3223857693349117,1.54058124029209,-0.2026316921140586,-0.31997545487912843,8
0.8809315028671106,-0.9170186787017,-0.2550306852253353,-0.4055175020198813,-0.49761335152811925,-0.6514911025695421,-0.8753811368949302,-0.08001280307281944,-0.16158484017509972,-0.7667325399895246,3.38765264987284,-0.3223857693349117,-0.6491056582062513,-0.2026316921140586,-0.31997545487912843,7
0.8809315028671106,0.7909829361313242,-0.2550306852253353,-0.4055175020198813,-0.49761335152811925,-0.6514911025695421,1.142359548147343,-0.08001280307281944,-0.16158484017509972,1.3042357638997066,-0.29518964998891967,3.101873888735907,1.54058124029209,-0.2026316921140586,-0.31997545487912843,4
-0.8764597693500188,-0.9170186787017,-0.2550306852253353,-0.4055175020198813,-0.49761335152811925,-0.6514911025695421,-0.8753811368949302,-0.08001280307281944,-0.16158484017509972,1.3042357638997066,-0.29518964998891967,-0.3223857693349117,-0.6491056582062513,-0.2026316921140586,3.125239716833131,5
-0.8764597693500188,-0.9170186787017,-0.2550306852253353,-0.4055175020198813,2.009592381171251,-0.6514911025695421,-0.8753811368949302,-0.08001280307281944,-0.16158484017509972,-0.7667325399895246,3.38765264987284,-0.3223857693349117,-0.6491056582062513,-0.2026316921140586,-0.31997545487912843,8
-0.8764597693500188,-0.9170186787017,3.9210967853395307,-0.4055175020198813,-0.49761335152811925,-0.6514911025695421,-0.8753811368949302,-0.08001280307281944,-0.16158484017509972,-0.7667325399895246,3.38765264987284,-0.3223857693349117,-0.6491056582062513,-0.2026316921140586,-0.31997545487912843,7
-0.8764597693500188,0.7909829361313242,3.9210967853395307,-0.4055175020198813,-0.49761335152811925,-0.6514911025695421,-0.8753811368949302,-0.08001280307281944,-0.16158484017509972,1.3042357638997066,-0.29518964998891967,-0.3223857693349117,-0.6491056582062513,-0.2026316921140586,-0.31997545487912843,6
0.8809315028671106,0.7909829361313242,-0.2550306852253353,-0.4055175020198813,-0.49761335152811925,-0.6514911025695421,1.142359548147343,-0.08001280307281944,-0.16158484017509972,-0.7667325399895246,-0.29518964998891967,-0.3223857693349117,1.54058124029209,-0.2026316921140586,-0.31997545487912843,5
-0.8764597693500188,-0.9170186787017,-0.2550306852253353,-0.4055175020198813,-0.49761335152811925,-0.6514911025695421,-0.8753811368949302,-0.08001280307281944,-0.16158484017509972,-0.7667325399895246,-0.29518964998891967,3.101873888735907,1.54058124029209,-0.2026316921140586,-0.31997545487912843,7
-0.8764597693500188,-0.9170186787017,-0.2550306852253353,-0.4055175020198813,-0.49761335152811925,-0.6514911025695421,1.142359548147343,-0.08001280307281944,-0.16158484017509972,1.3042357638997066,-0.29518964998891967,-0.3223857693349117,-0.6491056582062513,-0.2026316921140586,-0.31997545487912843,5
0.8809315028671106,-0.9170186787017,-0.2550306852253353,2.4659848095803594,-0.49761335152811925,1.3886364138434464,1.142359548147343,-0.08001280307281944,-0.16158484017509972,-0.7667325399895246,-0.29518964998891967,-0.3223857693349117,-0.6491056582062513,-0.2026316921140586,-0.31997545487912843,5
0.8809315028671106,-0.9170186787017,-0.2550306852253353,-0.4055175020198813,-0.49761335152811925,-0.6514911025695421,1.142359548147343,-0.08001280307281944,-0.16158484017509972,-0.7667325399895246,-0.29518964998891967,-0.3223857693349117,-0.6491056582062513,-0.2026316921140586,-0.31997545487912843,4
-0.8764597693500188,-0.9170186787017,-0.2550306852253353,-0.4055175020198813,-0.49761335152811925,1.3886364138434464,-0.8753811368949302,-0.08001280307281944,-0.16158484017509972,-0.7667325399895246,-0.29518964998891967,-0.3223857693349117,1.54058124029209,-0.2026316921140586,-0.31997545487912843,7
-0.8764597693500188,-0.9170186787017,3.9210967853395307,-0.4055175020198813,-0.49761335152811925,-0.6514911025695421,-0.8753811368949302,-0.08001280307281944,-0.16158484017509972,-0.7667325399895246,-0.29518964998891967,-0.3223857693349117,-0.6491056582062513,-0.2026316921140586,3.125239716833131,8
0.8809315028671106,0.7909829361313242,-0.2550306852253353,-0.4055175020198813,-0.49761335152811925,-0.6514911025695421,1.142359548147343,-0.08001280307281944,-0.16158484017509972,-0.7667325399895246,-0.29518964998891967,-0.3223857693349117,-0.6491056582062513,-0.2026316921140586,-0.31997545487912843,8
0.8809315028671106,-0.9170186787017,-0.2550306852253353,-0.4055175020198813,2.009592381171251,-0.6514911025695421,1.142359548147343,-0.08001280307281944,-0.16158484017509972,-0.7667325399895246,-0.29518964998891967,-0.3223857693349117,1.54058124029209,-0.2026316921140586,-0.31997545487912843,7
0.8809315028671106,-0.9170186787017,-0.2550306852253353,-0.4055175020198813,-0.49761335152811925,-0.6514911025695421,-0.8753811368949302,-0.08001280307281944,-0.16158484017509972,1.3042357638997066,-0.29518964998891967,-0.3223857693349117,1.54058124029209,-0.2026316921140586,-0.31997545487912843,6
-0.8764597693500188,-0.9170186787017,-0.2550306852253353,-0.4055175020198813,2.009592381171251,-0.6514911025695421,1.142359548147343,-0.08001280307281944,6.18869937870632,-0.7667325399895246,-0.29518964998891967,-0.3223857693349117,-0.6491056582062513,-0.2026316921140586,-0.31997545487912843,8
0.8809315028671106,-0.9170186787017,-0.2550306852253353,-0.4055175020198813,2.009592381171251,-0.6514911025695421,-0.8753811368949302,-0.08001280307281944,-0.16158484017509972,-0.7667325399895246,-0.29518964998891967,-0.3223857693349117,-0.6491056582062513,-0.2026316921140586,-0.31997545487912843,7
0.8809315028671106,2.4989845509643485,-0.2550306852253353,-0.4055175020198813,-0.49761335152811925,1.3886364138434464,-0.8753811368949302,-0.08001280307281944,-0.16158484017509972,1.3042357638997066,-0.29518964998891967,-0.3223857693349117,-0.6491056582062513,-0.2026316921140586,-0.31997545487912843,7
-0.8764597693500188,0.7909829361313242,-0.2550306852253353,-0.4055175020198813,-0.49761335152811925,-0.6514911025695421,-0.8753811368949302,-0.08001280307281944,-0.16158484017509972,-0.7667325399895246,3.38765264987284,-0.3223857693349117,-0.6491056582062513,-0.2026316921140586,3.125239716833131,7
-0.8764597693500188,-0.9170186787017,-0.2550306852253353,-0.4055175020198813,-0.49761335152811925,-0.6514911025695421,1.142359548147343,-0.08001280307281944,-0.16158484017509972,-0.7667325399895246,-0.29518964998891967,-0.3223857693349117,1.54058124029209,-0.2026316921140586,-0.31997545487912843,6
0.8809315028671106,-0.9170186787017,-0.2550306852253353,-0.4055175020198813,2.009592381171251,-0.6514911025695421,-0.8753811368949302,-0.08001280307281944,-0.16158484017509972,-0.7667325399895246,-0.29518964998891967,-0.3223857693349117,-0.6491056582062513,-0.2026316921140586,-0.31997545487912843,5
0.8809315028671106,0.7909829361313242,-0.2550306852253353,-0.4055175020198813,-0.49761335152811925,-0.6514911025695421,1.142359548147343,-0.08001280307281944,-0.16158484017509972,1.3042357638997066,-0.29518964998891967,-0.3223857693349117,-0.6491056582062513,4.935062178906911,-0.31997545487912843,4
-0.8764597693500188,0.7909829361313242,-0.2550306852253353,2.4659848095803594,-0.49761335152811925,-0.6514911025695421,1.142359548147343,-0.08001280307281944,-0.16158484017509972,-0.7667325399895246,-0.29518964998891967,-0.3223857693349117,-0.6491056582062513,-0.2026316921140586,-0.31997545487912843,6
-0.8764597693500188,0.7909829361313242,-0.2550306852253353,-0.4055175020198813,-0.49761335152811925,1.3886364138434464,-0.8753811368949302,-0.08001280307281944,-0.16158484017509972,1.3042357638997066,-0.29518964998891967,-0.3223857693349117,-0.6491056582062513,-0.2026316921140586,-0.31997545487912843,5
-0.8764597693500188,-0.9170186787017,-0.2550306852253353,-0.4055175020198813,-0.49761335152811925,1.3886364138434464,1.142359548147343,-0.08001280307281944,6.18869937870632,-0.7667325399895246,-0.29518964998891967,-0.3223857693349117,-0.6491056582062513,-0.2026316921140586,-0.31997545487912843,7
-0.8764597693500188,-0.9170186787017,-0.2550306852253353,-0.4055175020198813,-0.49761335152811925,-0.6514911025695421,-0.8753811368949302,-0.08001280307281944,-0.16158484017509972,1.3042357638997066,-0.29518964998891967,-0.3223857693349117,1.54058124029209,-0.2026316921140586,-0.31997545487912843,5
0.8809315028671106,0.7909829361313242,-0.2550306852253353,-0.4055175020198813,-0.49761335152811925,1.3886364138434464,1.142359548147343,-0.08001280307281944,-0.16158484017509972,-0.7667325399895246,-0.29518964998891967,-0.3223857693349117,1.54058124029209,-0.2026316921140586,-0.31997545487912843,5
0.8809315028671106,0.7909829361313242,-0.2550306852253353,-0.4055175020198813,2.009592381171251,1.3886364138434464,1.142359548147343,-0.08001280307281944,-0.16158484017509972,1.3042357638997066,-0.29518964998891967,-0.3223857693349117,-0.6491056582062513,-0.2026316921140586,-0.31997545487912843,4
-0.8764597693500188,0.7909829361313242,-0.2550306852253353,2.4659848095803594,2.009592381171251,-0.6514911025695421,1.142359548147343,-0.08001280307281944,-0.16158484017509972,-0.7667325399895246,-0.29518964998891967,-0.3223857693349117,1.54058124029209,-0.2026316921140586,-0.31997545487912843,7
-0.8764597693500188,-0.9170186787017,-0.2550306852253353,-0.4055175020198813,-0.49761335152811925,-0.6514911025695421,1.142359548147343,-0.08001280307281944,-0.16158484017509972,1.3042357638997066,-0.29518964998891967,-0.3223857693349117,-0.6491056582062513,-0.2026316921140586,3.125239716833131,8
-0.8764597693500188,0.7909829361313242,-0.2550306852253353,-0.4055175020198813,-0.49761335152811925,-0.6514911025695421,-0.8753811368949302,-0.08001280307281944,-0.16158484017509972,1.3042357638997066,-0.29518964998891967,3.101873888735907,-0.6491056582062513,-0.2026316921140586,-0.31997545487912843,4
-0.8764597693500188,0.7909829361313242,-0.2550306852253353,-0.4055175020198813,-0.49761335152811925,1.3886364138434464,1.142359548147343,-0.08001280307281944,-0.16158484017509972,-0.7667325399895246,-0.29518964998891967,-0.3223857693349117,-0.6491056582062513,-0.2026316921140586,-0.31997545487912843,8
0.8809315028671106,0.7909829361313242,-0.2550306852253353,-0.4055175020198813,-0.49761335152811925,-0.6514911025695421,1.142359548147343,-0.08001280307281944,-0.16158484017509972,-0.7667325399895246,-0.29518964998891967,-0.3223857693349117,1.54058124029209,-0.2026316921140586,-0.31997545487912843,7
0.8809315028671106,2.4989845509643485,-0.2550306852253353,-0.4055175020198813,-0.49761335152811925,1.3886364138434464,-0.8753811368949302,-0.08001280307281944,-0.16158484017509972,1.3042357638997066,-0.29518964998891967,-0.3223857693349117,-0.6491056582062513,-0.2026316921140586,-0.31997545487912843,6
0.8809315028671106,0.7909829361313242,-0.2550306852253353,-0.4055175020198813,-0.49761335152811925,-0.6514911025695421,-0.8753811368949302,-0.08001280307281944,-0.16158484017509972,1.3042357638997066,-0.29518964998891967,-0.3223857693349117,1.54058124029209,-0.2026316921140586,-0.31997545487912843,6
-0.8764597693500188,-0.9170186787017,3.9210967853395307,-0.4055175020198813,-0.49761335152811925,-0.6514911025695421,-0.8753811368949302,-0.08001280307281944,-0.16158484017509972,-0.7667325399895246,3.38765264987284,-0.3223857693349117,-0.6491056582062513,-0.2026316921140586,-0.31997545487912843,8
-0.8764597693500188,-0.9170186787017,-0.2550306852253353,-0.4055175020198813,-0.49761335152811925,-0.6514911025695421,1.142359548147343,-0.08001280307281944,-0.16158484017509972,-0.7667325399895246,-0.29518964998891967,-0.3223857693349117,-0.6491056582062513,-0.2026316921140586,-0.31997545487912843,7
0.8809315028671106,2.4989845509643485,-0.2550306852253353,-0.4055175020198813,-0.49761335152811925,1.3886364138434464,-0.8753811368949302,-0.08001280307281944,-0.16158484017509972,1.3042357638997066,-0.29518964998891967,-0.3223857693349117,-0.6491056582062513,-0.2026316921140586,-0.31997545487912843,4
0.8809315028671106,0.7909829361313242,-0.2550306852253353,-0.4055175020198813,-0.49761335152811925,3.4287639302564346,-0.8753811368949302,-0.08001280307281944,-0.16158484017509972,-0.7667325399895246,-0.29518964998891967,-0.3223857693349117,-0.6491056582062513,-0.2026316921140586,-0.31997545487912843,4
2.63832277508424,0.7909829361313242,-0.2550306852253353,-0.4055175020198813,-0.49761335152811925,-0.6514911025695421,1.142359548147343,-0.08001280307281944,-0.16158484017509972,-0.7667325399895246,-0.29518964998891967,-0.3223857693349117,-0.6491056582062513,-0.2026316921140586,-0.31997545487912843,6
-0.8764597693500188,-0.9170186787017,3.9210967853395307,-0.4055175020198813,2.009592381171251,-0.6514911025695421,-0.8753811368949302,-0.08001280307281944,-0.16158484017509972,-0.7667325399895246,-0.29518964998891967,-0.3223857693349117,-0.6491056582062513,-0.2026316921140586,-0.31997545487912843,8
-0.8764597693500188,-0.9170186787017,-0.2550306852253353,-0.4055175020198813,-0.49761335152811925,-0.6514911025695421,-0.8753811368949302,-0.08001280307281944,-0.16158484017509972,-0.7667325399895246,-0.29518964998891967,-0.3223857693349117,-0.6491056582062513,-0.2026316921140586,-0.31997545487912843,7
-0.8764597693500188,-0.9170186787017,-0.2550306852253353,-0.4055175020198813,-0.49761335152811925,-0.6514911025695421,1.142359548147343,-0.08001280307281944,-0.16158484017509972,1.3042357638997066,-0.29518964998891967,-0.3223857693349117,1.54058124029209,-0.2026316921140586,-0.31997545487912843,5
2.63832277508424,0.7909829361313242,-0.2550306852253353,-0.4055175020198813,-0.49761335152811925,3.4287639302564346,-0.8753811368949302,-0.08001280307281944,-0.16158484017509972,-0.7667325399895246,-0.29518964998891967,-0.3223857693349117,-0.6491056582062513,-0.2026316921140586,-0.31997545487912843,4
0.8809315028671106,-0.9170186787017,-0.2550306852253353,-0.4055175020198813,-0.49761335152811925,-0.6514911025695421,1.142359548147343,-0.08001280307281944,-0.16158484017509972,1.3042357638997066,3.38765264987284,-0.3223857693349117,-0.6491056582062513,-0.2026316921140586,-0.31997545487912843,8
0.8809315028671106,-0.9170186787017,-0.2550306852253353,-0.4055175020198813,-0.49761335152811925,-0.6514911025695421,-0.8753811368949302,-0.08001280307281944,-0.16158484017509972,-0.7667325399895246,-0.29518964998891967,-0.3223857693349117,1.54058124029209,-0.2026316921140586,-0.31997545487912843,7
0.8809315028671106,-0.9170186787017,-0.2550306852253353,-0.4055175020198813,-0.49761335152811925,-0.6514911025695421,-0.8753811368949302,-0.08001280307281944,-0.16158484017509972,1.3042357638997066,-0.29518964998891967,3.101873888735907,1.54058124029209,-0.2026316921140586,-0.31997545487912843,5
-0.8764597693500188,-0.9170186787017,-0.2550306852253353,-0.4055175020198813,-0.49761335152811925,-0.6514911025695421,-0.8753811368949302,-0.08001280307281944,-0.16158484017509972,-0.7667325399895246,3.38765264987284,-0.3223857693349117,-0.6491056582062513,-0.2026316921140586,-0.31997545487912843,6
-0.8764597693500188,-0.9170186787017,-0.2550306852253353,-0.4055175020198813,2.009592381171251,-0.6514911025695421,1.142359548147343,-0.08001280307281944,-0.16158484017509972,-0.7667325399895246,-0.29518964998891967,3.101873888735907,-0.6491056582062513,-0.2026316921140586,-0.31997545487912843,5
0.8809315028671106,-0.9170186787017,-0.2550306852253353,-0.4055175020198813,2.009592381171251,-0.6514911025695421,1.142359548147343,-0.08001280307281944,-0.16158484017509972,-0.7667325399895246,-0.29518964998891967,3.101873888735907,-0.6491056582062513,-0.2026316921140586,-0.31997545487912843,8
-0.8764597693500188,0.7909829361313242,-0.2550306852253353,-0.4055175020198813,-0.49761335152811925,-0.6514911025695421,-0.8753811368949302,-0.08001280307281944,-0.16158484017509972,1.3042357638997066,-0.29518964998891967,-0.3223857693349117,-0.6491056582062513,-0.2026316921140586,-0.31997545487912843,5
-0.8764597693500188,-0.9170186787017,-0.2550306852253353,-0.4055175020198813,-0.49761335152811925,-0.6514911025695421,-0.8753811368949302,-0.08001280307281944,-0.16158484017509972,-0.7667325399895246,-0.29518964998891967,-0.3223857693349117,-0.6491056582062513,-0.2026316921140586,-0.31997545487912843,5
-0.8764597693500188,-0.9170186787017,-0.2550306852253353,-0.4055175020198813,-0.49761335152811925,-0.6514911025695421,-0.8753811368949302,-0.08001280307281944,-0.16158484017509972,1.3042357638997066,-0.29518964998891967,3.101873888735907,-0.6491056582062513,-0.2026316921140586,-0.31997545487912843,5
-0.8764597693500188,0.7909829361313242,-0.2550306852253353,-0.4055175020198813,-0.49761335152811925,-0.6514911025695421,-0.8753811368949302,-0.08001280307281944,-0.16158484017509972,1.3042357638997066,3.38765264987284,-0.3223857693349117,-0.6491056582062513,-0.2026316921140586,-0.31997545487912843,6
-0.8764597693500188,-0.9170186787017,-0.2550306852253353,-0.4055175020198813,-0.49761335152811925,-0.6514911025695421,1.142359548147343,-0.08001280307281944,-0.16158484017509972,-0.7667325399895246,-0.29518964998891967,-0.3223857693349117,-0.6491056582062513,4.935062178906911,-0.31997545487912843,7
0.8809315028671106,-0.9170186787017,-0.2550306852253353,2.4659848095803594,-0.49761335152811925,-0.6514911025695421,1.142359548147343,-0.08001280307281944,-0.16158484017509972,-0.7667325399895246,-0.29518964998891967,-0.3223857693349117,-0.6491056582062513,-0.2026316921140586,-0.31997545487912843,7
2.63832277508424,0.7909829361313242,-0.2550306852253353,-0.4055175020198813,-0.49761335152811925,1.3886364138434464,1.142359548147343,-0.08001280307281944,-0.16158484017509972,-0.7667325399895246,-0.29518964998891967,-0.3223857693349117,1.54058124029209,-0.2026316921140586,-0.31997545487912843,4
0.8809315028671106,-0.9170186787017,-0.2550306852253353,-0.4055175020198813,2.009592381171251,-0.6514911025695421,1.142359548147343,-0.08001280307281944,-0.16158484017509972,-0.7667325399895246,-0.29518964998891967,-0.3223857693349117,-0.6491056582062513,-0.2026316921140586,-0.31997545487912843,8
-0.8764597693500188,0.7909829361313242,-0.2550306852253353,-0.4055175020198813,-0.49761335152811925,-0.6514911025695421,-0.8753811368949302,-0.08001280307281944,-0.16158484017509972,-0.7667325399895246,-0.29518964998891967,-0.3223857693349117,-0.6491056582062513,-0.2026316921140586,-0.31997545487912843,4
-0.8764597693500188,-0.9170186787017,-0.2550306852253353,-0.4055175020198813,2.009592381171251,1.3886364138434464,1.142359548147343,-0.08001280307281944,-0.16158484017509972,-0.7667325399895246,-0.29518964998891967,-0.3223857693349117,-0.6491056582062513,-0.2026316921140586,-0.31997545487912843,7
0.8809315028671106,0.7909829361313242,-0.2550306852253353,-0.4055175020198813,-0.49761335152811925,-0.6514911025695421,-0.8753811368949302,-0.08001280307281944,-0.16158484017509972,-0.7667325399895246,-0.29518964998891967,-0.3223857693349117,1.54058124029209,-0.2026316921140586,3.125239716833131,4
0.8809315028671106,0.7909829361313242,-0.2550306852253353,-0.4055175020198813,-0.49761335152811925,-0.6514911025695421,-0.8753811368949302,12.497999839974396,-0.16158484017509972,1.3042357638997066,-0.29518964998891967,-0.3223857693349117,-0.6491056582062513,-0.2026316921140586,-0.31997545487912843,4
0.8809315028671106,0.7909829361313242,-0.2550306852253353,-0.4055175020198813,-0.49761335152811925,-0.6514911025695421,-0.8753811368949302,-0.08001280307281944,-0.16158484017509972,1.3042357638997066,-0.29518964998891967,3.101873888735907,-0.6491056582062513,-0.2026316921140586,-0.31997545487912843,3
-0.8764597693500188,-0.9170186787017,-0.2550306852253353,-0.4055175020198813,2.009592381171251,-0.6514911025695421,-0.8753811368949302,-0.08001280307281944,-0.16158484017509972,-0.7667325399895246,-0.29518964998891967,-0.3223857693349117,-0.6491056582062513,-0.2026316921140586,-0.31997545487912843,8
0.8809315028671106,0.7909829361313242,-0.2550306852253353,-0.4055175020198813,-0.49761335152811925,1.3886364138434464,-0.8753811368949302,-0.08001280307281944,-0.16158484017509972,-0.7667325399895246,-0.29518964998891967,-0.3223857693349117,-0.6491056582062513,-0.2026316921140586,-0.31997545487912843,4
0.8809315028671106,-0.9170186787017,-0.2550306852253353,-0.4055175020198813,-0.49761335152811925,1.3886364138434464,-0.8753811368949302,-0.08001280307281944,-0.16158484017509972,-0.7667325399895246,-0.29518964998891967,-0.3223857693349117,-0.6491056582062513,-0.2026316921140586,3.125239716833131,7
0.8809315028671106,-0.9170186787017,-0.2550306852253353,-0.4055175020198813,-0.49761335152811925,1.3886364138434464,-0.8753811368949302,-0.08001280307281944,-0.16158484017509972,-0.7667325399895246,-0.29518964998891967,-0.3223857693349117,-0.6491056582062513,-0.2026316921140586,-0.31997545487912843,4
-0.8764597693500188,-0.9170186787017,-0.2550306852253353,-0.4055175020198813,-0.49761335152811925,-0.6514911025695421,1.142359548147343,-0.08001280307281944,-0.16158484017509972,1.3042357638997066,-0.29518964998891967,-0.3223857693349117,-0.6491056582062513,-0.2026316921140586,-0.31997545487912843,7
0.8809315028671106,-0.9170186787017,-0.2550306852253353,-0.4055175020198813,2.009592381171251,-0.6514911025695421,-0.8753811368949302,-0.08001280307281944,-0.16158484017509972,-0.7667325399895246,-0.29518964998891967,-0.3223857693349117,-0.6491056582062513,-0.2026316921140586,-0.31997545487912843,5
0.8809315028671106,0.7909829361313242,-0.2550306852253353,-0.4055175020198813,-0.49761335152811925,1.3886364138434464,-0.8753811368949302,-0.08001280307281944,-0.16158484017509972,-0.7667325399895246,-0.29518964998891967,3.101873888735907,1.54058124029209,-0.2026316921140586,-0.31997545487912843,4
-0.8764597693500188,-0.9170186787017,3.9210967853395307,-0.4055175020198813,-0.49761335152811925,-0.6514911025695421,1.142359548147343,-0.08001280307281944,-0.16158484017509972,-0.7667325399895246,-0.29518964998891967,-0.3223857693349117,1.54058124029209,-0.2026316921140586,-0.31997545487912843,4
-0.8764597693500188,-0.9170186787017,-0.2550306852253353,-0.4055175020198813,2.009592381171251,-0.6514911025695421,-0.8753811368949302,-0.08001280307281944,6.18869937870632,-0.7667325399895246,-0.29518964998891967,-0.3223857693349117,-0.6491056582062513,-0.2026316921140586,-0.31997545487912843,6
-0.8764597693500188,-0.9170186787017,-0.2550306852253353,2.4659848095803594,2.009592381171251,-0.6514911025695421,1.142359548147343,-0.08001280307281944,-0.16158484017509972,-0.7667325399895246,-0.29518964998891967,-0.3223857693349117,-0.6491056582062513,-0.2026316921140586,-0.31997545487912843,8
-0.8764597693500188,-0.9170186787017,-0.2550306852253353,-0.4055175020198813,2.009592381171251,-0.6514911025695421,1.142359548147343,-0.08001280307281944,-0.16158484017509972,-0.7667325399895246,-0.29518964998891967,-0.3223857693349117,-0.6491056582062513,-0.2026316921140586,-0.31997545487912843,8
0.8809315028671106,-0.9170186787017,-0.2550306852253353,-0.4055175020198813,-0.49761335152811925,-0.6514911025695421,1.142359548147343,-0.08001280307281944,-0.16158484017509972,-0.7667325399895246,3.38765264987284,-0.3223857693349117,-0.6491056582062513,-0.2026316921140586,-0.31997545487912843,4
-0.8764597693500188,-0.9170186787017,-0.2550306852253353,-0.4055175020198813,-0.49761335152811925,-0.6514911025695421,-0.8753811368949302,-0.08001280307281944,-0.16158484017509972,-0.7667325399895246,3.38765264987284,-0.3223857693349117,-0.6491056582062513,-0.2026316921140586,3.125239716833131,6
-0.8764597693500188,-0.9170186787017,3.9210967853395307,-0.4055175020198813,2.009592381171251,-0.6514911025695421,1.142359548147343,-0.08001280307281944,-0.16158484017509972,-0.7667325399895246,-0.29518964998891967,-0.3223857693349117,-0.6491056582062513,-0.2026316921140586,-0.31997545487912843,8
-0.8764597693500188,-0.9170186787017,-0.2550306852253353,-0.4055175020198813,-0.49761335152811925,-0.6514911025695421,1.142359548147343,-0.08001280307281944,-0.16158484017509972,-0.7667325399895246,-0.29518964998891967,-0.3223857693349117,1.54058124029209,-0.2026316921140586,-0.31997545487912843,3
0.8809315028671106,-0.9170186787017,-0.2550306852253353,-0.4055175020198813,-0.49761335152811925,-0.6514911025695421,-0.8753811368949302,-0.08001280307281944,-0.16158484017509972,-0.7667325399895246,-0.29518964998891967,-0.3223857693349117,1.54058124029209,4.935062178906911,-0.31997545487912843,4
-0.8764597693500188,-0.9170186787017,-0.2550306852253353,-0.4055175020198813,-0.49761335152811925,-0.6514911025695421,1.142359548147343,-0.08001280307281944,-0.16158484017509972,1.3042357638997066,-0.29518964998891967,-0.3223857693349117,1.54058124029209,-0.2026316921140586,-0.31997545487912843,9
0.8809315028671106,-0.9170186787017,-0.2550306852253353,-0.4055175020198813,-0.49761335152811925,-0.6514911025695421,1.142359548147343,-0.08001280307281944,-0.16158484017509972,-0.7667325399895246,-0.29518964998891967,-0.3223857693349117,-0.6491056582062513,-0.2026316921140586,-0.31997545487912843,7
0.8809315028671106,0.7909829361313242,-0.2550306852253353,-0.4055175020198813,-0.49761335152811925,-0.6514911025695421,1.142359548147343,-0.08001280307281944,-0.16158484017509972,1.3042357638997066,-0.29518964998891967,-0.3223857693349117,-0.6491056582062513,-0.2026316921140586,-0.31997545487912843,7
-0.8764597693500188,-0.9170186787017,-0.2550306852253353,2.4659848095803594,2.009592381171251,-0.6514911025695421,1.142359548147343,-0.08001280307281944,-0.16158484017509972,-0.7667325399895246,-0.29518964998891967,-0.3223857693349117,-0.6491056582062513,-0.2026316921140586,-0.31997545487912843,8
-0.8764597693500188,-0.9170186787017,-0.2550306852253353,-0.4055175020198813,2.009592381171251,-0.6514911025695421,1.142359548147343,-0.08001280307281944,-0.16158484017509972,-0.7667325399895246,-0.29518964998891967,-0.3223857693349117,1.54058124029209,-0.2026316921140586,-0.31997545487912843,6
-0.8764597693500188,-0.9170186787017,-0.2550306852253353,-0.4055175020198813,-0.49761335152811925,-0.6514911025695421,1.142359548147343,-0.08001280307281944,-0.16158484017509972,-0.7667325399895246,-0.29518964998891967,3.101873888735907,1.54058124029209,-0.2026316921140586,-0.31997545487912843,7
-0.8764597693500188,0.7909829361313242,-0.2550306852253353,-0.4055175020198813,-0.49761335152811925,-0.6514911025695421,-0.8753811368949302,-0.08001280307281944,-0.16158484017509972,1.3042357638997066,-0.29518964998891967,-0.3223857693349117,1.54058124029209,-0.2026316921140586,-0.31997545487912843,4
2.63832277508424,0.7909829361313242,-0.2550306852253353,-0.4055175020198813,2.009592381171251,1.3886364138434464,-0.8753811368949302,-0.08001280307281944,-0.16158484017509972,-0.7667325399895246,-0.29518964998891967,-0.3223857693349117,-0.6491056582062513,-0.2026316921140586,-0.31997545487912843,5
0.8809315028671106,0.7909829361313242,-0.2550306852253353,-0.4055175020198813,-0.49761335152811925,-0.6514911025695421,-0.8753811368949302,-0.08001280307281944,-0.16158484017509972,-0.7667325399895246,-0.29518964998891967,-0.3223857693349117,-0.6491056582062513,4.935062178906911,-0.31997545487912843,3
0.8809315028671106,0.7909829361313242,-0.2550306852253353,-0.4055175020198813,-0.49761335152811925,1.3886364138434464,-0.8753811368949302,-0.08001280307281944,-0.16158484017509972,-0.7667325399895246,-0.29518964998891967,3.101873888735907,1.54058124029209,-0.2026316921140586,-0.31997545487912843,4
0.8809315028671106,0.7909829361313242,-0.2550306852253353,-0.4055175020198813,-0.49761335152811925,-0.6514911025695421,-0.8753811368949302,-0.08001280307281944,-0.16158484017509972,-0.7667325399895246,-0.29518964998891967,-0.3223857693349117,-0.6491056582062513,-0.2026316921140586,-0.31997545487912843,5
0.8809315028671106,0.7909829361313242,-0.2550306852253353,2.4659848095803594,-0.49761335152811925,1.3886364138434464,-0.8753811368949302,-0.08001280307281944,-0.16158484017509972,1.3042357638997066,-0.29518964998891967,-0.3223857693349117,-0.6491056582062513,-0.2026316921140586,-0.31997545487912843,6
0.8809315028671106,0.7909829361313242,-0.2550306852253353,-0.4055175020198813,-0.49761335152811925,-0.6514911025695421,1.142359548147343,-0.08001280307281944,-0.16158484017509972,1.3042357638997066,-0.29518964998891967,-0.3223857693349117,1.54058124029209,-0.2026316921140586,-0.31997545487912843,4
-0.8764597693500188,-0.9170186787017,-0.2550306852253353,-0.4055175020198813,2.009592381171251,-0.6514911025695421,1.142359548147343,-0.08001280307281944,-0.16158484017509972,-0.7667325399895246,-0.29518964998891967,-0.3223857693349117,-0.6491056582062513,-0.2026316921140586,-0.31997545487912843,9
-0.8764597693500188,-0.9170186787017,-0.2550306852253353,2.4659848095803594,-0.49761335152811925,-0.6514911025695421,-0.8753811368949302,-0.08001280307281944,-0.16158484017509972,-0.7667325399895246,-0.29518964998891967,-0.3223857693349117,-0.6491056582062513,-0.2026316921140586,-0.31997545487912843,8
-0.8764597693500188,0.7909829361313242,-0.2550306852253353,-0.4055175020198813,-0.49761335152811925,-0.6514911025695421,-0.8753811368949302,-0.08001280307281944,-0.16158484017509972,-0.7667325399895246,-0.29518964998891967,-0.3223857693349117,-0.6491056582062513,-0.2026316921140586,-0.31997545487912843,4
0.8809315028671106,0.7909829361313242,-0.2550306852253353,-0.4055175020198813,-0.49761335152811925,-0.6514911025695421,-0.8753811368949302,-0.08001280307281944,-0.16158484017509972,1.3042357638997066,-0.29518964998891967,-0.3223857693349117,-0.6491056582062513,-0.2026316921140586,-0.31997545487912843,4
-0.8764597693500188,-0.9170186787017,-0.2550306852253353,-0.4055175020198813,-0.49761335152811925,-0.6514911025695421,-0.8753811368949302,-0.08001280307281944,-0.16158484017509972,-0.7667325399895246,-0.29518964998891967,-0.3223857693349117,-0.6491056582062513,-0.2026316921140586,-0.31997545487912843,7
-0.8764597693500188,2.4989845509643485,-0.2550306852253353,-0.4055175020198813,-0.49761335152811925,-0.6514911025695421,1.142359548147343,-0.08001280307281944,-0.16158484017509972,-0.7667325399895246,-0.29518964998891967,-0.3223857693349117,-0.6491056582062513,-0.2026316921140586,-0.31997545487912843,4
0.8809315028671106,0.7909829361313242,-0.2550306852253353,-0.4055175020198813,-0.49761335152811925,1.3886364138434464,1.142359548147343,-0.08001280307281944,-0.16158484017509972,1.3042357638997066,-0.29518964998891967,-0.3223857693349117,1.54058124029209,-0.2026316921140586,-0.31997545487912843,4
-0.8764597693500188,0.7909829361313242,-0.2550306852253353,-0.4055175020198813,-0.49761335152811925,-0.6514911025695421,-0.8753811368949302,-0.08001280307281944,-0.16158484017509972,1.3042357638997066,-0.29518964998891967,-0.3223857693349117,-0.6491056582062513,-0.2026316921140586,-0.31997545487912843,4
0.8809315028671106,0.7909829361313242,-0.2550306852253353,-0.4055175020198813,-0.49761335152811925,1.3886364138434464,-0.8753811368949302,-0.08001280307281944,-0.16158484017509972,1.3042357638997066,-0.29518964998891967,-0.3223857693349117,-0.6491056582062513,-0.2026316921140586,3.125239716833131,3
-0.8764597693500188,-0.9170186787017,-0.2550306852253353,-0.4055175020198813,-0.49761335152811925,-0.6514911025695421,1.142359548147343,-0.08001280307281944,-0.16158484017509972,1.3042357638997066,-0.29518964998891967,-0.3223857693349117,-0.6491056582062513,-0.2026316921140586,-0.31997545487912843,6
-0.8764597693500188,2.4989845509643485,-0.2550306852253353,-0.4055175020198813,-0.49761335152811925,1.3886364138434464,-0.8753811368949302,-0.08001280307281944,-0.16158484017509972,1.3042357638997066,-0.29518964998891967,-0.3223857693349117,-0.6491056582062513,-0.2026316921140586,-0.31997545487912843,3
