split0_test_tn,split1_test_tn,split2_test_tn,split3_test_tn,split4_test_tn,split0_train_tn,split1_train_tn,split2_train_tn,split3_train_tn,split4_train_tn,split0_test_fp,split1_test_fp,split2_test_fp,split3_test_fp,split4_test_fp,split0_train_fp,split1_train_fp,split2_train_fp,split3_train_fp,split4_train_fp,split0_test_fn,split1_test_fn,split2_test_fn,split3_test_fn,split4_test_fn,split0_train_fn,split1_train_fn,split2_train_fn,split3_train_fn,split4_train_fn,split0_test_tp,split1_test_tp,split2_test_tp,split3_test_tp,split4_test_tp,split0_train_tp,split1_train_tp,split2_train_tp,split3_train_tp,split4_train_tp,split0_test_f1,split1_test_f1,split2_test_f1,split3_test_f1,split4_test_f1,split0_train_f1,split1_train_f1,split2_train_f1,split3_train_f1,split4_train_f1,split0_test_accuracy,split1_test_accuracy,split2_test_accuracy,split3_test_accuracy,split4_test_accuracy,split0_train_accuracy,split1_train_accuracy,split2_train_accuracy,split3_train_accuracy,split4_train_accuracy,split0_test_precision,split1_test_precision,split2_test_precision,split3_test_precision,split4_test_precision,split0_train_precision,split1_train_precision,split2_train_precision,split3_train_precision,split4_train_precision,split0_test_recall,split1_test_recall,split2_test_recall,split3_test_recall,split4_test_recall,split0_train_recall,split1_train_recall,split2_train_recall,split3_train_recall,split4_train_recall,split0_test_roc_auc,split1_test_roc_auc,split2_test_roc_auc,split3_test_roc_auc,split4_test_roc_auc,split0_train_roc_auc,split1_train_roc_auc,split2_train_roc_auc,split3_train_roc_auc,split4_train_roc_auc,params,cls_method,od_method,mvi_method,fs_method,os_method,mean_test_f1
79.0,80.0,89.0,85.0,84.0,338.0,337.0,328.0,332.0,333.0,66.0,59.0,69.0,69.0,71.0,268.0,275.0,265.0,265.0,263.0,38.0,38.0,27.0,28.0,46.0,139.0,139.0,150.0,149.0,131.0,210.0,216.0,208.0,210.0,191.0,825.0,819.0,827.0,825.0,844.0,0.8015267175572519,0.8166351606805293,0.8125,0.8123791102514506,0.7655310621242486,0.8021390374331551,0.7982456140350878,0.7994200096665056,0.7994186046511628,0.8107588856868395,0.7353689567430025,0.7531806615776081,0.7557251908396947,0.7525510204081632,0.701530612244898,0.740764331210191,0.7363057324840764,0.7356687898089171,0.7364735837046468,0.7492043284532145,0.7608695652173914,0.7854545454545454,0.7509025270758123,0.7526881720430108,0.7290076335877863,0.7548032936870998,0.7486288848263254,0.7573260073260073,0.7568807339449541,0.7624209575429087,0.8467741935483871,0.8503937007874016,0.8851063829787233,0.8823529411764706,0.8059071729957806,0.8558091286307054,0.8549060542797495,0.8464687819856704,0.8470225872689938,0.8656410256410256,0.6958008898776418,0.7129666345663627,0.7241987611096148,0.7171504965622613,0.6739213284333743,0.7067824521041315,0.7027798245254957,0.6997942560855841,0.7015682450582825,0.7121829289278954,"{'cls__C': 0.1, 'cls__probability': True, 'cls__random_state': 42}",svc,lof,simple,minmax,none,0.8017144101226961
79.0,80.0,89.0,85.0,84.0,338.0,337.0,328.0,332.0,333.0,66.0,59.0,69.0,69.0,71.0,268.0,275.0,265.0,265.0,263.0,38.0,38.0,27.0,28.0,46.0,139.0,139.0,150.0,149.0,131.0,210.0,216.0,208.0,210.0,191.0,825.0,819.0,827.0,825.0,844.0,0.8015267175572519,0.8166351606805293,0.8125,0.8123791102514506,0.7655310621242486,0.8021390374331551,0.7982456140350878,0.7994200096665056,0.7994186046511628,0.8107588856868395,0.7353689567430025,0.7531806615776081,0.7557251908396947,0.7525510204081632,0.701530612244898,0.740764331210191,0.7363057324840764,0.7356687898089171,0.7364735837046468,0.7492043284532145,0.7608695652173914,0.7854545454545454,0.7509025270758123,0.7526881720430108,0.7290076335877863,0.7548032936870998,0.7486288848263254,0.7573260073260073,0.7568807339449541,0.7624209575429087,0.8467741935483871,0.8503937007874016,0.8851063829787233,0.8823529411764706,0.8059071729957806,0.8558091286307054,0.8549060542797495,0.8464687819856704,0.8470225872689938,0.8656410256410256,0.6958008898776418,0.7129666345663627,0.7241987611096148,0.7171504965622613,0.6739213284333743,0.7067824521041315,0.7027798245254957,0.6997942560855841,0.7015682450582825,0.7121829289278954,"{'cls__C': 10, 'cls__probability': True, 'cls__random_state': 42}",svc,lof,simple,none,none,0.8017144101226961
79.0,80.0,89.0,85.0,84.0,338.0,337.0,328.0,332.0,333.0,66.0,59.0,69.0,69.0,71.0,268.0,275.0,265.0,265.0,263.0,38.0,38.0,27.0,28.0,46.0,139.0,139.0,150.0,149.0,131.0,210.0,216.0,208.0,210.0,191.0,825.0,819.0,827.0,825.0,844.0,0.8015267175572519,0.8166351606805293,0.8125,0.8123791102514506,0.7655310621242486,0.8021390374331551,0.7982456140350878,0.7994200096665056,0.7994186046511628,0.8107588856868395,0.7353689567430025,0.7531806615776081,0.7557251908396947,0.7525510204081632,0.701530612244898,0.740764331210191,0.7363057324840764,0.7356687898089171,0.7364735837046468,0.7492043284532145,0.7608695652173914,0.7854545454545454,0.7509025270758123,0.7526881720430108,0.7290076335877863,0.7548032936870998,0.7486288848263254,0.7573260073260073,0.7568807339449541,0.7624209575429087,0.8467741935483871,0.8503937007874016,0.8851063829787233,0.8823529411764706,0.8059071729957806,0.8558091286307054,0.8549060542797495,0.8464687819856704,0.8470225872689938,0.8656410256410256,0.6958008898776418,0.7129666345663627,0.7241987611096148,0.7171504965622613,0.6739213284333743,0.7067824521041315,0.7027798245254957,0.6997942560855841,0.7015682450582825,0.7121829289278954,"{'cls__C': 0.1, 'cls__probability': True, 'cls__random_state': 42}",svc,lof,simple,none,none,0.8017144101226961
79.0,80.0,89.0,85.0,84.0,338.0,337.0,328.0,332.0,333.0,66.0,59.0,69.0,69.0,71.0,268.0,275.0,265.0,265.0,263.0,38.0,38.0,27.0,28.0,46.0,139.0,139.0,150.0,149.0,131.0,210.0,216.0,208.0,210.0,191.0,825.0,819.0,827.0,825.0,844.0,0.8015267175572519,0.8166351606805293,0.8125,0.8123791102514506,0.7655310621242486,0.8021390374331551,0.7982456140350878,0.7994200096665056,0.7994186046511628,0.8107588856868395,0.7353689567430025,0.7531806615776081,0.7557251908396947,0.7525510204081632,0.701530612244898,0.740764331210191,0.7363057324840764,0.7356687898089171,0.7364735837046468,0.7492043284532145,0.7608695652173914,0.7854545454545454,0.7509025270758123,0.7526881720430108,0.7290076335877863,0.7548032936870998,0.7486288848263254,0.7573260073260073,0.7568807339449541,0.7624209575429087,0.8467741935483871,0.8503937007874016,0.8851063829787233,0.8823529411764706,0.8059071729957806,0.8558091286307054,0.8549060542797495,0.8464687819856704,0.8470225872689938,0.8656410256410256,0.6958008898776418,0.7129666345663627,0.7241987611096148,0.7171504965622613,0.6739213284333743,0.7067824521041315,0.7027798245254957,0.6997942560855841,0.7015682450582825,0.7121829289278954,"{'cls__criterion': 'gini', 'cls__max_depth': 4, 'cls__max_features': 'log2', 'cls__random_state': 42}",rf,lof,simple,none,none,0.8017144101226961
79.0,80.0,89.0,85.0,84.0,338.0,337.0,328.0,332.0,333.0,66.0,59.0,69.0,69.0,71.0,268.0,275.0,265.0,265.0,263.0,38.0,38.0,27.0,28.0,46.0,139.0,139.0,150.0,149.0,131.0,210.0,216.0,208.0,210.0,191.0,825.0,819.0,827.0,825.0,844.0,0.8015267175572519,0.8166351606805293,0.8125,0.8123791102514506,0.7655310621242486,0.8021390374331551,0.7982456140350878,0.7994200096665056,0.7994186046511628,0.8107588856868395,0.7353689567430025,0.7531806615776081,0.7557251908396947,0.7525510204081632,0.701530612244898,0.740764331210191,0.7363057324840764,0.7356687898089171,0.7364735837046468,0.7492043284532145,0.7608695652173914,0.7854545454545454,0.7509025270758123,0.7526881720430108,0.7290076335877863,0.7548032936870998,0.7486288848263254,0.7573260073260073,0.7568807339449541,0.7624209575429087,0.8467741935483871,0.8503937007874016,0.8851063829787233,0.8823529411764706,0.8059071729957806,0.8558091286307054,0.8549060542797495,0.8464687819856704,0.8470225872689938,0.8656410256410256,0.6958008898776418,0.7129666345663627,0.7241987611096148,0.7171504965622613,0.6739213284333743,0.7067824521041315,0.7027798245254957,0.6997942560855841,0.7015682450582825,0.7121829289278954,"{'cls__criterion': 'gini', 'cls__max_depth': None, 'cls__max_features': 'log2', 'cls__random_state': 42}",rf,lof,simple,none,none,0.8017144101226961
79.0,80.0,89.0,85.0,84.0,338.0,337.0,328.0,332.0,333.0,66.0,59.0,69.0,69.0,71.0,268.0,275.0,265.0,265.0,263.0,38.0,38.0,27.0,28.0,46.0,139.0,139.0,150.0,149.0,131.0,210.0,216.0,208.0,210.0,191.0,825.0,819.0,827.0,825.0,844.0,0.8015267175572519,0.8166351606805293,0.8125,0.8123791102514506,0.7655310621242486,0.8021390374331551,0.7982456140350878,0.7994200096665056,0.7994186046511628,0.8107588856868395,0.7353689567430025,0.7531806615776081,0.7557251908396947,0.7525510204081632,0.701530612244898,0.740764331210191,0.7363057324840764,0.7356687898089171,0.7364735837046468,0.7492043284532145,0.7608695652173914,0.7854545454545454,0.7509025270758123,0.7526881720430108,0.7290076335877863,0.7548032936870998,0.7486288848263254,0.7573260073260073,0.7568807339449541,0.7624209575429087,0.8467741935483871,0.8503937007874016,0.8851063829787233,0.8823529411764706,0.8059071729957806,0.8558091286307054,0.8549060542797495,0.8464687819856704,0.8470225872689938,0.8656410256410256,0.6958008898776418,0.7129666345663627,0.7241987611096148,0.7171504965622613,0.6739213284333743,0.7067824521041315,0.7027798245254957,0.6997942560855841,0.7015682450582825,0.7121829289278954,"{'cls__hidden_layer_sizes': (100,), 'cls__learning_rate': 'adaptive', 'cls__learning_rate_init': 1e-05, 'cls__max_iter': 1000, 'cls__n_iter_no_change': 5, 'cls__random_state': 42, 'os__random_state': 42}",mlp,lof,simple,standard,smote,0.8017144101226961
79.0,80.0,89.0,85.0,84.0,338.0,337.0,328.0,332.0,333.0,66.0,59.0,69.0,69.0,71.0,268.0,275.0,265.0,265.0,263.0,38.0,38.0,27.0,28.0,46.0,139.0,139.0,150.0,149.0,131.0,210.0,216.0,208.0,210.0,191.0,825.0,819.0,827.0,825.0,844.0,0.8015267175572519,0.8166351606805293,0.8125,0.8123791102514506,0.7655310621242486,0.8021390374331551,0.7982456140350878,0.7994200096665056,0.7994186046511628,0.8107588856868395,0.7353689567430025,0.7531806615776081,0.7557251908396947,0.7525510204081632,0.701530612244898,0.740764331210191,0.7363057324840764,0.7356687898089171,0.7364735837046468,0.7492043284532145,0.7608695652173914,0.7854545454545454,0.7509025270758123,0.7526881720430108,0.7290076335877863,0.7548032936870998,0.7486288848263254,0.7573260073260073,0.7568807339449541,0.7624209575429087,0.8467741935483871,0.8503937007874016,0.8851063829787233,0.8823529411764706,0.8059071729957806,0.8558091286307054,0.8549060542797495,0.8464687819856704,0.8470225872689938,0.8656410256410256,0.6958008898776418,0.7129666345663627,0.7241987611096148,0.7171504965622613,0.6739213284333743,0.7067824521041315,0.7027798245254957,0.6997942560855841,0.7015682450582825,0.7121829289278954,"{'cls__hidden_layer_sizes': (100,), 'cls__learning_rate': 'adaptive', 'cls__learning_rate_init': 0.001, 'cls__max_iter': 1000, 'cls__n_iter_no_change': 5, 'cls__random_state': 42}",mlp,lof,simple,standard,none,0.8017144101226961
79.0,80.0,89.0,85.0,84.0,338.0,337.0,328.0,332.0,333.0,66.0,59.0,69.0,69.0,71.0,268.0,275.0,265.0,265.0,263.0,38.0,38.0,27.0,28.0,46.0,139.0,139.0,150.0,149.0,131.0,210.0,216.0,208.0,210.0,191.0,825.0,819.0,827.0,825.0,844.0,0.8015267175572519,0.8166351606805293,0.8125,0.8123791102514506,0.7655310621242486,0.8021390374331551,0.7982456140350878,0.7994200096665056,0.7994186046511628,0.8107588856868395,0.7353689567430025,0.7531806615776081,0.7557251908396947,0.7525510204081632,0.701530612244898,0.740764331210191,0.7363057324840764,0.7356687898089171,0.7364735837046468,0.7492043284532145,0.7608695652173914,0.7854545454545454,0.7509025270758123,0.7526881720430108,0.7290076335877863,0.7548032936870998,0.7486288848263254,0.7573260073260073,0.7568807339449541,0.7624209575429087,0.8467741935483871,0.8503937007874016,0.8851063829787233,0.8823529411764706,0.8059071729957806,0.8558091286307054,0.8549060542797495,0.8464687819856704,0.8470225872689938,0.8656410256410256,0.6958008898776418,0.7129666345663627,0.7241987611096148,0.7171504965622613,0.6739213284333743,0.7067824521041315,0.7027798245254957,0.6997942560855841,0.7015682450582825,0.7121829289278954,"{'cls__hidden_layer_sizes': (100,), 'cls__learning_rate': 'adaptive', 'cls__learning_rate_init': 0.0001, 'cls__max_iter': 1000, 'cls__n_iter_no_change': 5, 'cls__random_state': 42}",mlp,lof,simple,standard,none,0.8017144101226961
79.0,80.0,89.0,85.0,84.0,338.0,337.0,328.0,332.0,333.0,66.0,59.0,69.0,69.0,71.0,268.0,275.0,265.0,265.0,263.0,38.0,38.0,27.0,28.0,46.0,139.0,139.0,150.0,149.0,131.0,210.0,216.0,208.0,210.0,191.0,825.0,819.0,827.0,825.0,844.0,0.8015267175572519,0.8166351606805293,0.8125,0.8123791102514506,0.7655310621242486,0.8021390374331551,0.7982456140350878,0.7994200096665056,0.7994186046511628,0.8107588856868395,0.7353689567430025,0.7531806615776081,0.7557251908396947,0.7525510204081632,0.701530612244898,0.740764331210191,0.7363057324840764,0.7356687898089171,0.7364735837046468,0.7492043284532145,0.7608695652173914,0.7854545454545454,0.7509025270758123,0.7526881720430108,0.7290076335877863,0.7548032936870998,0.7486288848263254,0.7573260073260073,0.7568807339449541,0.7624209575429087,0.8467741935483871,0.8503937007874016,0.8851063829787233,0.8823529411764706,0.8059071729957806,0.8558091286307054,0.8549060542797495,0.8464687819856704,0.8470225872689938,0.8656410256410256,0.6958008898776418,0.7129666345663627,0.7241987611096148,0.7171504965622613,0.6739213284333743,0.7067824521041315,0.7027798245254957,0.6997942560855841,0.7015682450582825,0.7121829289278954,"{'cls__criterion': 'entropy', 'cls__max_depth': 4, 'cls__max_features': 'log2', 'cls__random_state': 42}",rf,lof,simple,none,none,0.8017144101226961
79.0,80.0,89.0,85.0,84.0,338.0,337.0,328.0,332.0,333.0,66.0,59.0,69.0,69.0,71.0,268.0,275.0,265.0,265.0,263.0,38.0,38.0,27.0,28.0,46.0,139.0,139.0,150.0,149.0,131.0,210.0,216.0,208.0,210.0,191.0,825.0,819.0,827.0,825.0,844.0,0.8015267175572519,0.8166351606805293,0.8125,0.8123791102514506,0.7655310621242486,0.8021390374331551,0.7982456140350878,0.7994200096665056,0.7994186046511628,0.8107588856868395,0.7353689567430025,0.7531806615776081,0.7557251908396947,0.7525510204081632,0.701530612244898,0.740764331210191,0.7363057324840764,0.7356687898089171,0.7364735837046468,0.7492043284532145,0.7608695652173914,0.7854545454545454,0.7509025270758123,0.7526881720430108,0.7290076335877863,0.7548032936870998,0.7486288848263254,0.7573260073260073,0.7568807339449541,0.7624209575429087,0.8467741935483871,0.8503937007874016,0.8851063829787233,0.8823529411764706,0.8059071729957806,0.8558091286307054,0.8549060542797495,0.8464687819856704,0.8470225872689938,0.8656410256410256,0.6958008898776418,0.7129666345663627,0.7241987611096148,0.7171504965622613,0.6739213284333743,0.7067824521041315,0.7027798245254957,0.6997942560855841,0.7015682450582825,0.7121829289278954,"{'cls__criterion': 'entropy', 'cls__max_depth': None, 'cls__max_features': 'log2', 'cls__random_state': 42}",rf,lof,simple,none,none,0.8017144101226961
79.0,80.0,89.0,85.0,84.0,338.0,337.0,328.0,332.0,333.0,66.0,59.0,69.0,69.0,71.0,268.0,275.0,265.0,265.0,263.0,38.0,38.0,27.0,28.0,46.0,139.0,139.0,150.0,149.0,131.0,210.0,216.0,208.0,210.0,191.0,825.0,819.0,827.0,825.0,844.0,0.8015267175572519,0.8166351606805293,0.8125,0.8123791102514506,0.7655310621242486,0.8021390374331551,0.7982456140350878,0.7994200096665056,0.7994186046511628,0.8107588856868395,0.7353689567430025,0.7531806615776081,0.7557251908396947,0.7525510204081632,0.701530612244898,0.740764331210191,0.7363057324840764,0.7356687898089171,0.7364735837046468,0.7492043284532145,0.7608695652173914,0.7854545454545454,0.7509025270758123,0.7526881720430108,0.7290076335877863,0.7548032936870998,0.7486288848263254,0.7573260073260073,0.7568807339449541,0.7624209575429087,0.8467741935483871,0.8503937007874016,0.8851063829787233,0.8823529411764706,0.8059071729957806,0.8558091286307054,0.8549060542797495,0.8464687819856704,0.8470225872689938,0.8656410256410256,0.6958008898776418,0.7129666345663627,0.7241987611096148,0.7171504965622613,0.6739213284333743,0.7067824521041315,0.7027798245254957,0.6997942560855841,0.7015682450582825,0.7121829289278954,"{'cls__hidden_layer_sizes': (100,), 'cls__learning_rate': 'adaptive', 'cls__learning_rate_init': 0.001, 'cls__max_iter': 1000, 'cls__n_iter_no_change': 5, 'cls__random_state': 42}",mlp,lof,simple,none,none,0.8017144101226961
79.0,80.0,89.0,85.0,84.0,338.0,337.0,328.0,332.0,333.0,66.0,59.0,69.0,69.0,71.0,268.0,275.0,265.0,265.0,263.0,38.0,38.0,27.0,28.0,46.0,139.0,139.0,150.0,149.0,131.0,210.0,216.0,208.0,210.0,191.0,825.0,819.0,827.0,825.0,844.0,0.8015267175572519,0.8166351606805293,0.8125,0.8123791102514506,0.7655310621242486,0.8021390374331551,0.7982456140350878,0.7994200096665056,0.7994186046511628,0.8107588856868395,0.7353689567430025,0.7531806615776081,0.7557251908396947,0.7525510204081632,0.701530612244898,0.740764331210191,0.7363057324840764,0.7356687898089171,0.7364735837046468,0.7492043284532145,0.7608695652173914,0.7854545454545454,0.7509025270758123,0.7526881720430108,0.7290076335877863,0.7548032936870998,0.7486288848263254,0.7573260073260073,0.7568807339449541,0.7624209575429087,0.8467741935483871,0.8503937007874016,0.8851063829787233,0.8823529411764706,0.8059071729957806,0.8558091286307054,0.8549060542797495,0.8464687819856704,0.8470225872689938,0.8656410256410256,0.6958008898776418,0.7129666345663627,0.7241987611096148,0.7171504965622613,0.6739213284333743,0.7067824521041315,0.7027798245254957,0.6997942560855841,0.7015682450582825,0.7121829289278954,"{'cls__algorithm': 'SAMME', 'cls__learning_rate': 0.5, 'cls__n_estimators': 50, 'cls__random_state': 42}",ada,lof,simple,none,none,0.8017144101226961
79.0,80.0,89.0,85.0,84.0,338.0,337.0,328.0,332.0,333.0,66.0,59.0,69.0,69.0,71.0,268.0,275.0,265.0,265.0,263.0,38.0,38.0,27.0,28.0,46.0,139.0,139.0,150.0,149.0,131.0,210.0,216.0,208.0,210.0,191.0,825.0,819.0,827.0,825.0,844.0,0.8015267175572519,0.8166351606805293,0.8125,0.8123791102514506,0.7655310621242486,0.8021390374331551,0.7982456140350878,0.7994200096665056,0.7994186046511628,0.8107588856868395,0.7353689567430025,0.7531806615776081,0.7557251908396947,0.7525510204081632,0.701530612244898,0.740764331210191,0.7363057324840764,0.7356687898089171,0.7364735837046468,0.7492043284532145,0.7608695652173914,0.7854545454545454,0.7509025270758123,0.7526881720430108,0.7290076335877863,0.7548032936870998,0.7486288848263254,0.7573260073260073,0.7568807339449541,0.7624209575429087,0.8467741935483871,0.8503937007874016,0.8851063829787233,0.8823529411764706,0.8059071729957806,0.8558091286307054,0.8549060542797495,0.8464687819856704,0.8470225872689938,0.8656410256410256,0.6958008898776418,0.7129666345663627,0.7241987611096148,0.7171504965622613,0.6739213284333743,0.7067824521041315,0.7027798245254957,0.6997942560855841,0.7015682450582825,0.7121829289278954,"{'cls__algorithm': 'SAMME', 'cls__learning_rate': 0.5, 'cls__n_estimators': 100, 'cls__random_state': 42}",ada,lof,simple,none,none,0.8017144101226961
79.0,80.0,89.0,85.0,84.0,338.0,337.0,328.0,332.0,333.0,66.0,59.0,69.0,69.0,71.0,268.0,275.0,265.0,265.0,263.0,38.0,38.0,27.0,28.0,46.0,139.0,139.0,150.0,149.0,131.0,210.0,216.0,208.0,210.0,191.0,825.0,819.0,827.0,825.0,844.0,0.8015267175572519,0.8166351606805293,0.8125,0.8123791102514506,0.7655310621242486,0.8021390374331551,0.7982456140350878,0.7994200096665056,0.7994186046511628,0.8107588856868395,0.7353689567430025,0.7531806615776081,0.7557251908396947,0.7525510204081632,0.701530612244898,0.740764331210191,0.7363057324840764,0.7356687898089171,0.7364735837046468,0.7492043284532145,0.7608695652173914,0.7854545454545454,0.7509025270758123,0.7526881720430108,0.7290076335877863,0.7548032936870998,0.7486288848263254,0.7573260073260073,0.7568807339449541,0.7624209575429087,0.8467741935483871,0.8503937007874016,0.8851063829787233,0.8823529411764706,0.8059071729957806,0.8558091286307054,0.8549060542797495,0.8464687819856704,0.8470225872689938,0.8656410256410256,0.6958008898776418,0.7129666345663627,0.7241987611096148,0.7171504965622613,0.6739213284333743,0.7067824521041315,0.7027798245254957,0.6997942560855841,0.7015682450582825,0.7121829289278954,"{'cls__algorithm': 'SAMME', 'cls__learning_rate': 1.0, 'cls__n_estimators': 50, 'cls__random_state': 42}",ada,lof,simple,none,none,0.8017144101226961
79.0,80.0,89.0,85.0,84.0,338.0,337.0,328.0,332.0,333.0,66.0,59.0,69.0,69.0,71.0,268.0,275.0,265.0,265.0,263.0,38.0,38.0,27.0,28.0,46.0,139.0,139.0,150.0,149.0,131.0,210.0,216.0,208.0,210.0,191.0,825.0,819.0,827.0,825.0,844.0,0.8015267175572519,0.8166351606805293,0.8125,0.8123791102514506,0.7655310621242486,0.8021390374331551,0.7982456140350878,0.7994200096665056,0.7994186046511628,0.8107588856868395,0.7353689567430025,0.7531806615776081,0.7557251908396947,0.7525510204081632,0.701530612244898,0.740764331210191,0.7363057324840764,0.7356687898089171,0.7364735837046468,0.7492043284532145,0.7608695652173914,0.7854545454545454,0.7509025270758123,0.7526881720430108,0.7290076335877863,0.7548032936870998,0.7486288848263254,0.7573260073260073,0.7568807339449541,0.7624209575429087,0.8467741935483871,0.8503937007874016,0.8851063829787233,0.8823529411764706,0.8059071729957806,0.8558091286307054,0.8549060542797495,0.8464687819856704,0.8470225872689938,0.8656410256410256,0.6958008898776418,0.7129666345663627,0.7241987611096148,0.7171504965622613,0.6739213284333743,0.7067824521041315,0.7027798245254957,0.6997942560855841,0.7015682450582825,0.7121829289278954,"{'cls__C': 10, 'cls__probability': True, 'cls__random_state': 42}",svc,lof,simple,standard,none,0.8017144101226961
79.0,80.0,89.0,85.0,84.0,338.0,337.0,328.0,332.0,333.0,66.0,59.0,69.0,69.0,71.0,268.0,275.0,265.0,265.0,263.0,38.0,38.0,27.0,28.0,46.0,139.0,139.0,150.0,149.0,131.0,210.0,216.0,208.0,210.0,191.0,825.0,819.0,827.0,825.0,844.0,0.8015267175572519,0.8166351606805293,0.8125,0.8123791102514506,0.7655310621242486,0.8021390374331551,0.7982456140350878,0.7994200096665056,0.7994186046511628,0.8107588856868395,0.7353689567430025,0.7531806615776081,0.7557251908396947,0.7525510204081632,0.701530612244898,0.740764331210191,0.7363057324840764,0.7356687898089171,0.7364735837046468,0.7492043284532145,0.7608695652173914,0.7854545454545454,0.7509025270758123,0.7526881720430108,0.7290076335877863,0.7548032936870998,0.7486288848263254,0.7573260073260073,0.7568807339449541,0.7624209575429087,0.8467741935483871,0.8503937007874016,0.8851063829787233,0.8823529411764706,0.8059071729957806,0.8558091286307054,0.8549060542797495,0.8464687819856704,0.8470225872689938,0.8656410256410256,0.6958008898776418,0.7129666345663627,0.7241987611096148,0.7171504965622613,0.6739213284333743,0.7067824521041315,0.7027798245254957,0.6997942560855841,0.7015682450582825,0.7121829289278954,"{'cls__C': 1, 'cls__probability': True, 'cls__random_state': 42}",svc,lof,simple,standard,none,0.8017144101226961
79.0,80.0,89.0,85.0,84.0,338.0,337.0,328.0,332.0,333.0,66.0,59.0,69.0,69.0,71.0,268.0,275.0,265.0,265.0,263.0,38.0,38.0,27.0,28.0,46.0,139.0,139.0,150.0,149.0,131.0,210.0,216.0,208.0,210.0,191.0,825.0,819.0,827.0,825.0,844.0,0.8015267175572519,0.8166351606805293,0.8125,0.8123791102514506,0.7655310621242486,0.8021390374331551,0.7982456140350878,0.7994200096665056,0.7994186046511628,0.8107588856868395,0.7353689567430025,0.7531806615776081,0.7557251908396947,0.7525510204081632,0.701530612244898,0.740764331210191,0.7363057324840764,0.7356687898089171,0.7364735837046468,0.7492043284532145,0.7608695652173914,0.7854545454545454,0.7509025270758123,0.7526881720430108,0.7290076335877863,0.7548032936870998,0.7486288848263254,0.7573260073260073,0.7568807339449541,0.7624209575429087,0.8467741935483871,0.8503937007874016,0.8851063829787233,0.8823529411764706,0.8059071729957806,0.8558091286307054,0.8549060542797495,0.8464687819856704,0.8470225872689938,0.8656410256410256,0.6958008898776418,0.7129666345663627,0.7241987611096148,0.7171504965622613,0.6739213284333743,0.7067824521041315,0.7027798245254957,0.6997942560855841,0.7015682450582825,0.7121829289278954,"{'cls__C': 0.1, 'cls__probability': True, 'cls__random_state': 42}",svc,lof,simple,standard,none,0.8017144101226961
79.0,80.0,89.0,85.0,84.0,338.0,337.0,328.0,332.0,333.0,66.0,59.0,69.0,69.0,71.0,268.0,275.0,265.0,265.0,263.0,38.0,38.0,27.0,28.0,46.0,139.0,139.0,150.0,149.0,131.0,210.0,216.0,208.0,210.0,191.0,825.0,819.0,827.0,825.0,844.0,0.8015267175572519,0.8166351606805293,0.8125,0.8123791102514506,0.7655310621242486,0.8021390374331551,0.7982456140350878,0.7994200096665056,0.7994186046511628,0.8107588856868395,0.7353689567430025,0.7531806615776081,0.7557251908396947,0.7525510204081632,0.701530612244898,0.740764331210191,0.7363057324840764,0.7356687898089171,0.7364735837046468,0.7492043284532145,0.7608695652173914,0.7854545454545454,0.7509025270758123,0.7526881720430108,0.7290076335877863,0.7548032936870998,0.7486288848263254,0.7573260073260073,0.7568807339449541,0.7624209575429087,0.8467741935483871,0.8503937007874016,0.8851063829787233,0.8823529411764706,0.8059071729957806,0.8558091286307054,0.8549060542797495,0.8464687819856704,0.8470225872689938,0.8656410256410256,0.6958008898776418,0.7129666345663627,0.7241987611096148,0.7171504965622613,0.6739213284333743,0.7067824521041315,0.7027798245254957,0.6997942560855841,0.7015682450582825,0.7121829289278954,"{'cls__algorithm': 'SAMME', 'cls__learning_rate': 1.0, 'cls__n_estimators': 100, 'cls__random_state': 42}",ada,lof,simple,none,none,0.8017144101226961
79.0,80.0,89.0,85.0,84.0,338.0,337.0,328.0,332.0,333.0,66.0,59.0,69.0,69.0,71.0,268.0,275.0,265.0,265.0,263.0,38.0,38.0,27.0,28.0,46.0,139.0,139.0,150.0,149.0,131.0,210.0,216.0,208.0,210.0,191.0,825.0,819.0,827.0,825.0,844.0,0.8015267175572519,0.8166351606805293,0.8125,0.8123791102514506,0.7655310621242486,0.8021390374331551,0.7982456140350878,0.7994200096665056,0.7994186046511628,0.8107588856868395,0.7353689567430025,0.7531806615776081,0.7557251908396947,0.7525510204081632,0.701530612244898,0.740764331210191,0.7363057324840764,0.7356687898089171,0.7364735837046468,0.7492043284532145,0.7608695652173914,0.7854545454545454,0.7509025270758123,0.7526881720430108,0.7290076335877863,0.7548032936870998,0.7486288848263254,0.7573260073260073,0.7568807339449541,0.7624209575429087,0.8467741935483871,0.8503937007874016,0.8851063829787233,0.8823529411764706,0.8059071729957806,0.8558091286307054,0.8549060542797495,0.8464687819856704,0.8470225872689938,0.8656410256410256,0.6958008898776418,0.7129666345663627,0.7241987611096148,0.7171504965622613,0.6739213284333743,0.7067824521041315,0.7027798245254957,0.6997942560855841,0.7015682450582825,0.7121829289278954,"{'cls__hidden_layer_sizes': (100,), 'cls__learning_rate': 'adaptive', 'cls__learning_rate_init': 0.001, 'cls__max_iter': 1000, 'cls__n_iter_no_change': 5, 'cls__random_state': 42}",mlp,lof,simple,minmax,none,0.8017144101226961
79.0,80.0,89.0,85.0,84.0,338.0,337.0,328.0,332.0,333.0,66.0,59.0,69.0,69.0,71.0,268.0,275.0,265.0,265.0,263.0,38.0,38.0,27.0,28.0,46.0,139.0,139.0,150.0,149.0,131.0,210.0,216.0,208.0,210.0,191.0,825.0,819.0,827.0,825.0,844.0,0.8015267175572519,0.8166351606805293,0.8125,0.8123791102514506,0.7655310621242486,0.8021390374331551,0.7982456140350878,0.7994200096665056,0.7994186046511628,0.8107588856868395,0.7353689567430025,0.7531806615776081,0.7557251908396947,0.7525510204081632,0.701530612244898,0.740764331210191,0.7363057324840764,0.7356687898089171,0.7364735837046468,0.7492043284532145,0.7608695652173914,0.7854545454545454,0.7509025270758123,0.7526881720430108,0.7290076335877863,0.7548032936870998,0.7486288848263254,0.7573260073260073,0.7568807339449541,0.7624209575429087,0.8467741935483871,0.8503937007874016,0.8851063829787233,0.8823529411764706,0.8059071729957806,0.8558091286307054,0.8549060542797495,0.8464687819856704,0.8470225872689938,0.8656410256410256,0.6958008898776418,0.7129666345663627,0.7241987611096148,0.7171504965622613,0.6739213284333743,0.7067824521041315,0.7027798245254957,0.6997942560855841,0.7015682450582825,0.7121829289278954,"{'cls__hidden_layer_sizes': (100,), 'cls__learning_rate': 'adaptive', 'cls__learning_rate_init': 0.0001, 'cls__max_iter': 1000, 'cls__n_iter_no_change': 5, 'cls__random_state': 42}",mlp,lof,simple,minmax,none,0.8017144101226961
79.0,80.0,89.0,85.0,84.0,338.0,337.0,328.0,332.0,333.0,66.0,59.0,69.0,69.0,71.0,268.0,275.0,265.0,265.0,263.0,38.0,38.0,27.0,28.0,46.0,139.0,139.0,150.0,149.0,131.0,210.0,216.0,208.0,210.0,191.0,825.0,819.0,827.0,825.0,844.0,0.8015267175572519,0.8166351606805293,0.8125,0.8123791102514506,0.7655310621242486,0.8021390374331551,0.7982456140350878,0.7994200096665056,0.7994186046511628,0.8107588856868395,0.7353689567430025,0.7531806615776081,0.7557251908396947,0.7525510204081632,0.701530612244898,0.740764331210191,0.7363057324840764,0.7356687898089171,0.7364735837046468,0.7492043284532145,0.7608695652173914,0.7854545454545454,0.7509025270758123,0.7526881720430108,0.7290076335877863,0.7548032936870998,0.7486288848263254,0.7573260073260073,0.7568807339449541,0.7624209575429087,0.8467741935483871,0.8503937007874016,0.8851063829787233,0.8823529411764706,0.8059071729957806,0.8558091286307054,0.8549060542797495,0.8464687819856704,0.8470225872689938,0.8656410256410256,0.6958008898776418,0.7129666345663627,0.7241987611096148,0.7171504965622613,0.6739213284333743,0.7067824521041315,0.7027798245254957,0.6997942560855841,0.7015682450582825,0.7121829289278954,"{'cls__C': 1, 'cls__probability': True, 'cls__random_state': 42}",svc,lof,simple,minmax,none,0.8017144101226961
79.0,80.0,89.0,85.0,84.0,338.0,337.0,328.0,332.0,333.0,66.0,59.0,69.0,69.0,71.0,268.0,275.0,265.0,265.0,263.0,38.0,38.0,27.0,28.0,46.0,139.0,139.0,150.0,149.0,131.0,210.0,216.0,208.0,210.0,191.0,825.0,819.0,827.0,825.0,844.0,0.8015267175572519,0.8166351606805293,0.8125,0.8123791102514506,0.7655310621242486,0.8021390374331551,0.7982456140350878,0.7994200096665056,0.7994186046511628,0.8107588856868395,0.7353689567430025,0.7531806615776081,0.7557251908396947,0.7525510204081632,0.701530612244898,0.740764331210191,0.7363057324840764,0.7356687898089171,0.7364735837046468,0.7492043284532145,0.7608695652173914,0.7854545454545454,0.7509025270758123,0.7526881720430108,0.7290076335877863,0.7548032936870998,0.7486288848263254,0.7573260073260073,0.7568807339449541,0.7624209575429087,0.8467741935483871,0.8503937007874016,0.8851063829787233,0.8823529411764706,0.8059071729957806,0.8558091286307054,0.8549060542797495,0.8464687819856704,0.8470225872689938,0.8656410256410256,0.6958008898776418,0.7129666345663627,0.7241987611096148,0.7171504965622613,0.6739213284333743,0.7067824521041315,0.7027798245254957,0.6997942560855841,0.7015682450582825,0.7121829289278954,"{'cls__hidden_layer_sizes': (100,), 'cls__learning_rate': 'adaptive', 'cls__learning_rate_init': 0.0001, 'cls__max_iter': 1000, 'cls__n_iter_no_change': 5, 'cls__random_state': 42}",mlp,lof,simple,none,none,0.8017144101226961
79.0,80.0,89.0,85.0,84.0,338.0,337.0,328.0,332.0,333.0,66.0,59.0,69.0,69.0,71.0,268.0,275.0,265.0,265.0,263.0,38.0,38.0,27.0,28.0,46.0,139.0,139.0,150.0,149.0,131.0,210.0,216.0,208.0,210.0,191.0,825.0,819.0,827.0,825.0,844.0,0.8015267175572519,0.8166351606805293,0.8125,0.8123791102514506,0.7655310621242486,0.8021390374331551,0.7982456140350878,0.7994200096665056,0.7994186046511628,0.8107588856868395,0.7353689567430025,0.7531806615776081,0.7557251908396947,0.7525510204081632,0.701530612244898,0.740764331210191,0.7363057324840764,0.7356687898089171,0.7364735837046468,0.7492043284532145,0.7608695652173914,0.7854545454545454,0.7509025270758123,0.7526881720430108,0.7290076335877863,0.7548032936870998,0.7486288848263254,0.7573260073260073,0.7568807339449541,0.7624209575429087,0.8467741935483871,0.8503937007874016,0.8851063829787233,0.8823529411764706,0.8059071729957806,0.8558091286307054,0.8549060542797495,0.8464687819856704,0.8470225872689938,0.8656410256410256,0.6958008898776418,0.7129666345663627,0.7241987611096148,0.7171504965622613,0.6739213284333743,0.7067824521041315,0.7027798245254957,0.6997942560855841,0.7015682450582825,0.7121829289278954,"{'cls__C': 10, 'cls__probability': True, 'cls__random_state': 42}",svc,lof,simple,minmax,none,0.8017144101226961
79.0,80.0,89.0,85.0,84.0,338.0,337.0,328.0,332.0,333.0,66.0,59.0,69.0,69.0,71.0,268.0,275.0,265.0,265.0,263.0,38.0,38.0,27.0,28.0,46.0,139.0,139.0,150.0,149.0,131.0,210.0,216.0,208.0,210.0,191.0,825.0,819.0,827.0,825.0,844.0,0.8015267175572519,0.8166351606805293,0.8125,0.8123791102514506,0.7655310621242486,0.8021390374331551,0.7982456140350878,0.7994200096665056,0.7994186046511628,0.8107588856868395,0.7353689567430025,0.7531806615776081,0.7557251908396947,0.7525510204081632,0.701530612244898,0.740764331210191,0.7363057324840764,0.7356687898089171,0.7364735837046468,0.7492043284532145,0.7608695652173914,0.7854545454545454,0.7509025270758123,0.7526881720430108,0.7290076335877863,0.7548032936870998,0.7486288848263254,0.7573260073260073,0.7568807339449541,0.7624209575429087,0.8467741935483871,0.8503937007874016,0.8851063829787233,0.8823529411764706,0.8059071729957806,0.8558091286307054,0.8549060542797495,0.8464687819856704,0.8470225872689938,0.8656410256410256,0.6958008898776418,0.7129666345663627,0.7241987611096148,0.7171504965622613,0.6739213284333743,0.7067824521041315,0.7027798245254957,0.6997942560855841,0.7015682450582825,0.7121829289278954,"{'cls__C': 1, 'cls__probability': True, 'cls__random_state': 42}",svc,lof,simple,none,none,0.8017144101226961
79.0,83.0,90.0,83.0,91.0,347.0,343.0,336.0,343.0,335.0,71.0,63.0,70.0,71.0,63.0,267.0,275.0,268.0,267.0,275.0,36.0,29.0,49.0,32.0,32.0,142.0,149.0,129.0,146.0,146.0,212.0,223.0,188.0,211.0,211.0,833.0,822.0,857.0,834.0,834.0,0.7984934086629001,0.828996282527881,0.7595959595959595,0.8038095238095238,0.8162475822050289,0.8028915662650602,0.7949709864603483,0.8119374703931785,0.8015377222489187,0.7984681665868836,0.7311557788944724,0.7688442211055276,0.7002518891687658,0.7405541561712846,0.760705289672544,0.7426054122089364,0.7331655129011957,0.7503144654088051,0.740251572327044,0.7352201257861635,0.7491166077738516,0.7797202797202797,0.7286821705426356,0.74822695035461,0.7700729927007299,0.7572727272727273,0.7493163172288059,0.7617777777777778,0.7574931880108992,0.7520288548241659,0.8548387096774194,0.8849206349206349,0.7932489451476793,0.8683127572016461,0.8683127572016461,0.8543589743589743,0.8465499485066942,0.8691683569979716,0.8510204081632653,0.8510204081632653,0.6907526881720429,0.7267068928027832,0.6778744725738397,0.7036368980813426,0.7296109240553685,0.7097527770817673,0.7007830648682337,0.7127298738632242,0.7066577450652392,0.7001003680160589,"{'cls__algorithm': 'SAMME', 'cls__learning_rate': 0.5, 'cls__n_estimators': 50, 'cls__random_state': 42}",ada,none,simple,none,none,0.8014285513602587
79.0,83.0,90.0,83.0,91.0,347.0,343.0,336.0,343.0,335.0,71.0,63.0,70.0,71.0,63.0,267.0,275.0,268.0,267.0,275.0,36.0,29.0,49.0,32.0,32.0,142.0,149.0,129.0,146.0,146.0,212.0,223.0,188.0,211.0,211.0,833.0,822.0,857.0,834.0,834.0,0.7984934086629001,0.828996282527881,0.7595959595959595,0.8038095238095238,0.8162475822050289,0.8028915662650602,0.7949709864603483,0.8119374703931785,0.8015377222489187,0.7984681665868836,0.7311557788944724,0.7688442211055276,0.7002518891687658,0.7405541561712846,0.760705289672544,0.7426054122089364,0.7331655129011957,0.7503144654088051,0.740251572327044,0.7352201257861635,0.7491166077738516,0.7797202797202797,0.7286821705426356,0.74822695035461,0.7700729927007299,0.7572727272727273,0.7493163172288059,0.7617777777777778,0.7574931880108992,0.7520288548241659,0.8548387096774194,0.8849206349206349,0.7932489451476793,0.8683127572016461,0.8683127572016461,0.8543589743589743,0.8465499485066942,0.8691683569979716,0.8510204081632653,0.8510204081632653,0.6907526881720429,0.7267068928027832,0.6778744725738397,0.7036368980813426,0.7296109240553685,0.7097527770817673,0.7007830648682337,0.7127298738632242,0.7066577450652392,0.7001003680160589,"{'cls__algorithm': 'SAMME', 'cls__learning_rate': 0.5, 'cls__n_estimators': 100, 'cls__random_state': 42}",ada,none,simple,none,none,0.8014285513602587
79.0,83.0,90.0,83.0,91.0,347.0,343.0,336.0,343.0,335.0,71.0,63.0,70.0,71.0,63.0,267.0,275.0,268.0,267.0,275.0,36.0,29.0,49.0,32.0,32.0,142.0,149.0,129.0,146.0,146.0,212.0,223.0,188.0,211.0,211.0,833.0,822.0,857.0,834.0,834.0,0.7984934086629001,0.828996282527881,0.7595959595959595,0.8038095238095238,0.8162475822050289,0.8028915662650602,0.7949709864603483,0.8119374703931785,0.8015377222489187,0.7984681665868836,0.7311557788944724,0.7688442211055276,0.7002518891687658,0.7405541561712846,0.760705289672544,0.7426054122089364,0.7331655129011957,0.7503144654088051,0.740251572327044,0.7352201257861635,0.7491166077738516,0.7797202797202797,0.7286821705426356,0.74822695035461,0.7700729927007299,0.7572727272727273,0.7493163172288059,0.7617777777777778,0.7574931880108992,0.7520288548241659,0.8548387096774194,0.8849206349206349,0.7932489451476793,0.8683127572016461,0.8683127572016461,0.8543589743589743,0.8465499485066942,0.8691683569979716,0.8510204081632653,0.8510204081632653,0.6907526881720429,0.7267068928027832,0.6778744725738397,0.7036368980813426,0.7296109240553685,0.7097527770817673,0.7007830648682337,0.7127298738632242,0.7066577450652392,0.7001003680160589,"{'cls__algorithm': 'SAMME', 'cls__learning_rate': 1.0, 'cls__n_estimators': 50, 'cls__random_state': 42}",ada,none,simple,none,none,0.8014285513602587
79.0,83.0,90.0,83.0,91.0,347.0,343.0,336.0,343.0,335.0,71.0,63.0,70.0,71.0,63.0,267.0,275.0,268.0,267.0,275.0,36.0,29.0,49.0,32.0,32.0,142.0,149.0,129.0,146.0,146.0,212.0,223.0,188.0,211.0,211.0,833.0,822.0,857.0,834.0,834.0,0.7984934086629001,0.828996282527881,0.7595959595959595,0.8038095238095238,0.8162475822050289,0.8028915662650602,0.7949709864603483,0.8119374703931785,0.8015377222489187,0.7984681665868836,0.7311557788944724,0.7688442211055276,0.7002518891687658,0.7405541561712846,0.760705289672544,0.7426054122089364,0.7331655129011957,0.7503144654088051,0.740251572327044,0.7352201257861635,0.7491166077738516,0.7797202797202797,0.7286821705426356,0.74822695035461,0.7700729927007299,0.7572727272727273,0.7493163172288059,0.7617777777777778,0.7574931880108992,0.7520288548241659,0.8548387096774194,0.8849206349206349,0.7932489451476793,0.8683127572016461,0.8683127572016461,0.8543589743589743,0.8465499485066942,0.8691683569979716,0.8510204081632653,0.8510204081632653,0.6907526881720429,0.7267068928027832,0.6778744725738397,0.7036368980813426,0.7296109240553685,0.7097527770817673,0.7007830648682337,0.7127298738632242,0.7066577450652392,0.7001003680160589,"{'cls__algorithm': 'SAMME', 'cls__learning_rate': 1.0, 'cls__n_estimators': 100, 'cls__random_state': 42}",ada,none,simple,none,none,0.8014285513602587
79.0,83.0,89.0,82.0,91.0,345.0,341.0,335.0,342.0,333.0,71.0,63.0,71.0,72.0,63.0,269.0,277.0,269.0,268.0,277.0,36.0,29.0,48.0,32.0,32.0,141.0,148.0,129.0,145.0,145.0,212.0,223.0,189.0,211.0,211.0,834.0,823.0,857.0,835.0,835.0,0.7984934086629001,0.828996282527881,0.7605633802816902,0.8022813688212928,0.8162475822050289,0.8026948989412898,0.7947851279575084,0.8115530303030304,0.8017282765242439,0.7982791586998087,0.7311557788944724,0.7688442211055276,0.7002518891687658,0.7380352644836272,0.760705289672544,0.7419760855884204,0.7325361862806796,0.7496855345911949,0.740251572327044,0.7345911949685534,0.7491166077738516,0.7797202797202797,0.7269230769230769,0.7455830388692579,0.7700729927007299,0.7561196736174071,0.7481818181818182,0.761101243339254,0.757026291931097,0.7508992805755396,0.8548387096774194,0.8849206349206349,0.7974683544303798,0.8683127572016461,0.8683127572016461,0.8553846153846154,0.8475798146240988,0.8691683569979716,0.8520408163265306,0.8520408163265306,0.6907526881720429,0.7267068928027832,0.67685917721519,0.7003901448345894,0.7296109240553685,0.7086369330994738,0.6996798749495898,0.7119020592936878,0.7063482770157243,0.6989712278353963,"{'cls__C': 0.1, 'cls__probability': True, 'cls__random_state': 42}",svc,none,simple,standard,none,0.8013164044997587
79.0,83.0,89.0,82.0,91.0,345.0,341.0,335.0,342.0,333.0,71.0,63.0,71.0,72.0,63.0,269.0,277.0,269.0,268.0,277.0,36.0,29.0,48.0,32.0,32.0,141.0,148.0,129.0,145.0,145.0,212.0,223.0,189.0,211.0,211.0,834.0,823.0,857.0,835.0,835.0,0.7984934086629001,0.828996282527881,0.7605633802816902,0.8022813688212928,0.8162475822050289,0.8026948989412898,0.7947851279575084,0.8115530303030304,0.8017282765242439,0.7982791586998087,0.7311557788944724,0.7688442211055276,0.7002518891687658,0.7380352644836272,0.760705289672544,0.7419760855884204,0.7325361862806796,0.7496855345911949,0.740251572327044,0.7345911949685534,0.7491166077738516,0.7797202797202797,0.7269230769230769,0.7455830388692579,0.7700729927007299,0.7561196736174071,0.7481818181818182,0.761101243339254,0.757026291931097,0.7508992805755396,0.8548387096774194,0.8849206349206349,0.7974683544303798,0.8683127572016461,0.8683127572016461,0.8553846153846154,0.8475798146240988,0.8691683569979716,0.8520408163265306,0.8520408163265306,0.6907526881720429,0.7267068928027832,0.67685917721519,0.7003901448345894,0.7296109240553685,0.7086369330994738,0.6996798749495898,0.7119020592936878,0.7063482770157243,0.6989712278353963,"{'cls__hidden_layer_sizes': (100,), 'cls__learning_rate': 'adaptive', 'cls__learning_rate_init': 0.0001, 'cls__max_iter': 1000, 'cls__n_iter_no_change': 5, 'cls__random_state': 42}",mlp,none,simple,minmax,none,0.8013164044997587
79.0,83.0,89.0,82.0,91.0,345.0,341.0,335.0,342.0,333.0,71.0,63.0,71.0,72.0,63.0,269.0,277.0,269.0,268.0,277.0,36.0,29.0,48.0,32.0,32.0,141.0,148.0,129.0,145.0,145.0,212.0,223.0,189.0,211.0,211.0,834.0,823.0,857.0,835.0,835.0,0.7984934086629001,0.828996282527881,0.7605633802816902,0.8022813688212928,0.8162475822050289,0.8026948989412898,0.7947851279575084,0.8115530303030304,0.8017282765242439,0.7982791586998087,0.7311557788944724,0.7688442211055276,0.7002518891687658,0.7380352644836272,0.760705289672544,0.7419760855884204,0.7325361862806796,0.7496855345911949,0.740251572327044,0.7345911949685534,0.7491166077738516,0.7797202797202797,0.7269230769230769,0.7455830388692579,0.7700729927007299,0.7561196736174071,0.7481818181818182,0.761101243339254,0.757026291931097,0.7508992805755396,0.8548387096774194,0.8849206349206349,0.7974683544303798,0.8683127572016461,0.8683127572016461,0.8553846153846154,0.8475798146240988,0.8691683569979716,0.8520408163265306,0.8520408163265306,0.6907526881720429,0.7267068928027832,0.67685917721519,0.7003901448345894,0.7296109240553685,0.7086369330994738,0.6996798749495898,0.7119020592936878,0.7063482770157243,0.6989712278353963,"{'cls__C': 0.1, 'cls__probability': True, 'cls__random_state': 42}",svc,none,simple,minmax,none,0.8013164044997587
79.0,83.0,91.0,82.0,91.0,348.0,343.0,336.0,343.0,335.0,71.0,63.0,69.0,72.0,63.0,266.0,275.0,268.0,267.0,275.0,36.0,29.0,49.0,33.0,32.0,144.0,149.0,131.0,146.0,146.0,212.0,223.0,188.0,210.0,211.0,831.0,822.0,855.0,834.0,834.0,0.7984934086629001,0.828996282527881,0.7611336032388664,0.8,0.8162475822050289,0.8021235521235522,0.7949709864603483,0.8108108108108109,0.8015377222489187,0.7984681665868836,0.7311557788944724,0.7688442211055276,0.7027707808564232,0.7355163727959698,0.760705289672544,0.7419760855884204,0.7331655129011957,0.7490566037735849,0.740251572327044,0.7352201257861635,0.7491166077738516,0.7797202797202797,0.7315175097276264,0.7446808510638298,0.7700729927007299,0.7575205104831358,0.7493163172288059,0.761353517364203,0.7574931880108992,0.7520288548241659,0.8548387096774194,0.8849206349206349,0.7932489451476793,0.8641975308641975,0.8683127572016461,0.8523076923076923,0.8465499485066942,0.8671399594320487,0.8510204081632653,0.8510204081632653,0.6907526881720429,0.7267068928027832,0.6809994725738396,0.6983325316658651,0.7296109240553685,0.7095414683036833,0.7007830648682337,0.7117156750802628,0.7066577450652392,0.7001003680160589,"{'cls__hidden_layer_sizes': (100,), 'cls__learning_rate': 'adaptive', 'cls__learning_rate_init': 0.0001, 'cls__max_iter': 1000, 'cls__n_iter_no_change': 5, 'cls__random_state': 42}",mlp,none,simple,none,none,0.8009741753269353
79.0,83.0,91.0,82.0,91.0,348.0,342.0,336.0,343.0,335.0,71.0,63.0,69.0,72.0,63.0,266.0,276.0,268.0,267.0,275.0,36.0,29.0,49.0,33.0,32.0,144.0,150.0,131.0,146.0,146.0,212.0,223.0,188.0,210.0,211.0,831.0,821.0,855.0,834.0,834.0,0.7984934086629001,0.828996282527881,0.7611336032388664,0.8,0.8162475822050289,0.8021235521235522,0.7940038684719536,0.8108108108108109,0.8015377222489187,0.7984681665868836,0.7311557788944724,0.7688442211055276,0.7027707808564232,0.7355163727959698,0.760705289672544,0.7419760855884204,0.7319068596601637,0.7490566037735849,0.740251572327044,0.7352201257861635,0.7491166077738516,0.7797202797202797,0.7315175097276264,0.7446808510638298,0.7700729927007299,0.7575205104831358,0.7484047402005469,0.761353517364203,0.7574931880108992,0.7520288548241659,0.8548387096774194,0.8849206349206349,0.7932489451476793,0.8641975308641975,0.8683127572016461,0.8523076923076923,0.8455200823892894,0.8671399594320487,0.8510204081632653,0.8510204081632653,0.6907526881720429,0.7267068928027832,0.6809994725738396,0.6983325316658651,0.7296109240553685,0.7095414683036833,0.6994590703208583,0.7117156750802628,0.7066577450652392,0.7001003680160589,"{'cls__hidden_layer_sizes': (100,), 'cls__learning_rate': 'adaptive', 'cls__learning_rate_init': 0.0001, 'cls__max_iter': 1000, 'cls__n_iter_no_change': 5, 'cls__random_state': 42}",mlp,none,simple,standard,none,0.8009741753269353
79.0,83.0,90.0,83.0,91.0,348.0,343.0,336.0,344.0,335.0,71.0,63.0,70.0,71.0,63.0,266.0,275.0,268.0,266.0,275.0,36.0,29.0,49.0,33.0,32.0,144.0,149.0,129.0,147.0,146.0,212.0,223.0,188.0,210.0,211.0,831.0,822.0,857.0,833.0,834.0,0.7984934086629001,0.828996282527881,0.7595959595959595,0.801526717557252,0.8162475822050289,0.8021235521235522,0.7949709864603483,0.8119374703931785,0.8013468013468013,0.7984681665868836,0.7311557788944724,0.7688442211055276,0.7002518891687658,0.7380352644836272,0.760705289672544,0.7419760855884204,0.7331655129011957,0.7503144654088051,0.740251572327044,0.7352201257861635,0.7491166077738516,0.7797202797202797,0.7286821705426356,0.7473309608540926,0.7700729927007299,0.7575205104831358,0.7493163172288059,0.7617777777777778,0.7579617834394905,0.7520288548241659,0.8548387096774194,0.8849206349206349,0.7932489451476793,0.8641975308641975,0.8683127572016461,0.8523076923076923,0.8465499485066942,0.8691683569979716,0.85,0.8510204081632653,0.6907526881720429,0.7267068928027832,0.6778744725738397,0.7015792849126181,0.7296109240553685,0.7095414683036833,0.7007830648682337,0.7127298738632242,0.7069672131147541,0.7001003680160589,"{'cls__hidden_layer_sizes': (100,), 'cls__learning_rate': 'adaptive', 'cls__learning_rate_init': 0.001, 'cls__max_iter': 1000, 'cls__n_iter_no_change': 5, 'cls__random_state': 42}",mlp,none,simple,none,none,0.8009719901098042
79.0,83.0,90.0,83.0,91.0,348.0,343.0,336.0,344.0,335.0,71.0,63.0,70.0,71.0,63.0,266.0,275.0,268.0,266.0,275.0,36.0,29.0,49.0,33.0,32.0,144.0,149.0,129.0,147.0,146.0,212.0,223.0,188.0,210.0,211.0,831.0,822.0,857.0,833.0,834.0,0.7984934086629001,0.828996282527881,0.7595959595959595,0.801526717557252,0.8162475822050289,0.8021235521235522,0.7949709864603483,0.8119374703931785,0.8013468013468013,0.7984681665868836,0.7311557788944724,0.7688442211055276,0.7002518891687658,0.7380352644836272,0.760705289672544,0.7419760855884204,0.7331655129011957,0.7503144654088051,0.740251572327044,0.7352201257861635,0.7491166077738516,0.7797202797202797,0.7286821705426356,0.7473309608540926,0.7700729927007299,0.7575205104831358,0.7493163172288059,0.7617777777777778,0.7579617834394905,0.7520288548241659,0.8548387096774194,0.8849206349206349,0.7932489451476793,0.8641975308641975,0.8683127572016461,0.8523076923076923,0.8465499485066942,0.8691683569979716,0.85,0.8510204081632653,0.6907526881720429,0.7267068928027832,0.6778744725738397,0.7015792849126181,0.7296109240553685,0.7095414683036833,0.7007830648682337,0.7127298738632242,0.7069672131147541,0.7001003680160589,"{'cls__hidden_layer_sizes': (100,), 'cls__learning_rate': 'adaptive', 'cls__learning_rate_init': 0.001, 'cls__max_iter': 1000, 'cls__n_iter_no_change': 5, 'cls__random_state': 42}",mlp,none,simple,minmax,none,0.8009719901098042
79.0,83.0,91.0,83.0,91.0,348.0,344.0,336.0,344.0,336.0,71.0,63.0,69.0,71.0,63.0,266.0,274.0,268.0,266.0,274.0,36.0,29.0,49.0,33.0,33.0,144.0,151.0,131.0,147.0,147.0,212.0,223.0,188.0,210.0,210.0,831.0,820.0,855.0,833.0,833.0,0.7984934086629001,0.828996282527881,0.7611336032388664,0.801526717557252,0.813953488372093,0.8021235521235522,0.7941888619854721,0.8108108108108109,0.8013468013468013,0.7982750359367513,0.7311557788944724,0.7688442211055276,0.7027707808564232,0.7380352644836272,0.7581863979848866,0.7419760855884204,0.7325361862806796,0.7490566037735849,0.740251572327044,0.7352201257861635,0.7491166077738516,0.7797202797202797,0.7315175097276264,0.7473309608540926,0.7692307692307693,0.7575205104831358,0.7495429616087751,0.761353517364203,0.7579617834394905,0.7524841915085817,0.8548387096774194,0.8849206349206349,0.7932489451476793,0.8641975308641975,0.8641975308641975,0.8523076923076923,0.8444902162718847,0.8671399594320487,0.85,0.85,0.6907526881720429,0.7267068928027832,0.6809994725738396,0.7015792849126181,0.7275533108866441,0.7095414683036833,0.7005622602395023,0.7117156750802628,0.7069672131147541,0.7004098360655738,"{'cls__hidden_layer_sizes': (100,), 'cls__learning_rate': 'adaptive', 'cls__learning_rate_init': 1e-05, 'cls__max_iter': 1000, 'cls__n_iter_no_change': 5, 'cls__random_state': 42}",mlp,none,simple,none,none,0.8008207000717984
79.0,83.0,91.0,83.0,91.0,348.0,344.0,336.0,344.0,336.0,71.0,63.0,69.0,71.0,63.0,266.0,274.0,268.0,266.0,274.0,36.0,29.0,49.0,33.0,33.0,144.0,151.0,131.0,147.0,147.0,212.0,223.0,188.0,210.0,210.0,831.0,820.0,855.0,833.0,833.0,0.7984934086629001,0.828996282527881,0.7611336032388664,0.801526717557252,0.813953488372093,0.8021235521235522,0.7941888619854721,0.8108108108108109,0.8013468013468013,0.7982750359367513,0.7311557788944724,0.7688442211055276,0.7027707808564232,0.7380352644836272,0.7581863979848866,0.7419760855884204,0.7325361862806796,0.7490566037735849,0.740251572327044,0.7352201257861635,0.7491166077738516,0.7797202797202797,0.7315175097276264,0.7473309608540926,0.7692307692307693,0.7575205104831358,0.7495429616087751,0.761353517364203,0.7579617834394905,0.7524841915085817,0.8548387096774194,0.8849206349206349,0.7932489451476793,0.8641975308641975,0.8641975308641975,0.8523076923076923,0.8444902162718847,0.8671399594320487,0.85,0.85,0.6907526881720429,0.7267068928027832,0.6809994725738396,0.7015792849126181,0.7275533108866441,0.7095414683036833,0.7005622602395023,0.7117156750802628,0.7069672131147541,0.7004098360655738,"{'cls__hidden_layer_sizes': (100,), 'cls__learning_rate': 'adaptive', 'cls__learning_rate_init': 0.001, 'cls__max_iter': 1000, 'cls__n_iter_no_change': 5, 'cls__random_state': 42}",mlp,none,simple,standard,none,0.8008207000717984
79.0,83.0,90.0,82.0,91.0,347.0,343.0,336.0,343.0,335.0,71.0,63.0,70.0,72.0,63.0,267.0,275.0,268.0,267.0,275.0,36.0,29.0,49.0,33.0,32.0,142.0,149.0,129.0,146.0,146.0,212.0,223.0,188.0,210.0,211.0,833.0,822.0,857.0,834.0,834.0,0.7984934086629001,0.828996282527881,0.7595959595959595,0.8,0.8162475822050289,0.8028915662650602,0.7949709864603483,0.8119374703931785,0.8015377222489187,0.7984681665868836,0.7311557788944724,0.7688442211055276,0.7002518891687658,0.7355163727959698,0.760705289672544,0.7426054122089364,0.7331655129011957,0.7503144654088051,0.740251572327044,0.7352201257861635,0.7491166077738516,0.7797202797202797,0.7286821705426356,0.7446808510638298,0.7700729927007299,0.7572727272727273,0.7493163172288059,0.7617777777777778,0.7574931880108992,0.7520288548241659,0.8548387096774194,0.8849206349206349,0.7932489451476793,0.8641975308641975,0.8683127572016461,0.8543589743589743,0.8465499485066942,0.8691683569979716,0.8510204081632653,0.8510204081632653,0.6907526881720429,0.7267068928027832,0.6778744725738397,0.6983325316658651,0.7296109240553685,0.7097527770817673,0.7007830648682337,0.7127298738632242,0.7066577450652392,0.7001003680160589,"{'cls__C': 10, 'cls__probability': True, 'cls__random_state': 42}",svc,none,simple,standard,none,0.8006666465983538
79.0,83.0,90.0,82.0,91.0,347.0,343.0,336.0,343.0,335.0,71.0,63.0,70.0,72.0,63.0,267.0,275.0,268.0,267.0,275.0,36.0,29.0,49.0,33.0,32.0,142.0,149.0,129.0,146.0,146.0,212.0,223.0,188.0,210.0,211.0,833.0,822.0,857.0,834.0,834.0,0.7984934086629001,0.828996282527881,0.7595959595959595,0.8,0.8162475822050289,0.8028915662650602,0.7949709864603483,0.8119374703931785,0.8015377222489187,0.7984681665868836,0.7311557788944724,0.7688442211055276,0.7002518891687658,0.7355163727959698,0.760705289672544,0.7426054122089364,0.7331655129011957,0.7503144654088051,0.740251572327044,0.7352201257861635,0.7491166077738516,0.7797202797202797,0.7286821705426356,0.7446808510638298,0.7700729927007299,0.7572727272727273,0.7493163172288059,0.7617777777777778,0.7574931880108992,0.7520288548241659,0.8548387096774194,0.8849206349206349,0.7932489451476793,0.8641975308641975,0.8683127572016461,0.8543589743589743,0.8465499485066942,0.8691683569979716,0.8510204081632653,0.8510204081632653,0.6907526881720429,0.7267068928027832,0.6778744725738397,0.6983325316658651,0.7296109240553685,0.7097527770817673,0.7007830648682337,0.7127298738632242,0.7066577450652392,0.7001003680160589,"{'cls__C': 1, 'cls__probability': True, 'cls__random_state': 42}",svc,none,simple,minmax,none,0.8006666465983538
79.0,83.0,90.0,82.0,91.0,347.0,343.0,336.0,343.0,335.0,71.0,63.0,70.0,72.0,63.0,267.0,275.0,268.0,267.0,275.0,36.0,29.0,49.0,33.0,32.0,142.0,149.0,129.0,146.0,146.0,212.0,223.0,188.0,210.0,211.0,833.0,822.0,857.0,834.0,834.0,0.7984934086629001,0.828996282527881,0.7595959595959595,0.8,0.8162475822050289,0.8028915662650602,0.7949709864603483,0.8119374703931785,0.8015377222489187,0.7984681665868836,0.7311557788944724,0.7688442211055276,0.7002518891687658,0.7355163727959698,0.760705289672544,0.7426054122089364,0.7331655129011957,0.7503144654088051,0.740251572327044,0.7352201257861635,0.7491166077738516,0.7797202797202797,0.7286821705426356,0.7446808510638298,0.7700729927007299,0.7572727272727273,0.7493163172288059,0.7617777777777778,0.7574931880108992,0.7520288548241659,0.8548387096774194,0.8849206349206349,0.7932489451476793,0.8641975308641975,0.8683127572016461,0.8543589743589743,0.8465499485066942,0.8691683569979716,0.8510204081632653,0.8510204081632653,0.6907526881720429,0.7267068928027832,0.6778744725738397,0.6983325316658651,0.7296109240553685,0.7097527770817673,0.7007830648682337,0.7127298738632242,0.7066577450652392,0.7001003680160589,"{'cls__C': 10, 'cls__probability': True, 'cls__random_state': 42}",svc,none,simple,minmax,none,0.8006666465983538
79.0,83.0,90.0,82.0,91.0,347.0,343.0,336.0,343.0,335.0,71.0,63.0,70.0,72.0,63.0,267.0,275.0,268.0,267.0,275.0,36.0,29.0,49.0,33.0,32.0,142.0,149.0,129.0,146.0,146.0,212.0,223.0,188.0,210.0,211.0,833.0,822.0,857.0,834.0,834.0,0.7984934086629001,0.828996282527881,0.7595959595959595,0.8,0.8162475822050289,0.8028915662650602,0.7949709864603483,0.8119374703931785,0.8015377222489187,0.7984681665868836,0.7311557788944724,0.7688442211055276,0.7002518891687658,0.7355163727959698,0.760705289672544,0.7426054122089364,0.7331655129011957,0.7503144654088051,0.740251572327044,0.7352201257861635,0.7491166077738516,0.7797202797202797,0.7286821705426356,0.7446808510638298,0.7700729927007299,0.7572727272727273,0.7493163172288059,0.7617777777777778,0.7574931880108992,0.7520288548241659,0.8548387096774194,0.8849206349206349,0.7932489451476793,0.8641975308641975,0.8683127572016461,0.8543589743589743,0.8465499485066942,0.8691683569979716,0.8510204081632653,0.8510204081632653,0.6907526881720429,0.7267068928027832,0.6778744725738397,0.6983325316658651,0.7296109240553685,0.7097527770817673,0.7007830648682337,0.7127298738632242,0.7066577450652392,0.7001003680160589,"{'cls__C': 1, 'cls__probability': True, 'cls__random_state': 42}",svc,none,simple,standard,none,0.8006666465983538
79.0,83.0,91.0,82.0,91.0,348.0,342.0,336.0,343.0,336.0,71.0,63.0,69.0,72.0,63.0,266.0,276.0,268.0,267.0,274.0,36.0,29.0,49.0,33.0,33.0,144.0,150.0,131.0,146.0,147.0,212.0,223.0,188.0,210.0,210.0,831.0,821.0,855.0,834.0,833.0,0.7984934086629001,0.828996282527881,0.7611336032388664,0.8,0.813953488372093,0.8021235521235522,0.7940038684719536,0.8108108108108109,0.8015377222489187,0.7982750359367513,0.7311557788944724,0.7688442211055276,0.7027707808564232,0.7355163727959698,0.7581863979848866,0.7419760855884204,0.7319068596601637,0.7490566037735849,0.740251572327044,0.7352201257861635,0.7491166077738516,0.7797202797202797,0.7315175097276264,0.7446808510638298,0.7692307692307693,0.7575205104831358,0.7484047402005469,0.761353517364203,0.7574931880108992,0.7524841915085817,0.8548387096774194,0.8849206349206349,0.7932489451476793,0.8641975308641975,0.8641975308641975,0.8523076923076923,0.8455200823892894,0.8671399594320487,0.8510204081632653,0.85,0.6907526881720429,0.7267068928027832,0.6809994725738396,0.6983325316658651,0.7275533108866441,0.7095414683036833,0.6994590703208583,0.7117156750802628,0.7066577450652392,0.7004098360655738,"{'cls__hidden_layer_sizes': (100,), 'cls__learning_rate': 'adaptive', 'cls__learning_rate_init': 1e-05, 'cls__max_iter': 1000, 'cls__n_iter_no_change': 5, 'cls__random_state': 42, 'os__random_state': 42}",mlp,none,simple,standard,smote,0.800515356560348
79.0,83.0,90.0,82.0,91.0,347.0,343.0,336.0,344.0,335.0,71.0,63.0,70.0,72.0,63.0,267.0,275.0,268.0,266.0,275.0,36.0,29.0,49.0,34.0,32.0,142.0,149.0,129.0,147.0,146.0,212.0,223.0,188.0,209.0,211.0,833.0,822.0,857.0,833.0,834.0,0.7984934086629001,0.828996282527881,0.7595959595959595,0.7977099236641222,0.8162475822050289,0.8028915662650602,0.7949709864603483,0.8119374703931785,0.8013468013468013,0.7984681665868836,0.7311557788944724,0.7688442211055276,0.7002518891687658,0.7329974811083123,0.760705289672544,0.7426054122089364,0.7331655129011957,0.7503144654088051,0.740251572327044,0.7352201257861635,0.7491166077738516,0.7797202797202797,0.7286821705426356,0.7437722419928826,0.7700729927007299,0.7572727272727273,0.7493163172288059,0.7617777777777778,0.7579617834394905,0.7520288548241659,0.8548387096774194,0.8849206349206349,0.7932489451476793,0.8600823045267489,0.8683127572016461,0.8543589743589743,0.8465499485066942,0.8691683569979716,0.85,0.8510204081632653,0.6907526881720429,0.7267068928027832,0.6778744725738397,0.6962749184971407,0.7296109240553685,0.7097527770817673,0.7007830648682337,0.7127298738632242,0.7069672131147541,0.7001003680160589,"{'cls__criterion': 'gini', 'cls__max_depth': None, 'cls__max_features': 'log2', 'cls__random_state': 42}",rf,none,simple,none,none,0.8002086313311784
79.0,83.0,90.0,82.0,91.0,347.0,343.0,336.0,344.0,335.0,71.0,63.0,70.0,72.0,63.0,267.0,275.0,268.0,266.0,275.0,36.0,29.0,49.0,34.0,32.0,142.0,149.0,129.0,147.0,146.0,212.0,223.0,188.0,209.0,211.0,833.0,822.0,857.0,833.0,834.0,0.7984934086629001,0.828996282527881,0.7595959595959595,0.7977099236641222,0.8162475822050289,0.8028915662650602,0.7949709864603483,0.8119374703931785,0.8013468013468013,0.7984681665868836,0.7311557788944724,0.7688442211055276,0.7002518891687658,0.7329974811083123,0.760705289672544,0.7426054122089364,0.7331655129011957,0.7503144654088051,0.740251572327044,0.7352201257861635,0.7491166077738516,0.7797202797202797,0.7286821705426356,0.7437722419928826,0.7700729927007299,0.7572727272727273,0.7493163172288059,0.7617777777777778,0.7579617834394905,0.7520288548241659,0.8548387096774194,0.8849206349206349,0.7932489451476793,0.8600823045267489,0.8683127572016461,0.8543589743589743,0.8465499485066942,0.8691683569979716,0.85,0.8510204081632653,0.6907526881720429,0.7267068928027832,0.6778744725738397,0.6962749184971407,0.7296109240553685,0.7097527770817673,0.7007830648682337,0.7127298738632242,0.7069672131147541,0.7001003680160589,"{'cls__criterion': 'entropy', 'cls__max_depth': None, 'cls__max_features': 'log2', 'cls__random_state': 42}",rf,none,simple,none,none,0.8002086313311784
79.0,83.0,90.0,82.0,91.0,347.0,343.0,336.0,344.0,335.0,71.0,63.0,70.0,72.0,63.0,267.0,275.0,268.0,266.0,275.0,36.0,29.0,49.0,34.0,32.0,142.0,149.0,129.0,147.0,146.0,212.0,223.0,188.0,209.0,211.0,833.0,822.0,857.0,833.0,834.0,0.7984934086629001,0.828996282527881,0.7595959595959595,0.7977099236641222,0.8162475822050289,0.8028915662650602,0.7949709864603483,0.8119374703931785,0.8013468013468013,0.7984681665868836,0.7311557788944724,0.7688442211055276,0.7002518891687658,0.7329974811083123,0.760705289672544,0.7426054122089364,0.7331655129011957,0.7503144654088051,0.740251572327044,0.7352201257861635,0.7491166077738516,0.7797202797202797,0.7286821705426356,0.7437722419928826,0.7700729927007299,0.7572727272727273,0.7493163172288059,0.7617777777777778,0.7579617834394905,0.7520288548241659,0.8548387096774194,0.8849206349206349,0.7932489451476793,0.8600823045267489,0.8683127572016461,0.8543589743589743,0.8465499485066942,0.8691683569979716,0.85,0.8510204081632653,0.6907526881720429,0.7267068928027832,0.6778744725738397,0.6962749184971407,0.7296109240553685,0.7097527770817673,0.7007830648682337,0.7127298738632242,0.7069672131147541,0.7001003680160589,"{'cls__C': 10, 'cls__probability': True, 'cls__random_state': 42}",svc,none,simple,none,none,0.8002086313311784
79.0,83.0,90.0,82.0,91.0,347.0,343.0,336.0,344.0,335.0,71.0,63.0,70.0,72.0,63.0,267.0,275.0,268.0,266.0,275.0,36.0,29.0,49.0,34.0,32.0,142.0,149.0,129.0,147.0,146.0,212.0,223.0,188.0,209.0,211.0,833.0,822.0,857.0,833.0,834.0,0.7984934086629001,0.828996282527881,0.7595959595959595,0.7977099236641222,0.8162475822050289,0.8028915662650602,0.7949709864603483,0.8119374703931785,0.8013468013468013,0.7984681665868836,0.7311557788944724,0.7688442211055276,0.7002518891687658,0.7329974811083123,0.760705289672544,0.7426054122089364,0.7331655129011957,0.7503144654088051,0.740251572327044,0.7352201257861635,0.7491166077738516,0.7797202797202797,0.7286821705426356,0.7437722419928826,0.7700729927007299,0.7572727272727273,0.7493163172288059,0.7617777777777778,0.7579617834394905,0.7520288548241659,0.8548387096774194,0.8849206349206349,0.7932489451476793,0.8600823045267489,0.8683127572016461,0.8543589743589743,0.8465499485066942,0.8691683569979716,0.85,0.8510204081632653,0.6907526881720429,0.7267068928027832,0.6778744725738397,0.6962749184971407,0.7296109240553685,0.7097527770817673,0.7007830648682337,0.7127298738632242,0.7069672131147541,0.7001003680160589,"{'cls__C': 1, 'cls__probability': True, 'cls__random_state': 42}",svc,none,simple,none,none,0.8002086313311784
79.0,83.0,90.0,83.0,91.0,347.0,343.0,336.0,345.0,336.0,71.0,63.0,70.0,71.0,63.0,267.0,275.0,268.0,265.0,274.0,36.0,29.0,49.0,34.0,33.0,142.0,149.0,129.0,148.0,147.0,212.0,223.0,188.0,209.0,210.0,833.0,822.0,857.0,832.0,833.0,0.7984934086629001,0.828996282527881,0.7595959595959595,0.7992351816443595,0.813953488372093,0.8028915662650602,0.7949709864603483,0.8119374703931785,0.8011555127587867,0.7982750359367513,0.7311557788944724,0.7688442211055276,0.7002518891687658,0.7355163727959698,0.7581863979848866,0.7426054122089364,0.7331655129011957,0.7503144654088051,0.740251572327044,0.7352201257861635,0.7491166077738516,0.7797202797202797,0.7286821705426356,0.7464285714285714,0.7692307692307693,0.7572727272727273,0.7493163172288059,0.7617777777777778,0.7584320875113947,0.7524841915085817,0.8548387096774194,0.8849206349206349,0.7932489451476793,0.8600823045267489,0.8641975308641975,0.8543589743589743,0.8465499485066942,0.8691683569979716,0.8489795918367347,0.85,0.6907526881720429,0.7267068928027832,0.6778744725738397,0.6995216717438939,0.7275533108866441,0.7097527770817673,0.7007830648682337,0.7127298738632242,0.707276681164269,0.7004098360655738,"{'cls__criterion': 'gini', 'cls__max_depth': 4, 'cls__max_features': 'log2', 'cls__random_state': 42}",rf,none,simple,none,none,0.8000548641606386
79.0,83.0,90.0,83.0,91.0,347.0,343.0,336.0,345.0,336.0,71.0,63.0,70.0,71.0,63.0,267.0,275.0,268.0,265.0,274.0,36.0,29.0,49.0,34.0,33.0,142.0,149.0,129.0,148.0,147.0,212.0,223.0,188.0,209.0,210.0,833.0,822.0,857.0,832.0,833.0,0.7984934086629001,0.828996282527881,0.7595959595959595,0.7992351816443595,0.813953488372093,0.8028915662650602,0.7949709864603483,0.8119374703931785,0.8011555127587867,0.7982750359367513,0.7311557788944724,0.7688442211055276,0.7002518891687658,0.7355163727959698,0.7581863979848866,0.7426054122089364,0.7331655129011957,0.7503144654088051,0.740251572327044,0.7352201257861635,0.7491166077738516,0.7797202797202797,0.7286821705426356,0.7464285714285714,0.7692307692307693,0.7572727272727273,0.7493163172288059,0.7617777777777778,0.7584320875113947,0.7524841915085817,0.8548387096774194,0.8849206349206349,0.7932489451476793,0.8600823045267489,0.8641975308641975,0.8543589743589743,0.8465499485066942,0.8691683569979716,0.8489795918367347,0.85,0.6907526881720429,0.7267068928027832,0.6778744725738397,0.6995216717438939,0.7275533108866441,0.7097527770817673,0.7007830648682337,0.7127298738632242,0.707276681164269,0.7004098360655738,"{'cls__criterion': 'entropy', 'cls__max_depth': 4, 'cls__max_features': 'log2', 'cls__random_state': 42}",rf,none,simple,none,none,0.8000548641606386
79.0,79.0,81.0,83.0,84.0,347.0,315.0,313.0,343.0,310.0,71.0,67.0,79.0,71.0,70.0,267.0,303.0,291.0,267.0,300.0,36.0,26.0,43.0,32.0,32.0,142.0,141.0,124.0,146.0,135.0,212.0,226.0,194.0,211.0,211.0,833.0,830.0,862.0,834.0,845.0,0.7984934086629001,0.8293577981651377,0.7607843137254903,0.8038095238095238,0.8053435114503817,0.8028915662650602,0.7889733840304182,0.8059841047218327,0.8015377222489187,0.7952941176470589,0.7311557788944724,0.7663316582914573,0.6926952141057935,0.7405541561712846,0.743073047858942,0.7426054122089364,0.7205789804908748,0.7389937106918238,0.740251572327044,0.7264150943396226,0.7491166077738516,0.7713310580204779,0.7106227106227107,0.74822695035461,0.7508896797153025,0.7572727272727273,0.732568402471315,0.7476149176062445,0.7574931880108992,0.7379912663755459,0.8548387096774194,0.8968253968253969,0.8185654008438819,0.8683127572016461,0.8683127572016461,0.8543589743589743,0.854788877445932,0.8742393509127789,0.8510204081632653,0.8622448979591837,0.6907526881720429,0.7189606436181778,0.6624077004219409,0.7036368980813426,0.7068836513280958,0.7097527770817673,0.6822488076550048,0.69622563572129,0.7066577450652392,0.6852208096353295,"{'cls__algorithm': 'SAMME', 'cls__learning_rate': 1.0, 'cls__n_estimators': 10, 'cls__random_state': 42}",ada,none,simple,none,none,0.7995577111626868
75.0,71.0,82.0,85.0,81.0,310.0,314.0,303.0,332.0,304.0,70.0,68.0,76.0,69.0,74.0,296.0,298.0,290.0,265.0,292.0,35.0,37.0,24.0,28.0,44.0,131.0,129.0,142.0,149.0,122.0,213.0,217.0,211.0,210.0,193.0,833.0,829.0,835.0,825.0,853.0,0.8022598870056498,0.8051948051948052,0.8084291187739464,0.8123791102514506,0.7658730158730158,0.7959866220735786,0.7952038369304556,0.7944814462416747,0.7994186046511628,0.8047169811320755,0.732824427480916,0.732824427480916,0.7455470737913485,0.7525510204081632,0.6989795918367347,0.7280254777070063,0.7280254777070063,0.7248407643312101,0.7364735837046468,0.7364735837046468,0.7526501766784452,0.7614035087719299,0.735191637630662,0.7526881720430108,0.7228464419475655,0.7378210806023029,0.735581188997338,0.7422222222222222,0.7568807339449541,0.7449781659388647,0.8588709677419355,0.8543307086614174,0.8978723404255319,0.8823529411764706,0.8143459915611815,0.8641078838174274,0.8653444676409185,0.8546571136131014,0.8470225872689938,0.8748717948717949,0.6880561735261401,0.6825610377839461,0.7084298410988419,0.7171504965622613,0.6684633183612358,0.6878295194664695,0.6892081815328776,0.6828091638891813,0.7015682450582825,0.6924694544828772,"{'cls__algorithm': 'SAMME', 'cls__learning_rate': 1.0, 'cls__n_estimators': 10, 'cls__random_state': 42}",ada,lof,simple,none,none,0.7988271874197735
79.0,85.0,91.0,83.0,92.0,351.0,345.0,339.0,347.0,338.0,71.0,61.0,69.0,71.0,62.0,263.0,273.0,265.0,263.0,272.0,37.0,31.0,52.0,34.0,34.0,151.0,157.0,136.0,154.0,154.0,211.0,221.0,185.0,209.0,209.0,824.0,814.0,850.0,826.0,826.0,0.7962264150943397,0.8277153558052435,0.7535641547861507,0.7992351816443595,0.8132295719844357,0.7992240543161978,0.7910592808551992,0.809138505473584,0.7984533591106815,0.7949951876804618,0.7286432160804021,0.7688442211055276,0.6952141057934509,0.7355163727959698,0.7581863979848866,0.7394587791063562,0.7293895531780994,0.7477987421383647,0.7377358490566037,0.7320754716981132,0.74822695035461,0.7836879432624113,0.7283464566929134,0.7464285714285714,0.7712177121771218,0.7580496780128795,0.7488500459981601,0.7623318385650224,0.758494031221304,0.7522768670309654,0.8508064516129032,0.876984126984127,0.7805907172995781,0.8600823045267489,0.8600823045267489,0.8451282051282051,0.8383110195674562,0.8620689655172413,0.8428571428571429,0.8428571428571429,0.6887365591397849,0.7295879539030223,0.6746703586497891,0.6995216717438939,0.7287424509646732,0.7083947214566106,0.6982817233759611,0.7116636218314684,0.7058548009367682,0.6984777517564402,"{'cls__C': 0.1, 'cls__probability': True, 'cls__random_state': 42}",svc,none,simple,none,none,0.7979941358629057
71.0,79.0,90.0,82.0,84.0,323.0,315.0,336.0,342.0,310.0,79.0,67.0,70.0,72.0,70.0,291.0,303.0,268.0,268.0,300.0,35.0,26.0,49.0,32.0,32.0,132.0,141.0,129.0,145.0,135.0,213.0,226.0,188.0,211.0,211.0,843.0,830.0,857.0,835.0,845.0,0.7888888888888889,0.8293577981651377,0.7595959595959595,0.8022813688212928,0.8053435114503817,0.7994310099573257,0.7889733840304182,0.8119374703931785,0.8017282765242439,0.7952941176470589,0.7135678391959799,0.7663316582914573,0.7002518891687658,0.7380352644836272,0.743073047858942,0.7337948395217118,0.7205789804908748,0.7503144654088051,0.740251572327044,0.7264150943396226,0.7294520547945206,0.7713310580204779,0.7286821705426356,0.7455830388692579,0.7508896797153025,0.7433862433862434,0.732568402471315,0.7617777777777778,0.757026291931097,0.7379912663755459,0.8588709677419355,0.8968253968253969,0.7932489451476793,0.8683127572016461,0.8683127572016461,0.8646153846153846,0.854788877445932,0.8691683569979716,0.8520408163265306,0.8622448979591837,0.6661021505376344,0.7189606436181778,0.6778744725738397,0.7003901448345894,0.7068836513280958,0.6953370082686043,0.6822488076550048,0.7127298738632242,0.7063482770157243,0.6852208096353295,"{'cls__algorithm': 'SAMME', 'cls__learning_rate': 0.1, 'cls__n_estimators': 100, 'cls__random_state': 42}",ada,none,simple,none,none,0.7970935053843322
75.0,71.0,82.0,76.0,81.0,310.0,314.0,303.0,309.0,304.0,70.0,68.0,76.0,78.0,74.0,296.0,298.0,290.0,288.0,292.0,35.0,37.0,24.0,26.0,44.0,131.0,129.0,142.0,140.0,122.0,213.0,217.0,211.0,212.0,193.0,833.0,829.0,835.0,834.0,853.0,0.8022598870056498,0.8051948051948052,0.8084291187739464,0.8030303030303031,0.7658730158730158,0.7959866220735786,0.7952038369304556,0.7944814462416747,0.7958015267175573,0.8047169811320755,0.732824427480916,0.732824427480916,0.7455470737913485,0.7346938775510204,0.6989795918367347,0.7280254777070063,0.7280254777070063,0.7248407643312101,0.7275620623806492,0.7364735837046468,0.7526501766784452,0.7614035087719299,0.735191637630662,0.7310344827586207,0.7228464419475655,0.7378210806023029,0.735581188997338,0.7422222222222222,0.7433155080213903,0.7449781659388647,0.8588709677419355,0.8543307086614174,0.8978723404255319,0.8907563025210085,0.8143459915611815,0.8641078838174274,0.8653444676409185,0.8546571136131014,0.8562628336755647,0.8748717948717949,0.6880561735261401,0.6825610377839461,0.7084298410988419,0.692131398013751,0.6684633183612358,0.6878295194664695,0.6892081815328776,0.6828091638891813,0.6869253866870286,0.6924694544828772,"{'cls__algorithm': 'SAMME', 'cls__learning_rate': 0.1, 'cls__n_estimators': 50, 'cls__random_state': 42}",ada,lof,simple,none,none,0.7969574259755441
75.0,71.0,82.0,76.0,81.0,310.0,314.0,303.0,309.0,304.0,70.0,68.0,76.0,78.0,74.0,296.0,298.0,290.0,288.0,292.0,35.0,37.0,24.0,26.0,44.0,131.0,129.0,142.0,140.0,122.0,213.0,217.0,211.0,212.0,193.0,833.0,829.0,835.0,834.0,853.0,0.8022598870056498,0.8051948051948052,0.8084291187739464,0.8030303030303031,0.7658730158730158,0.7959866220735786,0.7952038369304556,0.7944814462416747,0.7958015267175573,0.8047169811320755,0.732824427480916,0.732824427480916,0.7455470737913485,0.7346938775510204,0.6989795918367347,0.7280254777070063,0.7280254777070063,0.7248407643312101,0.7275620623806492,0.7364735837046468,0.7526501766784452,0.7614035087719299,0.735191637630662,0.7310344827586207,0.7228464419475655,0.7378210806023029,0.735581188997338,0.7422222222222222,0.7433155080213903,0.7449781659388647,0.8588709677419355,0.8543307086614174,0.8978723404255319,0.8907563025210085,0.8143459915611815,0.8641078838174274,0.8653444676409185,0.8546571136131014,0.8562628336755647,0.8748717948717949,0.6880561735261401,0.6825610377839461,0.7084298410988419,0.692131398013751,0.6684633183612358,0.6878295194664695,0.6892081815328776,0.6828091638891813,0.6869253866870286,0.6924694544828772,"{'cls__criterion': 'gini', 'cls__max_depth': 2, 'cls__max_features': 'log2', 'cls__random_state': 42}",rf,lof,simple,none,none,0.7969574259755441
75.0,71.0,82.0,76.0,81.0,310.0,314.0,303.0,309.0,304.0,70.0,68.0,76.0,78.0,74.0,296.0,298.0,290.0,288.0,292.0,35.0,37.0,24.0,26.0,44.0,131.0,129.0,142.0,140.0,122.0,213.0,217.0,211.0,212.0,193.0,833.0,829.0,835.0,834.0,853.0,0.8022598870056498,0.8051948051948052,0.8084291187739464,0.8030303030303031,0.7658730158730158,0.7959866220735786,0.7952038369304556,0.7944814462416747,0.7958015267175573,0.8047169811320755,0.732824427480916,0.732824427480916,0.7455470737913485,0.7346938775510204,0.6989795918367347,0.7280254777070063,0.7280254777070063,0.7248407643312101,0.7275620623806492,0.7364735837046468,0.7526501766784452,0.7614035087719299,0.735191637630662,0.7310344827586207,0.7228464419475655,0.7378210806023029,0.735581188997338,0.7422222222222222,0.7433155080213903,0.7449781659388647,0.8588709677419355,0.8543307086614174,0.8978723404255319,0.8907563025210085,0.8143459915611815,0.8641078838174274,0.8653444676409185,0.8546571136131014,0.8562628336755647,0.8748717948717949,0.6880561735261401,0.6825610377839461,0.7084298410988419,0.692131398013751,0.6684633183612358,0.6878295194664695,0.6892081815328776,0.6828091638891813,0.6869253866870286,0.6924694544828772,"{'cls__criterion': 'entropy', 'cls__max_depth': 2, 'cls__max_features': 'log2', 'cls__random_state': 42}",rf,lof,simple,none,none,0.7969574259755441
75.0,71.0,82.0,76.0,81.0,310.0,314.0,303.0,309.0,304.0,70.0,68.0,76.0,78.0,74.0,296.0,298.0,290.0,288.0,292.0,35.0,37.0,24.0,26.0,44.0,131.0,129.0,142.0,140.0,122.0,213.0,217.0,211.0,212.0,193.0,833.0,829.0,835.0,834.0,853.0,0.8022598870056498,0.8051948051948052,0.8084291187739464,0.8030303030303031,0.7658730158730158,0.7959866220735786,0.7952038369304556,0.7944814462416747,0.7958015267175573,0.8047169811320755,0.732824427480916,0.732824427480916,0.7455470737913485,0.7346938775510204,0.6989795918367347,0.7280254777070063,0.7280254777070063,0.7248407643312101,0.7275620623806492,0.7364735837046468,0.7526501766784452,0.7614035087719299,0.735191637630662,0.7310344827586207,0.7228464419475655,0.7378210806023029,0.735581188997338,0.7422222222222222,0.7433155080213903,0.7449781659388647,0.8588709677419355,0.8543307086614174,0.8978723404255319,0.8907563025210085,0.8143459915611815,0.8641078838174274,0.8653444676409185,0.8546571136131014,0.8562628336755647,0.8748717948717949,0.6880561735261401,0.6825610377839461,0.7084298410988419,0.692131398013751,0.6684633183612358,0.6878295194664695,0.6892081815328776,0.6828091638891813,0.6869253866870286,0.6924694544828772,"{'cls__algorithm': 'SAMME', 'cls__learning_rate': 0.1, 'cls__n_estimators': 100, 'cls__random_state': 42}",ada,lof,simple,none,none,0.7969574259755441
75.0,71.0,82.0,76.0,81.0,310.0,314.0,303.0,309.0,304.0,70.0,68.0,76.0,78.0,74.0,296.0,298.0,290.0,288.0,292.0,35.0,37.0,24.0,26.0,44.0,131.0,129.0,142.0,140.0,122.0,213.0,217.0,211.0,212.0,193.0,833.0,829.0,835.0,834.0,853.0,0.8022598870056498,0.8051948051948052,0.8084291187739464,0.8030303030303031,0.7658730158730158,0.7959866220735786,0.7952038369304556,0.7944814462416747,0.7958015267175573,0.8047169811320755,0.732824427480916,0.732824427480916,0.7455470737913485,0.7346938775510204,0.6989795918367347,0.7280254777070063,0.7280254777070063,0.7248407643312101,0.7275620623806492,0.7364735837046468,0.7526501766784452,0.7614035087719299,0.735191637630662,0.7310344827586207,0.7228464419475655,0.7378210806023029,0.735581188997338,0.7422222222222222,0.7433155080213903,0.7449781659388647,0.8588709677419355,0.8543307086614174,0.8978723404255319,0.8907563025210085,0.8143459915611815,0.8641078838174274,0.8653444676409185,0.8546571136131014,0.8562628336755647,0.8748717948717949,0.6880561735261401,0.6825610377839461,0.7084298410988419,0.692131398013751,0.6684633183612358,0.6878295194664695,0.6892081815328776,0.6828091638891813,0.6869253866870286,0.6924694544828772,"{'cls__algorithm': 'SAMME', 'cls__learning_rate': 0.5, 'cls__n_estimators': 10, 'cls__random_state': 42}",ada,lof,simple,none,none,0.7969574259755441
71.0,79.0,81.0,79.0,84.0,323.0,315.0,313.0,315.0,310.0,79.0,67.0,79.0,75.0,70.0,291.0,303.0,291.0,295.0,300.0,35.0,26.0,43.0,31.0,32.0,132.0,141.0,124.0,136.0,135.0,213.0,226.0,194.0,212.0,211.0,843.0,830.0,862.0,844.0,845.0,0.7888888888888889,0.8293577981651377,0.7607843137254903,0.7999999999999999,0.8053435114503817,0.7994310099573257,0.7889733840304182,0.8059841047218327,0.7966021708352996,0.7952941176470589,0.7135678391959799,0.7663316582914573,0.6926952141057935,0.7329974811083123,0.743073047858942,0.7337948395217118,0.7205789804908748,0.7389937106918238,0.7289308176100628,0.7264150943396226,0.7294520547945206,0.7713310580204779,0.7106227106227107,0.7386759581881533,0.7508896797153025,0.7433862433862434,0.732568402471315,0.7476149176062445,0.7410008779631255,0.7379912663755459,0.8588709677419355,0.8968253968253969,0.8185654008438819,0.8724279835390947,0.8683127572016461,0.8646153846153846,0.854788877445932,0.8742393509127789,0.8612244897959184,0.8622448979591837,0.6661021505376344,0.7189606436181778,0.6624077004219409,0.6927074982630539,0.7068836513280958,0.6953370082686043,0.6822488076550048,0.69622563572129,0.6888089662094347,0.6852208096353295,"{'cls__algorithm': 'SAMME', 'cls__learning_rate': 0.5, 'cls__n_estimators': 10, 'cls__random_state': 42}",ada,none,simple,none,none,0.7968749024459797
71.0,79.0,81.0,79.0,84.0,323.0,315.0,313.0,315.0,310.0,79.0,67.0,79.0,75.0,70.0,291.0,303.0,291.0,295.0,300.0,35.0,26.0,43.0,31.0,32.0,132.0,141.0,124.0,136.0,135.0,213.0,226.0,194.0,212.0,211.0,843.0,830.0,862.0,844.0,845.0,0.7888888888888889,0.8293577981651377,0.7607843137254903,0.7999999999999999,0.8053435114503817,0.7994310099573257,0.7889733840304182,0.8059841047218327,0.7966021708352996,0.7952941176470589,0.7135678391959799,0.7663316582914573,0.6926952141057935,0.7329974811083123,0.743073047858942,0.7337948395217118,0.7205789804908748,0.7389937106918238,0.7289308176100628,0.7264150943396226,0.7294520547945206,0.7713310580204779,0.7106227106227107,0.7386759581881533,0.7508896797153025,0.7433862433862434,0.732568402471315,0.7476149176062445,0.7410008779631255,0.7379912663755459,0.8588709677419355,0.8968253968253969,0.8185654008438819,0.8724279835390947,0.8683127572016461,0.8646153846153846,0.854788877445932,0.8742393509127789,0.8612244897959184,0.8622448979591837,0.6661021505376344,0.7189606436181778,0.6624077004219409,0.6927074982630539,0.7068836513280958,0.6953370082686043,0.6822488076550048,0.69622563572129,0.6888089662094347,0.6852208096353295,"{'cls__algorithm': 'SAMME', 'cls__learning_rate': 0.1, 'cls__n_estimators': 50, 'cls__random_state': 42}",ada,none,simple,none,none,0.7968749024459797
71.0,79.0,81.0,78.0,84.0,323.0,313.0,313.0,314.0,308.0,79.0,67.0,79.0,76.0,70.0,291.0,305.0,291.0,296.0,302.0,35.0,26.0,43.0,31.0,32.0,132.0,140.0,124.0,135.0,134.0,213.0,226.0,194.0,212.0,211.0,843.0,831.0,862.0,845.0,846.0,0.7888888888888889,0.8293577981651377,0.7607843137254903,0.7984934086629002,0.8053435114503817,0.7994310099573257,0.7887992406264832,0.8059841047218327,0.7967939651107967,0.7951127819548871,0.7135678391959799,0.7663316582914573,0.6926952141057935,0.7304785894206549,0.743073047858942,0.7337948395217118,0.7199496538703587,0.7389937106918238,0.7289308176100628,0.7257861635220125,0.7294520547945206,0.7713310580204779,0.7106227106227107,0.7361111111111112,0.7508896797153025,0.7433862433862434,0.7315140845070423,0.7476149176062445,0.740578439964943,0.7369337979094077,0.8588709677419355,0.8968253968253969,0.8185654008438819,0.8724279835390947,0.8683127572016461,0.8646153846153846,0.8558187435633368,0.8742393509127789,0.8622448979591837,0.863265306122449,0.6661021505376344,0.7189606436181778,0.6624077004219409,0.6894607450163006,0.7068836513280958,0.6953370082686043,0.681145617736361,0.69622563572129,0.6884994981599197,0.684091669454667,"{'cls__criterion': 'entropy', 'cls__max_depth': 2, 'cls__max_features': 'log2', 'cls__random_state': 42}",rf,none,simple,none,none,0.7965735841785597
71.0,79.0,81.0,78.0,84.0,323.0,313.0,313.0,314.0,310.0,79.0,67.0,79.0,76.0,70.0,291.0,305.0,291.0,296.0,300.0,35.0,26.0,43.0,31.0,32.0,132.0,140.0,124.0,135.0,135.0,213.0,226.0,194.0,212.0,211.0,843.0,831.0,862.0,845.0,845.0,0.7888888888888889,0.8293577981651377,0.7607843137254903,0.7984934086629002,0.8053435114503817,0.7994310099573257,0.7887992406264832,0.8059841047218327,0.7967939651107967,0.7952941176470589,0.7135678391959799,0.7663316582914573,0.6926952141057935,0.7304785894206549,0.743073047858942,0.7337948395217118,0.7199496538703587,0.7389937106918238,0.7289308176100628,0.7264150943396226,0.7294520547945206,0.7713310580204779,0.7106227106227107,0.7361111111111112,0.7508896797153025,0.7433862433862434,0.7315140845070423,0.7476149176062445,0.740578439964943,0.7379912663755459,0.8588709677419355,0.8968253968253969,0.8185654008438819,0.8724279835390947,0.8683127572016461,0.8646153846153846,0.8558187435633368,0.8742393509127789,0.8622448979591837,0.8622448979591837,0.6661021505376344,0.7189606436181778,0.6624077004219409,0.6894607450163006,0.7068836513280958,0.6953370082686043,0.681145617736361,0.69622563572129,0.6884994981599197,0.6852208096353295,"{'cls__criterion': 'gini', 'cls__max_depth': 2, 'cls__max_features': 'log2', 'cls__random_state': 42}",rf,none,simple,none,none,0.7965735841785597
79.0,80.0,77.0,77.0,84.0,338.0,337.0,296.0,296.0,333.0,66.0,59.0,81.0,77.0,71.0,268.0,275.0,297.0,301.0,263.0,38.0,38.0,27.0,26.0,46.0,139.0,139.0,141.0,142.0,131.0,210.0,216.0,208.0,212.0,191.0,825.0,819.0,836.0,832.0,844.0,0.8015267175572519,0.8166351606805293,0.7938931297709925,0.8045540796963947,0.7655310621242486,0.8021390374331551,0.7982456140350878,0.7924170616113744,0.789748457522544,0.8107588856868395,0.7353689567430025,0.7531806615776081,0.7251908396946565,0.7372448979591837,0.701530612244898,0.740764331210191,0.7363057324840764,0.7210191082802547,0.7180140038192234,0.7492043284532145,0.7608695652173914,0.7854545454545454,0.7197231833910035,0.7335640138408305,0.7290076335877863,0.7548032936870998,0.7486288848263254,0.7378640776699029,0.7343336275375111,0.7624209575429087,0.8467741935483871,0.8503937007874016,0.8851063829787233,0.8907563025210085,0.8059071729957806,0.8558091286307054,0.8549060542797495,0.8556806550665302,0.8542094455852156,0.8656410256410256,0.6958008898776418,0.7129666345663627,0.686224077565311,0.6953781512605042,0.6739213284333743,0.7067824521041315,0.7027798245254957,0.6774187423730629,0.6750109204475492,0.7121829289278954,"{'cls__hidden_layer_sizes': (100,), 'cls__learning_rate': 'adaptive', 'cls__learning_rate_init': 1e-05, 'cls__max_iter': 1000, 'cls__n_iter_no_change': 5, 'cls__random_state': 42}",mlp,lof,simple,none,none,0.7964280299658835
71.0,70.0,77.0,77.0,78.0,302.0,303.0,296.0,296.0,295.0,74.0,69.0,81.0,77.0,77.0,304.0,309.0,297.0,301.0,301.0,36.0,33.0,27.0,26.0,46.0,132.0,135.0,141.0,142.0,122.0,212.0,221.0,208.0,212.0,191.0,832.0,823.0,836.0,832.0,853.0,0.7940074906367041,0.8125000000000001,0.7938931297709925,0.8045540796963947,0.7564356435643566,0.7923809523809525,0.7875598086124401,0.7924170616113744,0.789748457522544,0.8013151714419915,0.7201017811704835,0.7404580152671756,0.7251908396946565,0.7372448979591837,0.6862244897959183,0.7222929936305732,0.7171974522292993,0.7210191082802547,0.7180140038192234,0.7307447485677913,0.7412587412587412,0.7620689655172413,0.7197231833910035,0.7335640138408305,0.7126865671641791,0.7323943661971831,0.7270318021201413,0.7378640776699029,0.7343336275375111,0.7391681109185442,0.8548387096774194,0.8700787401574803,0.8851063829787233,0.8907563025210085,0.8059071729957806,0.8630705394190872,0.8590814196242171,0.8556806550665302,0.8542094455852156,0.8748717948717949,0.6722469410456062,0.6868379312298193,0.686224077565311,0.6953781512605042,0.6545664897236968,0.6807101872012928,0.6770897294199517,0.6774187423730629,0.6750109204475492,0.6849191189124075,"{'cls__hidden_layer_sizes': (100,), 'cls__learning_rate': 'adaptive', 'cls__learning_rate_init': 1e-05, 'cls__max_iter': 1000, 'cls__n_iter_no_change': 5, 'cls__random_state': 42}",mlp,lof,simple,standard,none,0.7922780687336897
70.0,74.0,77.0,75.0,84.0,311.0,306.0,303.0,305.0,296.0,80.0,72.0,83.0,79.0,70.0,303.0,312.0,301.0,305.0,314.0,36.0,26.0,45.0,31.0,30.0,134.0,142.0,123.0,137.0,138.0,212.0,226.0,192.0,212.0,213.0,841.0,829.0,863.0,843.0,842.0,0.7851851851851852,0.8218181818181819,0.7500000000000001,0.7940074906367041,0.8098859315589354,0.7937706465313827,0.7850378787878787,0.8027906976744186,0.7922932330827067,0.7883895131086143,0.7085427135678392,0.7537688442211056,0.6775818639798489,0.7229219143576826,0.7481108312342569,0.7249842668344871,0.7142857142857143,0.7333333333333333,0.7220125786163522,0.7157232704402515,0.726027397260274,0.7583892617449665,0.6981818181818182,0.7285223367697594,0.7526501766784452,0.7351398601398601,0.726555652936021,0.7414089347079038,0.7343205574912892,0.7283737024221453,0.8548387096774194,0.8968253968253969,0.810126582278481,0.8724279835390947,0.8765432098765432,0.8625641025641025,0.8537590113285273,0.8752535496957403,0.860204081632653,0.8591836734693877,0.6607526881720431,0.701837355946945,0.6456882911392404,0.6797204852760408,0.7109988776655443,0.6845393802722792,0.6744523211982442,0.6884545894174066,0.6801020408163265,0.6722147875543659,"{'cls__hidden_layer_sizes': (100,), 'cls__learning_rate': 'adaptive', 'cls__learning_rate_init': 1e-05, 'cls__max_iter': 1000, 'cls__n_iter_no_change': 5, 'cls__random_state': 42}",mlp,none,simple,standard,none,0.7921793578398013
72.0,71.0,36.0,72.0,32.0,334.0,289.0,127.0,288.0,131.0,78.0,75.0,124.0,82.0,122.0,280.0,329.0,477.0,322.0,479.0,40.0,25.0,12.0,37.0,5.0,154.0,154.0,18.0,142.0,25.0,208.0,227.0,225.0,206.0,238.0,821.0,817.0,968.0,838.0,955.0,0.7790262172284644,0.8194945848375451,0.7679180887372014,0.775894538606403,0.7893864013266998,0.7909441233140656,0.771846953235711,0.7963800904977376,0.7831775700934579,0.7912178956089478,0.7035175879396985,0.7487437185929648,0.6574307304785895,0.7002518891687658,0.6801007556675063,0.7268722466960352,0.6960352422907489,0.6886792452830188,0.7081761006289308,0.6830188679245283,0.7272727272727273,0.7516556291390728,0.6446991404011462,0.7152777777777778,0.6611111111111111,0.745685740236149,0.712914485165794,0.6698961937716263,0.7224137931034482,0.6659693165969317,0.8387096774193549,0.9007936507936508,0.9493670886075949,0.8477366255144033,0.9794238683127572,0.8420512820512821,0.8414006179196705,0.9817444219066938,0.8551020408163266,0.9744897959183674,0.6593548387096775,0.6935475103283322,0.5871835443037975,0.6576345465234354,0.5936080380524824,0.6930126117096802,0.6545190791863724,0.5960046612844727,0.6636165941786552,0.5946219471395116,"{'cls__algorithm': 'SAMME', 'cls__learning_rate': 0.1, 'cls__n_estimators': 10, 'cls__random_state': 42}",ada,none,simple,none,none,0.7863439661472628
16.0,30.0,36.0,27.0,0.0,92.0,122.0,116.0,125.0,0.0,129.0,109.0,122.0,127.0,155.0,514.0,490.0,477.0,472.0,596.0,2.0,9.0,3.0,4.0,0.0,12.0,14.0,20.0,19.0,0.0,246.0,245.0,232.0,234.0,237.0,952.0,944.0,957.0,955.0,975.0,0.7897271268057786,0.805921052631579,0.7877758913412564,0.7813021702838063,0.753577106518283,0.7835390946502058,0.7892976588628763,0.7938614682704274,0.7955018742190755,0.7659073055773762,0.6666666666666666,0.6997455470737913,0.6819338422391857,0.6658163265306123,0.6045918367346939,0.664968152866242,0.6789808917197452,0.6834394904458598,0.6874602164226608,0.6206238064926798,0.656,0.692090395480226,0.655367231638418,0.6481994459833795,0.6045918367346939,0.6493860845839018,0.6582984658298466,0.6673640167364017,0.6692361597757533,0.6206238064926798,0.9919354838709677,0.9645669291338582,0.9872340425531915,0.9831932773109243,1.0,0.9875518672199171,0.9853862212943633,0.9795291709314228,0.9804928131416838,1.0,0.5511401557285873,0.5901971336316774,0.6075410719095071,0.5792589763177998,0.5,0.5696835243690345,0.5923663132615606,0.5875723426326591,0.5949365238237732,0.5,"{'cls__algorithm': 'SAMME', 'cls__learning_rate': 0.1, 'cls__n_estimators': 10, 'cls__random_state': 42}",ada,lof,simple,none,none,0.7836606695161407
62.0,32.0,77.0,35.0,33.0,286.0,122.0,303.0,119.0,121.0,88.0,114.0,83.0,119.0,121.0,328.0,496.0,301.0,491.0,489.0,35.0,3.0,45.0,8.0,3.0,122.0,28.0,123.0,23.0,28.0,213.0,249.0,192.0,235.0,240.0,853.0,943.0,863.0,957.0,952.0,0.7759562841530055,0.8097560975609757,0.7500000000000001,0.7872696817420436,0.7947019867549668,0.7912801484230056,0.7825726141078838,0.8027906976744186,0.7883031301482701,0.7864518793886823,0.6909547738693468,0.7060301507537688,0.6775818639798489,0.6801007556675063,0.6876574307304786,0.7168030207677785,0.6702328508495909,0.7333333333333333,0.6767295597484276,0.6748427672955974,0.707641196013289,0.6859504132231405,0.6981818181818182,0.6638418079096046,0.6648199445983379,0.7222692633361558,0.655316191799861,0.7414089347079038,0.6609116022099447,0.6606523247744622,0.8588709677419355,0.9880952380952381,0.810126582278481,0.9670781893004116,0.9876543209876543,0.8748717948717949,0.9711637487126673,0.8752535496957403,0.976530612244898,0.9714285714285714,0.6361021505376344,0.6036366601435095,0.6456882911392404,0.5971754582865694,0.6009700176366843,0.6703349202372003,0.5842873759744567,0.6884545894174066,0.5858062897290064,0.5848946135831382,"{'cls__hidden_layer_sizes': (100,), 'cls__learning_rate': 'adaptive', 'cls__learning_rate_init': 1e-05, 'cls__max_iter': 1000, 'cls__n_iter_no_change': 5, 'cls__random_state': 42}",mlp,none,simple,minmax,none,0.7835368100421983
71.0,61.0,34.0,24.0,75.0,302.0,280.0,120.0,130.0,266.0,74.0,78.0,124.0,130.0,80.0,304.0,332.0,473.0,467.0,330.0,36.0,32.0,4.0,5.0,44.0,132.0,125.0,27.0,26.0,113.0,212.0,222.0,231.0,233.0,193.0,832.0,833.0,950.0,948.0,862.0,0.7940074906367041,0.8014440433212997,0.7830508474576272,0.7753743760399335,0.7568627450980392,0.7923809523809525,0.7847385774846916,0.7916666666666666,0.7936375052323147,0.7955699123211813,0.7201017811704835,0.7201017811704835,0.6743002544529262,0.6556122448979592,0.6836734693877551,0.7222929936305732,0.7089171974522293,0.6815286624203821,0.686187141947804,0.7180140038192234,0.7412587412587412,0.74,0.6507042253521127,0.6418732782369146,0.706959706959707,0.7323943661971831,0.7150214592274678,0.6676036542515812,0.669964664310954,0.7231543624161074,0.8548387096774194,0.8740157480314961,0.9829787234042553,0.9789915966386554,0.8143459915611815,0.8630705394190872,0.8695198329853863,0.9723643807574207,0.973305954825462,0.884102564102564,0.6722469410456062,0.6564323344474028,0.5990842984109884,0.5674178762414057,0.6491084796515585,0.6807101872012928,0.6635180864273337,0.587362628827277,0.5955306993557796,0.6652056444673894,"{'cls__hidden_layer_sizes': (100,), 'cls__learning_rate': 'adaptive', 'cls__learning_rate_init': 1e-05, 'cls__max_iter': 1000, 'cls__n_iter_no_change': 5, 'cls__random_state': 42}",mlp,lof,simple,minmax,none,0.7821479005107207
0.0,0.0,0.0,0.0,0.0,0.0,0.0,0.0,0.0,0.0,88.0,100.0,96.0,109.0,104.0,409.0,397.0,401.0,388.0,393.0,0.0,0.0,0.0,0.0,0.0,0.0,0.0,0.0,0.0,0.0,183.0,171.0,174.0,161.0,166.0,672.0,684.0,681.0,694.0,689.0,0.8061674008810572,0.7737556561085972,0.7837837837837839,0.7470997679814385,0.761467889908257,0.7666856816885339,0.7750708215297452,0.7725467952353943,0.7815315315315315,0.7780914737436476,0.6752767527675276,0.6309963099630996,0.6444444444444445,0.5962962962962963,0.6148148148148148,0.6216466234967623,0.6327474560592045,0.6293900184842883,0.6414048059149723,0.6367837338262476,0.6752767527675276,0.6309963099630996,0.6444444444444445,0.5962962962962963,0.6148148148148148,0.6216466234967623,0.6327474560592045,0.6293900184842883,0.6414048059149723,0.6367837338262476,1.0,1.0,1.0,1.0,1.0,1.0,1.0,1.0,1.0,1.0,0.5,0.5,0.5,0.5,0.5,0.5,0.5,0.5,0.5,0.5,"{'cls__hidden_layer_sizes': (100,), 'cls__learning_rate': 'adaptive', 'cls__learning_rate_init': 1e-05, 'cls__max_iter': 1000, 'cls__n_iter_no_change': 5, 'cls__random_state': 42}",mlp,iforest,simple,none,none,0.7744548997326267
0.0,0.0,0.0,0.0,0.0,0.0,0.0,0.0,0.0,0.0,88.0,100.0,96.0,109.0,104.0,409.0,397.0,401.0,388.0,393.0,0.0,0.0,0.0,0.0,0.0,0.0,0.0,0.0,0.0,0.0,183.0,171.0,174.0,161.0,166.0,672.0,684.0,681.0,694.0,689.0,0.8061674008810572,0.7737556561085972,0.7837837837837839,0.7470997679814385,0.761467889908257,0.7666856816885339,0.7750708215297452,0.7725467952353943,0.7815315315315315,0.7780914737436476,0.6752767527675276,0.6309963099630996,0.6444444444444445,0.5962962962962963,0.6148148148148148,0.6216466234967623,0.6327474560592045,0.6293900184842883,0.6414048059149723,0.6367837338262476,0.6752767527675276,0.6309963099630996,0.6444444444444445,0.5962962962962963,0.6148148148148148,0.6216466234967623,0.6327474560592045,0.6293900184842883,0.6414048059149723,0.6367837338262476,1.0,1.0,1.0,1.0,1.0,1.0,1.0,1.0,1.0,1.0,0.5,0.5,0.5,0.5,0.5,0.5,0.5,0.5,0.5,0.5,"{'cls__hidden_layer_sizes': (100,), 'cls__learning_rate': 'adaptive', 'cls__learning_rate_init': 1e-05, 'cls__max_iter': 1000, 'cls__n_iter_no_change': 5, 'cls__random_state': 42}",mlp,iforest,simple,minmax,none,0.7744548997326267
27.0,36.0,38.0,48.0,38.0,160.0,151.0,149.0,139.0,149.0,61.0,64.0,58.0,61.0,66.0,249.0,246.0,252.0,249.0,244.0,29.0,27.0,22.0,19.0,29.0,97.0,99.0,104.0,107.0,97.0,154.0,144.0,152.0,142.0,137.0,575.0,585.0,577.0,587.0,592.0,0.7738693467336685,0.7598944591029023,0.7916666666666667,0.7802197802197803,0.7425474254742548,0.7687165775401069,0.7722772277227722,0.7642384105960264,0.7673202614379084,0.7763934426229507,0.6678966789667896,0.6642066420664207,0.7037037037037037,0.7037037037037037,0.6481481481481481,0.6799259944495837,0.6808510638297872,0.6709796672828097,0.6709796672828097,0.6848428835489834,0.7162790697674418,0.6923076923076923,0.7238095238095238,0.6995073891625616,0.6748768472906403,0.6978155339805825,0.703971119133574,0.6960193003618818,0.7021531100478469,0.7081339712918661,0.8415300546448088,0.8421052631578947,0.8735632183908046,0.8819875776397516,0.8253012048192772,0.8556547619047619,0.8552631578947368,0.8472834067547724,0.845821325648415,0.8592162554426706,0.5741741182314952,0.6010526315789473,0.634698275862069,0.661177275058408,0.5953429101019463,0.6234264029572709,0.6178079013655045,0.6094272395369872,0.6020343741644136,0.6191755577467806,"{'cls__hidden_layer_sizes': (100,), 'cls__learning_rate': 'adaptive', 'cls__learning_rate_init': 1e-05, 'cls__max_iter': 1000, 'cls__n_iter_no_change': 5, 'cls__random_state': 42, 'os__random_state': 42}",mlp,iforest,simple,none,smote,0.7696395356394545
27.0,36.0,38.0,48.0,38.0,160.0,151.0,149.0,139.0,149.0,61.0,64.0,58.0,61.0,66.0,249.0,246.0,252.0,249.0,244.0,29.0,27.0,22.0,19.0,29.0,97.0,99.0,104.0,107.0,97.0,154.0,144.0,152.0,142.0,137.0,575.0,585.0,577.0,587.0,592.0,0.7738693467336685,0.7598944591029023,0.7916666666666667,0.7802197802197803,0.7425474254742548,0.7687165775401069,0.7722772277227722,0.7642384105960264,0.7673202614379084,0.7763934426229507,0.6678966789667896,0.6642066420664207,0.7037037037037037,0.7037037037037037,0.6481481481481481,0.6799259944495837,0.6808510638297872,0.6709796672828097,0.6709796672828097,0.6848428835489834,0.7162790697674418,0.6923076923076923,0.7238095238095238,0.6995073891625616,0.6748768472906403,0.6978155339805825,0.703971119133574,0.6960193003618818,0.7021531100478469,0.7081339712918661,0.8415300546448088,0.8421052631578947,0.8735632183908046,0.8819875776397516,0.8253012048192772,0.8556547619047619,0.8552631578947368,0.8472834067547724,0.845821325648415,0.8592162554426706,0.5741741182314952,0.6010526315789473,0.634698275862069,0.661177275058408,0.5953429101019463,0.6234264029572709,0.6178079013655045,0.6094272395369872,0.6020343741644136,0.6191755577467806,"{'cls__algorithm': 'SAMME', 'cls__learning_rate': 0.1, 'cls__n_estimators': 50, 'cls__random_state': 42}",ada,iforest,simple,none,none,0.7696395356394545
27.0,36.0,38.0,48.0,38.0,160.0,151.0,149.0,139.0,149.0,61.0,64.0,58.0,61.0,66.0,249.0,246.0,252.0,249.0,244.0,29.0,27.0,22.0,19.0,29.0,97.0,99.0,104.0,107.0,97.0,154.0,144.0,152.0,142.0,137.0,575.0,585.0,577.0,587.0,592.0,0.7738693467336685,0.7598944591029023,0.7916666666666667,0.7802197802197803,0.7425474254742548,0.7687165775401069,0.7722772277227722,0.7642384105960264,0.7673202614379084,0.7763934426229507,0.6678966789667896,0.6642066420664207,0.7037037037037037,0.7037037037037037,0.6481481481481481,0.6799259944495837,0.6808510638297872,0.6709796672828097,0.6709796672828097,0.6848428835489834,0.7162790697674418,0.6923076923076923,0.7238095238095238,0.6995073891625616,0.6748768472906403,0.6978155339805825,0.703971119133574,0.6960193003618818,0.7021531100478469,0.7081339712918661,0.8415300546448088,0.8421052631578947,0.8735632183908046,0.8819875776397516,0.8253012048192772,0.8556547619047619,0.8552631578947368,0.8472834067547724,0.845821325648415,0.8592162554426706,0.5741741182314952,0.6010526315789473,0.634698275862069,0.661177275058408,0.5953429101019463,0.6234264029572709,0.6178079013655045,0.6094272395369872,0.6020343741644136,0.6191755577467806,"{'cls__hidden_layer_sizes': (100,), 'cls__learning_rate': 'adaptive', 'cls__learning_rate_init': 1e-05, 'cls__max_iter': 1000, 'cls__n_iter_no_change': 5, 'cls__random_state': 42, 'os__random_state': 42}",mlp,iforest,simple,standard,smote,0.7696395356394545
27.0,36.0,38.0,48.0,38.0,160.0,151.0,149.0,139.0,149.0,61.0,64.0,58.0,61.0,66.0,249.0,246.0,252.0,249.0,244.0,29.0,27.0,22.0,19.0,29.0,97.0,99.0,104.0,107.0,97.0,154.0,144.0,152.0,142.0,137.0,575.0,585.0,577.0,587.0,592.0,0.7738693467336685,0.7598944591029023,0.7916666666666667,0.7802197802197803,0.7425474254742548,0.7687165775401069,0.7722772277227722,0.7642384105960264,0.7673202614379084,0.7763934426229507,0.6678966789667896,0.6642066420664207,0.7037037037037037,0.7037037037037037,0.6481481481481481,0.6799259944495837,0.6808510638297872,0.6709796672828097,0.6709796672828097,0.6848428835489834,0.7162790697674418,0.6923076923076923,0.7238095238095238,0.6995073891625616,0.6748768472906403,0.6978155339805825,0.703971119133574,0.6960193003618818,0.7021531100478469,0.7081339712918661,0.8415300546448088,0.8421052631578947,0.8735632183908046,0.8819875776397516,0.8253012048192772,0.8556547619047619,0.8552631578947368,0.8472834067547724,0.845821325648415,0.8592162554426706,0.5741741182314952,0.6010526315789473,0.634698275862069,0.661177275058408,0.5953429101019463,0.6234264029572709,0.6178079013655045,0.6094272395369872,0.6020343741644136,0.6191755577467806,"{'cls__C': 0.1, 'cls__probability': True, 'cls__random_state': 42}",svc,iforest,simple,none,none,0.7696395356394545
27.0,36.0,38.0,48.0,38.0,160.0,151.0,149.0,139.0,149.0,61.0,64.0,58.0,61.0,66.0,249.0,246.0,252.0,249.0,244.0,29.0,27.0,22.0,19.0,29.0,97.0,99.0,104.0,107.0,97.0,154.0,144.0,152.0,142.0,137.0,575.0,585.0,577.0,587.0,592.0,0.7738693467336685,0.7598944591029023,0.7916666666666667,0.7802197802197803,0.7425474254742548,0.7687165775401069,0.7722772277227722,0.7642384105960264,0.7673202614379084,0.7763934426229507,0.6678966789667896,0.6642066420664207,0.7037037037037037,0.7037037037037037,0.6481481481481481,0.6799259944495837,0.6808510638297872,0.6709796672828097,0.6709796672828097,0.6848428835489834,0.7162790697674418,0.6923076923076923,0.7238095238095238,0.6995073891625616,0.6748768472906403,0.6978155339805825,0.703971119133574,0.6960193003618818,0.7021531100478469,0.7081339712918661,0.8415300546448088,0.8421052631578947,0.8735632183908046,0.8819875776397516,0.8253012048192772,0.8556547619047619,0.8552631578947368,0.8472834067547724,0.845821325648415,0.8592162554426706,0.5741741182314952,0.6010526315789473,0.634698275862069,0.661177275058408,0.5953429101019463,0.6234264029572709,0.6178079013655045,0.6094272395369872,0.6020343741644136,0.6191755577467806,"{'cls__C': 1, 'cls__probability': True, 'cls__random_state': 42}",svc,iforest,simple,none,none,0.7696395356394545
27.0,36.0,38.0,48.0,38.0,160.0,151.0,149.0,139.0,149.0,61.0,64.0,58.0,61.0,66.0,249.0,246.0,252.0,249.0,244.0,29.0,27.0,22.0,19.0,29.0,97.0,99.0,104.0,107.0,97.0,154.0,144.0,152.0,142.0,137.0,575.0,585.0,577.0,587.0,592.0,0.7738693467336685,0.7598944591029023,0.7916666666666667,0.7802197802197803,0.7425474254742548,0.7687165775401069,0.7722772277227722,0.7642384105960264,0.7673202614379084,0.7763934426229507,0.6678966789667896,0.6642066420664207,0.7037037037037037,0.7037037037037037,0.6481481481481481,0.6799259944495837,0.6808510638297872,0.6709796672828097,0.6709796672828097,0.6848428835489834,0.7162790697674418,0.6923076923076923,0.7238095238095238,0.6995073891625616,0.6748768472906403,0.6978155339805825,0.703971119133574,0.6960193003618818,0.7021531100478469,0.7081339712918661,0.8415300546448088,0.8421052631578947,0.8735632183908046,0.8819875776397516,0.8253012048192772,0.8556547619047619,0.8552631578947368,0.8472834067547724,0.845821325648415,0.8592162554426706,0.5741741182314952,0.6010526315789473,0.634698275862069,0.661177275058408,0.5953429101019463,0.6234264029572709,0.6178079013655045,0.6094272395369872,0.6020343741644136,0.6191755577467806,"{'cls__C': 10, 'cls__probability': True, 'cls__random_state': 42}",svc,iforest,simple,none,none,0.7696395356394545
27.0,36.0,38.0,48.0,38.0,160.0,151.0,149.0,139.0,149.0,61.0,64.0,58.0,61.0,66.0,249.0,246.0,252.0,249.0,244.0,29.0,27.0,22.0,19.0,29.0,97.0,99.0,104.0,107.0,97.0,154.0,144.0,152.0,142.0,137.0,575.0,585.0,577.0,587.0,592.0,0.7738693467336685,0.7598944591029023,0.7916666666666667,0.7802197802197803,0.7425474254742548,0.7687165775401069,0.7722772277227722,0.7642384105960264,0.7673202614379084,0.7763934426229507,0.6678966789667896,0.6642066420664207,0.7037037037037037,0.7037037037037037,0.6481481481481481,0.6799259944495837,0.6808510638297872,0.6709796672828097,0.6709796672828097,0.6848428835489834,0.7162790697674418,0.6923076923076923,0.7238095238095238,0.6995073891625616,0.6748768472906403,0.6978155339805825,0.703971119133574,0.6960193003618818,0.7021531100478469,0.7081339712918661,0.8415300546448088,0.8421052631578947,0.8735632183908046,0.8819875776397516,0.8253012048192772,0.8556547619047619,0.8552631578947368,0.8472834067547724,0.845821325648415,0.8592162554426706,0.5741741182314952,0.6010526315789473,0.634698275862069,0.661177275058408,0.5953429101019463,0.6234264029572709,0.6178079013655045,0.6094272395369872,0.6020343741644136,0.6191755577467806,"{'cls__criterion': 'gini', 'cls__max_depth': 2, 'cls__max_features': 'log2', 'cls__random_state': 42}",rf,iforest,simple,none,none,0.7696395356394545
27.0,36.0,38.0,48.0,38.0,160.0,151.0,149.0,139.0,149.0,61.0,64.0,58.0,61.0,66.0,249.0,246.0,252.0,249.0,244.0,29.0,27.0,22.0,19.0,29.0,97.0,99.0,104.0,107.0,97.0,154.0,144.0,152.0,142.0,137.0,575.0,585.0,577.0,587.0,592.0,0.7738693467336685,0.7598944591029023,0.7916666666666667,0.7802197802197803,0.7425474254742548,0.7687165775401069,0.7722772277227722,0.7642384105960264,0.7673202614379084,0.7763934426229507,0.6678966789667896,0.6642066420664207,0.7037037037037037,0.7037037037037037,0.6481481481481481,0.6799259944495837,0.6808510638297872,0.6709796672828097,0.6709796672828097,0.6848428835489834,0.7162790697674418,0.6923076923076923,0.7238095238095238,0.6995073891625616,0.6748768472906403,0.6978155339805825,0.703971119133574,0.6960193003618818,0.7021531100478469,0.7081339712918661,0.8415300546448088,0.8421052631578947,0.8735632183908046,0.8819875776397516,0.8253012048192772,0.8556547619047619,0.8552631578947368,0.8472834067547724,0.845821325648415,0.8592162554426706,0.5741741182314952,0.6010526315789473,0.634698275862069,0.661177275058408,0.5953429101019463,0.6234264029572709,0.6178079013655045,0.6094272395369872,0.6020343741644136,0.6191755577467806,"{'cls__criterion': 'gini', 'cls__max_depth': 4, 'cls__max_features': 'log2', 'cls__random_state': 42}",rf,iforest,simple,none,none,0.7696395356394545
27.0,36.0,38.0,48.0,38.0,160.0,151.0,149.0,139.0,149.0,61.0,64.0,58.0,61.0,66.0,249.0,246.0,252.0,249.0,244.0,29.0,27.0,22.0,19.0,29.0,97.0,99.0,104.0,107.0,97.0,154.0,144.0,152.0,142.0,137.0,575.0,585.0,577.0,587.0,592.0,0.7738693467336685,0.7598944591029023,0.7916666666666667,0.7802197802197803,0.7425474254742548,0.7687165775401069,0.7722772277227722,0.7642384105960264,0.7673202614379084,0.7763934426229507,0.6678966789667896,0.6642066420664207,0.7037037037037037,0.7037037037037037,0.6481481481481481,0.6799259944495837,0.6808510638297872,0.6709796672828097,0.6709796672828097,0.6848428835489834,0.7162790697674418,0.6923076923076923,0.7238095238095238,0.6995073891625616,0.6748768472906403,0.6978155339805825,0.703971119133574,0.6960193003618818,0.7021531100478469,0.7081339712918661,0.8415300546448088,0.8421052631578947,0.8735632183908046,0.8819875776397516,0.8253012048192772,0.8556547619047619,0.8552631578947368,0.8472834067547724,0.845821325648415,0.8592162554426706,0.5741741182314952,0.6010526315789473,0.634698275862069,0.661177275058408,0.5953429101019463,0.6234264029572709,0.6178079013655045,0.6094272395369872,0.6020343741644136,0.6191755577467806,"{'cls__criterion': 'entropy', 'cls__max_depth': 2, 'cls__max_features': 'log2', 'cls__random_state': 42}",rf,iforest,simple,none,none,0.7696395356394545
27.0,36.0,38.0,48.0,38.0,160.0,151.0,149.0,139.0,149.0,61.0,64.0,58.0,61.0,66.0,249.0,246.0,252.0,249.0,244.0,29.0,27.0,22.0,19.0,29.0,97.0,99.0,104.0,107.0,97.0,154.0,144.0,152.0,142.0,137.0,575.0,585.0,577.0,587.0,592.0,0.7738693467336685,0.7598944591029023,0.7916666666666667,0.7802197802197803,0.7425474254742548,0.7687165775401069,0.7722772277227722,0.7642384105960264,0.7673202614379084,0.7763934426229507,0.6678966789667896,0.6642066420664207,0.7037037037037037,0.7037037037037037,0.6481481481481481,0.6799259944495837,0.6808510638297872,0.6709796672828097,0.6709796672828097,0.6848428835489834,0.7162790697674418,0.6923076923076923,0.7238095238095238,0.6995073891625616,0.6748768472906403,0.6978155339805825,0.703971119133574,0.6960193003618818,0.7021531100478469,0.7081339712918661,0.8415300546448088,0.8421052631578947,0.8735632183908046,0.8819875776397516,0.8253012048192772,0.8556547619047619,0.8552631578947368,0.8472834067547724,0.845821325648415,0.8592162554426706,0.5741741182314952,0.6010526315789473,0.634698275862069,0.661177275058408,0.5953429101019463,0.6234264029572709,0.6178079013655045,0.6094272395369872,0.6020343741644136,0.6191755577467806,"{'cls__criterion': 'entropy', 'cls__max_depth': 4, 'cls__max_features': 'log2', 'cls__random_state': 42}",rf,iforest,simple,none,none,0.7696395356394545
27.0,36.0,38.0,48.0,38.0,160.0,151.0,149.0,139.0,149.0,61.0,64.0,58.0,61.0,66.0,249.0,246.0,252.0,249.0,244.0,29.0,27.0,22.0,19.0,29.0,97.0,99.0,104.0,107.0,97.0,154.0,144.0,152.0,142.0,137.0,575.0,585.0,577.0,587.0,592.0,0.7738693467336685,0.7598944591029023,0.7916666666666667,0.7802197802197803,0.7425474254742548,0.7687165775401069,0.7722772277227722,0.7642384105960264,0.7673202614379084,0.7763934426229507,0.6678966789667896,0.6642066420664207,0.7037037037037037,0.7037037037037037,0.6481481481481481,0.6799259944495837,0.6808510638297872,0.6709796672828097,0.6709796672828097,0.6848428835489834,0.7162790697674418,0.6923076923076923,0.7238095238095238,0.6995073891625616,0.6748768472906403,0.6978155339805825,0.703971119133574,0.6960193003618818,0.7021531100478469,0.7081339712918661,0.8415300546448088,0.8421052631578947,0.8735632183908046,0.8819875776397516,0.8253012048192772,0.8556547619047619,0.8552631578947368,0.8472834067547724,0.845821325648415,0.8592162554426706,0.5741741182314952,0.6010526315789473,0.634698275862069,0.661177275058408,0.5953429101019463,0.6234264029572709,0.6178079013655045,0.6094272395369872,0.6020343741644136,0.6191755577467806,"{'cls__criterion': 'entropy', 'cls__max_depth': None, 'cls__max_features': 'log2', 'cls__random_state': 42}",rf,iforest,simple,none,none,0.7696395356394545
27.0,36.0,38.0,48.0,38.0,160.0,151.0,149.0,139.0,149.0,61.0,64.0,58.0,61.0,66.0,249.0,246.0,252.0,249.0,244.0,29.0,27.0,22.0,19.0,29.0,97.0,99.0,104.0,107.0,97.0,154.0,144.0,152.0,142.0,137.0,575.0,585.0,577.0,587.0,592.0,0.7738693467336685,0.7598944591029023,0.7916666666666667,0.7802197802197803,0.7425474254742548,0.7687165775401069,0.7722772277227722,0.7642384105960264,0.7673202614379084,0.7763934426229507,0.6678966789667896,0.6642066420664207,0.7037037037037037,0.7037037037037037,0.6481481481481481,0.6799259944495837,0.6808510638297872,0.6709796672828097,0.6709796672828097,0.6848428835489834,0.7162790697674418,0.6923076923076923,0.7238095238095238,0.6995073891625616,0.6748768472906403,0.6978155339805825,0.703971119133574,0.6960193003618818,0.7021531100478469,0.7081339712918661,0.8415300546448088,0.8421052631578947,0.8735632183908046,0.8819875776397516,0.8253012048192772,0.8556547619047619,0.8552631578947368,0.8472834067547724,0.845821325648415,0.8592162554426706,0.5741741182314952,0.6010526315789473,0.634698275862069,0.661177275058408,0.5953429101019463,0.6234264029572709,0.6178079013655045,0.6094272395369872,0.6020343741644136,0.6191755577467806,"{'cls__algorithm': 'SAMME', 'cls__learning_rate': 0.1, 'cls__n_estimators': 100, 'cls__random_state': 42}",ada,iforest,simple,none,none,0.7696395356394545
27.0,36.0,38.0,48.0,38.0,160.0,151.0,149.0,139.0,149.0,61.0,64.0,58.0,61.0,66.0,249.0,246.0,252.0,249.0,244.0,29.0,27.0,22.0,19.0,29.0,97.0,99.0,104.0,107.0,97.0,154.0,144.0,152.0,142.0,137.0,575.0,585.0,577.0,587.0,592.0,0.7738693467336685,0.7598944591029023,0.7916666666666667,0.7802197802197803,0.7425474254742548,0.7687165775401069,0.7722772277227722,0.7642384105960264,0.7673202614379084,0.7763934426229507,0.6678966789667896,0.6642066420664207,0.7037037037037037,0.7037037037037037,0.6481481481481481,0.6799259944495837,0.6808510638297872,0.6709796672828097,0.6709796672828097,0.6848428835489834,0.7162790697674418,0.6923076923076923,0.7238095238095238,0.6995073891625616,0.6748768472906403,0.6978155339805825,0.703971119133574,0.6960193003618818,0.7021531100478469,0.7081339712918661,0.8415300546448088,0.8421052631578947,0.8735632183908046,0.8819875776397516,0.8253012048192772,0.8556547619047619,0.8552631578947368,0.8472834067547724,0.845821325648415,0.8592162554426706,0.5741741182314952,0.6010526315789473,0.634698275862069,0.661177275058408,0.5953429101019463,0.6234264029572709,0.6178079013655045,0.6094272395369872,0.6020343741644136,0.6191755577467806,"{'cls__algorithm': 'SAMME', 'cls__learning_rate': 0.5, 'cls__n_estimators': 10, 'cls__random_state': 42}",ada,iforest,simple,none,none,0.7696395356394545
27.0,36.0,38.0,48.0,38.0,160.0,151.0,149.0,139.0,149.0,61.0,64.0,58.0,61.0,66.0,249.0,246.0,252.0,249.0,244.0,29.0,27.0,22.0,19.0,29.0,97.0,99.0,104.0,107.0,97.0,154.0,144.0,152.0,142.0,137.0,575.0,585.0,577.0,587.0,592.0,0.7738693467336685,0.7598944591029023,0.7916666666666667,0.7802197802197803,0.7425474254742548,0.7687165775401069,0.7722772277227722,0.7642384105960264,0.7673202614379084,0.7763934426229507,0.6678966789667896,0.6642066420664207,0.7037037037037037,0.7037037037037037,0.6481481481481481,0.6799259944495837,0.6808510638297872,0.6709796672828097,0.6709796672828097,0.6848428835489834,0.7162790697674418,0.6923076923076923,0.7238095238095238,0.6995073891625616,0.6748768472906403,0.6978155339805825,0.703971119133574,0.6960193003618818,0.7021531100478469,0.7081339712918661,0.8415300546448088,0.8421052631578947,0.8735632183908046,0.8819875776397516,0.8253012048192772,0.8556547619047619,0.8552631578947368,0.8472834067547724,0.845821325648415,0.8592162554426706,0.5741741182314952,0.6010526315789473,0.634698275862069,0.661177275058408,0.5953429101019463,0.6234264029572709,0.6178079013655045,0.6094272395369872,0.6020343741644136,0.6191755577467806,"{'cls__algorithm': 'SAMME', 'cls__learning_rate': 0.5, 'cls__n_estimators': 50, 'cls__random_state': 42}",ada,iforest,simple,none,none,0.7696395356394545
27.0,36.0,38.0,48.0,38.0,160.0,151.0,149.0,139.0,149.0,61.0,64.0,58.0,61.0,66.0,249.0,246.0,252.0,249.0,244.0,29.0,27.0,22.0,19.0,29.0,97.0,99.0,104.0,107.0,97.0,154.0,144.0,152.0,142.0,137.0,575.0,585.0,577.0,587.0,592.0,0.7738693467336685,0.7598944591029023,0.7916666666666667,0.7802197802197803,0.7425474254742548,0.7687165775401069,0.7722772277227722,0.7642384105960264,0.7673202614379084,0.7763934426229507,0.6678966789667896,0.6642066420664207,0.7037037037037037,0.7037037037037037,0.6481481481481481,0.6799259944495837,0.6808510638297872,0.6709796672828097,0.6709796672828097,0.6848428835489834,0.7162790697674418,0.6923076923076923,0.7238095238095238,0.6995073891625616,0.6748768472906403,0.6978155339805825,0.703971119133574,0.6960193003618818,0.7021531100478469,0.7081339712918661,0.8415300546448088,0.8421052631578947,0.8735632183908046,0.8819875776397516,0.8253012048192772,0.8556547619047619,0.8552631578947368,0.8472834067547724,0.845821325648415,0.8592162554426706,0.5741741182314952,0.6010526315789473,0.634698275862069,0.661177275058408,0.5953429101019463,0.6234264029572709,0.6178079013655045,0.6094272395369872,0.6020343741644136,0.6191755577467806,"{'cls__algorithm': 'SAMME', 'cls__learning_rate': 0.5, 'cls__n_estimators': 100, 'cls__random_state': 42}",ada,iforest,simple,none,none,0.7696395356394545
27.0,36.0,38.0,48.0,38.0,160.0,151.0,149.0,139.0,149.0,61.0,64.0,58.0,61.0,66.0,249.0,246.0,252.0,249.0,244.0,29.0,27.0,22.0,19.0,29.0,97.0,99.0,104.0,107.0,97.0,154.0,144.0,152.0,142.0,137.0,575.0,585.0,577.0,587.0,592.0,0.7738693467336685,0.7598944591029023,0.7916666666666667,0.7802197802197803,0.7425474254742548,0.7687165775401069,0.7722772277227722,0.7642384105960264,0.7673202614379084,0.7763934426229507,0.6678966789667896,0.6642066420664207,0.7037037037037037,0.7037037037037037,0.6481481481481481,0.6799259944495837,0.6808510638297872,0.6709796672828097,0.6709796672828097,0.6848428835489834,0.7162790697674418,0.6923076923076923,0.7238095238095238,0.6995073891625616,0.6748768472906403,0.6978155339805825,0.703971119133574,0.6960193003618818,0.7021531100478469,0.7081339712918661,0.8415300546448088,0.8421052631578947,0.8735632183908046,0.8819875776397516,0.8253012048192772,0.8556547619047619,0.8552631578947368,0.8472834067547724,0.845821325648415,0.8592162554426706,0.5741741182314952,0.6010526315789473,0.634698275862069,0.661177275058408,0.5953429101019463,0.6234264029572709,0.6178079013655045,0.6094272395369872,0.6020343741644136,0.6191755577467806,"{'cls__algorithm': 'SAMME', 'cls__learning_rate': 1.0, 'cls__n_estimators': 10, 'cls__random_state': 42}",ada,iforest,simple,none,none,0.7696395356394545
27.0,36.0,38.0,48.0,38.0,160.0,151.0,149.0,139.0,149.0,61.0,64.0,58.0,61.0,66.0,249.0,246.0,252.0,249.0,244.0,29.0,27.0,22.0,19.0,29.0,97.0,99.0,104.0,107.0,97.0,154.0,144.0,152.0,142.0,137.0,575.0,585.0,577.0,587.0,592.0,0.7738693467336685,0.7598944591029023,0.7916666666666667,0.7802197802197803,0.7425474254742548,0.7687165775401069,0.7722772277227722,0.7642384105960264,0.7673202614379084,0.7763934426229507,0.6678966789667896,0.6642066420664207,0.7037037037037037,0.7037037037037037,0.6481481481481481,0.6799259944495837,0.6808510638297872,0.6709796672828097,0.6709796672828097,0.6848428835489834,0.7162790697674418,0.6923076923076923,0.7238095238095238,0.6995073891625616,0.6748768472906403,0.6978155339805825,0.703971119133574,0.6960193003618818,0.7021531100478469,0.7081339712918661,0.8415300546448088,0.8421052631578947,0.8735632183908046,0.8819875776397516,0.8253012048192772,0.8556547619047619,0.8552631578947368,0.8472834067547724,0.845821325648415,0.8592162554426706,0.5741741182314952,0.6010526315789473,0.634698275862069,0.661177275058408,0.5953429101019463,0.6234264029572709,0.6178079013655045,0.6094272395369872,0.6020343741644136,0.6191755577467806,"{'cls__algorithm': 'SAMME', 'cls__learning_rate': 1.0, 'cls__n_estimators': 50, 'cls__random_state': 42}",ada,iforest,simple,none,none,0.7696395356394545
27.0,36.0,38.0,48.0,38.0,160.0,151.0,149.0,139.0,149.0,61.0,64.0,58.0,61.0,66.0,249.0,246.0,252.0,249.0,244.0,29.0,27.0,22.0,19.0,29.0,97.0,99.0,104.0,107.0,97.0,154.0,144.0,152.0,142.0,137.0,575.0,585.0,577.0,587.0,592.0,0.7738693467336685,0.7598944591029023,0.7916666666666667,0.7802197802197803,0.7425474254742548,0.7687165775401069,0.7722772277227722,0.7642384105960264,0.7673202614379084,0.7763934426229507,0.6678966789667896,0.6642066420664207,0.7037037037037037,0.7037037037037037,0.6481481481481481,0.6799259944495837,0.6808510638297872,0.6709796672828097,0.6709796672828097,0.6848428835489834,0.7162790697674418,0.6923076923076923,0.7238095238095238,0.6995073891625616,0.6748768472906403,0.6978155339805825,0.703971119133574,0.6960193003618818,0.7021531100478469,0.7081339712918661,0.8415300546448088,0.8421052631578947,0.8735632183908046,0.8819875776397516,0.8253012048192772,0.8556547619047619,0.8552631578947368,0.8472834067547724,0.845821325648415,0.8592162554426706,0.5741741182314952,0.6010526315789473,0.634698275862069,0.661177275058408,0.5953429101019463,0.6234264029572709,0.6178079013655045,0.6094272395369872,0.6020343741644136,0.6191755577467806,"{'cls__algorithm': 'SAMME', 'cls__learning_rate': 1.0, 'cls__n_estimators': 100, 'cls__random_state': 42}",ada,iforest,simple,none,none,0.7696395356394545
27.0,36.0,38.0,48.0,38.0,160.0,151.0,149.0,139.0,149.0,61.0,64.0,58.0,61.0,66.0,249.0,246.0,252.0,249.0,244.0,29.0,27.0,22.0,19.0,29.0,97.0,99.0,104.0,107.0,97.0,154.0,144.0,152.0,142.0,137.0,575.0,585.0,577.0,587.0,592.0,0.7738693467336685,0.7598944591029023,0.7916666666666667,0.7802197802197803,0.7425474254742548,0.7687165775401069,0.7722772277227722,0.7642384105960264,0.7673202614379084,0.7763934426229507,0.6678966789667896,0.6642066420664207,0.7037037037037037,0.7037037037037037,0.6481481481481481,0.6799259944495837,0.6808510638297872,0.6709796672828097,0.6709796672828097,0.6848428835489834,0.7162790697674418,0.6923076923076923,0.7238095238095238,0.6995073891625616,0.6748768472906403,0.6978155339805825,0.703971119133574,0.6960193003618818,0.7021531100478469,0.7081339712918661,0.8415300546448088,0.8421052631578947,0.8735632183908046,0.8819875776397516,0.8253012048192772,0.8556547619047619,0.8552631578947368,0.8472834067547724,0.845821325648415,0.8592162554426706,0.5741741182314952,0.6010526315789473,0.634698275862069,0.661177275058408,0.5953429101019463,0.6234264029572709,0.6178079013655045,0.6094272395369872,0.6020343741644136,0.6191755577467806,{},nb,iforest,simple,none,none,0.7696395356394545
27.0,36.0,38.0,48.0,38.0,160.0,151.0,149.0,139.0,149.0,61.0,64.0,58.0,61.0,66.0,249.0,246.0,252.0,249.0,244.0,29.0,27.0,22.0,19.0,29.0,97.0,99.0,104.0,107.0,97.0,154.0,144.0,152.0,142.0,137.0,575.0,585.0,577.0,587.0,592.0,0.7738693467336685,0.7598944591029023,0.7916666666666667,0.7802197802197803,0.7425474254742548,0.7687165775401069,0.7722772277227722,0.7642384105960264,0.7673202614379084,0.7763934426229507,0.6678966789667896,0.6642066420664207,0.7037037037037037,0.7037037037037037,0.6481481481481481,0.6799259944495837,0.6808510638297872,0.6709796672828097,0.6709796672828097,0.6848428835489834,0.7162790697674418,0.6923076923076923,0.7238095238095238,0.6995073891625616,0.6748768472906403,0.6978155339805825,0.703971119133574,0.6960193003618818,0.7021531100478469,0.7081339712918661,0.8415300546448088,0.8421052631578947,0.8735632183908046,0.8819875776397516,0.8253012048192772,0.8556547619047619,0.8552631578947368,0.8472834067547724,0.845821325648415,0.8592162554426706,0.5741741182314952,0.6010526315789473,0.634698275862069,0.661177275058408,0.5953429101019463,0.6234264029572709,0.6178079013655045,0.6094272395369872,0.6020343741644136,0.6191755577467806,"{'cls__hidden_layer_sizes': (100,), 'cls__learning_rate': 'adaptive', 'cls__learning_rate_init': 0.0001, 'cls__max_iter': 1000, 'cls__n_iter_no_change': 5, 'cls__random_state': 42}",mlp,iforest,simple,none,none,0.7696395356394545
27.0,36.0,38.0,48.0,38.0,160.0,151.0,149.0,139.0,149.0,61.0,64.0,58.0,61.0,66.0,249.0,246.0,252.0,249.0,244.0,29.0,27.0,22.0,19.0,29.0,97.0,99.0,104.0,107.0,97.0,154.0,144.0,152.0,142.0,137.0,575.0,585.0,577.0,587.0,592.0,0.7738693467336685,0.7598944591029023,0.7916666666666667,0.7802197802197803,0.7425474254742548,0.7687165775401069,0.7722772277227722,0.7642384105960264,0.7673202614379084,0.7763934426229507,0.6678966789667896,0.6642066420664207,0.7037037037037037,0.7037037037037037,0.6481481481481481,0.6799259944495837,0.6808510638297872,0.6709796672828097,0.6709796672828097,0.6848428835489834,0.7162790697674418,0.6923076923076923,0.7238095238095238,0.6995073891625616,0.6748768472906403,0.6978155339805825,0.703971119133574,0.6960193003618818,0.7021531100478469,0.7081339712918661,0.8415300546448088,0.8421052631578947,0.8735632183908046,0.8819875776397516,0.8253012048192772,0.8556547619047619,0.8552631578947368,0.8472834067547724,0.845821325648415,0.8592162554426706,0.5741741182314952,0.6010526315789473,0.634698275862069,0.661177275058408,0.5953429101019463,0.6234264029572709,0.6178079013655045,0.6094272395369872,0.6020343741644136,0.6191755577467806,"{'cls__hidden_layer_sizes': (100,), 'cls__learning_rate': 'adaptive', 'cls__learning_rate_init': 0.001, 'cls__max_iter': 1000, 'cls__n_iter_no_change': 5, 'cls__random_state': 42}",mlp,iforest,simple,none,none,0.7696395356394545
27.0,36.0,38.0,48.0,38.0,160.0,151.0,149.0,139.0,149.0,61.0,64.0,58.0,61.0,66.0,249.0,246.0,252.0,249.0,244.0,29.0,27.0,22.0,19.0,29.0,97.0,99.0,104.0,107.0,97.0,154.0,144.0,152.0,142.0,137.0,575.0,585.0,577.0,587.0,592.0,0.7738693467336685,0.7598944591029023,0.7916666666666667,0.7802197802197803,0.7425474254742548,0.7687165775401069,0.7722772277227722,0.7642384105960264,0.7673202614379084,0.7763934426229507,0.6678966789667896,0.6642066420664207,0.7037037037037037,0.7037037037037037,0.6481481481481481,0.6799259944495837,0.6808510638297872,0.6709796672828097,0.6709796672828097,0.6848428835489834,0.7162790697674418,0.6923076923076923,0.7238095238095238,0.6995073891625616,0.6748768472906403,0.6978155339805825,0.703971119133574,0.6960193003618818,0.7021531100478469,0.7081339712918661,0.8415300546448088,0.8421052631578947,0.8735632183908046,0.8819875776397516,0.8253012048192772,0.8556547619047619,0.8552631578947368,0.8472834067547724,0.845821325648415,0.8592162554426706,0.5741741182314952,0.6010526315789473,0.634698275862069,0.661177275058408,0.5953429101019463,0.6234264029572709,0.6178079013655045,0.6094272395369872,0.6020343741644136,0.6191755577467806,"{'cls__hidden_layer_sizes': (100,), 'cls__learning_rate': 'adaptive', 'cls__learning_rate_init': 0.0001, 'cls__max_iter': 1000, 'cls__n_iter_no_change': 5, 'cls__random_state': 42}",mlp,iforest,simple,standard,none,0.7696395356394545
27.0,36.0,38.0,48.0,38.0,160.0,151.0,149.0,139.0,149.0,61.0,64.0,58.0,61.0,66.0,249.0,246.0,252.0,249.0,244.0,29.0,27.0,22.0,19.0,29.0,97.0,99.0,104.0,107.0,97.0,154.0,144.0,152.0,142.0,137.0,575.0,585.0,577.0,587.0,592.0,0.7738693467336685,0.7598944591029023,0.7916666666666667,0.7802197802197803,0.7425474254742548,0.7687165775401069,0.7722772277227722,0.7642384105960264,0.7673202614379084,0.7763934426229507,0.6678966789667896,0.6642066420664207,0.7037037037037037,0.7037037037037037,0.6481481481481481,0.6799259944495837,0.6808510638297872,0.6709796672828097,0.6709796672828097,0.6848428835489834,0.7162790697674418,0.6923076923076923,0.7238095238095238,0.6995073891625616,0.6748768472906403,0.6978155339805825,0.703971119133574,0.6960193003618818,0.7021531100478469,0.7081339712918661,0.8415300546448088,0.8421052631578947,0.8735632183908046,0.8819875776397516,0.8253012048192772,0.8556547619047619,0.8552631578947368,0.8472834067547724,0.845821325648415,0.8592162554426706,0.5741741182314952,0.6010526315789473,0.634698275862069,0.661177275058408,0.5953429101019463,0.6234264029572709,0.6178079013655045,0.6094272395369872,0.6020343741644136,0.6191755577467806,"{'cls__hidden_layer_sizes': (100,), 'cls__learning_rate': 'adaptive', 'cls__learning_rate_init': 0.001, 'cls__max_iter': 1000, 'cls__n_iter_no_change': 5, 'cls__random_state': 42}",mlp,iforest,simple,standard,none,0.7696395356394545
27.0,36.0,38.0,48.0,38.0,160.0,151.0,149.0,139.0,149.0,61.0,64.0,58.0,61.0,66.0,249.0,246.0,252.0,249.0,244.0,29.0,27.0,22.0,19.0,29.0,97.0,99.0,104.0,107.0,97.0,154.0,144.0,152.0,142.0,137.0,575.0,585.0,577.0,587.0,592.0,0.7738693467336685,0.7598944591029023,0.7916666666666667,0.7802197802197803,0.7425474254742548,0.7687165775401069,0.7722772277227722,0.7642384105960264,0.7673202614379084,0.7763934426229507,0.6678966789667896,0.6642066420664207,0.7037037037037037,0.7037037037037037,0.6481481481481481,0.6799259944495837,0.6808510638297872,0.6709796672828097,0.6709796672828097,0.6848428835489834,0.7162790697674418,0.6923076923076923,0.7238095238095238,0.6995073891625616,0.6748768472906403,0.6978155339805825,0.703971119133574,0.6960193003618818,0.7021531100478469,0.7081339712918661,0.8415300546448088,0.8421052631578947,0.8735632183908046,0.8819875776397516,0.8253012048192772,0.8556547619047619,0.8552631578947368,0.8472834067547724,0.845821325648415,0.8592162554426706,0.5741741182314952,0.6010526315789473,0.634698275862069,0.661177275058408,0.5953429101019463,0.6234264029572709,0.6178079013655045,0.6094272395369872,0.6020343741644136,0.6191755577467806,"{'cls__criterion': 'gini', 'cls__max_depth': None, 'cls__max_features': 'log2', 'cls__random_state': 42}",rf,iforest,simple,none,none,0.7696395356394545
27.0,36.0,38.0,48.0,38.0,160.0,151.0,149.0,139.0,149.0,61.0,64.0,58.0,61.0,66.0,249.0,246.0,252.0,249.0,244.0,29.0,27.0,22.0,19.0,29.0,97.0,99.0,104.0,107.0,97.0,154.0,144.0,152.0,142.0,137.0,575.0,585.0,577.0,587.0,592.0,0.7738693467336685,0.7598944591029023,0.7916666666666667,0.7802197802197803,0.7425474254742548,0.7687165775401069,0.7722772277227722,0.7642384105960264,0.7673202614379084,0.7763934426229507,0.6678966789667896,0.6642066420664207,0.7037037037037037,0.7037037037037037,0.6481481481481481,0.6799259944495837,0.6808510638297872,0.6709796672828097,0.6709796672828097,0.6848428835489834,0.7162790697674418,0.6923076923076923,0.7238095238095238,0.6995073891625616,0.6748768472906403,0.6978155339805825,0.703971119133574,0.6960193003618818,0.7021531100478469,0.7081339712918661,0.8415300546448088,0.8421052631578947,0.8735632183908046,0.8819875776397516,0.8253012048192772,0.8556547619047619,0.8552631578947368,0.8472834067547724,0.845821325648415,0.8592162554426706,0.5741741182314952,0.6010526315789473,0.634698275862069,0.661177275058408,0.5953429101019463,0.6234264029572709,0.6178079013655045,0.6094272395369872,0.6020343741644136,0.6191755577467806,"{'cls__C': 0.1, 'cls__probability': True, 'cls__random_state': 42}",svc,iforest,simple,standard,none,0.7696395356394545
27.0,36.0,38.0,48.0,38.0,160.0,151.0,149.0,139.0,149.0,61.0,64.0,58.0,61.0,66.0,249.0,246.0,252.0,249.0,244.0,29.0,27.0,22.0,19.0,29.0,97.0,99.0,104.0,107.0,97.0,154.0,144.0,152.0,142.0,137.0,575.0,585.0,577.0,587.0,592.0,0.7738693467336685,0.7598944591029023,0.7916666666666667,0.7802197802197803,0.7425474254742548,0.7687165775401069,0.7722772277227722,0.7642384105960264,0.7673202614379084,0.7763934426229507,0.6678966789667896,0.6642066420664207,0.7037037037037037,0.7037037037037037,0.6481481481481481,0.6799259944495837,0.6808510638297872,0.6709796672828097,0.6709796672828097,0.6848428835489834,0.7162790697674418,0.6923076923076923,0.7238095238095238,0.6995073891625616,0.6748768472906403,0.6978155339805825,0.703971119133574,0.6960193003618818,0.7021531100478469,0.7081339712918661,0.8415300546448088,0.8421052631578947,0.8735632183908046,0.8819875776397516,0.8253012048192772,0.8556547619047619,0.8552631578947368,0.8472834067547724,0.845821325648415,0.8592162554426706,0.5741741182314952,0.6010526315789473,0.634698275862069,0.661177275058408,0.5953429101019463,0.6234264029572709,0.6178079013655045,0.6094272395369872,0.6020343741644136,0.6191755577467806,"{'cls__C': 10, 'cls__probability': True, 'cls__random_state': 42}",svc,iforest,simple,standard,none,0.7696395356394545
27.0,36.0,38.0,48.0,38.0,160.0,151.0,149.0,139.0,149.0,61.0,64.0,58.0,61.0,66.0,249.0,246.0,252.0,249.0,244.0,29.0,27.0,22.0,19.0,29.0,97.0,99.0,104.0,107.0,97.0,154.0,144.0,152.0,142.0,137.0,575.0,585.0,577.0,587.0,592.0,0.7738693467336685,0.7598944591029023,0.7916666666666667,0.7802197802197803,0.7425474254742548,0.7687165775401069,0.7722772277227722,0.7642384105960264,0.7673202614379084,0.7763934426229507,0.6678966789667896,0.6642066420664207,0.7037037037037037,0.7037037037037037,0.6481481481481481,0.6799259944495837,0.6808510638297872,0.6709796672828097,0.6709796672828097,0.6848428835489834,0.7162790697674418,0.6923076923076923,0.7238095238095238,0.6995073891625616,0.6748768472906403,0.6978155339805825,0.703971119133574,0.6960193003618818,0.7021531100478469,0.7081339712918661,0.8415300546448088,0.8421052631578947,0.8735632183908046,0.8819875776397516,0.8253012048192772,0.8556547619047619,0.8552631578947368,0.8472834067547724,0.845821325648415,0.8592162554426706,0.5741741182314952,0.6010526315789473,0.634698275862069,0.661177275058408,0.5953429101019463,0.6234264029572709,0.6178079013655045,0.6094272395369872,0.6020343741644136,0.6191755577467806,"{'cls__C': 10, 'cls__probability': True, 'cls__random_state': 42}",svc,iforest,simple,minmax,none,0.7696395356394545
27.0,36.0,38.0,48.0,38.0,160.0,151.0,149.0,139.0,149.0,61.0,64.0,58.0,61.0,66.0,249.0,246.0,252.0,249.0,244.0,29.0,27.0,22.0,19.0,29.0,97.0,99.0,104.0,107.0,97.0,154.0,144.0,152.0,142.0,137.0,575.0,585.0,577.0,587.0,592.0,0.7738693467336685,0.7598944591029023,0.7916666666666667,0.7802197802197803,0.7425474254742548,0.7687165775401069,0.7722772277227722,0.7642384105960264,0.7673202614379084,0.7763934426229507,0.6678966789667896,0.6642066420664207,0.7037037037037037,0.7037037037037037,0.6481481481481481,0.6799259944495837,0.6808510638297872,0.6709796672828097,0.6709796672828097,0.6848428835489834,0.7162790697674418,0.6923076923076923,0.7238095238095238,0.6995073891625616,0.6748768472906403,0.6978155339805825,0.703971119133574,0.6960193003618818,0.7021531100478469,0.7081339712918661,0.8415300546448088,0.8421052631578947,0.8735632183908046,0.8819875776397516,0.8253012048192772,0.8556547619047619,0.8552631578947368,0.8472834067547724,0.845821325648415,0.8592162554426706,0.5741741182314952,0.6010526315789473,0.634698275862069,0.661177275058408,0.5953429101019463,0.6234264029572709,0.6178079013655045,0.6094272395369872,0.6020343741644136,0.6191755577467806,"{'cls__C': 1, 'cls__probability': True, 'cls__random_state': 42}",svc,iforest,simple,minmax,none,0.7696395356394545
27.0,36.0,38.0,48.0,38.0,160.0,151.0,149.0,139.0,149.0,61.0,64.0,58.0,61.0,66.0,249.0,246.0,252.0,249.0,244.0,29.0,27.0,22.0,19.0,29.0,97.0,99.0,104.0,107.0,97.0,154.0,144.0,152.0,142.0,137.0,575.0,585.0,577.0,587.0,592.0,0.7738693467336685,0.7598944591029023,0.7916666666666667,0.7802197802197803,0.7425474254742548,0.7687165775401069,0.7722772277227722,0.7642384105960264,0.7673202614379084,0.7763934426229507,0.6678966789667896,0.6642066420664207,0.7037037037037037,0.7037037037037037,0.6481481481481481,0.6799259944495837,0.6808510638297872,0.6709796672828097,0.6709796672828097,0.6848428835489834,0.7162790697674418,0.6923076923076923,0.7238095238095238,0.6995073891625616,0.6748768472906403,0.6978155339805825,0.703971119133574,0.6960193003618818,0.7021531100478469,0.7081339712918661,0.8415300546448088,0.8421052631578947,0.8735632183908046,0.8819875776397516,0.8253012048192772,0.8556547619047619,0.8552631578947368,0.8472834067547724,0.845821325648415,0.8592162554426706,0.5741741182314952,0.6010526315789473,0.634698275862069,0.661177275058408,0.5953429101019463,0.6234264029572709,0.6178079013655045,0.6094272395369872,0.6020343741644136,0.6191755577467806,"{'cls__hidden_layer_sizes': (100,), 'cls__learning_rate': 'adaptive', 'cls__learning_rate_init': 0.001, 'cls__max_iter': 1000, 'cls__n_iter_no_change': 5, 'cls__random_state': 42}",mlp,iforest,simple,minmax,none,0.7696395356394545
27.0,36.0,38.0,48.0,38.0,160.0,151.0,149.0,139.0,149.0,61.0,64.0,58.0,61.0,66.0,249.0,246.0,252.0,249.0,244.0,29.0,27.0,22.0,19.0,29.0,97.0,99.0,104.0,107.0,97.0,154.0,144.0,152.0,142.0,137.0,575.0,585.0,577.0,587.0,592.0,0.7738693467336685,0.7598944591029023,0.7916666666666667,0.7802197802197803,0.7425474254742548,0.7687165775401069,0.7722772277227722,0.7642384105960264,0.7673202614379084,0.7763934426229507,0.6678966789667896,0.6642066420664207,0.7037037037037037,0.7037037037037037,0.6481481481481481,0.6799259944495837,0.6808510638297872,0.6709796672828097,0.6709796672828097,0.6848428835489834,0.7162790697674418,0.6923076923076923,0.7238095238095238,0.6995073891625616,0.6748768472906403,0.6978155339805825,0.703971119133574,0.6960193003618818,0.7021531100478469,0.7081339712918661,0.8415300546448088,0.8421052631578947,0.8735632183908046,0.8819875776397516,0.8253012048192772,0.8556547619047619,0.8552631578947368,0.8472834067547724,0.845821325648415,0.8592162554426706,0.5741741182314952,0.6010526315789473,0.634698275862069,0.661177275058408,0.5953429101019463,0.6234264029572709,0.6178079013655045,0.6094272395369872,0.6020343741644136,0.6191755577467806,"{'cls__hidden_layer_sizes': (100,), 'cls__learning_rate': 'adaptive', 'cls__learning_rate_init': 1e-05, 'cls__max_iter': 1000, 'cls__n_iter_no_change': 5, 'cls__random_state': 42, 'os__random_state': 42}",mlp,iforest,simple,minmax,smote,0.7696395356394545
27.0,36.0,38.0,48.0,38.0,160.0,151.0,149.0,139.0,149.0,61.0,64.0,58.0,61.0,66.0,249.0,246.0,252.0,249.0,244.0,29.0,27.0,22.0,19.0,29.0,97.0,99.0,104.0,107.0,97.0,154.0,144.0,152.0,142.0,137.0,575.0,585.0,577.0,587.0,592.0,0.7738693467336685,0.7598944591029023,0.7916666666666667,0.7802197802197803,0.7425474254742548,0.7687165775401069,0.7722772277227722,0.7642384105960264,0.7673202614379084,0.7763934426229507,0.6678966789667896,0.6642066420664207,0.7037037037037037,0.7037037037037037,0.6481481481481481,0.6799259944495837,0.6808510638297872,0.6709796672828097,0.6709796672828097,0.6848428835489834,0.7162790697674418,0.6923076923076923,0.7238095238095238,0.6995073891625616,0.6748768472906403,0.6978155339805825,0.703971119133574,0.6960193003618818,0.7021531100478469,0.7081339712918661,0.8415300546448088,0.8421052631578947,0.8735632183908046,0.8819875776397516,0.8253012048192772,0.8556547619047619,0.8552631578947368,0.8472834067547724,0.845821325648415,0.8592162554426706,0.5741741182314952,0.6010526315789473,0.634698275862069,0.661177275058408,0.5953429101019463,0.6234264029572709,0.6178079013655045,0.6094272395369872,0.6020343741644136,0.6191755577467806,{},nb,iforest,simple,minmax,none,0.7696395356394545
27.0,36.0,38.0,48.0,38.0,160.0,151.0,149.0,139.0,149.0,61.0,64.0,58.0,61.0,66.0,249.0,246.0,252.0,249.0,244.0,29.0,27.0,22.0,19.0,29.0,97.0,99.0,104.0,107.0,97.0,154.0,144.0,152.0,142.0,137.0,575.0,585.0,577.0,587.0,592.0,0.7738693467336685,0.7598944591029023,0.7916666666666667,0.7802197802197803,0.7425474254742548,0.7687165775401069,0.7722772277227722,0.7642384105960264,0.7673202614379084,0.7763934426229507,0.6678966789667896,0.6642066420664207,0.7037037037037037,0.7037037037037037,0.6481481481481481,0.6799259944495837,0.6808510638297872,0.6709796672828097,0.6709796672828097,0.6848428835489834,0.7162790697674418,0.6923076923076923,0.7238095238095238,0.6995073891625616,0.6748768472906403,0.6978155339805825,0.703971119133574,0.6960193003618818,0.7021531100478469,0.7081339712918661,0.8415300546448088,0.8421052631578947,0.8735632183908046,0.8819875776397516,0.8253012048192772,0.8556547619047619,0.8552631578947368,0.8472834067547724,0.845821325648415,0.8592162554426706,0.5741741182314952,0.6010526315789473,0.634698275862069,0.661177275058408,0.5953429101019463,0.6234264029572709,0.6178079013655045,0.6094272395369872,0.6020343741644136,0.6191755577467806,"{'cls__C': 1, 'cls__probability': True, 'cls__random_state': 42}",svc,iforest,simple,standard,none,0.7696395356394545
27.0,36.0,38.0,48.0,38.0,160.0,151.0,149.0,139.0,149.0,61.0,64.0,58.0,61.0,66.0,249.0,246.0,252.0,249.0,244.0,29.0,27.0,22.0,19.0,29.0,97.0,99.0,104.0,107.0,97.0,154.0,144.0,152.0,142.0,137.0,575.0,585.0,577.0,587.0,592.0,0.7738693467336685,0.7598944591029023,0.7916666666666667,0.7802197802197803,0.7425474254742548,0.7687165775401069,0.7722772277227722,0.7642384105960264,0.7673202614379084,0.7763934426229507,0.6678966789667896,0.6642066420664207,0.7037037037037037,0.7037037037037037,0.6481481481481481,0.6799259944495837,0.6808510638297872,0.6709796672828097,0.6709796672828097,0.6848428835489834,0.7162790697674418,0.6923076923076923,0.7238095238095238,0.6995073891625616,0.6748768472906403,0.6978155339805825,0.703971119133574,0.6960193003618818,0.7021531100478469,0.7081339712918661,0.8415300546448088,0.8421052631578947,0.8735632183908046,0.8819875776397516,0.8253012048192772,0.8556547619047619,0.8552631578947368,0.8472834067547724,0.845821325648415,0.8592162554426706,0.5741741182314952,0.6010526315789473,0.634698275862069,0.661177275058408,0.5953429101019463,0.6234264029572709,0.6178079013655045,0.6094272395369872,0.6020343741644136,0.6191755577467806,"{'cls__hidden_layer_sizes': (100,), 'cls__learning_rate': 'adaptive', 'cls__learning_rate_init': 0.0001, 'cls__max_iter': 1000, 'cls__n_iter_no_change': 5, 'cls__random_state': 42}",mlp,iforest,simple,minmax,none,0.7696395356394545
27.0,36.0,38.0,48.0,38.0,160.0,151.0,149.0,139.0,149.0,61.0,64.0,58.0,61.0,66.0,249.0,246.0,252.0,249.0,244.0,29.0,27.0,22.0,19.0,29.0,97.0,99.0,104.0,107.0,97.0,154.0,144.0,152.0,142.0,137.0,575.0,585.0,577.0,587.0,592.0,0.7738693467336685,0.7598944591029023,0.7916666666666667,0.7802197802197803,0.7425474254742548,0.7687165775401069,0.7722772277227722,0.7642384105960264,0.7673202614379084,0.7763934426229507,0.6678966789667896,0.6642066420664207,0.7037037037037037,0.7037037037037037,0.6481481481481481,0.6799259944495837,0.6808510638297872,0.6709796672828097,0.6709796672828097,0.6848428835489834,0.7162790697674418,0.6923076923076923,0.7238095238095238,0.6995073891625616,0.6748768472906403,0.6978155339805825,0.703971119133574,0.6960193003618818,0.7021531100478469,0.7081339712918661,0.8415300546448088,0.8421052631578947,0.8735632183908046,0.8819875776397516,0.8253012048192772,0.8556547619047619,0.8552631578947368,0.8472834067547724,0.845821325648415,0.8592162554426706,0.5741741182314952,0.6010526315789473,0.634698275862069,0.661177275058408,0.5953429101019463,0.6234264029572709,0.6178079013655045,0.6094272395369872,0.6020343741644136,0.6191755577467806,"{'cls__C': 0.1, 'cls__probability': True, 'cls__random_state': 42}",svc,iforest,simple,minmax,none,0.7696395356394545
27.0,36.0,38.0,48.0,38.0,160.0,151.0,149.0,139.0,149.0,61.0,64.0,58.0,61.0,66.0,249.0,246.0,252.0,249.0,244.0,29.0,27.0,22.0,19.0,29.0,97.0,99.0,104.0,107.0,97.0,154.0,144.0,152.0,142.0,137.0,575.0,585.0,577.0,587.0,592.0,0.7738693467336685,0.7598944591029023,0.7916666666666667,0.7802197802197803,0.7425474254742548,0.7687165775401069,0.7722772277227722,0.7642384105960264,0.7673202614379084,0.7763934426229507,0.6678966789667896,0.6642066420664207,0.7037037037037037,0.7037037037037037,0.6481481481481481,0.6799259944495837,0.6808510638297872,0.6709796672828097,0.6709796672828097,0.6848428835489834,0.7162790697674418,0.6923076923076923,0.7238095238095238,0.6995073891625616,0.6748768472906403,0.6978155339805825,0.703971119133574,0.6960193003618818,0.7021531100478469,0.7081339712918661,0.8415300546448088,0.8421052631578947,0.8735632183908046,0.8819875776397516,0.8253012048192772,0.8556547619047619,0.8552631578947368,0.8472834067547724,0.845821325648415,0.8592162554426706,0.5741741182314952,0.6010526315789473,0.634698275862069,0.661177275058408,0.5953429101019463,0.6234264029572709,0.6178079013655045,0.6094272395369872,0.6020343741644136,0.6191755577467806,{},nb,iforest,simple,standard,none,0.7696395356394545
27.0,0.0,0.0,0.0,0.0,160.0,0.0,0.0,0.0,0.0,61.0,100.0,96.0,109.0,104.0,249.0,397.0,401.0,388.0,393.0,29.0,0.0,0.0,0.0,0.0,97.0,0.0,0.0,0.0,0.0,154.0,171.0,174.0,161.0,166.0,575.0,684.0,681.0,694.0,689.0,0.7738693467336685,0.7737556561085972,0.7837837837837839,0.7470997679814385,0.761467889908257,0.7687165775401069,0.7750708215297452,0.7725467952353943,0.7815315315315315,0.7780914737436476,0.6678966789667896,0.6309963099630996,0.6444444444444445,0.5962962962962963,0.6148148148148148,0.6799259944495837,0.6327474560592045,0.6293900184842883,0.6414048059149723,0.6367837338262476,0.7162790697674418,0.6309963099630996,0.6444444444444445,0.5962962962962963,0.6148148148148148,0.6978155339805825,0.6327474560592045,0.6293900184842883,0.6414048059149723,0.6367837338262476,0.8415300546448088,1.0,1.0,1.0,1.0,0.8556547619047619,1.0,1.0,1.0,1.0,0.5741741182314952,0.5,0.5,0.5,0.5,0.6234264029572709,0.5,0.5,0.5,0.5,"{'cls__hidden_layer_sizes': (100,), 'cls__learning_rate': 'adaptive', 'cls__learning_rate_init': 1e-05, 'cls__max_iter': 1000, 'cls__n_iter_no_change': 5, 'cls__random_state': 42}",mlp,iforest,simple,standard,none,0.7679952889031489
27.0,36.0,38.0,0.0,38.0,160.0,151.0,149.0,0.0,149.0,61.0,64.0,58.0,109.0,66.0,249.0,246.0,252.0,388.0,244.0,29.0,27.0,22.0,0.0,29.0,97.0,99.0,104.0,0.0,97.0,154.0,144.0,152.0,161.0,137.0,575.0,585.0,577.0,694.0,592.0,0.7738693467336685,0.7598944591029023,0.7916666666666667,0.7470997679814385,0.7425474254742548,0.7687165775401069,0.7722772277227722,0.7642384105960264,0.7815315315315315,0.7763934426229507,0.6678966789667896,0.6642066420664207,0.7037037037037037,0.5962962962962963,0.6481481481481481,0.6799259944495837,0.6808510638297872,0.6709796672828097,0.6414048059149723,0.6848428835489834,0.7162790697674418,0.6923076923076923,0.7238095238095238,0.5962962962962963,0.6748768472906403,0.6978155339805825,0.703971119133574,0.6960193003618818,0.6414048059149723,0.7081339712918661,0.8415300546448088,0.8421052631578947,0.8735632183908046,1.0,0.8253012048192772,0.8556547619047619,0.8552631578947368,0.8472834067547724,1.0,0.8592162554426706,0.5741741182314952,0.6010526315789473,0.634698275862069,0.5,0.5953429101019463,0.6234264029572709,0.6178079013655045,0.6094272395369872,0.5,0.6191755577467806,"{'cls__algorithm': 'SAMME', 'cls__learning_rate': 0.1, 'cls__n_estimators': 10, 'cls__random_state': 42}",ada,iforest,simple,none,none,0.763015533191786
79.0,104.0,112.0,110.0,116.0,348.0,445.0,424.0,425.0,433.0,71.0,42.0,48.0,44.0,38.0,266.0,173.0,180.0,185.0,177.0,36.0,67.0,81.0,73.0,66.0,144.0,299.0,269.0,275.0,300.0,212.0,185.0,156.0,170.0,177.0,831.0,672.0,717.0,705.0,680.0,0.7984934086629001,0.7724425887265136,0.7074829931972789,0.7439824945295406,0.7729257641921398,0.8021235521235522,0.7400881057268722,0.7615507169410516,0.7540106951871657,0.7403375068045726,0.7311557788944724,0.7261306532663316,0.6750629722921915,0.7052896725440806,0.7380352644836272,0.7419760855884204,0.7029578351164254,0.7176100628930817,0.710691823899371,0.7,0.7491166077738516,0.8149779735682819,0.7647058823529411,0.794392523364486,0.8232558139534883,0.7575205104831358,0.7952662721893491,0.7993311036789298,0.7921348314606742,0.793465577596266,0.8548387096774194,0.7341269841269841,0.6582278481012658,0.6995884773662552,0.7283950617283951,0.8523076923076923,0.6920700308959835,0.7271805273833671,0.7193877551020408,0.6938775510204082,0.6907526881720429,0.7232278756251358,0.6791139240506329,0.7069370958259847,0.7408209074875742,0.7095414683036833,0.7060673779075388,0.7145836411751273,0.7080545332887253,0.7018568082970893,"{'cls__algorithm': 'SAMME', 'cls__learning_rate': 1.0, 'cls__n_estimators': 100, 'cls__random_state': 42, 'os__random_state': 42}",ada,none,simple,none,smote,0.7590654498616745
79.0,104.0,112.0,110.0,116.0,348.0,445.0,424.0,425.0,433.0,71.0,42.0,48.0,44.0,38.0,266.0,173.0,180.0,185.0,177.0,36.0,67.0,81.0,73.0,66.0,144.0,299.0,269.0,275.0,300.0,212.0,185.0,156.0,170.0,177.0,831.0,672.0,717.0,705.0,680.0,0.7984934086629001,0.7724425887265136,0.7074829931972789,0.7439824945295406,0.7729257641921398,0.8021235521235522,0.7400881057268722,0.7615507169410516,0.7540106951871657,0.7403375068045726,0.7311557788944724,0.7261306532663316,0.6750629722921915,0.7052896725440806,0.7380352644836272,0.7419760855884204,0.7029578351164254,0.7176100628930817,0.710691823899371,0.7,0.7491166077738516,0.8149779735682819,0.7647058823529411,0.794392523364486,0.8232558139534883,0.7575205104831358,0.7952662721893491,0.7993311036789298,0.7921348314606742,0.793465577596266,0.8548387096774194,0.7341269841269841,0.6582278481012658,0.6995884773662552,0.7283950617283951,0.8523076923076923,0.6920700308959835,0.7271805273833671,0.7193877551020408,0.6938775510204082,0.6907526881720429,0.7232278756251358,0.6791139240506329,0.7069370958259847,0.7408209074875742,0.7095414683036833,0.7060673779075388,0.7145836411751273,0.7080545332887253,0.7018568082970893,"{'cls__algorithm': 'SAMME', 'cls__learning_rate': 0.5, 'cls__n_estimators': 100, 'cls__random_state': 42, 'os__random_state': 42}",ada,none,simple,none,smote,0.7590654498616745
79.0,104.0,112.0,110.0,116.0,348.0,445.0,424.0,425.0,433.0,71.0,42.0,48.0,44.0,38.0,266.0,173.0,180.0,185.0,177.0,36.0,67.0,81.0,73.0,66.0,144.0,299.0,269.0,275.0,300.0,212.0,185.0,156.0,170.0,177.0,831.0,672.0,717.0,705.0,680.0,0.7984934086629001,0.7724425887265136,0.7074829931972789,0.7439824945295406,0.7729257641921398,0.8021235521235522,0.7400881057268722,0.7615507169410516,0.7540106951871657,0.7403375068045726,0.7311557788944724,0.7261306532663316,0.6750629722921915,0.7052896725440806,0.7380352644836272,0.7419760855884204,0.7029578351164254,0.7176100628930817,0.710691823899371,0.7,0.7491166077738516,0.8149779735682819,0.7647058823529411,0.794392523364486,0.8232558139534883,0.7575205104831358,0.7952662721893491,0.7993311036789298,0.7921348314606742,0.793465577596266,0.8548387096774194,0.7341269841269841,0.6582278481012658,0.6995884773662552,0.7283950617283951,0.8523076923076923,0.6920700308959835,0.7271805273833671,0.7193877551020408,0.6938775510204082,0.6907526881720429,0.7232278756251358,0.6791139240506329,0.7069370958259847,0.7408209074875742,0.7095414683036833,0.7060673779075388,0.7145836411751273,0.7080545332887253,0.7018568082970893,"{'cls__algorithm': 'SAMME', 'cls__learning_rate': 1.0, 'cls__n_estimators': 50, 'cls__random_state': 42, 'os__random_state': 42}",ada,none,simple,none,smote,0.7590654498616745
79.0,104.0,111.0,110.0,116.0,347.0,445.0,424.0,425.0,433.0,71.0,42.0,49.0,44.0,38.0,267.0,173.0,180.0,185.0,177.0,36.0,67.0,81.0,73.0,66.0,142.0,299.0,267.0,275.0,300.0,212.0,185.0,156.0,170.0,177.0,833.0,672.0,719.0,705.0,680.0,0.7984934086629001,0.7724425887265136,0.7058823529411764,0.7439824945295406,0.7729257641921398,0.8028915662650602,0.7400881057268722,0.7628647214854112,0.7540106951871657,0.7403375068045726,0.7311557788944724,0.7261306532663316,0.672544080604534,0.7052896725440806,0.7380352644836272,0.7426054122089364,0.7029578351164254,0.7188679245283018,0.710691823899371,0.7,0.7491166077738516,0.8149779735682819,0.7609756097560976,0.794392523364486,0.8232558139534883,0.7572727272727273,0.7952662721893491,0.7997775305895439,0.7921348314606742,0.793465577596266,0.8548387096774194,0.7341269841269841,0.6582278481012658,0.6995884773662552,0.7283950617283951,0.8543589743589743,0.6920700308959835,0.72920892494929,0.7193877551020408,0.6938775510204082,0.6907526881720429,0.7232278756251358,0.6759889240506328,0.7069370958259847,0.7408209074875742,0.7097527770817673,0.7060673779075388,0.7155978399580887,0.7080545332887253,0.7018568082970893,"{'cls__algorithm': 'SAMME', 'cls__learning_rate': 0.5, 'cls__n_estimators': 50, 'cls__random_state': 42, 'os__random_state': 42}",ada,none,simple,none,smote,0.7587453218104541
79.0,104.0,90.0,133.0,116.0,347.0,445.0,336.0,525.0,433.0,71.0,42.0,70.0,21.0,38.0,267.0,173.0,268.0,85.0,177.0,36.0,67.0,49.0,108.0,66.0,142.0,299.0,129.0,428.0,300.0,212.0,185.0,188.0,135.0,177.0,833.0,672.0,857.0,552.0,680.0,0.7984934086629001,0.7724425887265136,0.7595959595959595,0.6766917293233082,0.7729257641921398,0.8028915662650602,0.7400881057268722,0.8119374703931785,0.6827458256029684,0.7403375068045726,0.7311557788944724,0.7261306532663316,0.7002518891687658,0.6750629722921915,0.7380352644836272,0.7426054122089364,0.7029578351164254,0.7503144654088051,0.6773584905660377,0.7,0.7491166077738516,0.8149779735682819,0.7286821705426356,0.8653846153846154,0.8232558139534883,0.7572727272727273,0.7952662721893491,0.7617777777777778,0.8665620094191523,0.793465577596266,0.8548387096774194,0.7341269841269841,0.7932489451476793,0.5555555555555556,0.7283950617283951,0.8543589743589743,0.6920700308959835,0.8691683569979716,0.563265306122449,0.6938775510204082,0.6907526881720429,0.7232278756251358,0.6778744725738397,0.7095959595959596,0.7408209074875742,0.7097527770817673,0.7060673779075388,0.7127298738632242,0.7119605219136835,0.7018568082970893,"{'cls__algorithm': 'SAMME', 'cls__learning_rate': 0.1, 'cls__n_estimators': 100, 'cls__random_state': 42, 'os__random_state': 42}",ada,none,simple,none,smote,0.7560298901001643
100.0,99.0,89.0,109.0,106.0,440.0,427.0,328.0,417.0,420.0,45.0,40.0,69.0,45.0,49.0,166.0,185.0,265.0,180.0,176.0,84.0,72.0,27.0,55.0,86.0,281.0,275.0,150.0,292.0,261.0,164.0,182.0,208.0,183.0,151.0,683.0,683.0,827.0,682.0,714.0,0.7177242888402625,0.7647058823529411,0.8125,0.7854077253218885,0.691075514874142,0.7534473248758964,0.7480832420591457,0.7994200096665056,0.7429193899782135,0.7656836461126005,0.6717557251908397,0.7150127226463104,0.7557251908396947,0.7448979591836735,0.6556122448979592,0.7152866242038216,0.7070063694267515,0.7356687898089171,0.6995544239338001,0.7218332272437937,0.784688995215311,0.8198198198198198,0.7509025270758123,0.8026315789473685,0.755,0.8044758539458187,0.7868663594470046,0.7573260073260073,0.7911832946635731,0.802247191011236,0.6612903225806451,0.7165354330708661,0.8851063829787233,0.7689075630252101,0.6371308016877637,0.7085062240663901,0.7129436325678496,0.8464687819856704,0.7002053388090349,0.7323076923076923,0.6754727474972192,0.7143828244491022,0.7241987611096148,0.7383498854087089,0.6605008847148495,0.7172894156635582,0.7053280254342515,0.6997942560855841,0.6993489005602964,0.7185028394424368,"{'cls__algorithm': 'SAMME', 'cls__learning_rate': 0.5, 'cls__n_estimators': 100, 'cls__random_state': 42, 'os__random_state': 42}",ada,lof,simple,none,smote,0.7542826822778468
100.0,99.0,89.0,109.0,106.0,440.0,427.0,328.0,417.0,420.0,45.0,40.0,69.0,45.0,49.0,166.0,185.0,265.0,180.0,176.0,84.0,72.0,27.0,55.0,86.0,281.0,275.0,150.0,292.0,261.0,164.0,182.0,208.0,183.0,151.0,683.0,683.0,827.0,682.0,714.0,0.7177242888402625,0.7647058823529411,0.8125,0.7854077253218885,0.691075514874142,0.7534473248758964,0.7480832420591457,0.7994200096665056,0.7429193899782135,0.7656836461126005,0.6717557251908397,0.7150127226463104,0.7557251908396947,0.7448979591836735,0.6556122448979592,0.7152866242038216,0.7070063694267515,0.7356687898089171,0.6995544239338001,0.7218332272437937,0.784688995215311,0.8198198198198198,0.7509025270758123,0.8026315789473685,0.755,0.8044758539458187,0.7868663594470046,0.7573260073260073,0.7911832946635731,0.802247191011236,0.6612903225806451,0.7165354330708661,0.8851063829787233,0.7689075630252101,0.6371308016877637,0.7085062240663901,0.7129436325678496,0.8464687819856704,0.7002053388090349,0.7323076923076923,0.6754727474972192,0.7143828244491022,0.7241987611096148,0.7383498854087089,0.6605008847148495,0.7172894156635582,0.7053280254342515,0.6997942560855841,0.6993489005602964,0.7185028394424368,"{'cls__algorithm': 'SAMME', 'cls__learning_rate': 0.5, 'cls__n_estimators': 50, 'cls__random_state': 42, 'os__random_state': 42}",ada,lof,simple,none,smote,0.7542826822778468
100.0,99.0,89.0,109.0,106.0,440.0,427.0,328.0,417.0,420.0,45.0,40.0,69.0,45.0,49.0,166.0,185.0,265.0,180.0,176.0,84.0,72.0,27.0,55.0,86.0,281.0,275.0,150.0,292.0,261.0,164.0,182.0,208.0,183.0,151.0,683.0,683.0,827.0,682.0,714.0,0.7177242888402625,0.7647058823529411,0.8125,0.7854077253218885,0.691075514874142,0.7534473248758964,0.7480832420591457,0.7994200096665056,0.7429193899782135,0.7656836461126005,0.6717557251908397,0.7150127226463104,0.7557251908396947,0.7448979591836735,0.6556122448979592,0.7152866242038216,0.7070063694267515,0.7356687898089171,0.6995544239338001,0.7218332272437937,0.784688995215311,0.8198198198198198,0.7509025270758123,0.8026315789473685,0.755,0.8044758539458187,0.7868663594470046,0.7573260073260073,0.7911832946635731,0.802247191011236,0.6612903225806451,0.7165354330708661,0.8851063829787233,0.7689075630252101,0.6371308016877637,0.7085062240663901,0.7129436325678496,0.8464687819856704,0.7002053388090349,0.7323076923076923,0.6754727474972192,0.7143828244491022,0.7241987611096148,0.7383498854087089,0.6605008847148495,0.7172894156635582,0.7053280254342515,0.6997942560855841,0.6993489005602964,0.7185028394424368,"{'cls__algorithm': 'SAMME', 'cls__learning_rate': 1.0, 'cls__n_estimators': 100, 'cls__random_state': 42, 'os__random_state': 42}",ada,lof,simple,none,smote,0.7542826822778468
100.0,99.0,89.0,109.0,106.0,440.0,427.0,328.0,417.0,420.0,45.0,40.0,69.0,45.0,49.0,166.0,185.0,265.0,180.0,176.0,84.0,72.0,27.0,55.0,86.0,281.0,275.0,150.0,292.0,261.0,164.0,182.0,208.0,183.0,151.0,683.0,683.0,827.0,682.0,714.0,0.7177242888402625,0.7647058823529411,0.8125,0.7854077253218885,0.691075514874142,0.7534473248758964,0.7480832420591457,0.7994200096665056,0.7429193899782135,0.7656836461126005,0.6717557251908397,0.7150127226463104,0.7557251908396947,0.7448979591836735,0.6556122448979592,0.7152866242038216,0.7070063694267515,0.7356687898089171,0.6995544239338001,0.7218332272437937,0.784688995215311,0.8198198198198198,0.7509025270758123,0.8026315789473685,0.755,0.8044758539458187,0.7868663594470046,0.7573260073260073,0.7911832946635731,0.802247191011236,0.6612903225806451,0.7165354330708661,0.8851063829787233,0.7689075630252101,0.6371308016877637,0.7085062240663901,0.7129436325678496,0.8464687819856704,0.7002053388090349,0.7323076923076923,0.6754727474972192,0.7143828244491022,0.7241987611096148,0.7383498854087089,0.6605008847148495,0.7172894156635582,0.7053280254342515,0.6997942560855841,0.6993489005602964,0.7185028394424368,"{'cls__algorithm': 'SAMME', 'cls__learning_rate': 1.0, 'cls__n_estimators': 50, 'cls__random_state': 42, 'os__random_state': 42}",ada,lof,simple,none,smote,0.7542826822778468
102.0,121.0,90.0,110.0,116.0,434.0,537.0,336.0,425.0,433.0,48.0,25.0,70.0,44.0,38.0,180.0,81.0,268.0,185.0,177.0,63.0,103.0,49.0,73.0,66.0,287.0,433.0,129.0,275.0,300.0,185.0,149.0,188.0,170.0,177.0,688.0,538.0,857.0,705.0,680.0,0.7692307692307692,0.6995305164319249,0.7595959595959595,0.7439824945295406,0.7729257641921398,0.7466087900162778,0.6767295597484276,0.8119374703931785,0.7540106951871657,0.7403375068045726,0.7211055276381909,0.678391959798995,0.7002518891687658,0.7052896725440806,0.7380352644836272,0.7061044682190056,0.6765261170547514,0.7503144654088051,0.710691823899371,0.7,0.7939914163090128,0.8563218390804598,0.7286821705426356,0.794392523364486,0.8232558139534883,0.7926267281105991,0.8691437802907916,0.7617777777777778,0.7921348314606742,0.793465577596266,0.7459677419354839,0.5912698412698413,0.7932489451476793,0.6995884773662552,0.7283950617283951,0.7056410256410256,0.5540679711637487,0.8691683569979716,0.7193877551020408,0.6938775510204082,0.712983870967742,0.7100184822787563,0.6778744725738397,0.7069370958259847,0.7408209074875742,0.7062407082602522,0.7115000049993502,0.7127298738632242,0.7080545332887253,0.7018568082970893,"{'cls__C': 10, 'cls__probability': True, 'cls__random_state': 42, 'os__random_state': 42}",svc,none,simple,minmax,smote,0.7490531007960668
100.0,99.0,111.0,109.0,106.0,440.0,427.0,415.0,417.0,420.0,45.0,40.0,47.0,45.0,49.0,166.0,185.0,178.0,180.0,176.0,84.0,72.0,54.0,55.0,86.0,281.0,275.0,293.0,292.0,261.0,164.0,182.0,181.0,183.0,151.0,683.0,683.0,684.0,682.0,714.0,0.7177242888402625,0.7647058823529411,0.7818574514038877,0.7854077253218885,0.691075514874142,0.7534473248758964,0.7480832420591457,0.7438825448613376,0.7429193899782135,0.7656836461126005,0.6717557251908397,0.7150127226463104,0.7430025445292621,0.7448979591836735,0.6556122448979592,0.7152866242038216,0.7070063694267515,0.7,0.6995544239338001,0.7218332272437937,0.784688995215311,0.8198198198198198,0.793859649122807,0.8026315789473685,0.755,0.8044758539458187,0.7868663594470046,0.7935034802784223,0.7911832946635731,0.802247191011236,0.6612903225806451,0.7165354330708661,0.7702127659574468,0.7689075630252101,0.6371308016877637,0.7085062240663901,0.7129436325678496,0.7001023541453428,0.7002053388090349,0.7323076923076923,0.6754727474972192,0.7143828244491022,0.7363722057635335,0.7383498854087089,0.6605008847148495,0.7172894156635582,0.7053280254342515,0.6999668600406308,0.6993489005602964,0.7185028394424368,"{'cls__hidden_layer_sizes': (100,), 'cls__learning_rate': 'adaptive', 'cls__learning_rate_init': 0.0001, 'cls__max_iter': 1000, 'cls__n_iter_no_change': 5, 'cls__random_state': 42, 'os__random_state': 42}",mlp,lof,simple,none,smote,0.7481541725586244
102.0,121.0,90.0,109.0,116.0,434.0,537.0,336.0,426.0,433.0,48.0,25.0,70.0,45.0,38.0,180.0,81.0,268.0,184.0,177.0,63.0,103.0,49.0,75.0,66.0,287.0,433.0,129.0,276.0,300.0,185.0,149.0,188.0,168.0,177.0,688.0,538.0,857.0,704.0,680.0,0.7692307692307692,0.6995305164319249,0.7595959595959595,0.7368421052631579,0.7729257641921398,0.7466087900162778,0.6767295597484276,0.8119374703931785,0.753747323340471,0.7403375068045726,0.7211055276381909,0.678391959798995,0.7002518891687658,0.6977329974811083,0.7380352644836272,0.7061044682190056,0.6765261170547514,0.7503144654088051,0.710691823899371,0.7,0.7939914163090128,0.8563218390804598,0.7286821705426356,0.7887323943661971,0.8232558139534883,0.7926267281105991,0.8691437802907916,0.7617777777777778,0.7927927927927928,0.793465577596266,0.7459677419354839,0.5912698412698413,0.7932489451476793,0.691358024691358,0.7283950617283951,0.7056410256410256,0.5540679711637487,0.8691683569979716,0.7183673469387755,0.6938775510204082,0.712983870967742,0.7100184822787563,0.6778744725738397,0.6995751162417829,0.7408209074875742,0.7062407082602522,0.7115000049993502,0.7127298738632242,0.7083640013382402,0.7018568082970893,"{'cls__C': 10, 'cls__probability': True, 'cls__random_state': 42, 'os__random_state': 42}",svc,none,simple,standard,smote,0.7476250229427903
102.0,121.0,90.0,109.0,116.0,434.0,537.0,336.0,426.0,433.0,48.0,25.0,70.0,45.0,38.0,180.0,81.0,268.0,184.0,177.0,63.0,103.0,49.0,75.0,66.0,287.0,433.0,129.0,276.0,300.0,185.0,149.0,188.0,168.0,177.0,688.0,538.0,857.0,704.0,680.0,0.7692307692307692,0.6995305164319249,0.7595959595959595,0.7368421052631579,0.7729257641921398,0.7466087900162778,0.6767295597484276,0.8119374703931785,0.753747323340471,0.7403375068045726,0.7211055276381909,0.678391959798995,0.7002518891687658,0.6977329974811083,0.7380352644836272,0.7061044682190056,0.6765261170547514,0.7503144654088051,0.710691823899371,0.7,0.7939914163090128,0.8563218390804598,0.7286821705426356,0.7887323943661971,0.8232558139534883,0.7926267281105991,0.8691437802907916,0.7617777777777778,0.7927927927927928,0.793465577596266,0.7459677419354839,0.5912698412698413,0.7932489451476793,0.691358024691358,0.7283950617283951,0.7056410256410256,0.5540679711637487,0.8691683569979716,0.7183673469387755,0.6938775510204082,0.712983870967742,0.7100184822787563,0.6778744725738397,0.6995751162417829,0.7408209074875742,0.7062407082602522,0.7115000049993502,0.7127298738632242,0.7083640013382402,0.7018568082970893,"{'cls__C': 10, 'cls__probability': True, 'cls__random_state': 42, 'os__random_state': 42}",svc,none,simple,none,smote,0.7476250229427903
102.0,121.0,90.0,109.0,116.0,434.0,537.0,338.0,426.0,433.0,48.0,25.0,70.0,45.0,38.0,180.0,81.0,266.0,184.0,177.0,63.0,103.0,52.0,75.0,66.0,287.0,433.0,132.0,276.0,300.0,185.0,149.0,185.0,168.0,177.0,688.0,538.0,854.0,704.0,680.0,0.7692307692307692,0.6995305164319249,0.7520325203252032,0.7368421052631579,0.7729257641921398,0.7466087900162778,0.6767295597484276,0.8110161443494777,0.753747323340471,0.7403375068045726,0.7211055276381909,0.678391959798995,0.6926952141057935,0.6977329974811083,0.7380352644836272,0.7061044682190056,0.6765261170547514,0.7496855345911949,0.710691823899371,0.7,0.7939914163090128,0.8563218390804598,0.7254901960784313,0.7887323943661971,0.8232558139534883,0.7926267281105991,0.8691437802907916,0.7625,0.7927927927927928,0.793465577596266,0.7459677419354839,0.5912698412698413,0.7805907172995781,0.691358024691358,0.7283950617283951,0.7056410256410256,0.5540679711637487,0.8661257606490872,0.7183673469387755,0.6938775510204082,0.712983870967742,0.7100184822787563,0.671545358649789,0.6995751162417829,0.7408209074875742,0.7062407082602522,0.7115000049993502,0.7128642048278548,0.7083640013382402,0.7018568082970893,"{'cls__C': 1, 'cls__probability': True, 'cls__random_state': 42, 'os__random_state': 42}",svc,none,simple,none,smote,0.746112335088639
100.0,99.0,89.0,109.0,132.0,440.0,427.0,328.0,417.0,517.0,45.0,40.0,69.0,45.0,23.0,166.0,185.0,265.0,180.0,79.0,84.0,72.0,27.0,55.0,113.0,281.0,275.0,150.0,292.0,422.0,164.0,182.0,208.0,183.0,124.0,683.0,683.0,827.0,682.0,553.0,0.7177242888402625,0.7647058823529411,0.8125,0.7854077253218885,0.6458333333333334,0.7534473248758964,0.7480832420591457,0.7994200096665056,0.7429193899782135,0.6882389545737398,0.6717557251908397,0.7150127226463104,0.7557251908396947,0.7448979591836735,0.6530612244897959,0.7152866242038216,0.7070063694267515,0.7356687898089171,0.6995544239338001,0.6810948440483768,0.784688995215311,0.8198198198198198,0.7509025270758123,0.8026315789473685,0.8435374149659864,0.8044758539458187,0.7868663594470046,0.7573260073260073,0.7911832946635731,0.875,0.6612903225806451,0.7165354330708661,0.8851063829787233,0.7689075630252101,0.5232067510548524,0.7085062240663901,0.7129436325678496,0.8464687819856704,0.7002053388090349,0.5671794871794872,0.6754727474972192,0.7143828244491022,0.7241987611096148,0.7383498854087089,0.6874098271403293,0.7172894156635582,0.7053280254342515,0.6997942560855841,0.6993489005602964,0.7173145758045087,"{'cls__algorithm': 'SAMME', 'cls__learning_rate': 0.1, 'cls__n_estimators': 100, 'cls__random_state': 42, 'os__random_state': 42}",ada,lof,simple,none,smote,0.7452342459696851
79.0,121.0,90.0,133.0,116.0,347.0,537.0,336.0,525.0,433.0,71.0,25.0,70.0,21.0,38.0,267.0,81.0,268.0,85.0,177.0,36.0,103.0,49.0,108.0,66.0,142.0,433.0,129.0,428.0,300.0,212.0,149.0,188.0,135.0,177.0,833.0,538.0,857.0,552.0,680.0,0.7984934086629001,0.6995305164319249,0.7595959595959595,0.6766917293233082,0.7729257641921398,0.8028915662650602,0.6767295597484276,0.8119374703931785,0.6827458256029684,0.7403375068045726,0.7311557788944724,0.678391959798995,0.7002518891687658,0.6750629722921915,0.7380352644836272,0.7426054122089364,0.6765261170547514,0.7503144654088051,0.6773584905660377,0.7,0.7491166077738516,0.8563218390804598,0.7286821705426356,0.8653846153846154,0.8232558139534883,0.7572727272727273,0.8691437802907916,0.7617777777777778,0.8665620094191523,0.793465577596266,0.8548387096774194,0.5912698412698413,0.7932489451476793,0.5555555555555556,0.7283950617283951,0.8543589743589743,0.5540679711637487,0.8691683569979716,0.563265306122449,0.6938775510204082,0.6907526881720429,0.7100184822787563,0.6778744725738397,0.7095959595959596,0.7408209074875742,0.7097527770817673,0.7115000049993502,0.7127298738632242,0.7119605219136835,0.7018568082970893,"{'cls__algorithm': 'SAMME', 'cls__learning_rate': 0.1, 'cls__n_estimators': 50, 'cls__random_state': 42, 'os__random_state': 42}",ada,none,simple,none,smote,0.7414474756412466
78.0,99.0,109.0,129.0,111.0,339.0,427.0,417.0,520.0,415.0,72.0,47.0,51.0,25.0,43.0,275.0,191.0,187.0,90.0,195.0,36.0,65.0,80.0,108.0,66.0,141.0,282.0,267.0,427.0,281.0,212.0,187.0,157.0,135.0,177.0,834.0,689.0,719.0,553.0,699.0,0.7969924812030075,0.7695473251028807,0.70561797752809,0.6699751861042184,0.7645788336933045,0.8003838771593089,0.7444624527282551,0.7600422832980973,0.6814540973505854,0.7459978655282817,0.7286432160804021,0.7185929648241206,0.6700251889168766,0.6649874055415617,0.72544080604534,0.7382001258653241,0.7023285084959093,0.7144654088050314,0.6748427672955974,0.70062893081761,0.7464788732394366,0.7991452991452992,0.7548076923076923,0.84375,0.8045454545454546,0.7520288548241659,0.7829545454545455,0.7935982339955849,0.8600311041990669,0.7818791946308725,0.8548387096774194,0.7420634920634921,0.6624472573839663,0.5555555555555556,0.7283950617283951,0.8553846153846154,0.709577754891864,0.72920892494929,0.5642857142857143,0.713265306122449,0.6874193548387098,0.7100728419221571,0.6718486286919831,0.6966089466089466,0.724587141253808,0.7037509396141317,0.7002581331093625,0.7098031379713337,0.7083723653395785,0.696796587487454,{},nb,none,simple,none,none,0.7413423607263001
78.0,99.0,109.0,129.0,111.0,339.0,427.0,417.0,520.0,415.0,72.0,47.0,51.0,25.0,43.0,275.0,191.0,187.0,90.0,195.0,36.0,65.0,80.0,108.0,66.0,141.0,282.0,267.0,427.0,281.0,212.0,187.0,157.0,135.0,177.0,834.0,689.0,719.0,553.0,699.0,0.7969924812030075,0.7695473251028807,0.70561797752809,0.6699751861042184,0.7645788336933045,0.8003838771593089,0.7444624527282551,0.7600422832980973,0.6814540973505854,0.7459978655282817,0.7286432160804021,0.7185929648241206,0.6700251889168766,0.6649874055415617,0.72544080604534,0.7382001258653241,0.7023285084959093,0.7144654088050314,0.6748427672955974,0.70062893081761,0.7464788732394366,0.7991452991452992,0.7548076923076923,0.84375,0.8045454545454546,0.7520288548241659,0.7829545454545455,0.7935982339955849,0.8600311041990669,0.7818791946308725,0.8548387096774194,0.7420634920634921,0.6624472573839663,0.5555555555555556,0.7283950617283951,0.8553846153846154,0.709577754891864,0.72920892494929,0.5642857142857143,0.713265306122449,0.6874193548387098,0.7100728419221571,0.6718486286919831,0.6966089466089466,0.724587141253808,0.7037509396141317,0.7002581331093625,0.7098031379713337,0.7083723653395785,0.696796587487454,{},nb,none,simple,standard,none,0.7413423607263001
78.0,99.0,109.0,129.0,111.0,339.0,427.0,417.0,520.0,415.0,72.0,47.0,51.0,25.0,43.0,275.0,191.0,187.0,90.0,195.0,36.0,65.0,80.0,108.0,66.0,141.0,282.0,267.0,427.0,281.0,212.0,187.0,157.0,135.0,177.0,834.0,689.0,719.0,553.0,699.0,0.7969924812030075,0.7695473251028807,0.70561797752809,0.6699751861042184,0.7645788336933045,0.8003838771593089,0.7444624527282551,0.7600422832980973,0.6814540973505854,0.7459978655282817,0.7286432160804021,0.7185929648241206,0.6700251889168766,0.6649874055415617,0.72544080604534,0.7382001258653241,0.7023285084959093,0.7144654088050314,0.6748427672955974,0.70062893081761,0.7464788732394366,0.7991452991452992,0.7548076923076923,0.84375,0.8045454545454546,0.7520288548241659,0.7829545454545455,0.7935982339955849,0.8600311041990669,0.7818791946308725,0.8548387096774194,0.7420634920634921,0.6624472573839663,0.5555555555555556,0.7283950617283951,0.8553846153846154,0.709577754891864,0.72920892494929,0.5642857142857143,0.713265306122449,0.6874193548387098,0.7100728419221571,0.6718486286919831,0.6966089466089466,0.724587141253808,0.7037509396141317,0.7002581331093625,0.7098031379713337,0.7083723653395785,0.696796587487454,{},nb,none,simple,minmax,none,0.7413423607263001
105.0,100.0,118.0,133.0,91.0,445.0,435.0,431.0,525.0,335.0,45.0,46.0,42.0,21.0,63.0,169.0,183.0,173.0,85.0,275.0,82.0,65.0,84.0,108.0,32.0,286.0,283.0,282.0,428.0,146.0,166.0,187.0,153.0,135.0,211.0,689.0,688.0,704.0,552.0,834.0,0.7233115468409587,0.7711340206185566,0.7083333333333334,0.6766917293233082,0.8162475822050289,0.75177304964539,0.7470141150922909,0.7557702630166397,0.6827458256029684,0.7984681665868836,0.6809045226130653,0.7211055276381909,0.6826196473551638,0.6750629722921915,0.760705289672544,0.7136563876651982,0.7067337948395217,0.7138364779874213,0.6773584905660377,0.7352201257861635,0.7867298578199052,0.8025751072961373,0.7846153846153846,0.8653846153846154,0.7700729927007299,0.803030303030303,0.7898966704936854,0.8027366020524516,0.8665620094191523,0.7520288548241659,0.6693548387096774,0.7420634920634921,0.6455696202531646,0.5555555555555556,0.8683127572016461,0.7066666666666667,0.7085478887744593,0.7139959432048681,0.563265306122449,0.8510204081632653,0.6846774193548386,0.7134974994564036,0.6915348101265824,0.7095959595959596,0.7296109240553685,0.7157111834961998,0.7062156919600451,0.7137860510726327,0.7119605219136835,0.7001003680160589,"{'cls__algorithm': 'SAMME', 'cls__learning_rate': 1.0, 'cls__n_estimators': 10, 'cls__random_state': 42, 'os__random_state': 42}",ada,none,simple,none,smote,0.7391436424642371
102.0,121.0,111.0,110.0,116.0,433.0,537.0,424.0,425.0,433.0,48.0,25.0,49.0,44.0,38.0,181.0,81.0,180.0,185.0,177.0,63.0,103.0,81.0,73.0,66.0,285.0,433.0,267.0,275.0,300.0,185.0,149.0,156.0,170.0,177.0,690.0,538.0,719.0,705.0,680.0,0.7692307692307692,0.6995305164319249,0.7058823529411764,0.7439824945295406,0.7729257641921398,0.7475622968580715,0.6767295597484276,0.7628647214854112,0.7540106951871657,0.7403375068045726,0.7211055276381909,0.678391959798995,0.672544080604534,0.7052896725440806,0.7380352644836272,0.7067337948395217,0.6765261170547514,0.7188679245283018,0.710691823899371,0.7,0.7939914163090128,0.8563218390804598,0.7609756097560976,0.794392523364486,0.8232558139534883,0.7921928817451206,0.8691437802907916,0.7997775305895439,0.7921348314606742,0.793465577596266,0.7459677419354839,0.5912698412698413,0.6582278481012658,0.6995884773662552,0.7283950617283951,0.7076923076923077,0.5540679711637487,0.72920892494929,0.7193877551020408,0.6938775510204082,0.712983870967742,0.7100184822787563,0.6759889240506328,0.7069370958259847,0.7408209074875742,0.7064520170383364,0.7115000049993502,0.7155978399580887,0.7080545332887253,0.7018568082970893,"{'cls__C': 1, 'cls__probability': True, 'cls__random_state': 42, 'os__random_state': 42}",svc,none,simple,minmax,smote,0.7383103794651102
102.0,121.0,111.0,109.0,116.0,433.0,537.0,424.0,425.0,433.0,48.0,25.0,49.0,45.0,38.0,181.0,81.0,180.0,185.0,177.0,63.0,103.0,81.0,74.0,66.0,285.0,433.0,267.0,275.0,300.0,185.0,149.0,156.0,169.0,177.0,690.0,538.0,719.0,705.0,680.0,0.7692307692307692,0.6995305164319249,0.7058823529411764,0.7396061269146609,0.7729257641921398,0.7475622968580715,0.6767295597484276,0.7628647214854112,0.7540106951871657,0.7403375068045726,0.7211055276381909,0.678391959798995,0.672544080604534,0.7002518891687658,0.7380352644836272,0.7067337948395217,0.6765261170547514,0.7188679245283018,0.710691823899371,0.7,0.7939914163090128,0.8563218390804598,0.7609756097560976,0.7897196261682243,0.8232558139534883,0.7921928817451206,0.8691437802907916,0.7997775305895439,0.7921348314606742,0.793465577596266,0.7459677419354839,0.5912698412698413,0.6582278481012658,0.6954732510288066,0.7283950617283951,0.7076923076923077,0.5540679711637487,0.72920892494929,0.7193877551020408,0.6938775510204082,0.712983870967742,0.7100184822787563,0.6759889240506328,0.7016327294105072,0.7408209074875742,0.7064520170383364,0.7115000049993502,0.7155978399580887,0.7080545332887253,0.7018568082970893,"{'cls__criterion': 'entropy', 'cls__max_depth': None, 'cls__max_features': 'log2', 'cls__random_state': 42, 'os__random_state': 42}",rf,none,simple,none,smote,0.7374351059421342
102.0,121.0,111.0,109.0,116.0,433.0,537.0,424.0,425.0,433.0,48.0,25.0,49.0,45.0,38.0,181.0,81.0,180.0,185.0,177.0,63.0,103.0,81.0,74.0,66.0,285.0,433.0,267.0,275.0,300.0,185.0,149.0,156.0,169.0,177.0,690.0,538.0,719.0,705.0,680.0,0.7692307692307692,0.6995305164319249,0.7058823529411764,0.7396061269146609,0.7729257641921398,0.7475622968580715,0.6767295597484276,0.7628647214854112,0.7540106951871657,0.7403375068045726,0.7211055276381909,0.678391959798995,0.672544080604534,0.7002518891687658,0.7380352644836272,0.7067337948395217,0.6765261170547514,0.7188679245283018,0.710691823899371,0.7,0.7939914163090128,0.8563218390804598,0.7609756097560976,0.7897196261682243,0.8232558139534883,0.7921928817451206,0.8691437802907916,0.7997775305895439,0.7921348314606742,0.793465577596266,0.7459677419354839,0.5912698412698413,0.6582278481012658,0.6954732510288066,0.7283950617283951,0.7076923076923077,0.5540679711637487,0.72920892494929,0.7193877551020408,0.6938775510204082,0.712983870967742,0.7100184822787563,0.6759889240506328,0.7016327294105072,0.7408209074875742,0.7064520170383364,0.7115000049993502,0.7155978399580887,0.7080545332887253,0.7018568082970893,"{'cls__criterion': 'gini', 'cls__max_depth': None, 'cls__max_features': 'log2', 'cls__random_state': 42, 'os__random_state': 42}",rf,none,simple,none,smote,0.7374351059421342
102.0,121.0,111.0,109.0,116.0,434.0,537.0,424.0,426.0,433.0,48.0,25.0,49.0,45.0,38.0,180.0,81.0,180.0,184.0,177.0,63.0,103.0,81.0,75.0,66.0,287.0,433.0,267.0,276.0,300.0,185.0,149.0,156.0,168.0,177.0,688.0,538.0,719.0,704.0,680.0,0.7692307692307692,0.6995305164319249,0.7058823529411764,0.7368421052631579,0.7729257641921398,0.7466087900162778,0.6767295597484276,0.7628647214854112,0.753747323340471,0.7403375068045726,0.7211055276381909,0.678391959798995,0.672544080604534,0.6977329974811083,0.7380352644836272,0.7061044682190056,0.6765261170547514,0.7188679245283018,0.710691823899371,0.7,0.7939914163090128,0.8563218390804598,0.7609756097560976,0.7887323943661971,0.8232558139534883,0.7926267281105991,0.8691437802907916,0.7997775305895439,0.7927927927927928,0.793465577596266,0.7459677419354839,0.5912698412698413,0.6582278481012658,0.691358024691358,0.7283950617283951,0.7056410256410256,0.5540679711637487,0.72920892494929,0.7183673469387755,0.6938775510204082,0.712983870967742,0.7100184822787563,0.6759889240506328,0.6995751162417829,0.7408209074875742,0.7062407082602522,0.7115000049993502,0.7155978399580887,0.7083640013382402,0.7018568082970893,"{'cls__C': 1, 'cls__probability': True, 'cls__random_state': 42, 'os__random_state': 42}",svc,none,simple,standard,smote,0.7368823016118337
102.0,121.0,112.0,110.0,112.0,434.0,538.0,424.0,426.0,424.0,48.0,25.0,48.0,44.0,42.0,180.0,80.0,180.0,184.0,186.0,63.0,103.0,81.0,74.0,67.0,287.0,435.0,269.0,276.0,283.0,185.0,149.0,156.0,169.0,176.0,688.0,536.0,717.0,704.0,697.0,0.7692307692307692,0.6995305164319249,0.7074829931972789,0.7412280701754387,0.7635574837310196,0.7466087900162778,0.675488342785129,0.7615507169410516,0.753747323340471,0.7482555018786903,0.7211055276381909,0.678391959798995,0.6750629722921915,0.7027707808564232,0.72544080604534,0.7061044682190056,0.6758967904342353,0.7176100628930817,0.710691823899371,0.7050314465408805,0.7939914163090128,0.8563218390804598,0.7647058823529411,0.7934272300469484,0.8073394495412844,0.7926267281105991,0.8701298701298701,0.7993311036789298,0.7927927927927928,0.7893544733861835,0.7459677419354839,0.5912698412698413,0.6582278481012658,0.6954732510288066,0.7242798353909465,0.7056410256410256,0.5520082389289392,0.7271805273833671,0.7183673469387755,0.7112244897959183,0.712983870967742,0.7100184822787563,0.6791139240506329,0.7048794826572604,0.7257762813318369,0.7062407082602522,0.7112792003706184,0.7145836411751273,0.7083640013382402,0.7031532285045166,"{'cls__hidden_layer_sizes': (100,), 'cls__learning_rate': 'adaptive', 'cls__learning_rate_init': 0.001, 'cls__max_iter': 1000, 'cls__n_iter_no_change': 5, 'cls__random_state': 42, 'os__random_state': 42}",mlp,none,simple,minmax,smote,0.7362059665532863
102.0,121.0,112.0,110.0,112.0,434.0,538.0,424.0,426.0,424.0,48.0,25.0,48.0,44.0,42.0,180.0,80.0,180.0,184.0,186.0,63.0,103.0,81.0,74.0,67.0,287.0,435.0,269.0,276.0,283.0,185.0,149.0,156.0,169.0,176.0,688.0,536.0,717.0,704.0,697.0,0.7692307692307692,0.6995305164319249,0.7074829931972789,0.7412280701754387,0.7635574837310196,0.7466087900162778,0.675488342785129,0.7615507169410516,0.753747323340471,0.7482555018786903,0.7211055276381909,0.678391959798995,0.6750629722921915,0.7027707808564232,0.72544080604534,0.7061044682190056,0.6758967904342353,0.7176100628930817,0.710691823899371,0.7050314465408805,0.7939914163090128,0.8563218390804598,0.7647058823529411,0.7934272300469484,0.8073394495412844,0.7926267281105991,0.8701298701298701,0.7993311036789298,0.7927927927927928,0.7893544733861835,0.7459677419354839,0.5912698412698413,0.6582278481012658,0.6954732510288066,0.7242798353909465,0.7056410256410256,0.5520082389289392,0.7271805273833671,0.7183673469387755,0.7112244897959183,0.712983870967742,0.7100184822787563,0.6791139240506329,0.7048794826572604,0.7257762813318369,0.7062407082602522,0.7112792003706184,0.7145836411751273,0.7083640013382402,0.7031532285045166,"{'cls__hidden_layer_sizes': (100,), 'cls__learning_rate': 'adaptive', 'cls__learning_rate_init': 0.0001, 'cls__max_iter': 1000, 'cls__n_iter_no_change': 5, 'cls__random_state': 42, 'os__random_state': 42}",mlp,none,simple,none,smote,0.7362059665532863
102.0,121.0,112.0,110.0,117.0,434.0,538.0,426.0,426.0,435.0,48.0,25.0,48.0,44.0,37.0,180.0,80.0,178.0,184.0,175.0,63.0,103.0,84.0,74.0,68.0,287.0,435.0,272.0,276.0,306.0,185.0,149.0,153.0,169.0,175.0,688.0,536.0,714.0,704.0,674.0,0.7692307692307692,0.6995305164319249,0.6986301369863013,0.7412280701754387,0.7692307692307694,0.7466087900162778,0.675488342785129,0.7603833865814696,0.753747323340471,0.7370147621651176,0.7211055276381909,0.678391959798995,0.6675062972292192,0.7027707808564232,0.7355163727959698,0.7061044682190056,0.6758967904342353,0.7169811320754716,0.710691823899371,0.6974842767295597,0.7939914163090128,0.8563218390804598,0.7611940298507462,0.7934272300469484,0.8254716981132075,0.7926267281105991,0.8701298701298701,0.8004484304932735,0.7927927927927928,0.7938751472320377,0.7459677419354839,0.5912698412698413,0.6455696202531646,0.6954732510288066,0.720164609053498,0.7056410256410256,0.5520082389289392,0.7241379310344828,0.7183673469387755,0.6877551020408164,0.712983870967742,0.7100184822787563,0.6727848101265822,0.7048794826572604,0.7399524343968787,0.7062407082602522,0.7112792003706184,0.7147179721397579,0.7083640013382402,0.7004349280695885,"{'cls__hidden_layer_sizes': (100,), 'cls__learning_rate': 'adaptive', 'cls__learning_rate_init': 0.001, 'cls__max_iter': 1000, 'cls__n_iter_no_change': 5, 'cls__random_state': 42, 'os__random_state': 42}",mlp,none,simple,standard,smote,0.7355700524110407
102.0,121.0,112.0,110.0,117.0,435.0,538.0,427.0,427.0,435.0,48.0,25.0,48.0,44.0,37.0,179.0,80.0,177.0,183.0,175.0,63.0,103.0,84.0,75.0,68.0,289.0,435.0,274.0,277.0,306.0,185.0,149.0,153.0,168.0,175.0,686.0,536.0,712.0,703.0,674.0,0.7692307692307692,0.6995305164319249,0.6986301369863013,0.7384615384615385,0.7692307692307694,0.7456521739130436,0.675488342785129,0.7594666666666667,0.7534833869239014,0.7370147621651176,0.7211055276381909,0.678391959798995,0.6675062972292192,0.7002518891687658,0.7355163727959698,0.7054751415984896,0.6758967904342353,0.7163522012578616,0.710691823899371,0.6974842767295597,0.7939914163090128,0.8563218390804598,0.7611940298507462,0.7924528301886793,0.8254716981132075,0.793063583815029,0.8701298701298701,0.8008998875140607,0.7934537246049661,0.7938751472320377,0.7459677419354839,0.5912698412698413,0.6455696202531646,0.691358024691358,0.720164609053498,0.7035897435897436,0.5520082389289392,0.7221095334685599,0.7173469387755103,0.6877551020408164,0.712983870967742,0.7100184822787563,0.6727848101265822,0.7028218694885362,0.7399524343968787,0.7060293994821681,0.7112792003706184,0.714531587926333,0.7086734693877551,0.7004349280695885,"{'cls__C': 0.1, 'cls__probability': True, 'cls__random_state': 42, 'os__random_state': 42}",svc,none,simple,none,smote,0.7350167460682606
122.0,99.0,111.0,109.0,106.0,527.0,427.0,415.0,417.0,420.0,23.0,40.0,47.0,45.0,49.0,79.0,185.0,178.0,180.0,176.0,126.0,72.0,54.0,55.0,86.0,409.0,275.0,293.0,292.0,261.0,122.0,182.0,181.0,183.0,151.0,555.0,683.0,684.0,682.0,714.0,0.6208651399491094,0.7647058823529411,0.7818574514038877,0.7854077253218885,0.691075514874142,0.6946182728410513,0.7480832420591457,0.7438825448613376,0.7429193899782135,0.7656836461126005,0.6208651399491094,0.7150127226463104,0.7430025445292621,0.7448979591836735,0.6556122448979592,0.689171974522293,0.7070063694267515,0.7,0.6995544239338001,0.7218332272437937,0.8413793103448276,0.8198198198198198,0.793859649122807,0.8026315789473685,0.755,0.8753943217665615,0.7868663594470046,0.7935034802784223,0.7911832946635731,0.802247191011236,0.49193548387096775,0.7165354330708661,0.7702127659574468,0.7689075630252101,0.6371308016877637,0.5757261410788381,0.7129436325678496,0.7001023541453428,0.7002053388090349,0.7323076923076923,0.6666573971078976,0.7143828244491022,0.7363722057635335,0.7383498854087089,0.6605008847148495,0.722681552387604,0.7053280254342515,0.6999668600406308,0.6993489005602964,0.7185028394424368,"{'cls__hidden_layer_sizes': (100,), 'cls__learning_rate': 'adaptive', 'cls__learning_rate_init': 0.001, 'cls__max_iter': 1000, 'cls__n_iter_no_change': 5, 'cls__random_state': 42, 'os__random_state': 42}",mlp,lof,simple,minmax,smote,0.7287823427803938
122.0,99.0,111.0,109.0,106.0,527.0,427.0,415.0,417.0,420.0,23.0,40.0,47.0,45.0,49.0,79.0,185.0,178.0,180.0,176.0,126.0,72.0,54.0,55.0,86.0,409.0,275.0,293.0,292.0,261.0,122.0,182.0,181.0,183.0,151.0,555.0,683.0,684.0,682.0,714.0,0.6208651399491094,0.7647058823529411,0.7818574514038877,0.7854077253218885,0.691075514874142,0.6946182728410513,0.7480832420591457,0.7438825448613376,0.7429193899782135,0.7656836461126005,0.6208651399491094,0.7150127226463104,0.7430025445292621,0.7448979591836735,0.6556122448979592,0.689171974522293,0.7070063694267515,0.7,0.6995544239338001,0.7218332272437937,0.8413793103448276,0.8198198198198198,0.793859649122807,0.8026315789473685,0.755,0.8753943217665615,0.7868663594470046,0.7935034802784223,0.7911832946635731,0.802247191011236,0.49193548387096775,0.7165354330708661,0.7702127659574468,0.7689075630252101,0.6371308016877637,0.5757261410788381,0.7129436325678496,0.7001023541453428,0.7002053388090349,0.7323076923076923,0.6666573971078976,0.7143828244491022,0.7363722057635335,0.7383498854087089,0.6605008847148495,0.722681552387604,0.7053280254342515,0.6999668600406308,0.6993489005602964,0.7185028394424368,"{'cls__hidden_layer_sizes': (100,), 'cls__learning_rate': 'adaptive', 'cls__learning_rate_init': 0.0001, 'cls__max_iter': 1000, 'cls__n_iter_no_change': 5, 'cls__random_state': 42, 'os__random_state': 42}",mlp,lof,simple,minmax,smote,0.7287823427803938
122.0,99.0,111.0,109.0,106.0,527.0,427.0,415.0,417.0,420.0,23.0,40.0,47.0,45.0,49.0,79.0,185.0,178.0,180.0,176.0,126.0,72.0,54.0,55.0,86.0,409.0,275.0,293.0,292.0,261.0,122.0,182.0,181.0,183.0,151.0,555.0,683.0,684.0,682.0,714.0,0.6208651399491094,0.7647058823529411,0.7818574514038877,0.7854077253218885,0.691075514874142,0.6946182728410513,0.7480832420591457,0.7438825448613376,0.7429193899782135,0.7656836461126005,0.6208651399491094,0.7150127226463104,0.7430025445292621,0.7448979591836735,0.6556122448979592,0.689171974522293,0.7070063694267515,0.7,0.6995544239338001,0.7218332272437937,0.8413793103448276,0.8198198198198198,0.793859649122807,0.8026315789473685,0.755,0.8753943217665615,0.7868663594470046,0.7935034802784223,0.7911832946635731,0.802247191011236,0.49193548387096775,0.7165354330708661,0.7702127659574468,0.7689075630252101,0.6371308016877637,0.5757261410788381,0.7129436325678496,0.7001023541453428,0.7002053388090349,0.7323076923076923,0.6666573971078976,0.7143828244491022,0.7363722057635335,0.7383498854087089,0.6605008847148495,0.722681552387604,0.7053280254342515,0.6999668600406308,0.6993489005602964,0.7185028394424368,"{'cls__hidden_layer_sizes': (100,), 'cls__learning_rate': 'adaptive', 'cls__learning_rate_init': 0.0001, 'cls__max_iter': 1000, 'cls__n_iter_no_change': 5, 'cls__random_state': 42, 'os__random_state': 42}",mlp,lof,simple,standard,smote,0.7287823427803938
102.0,121.0,112.0,109.0,137.0,434.0,535.0,424.0,424.0,522.0,48.0,25.0,48.0,45.0,17.0,180.0,83.0,180.0,186.0,88.0,63.0,103.0,81.0,73.0,101.0,287.0,432.0,269.0,274.0,437.0,185.0,149.0,156.0,170.0,142.0,688.0,539.0,717.0,706.0,543.0,0.7692307692307692,0.6995305164319249,0.7074829931972789,0.74235807860262,0.7064676616915424,0.7466087900162778,0.6767106089139987,0.7615507169410516,0.7542735042735043,0.6741154562383613,0.7211055276381909,0.678391959798995,0.6750629722921915,0.7027707808564232,0.7027707808564232,0.7061044682190056,0.6758967904342353,0.7176100628930817,0.710691823899371,0.6698113207547169,0.7939914163090128,0.8563218390804598,0.7647058823529411,0.7906976744186046,0.8930817610062893,0.7926267281105991,0.8665594855305466,0.7993311036789298,0.7914798206278026,0.8605388272583201,0.7459677419354839,0.5912698412698413,0.6582278481012658,0.6995884773662552,0.5843621399176955,0.7056410256410256,0.5550978372811535,0.7271805273833671,0.7204081632653061,0.5540816326530612,0.712983870967742,0.7100184822787563,0.6791139240506329,0.7036903425792316,0.7369862647640425,0.7062407082602522,0.7103968150807062,0.7145836411751273,0.7077450652392104,0.704909668785547,"{'cls__hidden_layer_sizes': (100,), 'cls__learning_rate': 'adaptive', 'cls__learning_rate_init': 0.0001, 'cls__max_iter': 1000, 'cls__n_iter_no_change': 5, 'cls__random_state': 42, 'os__random_state': 42}",mlp,none,simple,minmax,smote,0.725014003830827
102.0,121.0,112.0,110.0,137.0,434.0,538.0,424.0,426.0,522.0,48.0,25.0,48.0,44.0,17.0,180.0,80.0,180.0,184.0,88.0,63.0,103.0,81.0,74.0,101.0,287.0,435.0,269.0,276.0,437.0,185.0,149.0,156.0,169.0,142.0,688.0,536.0,717.0,704.0,543.0,0.7692307692307692,0.6995305164319249,0.7074829931972789,0.7412280701754387,0.7064676616915424,0.7466087900162778,0.675488342785129,0.7615507169410516,0.753747323340471,0.6741154562383613,0.7211055276381909,0.678391959798995,0.6750629722921915,0.7027707808564232,0.7027707808564232,0.7061044682190056,0.6758967904342353,0.7176100628930817,0.710691823899371,0.6698113207547169,0.7939914163090128,0.8563218390804598,0.7647058823529411,0.7934272300469484,0.8930817610062893,0.7926267281105991,0.8701298701298701,0.7993311036789298,0.7927927927927928,0.8605388272583201,0.7459677419354839,0.5912698412698413,0.6582278481012658,0.6954732510288066,0.5843621399176955,0.7056410256410256,0.5520082389289392,0.7271805273833671,0.7183673469387755,0.5540816326530612,0.712983870967742,0.7100184822787563,0.6791139240506329,0.7048794826572604,0.7369862647640425,0.7062407082602522,0.7112792003706184,0.7145836411751273,0.7083640013382402,0.704909668785547,"{'cls__hidden_layer_sizes': (100,), 'cls__learning_rate': 'adaptive', 'cls__learning_rate_init': 0.0001, 'cls__max_iter': 1000, 'cls__n_iter_no_change': 5, 'cls__random_state': 42, 'os__random_state': 42}",mlp,none,simple,standard,smote,0.7247880021453909
100.0,99.0,138.0,109.0,132.0,440.0,427.0,511.0,417.0,517.0,45.0,40.0,20.0,45.0,23.0,166.0,185.0,82.0,180.0,79.0,84.0,72.0,97.0,55.0,113.0,281.0,275.0,438.0,292.0,422.0,164.0,182.0,138.0,183.0,124.0,683.0,683.0,539.0,682.0,553.0,0.7177242888402625,0.7647058823529411,0.7022900763358778,0.7854077253218885,0.6458333333333334,0.7534473248758964,0.7480832420591457,0.6745932415519399,0.7429193899782135,0.6882389545737398,0.6717557251908397,0.7150127226463104,0.7022900763358778,0.7448979591836735,0.6530612244897959,0.7152866242038216,0.7070063694267515,0.6687898089171974,0.6995544239338001,0.6810948440483768,0.784688995215311,0.8198198198198198,0.8734177215189873,0.8026315789473685,0.8435374149659864,0.8044758539458187,0.7868663594470046,0.8679549114331723,0.7911832946635731,0.875,0.6612903225806451,0.7165354330708661,0.5872340425531914,0.7689075630252101,0.5232067510548524,0.7085062240663901,0.7129436325678496,0.5516888433981576,0.7002053388090349,0.5671794871794872,0.6754727474972192,0.7143828244491022,0.7303258820360894,0.7383498854087089,0.6874098271403293,0.7172894156635582,0.7053280254342515,0.7067044554258916,0.6993489005602964,0.7173145758045087,"{'cls__hidden_layer_sizes': (100,), 'cls__learning_rate': 'adaptive', 'cls__learning_rate_init': 1e-05, 'cls__max_iter': 1000, 'cls__n_iter_no_change': 5, 'cls__random_state': 42, 'os__random_state': 42}",mlp,lof,simple,none,smote,0.7231922612368606
102.0,121.0,112.0,110.0,137.0,434.0,538.0,426.0,426.0,522.0,48.0,25.0,48.0,44.0,17.0,180.0,80.0,178.0,184.0,88.0,63.0,103.0,84.0,74.0,101.0,287.0,435.0,272.0,276.0,437.0,185.0,149.0,153.0,169.0,142.0,688.0,536.0,714.0,704.0,543.0,0.7692307692307692,0.6995305164319249,0.6986301369863013,0.7412280701754387,0.7064676616915424,0.7466087900162778,0.675488342785129,0.7603833865814696,0.753747323340471,0.6741154562383613,0.7211055276381909,0.678391959798995,0.6675062972292192,0.7027707808564232,0.7027707808564232,0.7061044682190056,0.6758967904342353,0.7169811320754716,0.710691823899371,0.6698113207547169,0.7939914163090128,0.8563218390804598,0.7611940298507462,0.7934272300469484,0.8930817610062893,0.7926267281105991,0.8701298701298701,0.8004484304932735,0.7927927927927928,0.8605388272583201,0.7459677419354839,0.5912698412698413,0.6455696202531646,0.6954732510288066,0.5843621399176955,0.7056410256410256,0.5520082389289392,0.7241379310344828,0.7183673469387755,0.5540816326530612,0.712983870967742,0.7100184822787563,0.6727848101265822,0.7048794826572604,0.7369862647640425,0.7062407082602522,0.7112792003706184,0.7147179721397579,0.7083640013382402,0.704909668785547,"{'cls__hidden_layer_sizes': (100,), 'cls__learning_rate': 'adaptive', 'cls__learning_rate_init': 0.001, 'cls__max_iter': 1000, 'cls__n_iter_no_change': 5, 'cls__random_state': 42, 'os__random_state': 42}",mlp,none,simple,none,smote,0.7230174309031953
128.0,105.0,140.0,110.0,116.0,532.0,446.0,520.0,426.0,435.0,22.0,41.0,20.0,44.0,38.0,82.0,172.0,84.0,184.0,175.0,109.0,68.0,116.0,74.0,67.0,431.0,302.0,424.0,276.0,303.0,139.0,184.0,121.0,169.0,176.0,544.0,669.0,562.0,704.0,677.0,0.6797066014669926,0.7714884696016772,0.6402116402116402,0.7412280701754387,0.7702407002188184,0.6795752654590881,0.7384105960264901,0.6887254901960784,0.753747323340471,0.7390829694323144,0.6708542713567839,0.7261306532663316,0.6574307304785895,0.7027707808564232,0.7355163727959698,0.6771554436752675,0.7016991818753934,0.680503144654088,0.710691823899371,0.6993710691823899,0.8633540372670807,0.8177777777777778,0.8581560283687943,0.7934272300469484,0.822429906542056,0.8690095846645367,0.7954815695600476,0.8699690402476781,0.7927927927927928,0.7946009389671361,0.5604838709677419,0.7301587301587301,0.510548523206751,0.6954732510288066,0.7242798353909465,0.5579487179487179,0.6889804325437693,0.5699797160243407,0.7183673469387755,0.6908163265306122,0.7069086021505376,0.7246684061752555,0.6927742616033755,0.7048794826572604,0.7387632943188499,0.7121991146746847,0.7053316402201046,0.7154534341711107,0.7083640013382402,0.7019655403144864,"{'cls__hidden_layer_sizes': (100,), 'cls__learning_rate': 'adaptive', 'cls__learning_rate_init': 1e-05, 'cls__max_iter': 1000, 'cls__n_iter_no_change': 5, 'cls__random_state': 42, 'os__random_state': 42}",mlp,none,simple,none,smote,0.7205750963349135
122.0,99.0,111.0,109.0,132.0,527.0,427.0,415.0,417.0,517.0,23.0,40.0,47.0,45.0,23.0,79.0,185.0,178.0,180.0,79.0,126.0,72.0,54.0,55.0,113.0,409.0,275.0,293.0,292.0,422.0,122.0,182.0,181.0,183.0,124.0,555.0,683.0,684.0,682.0,553.0,0.6208651399491094,0.7647058823529411,0.7818574514038877,0.7854077253218885,0.6458333333333334,0.6946182728410513,0.7480832420591457,0.7438825448613376,0.7429193899782135,0.6882389545737398,0.6208651399491094,0.7150127226463104,0.7430025445292621,0.7448979591836735,0.6530612244897959,0.689171974522293,0.7070063694267515,0.7,0.6995544239338001,0.6810948440483768,0.8413793103448276,0.8198198198198198,0.793859649122807,0.8026315789473685,0.8435374149659864,0.8753943217665615,0.7868663594470046,0.7935034802784223,0.7911832946635731,0.875,0.49193548387096775,0.7165354330708661,0.7702127659574468,0.7689075630252101,0.5232067510548524,0.5757261410788381,0.7129436325678496,0.7001023541453428,0.7002053388090349,0.5671794871794872,0.6666573971078976,0.7143828244491022,0.7363722057635335,0.7383498854087089,0.6874098271403293,0.722681552387604,0.7053280254342515,0.6999668600406308,0.6993489005602964,0.7173145758045087,"{'cls__algorithm': 'SAMME', 'cls__learning_rate': 0.5, 'cls__n_estimators': 10, 'cls__random_state': 42, 'os__random_state': 42}",ada,lof,simple,none,smote,0.719733906472232
128.0,121.0,112.0,110.0,116.0,531.0,535.0,424.0,426.0,434.0,22.0,25.0,48.0,44.0,38.0,83.0,83.0,180.0,184.0,176.0,109.0,103.0,81.0,74.0,67.0,429.0,432.0,269.0,276.0,301.0,139.0,149.0,156.0,169.0,176.0,546.0,539.0,717.0,704.0,679.0,0.6797066014669926,0.6995305164319249,0.7074829931972789,0.7412280701754387,0.7702407002188184,0.6807980049875313,0.6767106089139987,0.7615507169410516,0.753747323340471,0.7400544959128066,0.6708542713567839,0.678391959798995,0.6750629722921915,0.7027707808564232,0.7355163727959698,0.6777847702957835,0.6758967904342353,0.7176100628930817,0.710691823899371,0.7,0.8633540372670807,0.8563218390804598,0.7647058823529411,0.7934272300469484,0.822429906542056,0.8680445151033387,0.8665594855305466,0.7993311036789298,0.7927927927927928,0.7941520467836257,0.5604838709677419,0.5912698412698413,0.6582278481012658,0.6954732510288066,0.7242798353909465,0.56,0.5550978372811535,0.7271805273833671,0.7183673469387755,0.6928571428571428,0.7069086021505376,0.7100184822787563,0.6791139240506329,0.7048794826572604,0.7387632943188499,0.7124104234527687,0.7103968150807062,0.7145836411751273,0.7083640013382402,0.7021662763466042,"{'cls__C': 0.1, 'cls__probability': True, 'cls__random_state': 42, 'os__random_state': 42}",svc,none,simple,standard,smote,0.7196377762980907
128.0,121.0,112.0,110.0,116.0,531.0,535.0,424.0,426.0,434.0,22.0,25.0,48.0,44.0,38.0,83.0,83.0,180.0,184.0,176.0,109.0,103.0,81.0,74.0,67.0,429.0,432.0,269.0,276.0,301.0,139.0,149.0,156.0,169.0,176.0,546.0,539.0,717.0,704.0,679.0,0.6797066014669926,0.6995305164319249,0.7074829931972789,0.7412280701754387,0.7702407002188184,0.6807980049875313,0.6767106089139987,0.7615507169410516,0.753747323340471,0.7400544959128066,0.6708542713567839,0.678391959798995,0.6750629722921915,0.7027707808564232,0.7355163727959698,0.6777847702957835,0.6758967904342353,0.7176100628930817,0.710691823899371,0.7,0.8633540372670807,0.8563218390804598,0.7647058823529411,0.7934272300469484,0.822429906542056,0.8680445151033387,0.8665594855305466,0.7993311036789298,0.7927927927927928,0.7941520467836257,0.5604838709677419,0.5912698412698413,0.6582278481012658,0.6954732510288066,0.7242798353909465,0.56,0.5550978372811535,0.7271805273833671,0.7183673469387755,0.6928571428571428,0.7069086021505376,0.7100184822787563,0.6791139240506329,0.7048794826572604,0.7387632943188499,0.7124104234527687,0.7103968150807062,0.7145836411751273,0.7083640013382402,0.7021662763466042,"{'cls__C': 0.1, 'cls__probability': True, 'cls__random_state': 42, 'os__random_state': 42}",svc,none,simple,minmax,smote,0.7196377762980907
100.0,119.0,138.0,109.0,106.0,440.0,530.0,520.0,417.0,420.0,45.0,20.0,20.0,45.0,49.0,166.0,82.0,73.0,180.0,176.0,84.0,103.0,104.0,55.0,86.0,281.0,432.0,450.0,292.0,261.0,164.0,151.0,131.0,183.0,151.0,683.0,526.0,527.0,682.0,714.0,0.7177242888402625,0.7105882352941176,0.6787564766839378,0.7854077253218885,0.691075514874142,0.7534473248758964,0.6717752234993615,0.6683576410906786,0.7429193899782135,0.7656836461126005,0.6717557251908397,0.6870229007633588,0.6844783715012722,0.7448979591836735,0.6556122448979592,0.7152866242038216,0.6726114649681528,0.6668789808917197,0.6995544239338001,0.7218332272437937,0.784688995215311,0.8830409356725146,0.8675496688741722,0.8026315789473685,0.755,0.8044758539458187,0.8651315789473685,0.8783333333333333,0.7911832946635731,0.802247191011236,0.6612903225806451,0.594488188976378,0.5574468085106383,0.7689075630252101,0.6371308016877637,0.7085062240663901,0.5490605427974948,0.5394063459570113,0.7002053388090349,0.7323076923076923,0.6754727474972192,0.7253016484450235,0.7154322650148128,0.7383498854087089,0.6605008847148495,0.7172894156635582,0.7075368073464599,0.7081517395889609,0.6993489005602964,0.7185028394424368,"{'cls__C': 10, 'cls__probability': True, 'cls__random_state': 42, 'os__random_state': 42}",svc,lof,simple,standard,smote,0.7167104482028697
100.0,119.0,138.0,109.0,106.0,440.0,530.0,520.0,417.0,420.0,45.0,20.0,20.0,45.0,49.0,166.0,82.0,73.0,180.0,176.0,84.0,103.0,104.0,55.0,86.0,281.0,432.0,450.0,292.0,261.0,164.0,151.0,131.0,183.0,151.0,683.0,526.0,527.0,682.0,714.0,0.7177242888402625,0.7105882352941176,0.6787564766839378,0.7854077253218885,0.691075514874142,0.7534473248758964,0.6717752234993615,0.6683576410906786,0.7429193899782135,0.7656836461126005,0.6717557251908397,0.6870229007633588,0.6844783715012722,0.7448979591836735,0.6556122448979592,0.7152866242038216,0.6726114649681528,0.6668789808917197,0.6995544239338001,0.7218332272437937,0.784688995215311,0.8830409356725146,0.8675496688741722,0.8026315789473685,0.755,0.8044758539458187,0.8651315789473685,0.8783333333333333,0.7911832946635731,0.802247191011236,0.6612903225806451,0.594488188976378,0.5574468085106383,0.7689075630252101,0.6371308016877637,0.7085062240663901,0.5490605427974948,0.5394063459570113,0.7002053388090349,0.7323076923076923,0.6754727474972192,0.7253016484450235,0.7154322650148128,0.7383498854087089,0.6605008847148495,0.7172894156635582,0.7075368073464599,0.7081517395889609,0.6993489005602964,0.7185028394424368,"{'cls__criterion': 'entropy', 'cls__max_depth': None, 'cls__max_features': 'log2', 'cls__random_state': 42, 'os__random_state': 42}",rf,lof,simple,none,smote,0.7167104482028697
100.0,119.0,138.0,109.0,106.0,440.0,530.0,520.0,417.0,420.0,45.0,20.0,20.0,45.0,49.0,166.0,82.0,73.0,180.0,176.0,84.0,103.0,104.0,55.0,86.0,281.0,432.0,450.0,292.0,261.0,164.0,151.0,131.0,183.0,151.0,683.0,526.0,527.0,682.0,714.0,0.7177242888402625,0.7105882352941176,0.6787564766839378,0.7854077253218885,0.691075514874142,0.7534473248758964,0.6717752234993615,0.6683576410906786,0.7429193899782135,0.7656836461126005,0.6717557251908397,0.6870229007633588,0.6844783715012722,0.7448979591836735,0.6556122448979592,0.7152866242038216,0.6726114649681528,0.6668789808917197,0.6995544239338001,0.7218332272437937,0.784688995215311,0.8830409356725146,0.8675496688741722,0.8026315789473685,0.755,0.8044758539458187,0.8651315789473685,0.8783333333333333,0.7911832946635731,0.802247191011236,0.6612903225806451,0.594488188976378,0.5574468085106383,0.7689075630252101,0.6371308016877637,0.7085062240663901,0.5490605427974948,0.5394063459570113,0.7002053388090349,0.7323076923076923,0.6754727474972192,0.7253016484450235,0.7154322650148128,0.7383498854087089,0.6605008847148495,0.7172894156635582,0.7075368073464599,0.7081517395889609,0.6993489005602964,0.7185028394424368,"{'cls__C': 0.1, 'cls__probability': True, 'cls__random_state': 42, 'os__random_state': 42}",svc,lof,simple,none,smote,0.7167104482028697
100.0,119.0,138.0,109.0,106.0,440.0,530.0,520.0,417.0,420.0,45.0,20.0,20.0,45.0,49.0,166.0,82.0,73.0,180.0,176.0,84.0,103.0,104.0,55.0,86.0,281.0,432.0,450.0,292.0,261.0,164.0,151.0,131.0,183.0,151.0,683.0,526.0,527.0,682.0,714.0,0.7177242888402625,0.7105882352941176,0.6787564766839378,0.7854077253218885,0.691075514874142,0.7534473248758964,0.6717752234993615,0.6683576410906786,0.7429193899782135,0.7656836461126005,0.6717557251908397,0.6870229007633588,0.6844783715012722,0.7448979591836735,0.6556122448979592,0.7152866242038216,0.6726114649681528,0.6668789808917197,0.6995544239338001,0.7218332272437937,0.784688995215311,0.8830409356725146,0.8675496688741722,0.8026315789473685,0.755,0.8044758539458187,0.8651315789473685,0.8783333333333333,0.7911832946635731,0.802247191011236,0.6612903225806451,0.594488188976378,0.5574468085106383,0.7689075630252101,0.6371308016877637,0.7085062240663901,0.5490605427974948,0.5394063459570113,0.7002053388090349,0.7323076923076923,0.6754727474972192,0.7253016484450235,0.7154322650148128,0.7383498854087089,0.6605008847148495,0.7172894156635582,0.7075368073464599,0.7081517395889609,0.6993489005602964,0.7185028394424368,"{'cls__C': 10, 'cls__probability': True, 'cls__random_state': 42, 'os__random_state': 42}",svc,lof,simple,minmax,smote,0.7167104482028697
100.0,119.0,138.0,109.0,106.0,440.0,530.0,520.0,417.0,420.0,45.0,20.0,20.0,45.0,49.0,166.0,82.0,73.0,180.0,176.0,84.0,103.0,104.0,55.0,86.0,281.0,432.0,450.0,292.0,261.0,164.0,151.0,131.0,183.0,151.0,683.0,526.0,527.0,682.0,714.0,0.7177242888402625,0.7105882352941176,0.6787564766839378,0.7854077253218885,0.691075514874142,0.7534473248758964,0.6717752234993615,0.6683576410906786,0.7429193899782135,0.7656836461126005,0.6717557251908397,0.6870229007633588,0.6844783715012722,0.7448979591836735,0.6556122448979592,0.7152866242038216,0.6726114649681528,0.6668789808917197,0.6995544239338001,0.7218332272437937,0.784688995215311,0.8830409356725146,0.8675496688741722,0.8026315789473685,0.755,0.8044758539458187,0.8651315789473685,0.8783333333333333,0.7911832946635731,0.802247191011236,0.6612903225806451,0.594488188976378,0.5574468085106383,0.7689075630252101,0.6371308016877637,0.7085062240663901,0.5490605427974948,0.5394063459570113,0.7002053388090349,0.7323076923076923,0.6754727474972192,0.7253016484450235,0.7154322650148128,0.7383498854087089,0.6605008847148495,0.7172894156635582,0.7075368073464599,0.7081517395889609,0.6993489005602964,0.7185028394424368,"{'cls__criterion': 'gini', 'cls__max_depth': None, 'cls__max_features': 'log2', 'cls__random_state': 42, 'os__random_state': 42}",rf,lof,simple,none,smote,0.7167104482028697
105.0,121.0,111.0,133.0,116.0,444.0,537.0,424.0,525.0,433.0,45.0,25.0,49.0,21.0,38.0,170.0,81.0,180.0,85.0,177.0,82.0,103.0,81.0,108.0,66.0,284.0,433.0,267.0,428.0,300.0,166.0,149.0,156.0,135.0,177.0,691.0,538.0,719.0,552.0,680.0,0.7233115468409587,0.6995305164319249,0.7058823529411764,0.6766917293233082,0.7729257641921398,0.7527233115468409,0.6767295597484276,0.7628647214854112,0.6827458256029684,0.7403375068045726,0.6809045226130653,0.678391959798995,0.672544080604534,0.6750629722921915,0.7380352644836272,0.7142857142857143,0.6765261170547514,0.7188679245283018,0.6773584905660377,0.7,0.7867298578199052,0.8563218390804598,0.7609756097560976,0.8653846153846154,0.8232558139534883,0.8025551684088269,0.8691437802907916,0.7997775305895439,0.8665620094191523,0.793465577596266,0.6693548387096774,0.5912698412698413,0.6582278481012658,0.5555555555555556,0.7283950617283951,0.7087179487179487,0.5540679711637487,0.72920892494929,0.563265306122449,0.6938775510204082,0.6846774193548386,0.7100184822787563,0.6759889240506328,0.7095959595959596,0.7408209074875742,0.7159224922742838,0.7115000049993502,0.7155978399580887,0.7119605219136835,0.7018568082970893,"{'cls__algorithm': 'SAMME', 'cls__learning_rate': 0.5, 'cls__n_estimators': 10, 'cls__random_state': 42, 'os__random_state': 42}",ada,none,simple,none,smote,0.7156683819459015
122.0,80.0,116.0,138.0,132.0,527.0,337.0,424.0,511.0,517.0,23.0,59.0,42.0,16.0,23.0,79.0,275.0,169.0,86.0,79.0,126.0,38.0,70.0,96.0,113.0,409.0,139.0,295.0,439.0,422.0,122.0,216.0,165.0,142.0,124.0,555.0,819.0,682.0,535.0,553.0,0.6208651399491094,0.8166351606805293,0.7466063348416291,0.7171717171717172,0.6458333333333334,0.6946182728410513,0.7982456140350878,0.7461706783369804,0.670846394984326,0.6882389545737398,0.6208651399491094,0.7531806615776081,0.7150127226463104,0.7142857142857143,0.6530612244897959,0.689171974522293,0.7363057324840764,0.7044585987261146,0.6658179503500955,0.6810948440483768,0.8413793103448276,0.7854545454545454,0.7971014492753623,0.8987341772151899,0.8435374149659864,0.8753943217665615,0.7486288848263254,0.8014101057579318,0.8615136876006442,0.875,0.49193548387096775,0.8503937007874016,0.7021276595744681,0.5966386554621849,0.5232067510548524,0.5757261410788381,0.8549060542797495,0.6980552712384852,0.5492813141683778,0.5671794871794872,0.6666573971078976,0.7129666345663627,0.7181524373821708,0.7463712757830405,0.6874098271403293,0.722681552387604,0.7027798245254957,0.7065318514708446,0.7026138564141721,0.7173145758045087,"{'cls__algorithm': 'SAMME', 'cls__learning_rate': 1.0, 'cls__n_estimators': 10, 'cls__random_state': 42, 'os__random_state': 42}",ada,lof,simple,none,smote,0.7094223371952637
100.0,119.0,138.0,138.0,106.0,440.0,530.0,520.0,511.0,420.0,45.0,20.0,20.0,16.0,49.0,166.0,82.0,73.0,86.0,176.0,84.0,103.0,104.0,96.0,86.0,281.0,432.0,450.0,439.0,261.0,164.0,151.0,131.0,142.0,151.0,683.0,526.0,527.0,535.0,714.0,0.7177242888402625,0.7105882352941176,0.6787564766839378,0.7171717171717172,0.691075514874142,0.7534473248758964,0.6717752234993615,0.6683576410906786,0.670846394984326,0.7656836461126005,0.6717557251908397,0.6870229007633588,0.6844783715012722,0.7142857142857143,0.6556122448979592,0.7152866242038216,0.6726114649681528,0.6668789808917197,0.6658179503500955,0.7218332272437937,0.784688995215311,0.8830409356725146,0.8675496688741722,0.8987341772151899,0.755,0.8044758539458187,0.8651315789473685,0.8783333333333333,0.8615136876006442,0.802247191011236,0.6612903225806451,0.594488188976378,0.5574468085106383,0.5966386554621849,0.6371308016877637,0.7085062240663901,0.5490605427974948,0.5394063459570113,0.5492813141683778,0.7323076923076923,0.6754727474972192,0.7253016484450235,0.7154322650148128,0.7463712757830405,0.6605008847148495,0.7172894156635582,0.7075368073464599,0.7081517395889609,0.7026138564141721,0.7185028394424368,"{'cls__C': 10, 'cls__probability': True, 'cls__random_state': 42, 'os__random_state': 42}",svc,lof,simple,none,smote,0.7030632465728355
100.0,119.0,138.0,138.0,106.0,440.0,530.0,520.0,511.0,420.0,45.0,20.0,20.0,16.0,49.0,166.0,82.0,73.0,86.0,176.0,84.0,103.0,104.0,96.0,86.0,281.0,432.0,450.0,439.0,261.0,164.0,151.0,131.0,142.0,151.0,683.0,526.0,527.0,535.0,714.0,0.7177242888402625,0.7105882352941176,0.6787564766839378,0.7171717171717172,0.691075514874142,0.7534473248758964,0.6717752234993615,0.6683576410906786,0.670846394984326,0.7656836461126005,0.6717557251908397,0.6870229007633588,0.6844783715012722,0.7142857142857143,0.6556122448979592,0.7152866242038216,0.6726114649681528,0.6668789808917197,0.6658179503500955,0.7218332272437937,0.784688995215311,0.8830409356725146,0.8675496688741722,0.8987341772151899,0.755,0.8044758539458187,0.8651315789473685,0.8783333333333333,0.8615136876006442,0.802247191011236,0.6612903225806451,0.594488188976378,0.5574468085106383,0.5966386554621849,0.6371308016877637,0.7085062240663901,0.5490605427974948,0.5394063459570113,0.5492813141683778,0.7323076923076923,0.6754727474972192,0.7253016484450235,0.7154322650148128,0.7463712757830405,0.6605008847148495,0.7172894156635582,0.7075368073464599,0.7081517395889609,0.7026138564141721,0.7185028394424368,"{'cls__C': 1, 'cls__probability': True, 'cls__random_state': 42, 'os__random_state': 42}",svc,lof,simple,none,smote,0.7030632465728355
100.0,119.0,138.0,138.0,106.0,440.0,530.0,520.0,511.0,420.0,45.0,20.0,20.0,16.0,49.0,166.0,82.0,73.0,86.0,176.0,84.0,103.0,104.0,96.0,86.0,281.0,432.0,450.0,439.0,261.0,164.0,151.0,131.0,142.0,151.0,683.0,526.0,527.0,535.0,714.0,0.7177242888402625,0.7105882352941176,0.6787564766839378,0.7171717171717172,0.691075514874142,0.7534473248758964,0.6717752234993615,0.6683576410906786,0.670846394984326,0.7656836461126005,0.6717557251908397,0.6870229007633588,0.6844783715012722,0.7142857142857143,0.6556122448979592,0.7152866242038216,0.6726114649681528,0.6668789808917197,0.6658179503500955,0.7218332272437937,0.784688995215311,0.8830409356725146,0.8675496688741722,0.8987341772151899,0.755,0.8044758539458187,0.8651315789473685,0.8783333333333333,0.8615136876006442,0.802247191011236,0.6612903225806451,0.594488188976378,0.5574468085106383,0.5966386554621849,0.6371308016877637,0.7085062240663901,0.5490605427974948,0.5394063459570113,0.5492813141683778,0.7323076923076923,0.6754727474972192,0.7253016484450235,0.7154322650148128,0.7463712757830405,0.6605008847148495,0.7172894156635582,0.7075368073464599,0.7081517395889609,0.7026138564141721,0.7185028394424368,"{'cls__C': 1, 'cls__probability': True, 'cls__random_state': 42, 'os__random_state': 42}",svc,lof,simple,standard,smote,0.7030632465728355
100.0,119.0,138.0,138.0,106.0,440.0,530.0,520.0,511.0,420.0,45.0,20.0,20.0,16.0,49.0,166.0,82.0,73.0,86.0,176.0,84.0,103.0,104.0,96.0,86.0,281.0,432.0,450.0,439.0,261.0,164.0,151.0,131.0,142.0,151.0,683.0,526.0,527.0,535.0,714.0,0.7177242888402625,0.7105882352941176,0.6787564766839378,0.7171717171717172,0.691075514874142,0.7534473248758964,0.6717752234993615,0.6683576410906786,0.670846394984326,0.7656836461126005,0.6717557251908397,0.6870229007633588,0.6844783715012722,0.7142857142857143,0.6556122448979592,0.7152866242038216,0.6726114649681528,0.6668789808917197,0.6658179503500955,0.7218332272437937,0.784688995215311,0.8830409356725146,0.8675496688741722,0.8987341772151899,0.755,0.8044758539458187,0.8651315789473685,0.8783333333333333,0.8615136876006442,0.802247191011236,0.6612903225806451,0.594488188976378,0.5574468085106383,0.5966386554621849,0.6371308016877637,0.7085062240663901,0.5490605427974948,0.5394063459570113,0.5492813141683778,0.7323076923076923,0.6754727474972192,0.7253016484450235,0.7154322650148128,0.7463712757830405,0.6605008847148495,0.7172894156635582,0.7075368073464599,0.7081517395889609,0.7026138564141721,0.7185028394424368,"{'cls__C': 1, 'cls__probability': True, 'cls__random_state': 42, 'os__random_state': 42}",svc,lof,simple,minmax,smote,0.7030632465728355
122.0,119.0,138.0,109.0,106.0,527.0,530.0,511.0,417.0,420.0,23.0,20.0,20.0,45.0,49.0,79.0,82.0,82.0,180.0,176.0,126.0,103.0,97.0,55.0,86.0,409.0,432.0,438.0,292.0,261.0,122.0,151.0,138.0,183.0,151.0,555.0,526.0,539.0,682.0,714.0,0.6208651399491094,0.7105882352941176,0.7022900763358778,0.7854077253218885,0.691075514874142,0.6946182728410513,0.6717752234993615,0.6745932415519399,0.7429193899782135,0.7656836461126005,0.6208651399491094,0.6870229007633588,0.7022900763358778,0.7448979591836735,0.6556122448979592,0.689171974522293,0.6726114649681528,0.6687898089171974,0.6995544239338001,0.7218332272437937,0.8413793103448276,0.8830409356725146,0.8734177215189873,0.8026315789473685,0.755,0.8753943217665615,0.8651315789473685,0.8679549114331723,0.7911832946635731,0.802247191011236,0.49193548387096775,0.594488188976378,0.5872340425531914,0.7689075630252101,0.6371308016877637,0.5757261410788381,0.5490605427974948,0.5516888433981576,0.7002053388090349,0.7323076923076923,0.6666573971078976,0.7253016484450235,0.7303258820360894,0.7383498854087089,0.6605008847148495,0.722681552387604,0.7075368073464599,0.7067044554258916,0.6993489005602964,0.7185028394424368,"{'cls__hidden_layer_sizes': (100,), 'cls__learning_rate': 'adaptive', 'cls__learning_rate_init': 0.001, 'cls__max_iter': 1000, 'cls__n_iter_no_change': 5, 'cls__random_state': 42, 'os__random_state': 42}",mlp,lof,simple,none,smote,0.702045338355027
122.0,99.0,138.0,100.0,132.0,527.0,427.0,511.0,394.0,517.0,23.0,40.0,20.0,54.0,23.0,79.0,185.0,82.0,203.0,79.0,126.0,72.0,97.0,53.0,113.0,409.0,275.0,438.0,283.0,422.0,122.0,182.0,138.0,185.0,124.0,555.0,683.0,539.0,691.0,553.0,0.6208651399491094,0.7647058823529411,0.7022900763358778,0.7756813417190774,0.6458333333333334,0.6946182728410513,0.7480832420591457,0.6745932415519399,0.7398286937901499,0.6882389545737398,0.6208651399491094,0.7150127226463104,0.7022900763358778,0.7270408163265306,0.6530612244897959,0.689171974522293,0.7070063694267515,0.6687898089171974,0.6906429026098027,0.6810948440483768,0.8413793103448276,0.8198198198198198,0.8734177215189873,0.7740585774058577,0.8435374149659864,0.8753943217665615,0.7868663594470046,0.8679549114331723,0.772930648769575,0.875,0.49193548387096775,0.7165354330708661,0.5872340425531914,0.7773109243697479,0.5232067510548524,0.5757261410788381,0.7129436325678496,0.5516888433981576,0.7094455852156057,0.5671794871794872,0.6666573971078976,0.7143828244491022,0.7303258820360894,0.7133307868601986,0.6874098271403293,0.722681552387604,0.7053280254342515,0.7067044554258916,0.6847060421890424,0.7173145758045087,"{'cls__algorithm': 'SAMME', 'cls__learning_rate': 0.1, 'cls__n_estimators': 50, 'cls__random_state': 42, 'os__random_state': 42}",ada,lof,simple,none,smote,0.7018751547380678
100.0,119.0,138.0,138.0,132.0,440.0,530.0,511.0,511.0,517.0,45.0,20.0,20.0,16.0,23.0,166.0,82.0,82.0,86.0,79.0,84.0,103.0,97.0,96.0,113.0,281.0,432.0,438.0,439.0,422.0,164.0,151.0,138.0,142.0,124.0,683.0,526.0,539.0,535.0,553.0,0.7177242888402625,0.7105882352941176,0.7022900763358778,0.7171717171717172,0.6458333333333334,0.7534473248758964,0.6717752234993615,0.6745932415519399,0.670846394984326,0.6882389545737398,0.6717557251908397,0.6870229007633588,0.7022900763358778,0.7142857142857143,0.6530612244897959,0.7152866242038216,0.6726114649681528,0.6687898089171974,0.6658179503500955,0.6810948440483768,0.784688995215311,0.8830409356725146,0.8734177215189873,0.8987341772151899,0.8435374149659864,0.8044758539458187,0.8651315789473685,0.8679549114331723,0.8615136876006442,0.875,0.6612903225806451,0.594488188976378,0.5872340425531914,0.5966386554621849,0.5232067510548524,0.7085062240663901,0.5490605427974948,0.5516888433981576,0.5492813141683778,0.5671794871794872,0.6754727474972192,0.7253016484450235,0.7303258820360894,0.7463712757830405,0.6874098271403293,0.7172894156635582,0.7075368073464599,0.7067044554258916,0.7026138564141721,0.7173145758045087,"{'cls__criterion': 'gini', 'cls__max_depth': 2, 'cls__max_features': 'log2', 'cls__random_state': 42, 'os__random_state': 42}",rf,lof,simple,none,smote,0.6987215301950618
100.0,119.0,138.0,138.0,132.0,440.0,530.0,511.0,511.0,517.0,45.0,20.0,20.0,16.0,23.0,166.0,82.0,82.0,86.0,79.0,84.0,103.0,97.0,96.0,113.0,281.0,432.0,438.0,439.0,422.0,164.0,151.0,138.0,142.0,124.0,683.0,526.0,539.0,535.0,553.0,0.7177242888402625,0.7105882352941176,0.7022900763358778,0.7171717171717172,0.6458333333333334,0.7534473248758964,0.6717752234993615,0.6745932415519399,0.670846394984326,0.6882389545737398,0.6717557251908397,0.6870229007633588,0.7022900763358778,0.7142857142857143,0.6530612244897959,0.7152866242038216,0.6726114649681528,0.6687898089171974,0.6658179503500955,0.6810948440483768,0.784688995215311,0.8830409356725146,0.8734177215189873,0.8987341772151899,0.8435374149659864,0.8044758539458187,0.8651315789473685,0.8679549114331723,0.8615136876006442,0.875,0.6612903225806451,0.594488188976378,0.5872340425531914,0.5966386554621849,0.5232067510548524,0.7085062240663901,0.5490605427974948,0.5516888433981576,0.5492813141683778,0.5671794871794872,0.6754727474972192,0.7253016484450235,0.7303258820360894,0.7463712757830405,0.6874098271403293,0.7172894156635582,0.7075368073464599,0.7067044554258916,0.7026138564141721,0.7173145758045087,"{'cls__criterion': 'entropy', 'cls__max_depth': 2, 'cls__max_features': 'log2', 'cls__random_state': 42, 'os__random_state': 42}",rf,lof,simple,none,smote,0.6987215301950618
100.0,119.0,138.0,138.0,132.0,440.0,530.0,511.0,511.0,517.0,45.0,20.0,20.0,16.0,23.0,166.0,82.0,82.0,86.0,79.0,84.0,103.0,97.0,96.0,113.0,281.0,432.0,438.0,439.0,422.0,164.0,151.0,138.0,142.0,124.0,683.0,526.0,539.0,535.0,553.0,0.7177242888402625,0.7105882352941176,0.7022900763358778,0.7171717171717172,0.6458333333333334,0.7534473248758964,0.6717752234993615,0.6745932415519399,0.670846394984326,0.6882389545737398,0.6717557251908397,0.6870229007633588,0.7022900763358778,0.7142857142857143,0.6530612244897959,0.7152866242038216,0.6726114649681528,0.6687898089171974,0.6658179503500955,0.6810948440483768,0.784688995215311,0.8830409356725146,0.8734177215189873,0.8987341772151899,0.8435374149659864,0.8044758539458187,0.8651315789473685,0.8679549114331723,0.8615136876006442,0.875,0.6612903225806451,0.594488188976378,0.5872340425531914,0.5966386554621849,0.5232067510548524,0.7085062240663901,0.5490605427974948,0.5516888433981576,0.5492813141683778,0.5671794871794872,0.6754727474972192,0.7253016484450235,0.7303258820360894,0.7463712757830405,0.6874098271403293,0.7172894156635582,0.7075368073464599,0.7067044554258916,0.7026138564141721,0.7173145758045087,"{'cls__C': 0.1, 'cls__probability': True, 'cls__random_state': 42, 'os__random_state': 42}",svc,lof,simple,standard,smote,0.6987215301950618
100.0,119.0,138.0,138.0,132.0,440.0,530.0,511.0,511.0,517.0,45.0,20.0,20.0,16.0,23.0,166.0,82.0,82.0,86.0,79.0,84.0,103.0,97.0,96.0,113.0,281.0,432.0,438.0,439.0,422.0,164.0,151.0,138.0,142.0,124.0,683.0,526.0,539.0,535.0,553.0,0.7177242888402625,0.7105882352941176,0.7022900763358778,0.7171717171717172,0.6458333333333334,0.7534473248758964,0.6717752234993615,0.6745932415519399,0.670846394984326,0.6882389545737398,0.6717557251908397,0.6870229007633588,0.7022900763358778,0.7142857142857143,0.6530612244897959,0.7152866242038216,0.6726114649681528,0.6687898089171974,0.6658179503500955,0.6810948440483768,0.784688995215311,0.8830409356725146,0.8734177215189873,0.8987341772151899,0.8435374149659864,0.8044758539458187,0.8651315789473685,0.8679549114331723,0.8615136876006442,0.875,0.6612903225806451,0.594488188976378,0.5872340425531914,0.5966386554621849,0.5232067510548524,0.7085062240663901,0.5490605427974948,0.5516888433981576,0.5492813141683778,0.5671794871794872,0.6754727474972192,0.7253016484450235,0.7303258820360894,0.7463712757830405,0.6874098271403293,0.7172894156635582,0.7075368073464599,0.7067044554258916,0.7026138564141721,0.7173145758045087,"{'cls__C': 0.1, 'cls__probability': True, 'cls__random_state': 42, 'os__random_state': 42}",svc,lof,simple,minmax,smote,0.6987215301950618
100.0,119.0,138.0,138.0,132.0,440.0,530.0,520.0,511.0,517.0,45.0,20.0,20.0,16.0,23.0,166.0,82.0,73.0,86.0,79.0,84.0,103.0,104.0,96.0,113.0,281.0,432.0,450.0,439.0,422.0,164.0,151.0,131.0,142.0,124.0,683.0,526.0,527.0,535.0,553.0,0.7177242888402625,0.7105882352941176,0.6787564766839378,0.7171717171717172,0.6458333333333334,0.7534473248758964,0.6717752234993615,0.6683576410906786,0.670846394984326,0.6882389545737398,0.6717557251908397,0.6870229007633588,0.6844783715012722,0.7142857142857143,0.6530612244897959,0.7152866242038216,0.6726114649681528,0.6668789808917197,0.6658179503500955,0.6810948440483768,0.784688995215311,0.8830409356725146,0.8675496688741722,0.8987341772151899,0.8435374149659864,0.8044758539458187,0.8651315789473685,0.8783333333333333,0.8615136876006442,0.875,0.6612903225806451,0.594488188976378,0.5574468085106383,0.5966386554621849,0.5232067510548524,0.7085062240663901,0.5490605427974948,0.5394063459570113,0.5492813141683778,0.5671794871794872,0.6754727474972192,0.7253016484450235,0.7154322650148128,0.7463712757830405,0.6874098271403293,0.7172894156635582,0.7075368073464599,0.7081517395889609,0.7026138564141721,0.7173145758045087,"{'cls__criterion': 'gini', 'cls__max_depth': 4, 'cls__max_features': 'log2', 'cls__random_state': 42, 'os__random_state': 42}",rf,lof,simple,none,smote,0.6940148102646737
100.0,119.0,138.0,138.0,132.0,440.0,530.0,520.0,511.0,517.0,45.0,20.0,20.0,16.0,23.0,166.0,82.0,73.0,86.0,79.0,84.0,103.0,104.0,96.0,113.0,281.0,432.0,450.0,439.0,422.0,164.0,151.0,131.0,142.0,124.0,683.0,526.0,527.0,535.0,553.0,0.7177242888402625,0.7105882352941176,0.6787564766839378,0.7171717171717172,0.6458333333333334,0.7534473248758964,0.6717752234993615,0.6683576410906786,0.670846394984326,0.6882389545737398,0.6717557251908397,0.6870229007633588,0.6844783715012722,0.7142857142857143,0.6530612244897959,0.7152866242038216,0.6726114649681528,0.6668789808917197,0.6658179503500955,0.6810948440483768,0.784688995215311,0.8830409356725146,0.8675496688741722,0.8987341772151899,0.8435374149659864,0.8044758539458187,0.8651315789473685,0.8783333333333333,0.8615136876006442,0.875,0.6612903225806451,0.594488188976378,0.5574468085106383,0.5966386554621849,0.5232067510548524,0.7085062240663901,0.5490605427974948,0.5394063459570113,0.5492813141683778,0.5671794871794872,0.6754727474972192,0.7253016484450235,0.7154322650148128,0.7463712757830405,0.6874098271403293,0.7172894156635582,0.7075368073464599,0.7081517395889609,0.7026138564141721,0.7173145758045087,"{'cls__criterion': 'entropy', 'cls__max_depth': 4, 'cls__max_features': 'log2', 'cls__random_state': 42, 'os__random_state': 42}",rf,lof,simple,none,smote,0.6940148102646737
128.0,121.0,139.0,132.0,117.0,530.0,535.0,519.0,524.0,434.0,22.0,25.0,21.0,22.0,37.0,84.0,83.0,85.0,86.0,176.0,109.0,103.0,116.0,108.0,67.0,427.0,432.0,420.0,427.0,305.0,139.0,149.0,121.0,135.0,176.0,548.0,539.0,566.0,553.0,675.0,0.6797066014669926,0.6995305164319249,0.6385224274406333,0.675,0.7719298245614035,0.6820161792159304,0.6767106089139987,0.691508857666463,0.6831377393452748,0.7373020207536866,0.6708542713567839,0.678391959798995,0.654911838790932,0.672544080604534,0.7380352644836272,0.6784140969162996,0.6758967904342353,0.6823899371069182,0.6773584905660377,0.6974842767295597,0.8633540372670807,0.8563218390804598,0.852112676056338,0.8598726114649682,0.8262910798122066,0.8670886075949367,0.8665594855305466,0.869431643625192,0.865414710485133,0.7931844888366627,0.5604838709677419,0.5912698412698413,0.510548523206751,0.5555555555555556,0.7242798353909465,0.5620512820512821,0.5550978372811535,0.5740365111561866,0.5642857142857143,0.6887755102040817,0.7069086021505376,0.7100184822787563,0.6896492616033755,0.7063492063492064,0.7420100475656032,0.7126217322308528,0.7103968150807062,0.7166540171674973,0.7116510538641686,0.7001254600200737,"{'cls__criterion': 'entropy', 'cls__max_depth': 2, 'cls__max_features': 'log2', 'cls__random_state': 42, 'os__random_state': 42}",rf,none,simple,none,smote,0.6929378739801908
128.0,121.0,139.0,132.0,117.0,530.0,537.0,519.0,524.0,435.0,22.0,25.0,21.0,22.0,37.0,84.0,81.0,85.0,86.0,175.0,109.0,103.0,116.0,108.0,68.0,427.0,433.0,420.0,427.0,306.0,139.0,149.0,121.0,135.0,175.0,548.0,538.0,566.0,553.0,674.0,0.6797066014669926,0.6995305164319249,0.6385224274406333,0.675,0.7692307692307694,0.6820161792159304,0.6767295597484276,0.691508857666463,0.6831377393452748,0.7370147621651176,0.6708542713567839,0.678391959798995,0.654911838790932,0.672544080604534,0.7355163727959698,0.6784140969162996,0.6765261170547514,0.6823899371069182,0.6773584905660377,0.6974842767295597,0.8633540372670807,0.8563218390804598,0.852112676056338,0.8598726114649682,0.8254716981132075,0.8670886075949367,0.8691437802907916,0.869431643625192,0.865414710485133,0.7938751472320377,0.5604838709677419,0.5912698412698413,0.510548523206751,0.5555555555555556,0.720164609053498,0.5620512820512821,0.5540679711637487,0.5740365111561866,0.5642857142857143,0.6877551020408164,0.7069086021505376,0.7100184822787563,0.6896492616033755,0.7063492063492064,0.7399524343968787,0.7126217322308528,0.7115000049993502,0.7166540171674973,0.7116510538641686,0.7004349280695885,"{'cls__criterion': 'gini', 'cls__max_depth': 2, 'cls__max_features': 'log2', 'cls__random_state': 42, 'os__random_state': 42}",rf,none,simple,none,smote,0.692398062914064
128.0,121.0,139.0,133.0,116.0,530.0,537.0,519.0,527.0,433.0,22.0,25.0,21.0,21.0,38.0,84.0,81.0,85.0,83.0,177.0,109.0,103.0,116.0,110.0,66.0,427.0,433.0,420.0,430.0,300.0,139.0,149.0,121.0,133.0,177.0,548.0,538.0,566.0,550.0,680.0,0.6797066014669926,0.6995305164319249,0.6385224274406333,0.6700251889168766,0.7729257641921398,0.6820161792159304,0.6767295597484276,0.691508857666463,0.6819590824550528,0.7403375068045726,0.6708542713567839,0.678391959798995,0.654911838790932,0.6700251889168766,0.7380352644836272,0.6784140969162996,0.6765261170547514,0.6823899371069182,0.6773584905660377,0.7,0.8633540372670807,0.8563218390804598,0.852112676056338,0.8636363636363636,0.8232558139534883,0.8670886075949367,0.8691437802907916,0.869431643625192,0.8688783570300158,0.793465577596266,0.5604838709677419,0.5912698412698413,0.510548523206751,0.5473251028806584,0.7283950617283951,0.5620512820512821,0.5540679711637487,0.5740365111561866,0.5612244897959183,0.6938775510204082,0.7069086021505376,0.7100184822787563,0.6896492616033755,0.7054807332585111,0.7408209074875742,0.7126217322308528,0.7115000049993502,0.7166540171674973,0.7125794580127133,0.7018568082970893,"{'cls__criterion': 'gini', 'cls__max_depth': 4, 'cls__max_features': 'log2', 'cls__random_state': 42, 'os__random_state': 42}",rf,none,simple,none,smote,0.6921420996897134
128.0,121.0,139.0,133.0,116.0,530.0,537.0,519.0,527.0,433.0,22.0,25.0,21.0,21.0,38.0,84.0,81.0,85.0,83.0,177.0,109.0,103.0,116.0,110.0,66.0,427.0,433.0,420.0,430.0,300.0,139.0,149.0,121.0,133.0,177.0,548.0,538.0,566.0,550.0,680.0,0.6797066014669926,0.6995305164319249,0.6385224274406333,0.6700251889168766,0.7729257641921398,0.6820161792159304,0.6767295597484276,0.691508857666463,0.6819590824550528,0.7403375068045726,0.6708542713567839,0.678391959798995,0.654911838790932,0.6700251889168766,0.7380352644836272,0.6784140969162996,0.6765261170547514,0.6823899371069182,0.6773584905660377,0.7,0.8633540372670807,0.8563218390804598,0.852112676056338,0.8636363636363636,0.8232558139534883,0.8670886075949367,0.8691437802907916,0.869431643625192,0.8688783570300158,0.793465577596266,0.5604838709677419,0.5912698412698413,0.510548523206751,0.5473251028806584,0.7283950617283951,0.5620512820512821,0.5540679711637487,0.5740365111561866,0.5612244897959183,0.6938775510204082,0.7069086021505376,0.7100184822787563,0.6896492616033755,0.7054807332585111,0.7408209074875742,0.7126217322308528,0.7115000049993502,0.7166540171674973,0.7125794580127133,0.7018568082970893,"{'cls__criterion': 'entropy', 'cls__max_depth': 4, 'cls__max_features': 'log2', 'cls__random_state': 42, 'os__random_state': 42}",rf,none,simple,none,smote,0.6921420996897134
125.0,91.0,138.0,102.0,135.0,533.0,412.0,520.0,401.0,523.0,20.0,48.0,20.0,52.0,20.0,73.0,200.0,73.0,196.0,73.0,131.0,73.0,104.0,56.0,115.0,423.0,282.0,450.0,299.0,439.0,117.0,181.0,131.0,182.0,122.0,541.0,676.0,527.0,675.0,536.0,0.6077922077922078,0.7494824016563146,0.6787564766839378,0.7711864406779662,0.6437994722955145,0.6856780735107731,0.7371864776444929,0.6683576410906786,0.7317073170731707,0.6767676767676768,0.6157760814249363,0.6921119592875318,0.6844783715012722,0.7244897959183674,0.6556122448979592,0.6840764331210191,0.6929936305732484,0.6668789808917197,0.6849140674729471,0.6740929344366645,0.8540145985401459,0.7903930131004366,0.8675496688741722,0.7777777777777778,0.8591549295774648,0.8811074918566775,0.771689497716895,0.8783333333333333,0.7749712973593571,0.8801313628899836,0.4717741935483871,0.7125984251968503,0.5574468085106383,0.7647058823529411,0.5147679324894515,0.5612033195020747,0.7056367432150313,0.5394063459570113,0.6930184804928131,0.5497435897435897,0.6669215795328142,0.6836373420948281,0.7154322650148128,0.7135217723453018,0.6928678372124677,0.7203706366487271,0.6894196787970582,0.7081517395889609,0.6823551363938102,0.71363018413354,"{'cls__algorithm': 'SAMME', 'cls__learning_rate': 0.1, 'cls__n_estimators': 10, 'cls__random_state': 42, 'os__random_state': 42}",ada,lof,simple,none,smote,0.6902033998211883
128.0,121.0,139.0,132.0,137.0,531.0,536.0,518.0,525.0,520.0,22.0,25.0,21.0,22.0,17.0,83.0,82.0,86.0,85.0,90.0,109.0,103.0,115.0,109.0,101.0,429.0,434.0,422.0,428.0,436.0,139.0,149.0,122.0,134.0,142.0,546.0,537.0,564.0,552.0,544.0,0.6797066014669926,0.6995305164319249,0.6421052631578946,0.6716791979949874,0.7064676616915424,0.6807980049875313,0.6754716981132075,0.6894865525672372,0.6827458256029684,0.6741016109045849,0.6708542713567839,0.678391959798995,0.6574307304785895,0.6700251889168766,0.7027707808564232,0.6777847702957835,0.6752674638137193,0.680503144654088,0.6773584905660377,0.6691823899371069,0.8633540372670807,0.8563218390804598,0.8531468531468531,0.8589743589743589,0.8930817610062893,0.8680445151033387,0.8675282714054927,0.8676923076923077,0.8665620094191523,0.8580441640378549,0.5604838709677419,0.5912698412698413,0.5147679324894515,0.551440329218107,0.5843621399176955,0.56,0.553038105046344,0.5720081135902637,0.563265306122449,0.5551020408163265,0.7069086021505376,0.7100184822787563,0.6917589662447258,0.7042915931804821,0.7369862647640425,0.7124104234527687,0.7101760104519746,0.7148120038149994,0.7119605219136835,0.7037805286048846,"{'cls__hidden_layer_sizes': (100,), 'cls__learning_rate': 'adaptive', 'cls__learning_rate_init': 1e-05, 'cls__max_iter': 1000, 'cls__n_iter_no_change': 5, 'cls__random_state': 42, 'os__random_state': 42}",mlp,none,simple,minmax,smote,0.6798978481486684
122.0,119.0,138.0,138.0,132.0,527.0,530.0,511.0,511.0,517.0,23.0,20.0,20.0,16.0,23.0,79.0,82.0,82.0,86.0,79.0,126.0,103.0,97.0,96.0,113.0,409.0,432.0,438.0,439.0,422.0,122.0,151.0,138.0,142.0,124.0,555.0,526.0,539.0,535.0,553.0,0.6208651399491094,0.7105882352941176,0.7022900763358778,0.7171717171717172,0.6458333333333334,0.6946182728410513,0.6717752234993615,0.6745932415519399,0.670846394984326,0.6882389545737398,0.6208651399491094,0.6870229007633588,0.7022900763358778,0.7142857142857143,0.6530612244897959,0.689171974522293,0.6726114649681528,0.6687898089171974,0.6658179503500955,0.6810948440483768,0.8413793103448276,0.8830409356725146,0.8734177215189873,0.8987341772151899,0.8435374149659864,0.8753943217665615,0.8651315789473685,0.8679549114331723,0.8615136876006442,0.875,0.49193548387096775,0.594488188976378,0.5872340425531914,0.5966386554621849,0.5232067510548524,0.5757261410788381,0.5490605427974948,0.5516888433981576,0.5492813141683778,0.5671794871794872,0.6666573971078976,0.7253016484450235,0.7303258820360894,0.7463712757830405,0.6874098271403293,0.722681552387604,0.7075368073464599,0.7067044554258916,0.7026138564141721,0.7173145758045087,{'os__random_state': 42},nb,lof,simple,standard,smote,0.6793497004168311
122.0,119.0,138.0,138.0,132.0,527.0,530.0,511.0,511.0,517.0,23.0,20.0,20.0,16.0,23.0,79.0,82.0,82.0,86.0,79.0,126.0,103.0,97.0,96.0,113.0,409.0,432.0,438.0,439.0,422.0,122.0,151.0,138.0,142.0,124.0,555.0,526.0,539.0,535.0,553.0,0.6208651399491094,0.7105882352941176,0.7022900763358778,0.7171717171717172,0.6458333333333334,0.6946182728410513,0.6717752234993615,0.6745932415519399,0.670846394984326,0.6882389545737398,0.6208651399491094,0.6870229007633588,0.7022900763358778,0.7142857142857143,0.6530612244897959,0.689171974522293,0.6726114649681528,0.6687898089171974,0.6658179503500955,0.6810948440483768,0.8413793103448276,0.8830409356725146,0.8734177215189873,0.8987341772151899,0.8435374149659864,0.8753943217665615,0.8651315789473685,0.8679549114331723,0.8615136876006442,0.875,0.49193548387096775,0.594488188976378,0.5872340425531914,0.5966386554621849,0.5232067510548524,0.5757261410788381,0.5490605427974948,0.5516888433981576,0.5492813141683778,0.5671794871794872,0.6666573971078976,0.7253016484450235,0.7303258820360894,0.7463712757830405,0.6874098271403293,0.722681552387604,0.7075368073464599,0.7067044554258916,0.7026138564141721,0.7173145758045087,"{'cls__hidden_layer_sizes': (100,), 'cls__learning_rate': 'adaptive', 'cls__learning_rate_init': 0.001, 'cls__max_iter': 1000, 'cls__n_iter_no_change': 5, 'cls__random_state': 42, 'os__random_state': 42}",mlp,lof,simple,standard,smote,0.6793497004168311
122.0,119.0,138.0,138.0,132.0,527.0,530.0,511.0,511.0,517.0,23.0,20.0,20.0,16.0,23.0,79.0,82.0,82.0,86.0,79.0,126.0,103.0,97.0,96.0,113.0,409.0,432.0,438.0,439.0,422.0,122.0,151.0,138.0,142.0,124.0,555.0,526.0,539.0,535.0,553.0,0.6208651399491094,0.7105882352941176,0.7022900763358778,0.7171717171717172,0.6458333333333334,0.6946182728410513,0.6717752234993615,0.6745932415519399,0.670846394984326,0.6882389545737398,0.6208651399491094,0.6870229007633588,0.7022900763358778,0.7142857142857143,0.6530612244897959,0.689171974522293,0.6726114649681528,0.6687898089171974,0.6658179503500955,0.6810948440483768,0.8413793103448276,0.8830409356725146,0.8734177215189873,0.8987341772151899,0.8435374149659864,0.8753943217665615,0.8651315789473685,0.8679549114331723,0.8615136876006442,0.875,0.49193548387096775,0.594488188976378,0.5872340425531914,0.5966386554621849,0.5232067510548524,0.5757261410788381,0.5490605427974948,0.5516888433981576,0.5492813141683778,0.5671794871794872,0.6666573971078976,0.7253016484450235,0.7303258820360894,0.7463712757830405,0.6874098271403293,0.722681552387604,0.7075368073464599,0.7067044554258916,0.7026138564141721,0.7173145758045087,{},nb,lof,simple,minmax,none,0.6793497004168311
122.0,119.0,138.0,138.0,132.0,527.0,530.0,511.0,511.0,517.0,23.0,20.0,20.0,16.0,23.0,79.0,82.0,82.0,86.0,79.0,126.0,103.0,97.0,96.0,113.0,409.0,432.0,438.0,439.0,422.0,122.0,151.0,138.0,142.0,124.0,555.0,526.0,539.0,535.0,553.0,0.6208651399491094,0.7105882352941176,0.7022900763358778,0.7171717171717172,0.6458333333333334,0.6946182728410513,0.6717752234993615,0.6745932415519399,0.670846394984326,0.6882389545737398,0.6208651399491094,0.6870229007633588,0.7022900763358778,0.7142857142857143,0.6530612244897959,0.689171974522293,0.6726114649681528,0.6687898089171974,0.6658179503500955,0.6810948440483768,0.8413793103448276,0.8830409356725146,0.8734177215189873,0.8987341772151899,0.8435374149659864,0.8753943217665615,0.8651315789473685,0.8679549114331723,0.8615136876006442,0.875,0.49193548387096775,0.594488188976378,0.5872340425531914,0.5966386554621849,0.5232067510548524,0.5757261410788381,0.5490605427974948,0.5516888433981576,0.5492813141683778,0.5671794871794872,0.6666573971078976,0.7253016484450235,0.7303258820360894,0.7463712757830405,0.6874098271403293,0.722681552387604,0.7075368073464599,0.7067044554258916,0.7026138564141721,0.7173145758045087,{},nb,lof,simple,standard,none,0.6793497004168311
122.0,119.0,138.0,138.0,132.0,527.0,530.0,511.0,511.0,517.0,23.0,20.0,20.0,16.0,23.0,79.0,82.0,82.0,86.0,79.0,126.0,103.0,97.0,96.0,113.0,409.0,432.0,438.0,439.0,422.0,122.0,151.0,138.0,142.0,124.0,555.0,526.0,539.0,535.0,553.0,0.6208651399491094,0.7105882352941176,0.7022900763358778,0.7171717171717172,0.6458333333333334,0.6946182728410513,0.6717752234993615,0.6745932415519399,0.670846394984326,0.6882389545737398,0.6208651399491094,0.6870229007633588,0.7022900763358778,0.7142857142857143,0.6530612244897959,0.689171974522293,0.6726114649681528,0.6687898089171974,0.6658179503500955,0.6810948440483768,0.8413793103448276,0.8830409356725146,0.8734177215189873,0.8987341772151899,0.8435374149659864,0.8753943217665615,0.8651315789473685,0.8679549114331723,0.8615136876006442,0.875,0.49193548387096775,0.594488188976378,0.5872340425531914,0.5966386554621849,0.5232067510548524,0.5757261410788381,0.5490605427974948,0.5516888433981576,0.5492813141683778,0.5671794871794872,0.6666573971078976,0.7253016484450235,0.7303258820360894,0.7463712757830405,0.6874098271403293,0.722681552387604,0.7075368073464599,0.7067044554258916,0.7026138564141721,0.7173145758045087,"{'cls__hidden_layer_sizes': (100,), 'cls__learning_rate': 'adaptive', 'cls__learning_rate_init': 1e-05, 'cls__max_iter': 1000, 'cls__n_iter_no_change': 5, 'cls__random_state': 42, 'os__random_state': 42}",mlp,lof,simple,minmax,smote,0.6793497004168311
122.0,119.0,138.0,138.0,132.0,527.0,530.0,511.0,511.0,517.0,23.0,20.0,20.0,16.0,23.0,79.0,82.0,82.0,86.0,79.0,126.0,103.0,97.0,96.0,113.0,409.0,432.0,438.0,439.0,422.0,122.0,151.0,138.0,142.0,124.0,555.0,526.0,539.0,535.0,553.0,0.6208651399491094,0.7105882352941176,0.7022900763358778,0.7171717171717172,0.6458333333333334,0.6946182728410513,0.6717752234993615,0.6745932415519399,0.670846394984326,0.6882389545737398,0.6208651399491094,0.6870229007633588,0.7022900763358778,0.7142857142857143,0.6530612244897959,0.689171974522293,0.6726114649681528,0.6687898089171974,0.6658179503500955,0.6810948440483768,0.8413793103448276,0.8830409356725146,0.8734177215189873,0.8987341772151899,0.8435374149659864,0.8753943217665615,0.8651315789473685,0.8679549114331723,0.8615136876006442,0.875,0.49193548387096775,0.594488188976378,0.5872340425531914,0.5966386554621849,0.5232067510548524,0.5757261410788381,0.5490605427974948,0.5516888433981576,0.5492813141683778,0.5671794871794872,0.6666573971078976,0.7253016484450235,0.7303258820360894,0.7463712757830405,0.6874098271403293,0.722681552387604,0.7075368073464599,0.7067044554258916,0.7026138564141721,0.7173145758045087,{'os__random_state': 42},nb,lof,simple,minmax,smote,0.6793497004168311
122.0,119.0,138.0,138.0,132.0,527.0,530.0,511.0,511.0,517.0,23.0,20.0,20.0,16.0,23.0,79.0,82.0,82.0,86.0,79.0,126.0,103.0,97.0,96.0,113.0,409.0,432.0,438.0,439.0,422.0,122.0,151.0,138.0,142.0,124.0,555.0,526.0,539.0,535.0,553.0,0.6208651399491094,0.7105882352941176,0.7022900763358778,0.7171717171717172,0.6458333333333334,0.6946182728410513,0.6717752234993615,0.6745932415519399,0.670846394984326,0.6882389545737398,0.6208651399491094,0.6870229007633588,0.7022900763358778,0.7142857142857143,0.6530612244897959,0.689171974522293,0.6726114649681528,0.6687898089171974,0.6658179503500955,0.6810948440483768,0.8413793103448276,0.8830409356725146,0.8734177215189873,0.8987341772151899,0.8435374149659864,0.8753943217665615,0.8651315789473685,0.8679549114331723,0.8615136876006442,0.875,0.49193548387096775,0.594488188976378,0.5872340425531914,0.5966386554621849,0.5232067510548524,0.5757261410788381,0.5490605427974948,0.5516888433981576,0.5492813141683778,0.5671794871794872,0.6666573971078976,0.7253016484450235,0.7303258820360894,0.7463712757830405,0.6874098271403293,0.722681552387604,0.7075368073464599,0.7067044554258916,0.7026138564141721,0.7173145758045087,{'os__random_state': 42},nb,lof,simple,none,smote,0.6793497004168311
122.0,119.0,138.0,138.0,132.0,527.0,530.0,511.0,511.0,517.0,23.0,20.0,20.0,16.0,23.0,79.0,82.0,82.0,86.0,79.0,126.0,103.0,97.0,96.0,113.0,409.0,432.0,438.0,439.0,422.0,122.0,151.0,138.0,142.0,124.0,555.0,526.0,539.0,535.0,553.0,0.6208651399491094,0.7105882352941176,0.7022900763358778,0.7171717171717172,0.6458333333333334,0.6946182728410513,0.6717752234993615,0.6745932415519399,0.670846394984326,0.6882389545737398,0.6208651399491094,0.6870229007633588,0.7022900763358778,0.7142857142857143,0.6530612244897959,0.689171974522293,0.6726114649681528,0.6687898089171974,0.6658179503500955,0.6810948440483768,0.8413793103448276,0.8830409356725146,0.8734177215189873,0.8987341772151899,0.8435374149659864,0.8753943217665615,0.8651315789473685,0.8679549114331723,0.8615136876006442,0.875,0.49193548387096775,0.594488188976378,0.5872340425531914,0.5966386554621849,0.5232067510548524,0.5757261410788381,0.5490605427974948,0.5516888433981576,0.5492813141683778,0.5671794871794872,0.6666573971078976,0.7253016484450235,0.7303258820360894,0.7463712757830405,0.6874098271403293,0.722681552387604,0.7075368073464599,0.7067044554258916,0.7026138564141721,0.7173145758045087,{},nb,lof,simple,none,none,0.6793497004168311
127.0,120.0,137.0,129.0,136.0,522.0,529.0,512.0,520.0,513.0,23.0,26.0,23.0,25.0,18.0,92.0,89.0,92.0,90.0,97.0,109.0,103.0,115.0,108.0,100.0,426.0,432.0,420.0,427.0,435.0,139.0,149.0,122.0,135.0,143.0,549.0,539.0,566.0,553.0,545.0,0.6780487804878049,0.6978922716627635,0.6387434554973822,0.6699751861042184,0.7079207920792079,0.6794554455445544,0.6741713570981864,0.6885644768856447,0.6814540973505854,0.6720098643649814,0.6683417085427136,0.6758793969849246,0.6523929471032746,0.6649874055415617,0.7027707808564232,0.6740088105726872,0.672120830711139,0.6779874213836478,0.6748427672955974,0.6654088050314465,0.8580246913580247,0.8514285714285714,0.8413793103448276,0.84375,0.8881987577639752,0.8564742589703588,0.85828025477707,0.8601823708206687,0.8600311041990669,0.8489096573208723,0.5604838709677419,0.5912698412698413,0.5147679324894515,0.5555555555555556,0.588477366255144,0.563076923076923,0.5550978372811535,0.5740365111561866,0.5642857142857143,0.5561224489795918,0.7035752688172043,0.7065938247445097,0.6855089662447257,0.6966089466089466,0.7357971246860137,0.7066198947632172,0.7055424461486673,0.7108593151807423,0.7083723653395785,0.6985530277684844,{'os__random_state': 42},nb,none,simple,minmax,smote,0.6785160971662754
127.0,120.0,137.0,129.0,136.0,522.0,529.0,512.0,520.0,513.0,23.0,26.0,23.0,25.0,18.0,92.0,89.0,92.0,90.0,97.0,109.0,103.0,115.0,108.0,100.0,426.0,432.0,420.0,427.0,435.0,139.0,149.0,122.0,135.0,143.0,549.0,539.0,566.0,553.0,545.0,0.6780487804878049,0.6978922716627635,0.6387434554973822,0.6699751861042184,0.7079207920792079,0.6794554455445544,0.6741713570981864,0.6885644768856447,0.6814540973505854,0.6720098643649814,0.6683417085427136,0.6758793969849246,0.6523929471032746,0.6649874055415617,0.7027707808564232,0.6740088105726872,0.672120830711139,0.6779874213836478,0.6748427672955974,0.6654088050314465,0.8580246913580247,0.8514285714285714,0.8413793103448276,0.84375,0.8881987577639752,0.8564742589703588,0.85828025477707,0.8601823708206687,0.8600311041990669,0.8489096573208723,0.5604838709677419,0.5912698412698413,0.5147679324894515,0.5555555555555556,0.588477366255144,0.563076923076923,0.5550978372811535,0.5740365111561866,0.5642857142857143,0.5561224489795918,0.7035752688172043,0.7065938247445097,0.6855089662447257,0.6966089466089466,0.7357971246860137,0.7066198947632172,0.7055424461486673,0.7108593151807423,0.7083723653395785,0.6985530277684844,{'os__random_state': 42},nb,none,simple,standard,smote,0.6785160971662754
127.0,120.0,137.0,129.0,136.0,522.0,529.0,512.0,520.0,513.0,23.0,26.0,23.0,25.0,18.0,92.0,89.0,92.0,90.0,97.0,109.0,103.0,115.0,108.0,100.0,426.0,432.0,420.0,427.0,435.0,139.0,149.0,122.0,135.0,143.0,549.0,539.0,566.0,553.0,545.0,0.6780487804878049,0.6978922716627635,0.6387434554973822,0.6699751861042184,0.7079207920792079,0.6794554455445544,0.6741713570981864,0.6885644768856447,0.6814540973505854,0.6720098643649814,0.6683417085427136,0.6758793969849246,0.6523929471032746,0.6649874055415617,0.7027707808564232,0.6740088105726872,0.672120830711139,0.6779874213836478,0.6748427672955974,0.6654088050314465,0.8580246913580247,0.8514285714285714,0.8413793103448276,0.84375,0.8881987577639752,0.8564742589703588,0.85828025477707,0.8601823708206687,0.8600311041990669,0.8489096573208723,0.5604838709677419,0.5912698412698413,0.5147679324894515,0.5555555555555556,0.588477366255144,0.563076923076923,0.5550978372811535,0.5740365111561866,0.5642857142857143,0.5561224489795918,0.7035752688172043,0.7065938247445097,0.6855089662447257,0.6966089466089466,0.7357971246860137,0.7066198947632172,0.7055424461486673,0.7108593151807423,0.7083723653395785,0.6985530277684844,{'os__random_state': 42},nb,none,simple,none,smote,0.6785160971662754
47.0,59.0,59.0,78.0,56.0,263.0,251.0,251.0,232.0,240.0,41.0,41.0,37.0,31.0,48.0,146.0,146.0,150.0,156.0,153.0,71.0,69.0,64.0,54.0,61.0,243.0,245.0,250.0,260.0,235.0,112.0,102.0,110.0,107.0,105.0,429.0,439.0,431.0,434.0,454.0,0.6666666666666667,0.6496815286624203,0.6853582554517135,0.7157190635451506,0.6583072100313478,0.6880513231756215,0.6918833727344366,0.683042789223455,0.6760124610591901,0.7006172839506173,0.5867158671586716,0.5940959409594095,0.6259259259259259,0.6851851851851852,0.5962962962962963,0.6401480111008325,0.6382978723404256,0.6303142329020333,0.6155268022181146,0.6414048059149723,0.7320261437908496,0.7132867132867133,0.7482993197278912,0.7753623188405797,0.6862745098039216,0.7460869565217392,0.7504273504273504,0.7418244406196214,0.735593220338983,0.7479406919275123,0.6120218579234973,0.5964912280701754,0.632183908045977,0.6645962732919255,0.6325301204819277,0.6383928571428571,0.6418128654970761,0.6328928046989721,0.6253602305475504,0.6589259796806967,0.5730563835072032,0.5932456140350878,0.6233836206896551,0.6900963017835773,0.585495829471733,0.6407123209919665,0.6370273395495456,0.6294139833968676,0.6116491874387237,0.63480650129073,"{'cls__algorithm': 'SAMME', 'cls__learning_rate': 0.1, 'cls__n_estimators': 10, 'cls__random_state': 42, 'os__random_state': 42}",ada,iforest,simple,none,smote,0.6751465448714598
47.0,59.0,59.0,78.0,56.0,263.0,251.0,251.0,232.0,240.0,41.0,41.0,37.0,31.0,48.0,146.0,146.0,150.0,156.0,153.0,71.0,69.0,64.0,54.0,61.0,243.0,245.0,250.0,260.0,235.0,112.0,102.0,110.0,107.0,105.0,429.0,439.0,431.0,434.0,454.0,0.6666666666666667,0.6496815286624203,0.6853582554517135,0.7157190635451506,0.6583072100313478,0.6880513231756215,0.6918833727344366,0.683042789223455,0.6760124610591901,0.7006172839506173,0.5867158671586716,0.5940959409594095,0.6259259259259259,0.6851851851851852,0.5962962962962963,0.6401480111008325,0.6382978723404256,0.6303142329020333,0.6155268022181146,0.6414048059149723,0.7320261437908496,0.7132867132867133,0.7482993197278912,0.7753623188405797,0.6862745098039216,0.7460869565217392,0.7504273504273504,0.7418244406196214,0.735593220338983,0.7479406919275123,0.6120218579234973,0.5964912280701754,0.632183908045977,0.6645962732919255,0.6325301204819277,0.6383928571428571,0.6418128654970761,0.6328928046989721,0.6253602305475504,0.6589259796806967,0.5730563835072032,0.5932456140350878,0.6233836206896551,0.6900963017835773,0.585495829471733,0.6407123209919665,0.6370273395495456,0.6294139833968676,0.6116491874387237,0.63480650129073,"{'cls__algorithm': 'SAMME', 'cls__learning_rate': 0.1, 'cls__n_estimators': 50, 'cls__random_state': 42, 'os__random_state': 42}",ada,iforest,simple,none,smote,0.6751465448714598
129.0,122.0,144.0,133.0,140.0,539.0,546.0,524.0,535.0,528.0,21.0,24.0,16.0,21.0,14.0,75.0,72.0,80.0,75.0,82.0,113.0,105.0,120.0,115.0,104.0,444.0,452.0,437.0,442.0,453.0,135.0,147.0,117.0,128.0,139.0,531.0,519.0,549.0,538.0,527.0,0.6683168316831682,0.6950354609929078,0.6324324324324325,0.653061224489796,0.702020202020202,0.6717267552182163,0.6645326504481434,0.6798761609907121,0.6754551161330823,0.6633102580239144,0.6633165829145728,0.6758793969849246,0.6574307304785895,0.6574307304785895,0.7027707808564232,0.6733794839521712,0.6702328508495909,0.6748427672955974,0.6748427672955974,0.6635220125786163,0.8653846153846154,0.8596491228070176,0.8796992481203008,0.8590604026845637,0.9084967320261438,0.8762376237623762,0.8781725888324873,0.8728139904610492,0.8776508972267537,0.8653530377668309,0.5443548387096774,0.5833333333333334,0.4936708860759494,0.5267489711934157,0.5720164609053497,0.5446153846153846,0.5345005149330587,0.5567951318458418,0.5489795918367347,0.5377551020408163,0.7021774193548387,0.7094748858447489,0.6968354430379747,0.6951926674148896,0.7405536849981295,0.7112327737409171,0.7089978302820634,0.712172400360007,0.7130143860823017,0.7016644362663098,"{'cls__algorithm': 'SAMME', 'cls__learning_rate': 0.1, 'cls__n_estimators': 10, 'cls__random_state': 42, 'os__random_state': 42}",ada,none,simple,none,smote,0.6701732303237014
47.0,59.0,59.0,98.0,85.0,263.0,251.0,251.0,321.0,334.0,41.0,41.0,37.0,11.0,19.0,146.0,146.0,150.0,67.0,59.0,71.0,69.0,64.0,87.0,88.0,243.0,245.0,250.0,397.0,396.0,112.0,102.0,110.0,74.0,78.0,429.0,439.0,431.0,297.0,293.0,0.6666666666666667,0.6496815286624203,0.6853582554517135,0.6016260162601627,0.5931558935361216,0.6880513231756215,0.6918833727344366,0.683042789223455,0.5614366729678639,0.5629202689721422,0.5867158671586716,0.5940959409594095,0.6259259259259259,0.6370370370370371,0.6037037037037037,0.6401480111008325,0.6382978723404256,0.6303142329020333,0.5711645101663586,0.5794824399260629,0.7320261437908496,0.7132867132867133,0.7482993197278912,0.8705882352941177,0.8041237113402062,0.7460869565217392,0.7504273504273504,0.7418244406196214,0.8159340659340659,0.8323863636363636,0.6120218579234973,0.5964912280701754,0.632183908045977,0.45962732919254656,0.46987951807228917,0.6383928571428571,0.6418128654970761,0.6328928046989721,0.42795389048991356,0.42525399129172714,0.5730563835072032,0.5932456140350878,0.6233836206896551,0.679354948999943,0.6435936051899908,0.6407123209919665,0.6370273395495456,0.6294139833968676,0.6276367390593898,0.6375633824143113,"{'cls__hidden_layer_sizes': (100,), 'cls__learning_rate': 'adaptive', 'cls__learning_rate_init': 0.0001, 'cls__max_iter': 1000, 'cls__n_iter_no_change': 5, 'cls__random_state': 42, 'os__random_state': 42}",mlp,iforest,simple,standard,smote,0.639297672115417
47.0,85.0,59.0,98.0,56.0,263.0,334.0,251.0,321.0,240.0,41.0,15.0,37.0,11.0,48.0,146.0,63.0,150.0,67.0,153.0,71.0,106.0,64.0,87.0,61.0,243.0,378.0,250.0,397.0,235.0,112.0,65.0,110.0,74.0,105.0,429.0,306.0,431.0,297.0,454.0,0.6666666666666667,0.5179282868525897,0.6853582554517135,0.6016260162601627,0.6583072100313478,0.6880513231756215,0.5811965811965812,0.683042789223455,0.5614366729678639,0.7006172839506173,0.5867158671586716,0.5535055350553506,0.6259259259259259,0.6370370370370371,0.5962962962962963,0.6401480111008325,0.5920444033302498,0.6303142329020333,0.5711645101663586,0.6414048059149723,0.7320261437908496,0.8125,0.7482993197278912,0.8705882352941177,0.6862745098039216,0.7460869565217392,0.8292682926829268,0.7418244406196214,0.8159340659340659,0.7479406919275123,0.6120218579234973,0.38011695906432746,0.632183908045977,0.45962732919254656,0.6325301204819277,0.6383928571428571,0.4473684210526316,0.6328928046989721,0.42795389048991356,0.6589259796806967,0.5730563835072032,0.6150584795321637,0.6233836206896551,0.679354948999943,0.585495829471733,0.6407123209919665,0.6443391223651068,0.6294139833968676,0.6276367390593898,0.63480650129073,"{'cls__algorithm': 'SAMME', 'cls__learning_rate': 0.5, 'cls__n_estimators': 10, 'cls__random_state': 42, 'os__random_state': 42}",ada,iforest,simple,none,smote,0.625977287052496
47.0,85.0,59.0,98.0,56.0,263.0,334.0,251.0,321.0,240.0,41.0,15.0,37.0,11.0,48.0,146.0,63.0,150.0,67.0,153.0,71.0,106.0,64.0,87.0,61.0,243.0,378.0,250.0,397.0,235.0,112.0,65.0,110.0,74.0,105.0,429.0,306.0,431.0,297.0,454.0,0.6666666666666667,0.5179282868525897,0.6853582554517135,0.6016260162601627,0.6583072100313478,0.6880513231756215,0.5811965811965812,0.683042789223455,0.5614366729678639,0.7006172839506173,0.5867158671586716,0.5535055350553506,0.6259259259259259,0.6370370370370371,0.5962962962962963,0.6401480111008325,0.5920444033302498,0.6303142329020333,0.5711645101663586,0.6414048059149723,0.7320261437908496,0.8125,0.7482993197278912,0.8705882352941177,0.6862745098039216,0.7460869565217392,0.8292682926829268,0.7418244406196214,0.8159340659340659,0.7479406919275123,0.6120218579234973,0.38011695906432746,0.632183908045977,0.45962732919254656,0.6325301204819277,0.6383928571428571,0.4473684210526316,0.6328928046989721,0.42795389048991356,0.6589259796806967,0.5730563835072032,0.6150584795321637,0.6233836206896551,0.679354948999943,0.585495829471733,0.6407123209919665,0.6443391223651068,0.6294139833968676,0.6276367390593898,0.63480650129073,"{'cls__algorithm': 'SAMME', 'cls__learning_rate': 0.5, 'cls__n_estimators': 50, 'cls__random_state': 42, 'os__random_state': 42}",ada,iforest,simple,none,smote,0.625977287052496
47.0,85.0,59.0,98.0,56.0,263.0,334.0,251.0,321.0,240.0,41.0,15.0,37.0,11.0,48.0,146.0,63.0,150.0,67.0,153.0,71.0,106.0,64.0,87.0,61.0,243.0,378.0,250.0,397.0,235.0,112.0,65.0,110.0,74.0,105.0,429.0,306.0,431.0,297.0,454.0,0.6666666666666667,0.5179282868525897,0.6853582554517135,0.6016260162601627,0.6583072100313478,0.6880513231756215,0.5811965811965812,0.683042789223455,0.5614366729678639,0.7006172839506173,0.5867158671586716,0.5535055350553506,0.6259259259259259,0.6370370370370371,0.5962962962962963,0.6401480111008325,0.5920444033302498,0.6303142329020333,0.5711645101663586,0.6414048059149723,0.7320261437908496,0.8125,0.7482993197278912,0.8705882352941177,0.6862745098039216,0.7460869565217392,0.8292682926829268,0.7418244406196214,0.8159340659340659,0.7479406919275123,0.6120218579234973,0.38011695906432746,0.632183908045977,0.45962732919254656,0.6325301204819277,0.6383928571428571,0.4473684210526316,0.6328928046989721,0.42795389048991356,0.6589259796806967,0.5730563835072032,0.6150584795321637,0.6233836206896551,0.679354948999943,0.585495829471733,0.6407123209919665,0.6443391223651068,0.6294139833968676,0.6276367390593898,0.63480650129073,{'os__random_state': 42},nb,iforest,simple,standard,smote,0.625977287052496
47.0,85.0,59.0,98.0,56.0,263.0,334.0,251.0,321.0,240.0,41.0,15.0,37.0,11.0,48.0,146.0,63.0,150.0,67.0,153.0,71.0,106.0,64.0,87.0,61.0,243.0,378.0,250.0,397.0,235.0,112.0,65.0,110.0,74.0,105.0,429.0,306.0,431.0,297.0,454.0,0.6666666666666667,0.5179282868525897,0.6853582554517135,0.6016260162601627,0.6583072100313478,0.6880513231756215,0.5811965811965812,0.683042789223455,0.5614366729678639,0.7006172839506173,0.5867158671586716,0.5535055350553506,0.6259259259259259,0.6370370370370371,0.5962962962962963,0.6401480111008325,0.5920444033302498,0.6303142329020333,0.5711645101663586,0.6414048059149723,0.7320261437908496,0.8125,0.7482993197278912,0.8705882352941177,0.6862745098039216,0.7460869565217392,0.8292682926829268,0.7418244406196214,0.8159340659340659,0.7479406919275123,0.6120218579234973,0.38011695906432746,0.632183908045977,0.45962732919254656,0.6325301204819277,0.6383928571428571,0.4473684210526316,0.6328928046989721,0.42795389048991356,0.6589259796806967,0.5730563835072032,0.6150584795321637,0.6233836206896551,0.679354948999943,0.585495829471733,0.6407123209919665,0.6443391223651068,0.6294139833968676,0.6276367390593898,0.63480650129073,"{'cls__algorithm': 'SAMME', 'cls__learning_rate': 1.0, 'cls__n_estimators': 50, 'cls__random_state': 42, 'os__random_state': 42}",ada,iforest,simple,none,smote,0.625977287052496
47.0,85.0,59.0,98.0,56.0,263.0,334.0,251.0,321.0,240.0,41.0,15.0,37.0,11.0,48.0,146.0,63.0,150.0,67.0,153.0,71.0,106.0,64.0,87.0,61.0,243.0,378.0,250.0,397.0,235.0,112.0,65.0,110.0,74.0,105.0,429.0,306.0,431.0,297.0,454.0,0.6666666666666667,0.5179282868525897,0.6853582554517135,0.6016260162601627,0.6583072100313478,0.6880513231756215,0.5811965811965812,0.683042789223455,0.5614366729678639,0.7006172839506173,0.5867158671586716,0.5535055350553506,0.6259259259259259,0.6370370370370371,0.5962962962962963,0.6401480111008325,0.5920444033302498,0.6303142329020333,0.5711645101663586,0.6414048059149723,0.7320261437908496,0.8125,0.7482993197278912,0.8705882352941177,0.6862745098039216,0.7460869565217392,0.8292682926829268,0.7418244406196214,0.8159340659340659,0.7479406919275123,0.6120218579234973,0.38011695906432746,0.632183908045977,0.45962732919254656,0.6325301204819277,0.6383928571428571,0.4473684210526316,0.6328928046989721,0.42795389048991356,0.6589259796806967,0.5730563835072032,0.6150584795321637,0.6233836206896551,0.679354948999943,0.585495829471733,0.6407123209919665,0.6443391223651068,0.6294139833968676,0.6276367390593898,0.63480650129073,"{'cls__algorithm': 'SAMME', 'cls__learning_rate': 0.1, 'cls__n_estimators': 100, 'cls__random_state': 42, 'os__random_state': 42}",ada,iforest,simple,none,smote,0.625977287052496
47.0,85.0,59.0,98.0,56.0,263.0,334.0,251.0,321.0,240.0,41.0,15.0,37.0,11.0,48.0,146.0,63.0,150.0,67.0,153.0,71.0,106.0,64.0,87.0,61.0,243.0,378.0,250.0,397.0,235.0,112.0,65.0,110.0,74.0,105.0,429.0,306.0,431.0,297.0,454.0,0.6666666666666667,0.5179282868525897,0.6853582554517135,0.6016260162601627,0.6583072100313478,0.6880513231756215,0.5811965811965812,0.683042789223455,0.5614366729678639,0.7006172839506173,0.5867158671586716,0.5535055350553506,0.6259259259259259,0.6370370370370371,0.5962962962962963,0.6401480111008325,0.5920444033302498,0.6303142329020333,0.5711645101663586,0.6414048059149723,0.7320261437908496,0.8125,0.7482993197278912,0.8705882352941177,0.6862745098039216,0.7460869565217392,0.8292682926829268,0.7418244406196214,0.8159340659340659,0.7479406919275123,0.6120218579234973,0.38011695906432746,0.632183908045977,0.45962732919254656,0.6325301204819277,0.6383928571428571,0.4473684210526316,0.6328928046989721,0.42795389048991356,0.6589259796806967,0.5730563835072032,0.6150584795321637,0.6233836206896551,0.679354948999943,0.585495829471733,0.6407123209919665,0.6443391223651068,0.6294139833968676,0.6276367390593898,0.63480650129073,"{'cls__algorithm': 'SAMME', 'cls__learning_rate': 0.5, 'cls__n_estimators': 100, 'cls__random_state': 42, 'os__random_state': 42}",ada,iforest,simple,none,smote,0.625977287052496
47.0,85.0,59.0,98.0,56.0,263.0,334.0,251.0,321.0,240.0,41.0,15.0,37.0,11.0,48.0,146.0,63.0,150.0,67.0,153.0,71.0,106.0,64.0,87.0,61.0,243.0,378.0,250.0,397.0,235.0,112.0,65.0,110.0,74.0,105.0,429.0,306.0,431.0,297.0,454.0,0.6666666666666667,0.5179282868525897,0.6853582554517135,0.6016260162601627,0.6583072100313478,0.6880513231756215,0.5811965811965812,0.683042789223455,0.5614366729678639,0.7006172839506173,0.5867158671586716,0.5535055350553506,0.6259259259259259,0.6370370370370371,0.5962962962962963,0.6401480111008325,0.5920444033302498,0.6303142329020333,0.5711645101663586,0.6414048059149723,0.7320261437908496,0.8125,0.7482993197278912,0.8705882352941177,0.6862745098039216,0.7460869565217392,0.8292682926829268,0.7418244406196214,0.8159340659340659,0.7479406919275123,0.6120218579234973,0.38011695906432746,0.632183908045977,0.45962732919254656,0.6325301204819277,0.6383928571428571,0.4473684210526316,0.6328928046989721,0.42795389048991356,0.6589259796806967,0.5730563835072032,0.6150584795321637,0.6233836206896551,0.679354948999943,0.585495829471733,0.6407123209919665,0.6443391223651068,0.6294139833968676,0.6276367390593898,0.63480650129073,"{'cls__algorithm': 'SAMME', 'cls__learning_rate': 1.0, 'cls__n_estimators': 10, 'cls__random_state': 42, 'os__random_state': 42}",ada,iforest,simple,none,smote,0.625977287052496
47.0,85.0,59.0,98.0,56.0,263.0,334.0,251.0,321.0,240.0,41.0,15.0,37.0,11.0,48.0,146.0,63.0,150.0,67.0,153.0,71.0,106.0,64.0,87.0,61.0,243.0,378.0,250.0,397.0,235.0,112.0,65.0,110.0,74.0,105.0,429.0,306.0,431.0,297.0,454.0,0.6666666666666667,0.5179282868525897,0.6853582554517135,0.6016260162601627,0.6583072100313478,0.6880513231756215,0.5811965811965812,0.683042789223455,0.5614366729678639,0.7006172839506173,0.5867158671586716,0.5535055350553506,0.6259259259259259,0.6370370370370371,0.5962962962962963,0.6401480111008325,0.5920444033302498,0.6303142329020333,0.5711645101663586,0.6414048059149723,0.7320261437908496,0.8125,0.7482993197278912,0.8705882352941177,0.6862745098039216,0.7460869565217392,0.8292682926829268,0.7418244406196214,0.8159340659340659,0.7479406919275123,0.6120218579234973,0.38011695906432746,0.632183908045977,0.45962732919254656,0.6325301204819277,0.6383928571428571,0.4473684210526316,0.6328928046989721,0.42795389048991356,0.6589259796806967,0.5730563835072032,0.6150584795321637,0.6233836206896551,0.679354948999943,0.585495829471733,0.6407123209919665,0.6443391223651068,0.6294139833968676,0.6276367390593898,0.63480650129073,{'os__random_state': 42},nb,iforest,simple,minmax,smote,0.625977287052496
47.0,85.0,59.0,98.0,56.0,263.0,334.0,251.0,321.0,240.0,41.0,15.0,37.0,11.0,48.0,146.0,63.0,150.0,67.0,153.0,71.0,106.0,64.0,87.0,61.0,243.0,378.0,250.0,397.0,235.0,112.0,65.0,110.0,74.0,105.0,429.0,306.0,431.0,297.0,454.0,0.6666666666666667,0.5179282868525897,0.6853582554517135,0.6016260162601627,0.6583072100313478,0.6880513231756215,0.5811965811965812,0.683042789223455,0.5614366729678639,0.7006172839506173,0.5867158671586716,0.5535055350553506,0.6259259259259259,0.6370370370370371,0.5962962962962963,0.6401480111008325,0.5920444033302498,0.6303142329020333,0.5711645101663586,0.6414048059149723,0.7320261437908496,0.8125,0.7482993197278912,0.8705882352941177,0.6862745098039216,0.7460869565217392,0.8292682926829268,0.7418244406196214,0.8159340659340659,0.7479406919275123,0.6120218579234973,0.38011695906432746,0.632183908045977,0.45962732919254656,0.6325301204819277,0.6383928571428571,0.4473684210526316,0.6328928046989721,0.42795389048991356,0.6589259796806967,0.5730563835072032,0.6150584795321637,0.6233836206896551,0.679354948999943,0.585495829471733,0.6407123209919665,0.6443391223651068,0.6294139833968676,0.6276367390593898,0.63480650129073,"{'cls__algorithm': 'SAMME', 'cls__learning_rate': 1.0, 'cls__n_estimators': 100, 'cls__random_state': 42, 'os__random_state': 42}",ada,iforest,simple,none,smote,0.625977287052496
47.0,85.0,59.0,98.0,56.0,263.0,334.0,251.0,321.0,240.0,41.0,15.0,37.0,11.0,48.0,146.0,63.0,150.0,67.0,153.0,71.0,106.0,64.0,87.0,61.0,243.0,378.0,250.0,397.0,235.0,112.0,65.0,110.0,74.0,105.0,429.0,306.0,431.0,297.0,454.0,0.6666666666666667,0.5179282868525897,0.6853582554517135,0.6016260162601627,0.6583072100313478,0.6880513231756215,0.5811965811965812,0.683042789223455,0.5614366729678639,0.7006172839506173,0.5867158671586716,0.5535055350553506,0.6259259259259259,0.6370370370370371,0.5962962962962963,0.6401480111008325,0.5920444033302498,0.6303142329020333,0.5711645101663586,0.6414048059149723,0.7320261437908496,0.8125,0.7482993197278912,0.8705882352941177,0.6862745098039216,0.7460869565217392,0.8292682926829268,0.7418244406196214,0.8159340659340659,0.7479406919275123,0.6120218579234973,0.38011695906432746,0.632183908045977,0.45962732919254656,0.6325301204819277,0.6383928571428571,0.4473684210526316,0.6328928046989721,0.42795389048991356,0.6589259796806967,0.5730563835072032,0.6150584795321637,0.6233836206896551,0.679354948999943,0.585495829471733,0.6407123209919665,0.6443391223651068,0.6294139833968676,0.6276367390593898,0.63480650129073,{'os__random_state': 42},nb,iforest,simple,none,smote,0.625977287052496
69.0,85.0,59.0,98.0,56.0,350.0,334.0,251.0,321.0,240.0,19.0,15.0,37.0,11.0,48.0,59.0,63.0,150.0,67.0,153.0,104.0,106.0,64.0,87.0,61.0,380.0,378.0,250.0,397.0,235.0,79.0,65.0,110.0,74.0,105.0,292.0,306.0,431.0,297.0,454.0,0.5622775800711745,0.5179282868525897,0.6853582554517135,0.6016260162601627,0.6583072100313478,0.5708699902248289,0.5811965811965812,0.683042789223455,0.5614366729678639,0.7006172839506173,0.5461254612546126,0.5535055350553506,0.6259259259259259,0.6370370370370371,0.5962962962962963,0.5938945420906568,0.5920444033302498,0.6303142329020333,0.5711645101663586,0.6414048059149723,0.8061224489795918,0.8125,0.7482993197278912,0.8705882352941177,0.6862745098039216,0.8319088319088319,0.8292682926829268,0.7418244406196214,0.8159340659340659,0.7479406919275123,0.43169398907103823,0.38011695906432746,0.632183908045977,0.45962732919254656,0.6325301204819277,0.43452380952380953,0.4473684210526316,0.6328928046989721,0.42795389048991356,0.6589259796806967,0.6078924490809736,0.6150584795321637,0.6233836206896551,0.679354948999943,0.585495829471733,0.6451347653976016,0.6443391223651068,0.6294139833968676,0.6276367390593898,0.63480650129073,"{'cls__hidden_layer_sizes': (100,), 'cls__learning_rate': 'adaptive', 'cls__learning_rate_init': 0.0001, 'cls__max_iter': 1000, 'cls__n_iter_no_change': 5, 'cls__random_state': 42, 'os__random_state': 42}",mlp,iforest,simple,none,smote,0.6050994697333977
69.0,85.0,59.0,98.0,56.0,350.0,334.0,251.0,321.0,240.0,19.0,15.0,37.0,11.0,48.0,59.0,63.0,150.0,67.0,153.0,104.0,106.0,64.0,87.0,61.0,380.0,378.0,250.0,397.0,235.0,79.0,65.0,110.0,74.0,105.0,292.0,306.0,431.0,297.0,454.0,0.5622775800711745,0.5179282868525897,0.6853582554517135,0.6016260162601627,0.6583072100313478,0.5708699902248289,0.5811965811965812,0.683042789223455,0.5614366729678639,0.7006172839506173,0.5461254612546126,0.5535055350553506,0.6259259259259259,0.6370370370370371,0.5962962962962963,0.5938945420906568,0.5920444033302498,0.6303142329020333,0.5711645101663586,0.6414048059149723,0.8061224489795918,0.8125,0.7482993197278912,0.8705882352941177,0.6862745098039216,0.8319088319088319,0.8292682926829268,0.7418244406196214,0.8159340659340659,0.7479406919275123,0.43169398907103823,0.38011695906432746,0.632183908045977,0.45962732919254656,0.6325301204819277,0.43452380952380953,0.4473684210526316,0.6328928046989721,0.42795389048991356,0.6589259796806967,0.6078924490809736,0.6150584795321637,0.6233836206896551,0.679354948999943,0.585495829471733,0.6451347653976016,0.6443391223651068,0.6294139833968676,0.6276367390593898,0.63480650129073,"{'cls__hidden_layer_sizes': (100,), 'cls__learning_rate': 'adaptive', 'cls__learning_rate_init': 0.0001, 'cls__max_iter': 1000, 'cls__n_iter_no_change': 5, 'cls__random_state': 42, 'os__random_state': 42}",mlp,iforest,simple,minmax,smote,0.6050994697333977
69.0,85.0,82.0,98.0,85.0,350.0,334.0,337.0,321.0,334.0,19.0,15.0,14.0,11.0,19.0,59.0,63.0,64.0,67.0,59.0,104.0,106.0,99.0,87.0,88.0,380.0,378.0,385.0,397.0,396.0,79.0,65.0,75.0,74.0,78.0,292.0,306.0,296.0,297.0,293.0,0.5622775800711745,0.5179282868525897,0.5703422053231939,0.6016260162601627,0.5931558935361216,0.5708699902248289,0.5811965811965812,0.5686839577329491,0.5614366729678639,0.5629202689721422,0.5461254612546126,0.5535055350553506,0.5814814814814815,0.6370370370370371,0.6037037037037037,0.5938945420906568,0.5920444033302498,0.5850277264325323,0.5711645101663586,0.5794824399260629,0.8061224489795918,0.8125,0.8426966292134831,0.8705882352941177,0.8041237113402062,0.8319088319088319,0.8292682926829268,0.8222222222222222,0.8159340659340659,0.8323863636363636,0.43169398907103823,0.38011695906432746,0.43103448275862066,0.45962732919254656,0.46987951807228917,0.43452380952380953,0.4473684210526316,0.434654919236417,0.42795389048991356,0.42525399129172714,0.6078924490809736,0.6150584795321637,0.6426005747126435,0.679354948999943,0.6435936051899908,0.6451347653976016,0.6443391223651068,0.6375269608650913,0.6276367390593898,0.6375633824143113,"{'cls__hidden_layer_sizes': (100,), 'cls__learning_rate': 'adaptive', 'cls__learning_rate_init': 0.001, 'cls__max_iter': 1000, 'cls__n_iter_no_change': 5, 'cls__random_state': 42, 'os__random_state': 42}",mlp,iforest,simple,standard,smote,0.5690659964086485
69.0,85.0,82.0,98.0,85.0,350.0,334.0,337.0,321.0,334.0,19.0,15.0,14.0,11.0,19.0,59.0,63.0,64.0,67.0,59.0,104.0,106.0,99.0,87.0,88.0,380.0,378.0,385.0,397.0,396.0,79.0,65.0,75.0,74.0,78.0,292.0,306.0,296.0,297.0,293.0,0.5622775800711745,0.5179282868525897,0.5703422053231939,0.6016260162601627,0.5931558935361216,0.5708699902248289,0.5811965811965812,0.5686839577329491,0.5614366729678639,0.5629202689721422,0.5461254612546126,0.5535055350553506,0.5814814814814815,0.6370370370370371,0.6037037037037037,0.5938945420906568,0.5920444033302498,0.5850277264325323,0.5711645101663586,0.5794824399260629,0.8061224489795918,0.8125,0.8426966292134831,0.8705882352941177,0.8041237113402062,0.8319088319088319,0.8292682926829268,0.8222222222222222,0.8159340659340659,0.8323863636363636,0.43169398907103823,0.38011695906432746,0.43103448275862066,0.45962732919254656,0.46987951807228917,0.43452380952380953,0.4473684210526316,0.434654919236417,0.42795389048991356,0.42525399129172714,0.6078924490809736,0.6150584795321637,0.6426005747126435,0.679354948999943,0.6435936051899908,0.6451347653976016,0.6443391223651068,0.6375269608650913,0.6276367390593898,0.6375633824143113,"{'cls__C': 10, 'cls__probability': True, 'cls__random_state': 42, 'os__random_state': 42}",svc,iforest,simple,standard,smote,0.5690659964086485
69.0,85.0,82.0,98.0,85.0,350.0,334.0,337.0,321.0,334.0,19.0,15.0,14.0,11.0,19.0,59.0,63.0,64.0,67.0,59.0,104.0,106.0,99.0,87.0,88.0,380.0,378.0,385.0,397.0,396.0,79.0,65.0,75.0,74.0,78.0,292.0,306.0,296.0,297.0,293.0,0.5622775800711745,0.5179282868525897,0.5703422053231939,0.6016260162601627,0.5931558935361216,0.5708699902248289,0.5811965811965812,0.5686839577329491,0.5614366729678639,0.5629202689721422,0.5461254612546126,0.5535055350553506,0.5814814814814815,0.6370370370370371,0.6037037037037037,0.5938945420906568,0.5920444033302498,0.5850277264325323,0.5711645101663586,0.5794824399260629,0.8061224489795918,0.8125,0.8426966292134831,0.8705882352941177,0.8041237113402062,0.8319088319088319,0.8292682926829268,0.8222222222222222,0.8159340659340659,0.8323863636363636,0.43169398907103823,0.38011695906432746,0.43103448275862066,0.45962732919254656,0.46987951807228917,0.43452380952380953,0.4473684210526316,0.434654919236417,0.42795389048991356,0.42525399129172714,0.6078924490809736,0.6150584795321637,0.6426005747126435,0.679354948999943,0.6435936051899908,0.6451347653976016,0.6443391223651068,0.6375269608650913,0.6276367390593898,0.6375633824143113,"{'cls__C': 0.1, 'cls__probability': True, 'cls__random_state': 42, 'os__random_state': 42}",svc,iforest,simple,minmax,smote,0.5690659964086485
69.0,85.0,82.0,98.0,85.0,350.0,334.0,337.0,321.0,334.0,19.0,15.0,14.0,11.0,19.0,59.0,63.0,64.0,67.0,59.0,104.0,106.0,99.0,87.0,88.0,380.0,378.0,385.0,397.0,396.0,79.0,65.0,75.0,74.0,78.0,292.0,306.0,296.0,297.0,293.0,0.5622775800711745,0.5179282868525897,0.5703422053231939,0.6016260162601627,0.5931558935361216,0.5708699902248289,0.5811965811965812,0.5686839577329491,0.5614366729678639,0.5629202689721422,0.5461254612546126,0.5535055350553506,0.5814814814814815,0.6370370370370371,0.6037037037037037,0.5938945420906568,0.5920444033302498,0.5850277264325323,0.5711645101663586,0.5794824399260629,0.8061224489795918,0.8125,0.8426966292134831,0.8705882352941177,0.8041237113402062,0.8319088319088319,0.8292682926829268,0.8222222222222222,0.8159340659340659,0.8323863636363636,0.43169398907103823,0.38011695906432746,0.43103448275862066,0.45962732919254656,0.46987951807228917,0.43452380952380953,0.4473684210526316,0.434654919236417,0.42795389048991356,0.42525399129172714,0.6078924490809736,0.6150584795321637,0.6426005747126435,0.679354948999943,0.6435936051899908,0.6451347653976016,0.6443391223651068,0.6375269608650913,0.6276367390593898,0.6375633824143113,"{'cls__criterion': 'entropy', 'cls__max_depth': None, 'cls__max_features': 'log2', 'cls__random_state': 42, 'os__random_state': 42}",rf,iforest,simple,none,smote,0.5690659964086485
69.0,85.0,82.0,98.0,85.0,350.0,334.0,337.0,321.0,334.0,19.0,15.0,14.0,11.0,19.0,59.0,63.0,64.0,67.0,59.0,104.0,106.0,99.0,87.0,88.0,380.0,378.0,385.0,397.0,396.0,79.0,65.0,75.0,74.0,78.0,292.0,306.0,296.0,297.0,293.0,0.5622775800711745,0.5179282868525897,0.5703422053231939,0.6016260162601627,0.5931558935361216,0.5708699902248289,0.5811965811965812,0.5686839577329491,0.5614366729678639,0.5629202689721422,0.5461254612546126,0.5535055350553506,0.5814814814814815,0.6370370370370371,0.6037037037037037,0.5938945420906568,0.5920444033302498,0.5850277264325323,0.5711645101663586,0.5794824399260629,0.8061224489795918,0.8125,0.8426966292134831,0.8705882352941177,0.8041237113402062,0.8319088319088319,0.8292682926829268,0.8222222222222222,0.8159340659340659,0.8323863636363636,0.43169398907103823,0.38011695906432746,0.43103448275862066,0.45962732919254656,0.46987951807228917,0.43452380952380953,0.4473684210526316,0.434654919236417,0.42795389048991356,0.42525399129172714,0.6078924490809736,0.6150584795321637,0.6426005747126435,0.679354948999943,0.6435936051899908,0.6451347653976016,0.6443391223651068,0.6375269608650913,0.6276367390593898,0.6375633824143113,"{'cls__criterion': 'entropy', 'cls__max_depth': 4, 'cls__max_features': 'log2', 'cls__random_state': 42, 'os__random_state': 42}",rf,iforest,simple,none,smote,0.5690659964086485
69.0,85.0,82.0,98.0,85.0,350.0,334.0,337.0,321.0,334.0,19.0,15.0,14.0,11.0,19.0,59.0,63.0,64.0,67.0,59.0,104.0,106.0,99.0,87.0,88.0,380.0,378.0,385.0,397.0,396.0,79.0,65.0,75.0,74.0,78.0,292.0,306.0,296.0,297.0,293.0,0.5622775800711745,0.5179282868525897,0.5703422053231939,0.6016260162601627,0.5931558935361216,0.5708699902248289,0.5811965811965812,0.5686839577329491,0.5614366729678639,0.5629202689721422,0.5461254612546126,0.5535055350553506,0.5814814814814815,0.6370370370370371,0.6037037037037037,0.5938945420906568,0.5920444033302498,0.5850277264325323,0.5711645101663586,0.5794824399260629,0.8061224489795918,0.8125,0.8426966292134831,0.8705882352941177,0.8041237113402062,0.8319088319088319,0.8292682926829268,0.8222222222222222,0.8159340659340659,0.8323863636363636,0.43169398907103823,0.38011695906432746,0.43103448275862066,0.45962732919254656,0.46987951807228917,0.43452380952380953,0.4473684210526316,0.434654919236417,0.42795389048991356,0.42525399129172714,0.6078924490809736,0.6150584795321637,0.6426005747126435,0.679354948999943,0.6435936051899908,0.6451347653976016,0.6443391223651068,0.6375269608650913,0.6276367390593898,0.6375633824143113,"{'cls__hidden_layer_sizes': (100,), 'cls__learning_rate': 'adaptive', 'cls__learning_rate_init': 0.001, 'cls__max_iter': 1000, 'cls__n_iter_no_change': 5, 'cls__random_state': 42, 'os__random_state': 42}",mlp,iforest,simple,none,smote,0.5690659964086485
69.0,85.0,82.0,98.0,85.0,350.0,334.0,337.0,321.0,334.0,19.0,15.0,14.0,11.0,19.0,59.0,63.0,64.0,67.0,59.0,104.0,106.0,99.0,87.0,88.0,380.0,378.0,385.0,397.0,396.0,79.0,65.0,75.0,74.0,78.0,292.0,306.0,296.0,297.0,293.0,0.5622775800711745,0.5179282868525897,0.5703422053231939,0.6016260162601627,0.5931558935361216,0.5708699902248289,0.5811965811965812,0.5686839577329491,0.5614366729678639,0.5629202689721422,0.5461254612546126,0.5535055350553506,0.5814814814814815,0.6370370370370371,0.6037037037037037,0.5938945420906568,0.5920444033302498,0.5850277264325323,0.5711645101663586,0.5794824399260629,0.8061224489795918,0.8125,0.8426966292134831,0.8705882352941177,0.8041237113402062,0.8319088319088319,0.8292682926829268,0.8222222222222222,0.8159340659340659,0.8323863636363636,0.43169398907103823,0.38011695906432746,0.43103448275862066,0.45962732919254656,0.46987951807228917,0.43452380952380953,0.4473684210526316,0.434654919236417,0.42795389048991356,0.42525399129172714,0.6078924490809736,0.6150584795321637,0.6426005747126435,0.679354948999943,0.6435936051899908,0.6451347653976016,0.6443391223651068,0.6375269608650913,0.6276367390593898,0.6375633824143113,"{'cls__criterion': 'entropy', 'cls__max_depth': 2, 'cls__max_features': 'log2', 'cls__random_state': 42, 'os__random_state': 42}",rf,iforest,simple,none,smote,0.5690659964086485
69.0,85.0,82.0,98.0,85.0,350.0,334.0,337.0,321.0,334.0,19.0,15.0,14.0,11.0,19.0,59.0,63.0,64.0,67.0,59.0,104.0,106.0,99.0,87.0,88.0,380.0,378.0,385.0,397.0,396.0,79.0,65.0,75.0,74.0,78.0,292.0,306.0,296.0,297.0,293.0,0.5622775800711745,0.5179282868525897,0.5703422053231939,0.6016260162601627,0.5931558935361216,0.5708699902248289,0.5811965811965812,0.5686839577329491,0.5614366729678639,0.5629202689721422,0.5461254612546126,0.5535055350553506,0.5814814814814815,0.6370370370370371,0.6037037037037037,0.5938945420906568,0.5920444033302498,0.5850277264325323,0.5711645101663586,0.5794824399260629,0.8061224489795918,0.8125,0.8426966292134831,0.8705882352941177,0.8041237113402062,0.8319088319088319,0.8292682926829268,0.8222222222222222,0.8159340659340659,0.8323863636363636,0.43169398907103823,0.38011695906432746,0.43103448275862066,0.45962732919254656,0.46987951807228917,0.43452380952380953,0.4473684210526316,0.434654919236417,0.42795389048991356,0.42525399129172714,0.6078924490809736,0.6150584795321637,0.6426005747126435,0.679354948999943,0.6435936051899908,0.6451347653976016,0.6443391223651068,0.6375269608650913,0.6276367390593898,0.6375633824143113,"{'cls__criterion': 'gini', 'cls__max_depth': None, 'cls__max_features': 'log2', 'cls__random_state': 42, 'os__random_state': 42}",rf,iforest,simple,none,smote,0.5690659964086485
69.0,85.0,82.0,98.0,85.0,350.0,334.0,337.0,321.0,334.0,19.0,15.0,14.0,11.0,19.0,59.0,63.0,64.0,67.0,59.0,104.0,106.0,99.0,87.0,88.0,380.0,378.0,385.0,397.0,396.0,79.0,65.0,75.0,74.0,78.0,292.0,306.0,296.0,297.0,293.0,0.5622775800711745,0.5179282868525897,0.5703422053231939,0.6016260162601627,0.5931558935361216,0.5708699902248289,0.5811965811965812,0.5686839577329491,0.5614366729678639,0.5629202689721422,0.5461254612546126,0.5535055350553506,0.5814814814814815,0.6370370370370371,0.6037037037037037,0.5938945420906568,0.5920444033302498,0.5850277264325323,0.5711645101663586,0.5794824399260629,0.8061224489795918,0.8125,0.8426966292134831,0.8705882352941177,0.8041237113402062,0.8319088319088319,0.8292682926829268,0.8222222222222222,0.8159340659340659,0.8323863636363636,0.43169398907103823,0.38011695906432746,0.43103448275862066,0.45962732919254656,0.46987951807228917,0.43452380952380953,0.4473684210526316,0.434654919236417,0.42795389048991356,0.42525399129172714,0.6078924490809736,0.6150584795321637,0.6426005747126435,0.679354948999943,0.6435936051899908,0.6451347653976016,0.6443391223651068,0.6375269608650913,0.6276367390593898,0.6375633824143113,"{'cls__C': 1, 'cls__probability': True, 'cls__random_state': 42, 'os__random_state': 42}",svc,iforest,simple,standard,smote,0.5690659964086485
69.0,85.0,82.0,98.0,85.0,350.0,334.0,337.0,321.0,334.0,19.0,15.0,14.0,11.0,19.0,59.0,63.0,64.0,67.0,59.0,104.0,106.0,99.0,87.0,88.0,380.0,378.0,385.0,397.0,396.0,79.0,65.0,75.0,74.0,78.0,292.0,306.0,296.0,297.0,293.0,0.5622775800711745,0.5179282868525897,0.5703422053231939,0.6016260162601627,0.5931558935361216,0.5708699902248289,0.5811965811965812,0.5686839577329491,0.5614366729678639,0.5629202689721422,0.5461254612546126,0.5535055350553506,0.5814814814814815,0.6370370370370371,0.6037037037037037,0.5938945420906568,0.5920444033302498,0.5850277264325323,0.5711645101663586,0.5794824399260629,0.8061224489795918,0.8125,0.8426966292134831,0.8705882352941177,0.8041237113402062,0.8319088319088319,0.8292682926829268,0.8222222222222222,0.8159340659340659,0.8323863636363636,0.43169398907103823,0.38011695906432746,0.43103448275862066,0.45962732919254656,0.46987951807228917,0.43452380952380953,0.4473684210526316,0.434654919236417,0.42795389048991356,0.42525399129172714,0.6078924490809736,0.6150584795321637,0.6426005747126435,0.679354948999943,0.6435936051899908,0.6451347653976016,0.6443391223651068,0.6375269608650913,0.6276367390593898,0.6375633824143113,"{'cls__criterion': 'gini', 'cls__max_depth': 2, 'cls__max_features': 'log2', 'cls__random_state': 42, 'os__random_state': 42}",rf,iforest,simple,none,smote,0.5690659964086485
69.0,85.0,82.0,98.0,85.0,350.0,334.0,337.0,321.0,334.0,19.0,15.0,14.0,11.0,19.0,59.0,63.0,64.0,67.0,59.0,104.0,106.0,99.0,87.0,88.0,380.0,378.0,385.0,397.0,396.0,79.0,65.0,75.0,74.0,78.0,292.0,306.0,296.0,297.0,293.0,0.5622775800711745,0.5179282868525897,0.5703422053231939,0.6016260162601627,0.5931558935361216,0.5708699902248289,0.5811965811965812,0.5686839577329491,0.5614366729678639,0.5629202689721422,0.5461254612546126,0.5535055350553506,0.5814814814814815,0.6370370370370371,0.6037037037037037,0.5938945420906568,0.5920444033302498,0.5850277264325323,0.5711645101663586,0.5794824399260629,0.8061224489795918,0.8125,0.8426966292134831,0.8705882352941177,0.8041237113402062,0.8319088319088319,0.8292682926829268,0.8222222222222222,0.8159340659340659,0.8323863636363636,0.43169398907103823,0.38011695906432746,0.43103448275862066,0.45962732919254656,0.46987951807228917,0.43452380952380953,0.4473684210526316,0.434654919236417,0.42795389048991356,0.42525399129172714,0.6078924490809736,0.6150584795321637,0.6426005747126435,0.679354948999943,0.6435936051899908,0.6451347653976016,0.6443391223651068,0.6375269608650913,0.6276367390593898,0.6375633824143113,"{'cls__C': 0.1, 'cls__probability': True, 'cls__random_state': 42, 'os__random_state': 42}",svc,iforest,simple,standard,smote,0.5690659964086485
69.0,85.0,82.0,98.0,85.0,350.0,334.0,337.0,321.0,334.0,19.0,15.0,14.0,11.0,19.0,59.0,63.0,64.0,67.0,59.0,104.0,106.0,99.0,87.0,88.0,380.0,378.0,385.0,397.0,396.0,79.0,65.0,75.0,74.0,78.0,292.0,306.0,296.0,297.0,293.0,0.5622775800711745,0.5179282868525897,0.5703422053231939,0.6016260162601627,0.5931558935361216,0.5708699902248289,0.5811965811965812,0.5686839577329491,0.5614366729678639,0.5629202689721422,0.5461254612546126,0.5535055350553506,0.5814814814814815,0.6370370370370371,0.6037037037037037,0.5938945420906568,0.5920444033302498,0.5850277264325323,0.5711645101663586,0.5794824399260629,0.8061224489795918,0.8125,0.8426966292134831,0.8705882352941177,0.8041237113402062,0.8319088319088319,0.8292682926829268,0.8222222222222222,0.8159340659340659,0.8323863636363636,0.43169398907103823,0.38011695906432746,0.43103448275862066,0.45962732919254656,0.46987951807228917,0.43452380952380953,0.4473684210526316,0.434654919236417,0.42795389048991356,0.42525399129172714,0.6078924490809736,0.6150584795321637,0.6426005747126435,0.679354948999943,0.6435936051899908,0.6451347653976016,0.6443391223651068,0.6375269608650913,0.6276367390593898,0.6375633824143113,"{'cls__C': 0.1, 'cls__probability': True, 'cls__random_state': 42, 'os__random_state': 42}",svc,iforest,simple,none,smote,0.5690659964086485
69.0,85.0,82.0,98.0,85.0,350.0,334.0,337.0,321.0,334.0,19.0,15.0,14.0,11.0,19.0,59.0,63.0,64.0,67.0,59.0,104.0,106.0,99.0,87.0,88.0,380.0,378.0,385.0,397.0,396.0,79.0,65.0,75.0,74.0,78.0,292.0,306.0,296.0,297.0,293.0,0.5622775800711745,0.5179282868525897,0.5703422053231939,0.6016260162601627,0.5931558935361216,0.5708699902248289,0.5811965811965812,0.5686839577329491,0.5614366729678639,0.5629202689721422,0.5461254612546126,0.5535055350553506,0.5814814814814815,0.6370370370370371,0.6037037037037037,0.5938945420906568,0.5920444033302498,0.5850277264325323,0.5711645101663586,0.5794824399260629,0.8061224489795918,0.8125,0.8426966292134831,0.8705882352941177,0.8041237113402062,0.8319088319088319,0.8292682926829268,0.8222222222222222,0.8159340659340659,0.8323863636363636,0.43169398907103823,0.38011695906432746,0.43103448275862066,0.45962732919254656,0.46987951807228917,0.43452380952380953,0.4473684210526316,0.434654919236417,0.42795389048991356,0.42525399129172714,0.6078924490809736,0.6150584795321637,0.6426005747126435,0.679354948999943,0.6435936051899908,0.6451347653976016,0.6443391223651068,0.6375269608650913,0.6276367390593898,0.6375633824143113,"{'cls__C': 1, 'cls__probability': True, 'cls__random_state': 42, 'os__random_state': 42}",svc,iforest,simple,none,smote,0.5690659964086485
69.0,85.0,82.0,98.0,85.0,350.0,334.0,337.0,321.0,334.0,19.0,15.0,14.0,11.0,19.0,59.0,63.0,64.0,67.0,59.0,104.0,106.0,99.0,87.0,88.0,380.0,378.0,385.0,397.0,396.0,79.0,65.0,75.0,74.0,78.0,292.0,306.0,296.0,297.0,293.0,0.5622775800711745,0.5179282868525897,0.5703422053231939,0.6016260162601627,0.5931558935361216,0.5708699902248289,0.5811965811965812,0.5686839577329491,0.5614366729678639,0.5629202689721422,0.5461254612546126,0.5535055350553506,0.5814814814814815,0.6370370370370371,0.6037037037037037,0.5938945420906568,0.5920444033302498,0.5850277264325323,0.5711645101663586,0.5794824399260629,0.8061224489795918,0.8125,0.8426966292134831,0.8705882352941177,0.8041237113402062,0.8319088319088319,0.8292682926829268,0.8222222222222222,0.8159340659340659,0.8323863636363636,0.43169398907103823,0.38011695906432746,0.43103448275862066,0.45962732919254656,0.46987951807228917,0.43452380952380953,0.4473684210526316,0.434654919236417,0.42795389048991356,0.42525399129172714,0.6078924490809736,0.6150584795321637,0.6426005747126435,0.679354948999943,0.6435936051899908,0.6451347653976016,0.6443391223651068,0.6375269608650913,0.6276367390593898,0.6375633824143113,"{'cls__criterion': 'gini', 'cls__max_depth': 4, 'cls__max_features': 'log2', 'cls__random_state': 42, 'os__random_state': 42}",rf,iforest,simple,none,smote,0.5690659964086485
69.0,85.0,82.0,98.0,85.0,350.0,334.0,337.0,321.0,334.0,19.0,15.0,14.0,11.0,19.0,59.0,63.0,64.0,67.0,59.0,104.0,106.0,99.0,87.0,88.0,380.0,378.0,385.0,397.0,396.0,79.0,65.0,75.0,74.0,78.0,292.0,306.0,296.0,297.0,293.0,0.5622775800711745,0.5179282868525897,0.5703422053231939,0.6016260162601627,0.5931558935361216,0.5708699902248289,0.5811965811965812,0.5686839577329491,0.5614366729678639,0.5629202689721422,0.5461254612546126,0.5535055350553506,0.5814814814814815,0.6370370370370371,0.6037037037037037,0.5938945420906568,0.5920444033302498,0.5850277264325323,0.5711645101663586,0.5794824399260629,0.8061224489795918,0.8125,0.8426966292134831,0.8705882352941177,0.8041237113402062,0.8319088319088319,0.8292682926829268,0.8222222222222222,0.8159340659340659,0.8323863636363636,0.43169398907103823,0.38011695906432746,0.43103448275862066,0.45962732919254656,0.46987951807228917,0.43452380952380953,0.4473684210526316,0.434654919236417,0.42795389048991356,0.42525399129172714,0.6078924490809736,0.6150584795321637,0.6426005747126435,0.679354948999943,0.6435936051899908,0.6451347653976016,0.6443391223651068,0.6375269608650913,0.6276367390593898,0.6375633824143113,"{'cls__C': 10, 'cls__probability': True, 'cls__random_state': 42, 'os__random_state': 42}",svc,iforest,simple,none,smote,0.5690659964086485
69.0,85.0,82.0,98.0,85.0,350.0,334.0,337.0,321.0,334.0,19.0,15.0,14.0,11.0,19.0,59.0,63.0,64.0,67.0,59.0,104.0,106.0,99.0,87.0,88.0,380.0,378.0,385.0,397.0,396.0,79.0,65.0,75.0,74.0,78.0,292.0,306.0,296.0,297.0,293.0,0.5622775800711745,0.5179282868525897,0.5703422053231939,0.6016260162601627,0.5931558935361216,0.5708699902248289,0.5811965811965812,0.5686839577329491,0.5614366729678639,0.5629202689721422,0.5461254612546126,0.5535055350553506,0.5814814814814815,0.6370370370370371,0.6037037037037037,0.5938945420906568,0.5920444033302498,0.5850277264325323,0.5711645101663586,0.5794824399260629,0.8061224489795918,0.8125,0.8426966292134831,0.8705882352941177,0.8041237113402062,0.8319088319088319,0.8292682926829268,0.8222222222222222,0.8159340659340659,0.8323863636363636,0.43169398907103823,0.38011695906432746,0.43103448275862066,0.45962732919254656,0.46987951807228917,0.43452380952380953,0.4473684210526316,0.434654919236417,0.42795389048991356,0.42525399129172714,0.6078924490809736,0.6150584795321637,0.6426005747126435,0.679354948999943,0.6435936051899908,0.6451347653976016,0.6443391223651068,0.6375269608650913,0.6276367390593898,0.6375633824143113,"{'cls__hidden_layer_sizes': (100,), 'cls__learning_rate': 'adaptive', 'cls__learning_rate_init': 0.001, 'cls__max_iter': 1000, 'cls__n_iter_no_change': 5, 'cls__random_state': 42, 'os__random_state': 42}",mlp,iforest,simple,minmax,smote,0.5690659964086485
69.0,85.0,82.0,98.0,85.0,350.0,334.0,337.0,321.0,334.0,19.0,15.0,14.0,11.0,19.0,59.0,63.0,64.0,67.0,59.0,104.0,106.0,99.0,87.0,88.0,380.0,378.0,385.0,397.0,396.0,79.0,65.0,75.0,74.0,78.0,292.0,306.0,296.0,297.0,293.0,0.5622775800711745,0.5179282868525897,0.5703422053231939,0.6016260162601627,0.5931558935361216,0.5708699902248289,0.5811965811965812,0.5686839577329491,0.5614366729678639,0.5629202689721422,0.5461254612546126,0.5535055350553506,0.5814814814814815,0.6370370370370371,0.6037037037037037,0.5938945420906568,0.5920444033302498,0.5850277264325323,0.5711645101663586,0.5794824399260629,0.8061224489795918,0.8125,0.8426966292134831,0.8705882352941177,0.8041237113402062,0.8319088319088319,0.8292682926829268,0.8222222222222222,0.8159340659340659,0.8323863636363636,0.43169398907103823,0.38011695906432746,0.43103448275862066,0.45962732919254656,0.46987951807228917,0.43452380952380953,0.4473684210526316,0.434654919236417,0.42795389048991356,0.42525399129172714,0.6078924490809736,0.6150584795321637,0.6426005747126435,0.679354948999943,0.6435936051899908,0.6451347653976016,0.6443391223651068,0.6375269608650913,0.6276367390593898,0.6375633824143113,"{'cls__C': 1, 'cls__probability': True, 'cls__random_state': 42, 'os__random_state': 42}",svc,iforest,simple,minmax,smote,0.5690659964086485
69.0,85.0,82.0,98.0,85.0,350.0,334.0,337.0,321.0,334.0,19.0,15.0,14.0,11.0,19.0,59.0,63.0,64.0,67.0,59.0,104.0,106.0,99.0,87.0,88.0,380.0,378.0,385.0,397.0,396.0,79.0,65.0,75.0,74.0,78.0,292.0,306.0,296.0,297.0,293.0,0.5622775800711745,0.5179282868525897,0.5703422053231939,0.6016260162601627,0.5931558935361216,0.5708699902248289,0.5811965811965812,0.5686839577329491,0.5614366729678639,0.5629202689721422,0.5461254612546126,0.5535055350553506,0.5814814814814815,0.6370370370370371,0.6037037037037037,0.5938945420906568,0.5920444033302498,0.5850277264325323,0.5711645101663586,0.5794824399260629,0.8061224489795918,0.8125,0.8426966292134831,0.8705882352941177,0.8041237113402062,0.8319088319088319,0.8292682926829268,0.8222222222222222,0.8159340659340659,0.8323863636363636,0.43169398907103823,0.38011695906432746,0.43103448275862066,0.45962732919254656,0.46987951807228917,0.43452380952380953,0.4473684210526316,0.434654919236417,0.42795389048991356,0.42525399129172714,0.6078924490809736,0.6150584795321637,0.6426005747126435,0.679354948999943,0.6435936051899908,0.6451347653976016,0.6443391223651068,0.6375269608650913,0.6276367390593898,0.6375633824143113,"{'cls__C': 10, 'cls__probability': True, 'cls__random_state': 42, 'os__random_state': 42}",svc,iforest,simple,minmax,smote,0.5690659964086485
