scaler_0__Flavor intensity (adj),scaler_1__Acidity (adj),scaler_2__Sweet,scaler_3__Dark.chocolate,scaler_4__Nutty,scaler_5__Mouthfeel (adj),scaler_6__Roasted,scaler_7__Rubber,scaler_8__Caramel,scaler_9__Sour,scaler_10__Fruit,scaler_11__Burnt,scaler_12__Bitter,scaler_13__Astringent,scaler_14__Tea.floral,liking
0.8059917644104178,-0.8897829194482517,-0.3124452392570865,-0.4358431993698036,-0.5028490259085154,1.251156970466471,-0.9499400597599089,-0.06768974434224129,-0.11270349826842091,-0.6067740328895754,-0.28992134818515547,-0.34025884474167073,1.601574428619071,-0.19773600093647767,-0.3464838893344493,6
0.8059917644104178,0.8637892611272914,-0.3124452392570865,-0.4358431993698036,-0.5028490259085154,-0.6772519277744693,-0.9499400597599089,-0.06768974434224129,-0.11270349826842091,-0.6067740328895754,-0.28992134818515547,-0.34025884474167073,1.601574428619071,5.057248023951126,-0.3464838893344493,4
-0.8571959470906089,0.8637892611272914,-0.3124452392570865,-0.4358431993698036,-0.5028490259085154,-0.6772519277744693,-0.9499400597599089,-0.06768974434224129,-0.11270349826842091,1.64805997916194,-0.28992134818515547,-0.34025884474167073,-0.624385593407752,-0.19773600093647767,-0.3464838893344493,7
0.8059917644104178,-0.8897829194482517,-0.3124452392570865,-0.4358431993698036,-0.5028490259085154,-0.6772519277744693,1.0526979989166299,-0.06768974434224129,-0.11270349826842091,-0.6067740328895754,-0.28992134818515547,2.938939032603881,1.601574428619071,-0.19773600093647767,-0.3464838893344493,6
2.4691794759114445,0.8637892611272914,-0.3124452392570865,-0.4358431993698036,-0.5028490259085154,1.251156970466471,-0.9499400597599089,-0.06768974434224129,-0.11270349826842091,-0.6067740328895754,-0.28992134818515547,-0.34025884474167073,-0.624385593407752,-0.19773600093647767,2.8861370781795084,4
-0.8571959470906089,-0.8897829194482517,-0.3124452392570865,-0.4358431993698036,-0.5028490259085154,1.251156970466471,-0.9499400597599089,-0.06768974434224129,-0.11270349826842091,-0.6067740328895754,3.449211333555746,-0.34025884474167073,-0.624385593407752,-0.19773600093647767,-0.3464838893344493,7
-0.8571959470906089,-0.8897829194482517,-0.3124452392570865,2.2944031281110373,-0.5028490259085154,-0.6772519277744693,1.0526979989166299,-0.06768974434224129,-0.11270349826842091,-0.6067740328895754,-0.28992134818515547,-0.34025884474167073,-0.624385593407752,-0.19773600093647767,-0.3464838893344493,6
0.8059917644104178,0.8637892611272914,-0.3124452392570865,-0.4358431993698036,-0.5028490259085154,-0.6772519277744693,1.0526979989166299,-0.06768974434224129,-0.11270349826842091,-0.6067740328895754,-0.28992134818515547,-0.34025884474167073,-0.624385593407752,-0.19773600093647767,-0.3464838893344493,6
-0.8571959470906089,-0.8897829194482517,-0.3124452392570865,2.2944031281110373,-0.5028490259085154,-0.6772519277744693,-0.9499400597599089,-0.06768974434224129,-0.11270349826842091,-0.6067740328895754,3.449211333555746,-0.34025884474167073,-0.624385593407752,-0.19773600093647767,-0.3464838893344493,8
-0.8571959470906089,-0.8897829194482517,-0.3124452392570865,-0.4358431993698036,-0.5028490259085154,1.251156970466471,1.0526979989166299,-0.06768974434224129,-0.11270349826842091,-0.6067740328895754,-0.28992134818515547,-0.34025884474167073,-0.624385593407752,-0.19773600093647767,-0.3464838893344493,8
-0.8571959470906089,0.8637892611272914,-0.3124452392570865,-0.4358431993698036,-0.5028490259085154,-0.6772519277744693,-0.9499400597599089,-0.06768974434224129,-0.11270349826842091,1.64805997916194,-0.28992134818515547,-0.34025884474167073,1.601574428619071,-0.19773600093647767,-0.3464838893344493,4
-0.8571959470906089,0.8637892611272914,-0.3124452392570865,-0.4358431993698036,1.9886684640449763,-0.6772519277744693,1.0526979989166299,-0.06768974434224129,-0.11270349826842091,-0.6067740328895754,-0.28992134818515547,-0.34025884474167073,-0.624385593407752,-0.19773600093647767,-0.3464838893344493,7
0.8059917644104178,0.8637892611272914,-0.3124452392570865,-0.4358431993698036,-0.5028490259085154,1.251156970466471,-0.9499400597599089,-0.06768974434224129,-0.11270349826842091,-0.6067740328895754,-0.28992134818515547,-0.34025884474167073,-0.624385593407752,-0.19773600093647767,-0.3464838893344493,4
0.8059917644104178,0.8637892611272914,-0.3124452392570865,-0.4358431993698036,-0.5028490259085154,-0.6772519277744693,-0.9499400597599089,-0.06768974434224129,-0.11270349826842091,-0.6067740328895754,-0.28992134818515547,-0.34025884474167073,1.601574428619071,-0.19773600093647767,-0.3464838893344493,8
0.8059917644104178,-0.8897829194482517,-0.3124452392570865,-0.4358431993698036,-0.5028490259085154,3.1795658687074115,-0.9499400597599089,-0.06768974434224129,-0.11270349826842091,-0.6067740328895754,-0.28992134818515547,-0.34025884474167073,-0.624385593407752,-0.19773600093647767,-0.3464838893344493,6
-0.8571959470906089,0.8637892611272914,-0.3124452392570865,-0.4358431993698036,-0.5028490259085154,-0.6772519277744693,-0.9499400597599089,-0.06768974434224129,-0.11270349826842091,-0.6067740328895754,-0.28992134818515547,-0.34025884474167073,-0.624385593407752,-0.19773600093647767,-0.3464838893344493,4
-0.8571959470906089,0.8637892611272914,-0.3124452392570865,-0.4358431993698036,-0.5028490259085154,1.251156970466471,-0.9499400597599089,-0.06768974434224129,-0.11270349826842091,1.64805997916194,-0.28992134818515547,-0.34025884474167073,-0.624385593407752,-0.19773600093647767,-0.3464838893344493,4
0.8059917644104178,0.8637892611272914,-0.3124452392570865,-0.4358431993698036,-0.5028490259085154,1.251156970466471,-0.9499400597599089,-0.06768974434224129,-0.11270349826842091,1.64805997916194,-0.28992134818515547,-0.34025884474167073,-0.624385593407752,-0.19773600093647767,2.8861370781795084,4
0.8059917644104178,0.8637892611272914,-0.3124452392570865,-0.4358431993698036,-0.5028490259085154,-0.6772519277744693,-0.9499400597599089,-0.06768974434224129,-0.11270349826842091,-0.6067740328895754,-0.28992134818515547,2.938939032603881,1.601574428619071,-0.19773600093647767,-0.3464838893344493,6
0.8059917644104178,-0.8897829194482517,-0.3124452392570865,-0.4358431993698036,-0.5028490259085154,-0.6772519277744693,-0.9499400597599089,-0.06768974434224129,-0.11270349826842091,-0.6067740328895754,-0.28992134818515547,2.938939032603881,-0.624385593407752,-0.19773600093647767,-0.3464838893344493,4
-0.8571959470906089,-0.8897829194482517,-0.3124452392570865,-0.4358431993698036,-0.5028490259085154,-0.6772519277744693,-0.9499400597599089,-0.06768974434224129,-0.11270349826842091,1.64805997916194,-0.28992134818515547,-0.34025884474167073,1.601574428619071,-0.19773600093647767,-0.3464838893344493,6
2.4691794759114445,2.6173614417028346,-0.3124452392570865,-0.4358431993698036,-0.5028490259085154,1.251156970466471,-0.9499400597599089,-0.06768974434224129,-0.11270349826842091,-0.6067740328895754,-0.28992134818515547,-0.34025884474167073,-0.624385593407752,-0.19773600093647767,-0.3464838893344493,3
-0.8571959470906089,0.8637892611272914,-0.3124452392570865,-0.4358431993698036,-0.5028490259085154,-0.6772519277744693,1.0526979989166299,-0.06768974434224129,-0.11270349826842091,1.64805997916194,-0.28992134818515547,-0.34025884474167073,-0.624385593407752,5.057248023951126,-0.3464838893344493,7
0.8059917644104178,0.8637892611272914,-0.3124452392570865,-0.4358431993698036,-0.5028490259085154,1.251156970466471,-0.9499400597599089,-0.06768974434224129,-0.11270349826842091,1.64805997916194,-0.28992134818515547,-0.34025884474167073,-0.624385593407752,-0.19773600093647767,-0.3464838893344493,5
-0.8571959470906089,0.8637892611272914,-0.3124452392570865,-0.4358431993698036,-0.5028490259085154,-0.6772519277744693,-0.9499400597599089,-0.06768974434224129,-0.11270349826842091,-0.6067740328895754,-0.28992134818515547,-0.34025884474167073,-0.624385593407752,-0.19773600093647767,-0.3464838893344493,6
0.8059917644104178,0.8637892611272914,-0.3124452392570865,-0.4358431993698036,-0.5028490259085154,-0.6772519277744693,-0.9499400597599089,-0.06768974434224129,-0.11270349826842091,-0.6067740328895754,-0.28992134818515547,-0.34025884474167073,-0.624385593407752,-0.19773600093647767,-0.3464838893344493,5
0.8059917644104178,-0.8897829194482517,-0.3124452392570865,-0.4358431993698036,-0.5028490259085154,-0.6772519277744693,-0.9499400597599089,-0.06768974434224129,-0.11270349826842091,-0.6067740328895754,-0.28992134818515547,-0.34025884474167073,-0.624385593407752,-0.19773600093647767,-0.3464838893344493,7
-0.8571959470906089,-0.8897829194482517,-0.3124452392570865,-0.4358431993698036,-0.5028490259085154,1.251156970466471,-0.9499400597599089,-0.06768974434224129,-0.11270349826842091,1.64805997916194,-0.28992134818515547,-0.34025884474167073,-0.624385593407752,-0.19773600093647767,-0.3464838893344493,4
0.8059917644104178,-0.8897829194482517,-0.3124452392570865,-0.4358431993698036,-0.5028490259085154,1.251156970466471,1.0526979989166299,-0.06768974434224129,-0.11270349826842091,1.64805997916194,-0.28992134818515547,-0.34025884474167073,-0.624385593407752,-0.19773600093647767,-0.3464838893344493,6
-0.8571959470906089,-0.8897829194482517,3.200560848287335,-0.4358431993698036,-0.5028490259085154,1.251156970466471,-0.9499400597599089,-0.06768974434224129,-0.11270349826842091,-0.6067740328895754,-0.28992134818515547,-0.34025884474167073,-0.624385593407752,-0.19773600093647767,2.8861370781795084,6
-0.8571959470906089,-0.8897829194482517,-0.3124452392570865,2.2944031281110373,1.9886684640449763,-0.6772519277744693,1.0526979989166299,-0.06768974434224129,-0.11270349826842091,-0.6067740328895754,-0.28992134818515547,-0.34025884474167073,-0.624385593407752,-0.19773600093647767,-0.3464838893344493,8
-0.8571959470906089,0.8637892611272914,-0.3124452392570865,2.2944031281110373,-0.5028490259085154,-0.6772519277744693,-0.9499400597599089,-0.06768974434224129,-0.11270349826842091,-0.6067740328895754,-0.28992134818515547,-0.34025884474167073,1.601574428619071,-0.19773600093647767,-0.3464838893344493,5
0.8059917644104178,-0.8897829194482517,-0.3124452392570865,2.2944031281110373,1.9886684640449763,1.251156970466471,-0.9499400597599089,-0.06768974434224129,-0.11270349826842091,-0.6067740328895754,-0.28992134818515547,-0.34025884474167073,-0.624385593407752,-0.19773600093647767,-0.3464838893344493,5
2.4691794759114445,2.6173614417028346,-0.3124452392570865,-0.4358431993698036,-0.5028490259085154,-0.6772519277744693,-0.9499400597599089,-0.06768974434224129,-0.11270349826842091,1.64805997916194,-0.28992134818515547,-0.34025884474167073,-0.624385593407752,-0.19773600093647767,-0.3464838893344493,1
0.8059917644104178,2.6173614417028346,-0.3124452392570865,-0.4358431993698036,-0.5028490259085154,1.251156970466471,-0.9499400597599089,-0.06768974434224129,-0.11270349826842091,1.64805997916194,-0.28992134818515547,-0.34025884474167073,-0.624385593407752,-0.19773600093647767,-0.3464838893344493,4
-0.8571959470906089,-0.8897829194482517,-0.3124452392570865,-0.4358431993698036,-0.5028490259085154,-0.6772519277744693,1.0526979989166299,-0.06768974434224129,-0.11270349826842091,-0.6067740328895754,-0.28992134818515547,-0.34025884474167073,1.601574428619071,-0.19773600093647767,-0.3464838893344493,5
-0.8571959470906089,0.8637892611272914,-0.3124452392570865,-0.4358431993698036,-0.5028490259085154,-0.6772519277744693,1.0526979989166299,-0.06768974434224129,-0.11270349826842091,1.64805997916194,-0.28992134818515547,-0.34025884474167073,-0.624385593407752,-0.19773600093647767,-0.3464838893344493,5
-0.8571959470906089,-0.8897829194482517,-0.3124452392570865,2.2944031281110373,-0.5028490259085154,-0.6772519277744693,1.0526979989166299,-0.06768974434224129,-0.11270349826842091,-0.6067740328895754,-0.28992134818515547,-0.34025884474167073,-0.624385593407752,-0.19773600093647767,-0.3464838893344493,8
0.8059917644104178,0.8637892611272914,-0.3124452392570865,-0.4358431993698036,-0.5028490259085154,1.251156970466471,-0.9499400597599089,-0.06768974434224129,-0.11270349826842091,1.64805997916194,-0.28992134818515547,-0.34025884474167073,-0.624385593407752,-0.19773600093647767,-0.3464838893344493,4
-0.8571959470906089,-0.8897829194482517,3.200560848287335,-0.4358431993698036,-0.5028490259085154,-0.6772519277744693,-0.9499400597599089,-0.06768974434224129,-0.11270349826842091,-0.6067740328895754,3.449211333555746,-0.34025884474167073,-0.624385593407752,-0.19773600093647767,-0.3464838893344493,8
0.8059917644104178,-0.8897829194482517,3.200560848287335,-0.4358431993698036,1.9886684640449763,-0.6772519277744693,1.0526979989166299,-0.06768974434224129,-0.11270349826842091,-0.6067740328895754,-0.28992134818515547,-0.34025884474167073,-0.624385593407752,-0.19773600093647767,-0.3464838893344493,5
-0.8571959470906089,-0.8897829194482517,3.200560848287335,-0.4358431993698036,1.9886684640449763,-0.6772519277744693,1.0526979989166299,-0.06768974434224129,-0.11270349826842091,-0.6067740328895754,-0.28992134818515547,-0.34025884474167073,-0.624385593407752,-0.19773600093647767,-0.3464838893344493,8
0.8059917644104178,0.8637892611272914,-0.3124452392570865,-0.4358431993698036,-0.5028490259085154,1.251156970466471,-0.9499400597599089,-0.06768974434224129,-0.11270349826842091,-0.6067740328895754,-0.28992134818515547,2.938939032603881,1.601574428619071,-0.19773600093647767,-0.3464838893344493,6
-0.8571959470906089,0.8637892611272914,-0.3124452392570865,-0.4358431993698036,-0.5028490259085154,-0.6772519277744693,1.0526979989166299,-0.06768974434224129,-0.11270349826842091,-0.6067740328895754,-0.28992134818515547,-0.34025884474167073,-0.624385593407752,-0.19773600093647767,-0.3464838893344493,8
-0.8571959470906089,0.8637892611272914,-0.3124452392570865,-0.4358431993698036,-0.5028490259085154,-0.6772519277744693,-0.9499400597599089,-0.06768974434224129,-0.11270349826842091,1.64805997916194,-0.28992134818515547,-0.34025884474167073,-0.624385593407752,-0.19773600093647767,-0.3464838893344493,4
-0.8571959470906089,-0.8897829194482517,3.200560848287335,-0.4358431993698036,-0.5028490259085154,1.251156970466471,-0.9499400597599089,-0.06768974434224129,-0.11270349826842091,-0.6067740328895754,-0.28992134818515547,-0.34025884474167073,-0.624385593407752,-0.19773600093647767,2.8861370781795084,6
-0.8571959470906089,0.8637892611272914,-0.3124452392570865,-0.4358431993698036,-0.5028490259085154,1.251156970466471,-0.9499400597599089,-0.06768974434224129,-0.11270349826842091,1.64805997916194,3.449211333555746,-0.34025884474167073,-0.624385593407752,-0.19773600093647767,-0.3464838893344493,6
-0.8571959470906089,-0.8897829194482517,3.200560848287335,2.2944031281110373,-0.5028490259085154,-0.6772519277744693,1.0526979989166299,-0.06768974434224129,-0.11270349826842091,-0.6067740328895754,-0.28992134818515547,-0.34025884474167073,-0.624385593407752,-0.19773600093647767,-0.3464838893344493,8
-0.8571959470906089,0.8637892611272914,-0.3124452392570865,2.2944031281110373,-0.5028490259085154,-0.6772519277744693,-0.9499400597599089,-0.06768974434224129,-0.11270349826842091,-0.6067740328895754,-0.28992134818515547,-0.34025884474167073,-0.624385593407752,-0.19773600093647767,-0.3464838893344493,7
-0.8571959470906089,0.8637892611272914,-0.3124452392570865,-0.4358431993698036,-0.5028490259085154,-0.6772519277744693,-0.9499400597599089,-0.06768974434224129,-0.11270349826842091,1.64805997916194,-0.28992134818515547,-0.34025884474167073,1.601574428619071,-0.19773600093647767,-0.3464838893344493,3
-0.8571959470906089,0.8637892611272914,-0.3124452392570865,-0.4358431993698036,-0.5028490259085154,-0.6772519277744693,1.0526979989166299,-0.06768974434224129,-0.11270349826842091,1.64805997916194,-0.28992134818515547,2.938939032603881,1.601574428619071,-0.19773600093647767,-0.3464838893344493,5
0.8059917644104178,2.6173614417028346,-0.3124452392570865,-0.4358431993698036,-0.5028490259085154,1.251156970466471,1.0526979989166299,-0.06768974434224129,-0.11270349826842091,1.64805997916194,-0.28992134818515547,-0.34025884474167073,-0.624385593407752,-0.19773600093647767,-0.3464838893344493,3
-0.8571959470906089,0.8637892611272914,-0.3124452392570865,-0.4358431993698036,-0.5028490259085154,1.251156970466471,-0.9499400597599089,-0.06768974434224129,-0.11270349826842091,1.64805997916194,-0.28992134818515547,-0.34025884474167073,-0.624385593407752,-0.19773600093647767,-0.3464838893344493,4
0.8059917644104178,-0.8897829194482517,-0.3124452392570865,-0.4358431993698036,-0.5028490259085154,1.251156970466471,-0.9499400597599089,-0.06768974434224129,-0.11270349826842091,-0.6067740328895754,-0.28992134818515547,-0.34025884474167073,1.601574428619071,-0.19773600093647767,-0.3464838893344493,3
0.8059917644104178,-0.8897829194482517,-0.3124452392570865,-0.4358431993698036,-0.5028490259085154,1.251156970466471,-0.9499400597599089,-0.06768974434224129,-0.11270349826842091,-0.6067740328895754,-0.28992134818515547,-0.34025884474167073,-0.624385593407752,-0.19773600093647767,-0.3464838893344493,5
-0.8571959470906089,0.8637892611272914,-0.3124452392570865,2.2944031281110373,1.9886684640449763,-0.6772519277744693,1.0526979989166299,-0.06768974434224129,-0.11270349826842091,-0.6067740328895754,-0.28992134818515547,-0.34025884474167073,-0.624385593407752,-0.19773600093647767,-0.3464838893344493,8
-0.8571959470906089,-0.8897829194482517,-0.3124452392570865,-0.4358431993698036,-0.5028490259085154,-0.6772519277744693,1.0526979989166299,-0.06768974434224129,-0.11270349826842091,-0.6067740328895754,-0.28992134818515547,-0.34025884474167073,-0.624385593407752,-0.19773600093647767,-0.3464838893344493,8
0.8059917644104178,0.8637892611272914,-0.3124452392570865,-0.4358431993698036,-0.5028490259085154,-0.6772519277744693,-0.9499400597599089,-0.06768974434224129,-0.11270349826842091,-0.6067740328895754,-0.28992134818515547,-0.34025884474167073,1.601574428619071,5.057248023951126,-0.3464838893344493,3
0.8059917644104178,0.8637892611272914,-0.3124452392570865,-0.4358431993698036,-0.5028490259085154,1.251156970466471,-0.9499400597599089,-0.06768974434224129,-0.11270349826842091,1.64805997916194,-0.28992134818515547,-0.34025884474167073,1.601574428619071,-0.19773600093647767,-0.3464838893344493,4
-0.8571959470906089,0.8637892611272914,-0.3124452392570865,-0.4358431993698036,-0.5028490259085154,-0.6772519277744693,-0.9499400597599089,-0.06768974434224129,-0.11270349826842091,1.64805997916194,-0.28992134818515547,-0.34025884474167073,1.601574428619071,-0.19773600093647767,-0.3464838893344493,7
-0.8571959470906089,0.8637892611272914,-0.3124452392570865,-0.4358431993698036,-0.5028490259085154,-0.6772519277744693,1.0526979989166299,-0.06768974434224129,-0.11270349826842091,1.64805997916194,-0.28992134818515547,2.938939032603881,1.601574428619071,-0.19773600093647767,-0.3464838893344493,6
-0.8571959470906089,-0.8897829194482517,-0.3124452392570865,-0.4358431993698036,-0.5028490259085154,1.251156970466471,1.0526979989166299,-0.06768974434224129,-0.11270349826842091,-0.6067740328895754,-0.28992134818515547,-0.34025884474167073,1.601574428619071,-0.19773600093647767,-0.3464838893344493,6
0.8059917644104178,0.8637892611272914,-0.3124452392570865,-0.4358431993698036,-0.5028490259085154,1.251156970466471,-0.9499400597599089,-0.06768974434224129,-0.11270349826842091,1.64805997916194,-0.28992134818515547,-0.34025884474167073,-0.624385593407752,5.057248023951126,-0.3464838893344493,6
0.8059917644104178,0.8637892611272914,-0.3124452392570865,2.2944031281110373,-0.5028490259085154,-0.6772519277744693,1.0526979989166299,-0.06768974434224129,-0.11270349826842091,-0.6067740328895754,-0.28992134818515547,-0.34025884474167073,1.601574428619071,-0.19773600093647767,-0.3464838893344493,4
-0.8571959470906089,0.8637892611272914,-0.3124452392570865,-0.4358431993698036,-0.5028490259085154,-0.6772519277744693,1.0526979989166299,-0.06768974434224129,-0.11270349826842091,-0.6067740328895754,-0.28992134818515547,-0.34025884474167073,-0.624385593407752,-0.19773600093647767,-0.3464838893344493,8
-0.8571959470906089,-0.8897829194482517,-0.3124452392570865,-0.4358431993698036,-0.5028490259085154,1.251156970466471,-0.9499400597599089,-0.06768974434224129,-0.11270349826842091,-0.6067740328895754,-0.28992134818515547,2.938939032603881,1.601574428619071,-0.19773600093647767,-0.3464838893344493,4
0.8059917644104178,0.8637892611272914,-0.3124452392570865,-0.4358431993698036,-0.5028490259085154,-0.6772519277744693,-0.9499400597599089,-0.06768974434224129,-0.11270349826842091,-0.6067740328895754,-0.28992134818515547,-0.34025884474167073,1.601574428619071,5.057248023951126,-0.3464838893344493,4
-0.8571959470906089,0.8637892611272914,-0.3124452392570865,-0.4358431993698036,-0.5028490259085154,-0.6772519277744693,1.0526979989166299,-0.06768974434224129,-0.11270349826842091,1.64805997916194,-0.28992134818515547,-0.34025884474167073,1.601574428619071,-0.19773600093647767,-0.3464838893344493,6
-0.8571959470906089,0.8637892611272914,-0.3124452392570865,-0.4358431993698036,-0.5028490259085154,-0.6772519277744693,1.0526979989166299,-0.06768974434224129,-0.11270349826842091,-0.6067740328895754,-0.28992134818515547,-0.34025884474167073,-0.624385593407752,-0.19773600093647767,2.8861370781795084,5
-0.8571959470906089,0.8637892611272914,-0.3124452392570865,-0.4358431993698036,-0.5028490259085154,-0.6772519277744693,-0.9499400597599089,-0.06768974434224129,-0.11270349826842091,1.64805997916194,-0.28992134818515547,-0.34025884474167073,-0.624385593407752,-0.19773600093647767,-0.3464838893344493,7
-0.8571959470906089,-0.8897829194482517,-0.3124452392570865,-0.4358431993698036,-0.5028490259085154,1.251156970466471,1.0526979989166299,-0.06768974434224129,-0.11270349826842091,-0.6067740328895754,-0.28992134818515547,-0.34025884474167073,1.601574428619071,-0.19773600093647767,-0.3464838893344493,8
-0.8571959470906089,0.8637892611272914,-0.3124452392570865,-0.4358431993698036,1.9886684640449763,-0.6772519277744693,1.0526979989166299,-0.06768974434224129,-0.11270349826842091,-0.6067740328895754,-0.28992134818515547,-0.34025884474167073,-0.624385593407752,-0.19773600093647767,-0.3464838893344493,7
0.8059917644104178,0.8637892611272914,-0.3124452392570865,-0.4358431993698036,-0.5028490259085154,-0.6772519277744693,-0.9499400597599089,-0.06768974434224129,-0.11270349826842091,1.64805997916194,-0.28992134818515547,-0.34025884474167073,1.601574428619071,-0.19773600093647767,2.8861370781795084,6
0.8059917644104178,-0.8897829194482517,3.200560848287335,-0.4358431993698036,-0.5028490259085154,1.251156970466471,-0.9499400597599089,-0.06768974434224129,-0.11270349826842091,-0.6067740328895754,-0.28992134818515547,-0.34025884474167073,-0.624385593407752,-0.19773600093647767,-0.3464838893344493,5
-0.8571959470906089,-0.8897829194482517,-0.3124452392570865,-0.4358431993698036,-0.5028490259085154,-0.6772519277744693,-0.9499400597599089,-0.06768974434224129,-0.11270349826842091,-0.6067740328895754,-0.28992134818515547,-0.34025884474167073,1.601574428619071,-0.19773600093647767,-0.3464838893344493,5
-0.8571959470906089,-0.8897829194482517,-0.3124452392570865,-0.4358431993698036,-0.5028490259085154,-0.6772519277744693,1.0526979989166299,-0.06768974434224129,-0.11270349826842091,1.64805997916194,-0.28992134818515547,-0.34025884474167073,-0.624385593407752,-0.19773600093647767,-0.3464838893344493,9
2.4691794759114445,-0.8897829194482517,-0.3124452392570865,-0.4358431993698036,-0.5028490259085154,-0.6772519277744693,-0.9499400597599089,-0.06768974434224129,-0.11270349826842091,-0.6067740328895754,-0.28992134818515547,-0.34025884474167073,-0.624385593407752,-0.19773600093647767,-0.3464838893344493,4
-0.8571959470906089,-0.8897829194482517,-0.3124452392570865,-0.4358431993698036,-0.5028490259085154,1.251156970466471,-0.9499400597599089,-0.06768974434224129,-0.11270349826842091,-0.6067740328895754,-0.28992134818515547,-0.34025884474167073,-0.624385593407752,-0.19773600093647767,2.8861370781795084,6
0.8059917644104178,-0.8897829194482517,-0.3124452392570865,2.2944031281110373,-0.5028490259085154,1.251156970466471,1.0526979989166299,-0.06768974434224129,-0.11270349826842091,-0.6067740328895754,-0.28992134818515547,-0.34025884474167073,-0.624385593407752,-0.19773600093647767,-0.3464838893344493,6
-0.8571959470906089,0.8637892611272914,3.200560848287335,-0.4358431993698036,-0.5028490259085154,-0.6772519277744693,1.0526979989166299,-0.06768974434224129,-0.11270349826842091,-0.6067740328895754,-0.28992134818515547,-0.34025884474167073,-0.624385593407752,-0.19773600093647767,-0.3464838893344493,7
0.8059917644104178,0.8637892611272914,-0.3124452392570865,-0.4358431993698036,-0.5028490259085154,1.251156970466471,1.0526979989166299,-0.06768974434224129,-0.11270349826842091,1.64805997916194,-0.28992134818515547,-0.34025884474167073,1.601574428619071,-0.19773600093647767,-0.3464838893344493,4
-0.8571959470906089,-0.8897829194482517,-0.3124452392570865,-0.4358431993698036,-0.5028490259085154,-0.6772519277744693,1.0526979989166299,-0.06768974434224129,-0.11270349826842091,1.64805997916194,-0.28992134818515547,-0.34025884474167073,-0.624385593407752,-0.19773600093647767,-0.3464838893344493,7
-0.8571959470906089,-0.8897829194482517,-0.3124452392570865,-0.4358431993698036,1.9886684640449763,-0.6772519277744693,-0.9499400597599089,-0.06768974434224129,-0.11270349826842091,-0.6067740328895754,-0.28992134818515547,-0.34025884474167073,-0.624385593407752,-0.19773600093647767,-0.3464838893344493,7
-0.8571959470906089,-0.8897829194482517,-0.3124452392570865,-0.4358431993698036,1.9886684640449763,-0.6772519277744693,1.0526979989166299,-0.06768974434224129,-0.11270349826842091,-0.6067740328895754,-0.28992134818515547,-0.34025884474167073,-0.624385593407752,-0.19773600093647767,-0.3464838893344493,6
0.8059917644104178,0.8637892611272914,-0.3124452392570865,-0.4358431993698036,-0.5028490259085154,-0.6772519277744693,1.0526979989166299,-0.06768974434224129,-0.11270349826842091,-0.6067740328895754,-0.28992134818515547,2.938939032603881,1.601574428619071,-0.19773600093647767,-0.3464838893344493,7
-0.8571959470906089,0.8637892611272914,-0.3124452392570865,-0.4358431993698036,-0.5028490259085154,-0.6772519277744693,1.0526979989166299,-0.06768974434224129,-0.11270349826842091,1.64805997916194,-0.28992134818515547,-0.34025884474167073,1.601574428619071,-0.19773600093647767,-0.3464838893344493,7
0.8059917644104178,-0.8897829194482517,-0.3124452392570865,-0.4358431993698036,1.9886684640449763,1.251156970466471,-0.9499400597599089,-0.06768974434224129,-0.11270349826842091,-0.6067740328895754,-0.28992134818515547,-0.34025884474167073,-0.624385593407752,-0.19773600093647767,-0.3464838893344493,6
-0.8571959470906089,0.8637892611272914,-0.3124452392570865,-0.4358431993698036,-0.5028490259085154,1.251156970466471,1.0526979989166299,-0.06768974434224129,-0.11270349826842091,-0.6067740328895754,-0.28992134818515547,-0.34025884474167073,-0.624385593407752,-0.19773600093647767,-0.3464838893344493,6
-0.8571959470906089,-0.8897829194482517,-0.3124452392570865,2.2944031281110373,1.9886684640449763,-0.6772519277744693,1.0526979989166299,-0.06768974434224129,-0.11270349826842091,-0.6067740328895754,-0.28992134818515547,-0.34025884474167073,1.601574428619071,-0.19773600093647767,-0.3464838893344493,8
-0.8571959470906089,0.8637892611272914,-0.3124452392570865,-0.4358431993698036,-0.5028490259085154,-0.6772519277744693,-0.9499400597599089,-0.06768974434224129,-0.11270349826842091,-0.6067740328895754,3.449211333555746,-0.34025884474167073,-0.624385593407752,-0.19773600093647767,-0.3464838893344493,7
0.8059917644104178,0.8637892611272914,-0.3124452392570865,-0.4358431993698036,1.9886684640449763,-0.6772519277744693,1.0526979989166299,-0.06768974434224129,-0.11270349826842091,1.64805997916194,-0.28992134818515547,-0.34025884474167073,-0.624385593407752,-0.19773600093647767,-0.3464838893344493,6
-0.8571959470906089,0.8637892611272914,3.200560848287335,-0.4358431993698036,-0.5028490259085154,-0.6772519277744693,1.0526979989166299,-0.06768974434224129,-0.11270349826842091,-0.6067740328895754,-0.28992134818515547,-0.34025884474167073,-0.624385593407752,-0.19773600093647767,-0.3464838893344493,8
-0.8571959470906089,0.8637892611272914,-0.3124452392570865,-0.4358431993698036,-0.5028490259085154,1.251156970466471,-0.9499400597599089,-0.06768974434224129,-0.11270349826842091,-0.6067740328895754,-0.28992134818515547,2.938939032603881,-0.624385593407752,-0.19773600093647767,-0.3464838893344493,7
-0.8571959470906089,0.8637892611272914,-0.3124452392570865,-0.4358431993698036,-0.5028490259085154,-0.6772519277744693,1.0526979989166299,-0.06768974434224129,-0.11270349826842091,1.64805997916194,-0.28992134818515547,2.938939032603881,1.601574428619071,-0.19773600093647767,-0.3464838893344493,5
-0.8571959470906089,-0.8897829194482517,-0.3124452392570865,-0.4358431993698036,-0.5028490259085154,-0.6772519277744693,-0.9499400597599089,-0.06768974434224129,-0.11270349826842091,-0.6067740328895754,3.449211333555746,-0.34025884474167073,-0.624385593407752,-0.19773600093647767,-0.3464838893344493,7
-0.8571959470906089,-0.8897829194482517,-0.3124452392570865,-0.4358431993698036,-0.5028490259085154,1.251156970466471,-0.9499400597599089,-0.06768974434224129,-0.11270349826842091,-0.6067740328895754,3.449211333555746,-0.34025884474167073,-0.624385593407752,-0.19773600093647767,2.8861370781795084,7
-0.8571959470906089,-0.8897829194482517,3.200560848287335,2.2944031281110373,1.9886684640449763,-0.6772519277744693,1.0526979989166299,-0.06768974434224129,-0.11270349826842091,-0.6067740328895754,-0.28992134818515547,-0.34025884474167073,-0.624385593407752,-0.19773600093647767,-0.3464838893344493,9
-0.8571959470906089,-0.8897829194482517,-0.3124452392570865,2.2944031281110373,-0.5028490259085154,-0.6772519277744693,1.0526979989166299,-0.06768974434224129,-0.11270349826842091,-0.6067740328895754,3.449211333555746,-0.34025884474167073,-0.624385593407752,-0.19773600093647767,-0.3464838893344493,8
0.8059917644104178,0.8637892611272914,-0.3124452392570865,-0.4358431993698036,-0.5028490259085154,1.251156970466471,-0.9499400597599089,-0.06768974434224129,-0.11270349826842091,-0.6067740328895754,3.449211333555746,-0.34025884474167073,1.601574428619071,-0.19773600093647767,-0.3464838893344493,6
0.8059917644104178,-0.8897829194482517,-0.3124452392570865,-0.4358431993698036,-0.5028490259085154,-0.6772519277744693,-0.9499400597599089,-0.06768974434224129,-0.11270349826842091,1.64805997916194,-0.28992134818515547,-0.34025884474167073,-0.624385593407752,-0.19773600093647767,-0.3464838893344493,6
-0.8571959470906089,0.8637892611272914,-0.3124452392570865,-0.4358431993698036,1.9886684640449763,-0.6772519277744693,-0.9499400597599089,-0.06768974434224129,-0.11270349826842091,-0.6067740328895754,-0.28992134818515547,-0.34025884474167073,-0.624385593407752,-0.19773600093647767,-0.3464838893344493,6
-0.8571959470906089,-0.8897829194482517,-0.3124452392570865,-0.4358431993698036,-0.5028490259085154,-0.6772519277744693,-0.9499400597599089,-0.06768974434224129,-0.11270349826842091,1.64805997916194,-0.28992134818515547,-0.34025884474167073,-0.624385593407752,-0.19773600093647767,-0.3464838893344493,4
2.4691794759114445,2.6173614417028346,-0.3124452392570865,-0.4358431993698036,-0.5028490259085154,-0.6772519277744693,-0.9499400597599089,-0.06768974434224129,-0.11270349826842091,1.64805997916194,-0.28992134818515547,-0.34025884474167073,-0.624385593407752,-0.19773600093647767,-0.3464838893344493,4
-0.8571959470906089,-0.8897829194482517,-0.3124452392570865,2.2944031281110373,-0.5028490259085154,-0.6772519277744693,1.0526979989166299,-0.06768974434224129,-0.11270349826842091,-0.6067740328895754,-0.28992134818515547,-0.34025884474167073,-0.624385593407752,-0.19773600093647767,-0.3464838893344493,7
-0.8571959470906089,0.8637892611272914,-0.3124452392570865,-0.4358431993698036,1.9886684640449763,1.251156970466471,1.0526979989166299,-0.06768974434224129,-0.11270349826842091,-0.6067740328895754,-0.28992134818515547,-0.34025884474167073,-0.624385593407752,-0.19773600093647767,-0.3464838893344493,5
0.8059917644104178,0.8637892611272914,-0.3124452392570865,-0.4358431993698036,-0.5028490259085154,3.1795658687074115,-0.9499400597599089,-0.06768974434224129,-0.11270349826842091,-0.6067740328895754,-0.28992134818515547,-0.34025884474167073,-0.624385593407752,-0.19773600093647767,-0.3464838893344493,4
-0.8571959470906089,-0.8897829194482517,-0.3124452392570865,-0.4358431993698036,-0.5028490259085154,-0.6772519277744693,1.0526979989166299,-0.06768974434224129,-0.11270349826842091,1.64805997916194,-0.28992134818515547,-0.34025884474167073,1.601574428619071,-0.19773600093647767,-0.3464838893344493,5
-0.8571959470906089,-0.8897829194482517,-0.3124452392570865,-0.4358431993698036,-0.5028490259085154,-0.6772519277744693,1.0526979989166299,-0.06768974434224129,-0.11270349826842091,-0.6067740328895754,-0.28992134818515547,2.938939032603881,-0.624385593407752,-0.19773600093647767,-0.3464838893344493,6
-0.8571959470906089,-0.8897829194482517,-0.3124452392570865,2.2944031281110373,-0.5028490259085154,-0.6772519277744693,1.0526979989166299,-0.06768974434224129,-0.11270349826842091,-0.6067740328895754,-0.28992134818515547,-0.34025884474167073,-0.624385593407752,-0.19773600093647767,-0.3464838893344493,9
-0.8571959470906089,-0.8897829194482517,-0.3124452392570865,-0.4358431993698036,1.9886684640449763,-0.6772519277744693,1.0526979989166299,-0.06768974434224129,-0.11270349826842091,-0.6067740328895754,-0.28992134818515547,-0.34025884474167073,-0.624385593407752,-0.19773600093647767,-0.3464838893344493,9
-0.8571959470906089,0.8637892611272914,-0.3124452392570865,-0.4358431993698036,1.9886684640449763,-0.6772519277744693,1.0526979989166299,-0.06768974434224129,-0.11270349826842091,1.64805997916194,-0.28992134818515547,-0.34025884474167073,1.601574428619071,-0.19773600093647767,-0.3464838893344493,4
-0.8571959470906089,0.8637892611272914,-0.3124452392570865,-0.4358431993698036,-0.5028490259085154,-0.6772519277744693,-0.9499400597599089,-0.06768974434224129,-0.11270349826842091,-0.6067740328895754,-0.28992134818515547,-0.34025884474167073,-0.624385593407752,-0.19773600093647767,-0.3464838893344493,6
-0.8571959470906089,-0.8897829194482517,-0.3124452392570865,-0.4358431993698036,-0.5028490259085154,-0.6772519277744693,1.0526979989166299,-0.06768974434224129,-0.11270349826842091,-0.6067740328895754,-0.28992134818515547,-0.34025884474167073,-0.624385593407752,-0.19773600093647767,-0.3464838893344493,8
-0.8571959470906089,0.8637892611272914,-0.3124452392570865,-0.4358431993698036,-0.5028490259085154,-0.6772519277744693,1.0526979989166299,-0.06768974434224129,-0.11270349826842091,1.64805997916194,3.449211333555746,-0.34025884474167073,-0.624385593407752,-0.19773600093647767,-0.3464838893344493,6
2.4691794759114445,0.8637892611272914,-0.3124452392570865,-0.4358431993698036,-0.5028490259085154,1.251156970466471,-0.9499400597599089,-0.06768974434224129,-0.11270349826842091,-0.6067740328895754,-0.28992134818515547,-0.34025884474167073,-0.624385593407752,-0.19773600093647767,-0.3464838893344493,3
-0.8571959470906089,-0.8897829194482517,-0.3124452392570865,-0.4358431993698036,-0.5028490259085154,-0.6772519277744693,-0.9499400597599089,-0.06768974434224129,-0.11270349826842091,1.64805997916194,-0.28992134818515547,-0.34025884474167073,-0.624385593407752,-0.19773600093647767,-0.3464838893344493,6
-0.8571959470906089,-0.8897829194482517,3.200560848287335,-0.4358431993698036,1.9886684640449763,-0.6772519277744693,-0.9499400597599089,-0.06768974434224129,-0.11270349826842091,-0.6067740328895754,-0.28992134818515547,-0.34025884474167073,-0.624385593407752,-0.19773600093647767,-0.3464838893344493,9
-0.8571959470906089,-0.8897829194482517,-0.3124452392570865,-0.4358431993698036,-0.5028490259085154,1.251156970466471,1.0526979989166299,-0.06768974434224129,-0.11270349826842091,-0.6067740328895754,-0.28992134818515547,-0.34025884474167073,-0.624385593407752,-0.19773600093647767,-0.3464838893344493,6
0.8059917644104178,0.8637892611272914,-0.3124452392570865,-0.4358431993698036,1.9886684640449763,-0.6772519277744693,1.0526979989166299,-0.06768974434224129,-0.11270349826842091,1.64805997916194,-0.28992134818515547,-0.34025884474167073,-0.624385593407752,-0.19773600093647767,-0.3464838893344493,4
0.8059917644104178,0.8637892611272914,-0.3124452392570865,-0.4358431993698036,-0.5028490259085154,-0.6772519277744693,-0.9499400597599089,-0.06768974434224129,-0.11270349826842091,1.64805997916194,3.449211333555746,-0.34025884474167073,-0.624385593407752,-0.19773600093647767,-0.3464838893344493,4
0.8059917644104178,0.8637892611272914,-0.3124452392570865,-0.4358431993698036,-0.5028490259085154,-0.6772519277744693,1.0526979989166299,-0.06768974434224129,-0.11270349826842091,-0.6067740328895754,-0.28992134818515547,-0.34025884474167073,1.601574428619071,-0.19773600093647767,-0.3464838893344493,7
0.8059917644104178,0.8637892611272914,-0.3124452392570865,-0.4358431993698036,-0.5028490259085154,-0.6772519277744693,1.0526979989166299,-0.06768974434224129,-0.11270349826842091,1.64805997916194,-0.28992134818515547,2.938939032603881,1.601574428619071,-0.19773600093647767,-0.3464838893344493,4
-0.8571959470906089,-0.8897829194482517,-0.3124452392570865,-0.4358431993698036,1.9886684640449763,-0.6772519277744693,1.0526979989166299,-0.06768974434224129,-0.11270349826842091,-0.6067740328895754,-0.28992134818515547,-0.34025884474167073,-0.624385593407752,-0.19773600093647767,-0.3464838893344493,9
-0.8571959470906089,-0.8897829194482517,-0.3124452392570865,-0.4358431993698036,1.9886684640449763,-0.6772519277744693,1.0526979989166299,-0.06768974434224129,-0.11270349826842091,-0.6067740328895754,-0.28992134818515547,-0.34025884474167073,-0.624385593407752,-0.19773600093647767,-0.3464838893344493,6
0.8059917644104178,0.8637892611272914,-0.3124452392570865,-0.4358431993698036,-0.5028490259085154,-0.6772519277744693,-0.9499400597599089,-0.06768974434224129,-0.11270349826842091,-0.6067740328895754,-0.28992134818515547,-0.34025884474167073,1.601574428619071,-0.19773600093647767,-0.3464838893344493,5
-0.8571959470906089,-0.8897829194482517,3.200560848287335,-0.4358431993698036,-0.5028490259085154,-0.6772519277744693,-0.9499400597599089,-0.06768974434224129,-0.11270349826842091,-0.6067740328895754,-0.28992134818515547,-0.34025884474167073,-0.624385593407752,-0.19773600093647767,2.8861370781795084,9
2.4691794759114445,2.6173614417028346,-0.3124452392570865,-0.4358431993698036,-0.5028490259085154,1.251156970466471,-0.9499400597599089,-0.06768974434224129,-0.11270349826842091,1.64805997916194,-0.28992134818515547,-0.34025884474167073,-0.624385593407752,-0.19773600093647767,-0.3464838893344493,2
0.8059917644104178,-0.8897829194482517,-0.3124452392570865,-0.4358431993698036,-0.5028490259085154,-0.6772519277744693,1.0526979989166299,-0.06768974434224129,-0.11270349826842091,-0.6067740328895754,-0.28992134818515547,-0.34025884474167073,1.601574428619071,-0.19773600093647767,-0.3464838893344493,7
-0.8571959470906089,-0.8897829194482517,-0.3124452392570865,2.2944031281110373,-0.5028490259085154,-0.6772519277744693,-0.9499400597599089,-0.06768974434224129,-0.11270349826842091,-0.6067740328895754,-0.28992134818515547,-0.34025884474167073,1.601574428619071,-0.19773600093647767,-0.3464838893344493,8
0.8059917644104178,0.8637892611272914,-0.3124452392570865,-0.4358431993698036,-0.5028490259085154,-0.6772519277744693,1.0526979989166299,-0.06768974434224129,-0.11270349826842091,1.64805997916194,-0.28992134818515547,2.938939032603881,1.601574428619071,-0.19773600093647767,-0.3464838893344493,6
0.8059917644104178,0.8637892611272914,-0.3124452392570865,-0.4358431993698036,-0.5028490259085154,-0.6772519277744693,-0.9499400597599089,-0.06768974434224129,-0.11270349826842091,-0.6067740328895754,-0.28992134818515547,-0.34025884474167073,-0.624385593407752,-0.19773600093647767,-0.3464838893344493,6
-0.8571959470906089,-0.8897829194482517,3.200560848287335,-0.4358431993698036,-0.5028490259085154,-0.6772519277744693,-0.9499400597599089,-0.06768974434224129,-0.11270349826842091,-0.6067740328895754,-0.28992134818515547,-0.34025884474167073,-0.624385593407752,-0.19773600093647767,-0.3464838893344493,7
0.8059917644104178,-0.8897829194482517,-0.3124452392570865,-0.4358431993698036,-0.5028490259085154,-0.6772519277744693,-0.9499400597599089,-0.06768974434224129,-0.11270349826842091,-0.6067740328895754,-0.28992134818515547,-0.34025884474167073,-0.624385593407752,-0.19773600093647767,2.8861370781795084,6
-0.8571959470906089,0.8637892611272914,-0.3124452392570865,-0.4358431993698036,-0.5028490259085154,1.251156970466471,-0.9499400597599089,-0.06768974434224129,-0.11270349826842091,1.64805997916194,-0.28992134818515547,-0.34025884474167073,1.601574428619071,-0.19773600093647767,-0.3464838893344493,4
0.8059917644104178,-0.8897829194482517,-0.3124452392570865,-0.4358431993698036,1.9886684640449763,-0.6772519277744693,1.0526979989166299,-0.06768974434224129,-0.11270349826842091,-0.6067740328895754,-0.28992134818515547,-0.34025884474167073,-0.624385593407752,-0.19773600093647767,-0.3464838893344493,5
-0.8571959470906089,0.8637892611272914,-0.3124452392570865,-0.4358431993698036,-0.5028490259085154,1.251156970466471,-0.9499400597599089,-0.06768974434224129,-0.11270349826842091,1.64805997916194,-0.28992134818515547,-0.34025884474167073,1.601574428619071,-0.19773600093647767,-0.3464838893344493,4
-0.8571959470906089,0.8637892611272914,-0.3124452392570865,-0.4358431993698036,-0.5028490259085154,-0.6772519277744693,-0.9499400597599089,-0.06768974434224129,-0.11270349826842091,-0.6067740328895754,-0.28992134818515547,2.938939032603881,1.601574428619071,-0.19773600093647767,-0.3464838893344493,7
-0.8571959470906089,0.8637892611272914,-0.3124452392570865,-0.4358431993698036,-0.5028490259085154,1.251156970466471,-0.9499400597599089,-0.06768974434224129,-0.11270349826842091,1.64805997916194,-0.28992134818515547,-0.34025884474167073,-0.624385593407752,5.057248023951126,-0.3464838893344493,4
-0.8571959470906089,0.8637892611272914,-0.3124452392570865,2.2944031281110373,1.9886684640449763,-0.6772519277744693,1.0526979989166299,-0.06768974434224129,-0.11270349826842091,-0.6067740328895754,-0.28992134818515547,-0.34025884474167073,-0.624385593407752,-0.19773600093647767,-0.3464838893344493,8
0.8059917644104178,0.8637892611272914,-0.3124452392570865,-0.4358431993698036,-0.5028490259085154,-0.6772519277744693,-0.9499400597599089,-0.06768974434224129,-0.11270349826842091,1.64805997916194,-0.28992134818515547,2.938939032603881,-0.624385593407752,-0.19773600093647767,-0.3464838893344493,3
-0.8571959470906089,-0.8897829194482517,3.200560848287335,-0.4358431993698036,-0.5028490259085154,-0.6772519277744693,-0.9499400597599089,-0.06768974434224129,-0.11270349826842091,-0.6067740328895754,3.449211333555746,-0.34025884474167073,-0.624385593407752,-0.19773600093647767,-0.3464838893344493,8
-0.8571959470906089,0.8637892611272914,-0.3124452392570865,-0.4358431993698036,-0.5028490259085154,1.251156970466471,-0.9499400597599089,-0.06768974434224129,-0.11270349826842091,-0.6067740328895754,-0.28992134818515547,-0.34025884474167073,-0.624385593407752,5.057248023951126,-0.3464838893344493,6
2.4691794759114445,0.8637892611272914,-0.3124452392570865,-0.4358431993698036,-0.5028490259085154,1.251156970466471,-0.9499400597599089,-0.06768974434224129,-0.11270349826842091,-0.6067740328895754,3.449211333555746,-0.34025884474167073,-0.624385593407752,-0.19773600093647767,-0.3464838893344493,6
0.8059917644104178,-0.8897829194482517,-0.3124452392570865,-0.4358431993698036,1.9886684640449763,-0.6772519277744693,1.0526979989166299,-0.06768974434224129,-0.11270349826842091,-0.6067740328895754,-0.28992134818515547,-0.34025884474167073,-0.624385593407752,-0.19773600093647767,-0.3464838893344493,5
0.8059917644104178,2.6173614417028346,-0.3124452392570865,-0.4358431993698036,-0.5028490259085154,3.1795658687074115,-0.9499400597599089,-0.06768974434224129,-0.11270349826842091,1.64805997916194,-0.28992134818515547,-0.34025884474167073,-0.624385593407752,-0.19773600093647767,-0.3464838893344493,2
-0.8571959470906089,0.8637892611272914,-0.3124452392570865,-0.4358431993698036,-0.5028490259085154,-0.6772519277744693,-0.9499400597599089,-0.06768974434224129,-0.11270349826842091,1.64805997916194,-0.28992134818515547,2.938939032603881,-0.624385593407752,-0.19773600093647767,-0.3464838893344493,5
-0.8571959470906089,-0.8897829194482517,-0.3124452392570865,-0.4358431993698036,1.9886684640449763,1.251156970466471,1.0526979989166299,-0.06768974434224129,-0.11270349826842091,-0.6067740328895754,-0.28992134818515547,-0.34025884474167073,-0.624385593407752,-0.19773600093647767,-0.3464838893344493,7
-0.8571959470906089,-0.8897829194482517,-0.3124452392570865,-0.4358431993698036,1.9886684640449763,-0.6772519277744693,-0.9499400597599089,-0.06768974434224129,-0.11270349826842091,-0.6067740328895754,-0.28992134818515547,-0.34025884474167073,-0.624385593407752,-0.19773600093647767,-0.3464838893344493,7
0.8059917644104178,-0.8897829194482517,-0.3124452392570865,-0.4358431993698036,1.9886684640449763,-0.6772519277744693,1.0526979989166299,-0.06768974434224129,-0.11270349826842091,-0.6067740328895754,-0.28992134818515547,-0.34025884474167073,-0.624385593407752,-0.19773600093647767,-0.3464838893344493,7
0.8059917644104178,0.8637892611272914,-0.3124452392570865,-0.4358431993698036,-0.5028490259085154,1.251156970466471,-0.9499400597599089,-0.06768974434224129,-0.11270349826842091,-0.6067740328895754,-0.28992134818515547,-0.34025884474167073,1.601574428619071,-0.19773600093647767,-0.3464838893344493,5
0.8059917644104178,0.8637892611272914,-0.3124452392570865,-0.4358431993698036,-0.5028490259085154,-0.6772519277744693,1.0526979989166299,-0.06768974434224129,-0.11270349826842091,1.64805997916194,-0.28992134818515547,-0.34025884474167073,-0.624385593407752,5.057248023951126,-0.3464838893344493,4
0.8059917644104178,-0.8897829194482517,-0.3124452392570865,-0.4358431993698036,1.9886684640449763,-0.6772519277744693,1.0526979989166299,-0.06768974434224129,-0.11270349826842091,-0.6067740328895754,-0.28992134818515547,-0.34025884474167073,1.601574428619071,-0.19773600093647767,-0.3464838893344493,6
0.8059917644104178,0.8637892611272914,-0.3124452392570865,-0.4358431993698036,-0.5028490259085154,1.251156970466471,-0.9499400597599089,-0.06768974434224129,-0.11270349826842091,-0.6067740328895754,-0.28992134818515547,2.938939032603881,1.601574428619071,-0.19773600093647767,-0.3464838893344493,5
0.8059917644104178,0.8637892611272914,-0.3124452392570865,-0.4358431993698036,-0.5028490259085154,-0.6772519277744693,1.0526979989166299,-0.06768974434224129,-0.11270349826842091,1.64805997916194,-0.28992134818515547,-0.34025884474167073,-0.624385593407752,5.057248023951126,-0.3464838893344493,4
0.8059917644104178,-0.8897829194482517,-0.3124452392570865,2.2944031281110373,-0.5028490259085154,-0.6772519277744693,1.0526979989166299,-0.06768974434224129,-0.11270349826842091,-0.6067740328895754,-0.28992134818515547,-0.34025884474167073,-0.624385593407752,-0.19773600093647767,-0.3464838893344493,4
-0.8571959470906089,0.8637892611272914,3.200560848287335,-0.4358431993698036,-0.5028490259085154,-0.6772519277744693,1.0526979989166299,-0.06768974434224129,-0.11270349826842091,-0.6067740328895754,-0.28992134818515547,-0.34025884474167073,-0.624385593407752,-0.19773600093647767,-0.3464838893344493,8
-0.8571959470906089,0.8637892611272914,-0.3124452392570865,-0.4358431993698036,1.9886684640449763,-0.6772519277744693,-0.9499400597599089,-0.06768974434224129,-0.11270349826842091,-0.6067740328895754,-0.28992134818515547,-0.34025884474167073,-0.624385593407752,-0.19773600093647767,-0.3464838893344493,7
-0.8571959470906089,-0.8897829194482517,-0.3124452392570865,-0.4358431993698036,-0.5028490259085154,-0.6772519277744693,-0.9499400597599089,-0.06768974434224129,-0.11270349826842091,1.64805997916194,-0.28992134818515547,-0.34025884474167073,1.601574428619071,-0.19773600093647767,-0.3464838893344493,5
-0.8571959470906089,-0.8897829194482517,-0.3124452392570865,-0.4358431993698036,-0.5028490259085154,-0.6772519277744693,1.0526979989166299,-0.06768974434224129,-0.11270349826842091,1.64805997916194,3.449211333555746,-0.34025884474167073,-0.624385593407752,-0.19773600093647767,-0.3464838893344493,9
0.8059917644104178,0.8637892611272914,-0.3124452392570865,2.2944031281110373,-0.5028490259085154,-0.6772519277744693,1.0526979989166299,-0.06768974434224129,-0.11270349826842091,-0.6067740328895754,-0.28992134818515547,-0.34025884474167073,-0.624385593407752,-0.19773600093647767,-0.3464838893344493,6
-0.8571959470906089,0.8637892611272914,-0.3124452392570865,2.2944031281110373,-0.5028490259085154,1.251156970466471,1.0526979989166299,-0.06768974434224129,-0.11270349826842091,-0.6067740328895754,-0.28992134818515547,-0.34025884474167073,-0.624385593407752,-0.19773600093647767,-0.3464838893344493,5
0.8059917644104178,0.8637892611272914,-0.3124452392570865,-0.4358431993698036,-0.5028490259085154,1.251156970466471,-0.9499400597599089,-0.06768974434224129,-0.11270349826842091,-0.6067740328895754,-0.28992134818515547,2.938939032603881,-0.624385593407752,-0.19773600093647767,-0.3464838893344493,4
0.8059917644104178,0.8637892611272914,-0.3124452392570865,-0.4358431993698036,-0.5028490259085154,1.251156970466471,-0.9499400597599089,-0.06768974434224129,-0.11270349826842091,-0.6067740328895754,-0.28992134818515547,-0.34025884474167073,-0.624385593407752,5.057248023951126,-0.3464838893344493,5
-0.8571959470906089,0.8637892611272914,-0.3124452392570865,-0.4358431993698036,-0.5028490259085154,-0.6772519277744693,-0.9499400597599089,-0.06768974434224129,-0.11270349826842091,-0.6067740328895754,-0.28992134818515547,-0.34025884474167073,-0.624385593407752,-0.19773600093647767,-0.3464838893344493,7
-0.8571959470906089,0.8637892611272914,-0.3124452392570865,-0.4358431993698036,-0.5028490259085154,-0.6772519277744693,-0.9499400597599089,-0.06768974434224129,-0.11270349826842091,1.64805997916194,-0.28992134818515547,-0.34025884474167073,1.601574428619071,5.057248023951126,-0.3464838893344493,3
-0.8571959470906089,0.8637892611272914,-0.3124452392570865,-0.4358431993698036,1.9886684640449763,-0.6772519277744693,1.0526979989166299,-0.06768974434224129,-0.11270349826842091,-0.6067740328895754,-0.28992134818515547,-0.34025884474167073,1.601574428619071,-0.19773600093647767,-0.3464838893344493,6
0.8059917644104178,-0.8897829194482517,3.200560848287335,-0.4358431993698036,-0.5028490259085154,-0.6772519277744693,-0.9499400597599089,-0.06768974434224129,-0.11270349826842091,-0.6067740328895754,-0.28992134818515547,-0.34025884474167073,-0.624385593407752,-0.19773600093647767,2.8861370781795084,7
0.8059917644104178,0.8637892611272914,-0.3124452392570865,-0.4358431993698036,-0.5028490259085154,-0.6772519277744693,1.0526979989166299,-0.06768974434224129,-0.11270349826842091,-0.6067740328895754,-0.28992134818515547,-0.34025884474167073,-0.624385593407752,-0.19773600093647767,-0.3464838893344493,5
0.8059917644104178,0.8637892611272914,-0.3124452392570865,2.2944031281110373,-0.5028490259085154,1.251156970466471,-0.9499400597599089,-0.06768974434224129,-0.11270349826842091,1.64805997916194,-0.28992134818515547,-0.34025884474167073,-0.624385593407752,-0.19773600093647767,-0.3464838893344493,6
-0.8571959470906089,0.8637892611272914,-0.3124452392570865,-0.4358431993698036,-0.5028490259085154,-0.6772519277744693,1.0526979989166299,-0.06768974434224129,-0.11270349826842091,1.64805997916194,-0.28992134818515547,2.938939032603881,1.601574428619071,-0.19773600093647767,-0.3464838893344493,6
-0.8571959470906089,-0.8897829194482517,-0.3124452392570865,-0.4358431993698036,-0.5028490259085154,-0.6772519277744693,1.0526979989166299,-0.06768974434224129,-0.11270349826842091,-0.6067740328895754,-0.28992134818515547,-0.34025884474167073,-0.624385593407752,-0.19773600093647767,-0.3464838893344493,8
2.4691794759114445,0.8637892611272914,-0.3124452392570865,-0.4358431993698036,-0.5028490259085154,1.251156970466471,-0.9499400597599089,-0.06768974434224129,-0.11270349826842091,-0.6067740328895754,-0.28992134818515547,-0.34025884474167073,1.601574428619071,-0.19773600093647767,-0.3464838893344493,5
-0.8571959470906089,0.8637892611272914,-0.3124452392570865,-0.4358431993698036,-0.5028490259085154,-0.6772519277744693,-0.9499400597599089,-0.06768974434224129,-0.11270349826842091,1.64805997916194,-0.28992134818515547,-0.34025884474167073,1.601574428619071,-0.19773600093647767,-0.3464838893344493,5
-0.8571959470906089,0.8637892611272914,-0.3124452392570865,-0.4358431993698036,-0.5028490259085154,1.251156970466471,-0.9499400597599089,-0.06768974434224129,-0.11270349826842091,-0.6067740328895754,-0.28992134818515547,-0.34025884474167073,-0.624385593407752,-0.19773600093647767,-0.3464838893344493,5
-0.8571959470906089,-0.8897829194482517,-0.3124452392570865,-0.4358431993698036,1.9886684640449763,-0.6772519277744693,-0.9499400597599089,-0.06768974434224129,-0.11270349826842091,1.64805997916194,-0.28992134818515547,-0.34025884474167073,-0.624385593407752,-0.19773600093647767,-0.3464838893344493,4
0.8059917644104178,0.8637892611272914,-0.3124452392570865,-0.4358431993698036,-0.5028490259085154,1.251156970466471,-0.9499400597599089,-0.06768974434224129,-0.11270349826842091,-0.6067740328895754,3.449211333555746,-0.34025884474167073,-0.624385593407752,-0.19773600093647767,2.8861370781795084,6
0.8059917644104178,2.6173614417028346,-0.3124452392570865,-0.4358431993698036,1.9886684640449763,1.251156970466471,-0.9499400597599089,-0.06768974434224129,-0.11270349826842091,-0.6067740328895754,-0.28992134818515547,-0.34025884474167073,-0.624385593407752,-0.19773600093647767,-0.3464838893344493,6
-0.8571959470906089,-0.8897829194482517,-0.3124452392570865,-0.4358431993698036,1.9886684640449763,-0.6772519277744693,1.0526979989166299,-0.06768974434224129,-0.11270349826842091,-0.6067740328895754,-0.28992134818515547,-0.34025884474167073,1.601574428619071,-0.19773600093647767,-0.3464838893344493,8
-0.8571959470906089,-0.8897829194482517,-0.3124452392570865,-0.4358431993698036,-0.5028490259085154,-0.6772519277744693,-0.9499400597599089,-0.06768974434224129,-0.11270349826842091,-0.6067740328895754,-0.28992134818515547,-0.34025884474167073,-0.624385593407752,5.057248023951126,-0.3464838893344493,4
-0.8571959470906089,0.8637892611272914,-0.3124452392570865,-0.4358431993698036,-0.5028490259085154,1.251156970466471,-0.9499400597599089,-0.06768974434224129,-0.11270349826842091,1.64805997916194,-0.28992134818515547,2.938939032603881,-0.624385593407752,-0.19773600093647767,-0.3464838893344493,6
-0.8571959470906089,0.8637892611272914,-0.3124452392570865,-0.4358431993698036,-0.5028490259085154,1.251156970466471,-0.9499400597599089,-0.06768974434224129,-0.11270349826842091,1.64805997916194,-0.28992134818515547,-0.34025884474167073,-0.624385593407752,-0.19773600093647767,-0.3464838893344493,5
-0.8571959470906089,-0.8897829194482517,-0.3124452392570865,-0.4358431993698036,-0.5028490259085154,-0.6772519277744693,1.0526979989166299,-0.06768974434224129,-0.11270349826842091,-0.6067740328895754,-0.28992134818515547,-0.34025884474167073,-0.624385593407752,5.057248023951126,-0.3464838893344493,6
0.8059917644104178,0.8637892611272914,-0.3124452392570865,-0.4358431993698036,-0.5028490259085154,-0.6772519277744693,-0.9499400597599089,-0.06768974434224129,-0.11270349826842091,1.64805997916194,-0.28992134818515547,-0.34025884474167073,1.601574428619071,-0.19773600093647767,-0.3464838893344493,5
0.8059917644104178,2.6173614417028346,-0.3124452392570865,-0.4358431993698036,-0.5028490259085154,1.251156970466471,-0.9499400597599089,-0.06768974434224129,-0.11270349826842091,1.64805997916194,-0.28992134818515547,-0.34025884474167073,-0.624385593407752,-0.19773600093647767,-0.3464838893344493,4
0.8059917644104178,-0.8897829194482517,-0.3124452392570865,-0.4358431993698036,-0.5028490259085154,1.251156970466471,-0.9499400597599089,-0.06768974434224129,-0.11270349826842091,-0.6067740328895754,-0.28992134818515547,-0.34025884474167073,-0.624385593407752,-0.19773600093647767,2.8861370781795084,7
0.8059917644104178,-0.8897829194482517,-0.3124452392570865,-0.4358431993698036,-0.5028490259085154,1.251156970466471,1.0526979989166299,-0.06768974434224129,-0.11270349826842091,-0.6067740328895754,-0.28992134818515547,-0.34025884474167073,-0.624385593407752,-0.19773600093647767,-0.3464838893344493,7
0.8059917644104178,-0.8897829194482517,-0.3124452392570865,-0.4358431993698036,-0.5028490259085154,1.251156970466471,-0.9499400597599089,-0.06768974434224129,-0.11270349826842091,-0.6067740328895754,-0.28992134818515547,-0.34025884474167073,-0.624385593407752,-0.19773600093647767,2.8861370781795084,6
-0.8571959470906089,-0.8897829194482517,-0.3124452392570865,-0.4358431993698036,-0.5028490259085154,-0.6772519277744693,-0.9499400597599089,-0.06768974434224129,-0.11270349826842091,-0.6067740328895754,-0.28992134818515547,2.938939032603881,-0.624385593407752,-0.19773600093647767,-0.3464838893344493,8
0.8059917644104178,0.8637892611272914,-0.3124452392570865,-0.4358431993698036,-0.5028490259085154,-0.6772519277744693,-0.9499400597599089,-0.06768974434224129,-0.11270349826842091,1.64805997916194,-0.28992134818515547,-0.34025884474167073,-0.624385593407752,-0.19773600093647767,-0.3464838893344493,6
-0.8571959470906089,0.8637892611272914,-0.3124452392570865,-0.4358431993698036,-0.5028490259085154,-0.6772519277744693,1.0526979989166299,-0.06768974434224129,-0.11270349826842091,-0.6067740328895754,3.449211333555746,-0.34025884474167073,-0.624385593407752,-0.19773600093647767,-0.3464838893344493,6
2.4691794759114445,-0.8897829194482517,-0.3124452392570865,-0.4358431993698036,-0.5028490259085154,1.251156970466471,-0.9499400597599089,-0.06768974434224129,-0.11270349826842091,-0.6067740328895754,-0.28992134818515547,-0.34025884474167073,1.601574428619071,-0.19773600093647767,-0.3464838893344493,5
-0.8571959470906089,0.8637892611272914,-0.3124452392570865,-0.4358431993698036,-0.5028490259085154,-0.6772519277744693,-0.9499400597599089,-0.06768974434224129,-0.11270349826842091,1.64805997916194,-0.28992134818515547,-0.34025884474167073,1.601574428619071,-0.19773600093647767,-0.3464838893344493,5
-0.8571959470906089,-0.8897829194482517,-0.3124452392570865,-0.4358431993698036,1.9886684640449763,-0.6772519277744693,1.0526979989166299,-0.06768974434224129,-0.11270349826842091,-0.6067740328895754,-0.28992134818515547,-0.34025884474167073,-0.624385593407752,-0.19773600093647767,-0.3464838893344493,6
2.4691794759114445,0.8637892611272914,-0.3124452392570865,-0.4358431993698036,-0.5028490259085154,-0.6772519277744693,-0.9499400597599089,-0.06768974434224129,-0.11270349826842091,-0.6067740328895754,-0.28992134818515547,-0.34025884474167073,-0.624385593407752,-0.19773600093647767,-0.3464838893344493,3
0.8059917644104178,0.8637892611272914,-0.3124452392570865,-0.4358431993698036,-0.5028490259085154,-0.6772519277744693,-0.9499400597599089,-0.06768974434224129,-0.11270349826842091,-0.6067740328895754,-0.28992134818515547,-0.34025884474167073,-0.624385593407752,-0.19773600093647767,-0.3464838893344493,3
0.8059917644104178,-0.8897829194482517,-0.3124452392570865,2.2944031281110373,1.9886684640449763,1.251156970466471,-0.9499400597599089,-0.06768974434224129,-0.11270349826842091,-0.6067740328895754,-0.28992134818515547,-0.34025884474167073,-0.624385593407752,-0.19773600093647767,-0.3464838893344493,8
0.8059917644104178,2.6173614417028346,-0.3124452392570865,-0.4358431993698036,-0.5028490259085154,-0.6772519277744693,-0.9499400597599089,-0.06768974434224129,-0.11270349826842091,-0.6067740328895754,-0.28992134818515547,-0.34025884474167073,1.601574428619071,-0.19773600093647767,-0.3464838893344493,3
-0.8571959470906089,-0.8897829194482517,-0.3124452392570865,-0.4358431993698036,-0.5028490259085154,-0.6772519277744693,1.0526979989166299,-0.06768974434224129,-0.11270349826842091,-0.6067740328895754,-0.28992134818515547,2.938939032603881,1.601574428619071,-0.19773600093647767,-0.3464838893344493,4
-0.8571959470906089,2.6173614417028346,-0.3124452392570865,-0.4358431993698036,-0.5028490259085154,-0.6772519277744693,1.0526979989166299,-0.06768974434224129,-0.11270349826842091,-0.6067740328895754,-0.28992134818515547,-0.34025884474167073,-0.624385593407752,-0.19773600093647767,-0.3464838893344493,4
-0.8571959470906089,0.8637892611272914,-0.3124452392570865,-0.4358431993698036,-0.5028490259085154,-0.6772519277744693,-0.9499400597599089,-0.06768974434224129,-0.11270349826842091,-0.6067740328895754,-0.28992134818515547,-0.34025884474167073,1.601574428619071,-0.19773600093647767,-0.3464838893344493,7
2.4691794759114445,2.6173614417028346,-0.3124452392570865,-0.4358431993698036,-0.5028490259085154,1.251156970466471,-0.9499400597599089,-0.06768974434224129,-0.11270349826842091,-0.6067740328895754,-0.28992134818515547,-0.34025884474167073,-0.624385593407752,-0.19773600093647767,-0.3464838893344493,5
-0.8571959470906089,-0.8897829194482517,3.200560848287335,-0.4358431993698036,-0.5028490259085154,-0.6772519277744693,-0.9499400597599089,-0.06768974434224129,-0.11270349826842091,-0.6067740328895754,3.449211333555746,-0.34025884474167073,-0.624385593407752,-0.19773600093647767,-0.3464838893344493,4
-0.8571959470906089,-0.8897829194482517,-0.3124452392570865,2.2944031281110373,-0.5028490259085154,-0.6772519277744693,-0.9499400597599089,-0.06768974434224129,-0.11270349826842091,-0.6067740328895754,-0.28992134818515547,-0.34025884474167073,1.601574428619071,-0.19773600093647767,-0.3464838893344493,7
-0.8571959470906089,0.8637892611272914,-0.3124452392570865,-0.4358431993698036,1.9886684640449763,-0.6772519277744693,-0.9499400597599089,-0.06768974434224129,-0.11270349826842091,1.64805997916194,-0.28992134818515547,-0.34025884474167073,-0.624385593407752,-0.19773600093647767,-0.3464838893344493,5
-0.8571959470906089,0.8637892611272914,-0.3124452392570865,-0.4358431993698036,-0.5028490259085154,-0.6772519277744693,-0.9499400597599089,-0.06768974434224129,-0.11270349826842091,1.64805997916194,-0.28992134818515547,2.938939032603881,1.601574428619071,-0.19773600093647767,-0.3464838893344493,4
-0.8571959470906089,-0.8897829194482517,3.200560848287335,-0.4358431993698036,-0.5028490259085154,-0.6772519277744693,-0.9499400597599089,-0.06768974434224129,-0.11270349826842091,-0.6067740328895754,-0.28992134818515547,-0.34025884474167073,-0.624385593407752,-0.19773600093647767,-0.3464838893344493,8
-0.8571959470906089,-0.8897829194482517,3.200560848287335,-0.4358431993698036,-0.5028490259085154,-0.6772519277744693,-0.9499400597599089,-0.06768974434224129,-0.11270349826842091,-0.6067740328895754,3.449211333555746,-0.34025884474167073,-0.624385593407752,-0.19773600093647767,-0.3464838893344493,8
0.8059917644104178,0.8637892611272914,-0.3124452392570865,-0.4358431993698036,-0.5028490259085154,1.251156970466471,-0.9499400597599089,-0.06768974434224129,-0.11270349826842091,-0.6067740328895754,-0.28992134818515547,2.938939032603881,1.601574428619071,-0.19773600093647767,-0.3464838893344493,6
0.8059917644104178,-0.8897829194482517,-0.3124452392570865,-0.4358431993698036,1.9886684640449763,1.251156970466471,1.0526979989166299,-0.06768974434224129,-0.11270349826842091,-0.6067740328895754,-0.28992134818515547,-0.34025884474167073,1.601574428619071,-0.19773600093647767,-0.3464838893344493,6
-0.8571959470906089,-0.8897829194482517,-0.3124452392570865,-0.4358431993698036,-0.5028490259085154,1.251156970466471,-0.9499400597599089,-0.06768974434224129,-0.11270349826842091,-0.6067740328895754,3.449211333555746,-0.34025884474167073,-0.624385593407752,-0.19773600093647767,2.8861370781795084,8
0.8059917644104178,-0.8897829194482517,-0.3124452392570865,-0.4358431993698036,-0.5028490259085154,-0.6772519277744693,-0.9499400597599089,-0.06768974434224129,-0.11270349826842091,1.64805997916194,-0.28992134818515547,2.938939032603881,-0.624385593407752,-0.19773600093647767,-0.3464838893344493,4
-0.8571959470906089,-0.8897829194482517,-0.3124452392570865,-0.4358431993698036,-0.5028490259085154,-0.6772519277744693,-0.9499400597599089,-0.06768974434224129,-0.11270349826842091,1.64805997916194,-0.28992134818515547,-0.34025884474167073,1.601574428619071,-0.19773600093647767,-0.3464838893344493,6
0.8059917644104178,0.8637892611272914,-0.3124452392570865,-0.4358431993698036,-0.5028490259085154,-0.6772519277744693,1.0526979989166299,-0.06768974434224129,-0.11270349826842091,1.64805997916194,-0.28992134818515547,-0.34025884474167073,1.601574428619071,-0.19773600093647767,-0.3464838893344493,3
-0.8571959470906089,-0.8897829194482517,-0.3124452392570865,-0.4358431993698036,-0.5028490259085154,1.251156970466471,1.0526979989166299,-0.06768974434224129,-0.11270349826842091,-0.6067740328895754,-0.28992134818515547,-0.34025884474167073,-0.624385593407752,-0.19773600093647767,-0.3464838893344493,6
0.8059917644104178,-0.8897829194482517,-0.3124452392570865,2.2944031281110373,-0.5028490259085154,-0.6772519277744693,1.0526979989166299,-0.06768974434224129,-0.11270349826842091,-0.6067740328895754,-0.28992134818515547,-0.34025884474167073,-0.624385593407752,-0.19773600093647767,-0.3464838893344493,5
0.8059917644104178,0.8637892611272914,-0.3124452392570865,-0.4358431993698036,-0.5028490259085154,-0.6772519277744693,-0.9499400597599089,-0.06768974434224129,-0.11270349826842091,1.64805997916194,-0.28992134818515547,-0.34025884474167073,-0.624385593407752,-0.19773600093647767,-0.3464838893344493,4
0.8059917644104178,-0.8897829194482517,3.200560848287335,-0.4358431993698036,-0.5028490259085154,1.251156970466471,-0.9499400597599089,-0.06768974434224129,-0.11270349826842091,-0.6067740328895754,-0.28992134818515547,-0.34025884474167073,-0.624385593407752,-0.19773600093647767,-0.3464838893344493,5
-0.8571959470906089,-0.8897829194482517,3.200560848287335,2.2944031281110373,1.9886684640449763,-0.6772519277744693,1.0526979989166299,-0.06768974434224129,-0.11270349826842091,-0.6067740328895754,-0.28992134818515547,-0.34025884474167073,-0.624385593407752,-0.19773600093647767,-0.3464838893344493,8
-0.8571959470906089,-0.8897829194482517,-0.3124452392570865,-0.4358431993698036,-0.5028490259085154,-0.6772519277744693,-0.9499400597599089,-0.06768974434224129,-0.11270349826842091,1.64805997916194,-0.28992134818515547,-0.34025884474167073,1.601574428619071,-0.19773600093647767,-0.3464838893344493,5
-0.8571959470906089,0.8637892611272914,-0.3124452392570865,-0.4358431993698036,-0.5028490259085154,-0.6772519277744693,-0.9499400597599089,-0.06768974434224129,-0.11270349826842091,-0.6067740328895754,3.449211333555746,-0.34025884474167073,-0.624385593407752,-0.19773600093647767,2.8861370781795084,7
0.8059917644104178,-0.8897829194482517,-0.3124452392570865,2.2944031281110373,-0.5028490259085154,-0.6772519277744693,1.0526979989166299,-0.06768974434224129,-0.11270349826842091,1.64805997916194,-0.28992134818515547,-0.34025884474167073,-0.624385593407752,-0.19773600093647767,-0.3464838893344493,5
2.4691794759114445,0.8637892611272914,-0.3124452392570865,-0.4358431993698036,-0.5028490259085154,-0.6772519277744693,-0.9499400597599089,-0.06768974434224129,-0.11270349826842091,-0.6067740328895754,-0.28992134818515547,-0.34025884474167073,1.601574428619071,-0.19773600093647767,-0.3464838893344493,3
-0.8571959470906089,0.8637892611272914,-0.3124452392570865,-0.4358431993698036,-0.5028490259085154,1.251156970466471,1.0526979989166299,-0.06768974434224129,-0.11270349826842091,-0.6067740328895754,-0.28992134818515547,-0.34025884474167073,1.601574428619071,-0.19773600093647767,-0.3464838893344493,5
-0.8571959470906089,-0.8897829194482517,-0.3124452392570865,2.2944031281110373,-0.5028490259085154,-0.6772519277744693,1.0526979989166299,-0.06768974434224129,-0.11270349826842091,-0.6067740328895754,-0.28992134818515547,-0.34025884474167073,-0.624385593407752,-0.19773600093647767,-0.3464838893344493,6
-0.8571959470906089,-0.8897829194482517,-0.3124452392570865,-0.4358431993698036,1.9886684640449763,-0.6772519277744693,-0.9499400597599089,-0.06768974434224129,-0.11270349826842091,-0.6067740328895754,3.449211333555746,-0.34025884474167073,-0.624385593407752,-0.19773600093647767,-0.3464838893344493,8
2.4691794759114445,-0.8897829194482517,-0.3124452392570865,-0.4358431993698036,-0.5028490259085154,-0.6772519277744693,1.0526979989166299,-0.06768974434224129,-0.11270349826842091,-0.6067740328895754,-0.28992134818515547,-0.34025884474167073,1.601574428619071,-0.19773600093647767,-0.3464838893344493,5
-0.8571959470906089,-0.8897829194482517,3.200560848287335,2.2944031281110373,-0.5028490259085154,-0.6772519277744693,-0.9499400597599089,-0.06768974434224129,-0.11270349826842091,-0.6067740328895754,-0.28992134818515547,-0.34025884474167073,-0.624385593407752,-0.19773600093647767,-0.3464838893344493,9
-0.8571959470906089,0.8637892611272914,-0.3124452392570865,-0.4358431993698036,1.9886684640449763,-0.6772519277744693,1.0526979989166299,-0.06768974434224129,-0.11270349826842091,-0.6067740328895754,-0.28992134818515547,-0.34025884474167073,1.601574428619071,-0.19773600093647767,-0.3464838893344493,8
-0.8571959470906089,0.8637892611272914,-0.3124452392570865,-0.4358431993698036,1.9886684640449763,1.251156970466471,1.0526979989166299,-0.06768974434224129,-0.11270349826842091,1.64805997916194,-0.28992134818515547,-0.34025884474167073,-0.624385593407752,-0.19773600093647767,-0.3464838893344493,6
0.8059917644104178,0.8637892611272914,-0.3124452392570865,-0.4358431993698036,-0.5028490259085154,-0.6772519277744693,1.0526979989166299,-0.06768974434224129,-0.11270349826842091,-0.6067740328895754,-0.28992134818515547,2.938939032603881,1.601574428619071,-0.19773600093647767,-0.3464838893344493,4
0.8059917644104178,0.8637892611272914,-0.3124452392570865,-0.4358431993698036,-0.5028490259085154,-0.6772519277744693,-0.9499400597599089,-0.06768974434224129,-0.11270349826842091,-0.6067740328895754,-0.28992134818515547,-0.34025884474167073,1.601574428619071,-0.19773600093647767,-0.3464838893344493,4
0.8059917644104178,-0.8897829194482517,-0.3124452392570865,-0.4358431993698036,1.9886684640449763,1.251156970466471,1.0526979989166299,-0.06768974434224129,-0.11270349826842091,-0.6067740328895754,-0.28992134818515547,-0.34025884474167073,1.601574428619071,-0.19773600093647767,-0.3464838893344493,7
0.8059917644104178,-0.8897829194482517,-0.3124452392570865,-0.4358431993698036,1.9886684640449763,-0.6772519277744693,1.0526979989166299,-0.06768974434224129,-0.11270349826842091,1.64805997916194,-0.28992134818515547,-0.34025884474167073,-0.624385593407752,-0.19773600093647767,-0.3464838893344493,7
0.8059917644104178,-0.8897829194482517,-0.3124452392570865,-0.4358431993698036,-0.5028490259085154,-0.6772519277744693,1.0526979989166299,-0.06768974434224129,-0.11270349826842091,-0.6067740328895754,-0.28992134818515547,-0.34025884474167073,-0.624385593407752,-0.19773600093647767,-0.3464838893344493,6
0.8059917644104178,0.8637892611272914,-0.3124452392570865,-0.4358431993698036,-0.5028490259085154,3.1795658687074115,-0.9499400597599089,-0.06768974434224129,-0.11270349826842091,1.64805997916194,-0.28992134818515547,-0.34025884474167073,1.601574428619071,-0.19773600093647767,-0.3464838893344493,3
0.8059917644104178,0.8637892611272914,-0.3124452392570865,-0.4358431993698036,-0.5028490259085154,1.251156970466471,-0.9499400597599089,-0.06768974434224129,-0.11270349826842091,-0.6067740328895754,-0.28992134818515547,-0.34025884474167073,-0.624385593407752,-0.19773600093647767,2.8861370781795084,6
-0.8571959470906089,-0.8897829194482517,-0.3124452392570865,2.2944031281110373,-0.5028490259085154,-0.6772519277744693,1.0526979989166299,-0.06768974434224129,-0.11270349826842091,-0.6067740328895754,-0.28992134818515547,-0.34025884474167073,1.601574428619071,-0.19773600093647767,-0.3464838893344493,7
0.8059917644104178,0.8637892611272914,-0.3124452392570865,-0.4358431993698036,-0.5028490259085154,-0.6772519277744693,1.0526979989166299,-0.06768974434224129,-0.11270349826842091,1.64805997916194,-0.28992134818515547,2.938939032603881,1.601574428619071,-0.19773600093647767,-0.3464838893344493,4
-0.8571959470906089,-0.8897829194482517,-0.3124452392570865,-0.4358431993698036,1.9886684640449763,-0.6772519277744693,1.0526979989166299,-0.06768974434224129,-0.11270349826842091,-0.6067740328895754,-0.28992134818515547,-0.34025884474167073,-0.624385593407752,-0.19773600093647767,-0.3464838893344493,9
-0.8571959470906089,-0.8897829194482517,-0.3124452392570865,-0.4358431993698036,-0.5028490259085154,1.251156970466471,1.0526979989166299,-0.06768974434224129,-0.11270349826842091,-0.6067740328895754,-0.28992134818515547,2.938939032603881,-0.624385593407752,-0.19773600093647767,-0.3464838893344493,8
0.8059917644104178,0.8637892611272914,-0.3124452392570865,-0.4358431993698036,-0.5028490259085154,-0.6772519277744693,-0.9499400597599089,14.77328670269416,-0.11270349826842091,-0.6067740328895754,-0.28992134818515547,-0.34025884474167073,-0.624385593407752,-0.19773600093647767,-0.3464838893344493,3
-0.8571959470906089,-0.8897829194482517,-0.3124452392570865,-0.4358431993698036,-0.5028490259085154,-0.6772519277744693,1.0526979989166299,-0.06768974434224129,-0.11270349826842091,1.64805997916194,-0.28992134818515547,-0.34025884474167073,1.601574428619071,-0.19773600093647767,-0.3464838893344493,5
0.8059917644104178,-0.8897829194482517,-0.3124452392570865,-0.4358431993698036,1.9886684640449763,-0.6772519277744693,-0.9499400597599089,-0.06768974434224129,-0.11270349826842091,-0.6067740328895754,-0.28992134818515547,-0.34025884474167073,-0.624385593407752,-0.19773600093647767,-0.3464838893344493,5
-0.8571959470906089,-0.8897829194482517,3.200560848287335,2.2944031281110373,-0.5028490259085154,-0.6772519277744693,-0.9499400597599089,-0.06768974434224129,-0.11270349826842091,-0.6067740328895754,-0.28992134818515547,-0.34025884474167073,-0.624385593407752,-0.19773600093647767,-0.3464838893344493,6
0.8059917644104178,0.8637892611272914,-0.3124452392570865,-0.4358431993698036,-0.5028490259085154,-0.6772519277744693,-0.9499400597599089,-0.06768974434224129,-0.11270349826842091,1.64805997916194,-0.28992134818515547,2.938939032603881,-0.624385593407752,-0.19773600093647767,-0.3464838893344493,5
0.8059917644104178,-0.8897829194482517,-0.3124452392570865,-0.4358431993698036,1.9886684640449763,-0.6772519277744693,-0.9499400597599089,-0.06768974434224129,-0.11270349826842091,-0.6067740328895754,-0.28992134818515547,-0.34025884474167073,-0.624385593407752,-0.19773600093647767,-0.3464838893344493,8
-0.8571959470906089,0.8637892611272914,-0.3124452392570865,-0.4358431993698036,-0.5028490259085154,1.251156970466471,-0.9499400597599089,-0.06768974434224129,-0.11270349826842091,1.64805997916194,-0.28992134818515547,-0.34025884474167073,-0.624385593407752,-0.19773600093647767,-0.3464838893344493,5
-0.8571959470906089,-0.8897829194482517,3.200560848287335,-0.4358431993698036,1.9886684640449763,-0.6772519277744693,1.0526979989166299,-0.06768974434224129,-0.11270349826842091,-0.6067740328895754,-0.28992134818515547,-0.34025884474167073,-0.624385593407752,-0.19773600093647767,-0.3464838893344493,7
-0.8571959470906089,0.8637892611272914,-0.3124452392570865,-0.4358431993698036,-0.5028490259085154,-0.6772519277744693,-0.9499400597599089,-0.06768974434224129,-0.11270349826842091,1.64805997916194,-0.28992134818515547,2.938939032603881,1.601574428619071,-0.19773600093647767,-0.3464838893344493,8
-0.8571959470906089,-0.8897829194482517,-0.3124452392570865,-0.4358431993698036,-0.5028490259085154,-0.6772519277744693,-0.9499400597599089,-0.06768974434224129,-0.11270349826842091,-0.6067740328895754,-0.28992134818515547,-0.34025884474167073,-0.624385593407752,5.057248023951126,-0.3464838893344493,4
2.4691794759114445,0.8637892611272914,-0.3124452392570865,-0.4358431993698036,-0.5028490259085154,3.1795658687074115,-0.9499400597599089,-0.06768974434224129,-0.11270349826842091,-0.6067740328895754,-0.28992134818515547,-0.34025884474167073,-0.624385593407752,-0.19773600093647767,-0.3464838893344493,2
0.8059917644104178,-0.8897829194482517,-0.3124452392570865,2.2944031281110373,1.9886684640449763,-0.6772519277744693,1.0526979989166299,-0.06768974434224129,-0.11270349826842091,-0.6067740328895754,-0.28992134818515547,-0.34025884474167073,-0.624385593407752,-0.19773600093647767,-0.3464838893344493,8
0.8059917644104178,2.6173614417028346,-0.3124452392570865,-0.4358431993698036,-0.5028490259085154,1.251156970466471,-0.9499400597599089,-0.06768974434224129,-0.11270349826842091,-0.6067740328895754,-0.28992134818515547,-0.34025884474167073,-0.624385593407752,-0.19773600093647767,2.8861370781795084,8
0.8059917644104178,0.8637892611272914,-0.3124452392570865,-0.4358431993698036,-0.5028490259085154,-0.6772519277744693,-0.9499400597599089,-0.06768974434224129,-0.11270349826842091,1.64805997916194,-0.28992134818515547,-0.34025884474167073,-0.624385593407752,-0.19773600093647767,-0.3464838893344493,5
-0.8571959470906089,-0.8897829194482517,-0.3124452392570865,-0.4358431993698036,1.9886684640449763,-0.6772519277744693,1.0526979989166299,-0.06768974434224129,-0.11270349826842091,-0.6067740328895754,-0.28992134818515547,-0.34025884474167073,-0.624385593407752,-0.19773600093647767,-0.3464838893344493,8
-0.8571959470906089,-0.8897829194482517,3.200560848287335,-0.4358431993698036,-0.5028490259085154,-0.6772519277744693,-0.9499400597599089,-0.06768974434224129,-0.11270349826842091,-0.6067740328895754,-0.28992134818515547,-0.34025884474167073,-0.624385593407752,-0.19773600093647767,2.8861370781795084,7
0.8059917644104178,-0.8897829194482517,3.200560848287335,-0.4358431993698036,-0.5028490259085154,1.251156970466471,-0.9499400597599089,-0.06768974434224129,-0.11270349826842091,-0.6067740328895754,-0.28992134818515547,-0.34025884474167073,-0.624385593407752,-0.19773600093647767,2.8861370781795084,6
-0.8571959470906089,-0.8897829194482517,3.200560848287335,-0.4358431993698036,-0.5028490259085154,1.251156970466471,-0.9499400597599089,-0.06768974434224129,-0.11270349826842091,-0.6067740328895754,-0.28992134818515547,-0.34025884474167073,-0.624385593407752,-0.19773600093647767,2.8861370781795084,7
0.8059917644104178,0.8637892611272914,-0.3124452392570865,-0.4358431993698036,-0.5028490259085154,-0.6772519277744693,1.0526979989166299,-0.06768974434224129,-0.11270349826842091,-0.6067740328895754,-0.28992134818515547,-0.34025884474167073,-0.624385593407752,-0.19773600093647767,-0.3464838893344493,8
0.8059917644104178,-0.8897829194482517,-0.3124452392570865,-0.4358431993698036,-0.5028490259085154,-0.6772519277744693,-0.9499400597599089,-0.06768974434224129,-0.11270349826842091,-0.6067740328895754,-0.28992134818515547,-0.34025884474167073,1.601574428619071,-0.19773600093647767,-0.3464838893344493,4
-0.8571959470906089,0.8637892611272914,-0.3124452392570865,-0.4358431993698036,-0.5028490259085154,1.251156970466471,1.0526979989166299,-0.06768974434224129,-0.11270349826842091,-0.6067740328895754,-0.28992134818515547,-0.34025884474167073,1.601574428619071,-0.19773600093647767,-0.3464838893344493,7
-0.8571959470906089,-0.8897829194482517,3.200560848287335,-0.4358431993698036,-0.5028490259085154,-0.6772519277744693,-0.9499400597599089,-0.06768974434224129,-0.11270349826842091,-0.6067740328895754,-0.28992134818515547,-0.34025884474167073,-0.624385593407752,-0.19773600093647767,2.8861370781795084,7
0.8059917644104178,-0.8897829194482517,-0.3124452392570865,-0.4358431993698036,-0.5028490259085154,1.251156970466471,1.0526979989166299,-0.06768974434224129,-0.11270349826842091,-0.6067740328895754,-0.28992134818515547,-0.34025884474167073,-0.624385593407752,-0.19773600093647767,-0.3464838893344493,7
-0.8571959470906089,0.8637892611272914,-0.3124452392570865,-0.4358431993698036,-0.5028490259085154,1.251156970466471,-0.9499400597599089,-0.06768974434224129,-0.11270349826842091,1.64805997916194,-0.28992134818515547,-0.34025884474167073,-0.624385593407752,-0.19773600093647767,-0.3464838893344493,8
-0.8571959470906089,0.8637892611272914,-0.3124452392570865,-0.4358431993698036,-0.5028490259085154,1.251156970466471,1.0526979989166299,-0.06768974434224129,-0.11270349826842091,-0.6067740328895754,-0.28992134818515547,2.938939032603881,1.601574428619071,-0.19773600093647767,-0.3464838893344493,6
-0.8571959470906089,-0.8897829194482517,-0.3124452392570865,2.2944031281110373,-0.5028490259085154,-0.6772519277744693,-0.9499400597599089,-0.06768974434224129,-0.11270349826842091,-0.6067740328895754,-0.28992134818515547,-0.34025884474167073,-0.624385593407752,-0.19773600093647767,-0.3464838893344493,8
0.8059917644104178,0.8637892611272914,-0.3124452392570865,-0.4358431993698036,-0.5028490259085154,-0.6772519277744693,-0.9499400597599089,-0.06768974434224129,-0.11270349826842091,1.64805997916194,-0.28992134818515547,-0.34025884474167073,1.601574428619071,-0.19773600093647767,-0.3464838893344493,6
-0.8571959470906089,0.8637892611272914,-0.3124452392570865,-0.4358431993698036,-0.5028490259085154,1.251156970466471,-0.9499400597599089,-0.06768974434224129,-0.11270349826842091,1.64805997916194,-0.28992134818515547,-0.34025884474167073,-0.624385593407752,-0.19773600093647767,-0.3464838893344493,6
0.8059917644104178,-0.8897829194482517,-0.3124452392570865,-0.4358431993698036,-0.5028490259085154,-0.6772519277744693,1.0526979989166299,-0.06768974434224129,-0.11270349826842091,1.64805997916194,-0.28992134818515547,-0.34025884474167073,-0.624385593407752,-0.19773600093647767,-0.3464838893344493,4
-0.8571959470906089,-0.8897829194482517,-0.3124452392570865,-0.4358431993698036,1.9886684640449763,-0.6772519277744693,1.0526979989166299,-0.06768974434224129,-0.11270349826842091,-0.6067740328895754,-0.28992134818515547,-0.34025884474167073,-0.624385593407752,-0.19773600093647767,-0.3464838893344493,5
0.8059917644104178,-0.8897829194482517,-0.3124452392570865,-0.4358431993698036,-0.5028490259085154,1.251156970466471,1.0526979989166299,-0.06768974434224129,-0.11270349826842091,-0.6067740328895754,-0.28992134818515547,-0.34025884474167073,-0.624385593407752,-0.19773600093647767,-0.3464838893344493,6
0.8059917644104178,0.8637892611272914,-0.3124452392570865,-0.4358431993698036,-0.5028490259085154,-0.6772519277744693,1.0526979989166299,-0.06768974434224129,-0.11270349826842091,-0.6067740328895754,-0.28992134818515547,-0.34025884474167073,-0.624385593407752,-0.19773600093647767,2.8861370781795084,7
0.8059917644104178,-0.8897829194482517,-0.3124452392570865,-0.4358431993698036,1.9886684640449763,-0.6772519277744693,-0.9499400597599089,-0.06768974434224129,-0.11270349826842091,-0.6067740328895754,-0.28992134818515547,-0.34025884474167073,1.601574428619071,-0.19773600093647767,-0.3464838893344493,6
-0.8571959470906089,-0.8897829194482517,-0.3124452392570865,2.2944031281110373,-0.5028490259085154,-0.6772519277744693,1.0526979989166299,-0.06768974434224129,8.872839045495683,-0.6067740328895754,-0.28992134818515547,-0.34025884474167073,-0.624385593407752,-0.19773600093647767,-0.3464838893344493,8
0.8059917644104178,0.8637892611272914,-0.3124452392570865,-0.4358431993698036,-0.5028490259085154,-0.6772519277744693,-0.9499400597599089,-0.06768974434224129,-0.11270349826842091,-0.6067740328895754,-0.28992134818515547,-0.34025884474167073,1.601574428619071,-0.19773600093647767,-0.3464838893344493,6
0.8059917644104178,0.8637892611272914,-0.3124452392570865,-0.4358431993698036,-0.5028490259085154,1.251156970466471,-0.9499400597599089,-0.06768974434224129,-0.11270349826842091,-0.6067740328895754,-0.28992134818515547,-0.34025884474167073,-0.624385593407752,-0.19773600093647767,-0.3464838893344493,7
-0.8571959470906089,2.6173614417028346,-0.3124452392570865,-0.4358431993698036,-0.5028490259085154,-0.6772519277744693,-0.9499400597599089,-0.06768974434224129,-0.11270349826842091,1.64805997916194,-0.28992134818515547,-0.34025884474167073,-0.624385593407752,-0.19773600093647767,-0.3464838893344493,5
-0.8571959470906089,-0.8897829194482517,-0.3124452392570865,2.2944031281110373,-0.5028490259085154,-0.6772519277744693,1.0526979989166299,-0.06768974434224129,-0.11270349826842091,-0.6067740328895754,3.449211333555746,-0.34025884474167073,-0.624385593407752,-0.19773600093647767,-0.3464838893344493,7
-0.8571959470906089,-0.8897829194482517,-0.3124452392570865,-0.4358431993698036,-0.5028490259085154,-0.6772519277744693,1.0526979989166299,-0.06768974434224129,-0.11270349826842091,-0.6067740328895754,-0.28992134818515547,-0.34025884474167073,-0.624385593407752,5.057248023951126,-0.3464838893344493,6
0.8059917644104178,0.8637892611272914,-0.3124452392570865,-0.4358431993698036,-0.5028490259085154,1.251156970466471,1.0526979989166299,-0.06768974434224129,8.872839045495683,-0.6067740328895754,-0.28992134818515547,-0.34025884474167073,-0.624385593407752,-0.19773600093647767,-0.3464838893344493,6
0.8059917644104178,-0.8897829194482517,-0.3124452392570865,-0.4358431993698036,1.9886684640449763,1.251156970466471,1.0526979989166299,-0.06768974434224129,-0.11270349826842091,-0.6067740328895754,-0.28992134818515547,-0.34025884474167073,-0.624385593407752,-0.19773600093647767,-0.3464838893344493,5
0.8059917644104178,0.8637892611272914,-0.3124452392570865,-0.4358431993698036,-0.5028490259085154,-0.6772519277744693,-0.9499400597599089,-0.06768974434224129,-0.11270349826842091,-0.6067740328895754,-0.28992134818515547,-0.34025884474167073,-0.624385593407752,-0.19773600093647767,-0.3464838893344493,7
-0.8571959470906089,-0.8897829194482517,3.200560848287335,-0.4358431993698036,-0.5028490259085154,-0.6772519277744693,1.0526979989166299,-0.06768974434224129,-0.11270349826842091,-0.6067740328895754,-0.28992134818515547,-0.34025884474167073,-0.624385593407752,-0.19773600093647767,-0.3464838893344493,8
0.8059917644104178,0.8637892611272914,-0.3124452392570865,-0.4358431993698036,-0.5028490259085154,-0.6772519277744693,-0.9499400597599089,-0.06768974434224129,-0.11270349826842091,-0.6067740328895754,-0.28992134818515547,2.938939032603881,1.601574428619071,-0.19773600093647767,-0.3464838893344493,4
0.8059917644104178,-0.8897829194482517,-0.3124452392570865,2.2944031281110373,1.9886684640449763,-0.6772519277744693,1.0526979989166299,-0.06768974434224129,-0.11270349826842091,-0.6067740328895754,-0.28992134818515547,-0.34025884474167073,-0.624385593407752,-0.19773600093647767,-0.3464838893344493,6
0.8059917644104178,-0.8897829194482517,3.200560848287335,-0.4358431993698036,1.9886684640449763,-0.6772519277744693,-0.9499400597599089,-0.06768974434224129,-0.11270349826842091,-0.6067740328895754,-0.28992134818515547,-0.34025884474167073,-0.624385593407752,-0.19773600093647767,-0.3464838893344493,7
-0.8571959470906089,-0.8897829194482517,-0.3124452392570865,-0.4358431993698036,-0.5028490259085154,-0.6772519277744693,1.0526979989166299,-0.06768974434224129,-0.11270349826842091,-0.6067740328895754,-0.28992134818515547,2.938939032603881,-0.624385593407752,-0.19773600093647767,-0.3464838893344493,6
0.8059917644104178,-0.8897829194482517,-0.3124452392570865,-0.4358431993698036,-0.5028490259085154,1.251156970466471,1.0526979989166299,-0.06768974434224129,-0.11270349826842091,-0.6067740328895754,-0.28992134818515547,-0.34025884474167073,1.601574428619071,-0.19773600093647767,-0.3464838893344493,4
0.8059917644104178,-0.8897829194482517,-0.3124452392570865,-0.4358431993698036,-0.5028490259085154,1.251156970466471,1.0526979989166299,-0.06768974434224129,-0.11270349826842091,-0.6067740328895754,-0.28992134818515547,-0.34025884474167073,-0.624385593407752,-0.19773600093647767,-0.3464838893344493,8
-0.8571959470906089,-0.8897829194482517,-0.3124452392570865,-0.4358431993698036,1.9886684640449763,-0.6772519277744693,1.0526979989166299,-0.06768974434224129,-0.11270349826842091,-0.6067740328895754,-0.28992134818515547,-0.34025884474167073,1.601574428619071,-0.19773600093647767,-0.3464838893344493,5
-0.8571959470906089,-0.8897829194482517,-0.3124452392570865,2.2944031281110373,-0.5028490259085154,-0.6772519277744693,1.0526979989166299,-0.06768974434224129,-0.11270349826842091,1.64805997916194,-0.28992134818515547,-0.34025884474167073,-0.624385593407752,-0.19773600093647767,-0.3464838893344493,7
-0.8571959470906089,0.8637892611272914,-0.3124452392570865,-0.4358431993698036,-0.5028490259085154,-0.6772519277744693,-0.9499400597599089,-0.06768974434224129,-0.11270349826842091,-0.6067740328895754,3.449211333555746,-0.34025884474167073,-0.624385593407752,-0.19773600093647767,2.8861370781795084,6
0.8059917644104178,0.8637892611272914,-0.3124452392570865,-0.4358431993698036,-0.5028490259085154,-0.6772519277744693,-0.9499400597599089,-0.06768974434224129,-0.11270349826842091,1.64805997916194,-0.28992134818515547,-0.34025884474167073,1.601574428619071,-0.19773600093647767,-0.3464838893344493,3
0.8059917644104178,0.8637892611272914,-0.3124452392570865,-0.4358431993698036,-0.5028490259085154,-0.6772519277744693,-0.9499400597599089,-0.06768974434224129,-0.11270349826842091,1.64805997916194,-0.28992134818515547,-0.34025884474167073,-0.624385593407752,-0.19773600093647767,-0.3464838893344493,4
0.8059917644104178,-0.8897829194482517,-0.3124452392570865,2.2944031281110373,-0.5028490259085154,-0.6772519277744693,-0.9499400597599089,-0.06768974434224129,-0.11270349826842091,-0.6067740328895754,-0.28992134818515547,-0.34025884474167073,-0.624385593407752,-0.19773600093647767,-0.3464838893344493,7
0.8059917644104178,-0.8897829194482517,-0.3124452392570865,-0.4358431993698036,-0.5028490259085154,-0.6772519277744693,-0.9499400597599089,-0.06768974434224129,-0.11270349826842091,-0.6067740328895754,-0.28992134818515547,-0.34025884474167073,-0.624385593407752,-0.19773600093647767,2.8861370781795084,7
0.8059917644104178,-0.8897829194482517,-0.3124452392570865,2.2944031281110373,-0.5028490259085154,1.251156970466471,1.0526979989166299,-0.06768974434224129,-0.11270349826842091,-0.6067740328895754,-0.28992134818515547,-0.34025884474167073,-0.624385593407752,-0.19773600093647767,-0.3464838893344493,7
-0.8571959470906089,-0.8897829194482517,-0.3124452392570865,2.2944031281110373,1.9886684640449763,-0.6772519277744693,1.0526979989166299,-0.06768974434224129,-0.11270349826842091,-0.6067740328895754,-0.28992134818515547,-0.34025884474167073,-0.624385593407752,-0.19773600093647767,-0.3464838893344493,8
0.8059917644104178,-0.8897829194482517,-0.3124452392570865,-0.4358431993698036,1.9886684640449763,-0.6772519277744693,1.0526979989166299,-0.06768974434224129,-0.11270349826842091,-0.6067740328895754,-0.28992134818515547,-0.34025884474167073,-0.624385593407752,-0.19773600093647767,-0.3464838893344493,6
0.8059917644104178,0.8637892611272914,-0.3124452392570865,-0.4358431993698036,-0.5028490259085154,1.251156970466471,-0.9499400597599089,-0.06768974434224129,-0.11270349826842091,-0.6067740328895754,3.449211333555746,-0.34025884474167073,-0.624385593407752,-0.19773600093647767,2.8861370781795084,7
-0.8571959470906089,0.8637892611272914,-0.3124452392570865,-0.4358431993698036,-0.5028490259085154,-0.6772519277744693,-0.9499400597599089,-0.06768974434224129,-0.11270349826842091,1.64805997916194,-0.28992134818515547,-0.34025884474167073,-0.624385593407752,-0.19773600093647767,-0.3464838893344493,7
0.8059917644104178,0.8637892611272914,-0.3124452392570865,-0.4358431993698036,-0.5028490259085154,-0.6772519277744693,-0.9499400597599089,-0.06768974434224129,-0.11270349826842091,1.64805997916194,-0.28992134818515547,-0.34025884474167073,1.601574428619071,-0.19773600093647767,2.8861370781795084,6
-0.8571959470906089,-0.8897829194482517,-0.3124452392570865,-0.4358431993698036,-0.5028490259085154,-0.6772519277744693,-0.9499400597599089,-0.06768974434224129,-0.11270349826842091,-0.6067740328895754,3.449211333555746,-0.34025884474167073,-0.624385593407752,-0.19773600093647767,-0.3464838893344493,7
0.8059917644104178,0.8637892611272914,-0.3124452392570865,-0.4358431993698036,-0.5028490259085154,1.251156970466471,1.0526979989166299,-0.06768974434224129,-0.11270349826842091,-0.6067740328895754,-0.28992134818515547,-0.34025884474167073,-0.624385593407752,-0.19773600093647767,-0.3464838893344493,5
-0.8571959470906089,0.8637892611272914,-0.3124452392570865,2.2944031281110373,-0.5028490259085154,-0.6772519277744693,-0.9499400597599089,-0.06768974434224129,-0.11270349826842091,-0.6067740328895754,-0.28992134818515547,-0.34025884474167073,-0.624385593407752,-0.19773600093647767,-0.3464838893344493,7
-0.8571959470906089,-0.8897829194482517,-0.3124452392570865,2.2944031281110373,-0.5028490259085154,1.251156970466471,-0.9499400597599089,-0.06768974434224129,-0.11270349826842091,-0.6067740328895754,3.449211333555746,-0.34025884474167073,-0.624385593407752,-0.19773600093647767,-0.3464838893344493,7
0.8059917644104178,0.8637892611272914,-0.3124452392570865,-0.4358431993698036,-0.5028490259085154,-0.6772519277744693,-0.9499400597599089,-0.06768974434224129,-0.11270349826842091,1.64805997916194,-0.28992134818515547,-0.34025884474167073,1.601574428619071,-0.19773600093647767,-0.3464838893344493,3
0.8059917644104178,0.8637892611272914,-0.3124452392570865,-0.4358431993698036,-0.5028490259085154,-0.6772519277744693,-0.9499400597599089,-0.06768974434224129,-0.11270349826842091,1.64805997916194,-0.28992134818515547,-0.34025884474167073,-0.624385593407752,-0.19773600093647767,-0.3464838893344493,6
-0.8571959470906089,-0.8897829194482517,-0.3124452392570865,-0.4358431993698036,-0.5028490259085154,-0.6772519277744693,1.0526979989166299,-0.06768974434224129,-0.11270349826842091,-0.6067740328895754,-0.28992134818515547,2.938939032603881,-0.624385593407752,-0.19773600093647767,-0.3464838893344493,8
0.8059917644104178,0.8637892611272914,-0.3124452392570865,-0.4358431993698036,-0.5028490259085154,1.251156970466471,-0.9499400597599089,-0.06768974434224129,-0.11270349826842091,1.64805997916194,-0.28992134818515547,2.938939032603881,-0.624385593407752,-0.19773600093647767,-0.3464838893344493,4
0.8059917644104178,0.8637892611272914,-0.3124452392570865,-0.4358431993698036,1.9886684640449763,1.251156970466471,-0.9499400597599089,-0.06768974434224129,-0.11270349826842091,-0.6067740328895754,-0.28992134818515547,-0.34025884474167073,1.601574428619071,-0.19773600093647767,-0.3464838893344493,6
-0.8571959470906089,0.8637892611272914,-0.3124452392570865,-0.4358431993698036,-0.5028490259085154,1.251156970466471,-0.9499400597599089,-0.06768974434224129,-0.11270349826842091,-0.6067740328895754,-0.28992134818515547,2.938939032603881,1.601574428619071,-0.19773600093647767,-0.3464838893344493,2
-0.8571959470906089,0.8637892611272914,-0.3124452392570865,2.2944031281110373,1.9886684640449763,-0.6772519277744693,1.0526979989166299,-0.06768974434224129,-0.11270349826842091,-0.6067740328895754,-0.28992134818515547,-0.34025884474167073,1.601574428619071,-0.19773600093647767,-0.3464838893344493,7
0.8059917644104178,0.8637892611272914,-0.3124452392570865,2.2944031281110373,-0.5028490259085154,1.251156970466471,1.0526979989166299,-0.06768974434224129,-0.11270349826842091,-0.6067740328895754,-0.28992134818515547,-0.34025884474167073,-0.624385593407752,-0.19773600093647767,-0.3464838893344493,6
-0.8571959470906089,2.6173614417028346,-0.3124452392570865,-0.4358431993698036,-0.5028490259085154,-0.6772519277744693,1.0526979989166299,-0.06768974434224129,-0.11270349826842091,1.64805997916194,-0.28992134818515547,-0.34025884474167073,-0.624385593407752,-0.19773600093647767,-0.3464838893344493,3
-0.8571959470906089,-0.8897829194482517,-0.3124452392570865,-0.4358431993698036,-0.5028490259085154,-0.6772519277744693,-0.9499400597599089,-0.06768974434224129,-0.11270349826842091,-0.6067740328895754,-0.28992134818515547,-0.34025884474167073,-0.624385593407752,-0.19773600093647767,-0.3464838893344493,8
-0.8571959470906089,-0.8897829194482517,-0.3124452392570865,-0.4358431993698036,1.9886684640449763,-0.6772519277744693,-0.9499400597599089,-0.06768974434224129,-0.11270349826842091,-0.6067740328895754,-0.28992134818515547,-0.34025884474167073,-0.624385593407752,-0.19773600093647767,-0.3464838893344493,7
-0.8571959470906089,0.8637892611272914,-0.3124452392570865,-0.4358431993698036,-0.5028490259085154,-0.6772519277744693,-0.9499400597599089,-0.06768974434224129,-0.11270349826842091,-0.6067740328895754,-0.28992134818515547,-0.34025884474167073,1.601574428619071,-0.19773600093647767,-0.3464838893344493,6
-0.8571959470906089,-0.8897829194482517,-0.3124452392570865,2.2944031281110373,-0.5028490259085154,-0.6772519277744693,-0.9499400597599089,-0.06768974434224129,-0.11270349826842091,-0.6067740328895754,-0.28992134818515547,-0.34025884474167073,-0.624385593407752,-0.19773600093647767,-0.3464838893344493,6
-0.8571959470906089,-0.8897829194482517,-0.3124452392570865,-0.4358431993698036,1.9886684640449763,-0.6772519277744693,-0.9499400597599089,-0.06768974434224129,-0.11270349826842091,-0.6067740328895754,-0.28992134818515547,-0.34025884474167073,1.601574428619071,-0.19773600093647767,-0.3464838893344493,7
0.8059917644104178,0.8637892611272914,-0.3124452392570865,-0.4358431993698036,-0.5028490259085154,-0.6772519277744693,1.0526979989166299,-0.06768974434224129,-0.11270349826842091,-0.6067740328895754,-0.28992134818515547,-0.34025884474167073,1.601574428619071,-0.19773600093647767,-0.3464838893344493,5
-0.8571959470906089,-0.8897829194482517,-0.3124452392570865,-0.4358431993698036,-0.5028490259085154,-0.6772519277744693,-0.9499400597599089,-0.06768974434224129,-0.11270349826842091,-0.6067740328895754,-0.28992134818515547,-0.34025884474167073,-0.624385593407752,-0.19773600093647767,2.8861370781795084,8
0.8059917644104178,0.8637892611272914,-0.3124452392570865,-0.4358431993698036,-0.5028490259085154,1.251156970466471,-0.9499400597599089,-0.06768974434224129,-0.11270349826842091,1.64805997916194,-0.28992134818515547,-0.34025884474167073,1.601574428619071,-0.19773600093647767,-0.3464838893344493,5
0.8059917644104178,0.8637892611272914,-0.3124452392570865,-0.4358431993698036,-0.5028490259085154,-0.6772519277744693,-0.9499400597599089,-0.06768974434224129,-0.11270349826842091,-0.6067740328895754,-0.28992134818515547,-0.34025884474167073,-0.624385593407752,-0.19773600093647767,-0.3464838893344493,6
0.8059917644104178,0.8637892611272914,-0.3124452392570865,2.2944031281110373,-0.5028490259085154,-0.6772519277744693,-0.9499400597599089,-0.06768974434224129,-0.11270349826842091,-0.6067740328895754,-0.28992134818515547,-0.34025884474167073,-0.624385593407752,-0.19773600093647767,-0.3464838893344493,7
2.4691794759114445,2.6173614417028346,-0.3124452392570865,-0.4358431993698036,-0.5028490259085154,-0.6772519277744693,-0.9499400597599089,-0.06768974434224129,-0.11270349826842091,1.64805997916194,-0.28992134818515547,-0.34025884474167073,-0.624385593407752,-0.19773600093647767,-0.3464838893344493,4
0.8059917644104178,-0.8897829194482517,-0.3124452392570865,-0.4358431993698036,-0.5028490259085154,1.251156970466471,1.0526979989166299,-0.06768974434224129,-0.11270349826842091,1.64805997916194,-0.28992134818515547,-0.34025884474167073,-0.624385593407752,-0.19773600093647767,-0.3464838893344493,7
-0.8571959470906089,0.8637892611272914,-0.3124452392570865,2.2944031281110373,-0.5028490259085154,-0.6772519277744693,1.0526979989166299,-0.06768974434224129,-0.11270349826842091,-0.6067740328895754,-0.28992134818515547,-0.34025884474167073,1.601574428619071,-0.19773600093647767,-0.3464838893344493,6
-0.8571959470906089,-0.8897829194482517,-0.3124452392570865,-0.4358431993698036,-0.5028490259085154,-0.6772519277744693,-0.9499400597599089,-0.06768974434224129,-0.11270349826842091,-0.6067740328895754,-0.28992134818515547,-0.34025884474167073,1.601574428619071,-0.19773600093647767,-0.3464838893344493,6
0.8059917644104178,-0.8897829194482517,-0.3124452392570865,-0.4358431993698036,-0.5028490259085154,1.251156970466471,-0.9499400597599089,-0.06768974434224129,-0.11270349826842091,-0.6067740328895754,-0.28992134818515547,-0.34025884474167073,-0.624385593407752,-0.19773600093647767,-0.3464838893344493,5
0.8059917644104178,-0.8897829194482517,-0.3124452392570865,-0.4358431993698036,-0.5028490259085154,1.251156970466471,1.0526979989166299,-0.06768974434224129,-0.11270349826842091,-0.6067740328895754,-0.28992134818515547,-0.34025884474167073,1.601574428619071,-0.19773600093647767,-0.3464838893344493,5
-0.8571959470906089,0.8637892611272914,-0.3124452392570865,-0.4358431993698036,1.9886684640449763,-0.6772519277744693,1.0526979989166299,-0.06768974434224129,-0.11270349826842091,-0.6067740328895754,-0.28992134818515547,-0.34025884474167073,1.601574428619071,-0.19773600093647767,-0.3464838893344493,6
-0.8571959470906089,-0.8897829194482517,-0.3124452392570865,-0.4358431993698036,-0.5028490259085154,1.251156970466471,1.0526979989166299,-0.06768974434224129,-0.11270349826842091,1.64805997916194,-0.28992134818515547,-0.34025884474167073,-0.624385593407752,-0.19773600093647767,-0.3464838893344493,7
-0.8571959470906089,-0.8897829194482517,-0.3124452392570865,-0.4358431993698036,-0.5028490259085154,-0.6772519277744693,-0.9499400597599089,-0.06768974434224129,-0.11270349826842091,-0.6067740328895754,-0.28992134818515547,-0.34025884474167073,1.601574428619071,-0.19773600093647767,-0.3464838893344493,4
0.8059917644104178,0.8637892611272914,-0.3124452392570865,-0.4358431993698036,-0.5028490259085154,1.251156970466471,-0.9499400597599089,-0.06768974434224129,-0.11270349826842091,-0.6067740328895754,-0.28992134818515547,-0.34025884474167073,-0.624385593407752,-0.19773600093647767,2.8861370781795084,6
2.4691794759114445,0.8637892611272914,-0.3124452392570865,-0.4358431993698036,-0.5028490259085154,1.251156970466471,-0.9499400597599089,-0.06768974434224129,-0.11270349826842091,1.64805997916194,-0.28992134818515547,-0.34025884474167073,-0.624385593407752,-0.19773600093647767,-0.3464838893344493,4
0.8059917644104178,-0.8897829194482517,-0.3124452392570865,-0.4358431993698036,-0.5028490259085154,1.251156970466471,1.0526979989166299,-0.06768974434224129,-0.11270349826842091,-0.6067740328895754,-0.28992134818515547,-0.34025884474167073,1.601574428619071,-0.19773600093647767,-0.3464838893344493,7
-0.8571959470906089,-0.8897829194482517,-0.3124452392570865,-0.4358431993698036,1.9886684640449763,-0.6772519277744693,1.0526979989166299,-0.06768974434224129,8.872839045495683,-0.6067740328895754,-0.28992134818515547,-0.34025884474167073,-0.624385593407752,-0.19773600093647767,-0.3464838893344493,8
0.8059917644104178,0.8637892611272914,-0.3124452392570865,-0.4358431993698036,-0.5028490259085154,-0.6772519277744693,-0.9499400597599089,-0.06768974434224129,-0.11270349826842091,1.64805997916194,-0.28992134818515547,-0.34025884474167073,1.601574428619071,5.057248023951126,-0.3464838893344493,3
-0.8571959470906089,-0.8897829194482517,3.200560848287335,2.2944031281110373,-0.5028490259085154,-0.6772519277744693,1.0526979989166299,-0.06768974434224129,-0.11270349826842091,-0.6067740328895754,-0.28992134818515547,-0.34025884474167073,-0.624385593407752,-0.19773600093647767,-0.3464838893344493,7
0.8059917644104178,-0.8897829194482517,-0.3124452392570865,-0.4358431993698036,1.9886684640449763,1.251156970466471,1.0526979989166299,-0.06768974434224129,-0.11270349826842091,-0.6067740328895754,-0.28992134818515547,-0.34025884474167073,-0.624385593407752,-0.19773600093647767,-0.3464838893344493,7
0.8059917644104178,-0.8897829194482517,-0.3124452392570865,2.2944031281110373,1.9886684640449763,-0.6772519277744693,1.0526979989166299,-0.06768974434224129,-0.11270349826842091,-0.6067740328895754,-0.28992134818515547,-0.34025884474167073,1.601574428619071,-0.19773600093647767,-0.3464838893344493,5
-0.8571959470906089,-0.8897829194482517,-0.3124452392570865,-0.4358431993698036,-0.5028490259085154,-0.6772519277744693,1.0526979989166299,-0.06768974434224129,-0.11270349826842091,-0.6067740328895754,-0.28992134818515547,-0.34025884474167073,-0.624385593407752,-0.19773600093647767,-0.3464838893344493,8
0.8059917644104178,0.8637892611272914,-0.3124452392570865,-0.4358431993698036,-0.5028490259085154,1.251156970466471,-0.9499400597599089,-0.06768974434224129,-0.11270349826842091,-0.6067740328895754,-0.28992134818515547,2.938939032603881,1.601574428619071,-0.19773600093647767,-0.3464838893344493,4
0.8059917644104178,0.8637892611272914,-0.3124452392570865,-0.4358431993698036,-0.5028490259085154,1.251156970466471,-0.9499400597599089,-0.06768974434224129,-0.11270349826842091,-0.6067740328895754,-0.28992134818515547,2.938939032603881,1.601574428619071,-0.19773600093647767,-0.3464838893344493,4
-0.8571959470906089,-0.8897829194482517,3.200560848287335,-0.4358431993698036,1.9886684640449763,-0.6772519277744693,1.0526979989166299,-0.06768974434224129,-0.11270349826842091,-0.6067740328895754,-0.28992134818515547,-0.34025884474167073,-0.624385593407752,-0.19773600093647767,-0.3464838893344493,8
-0.8571959470906089,0.8637892611272914,-0.3124452392570865,2.2944031281110373,-0.5028490259085154,-0.6772519277744693,1.0526979989166299,-0.06768974434224129,-0.11270349826842091,-0.6067740328895754,-0.28992134818515547,-0.34025884474167073,-0.624385593407752,-0.19773600093647767,-0.3464838893344493,6
-0.8571959470906089,-0.8897829194482517,-0.3124452392570865,-0.4358431993698036,-0.5028490259085154,-0.6772519277744693,-0.9499400597599089,-0.06768974434224129,-0.11270349826842091,-0.6067740328895754,3.449211333555746,-0.34025884474167073,-0.624385593407752,-0.19773600093647767,2.8861370781795084,9
2.4691794759114445,0.8637892611272914,-0.3124452392570865,-0.4358431993698036,-0.5028490259085154,-0.6772519277744693,1.0526979989166299,-0.06768974434224129,-0.11270349826842091,-0.6067740328895754,-0.28992134818515547,-0.34025884474167073,-0.624385593407752,-0.19773600093647767,-0.3464838893344493,4
-0.8571959470906089,-0.8897829194482517,-0.3124452392570865,2.2944031281110373,-0.5028490259085154,-0.6772519277744693,1.0526979989166299,-0.06768974434224129,-0.11270349826842091,-0.6067740328895754,3.449211333555746,-0.34025884474167073,-0.624385593407752,-0.19773600093647767,-0.3464838893344493,8
0.8059917644104178,-0.8897829194482517,-0.3124452392570865,2.2944031281110373,1.9886684640449763,1.251156970466471,1.0526979989166299,-0.06768974434224129,-0.11270349826842091,-0.6067740328895754,-0.28992134818515547,-0.34025884474167073,-0.624385593407752,-0.19773600093647767,-0.3464838893344493,7
-0.8571959470906089,0.8637892611272914,-0.3124452392570865,-0.4358431993698036,-0.5028490259085154,-0.6772519277744693,-0.9499400597599089,-0.06768974434224129,-0.11270349826842091,-0.6067740328895754,-0.28992134818515547,-0.34025884474167073,-0.624385593407752,5.057248023951126,-0.3464838893344493,6
-0.8571959470906089,0.8637892611272914,-0.3124452392570865,-0.4358431993698036,-0.5028490259085154,1.251156970466471,-0.9499400597599089,-0.06768974434224129,-0.11270349826842091,-0.6067740328895754,-0.28992134818515547,-0.34025884474167073,-0.624385593407752,-0.19773600093647767,-0.3464838893344493,6
-0.8571959470906089,0.8637892611272914,-0.3124452392570865,-0.4358431993698036,-0.5028490259085154,-0.6772519277744693,1.0526979989166299,-0.06768974434224129,-0.11270349826842091,1.64805997916194,-0.28992134818515547,2.938939032603881,1.601574428619071,-0.19773600093647767,-0.3464838893344493,5
-0.8571959470906089,0.8637892611272914,-0.3124452392570865,-0.4358431993698036,-0.5028490259085154,-0.6772519277744693,1.0526979989166299,-0.06768974434224129,-0.11270349826842091,1.64805997916194,-0.28992134818515547,2.938939032603881,1.601574428619071,-0.19773600093647767,-0.3464838893344493,5
-0.8571959470906089,-0.8897829194482517,-0.3124452392570865,-0.4358431993698036,-0.5028490259085154,-0.6772519277744693,-0.9499400597599089,-0.06768974434224129,-0.11270349826842091,-0.6067740328895754,-0.28992134818515547,-0.34025884474167073,-0.624385593407752,-0.19773600093647767,-0.3464838893344493,8
-0.8571959470906089,0.8637892611272914,-0.3124452392570865,-0.4358431993698036,-0.5028490259085154,1.251156970466471,1.0526979989166299,-0.06768974434224129,-0.11270349826842091,1.64805997916194,-0.28992134818515547,-0.34025884474167073,-0.624385593407752,-0.19773600093647767,-0.3464838893344493,5
-0.8571959470906089,0.8637892611272914,-0.3124452392570865,-0.4358431993698036,-0.5028490259085154,1.251156970466471,-0.9499400597599089,-0.06768974434224129,-0.11270349826842091,-0.6067740328895754,-0.28992134818515547,-0.34025884474167073,-0.624385593407752,5.057248023951126,-0.3464838893344493,3
-0.8571959470906089,-0.8897829194482517,-0.3124452392570865,-0.4358431993698036,-0.5028490259085154,-0.6772519277744693,1.0526979989166299,-0.06768974434224129,-0.11270349826842091,-0.6067740328895754,-0.28992134818515547,-0.34025884474167073,-0.624385593407752,-0.19773600093647767,-0.3464838893344493,6
0.8059917644104178,0.8637892611272914,-0.3124452392570865,-0.4358431993698036,-0.5028490259085154,-0.6772519277744693,-0.9499400597599089,-0.06768974434224129,-0.11270349826842091,-0.6067740328895754,3.449211333555746,-0.34025884474167073,-0.624385593407752,-0.19773600093647767,2.8861370781795084,6
-0.8571959470906089,-0.8897829194482517,3.200560848287335,2.2944031281110373,1.9886684640449763,-0.6772519277744693,1.0526979989166299,-0.06768974434224129,-0.11270349826842091,-0.6067740328895754,-0.28992134818515547,-0.34025884474167073,-0.624385593407752,-0.19773600093647767,-0.3464838893344493,9
-0.8571959470906089,0.8637892611272914,-0.3124452392570865,-0.4358431993698036,1.9886684640449763,-0.6772519277744693,1.0526979989166299,-0.06768974434224129,-0.11270349826842091,-0.6067740328895754,-0.28992134818515547,-0.34025884474167073,-0.624385593407752,-0.19773600093647767,2.8861370781795084,8
-0.8571959470906089,-0.8897829194482517,-0.3124452392570865,2.2944031281110373,-0.5028490259085154,-0.6772519277744693,1.0526979989166299,-0.06768974434224129,-0.11270349826842091,-0.6067740328895754,-0.28992134818515547,-0.34025884474167073,-0.624385593407752,-0.19773600093647767,-0.3464838893344493,7
0.8059917644104178,0.8637892611272914,-0.3124452392570865,-0.4358431993698036,-0.5028490259085154,1.251156970466471,1.0526979989166299,-0.06768974434224129,-0.11270349826842091,1.64805997916194,-0.28992134818515547,-0.34025884474167073,1.601574428619071,-0.19773600093647767,-0.3464838893344493,6
-0.8571959470906089,0.8637892611272914,-0.3124452392570865,-0.4358431993698036,-0.5028490259085154,1.251156970466471,-0.9499400597599089,-0.06768974434224129,-0.11270349826842091,-0.6067740328895754,3.449211333555746,-0.34025884474167073,-0.624385593407752,-0.19773600093647767,-0.3464838893344493,7
-0.8571959470906089,-0.8897829194482517,-0.3124452392570865,-0.4358431993698036,-0.5028490259085154,-0.6772519277744693,-0.9499400597599089,-0.06768974434224129,-0.11270349826842091,-0.6067740328895754,-0.28992134818515547,-0.34025884474167073,-0.624385593407752,-0.19773600093647767,-0.3464838893344493,5
-0.8571959470906089,-0.8897829194482517,-0.3124452392570865,-0.4358431993698036,1.9886684640449763,-0.6772519277744693,1.0526979989166299,-0.06768974434224129,-0.11270349826842091,-0.6067740328895754,-0.28992134818515547,-0.34025884474167073,-0.624385593407752,-0.19773600093647767,-0.3464838893344493,5
0.8059917644104178,0.8637892611272914,-0.3124452392570865,-0.4358431993698036,-0.5028490259085154,-0.6772519277744693,-0.9499400597599089,-0.06768974434224129,-0.11270349826842091,1.64805997916194,3.449211333555746,-0.34025884474167073,-0.624385593407752,-0.19773600093647767,-0.3464838893344493,6
-0.8571959470906089,-0.8897829194482517,3.200560848287335,-0.4358431993698036,1.9886684640449763,-0.6772519277744693,-0.9499400597599089,-0.06768974434224129,-0.11270349826842091,-0.6067740328895754,-0.28992134818515547,-0.34025884474167073,-0.624385593407752,-0.19773600093647767,-0.3464838893344493,8
-0.8571959470906089,-0.8897829194482517,-0.3124452392570865,-0.4358431993698036,-0.5028490259085154,-0.6772519277744693,1.0526979989166299,-0.06768974434224129,-0.11270349826842091,-0.6067740328895754,-0.28992134818515547,-0.34025884474167073,-0.624385593407752,5.057248023951126,-0.3464838893344493,7
-0.8571959470906089,-0.8897829194482517,-0.3124452392570865,-0.4358431993698036,-0.5028490259085154,1.251156970466471,1.0526979989166299,-0.06768974434224129,-0.11270349826842091,-0.6067740328895754,-0.28992134818515547,-0.34025884474167073,-0.624385593407752,-0.19773600093647767,2.8861370781795084,8
-0.8571959470906089,-0.8897829194482517,-0.3124452392570865,-0.4358431993698036,-0.5028490259085154,-0.6772519277744693,-0.9499400597599089,-0.06768974434224129,-0.11270349826842091,-0.6067740328895754,-0.28992134818515547,-0.34025884474167073,1.601574428619071,-0.19773600093647767,-0.3464838893344493,7
-0.8571959470906089,0.8637892611272914,-0.3124452392570865,2.2944031281110373,-0.5028490259085154,-0.6772519277744693,1.0526979989166299,-0.06768974434224129,-0.11270349826842091,-0.6067740328895754,-0.28992134818515547,-0.34025884474167073,-0.624385593407752,-0.19773600093647767,-0.3464838893344493,6
-0.8571959470906089,-0.8897829194482517,3.200560848287335,-0.4358431993698036,-0.5028490259085154,-0.6772519277744693,1.0526979989166299,-0.06768974434224129,-0.11270349826842091,-0.6067740328895754,-0.28992134818515547,-0.34025884474167073,-0.624385593407752,-0.19773600093647767,2.8861370781795084,7
0.8059917644104178,0.8637892611272914,-0.3124452392570865,-0.4358431993698036,-0.5028490259085154,1.251156970466471,-0.9499400597599089,-0.06768974434224129,-0.11270349826842091,-0.6067740328895754,-0.28992134818515547,2.938939032603881,-0.624385593407752,-0.19773600093647767,-0.3464838893344493,3
0.8059917644104178,-0.8897829194482517,3.200560848287335,-0.4358431993698036,-0.5028490259085154,-0.6772519277744693,1.0526979989166299,-0.06768974434224129,-0.11270349826842091,-0.6067740328895754,-0.28992134818515547,-0.34025884474167073,-0.624385593407752,-0.19773600093647767,-0.3464838893344493,6
0.8059917644104178,0.8637892611272914,-0.3124452392570865,-0.4358431993698036,-0.5028490259085154,-0.6772519277744693,1.0526979989166299,-0.06768974434224129,-0.11270349826842091,-0.6067740328895754,-0.28992134818515547,-0.34025884474167073,-0.624385593407752,-0.19773600093647767,2.8861370781795084,7
-0.8571959470906089,-0.8897829194482517,3.200560848287335,-0.4358431993698036,1.9886684640449763,-0.6772519277744693,1.0526979989166299,-0.06768974434224129,-0.11270349826842091,-0.6067740328895754,-0.28992134818515547,-0.34025884474167073,-0.624385593407752,-0.19773600093647767,-0.3464838893344493,7
-0.8571959470906089,-0.8897829194482517,-0.3124452392570865,2.2944031281110373,-0.5028490259085154,-0.6772519277744693,-0.9499400597599089,-0.06768974434224129,-0.11270349826842091,-0.6067740328895754,-0.28992134818515547,-0.34025884474167073,-0.624385593407752,-0.19773600093647767,-0.3464838893344493,7
0.8059917644104178,0.8637892611272914,-0.3124452392570865,-0.4358431993698036,-0.5028490259085154,-0.6772519277744693,-0.9499400597599089,-0.06768974434224129,-0.11270349826842091,1.64805997916194,-0.28992134818515547,2.938939032603881,-0.624385593407752,-0.19773600093647767,-0.3464838893344493,7
0.8059917644104178,-0.8897829194482517,-0.3124452392570865,-0.4358431993698036,-0.5028490259085154,1.251156970466471,1.0526979989166299,-0.06768974434224129,-0.11270349826842091,-0.6067740328895754,-0.28992134818515547,-0.34025884474167073,-0.624385593407752,-0.19773600093647767,-0.3464838893344493,9
0.8059917644104178,-0.8897829194482517,-0.3124452392570865,-0.4358431993698036,-0.5028490259085154,-0.6772519277744693,-0.9499400597599089,-0.06768974434224129,-0.11270349826842091,-0.6067740328895754,-0.28992134818515547,-0.34025884474167073,-0.624385593407752,-0.19773600093647767,2.8861370781795084,5
0.8059917644104178,0.8637892611272914,-0.3124452392570865,-0.4358431993698036,1.9886684640449763,1.251156970466471,1.0526979989166299,-0.06768974434224129,-0.11270349826842091,1.64805997916194,-0.28992134818515547,-0.34025884474167073,-0.624385593407752,-0.19773600093647767,-0.3464838893344493,4
0.8059917644104178,-0.8897829194482517,-0.3124452392570865,-0.4358431993698036,-0.5028490259085154,1.251156970466471,-0.9499400597599089,-0.06768974434224129,-0.11270349826842091,1.64805997916194,-0.28992134818515547,-0.34025884474167073,-0.624385593407752,-0.19773600093647767,-0.3464838893344493,5
0.8059917644104178,-0.8897829194482517,-0.3124452392570865,-0.4358431993698036,-0.5028490259085154,1.251156970466471,1.0526979989166299,-0.06768974434224129,-0.11270349826842091,-0.6067740328895754,-0.28992134818515547,-0.34025884474167073,-0.624385593407752,-0.19773600093647767,-0.3464838893344493,5
2.4691794759114445,-0.8897829194482517,-0.3124452392570865,-0.4358431993698036,-0.5028490259085154,1.251156970466471,-0.9499400597599089,-0.06768974434224129,-0.11270349826842091,-0.6067740328895754,-0.28992134818515547,-0.34025884474167073,-0.624385593407752,-0.19773600093647767,-0.3464838893344493,3
-0.8571959470906089,-0.8897829194482517,-0.3124452392570865,-0.4358431993698036,-0.5028490259085154,-0.6772519277744693,-0.9499400597599089,-0.06768974434224129,-0.11270349826842091,-0.6067740328895754,-0.28992134818515547,-0.34025884474167073,-0.624385593407752,-0.19773600093647767,-0.3464838893344493,7
-0.8571959470906089,2.6173614417028346,-0.3124452392570865,-0.4358431993698036,-0.5028490259085154,-0.6772519277744693,-0.9499400597599089,-0.06768974434224129,-0.11270349826842091,1.64805997916194,-0.28992134818515547,-0.34025884474167073,1.601574428619071,-0.19773600093647767,-0.3464838893344493,5
0.8059917644104178,0.8637892611272914,-0.3124452392570865,-0.4358431993698036,-0.5028490259085154,1.251156970466471,1.0526979989166299,-0.06768974434224129,-0.11270349826842091,-0.6067740328895754,-0.28992134818515547,-0.34025884474167073,-0.624385593407752,-0.19773600093647767,-0.3464838893344493,5
-0.8571959470906089,-0.8897829194482517,-0.3124452392570865,-0.4358431993698036,1.9886684640449763,1.251156970466471,1.0526979989166299,-0.06768974434224129,-0.11270349826842091,-0.6067740328895754,-0.28992134818515547,-0.34025884474167073,-0.624385593407752,-0.19773600093647767,-0.3464838893344493,8
0.8059917644104178,-0.8897829194482517,-0.3124452392570865,-0.4358431993698036,-0.5028490259085154,3.1795658687074115,-0.9499400597599089,-0.06768974434224129,-0.11270349826842091,1.64805997916194,-0.28992134818515547,-0.34025884474167073,-0.624385593407752,-0.19773600093647767,-0.3464838893344493,3
-0.8571959470906089,0.8637892611272914,-0.3124452392570865,-0.4358431993698036,-0.5028490259085154,-0.6772519277744693,-0.9499400597599089,-0.06768974434224129,-0.11270349826842091,1.64805997916194,-0.28992134818515547,2.938939032603881,1.601574428619071,-0.19773600093647767,-0.3464838893344493,5
-0.8571959470906089,-0.8897829194482517,-0.3124452392570865,-0.4358431993698036,-0.5028490259085154,-0.6772519277744693,-0.9499400597599089,-0.06768974434224129,-0.11270349826842091,-0.6067740328895754,3.449211333555746,-0.34025884474167073,-0.624385593407752,-0.19773600093647767,2.8861370781795084,7
-0.8571959470906089,-0.8897829194482517,-0.3124452392570865,2.2944031281110373,-0.5028490259085154,-0.6772519277744693,-0.9499400597599089,-0.06768974434224129,-0.11270349826842091,-0.6067740328895754,3.449211333555746,-0.34025884474167073,-0.624385593407752,-0.19773600093647767,-0.3464838893344493,7
0.8059917644104178,-0.8897829194482517,-0.3124452392570865,2.2944031281110373,-0.5028490259085154,-0.6772519277744693,-0.9499400597599089,-0.06768974434224129,-0.11270349826842091,-0.6067740328895754,-0.28992134818515547,-0.34025884474167073,-0.624385593407752,-0.19773600093647767,-0.3464838893344493,7
-0.8571959470906089,0.8637892611272914,-0.3124452392570865,-0.4358431993698036,1.9886684640449763,-0.6772519277744693,1.0526979989166299,-0.06768974434224129,-0.11270349826842091,-0.6067740328895754,-0.28992134818515547,-0.34025884474167073,1.601574428619071,-0.19773600093647767,-0.3464838893344493,7
-0.8571959470906089,-0.8897829194482517,3.200560848287335,2.2944031281110373,1.9886684640449763,-0.6772519277744693,1.0526979989166299,-0.06768974434224129,-0.11270349826842091,-0.6067740328895754,-0.28992134818515547,-0.34025884474167073,-0.624385593407752,-0.19773600093647767,-0.3464838893344493,9
0.8059917644104178,0.8637892611272914,-0.3124452392570865,-0.4358431993698036,-0.5028490259085154,-0.6772519277744693,-0.9499400597599089,-0.06768974434224129,-0.11270349826842091,-0.6067740328895754,-0.28992134818515547,-0.34025884474167073,1.601574428619071,5.057248023951126,-0.3464838893344493,4
-0.8571959470906089,-0.8897829194482517,-0.3124452392570865,-0.4358431993698036,-0.5028490259085154,-0.6772519277744693,-0.9499400597599089,-0.06768974434224129,-0.11270349826842091,-0.6067740328895754,3.449211333555746,-0.34025884474167073,-0.624385593407752,-0.19773600093647767,-0.3464838893344493,6
0.8059917644104178,-0.8897829194482517,-0.3124452392570865,-0.4358431993698036,1.9886684640449763,-0.6772519277744693,1.0526979989166299,-0.06768974434224129,-0.11270349826842091,-0.6067740328895754,-0.28992134818515547,-0.34025884474167073,-0.624385593407752,-0.19773600093647767,-0.3464838893344493,8
2.4691794759114445,0.8637892611272914,-0.3124452392570865,-0.4358431993698036,-0.5028490259085154,-0.6772519277744693,-0.9499400597599089,-0.06768974434224129,-0.11270349826842091,-0.6067740328895754,-0.28992134818515547,-0.34025884474167073,-0.624385593407752,-0.19773600093647767,-0.3464838893344493,5
0.8059917644104178,-0.8897829194482517,-0.3124452392570865,-0.4358431993698036,-0.5028490259085154,1.251156970466471,-0.9499400597599089,-0.06768974434224129,-0.11270349826842091,-0.6067740328895754,-0.28992134818515547,-0.34025884474167073,-0.624385593407752,-0.19773600093647767,2.8861370781795084,4
0.8059917644104178,-0.8897829194482517,-0.3124452392570865,2.2944031281110373,-0.5028490259085154,1.251156970466471,1.0526979989166299,-0.06768974434224129,-0.11270349826842091,-0.6067740328895754,-0.28992134818515547,-0.34025884474167073,-0.624385593407752,-0.19773600093647767,-0.3464838893344493,6
0.8059917644104178,0.8637892611272914,-0.3124452392570865,-0.4358431993698036,-0.5028490259085154,-0.6772519277744693,1.0526979989166299,-0.06768974434224129,-0.11270349826842091,1.64805997916194,-0.28992134818515547,-0.34025884474167073,1.601574428619071,-0.19773600093647767,-0.3464838893344493,6
-0.8571959470906089,-0.8897829194482517,-0.3124452392570865,2.2944031281110373,1.9886684640449763,1.251156970466471,1.0526979989166299,-0.06768974434224129,-0.11270349826842091,-0.6067740328895754,-0.28992134818515547,-0.34025884474167073,-0.624385593407752,-0.19773600093647767,-0.3464838893344493,7
0.8059917644104178,0.8637892611272914,-0.3124452392570865,-0.4358431993698036,-0.5028490259085154,1.251156970466471,-0.9499400597599089,-0.06768974434224129,-0.11270349826842091,-0.6067740328895754,-0.28992134818515547,-0.34025884474167073,-0.624385593407752,-0.19773600093647767,-0.3464838893344493,4
-0.8571959470906089,-0.8897829194482517,-0.3124452392570865,2.2944031281110373,-0.5028490259085154,-0.6772519277744693,1.0526979989166299,-0.06768974434224129,8.872839045495683,-0.6067740328895754,-0.28992134818515547,-0.34025884474167073,-0.624385593407752,-0.19773600093647767,-0.3464838893344493,6
-0.8571959470906089,-0.8897829194482517,-0.3124452392570865,-0.4358431993698036,1.9886684640449763,-0.6772519277744693,1.0526979989166299,-0.06768974434224129,-0.11270349826842091,-0.6067740328895754,3.449211333555746,-0.34025884474167073,-0.624385593407752,-0.19773600093647767,-0.3464838893344493,7
-0.8571959470906089,-0.8897829194482517,3.200560848287335,-0.4358431993698036,-0.5028490259085154,-0.6772519277744693,-0.9499400597599089,-0.06768974434224129,-0.11270349826842091,-0.6067740328895754,3.449211333555746,-0.34025884474167073,-0.624385593407752,-0.19773600093647767,-0.3464838893344493,7
-0.8571959470906089,-0.8897829194482517,-0.3124452392570865,2.2944031281110373,-0.5028490259085154,-0.6772519277744693,1.0526979989166299,-0.06768974434224129,-0.11270349826842091,-0.6067740328895754,-0.28992134818515547,-0.34025884474167073,1.601574428619071,-0.19773600093647767,-0.3464838893344493,8
-0.8571959470906089,-0.8897829194482517,-0.3124452392570865,-0.4358431993698036,-0.5028490259085154,-0.6772519277744693,1.0526979989166299,-0.06768974434224129,-0.11270349826842091,-0.6067740328895754,-0.28992134818515547,-0.34025884474167073,1.601574428619071,-0.19773600093647767,2.8861370781795084,7
0.8059917644104178,-0.8897829194482517,-0.3124452392570865,2.2944031281110373,-0.5028490259085154,-0.6772519277744693,-0.9499400597599089,-0.06768974434224129,-0.11270349826842091,-0.6067740328895754,-0.28992134818515547,-0.34025884474167073,1.601574428619071,-0.19773600093647767,-0.3464838893344493,5
-0.8571959470906089,0.8637892611272914,-0.3124452392570865,-0.4358431993698036,-0.5028490259085154,-0.6772519277744693,1.0526979989166299,-0.06768974434224129,-0.11270349826842091,-0.6067740328895754,-0.28992134818515547,-0.34025884474167073,-0.624385593407752,-0.19773600093647767,2.8861370781795084,8
-0.8571959470906089,-0.8897829194482517,-0.3124452392570865,-0.4358431993698036,-0.5028490259085154,-0.6772519277744693,1.0526979989166299,-0.06768974434224129,-0.11270349826842091,-0.6067740328895754,-0.28992134818515547,-0.34025884474167073,1.601574428619071,-0.19773600093647767,-0.3464838893344493,7
-0.8571959470906089,0.8637892611272914,-0.3124452392570865,-0.4358431993698036,-0.5028490259085154,-0.6772519277744693,-0.9499400597599089,-0.06768974434224129,-0.11270349826842091,1.64805997916194,-0.28992134818515547,-0.34025884474167073,1.601574428619071,-0.19773600093647767,-0.3464838893344493,5
-0.8571959470906089,-0.8897829194482517,3.200560848287335,-0.4358431993698036,-0.5028490259085154,-0.6772519277744693,-0.9499400597599089,-0.06768974434224129,-0.11270349826842091,-0.6067740328895754,-0.28992134818515547,-0.34025884474167073,-0.624385593407752,-0.19773600093647767,2.8861370781795084,7
0.8059917644104178,-0.8897829194482517,-0.3124452392570865,-0.4358431993698036,-0.5028490259085154,1.251156970466471,-0.9499400597599089,-0.06768974434224129,-0.11270349826842091,-0.6067740328895754,-0.28992134818515547,-0.34025884474167073,-0.624385593407752,-0.19773600093647767,2.8861370781795084,6
0.8059917644104178,0.8637892611272914,-0.3124452392570865,-0.4358431993698036,-0.5028490259085154,3.1795658687074115,-0.9499400597599089,-0.06768974434224129,-0.11270349826842091,-0.6067740328895754,-0.28992134818515547,-0.34025884474167073,-0.624385593407752,-0.19773600093647767,-0.3464838893344493,4
0.8059917644104178,0.8637892611272914,-0.3124452392570865,-0.4358431993698036,-0.5028490259085154,-0.6772519277744693,-0.9499400597599089,-0.06768974434224129,-0.11270349826842091,1.64805997916194,-0.28992134818515547,2.938939032603881,-0.624385593407752,-0.19773600093647767,-0.3464838893344493,3
-0.8571959470906089,0.8637892611272914,-0.3124452392570865,2.2944031281110373,-0.5028490259085154,-0.6772519277744693,1.0526979989166299,-0.06768974434224129,-0.11270349826842091,1.64805997916194,-0.28992134818515547,-0.34025884474167073,-0.624385593407752,-0.19773600093647767,-0.3464838893344493,7
0.8059917644104178,-0.8897829194482517,-0.3124452392570865,-0.4358431993698036,1.9886684640449763,-0.6772519277744693,1.0526979989166299,-0.06768974434224129,-0.11270349826842091,-0.6067740328895754,-0.28992134818515547,-0.34025884474167073,-0.624385593407752,-0.19773600093647767,-0.3464838893344493,6
-0.8571959470906089,-0.8897829194482517,-0.3124452392570865,-0.4358431993698036,-0.5028490259085154,-0.6772519277744693,-0.9499400597599089,-0.06768974434224129,-0.11270349826842091,-0.6067740328895754,3.449211333555746,-0.34025884474167073,-0.624385593407752,-0.19773600093647767,2.8861370781795084,8
-0.8571959470906089,0.8637892611272914,-0.3124452392570865,-0.4358431993698036,-0.5028490259085154,-0.6772519277744693,-0.9499400597599089,-0.06768974434224129,-0.11270349826842091,-0.6067740328895754,-0.28992134818515547,-0.34025884474167073,-0.624385593407752,5.057248023951126,-0.3464838893344493,7
-0.8571959470906089,0.8637892611272914,-0.3124452392570865,-0.4358431993698036,-0.5028490259085154,1.251156970466471,-0.9499400597599089,-0.06768974434224129,-0.11270349826842091,-0.6067740328895754,-0.28992134818515547,2.938939032603881,1.601574428619071,-0.19773600093647767,-0.3464838893344493,6
0.8059917644104178,-0.8897829194482517,-0.3124452392570865,-0.4358431993698036,-0.5028490259085154,1.251156970466471,-0.9499400597599089,-0.06768974434224129,-0.11270349826842091,-0.6067740328895754,3.449211333555746,-0.34025884474167073,-0.624385593407752,-0.19773600093647767,2.8861370781795084,8
-0.8571959470906089,0.8637892611272914,-0.3124452392570865,-0.4358431993698036,-0.5028490259085154,-0.6772519277744693,1.0526979989166299,-0.06768974434224129,-0.11270349826842091,1.64805997916194,-0.28992134818515547,2.938939032603881,1.601574428619071,-0.19773600093647767,-0.3464838893344493,7
-0.8571959470906089,0.8637892611272914,-0.3124452392570865,-0.4358431993698036,-0.5028490259085154,1.251156970466471,-0.9499400597599089,-0.06768974434224129,-0.11270349826842091,1.64805997916194,-0.28992134818515547,-0.34025884474167073,-0.624385593407752,-0.19773600093647767,-0.3464838893344493,5
-0.8571959470906089,0.8637892611272914,3.200560848287335,-0.4358431993698036,-0.5028490259085154,-0.6772519277744693,1.0526979989166299,-0.06768974434224129,-0.11270349826842091,-0.6067740328895754,-0.28992134818515547,-0.34025884474167073,-0.624385593407752,-0.19773600093647767,-0.3464838893344493,8
0.8059917644104178,0.8637892611272914,-0.3124452392570865,-0.4358431993698036,-0.5028490259085154,1.251156970466471,-0.9499400597599089,-0.06768974434224129,-0.11270349826842091,1.64805997916194,-0.28992134818515547,-0.34025884474167073,-0.624385593407752,-0.19773600093647767,2.8861370781795084,3
-0.8571959470906089,-0.8897829194482517,-0.3124452392570865,2.2944031281110373,-0.5028490259085154,-0.6772519277744693,-0.9499400597599089,-0.06768974434224129,-0.11270349826842091,-0.6067740328895754,-0.28992134818515547,-0.34025884474167073,-0.624385593407752,-0.19773600093647767,-0.3464838893344493,6
-0.8571959470906089,0.8637892611272914,-0.3124452392570865,-0.4358431993698036,-0.5028490259085154,-0.6772519277744693,-0.9499400597599089,-0.06768974434224129,-0.11270349826842091,-0.6067740328895754,-0.28992134818515547,2.938939032603881,1.601574428619071,-0.19773600093647767,-0.3464838893344493,6
0.8059917644104178,-0.8897829194482517,-0.3124452392570865,-0.4358431993698036,-0.5028490259085154,1.251156970466471,1.0526979989166299,-0.06768974434224129,-0.11270349826842091,-0.6067740328895754,-0.28992134818515547,2.938939032603881,1.601574428619071,-0.19773600093647767,-0.3464838893344493,3
0.8059917644104178,0.8637892611272914,-0.3124452392570865,-0.4358431993698036,-0.5028490259085154,1.251156970466471,-0.9499400597599089,-0.06768974434224129,-0.11270349826842091,-0.6067740328895754,-0.28992134818515547,-0.34025884474167073,-0.624385593407752,-0.19773600093647767,-0.3464838893344493,5
-0.8571959470906089,-0.8897829194482517,-0.3124452392570865,-0.4358431993698036,-0.5028490259085154,-0.6772519277744693,1.0526979989166299,-0.06768974434224129,-0.11270349826842091,-0.6067740328895754,-0.28992134818515547,-0.34025884474167073,-0.624385593407752,-0.19773600093647767,-0.3464838893344493,8
-0.8571959470906089,-0.8897829194482517,-0.3124452392570865,-0.4358431993698036,-0.5028490259085154,-0.6772519277744693,1.0526979989166299,-0.06768974434224129,-0.11270349826842091,-0.6067740328895754,-0.28992134818515547,-0.34025884474167073,-0.624385593407752,-0.19773600093647767,2.8861370781795084,6
2.4691794759114445,0.8637892611272914,-0.3124452392570865,-0.4358431993698036,-0.5028490259085154,1.251156970466471,-0.9499400597599089,-0.06768974434224129,-0.11270349826842091,1.64805997916194,-0.28992134818515547,-0.34025884474167073,-0.624385593407752,-0.19773600093647767,-0.3464838893344493,6
-0.8571959470906089,-0.8897829194482517,-0.3124452392570865,-0.4358431993698036,1.9886684640449763,-0.6772519277744693,1.0526979989166299,-0.06768974434224129,8.872839045495683,-0.6067740328895754,-0.28992134818515547,-0.34025884474167073,-0.624385593407752,-0.19773600093647767,-0.3464838893344493,8
-0.8571959470906089,-0.8897829194482517,-0.3124452392570865,2.2944031281110373,-0.5028490259085154,1.251156970466471,-0.9499400597599089,-0.06768974434224129,-0.11270349826842091,-0.6067740328895754,-0.28992134818515547,-0.34025884474167073,1.601574428619071,-0.19773600093647767,-0.3464838893344493,6
-0.8571959470906089,-0.8897829194482517,-0.3124452392570865,-0.4358431993698036,-0.5028490259085154,1.251156970466471,1.0526979989166299,-0.06768974434224129,-0.11270349826842091,-0.6067740328895754,-0.28992134818515547,-0.34025884474167073,-0.624385593407752,-0.19773600093647767,2.8861370781795084,7
0.8059917644104178,-0.8897829194482517,-0.3124452392570865,-0.4358431993698036,-0.5028490259085154,1.251156970466471,1.0526979989166299,-0.06768974434224129,-0.11270349826842091,-0.6067740328895754,-0.28992134818515547,-0.34025884474167073,1.601574428619071,-0.19773600093647767,-0.3464838893344493,7
-0.8571959470906089,-0.8897829194482517,3.200560848287335,-0.4358431993698036,-0.5028490259085154,-0.6772519277744693,-0.9499400597599089,-0.06768974434224129,-0.11270349826842091,-0.6067740328895754,3.449211333555746,-0.34025884474167073,-0.624385593407752,-0.19773600093647767,-0.3464838893344493,7
-0.8571959470906089,-0.8897829194482517,-0.3124452392570865,2.2944031281110373,-0.5028490259085154,-0.6772519277744693,1.0526979989166299,-0.06768974434224129,-0.11270349826842091,-0.6067740328895754,-0.28992134818515547,-0.34025884474167073,-0.624385593407752,-0.19773600093647767,-0.3464838893344493,6
-0.8571959470906089,0.8637892611272914,-0.3124452392570865,-0.4358431993698036,-0.5028490259085154,1.251156970466471,-0.9499400597599089,-0.06768974434224129,-0.11270349826842091,1.64805997916194,-0.28992134818515547,2.938939032603881,-0.624385593407752,-0.19773600093647767,-0.3464838893344493,7
0.8059917644104178,0.8637892611272914,-0.3124452392570865,-0.4358431993698036,-0.5028490259085154,1.251156970466471,-0.9499400597599089,-0.06768974434224129,-0.11270349826842091,1.64805997916194,-0.28992134818515547,-0.34025884474167073,-0.624385593407752,-0.19773600093647767,-0.3464838893344493,4
-0.8571959470906089,-0.8897829194482517,-0.3124452392570865,-0.4358431993698036,-0.5028490259085154,1.251156970466471,-0.9499400597599089,-0.06768974434224129,-0.11270349826842091,-0.6067740328895754,-0.28992134818515547,-0.34025884474167073,1.601574428619071,-0.19773600093647767,-0.3464838893344493,7
-0.8571959470906089,-0.8897829194482517,-0.3124452392570865,2.2944031281110373,1.9886684640449763,-0.6772519277744693,1.0526979989166299,-0.06768974434224129,-0.11270349826842091,-0.6067740328895754,-0.28992134818515547,-0.34025884474167073,1.601574428619071,-0.19773600093647767,-0.3464838893344493,9
-0.8571959470906089,0.8637892611272914,-0.3124452392570865,-0.4358431993698036,-0.5028490259085154,-0.6772519277744693,1.0526979989166299,-0.06768974434224129,-0.11270349826842091,1.64805997916194,-0.28992134818515547,-0.34025884474167073,1.601574428619071,-0.19773600093647767,-0.3464838893344493,4
-0.8571959470906089,-0.8897829194482517,-0.3124452392570865,-0.4358431993698036,-0.5028490259085154,-0.6772519277744693,-0.9499400597599089,-0.06768974434224129,-0.11270349826842091,-0.6067740328895754,-0.28992134818515547,2.938939032603881,1.601574428619071,-0.19773600093647767,-0.3464838893344493,7
0.8059917644104178,-0.8897829194482517,-0.3124452392570865,-0.4358431993698036,1.9886684640449763,-0.6772519277744693,1.0526979989166299,-0.06768974434224129,-0.11270349826842091,1.64805997916194,-0.28992134818515547,-0.34025884474167073,-0.624385593407752,-0.19773600093647767,-0.3464838893344493,7
2.4691794759114445,0.8637892611272914,-0.3124452392570865,-0.4358431993698036,-0.5028490259085154,1.251156970466471,-0.9499400597599089,-0.06768974434224129,-0.11270349826842091,-0.6067740328895754,-0.28992134818515547,-0.34025884474167073,1.601574428619071,-0.19773600093647767,-0.3464838893344493,3
0.8059917644104178,0.8637892611272914,-0.3124452392570865,-0.4358431993698036,-0.5028490259085154,-0.6772519277744693,-0.9499400597599089,-0.06768974434224129,-0.11270349826842091,-0.6067740328895754,-0.28992134818515547,-0.34025884474167073,-0.624385593407752,-0.19773600093647767,-0.3464838893344493,5
0.8059917644104178,0.8637892611272914,-0.3124452392570865,-0.4358431993698036,-0.5028490259085154,-0.6772519277744693,-0.9499400597599089,-0.06768974434224129,-0.11270349826842091,1.64805997916194,-0.28992134818515547,-0.34025884474167073,1.601574428619071,-0.19773600093647767,2.8861370781795084,6
0.8059917644104178,0.8637892611272914,-0.3124452392570865,-0.4358431993698036,1.9886684640449763,1.251156970466471,-0.9499400597599089,-0.06768974434224129,-0.11270349826842091,1.64805997916194,-0.28992134818515547,-0.34025884474167073,-0.624385593407752,-0.19773600093647767,-0.3464838893344493,6
-0.8571959470906089,-0.8897829194482517,-0.3124452392570865,-0.4358431993698036,-0.5028490259085154,-0.6772519277744693,1.0526979989166299,-0.06768974434224129,-0.11270349826842091,-0.6067740328895754,-0.28992134818515547,-0.34025884474167073,-0.624385593407752,-0.19773600093647767,2.8861370781795084,8
-0.8571959470906089,2.6173614417028346,-0.3124452392570865,-0.4358431993698036,-0.5028490259085154,1.251156970466471,-0.9499400597599089,-0.06768974434224129,-0.11270349826842091,1.64805997916194,-0.28992134818515547,-0.34025884474167073,-0.624385593407752,-0.19773600093647767,-0.3464838893344493,3
-0.8571959470906089,0.8637892611272914,-0.3124452392570865,-0.4358431993698036,-0.5028490259085154,1.251156970466471,-0.9499400597599089,-0.06768974434224129,-0.11270349826842091,1.64805997916194,-0.28992134818515547,-0.34025884474167073,1.601574428619071,-0.19773600093647767,-0.3464838893344493,6
0.8059917644104178,0.8637892611272914,-0.3124452392570865,-0.4358431993698036,-0.5028490259085154,3.1795658687074115,1.0526979989166299,-0.06768974434224129,-0.11270349826842091,1.64805997916194,-0.28992134818515547,-0.34025884474167073,-0.624385593407752,-0.19773600093647767,-0.3464838893344493,4
-0.8571959470906089,0.8637892611272914,-0.3124452392570865,-0.4358431993698036,-0.5028490259085154,1.251156970466471,-0.9499400597599089,-0.06768974434224129,-0.11270349826842091,1.64805997916194,-0.28992134818515547,-0.34025884474167073,-0.624385593407752,-0.19773600093647767,-0.3464838893344493,7
-0.8571959470906089,-0.8897829194482517,-0.3124452392570865,-0.4358431993698036,-0.5028490259085154,-0.6772519277744693,1.0526979989166299,-0.06768974434224129,-0.11270349826842091,-0.6067740328895754,-0.28992134818515547,-0.34025884474167073,-0.624385593407752,-0.19773600093647767,-0.3464838893344493,6
-0.8571959470906089,0.8637892611272914,-0.3124452392570865,-0.4358431993698036,-0.5028490259085154,-0.6772519277744693,1.0526979989166299,-0.06768974434224129,-0.11270349826842091,1.64805997916194,3.449211333555746,-0.34025884474167073,-0.624385593407752,-0.19773600093647767,-0.3464838893344493,6
-0.8571959470906089,0.8637892611272914,-0.3124452392570865,2.2944031281110373,-0.5028490259085154,-0.6772519277744693,-0.9499400597599089,-0.06768974434224129,-0.11270349826842091,-0.6067740328895754,-0.28992134818515547,-0.34025884474167073,-0.624385593407752,-0.19773600093647767,-0.3464838893344493,7
-0.8571959470906089,0.8637892611272914,-0.3124452392570865,-0.4358431993698036,-0.5028490259085154,-0.6772519277744693,1.0526979989166299,-0.06768974434224129,-0.11270349826842091,-0.6067740328895754,-0.28992134818515547,2.938939032603881,1.601574428619071,-0.19773600093647767,-0.3464838893344493,7
-0.8571959470906089,0.8637892611272914,-0.3124452392570865,-0.4358431993698036,-0.5028490259085154,-0.6772519277744693,1.0526979989166299,-0.06768974434224129,-0.11270349826842091,1.64805997916194,-0.28992134818515547,-0.34025884474167073,1.601574428619071,-0.19773600093647767,-0.3464838893344493,5
0.8059917644104178,-0.8897829194482517,3.200560848287335,2.2944031281110373,-0.5028490259085154,-0.6772519277744693,-0.9499400597599089,-0.06768974434224129,-0.11270349826842091,-0.6067740328895754,-0.28992134818515547,-0.34025884474167073,-0.624385593407752,-0.19773600093647767,-0.3464838893344493,8
-0.8571959470906089,-0.8897829194482517,-0.3124452392570865,-0.4358431993698036,1.9886684640449763,-0.6772519277744693,1.0526979989166299,-0.06768974434224129,-0.11270349826842091,-0.6067740328895754,-0.28992134818515547,-0.34025884474167073,-0.624385593407752,-0.19773600093647767,-0.3464838893344493,8
0.8059917644104178,0.8637892611272914,-0.3124452392570865,-0.4358431993698036,-0.5028490259085154,-0.6772519277744693,-0.9499400597599089,-0.06768974434224129,-0.11270349826842091,1.64805997916194,-0.28992134818515547,-0.34025884474167073,1.601574428619071,5.057248023951126,-0.3464838893344493,3
0.8059917644104178,-0.8897829194482517,-0.3124452392570865,-0.4358431993698036,-0.5028490259085154,1.251156970466471,-0.9499400597599089,-0.06768974434224129,-0.11270349826842091,-0.6067740328895754,-0.28992134818515547,-0.34025884474167073,-0.624385593407752,-0.19773600093647767,-0.3464838893344493,5
0.8059917644104178,0.8637892611272914,-0.3124452392570865,-0.4358431993698036,-0.5028490259085154,1.251156970466471,-0.9499400597599089,14.77328670269416,-0.11270349826842091,-0.6067740328895754,-0.28992134818515547,-0.34025884474167073,-0.624385593407752,-0.19773600093647767,-0.3464838893344493,6
-0.8571959470906089,0.8637892611272914,-0.3124452392570865,-0.4358431993698036,-0.5028490259085154,1.251156970466471,1.0526979989166299,-0.06768974434224129,-0.11270349826842091,-0.6067740328895754,-0.28992134818515547,-0.34025884474167073,-0.624385593407752,-0.19773600093647767,2.8861370781795084,4
-0.8571959470906089,0.8637892611272914,-0.3124452392570865,-0.4358431993698036,-0.5028490259085154,-0.6772519277744693,-0.9499400597599089,-0.06768974434224129,-0.11270349826842091,1.64805997916194,-0.28992134818515547,-0.34025884474167073,1.601574428619071,-0.19773600093647767,-0.3464838893344493,5
2.4691794759114445,-0.8897829194482517,-0.3124452392570865,-0.4358431993698036,-0.5028490259085154,-0.6772519277744693,-0.9499400597599089,-0.06768974434224129,-0.11270349826842091,-0.6067740328895754,-0.28992134818515547,-0.34025884474167073,-0.624385593407752,-0.19773600093647767,2.8861370781795084,6
-0.8571959470906089,0.8637892611272914,-0.3124452392570865,2.2944031281110373,1.9886684640449763,-0.6772519277744693,1.0526979989166299,-0.06768974434224129,-0.11270349826842091,-0.6067740328895754,-0.28992134818515547,-0.34025884474167073,1.601574428619071,-0.19773600093647767,-0.3464838893344493,7
-0.8571959470906089,-0.8897829194482517,-0.3124452392570865,-0.4358431993698036,-0.5028490259085154,-0.6772519277744693,-0.9499400597599089,-0.06768974434224129,-0.11270349826842091,-0.6067740328895754,-0.28992134818515547,2.938939032603881,-0.624385593407752,-0.19773600093647767,-0.3464838893344493,7
-0.8571959470906089,-0.8897829194482517,3.200560848287335,-0.4358431993698036,-0.5028490259085154,-0.6772519277744693,-0.9499400597599089,-0.06768974434224129,-0.11270349826842091,-0.6067740328895754,-0.28992134818515547,-0.34025884474167073,-0.624385593407752,-0.19773600093647767,-0.3464838893344493,6
0.8059917644104178,-0.8897829194482517,-0.3124452392570865,2.2944031281110373,1.9886684640449763,1.251156970466471,-0.9499400597599089,-0.06768974434224129,-0.11270349826842091,-0.6067740328895754,-0.28992134818515547,-0.34025884474167073,-0.624385593407752,-0.19773600093647767,-0.3464838893344493,7
0.8059917644104178,-0.8897829194482517,-0.3124452392570865,-0.4358431993698036,-0.5028490259085154,-0.6772519277744693,1.0526979989166299,-0.06768974434224129,-0.11270349826842091,-0.6067740328895754,-0.28992134818515547,2.938939032603881,1.601574428619071,-0.19773600093647767,-0.3464838893344493,6
-0.8571959470906089,-0.8897829194482517,-0.3124452392570865,2.2944031281110373,-0.5028490259085154,1.251156970466471,1.0526979989166299,-0.06768974434224129,-0.11270349826842091,-0.6067740328895754,-0.28992134818515547,-0.34025884474167073,-0.624385593407752,-0.19773600093647767,-0.3464838893344493,7
-0.8571959470906089,-0.8897829194482517,-0.3124452392570865,2.2944031281110373,-0.5028490259085154,-0.6772519277744693,1.0526979989166299,-0.06768974434224129,-0.11270349826842091,1.64805997916194,-0.28992134818515547,-0.34025884474167073,-0.624385593407752,-0.19773600093647767,-0.3464838893344493,5
-0.8571959470906089,-0.8897829194482517,-0.3124452392570865,-0.4358431993698036,-0.5028490259085154,1.251156970466471,1.0526979989166299,-0.06768974434224129,-0.11270349826842091,-0.6067740328895754,-0.28992134818515547,-0.34025884474167073,-0.624385593407752,-0.19773600093647767,-0.3464838893344493,7
-0.8571959470906089,0.8637892611272914,-0.3124452392570865,-0.4358431993698036,-0.5028490259085154,-0.6772519277744693,-0.9499400597599089,-0.06768974434224129,-0.11270349826842091,1.64805997916194,-0.28992134818515547,-0.34025884474167073,-0.624385593407752,-0.19773600093647767,-0.3464838893344493,6
0.8059917644104178,-0.8897829194482517,-0.3124452392570865,-0.4358431993698036,-0.5028490259085154,-0.6772519277744693,1.0526979989166299,-0.06768974434224129,-0.11270349826842091,-0.6067740328895754,-0.28992134818515547,-0.34025884474167073,-0.624385593407752,-0.19773600093647767,-0.3464838893344493,7
-0.8571959470906089,-0.8897829194482517,-0.3124452392570865,-0.4358431993698036,-0.5028490259085154,1.251156970466471,1.0526979989166299,-0.06768974434224129,-0.11270349826842091,-0.6067740328895754,-0.28992134818515547,2.938939032603881,-0.624385593407752,-0.19773600093647767,-0.3464838893344493,7
0.8059917644104178,0.8637892611272914,-0.3124452392570865,-0.4358431993698036,-0.5028490259085154,3.1795658687074115,-0.9499400597599089,-0.06768974434224129,-0.11270349826842091,-0.6067740328895754,-0.28992134818515547,-0.34025884474167073,-0.624385593407752,-0.19773600093647767,-0.3464838893344493,4
0.8059917644104178,-0.8897829194482517,-0.3124452392570865,-0.4358431993698036,-0.5028490259085154,-0.6772519277744693,1.0526979989166299,-0.06768974434224129,-0.11270349826842091,-0.6067740328895754,-0.28992134818515547,-0.34025884474167073,1.601574428619071,-0.19773600093647767,-0.3464838893344493,6
-0.8571959470906089,-0.8897829194482517,-0.3124452392570865,-0.4358431993698036,-0.5028490259085154,-0.6772519277744693,-0.9499400597599089,-0.06768974434224129,-0.11270349826842091,-0.6067740328895754,-0.28992134818515547,-0.34025884474167073,-0.624385593407752,5.057248023951126,-0.3464838893344493,8
-0.8571959470906089,-0.8897829194482517,-0.3124452392570865,-0.4358431993698036,-0.5028490259085154,-0.6772519277744693,1.0526979989166299,-0.06768974434224129,-0.11270349826842091,-0.6067740328895754,-0.28992134818515547,-0.34025884474167073,1.601574428619071,-0.19773600093647767,-0.3464838893344493,5
2.4691794759114445,-0.8897829194482517,-0.3124452392570865,-0.4358431993698036,-0.5028490259085154,-0.6772519277744693,-0.9499400597599089,-0.06768974434224129,-0.11270349826842091,-0.6067740328895754,-0.28992134818515547,-0.34025884474167073,1.601574428619071,-0.19773600093647767,-0.3464838893344493,4
-0.8571959470906089,-0.8897829194482517,-0.3124452392570865,2.2944031281110373,-0.5028490259085154,-0.6772519277744693,1.0526979989166299,-0.06768974434224129,-0.11270349826842091,-0.6067740328895754,-0.28992134818515547,-0.34025884474167073,1.601574428619071,-0.19773600093647767,-0.3464838893344493,6
0.8059917644104178,0.8637892611272914,-0.3124452392570865,-0.4358431993698036,-0.5028490259085154,-0.6772519277744693,-0.9499400597599089,-0.06768974434224129,-0.11270349826842091,1.64805997916194,-0.28992134818515547,-0.34025884474167073,-0.624385593407752,-0.19773600093647767,2.8861370781795084,6
0.8059917644104178,-0.8897829194482517,-0.3124452392570865,-0.4358431993698036,-0.5028490259085154,1.251156970466471,-0.9499400597599089,-0.06768974434224129,-0.11270349826842091,-0.6067740328895754,3.449211333555746,-0.34025884474167073,1.601574428619071,-0.19773600093647767,-0.3464838893344493,7
0.8059917644104178,2.6173614417028346,-0.3124452392570865,-0.4358431993698036,-0.5028490259085154,1.251156970466471,1.0526979989166299,-0.06768974434224129,-0.11270349826842091,-0.6067740328895754,-0.28992134818515547,-0.34025884474167073,1.601574428619071,-0.19773600093647767,-0.3464838893344493,4
-0.8571959470906089,0.8637892611272914,-0.3124452392570865,-0.4358431993698036,-0.5028490259085154,1.251156970466471,1.0526979989166299,-0.06768974434224129,-0.11270349826842091,-0.6067740328895754,-0.28992134818515547,-0.34025884474167073,-0.624385593407752,-0.19773600093647767,-0.3464838893344493,7
-0.8571959470906089,-0.8897829194482517,-0.3124452392570865,-0.4358431993698036,1.9886684640449763,-0.6772519277744693,1.0526979989166299,-0.06768974434224129,-0.11270349826842091,-0.6067740328895754,-0.28992134818515547,-0.34025884474167073,1.601574428619071,-0.19773600093647767,-0.3464838893344493,8
0.8059917644104178,-0.8897829194482517,-0.3124452392570865,-0.4358431993698036,-0.5028490259085154,-0.6772519277744693,-0.9499400597599089,-0.06768974434224129,-0.11270349826842091,1.64805997916194,-0.28992134818515547,-0.34025884474167073,1.601574428619071,-0.19773600093647767,-0.3464838893344493,5
2.4691794759114445,-0.8897829194482517,-0.3124452392570865,-0.4358431993698036,-0.5028490259085154,1.251156970466471,1.0526979989166299,-0.06768974434224129,-0.11270349826842091,-0.6067740328895754,-0.28992134818515547,-0.34025884474167073,-0.624385593407752,-0.19773600093647767,-0.3464838893344493,3
-0.8571959470906089,0.8637892611272914,-0.3124452392570865,-0.4358431993698036,-0.5028490259085154,-0.6772519277744693,1.0526979989166299,-0.06768974434224129,-0.11270349826842091,-0.6067740328895754,3.449211333555746,-0.34025884474167073,-0.624385593407752,-0.19773600093647767,-0.3464838893344493,6
0.8059917644104178,0.8637892611272914,-0.3124452392570865,-0.4358431993698036,-0.5028490259085154,1.251156970466471,-0.9499400597599089,14.77328670269416,-0.11270349826842091,-0.6067740328895754,-0.28992134818515547,-0.34025884474167073,-0.624385593407752,-0.19773600093647767,-0.3464838893344493,4
0.8059917644104178,0.8637892611272914,-0.3124452392570865,-0.4358431993698036,-0.5028490259085154,1.251156970466471,-0.9499400597599089,-0.06768974434224129,-0.11270349826842091,1.64805997916194,3.449211333555746,-0.34025884474167073,-0.624385593407752,-0.19773600093647767,-0.3464838893344493,7
-0.8571959470906089,-0.8897829194482517,-0.3124452392570865,-0.4358431993698036,-0.5028490259085154,-0.6772519277744693,-0.9499400597599089,-0.06768974434224129,-0.11270349826842091,-0.6067740328895754,-0.28992134818515547,-0.34025884474167073,-0.624385593407752,-0.19773600093647767,2.8861370781795084,5
2.4691794759114445,-0.8897829194482517,-0.3124452392570865,-0.4358431993698036,-0.5028490259085154,3.1795658687074115,-0.9499400597599089,-0.06768974434224129,-0.11270349826842091,-0.6067740328895754,-0.28992134818515547,-0.34025884474167073,-0.624385593407752,-0.19773600093647767,-0.3464838893344493,3
-0.8571959470906089,-0.8897829194482517,-0.3124452392570865,-0.4358431993698036,-0.5028490259085154,-0.6772519277744693,1.0526979989166299,-0.06768974434224129,-0.11270349826842091,-0.6067740328895754,-0.28992134818515547,-0.34025884474167073,-0.624385593407752,-0.19773600093647767,-0.3464838893344493,8
-0.8571959470906089,-0.8897829194482517,3.200560848287335,-0.4358431993698036,1.9886684640449763,-0.6772519277744693,1.0526979989166299,-0.06768974434224129,-0.11270349826842091,-0.6067740328895754,-0.28992134818515547,-0.34025884474167073,-0.624385593407752,-0.19773600093647767,-0.3464838893344493,7
-0.8571959470906089,-0.8897829194482517,3.200560848287335,2.2944031281110373,1.9886684640449763,-0.6772519277744693,1.0526979989166299,-0.06768974434224129,-0.11270349826842091,-0.6067740328895754,-0.28992134818515547,-0.34025884474167073,-0.624385593407752,-0.19773600093647767,-0.3464838893344493,8
2.4691794759114445,0.8637892611272914,-0.3124452392570865,-0.4358431993698036,-0.5028490259085154,1.251156970466471,-0.9499400597599089,-0.06768974434224129,-0.11270349826842091,-0.6067740328895754,-0.28992134818515547,-0.34025884474167073,-0.624385593407752,-0.19773600093647767,-0.3464838893344493,3
0.8059917644104178,-0.8897829194482517,-0.3124452392570865,-0.4358431993698036,-0.5028490259085154,-0.6772519277744693,-0.9499400597599089,-0.06768974434224129,-0.11270349826842091,-0.6067740328895754,-0.28992134818515547,-0.34025884474167073,-0.624385593407752,-0.19773600093647767,-0.3464838893344493,5
-0.8571959470906089,-0.8897829194482517,-0.3124452392570865,-0.4358431993698036,-0.5028490259085154,-0.6772519277744693,1.0526979989166299,-0.06768974434224129,-0.11270349826842091,-0.6067740328895754,-0.28992134818515547,2.938939032603881,-0.624385593407752,-0.19773600093647767,-0.3464838893344493,5
0.8059917644104178,0.8637892611272914,-0.3124452392570865,-0.4358431993698036,-0.5028490259085154,-0.6772519277744693,-0.9499400597599089,-0.06768974434224129,-0.11270349826842091,1.64805997916194,-0.28992134818515547,-0.34025884474167073,-0.624385593407752,-0.19773600093647767,-0.3464838893344493,4
0.8059917644104178,-0.8897829194482517,-0.3124452392570865,-0.4358431993698036,-0.5028490259085154,-0.6772519277744693,-0.9499400597599089,-0.06768974434224129,-0.11270349826842091,-0.6067740328895754,-0.28992134818515547,2.938939032603881,-0.624385593407752,-0.19773600093647767,-0.3464838893344493,7
0.8059917644104178,-0.8897829194482517,-0.3124452392570865,-0.4358431993698036,-0.5028490259085154,-0.6772519277744693,-0.9499400597599089,-0.06768974434224129,-0.11270349826842091,1.64805997916194,-0.28992134818515547,-0.34025884474167073,1.601574428619071,-0.19773600093647767,-0.3464838893344493,4
-0.8571959470906089,-0.8897829194482517,-0.3124452392570865,-0.4358431993698036,-0.5028490259085154,-0.6772519277744693,-0.9499400597599089,-0.06768974434224129,-0.11270349826842091,-0.6067740328895754,3.449211333555746,-0.34025884474167073,-0.624385593407752,-0.19773600093647767,2.8861370781795084,6
2.4691794759114445,-0.8897829194482517,-0.3124452392570865,-0.4358431993698036,-0.5028490259085154,-0.6772519277744693,-0.9499400597599089,-0.06768974434224129,-0.11270349826842091,-0.6067740328895754,-0.28992134818515547,-0.34025884474167073,-0.624385593407752,-0.19773600093647767,2.8861370781795084,5
-0.8571959470906089,-0.8897829194482517,-0.3124452392570865,2.2944031281110373,-0.5028490259085154,-0.6772519277744693,1.0526979989166299,-0.06768974434224129,-0.11270349826842091,1.64805997916194,-0.28992134818515547,-0.34025884474167073,-0.624385593407752,-0.19773600093647767,-0.3464838893344493,6
-0.8571959470906089,-0.8897829194482517,-0.3124452392570865,-0.4358431993698036,1.9886684640449763,-0.6772519277744693,1.0526979989166299,-0.06768974434224129,-0.11270349826842091,-0.6067740328895754,-0.28992134818515547,-0.34025884474167073,-0.624385593407752,-0.19773600093647767,-0.3464838893344493,7
-0.8571959470906089,0.8637892611272914,-0.3124452392570865,-0.4358431993698036,-0.5028490259085154,1.251156970466471,-0.9499400597599089,-0.06768974434224129,-0.11270349826842091,1.64805997916194,3.449211333555746,-0.34025884474167073,-0.624385593407752,-0.19773600093647767,-0.3464838893344493,6
0.8059917644104178,-0.8897829194482517,-0.3124452392570865,-0.4358431993698036,-0.5028490259085154,1.251156970466471,-0.9499400597599089,-0.06768974434224129,-0.11270349826842091,-0.6067740328895754,-0.28992134818515547,-0.34025884474167073,-0.624385593407752,-0.19773600093647767,2.8861370781795084,6
0.8059917644104178,-0.8897829194482517,-0.3124452392570865,2.2944031281110373,1.9886684640449763,-0.6772519277744693,1.0526979989166299,-0.06768974434224129,-0.11270349826842091,-0.6067740328895754,-0.28992134818515547,-0.34025884474167073,-0.624385593407752,-0.19773600093647767,-0.3464838893344493,6
-0.8571959470906089,-0.8897829194482517,-0.3124452392570865,-0.4358431993698036,1.9886684640449763,1.251156970466471,1.0526979989166299,-0.06768974434224129,-0.11270349826842091,-0.6067740328895754,-0.28992134818515547,-0.34025884474167073,1.601574428619071,-0.19773600093647767,-0.3464838893344493,8
-0.8571959470906089,-0.8897829194482517,-0.3124452392570865,-0.4358431993698036,-0.5028490259085154,1.251156970466471,1.0526979989166299,-0.06768974434224129,-0.11270349826842091,-0.6067740328895754,-0.28992134818515547,-0.34025884474167073,1.601574428619071,-0.19773600093647767,-0.3464838893344493,7
-0.8571959470906089,-0.8897829194482517,-0.3124452392570865,-0.4358431993698036,-0.5028490259085154,-0.6772519277744693,-0.9499400597599089,-0.06768974434224129,-0.11270349826842091,1.64805997916194,3.449211333555746,-0.34025884474167073,-0.624385593407752,-0.19773600093647767,-0.3464838893344493,4
-0.8571959470906089,-0.8897829194482517,-0.3124452392570865,2.2944031281110373,-0.5028490259085154,-0.6772519277744693,1.0526979989166299,-0.06768974434224129,-0.11270349826842091,-0.6067740328895754,-0.28992134818515547,-0.34025884474167073,-0.624385593407752,-0.19773600093647767,-0.3464838893344493,6
-0.8571959470906089,-0.8897829194482517,-0.3124452392570865,2.2944031281110373,1.9886684640449763,-0.6772519277744693,1.0526979989166299,-0.06768974434224129,-0.11270349826842091,-0.6067740328895754,-0.28992134818515547,-0.34025884474167073,-0.624385593407752,-0.19773600093647767,-0.3464838893344493,8
0.8059917644104178,0.8637892611272914,-0.3124452392570865,-0.4358431993698036,-0.5028490259085154,1.251156970466471,-0.9499400597599089,-0.06768974434224129,-0.11270349826842091,1.64805997916194,-0.28992134818515547,-0.34025884474167073,-0.624385593407752,-0.19773600093647767,-0.3464838893344493,8
-0.8571959470906089,0.8637892611272914,-0.3124452392570865,-0.4358431993698036,-0.5028490259085154,-0.6772519277744693,1.0526979989166299,-0.06768974434224129,-0.11270349826842091,-0.6067740328895754,-0.28992134818515547,-0.34025884474167073,-0.624385593407752,-0.19773600093647767,-0.3464838893344493,7
-0.8571959470906089,0.8637892611272914,-0.3124452392570865,-0.4358431993698036,-0.5028490259085154,1.251156970466471,1.0526979989166299,-0.06768974434224129,-0.11270349826842091,-0.6067740328895754,-0.28992134818515547,-0.34025884474167073,-0.624385593407752,-0.19773600093647767,-0.3464838893344493,4
0.8059917644104178,-0.8897829194482517,-0.3124452392570865,-0.4358431993698036,-0.5028490259085154,1.251156970466471,-0.9499400597599089,-0.06768974434224129,-0.11270349826842091,1.64805997916194,-0.28992134818515547,-0.34025884474167073,-0.624385593407752,-0.19773600093647767,-0.3464838893344493,5
-0.8571959470906089,0.8637892611272914,-0.3124452392570865,-0.4358431993698036,1.9886684640449763,1.251156970466471,-0.9499400597599089,-0.06768974434224129,-0.11270349826842091,-0.6067740328895754,-0.28992134818515547,-0.34025884474167073,-0.624385593407752,-0.19773600093647767,-0.3464838893344493,5
0.8059917644104178,0.8637892611272914,-0.3124452392570865,-0.4358431993698036,-0.5028490259085154,-0.6772519277744693,1.0526979989166299,-0.06768974434224129,-0.11270349826842091,-0.6067740328895754,-0.28992134818515547,2.938939032603881,-0.624385593407752,-0.19773600093647767,-0.3464838893344493,6
0.8059917644104178,0.8637892611272914,-0.3124452392570865,-0.4358431993698036,-0.5028490259085154,-0.6772519277744693,-0.9499400597599089,-0.06768974434224129,-0.11270349826842091,1.64805997916194,-0.28992134818515547,-0.34025884474167073,-0.624385593407752,-0.19773600093647767,2.8861370781795084,3
0.8059917644104178,0.8637892611272914,-0.3124452392570865,-0.4358431993698036,-0.5028490259085154,-0.6772519277744693,-0.9499400597599089,-0.06768974434224129,-0.11270349826842091,-0.6067740328895754,-0.28992134818515547,-0.34025884474167073,-0.624385593407752,-0.19773600093647767,-0.3464838893344493,4
-0.8571959470906089,-0.8897829194482517,-0.3124452392570865,-0.4358431993698036,-0.5028490259085154,1.251156970466471,-0.9499400597599089,-0.06768974434224129,-0.11270349826842091,-0.6067740328895754,-0.28992134818515547,-0.34025884474167073,-0.624385593407752,-0.19773600093647767,-0.3464838893344493,7
-0.8571959470906089,0.8637892611272914,-0.3124452392570865,-0.4358431993698036,-0.5028490259085154,-0.6772519277744693,1.0526979989166299,-0.06768974434224129,-0.11270349826842091,-0.6067740328895754,-0.28992134818515547,-0.34025884474167073,1.601574428619071,-0.19773600093647767,-0.3464838893344493,8
0.8059917644104178,-0.8897829194482517,-0.3124452392570865,-0.4358431993698036,-0.5028490259085154,1.251156970466471,-0.9499400597599089,14.77328670269416,-0.11270349826842091,-0.6067740328895754,-0.28992134818515547,-0.34025884474167073,-0.624385593407752,-0.19773600093647767,-0.3464838893344493,6
-0.8571959470906089,-0.8897829194482517,-0.3124452392570865,-0.4358431993698036,-0.5028490259085154,-0.6772519277744693,1.0526979989166299,-0.06768974434224129,-0.11270349826842091,-0.6067740328895754,-0.28992134818515547,-0.34025884474167073,-0.624385593407752,-0.19773600093647767,-0.3464838893344493,7
0.8059917644104178,-0.8897829194482517,-0.3124452392570865,-0.4358431993698036,-0.5028490259085154,1.251156970466471,-0.9499400597599089,-0.06768974434224129,-0.11270349826842091,-0.6067740328895754,-0.28992134818515547,-0.34025884474167073,-0.624385593407752,-0.19773600093647767,2.8861370781795084,6
-0.8571959470906089,-0.8897829194482517,-0.3124452392570865,-0.4358431993698036,-0.5028490259085154,-0.6772519277744693,1.0526979989166299,-0.06768974434224129,-0.11270349826842091,-0.6067740328895754,-0.28992134818515547,-0.34025884474167073,1.601574428619071,-0.19773600093647767,2.8861370781795084,6
0.8059917644104178,-0.8897829194482517,-0.3124452392570865,-0.4358431993698036,-0.5028490259085154,-0.6772519277744693,1.0526979989166299,-0.06768974434224129,-0.11270349826842091,-0.6067740328895754,-0.28992134818515547,-0.34025884474167073,-0.624385593407752,-0.19773600093647767,-0.3464838893344493,7
-0.8571959470906089,0.8637892611272914,-0.3124452392570865,-0.4358431993698036,-0.5028490259085154,3.1795658687074115,-0.9499400597599089,-0.06768974434224129,-0.11270349826842091,-0.6067740328895754,-0.28992134818515547,-0.34025884474167073,1.601574428619071,-0.19773600093647767,-0.3464838893344493,7
0.8059917644104178,-0.8897829194482517,-0.3124452392570865,-0.4358431993698036,-0.5028490259085154,-0.6772519277744693,-0.9499400597599089,-0.06768974434224129,-0.11270349826842091,1.64805997916194,-0.28992134818515547,-0.34025884474167073,1.601574428619071,-0.19773600093647767,-0.3464838893344493,3
2.4691794759114445,2.6173614417028346,-0.3124452392570865,-0.4358431993698036,-0.5028490259085154,1.251156970466471,1.0526979989166299,-0.06768974434224129,-0.11270349826842091,-0.6067740328895754,-0.28992134818515547,-0.34025884474167073,-0.624385593407752,-0.19773600093647767,-0.3464838893344493,3
2.4691794759114445,-0.8897829194482517,-0.3124452392570865,-0.4358431993698036,-0.5028490259085154,-0.6772519277744693,1.0526979989166299,-0.06768974434224129,-0.11270349826842091,-0.6067740328895754,-0.28992134818515547,-0.34025884474167073,1.601574428619071,-0.19773600093647767,-0.3464838893344493,5
2.4691794759114445,0.8637892611272914,-0.3124452392570865,-0.4358431993698036,-0.5028490259085154,3.1795658687074115,-0.9499400597599089,-0.06768974434224129,-0.11270349826842091,-0.6067740328895754,-0.28992134818515547,-0.34025884474167073,-0.624385593407752,-0.19773600093647767,-0.3464838893344493,4
-0.8571959470906089,-0.8897829194482517,-0.3124452392570865,-0.4358431993698036,1.9886684640449763,-0.6772519277744693,1.0526979989166299,-0.06768974434224129,-0.11270349826842091,-0.6067740328895754,-0.28992134818515547,-0.34025884474167073,-0.624385593407752,-0.19773600093647767,-0.3464838893344493,5
-0.8571959470906089,0.8637892611272914,-0.3124452392570865,-0.4358431993698036,-0.5028490259085154,-0.6772519277744693,-0.9499400597599089,-0.06768974434224129,-0.11270349826842091,1.64805997916194,-0.28992134818515547,2.938939032603881,1.601574428619071,-0.19773600093647767,-0.3464838893344493,5
2.4691794759114445,2.6173614417028346,-0.3124452392570865,-0.4358431993698036,-0.5028490259085154,1.251156970466471,-0.9499400597599089,-0.06768974434224129,-0.11270349826842091,-0.6067740328895754,-0.28992134818515547,-0.34025884474167073,-0.624385593407752,-0.19773600093647767,-0.3464838893344493,3
-0.8571959470906089,-0.8897829194482517,-0.3124452392570865,-0.4358431993698036,-0.5028490259085154,1.251156970466471,-0.9499400597599089,-0.06768974434224129,-0.11270349826842091,-0.6067740328895754,-0.28992134818515547,-0.34025884474167073,-0.624385593407752,5.057248023951126,-0.3464838893344493,5
0.8059917644104178,-0.8897829194482517,-0.3124452392570865,-0.4358431993698036,-0.5028490259085154,-0.6772519277744693,1.0526979989166299,-0.06768974434224129,-0.11270349826842091,1.64805997916194,-0.28992134818515547,-0.34025884474167073,-0.624385593407752,-0.19773600093647767,-0.3464838893344493,7
0.8059917644104178,0.8637892611272914,-0.3124452392570865,-0.4358431993698036,-0.5028490259085154,1.251156970466471,1.0526979989166299,-0.06768974434224129,-0.11270349826842091,-0.6067740328895754,-0.28992134818515547,2.938939032603881,1.601574428619071,-0.19773600093647767,-0.3464838893344493,3
2.4691794759114445,0.8637892611272914,-0.3124452392570865,-0.4358431993698036,1.9886684640449763,1.251156970466471,-0.9499400597599089,-0.06768974434224129,-0.11270349826842091,-0.6067740328895754,-0.28992134818515547,-0.34025884474167073,-0.624385593407752,-0.19773600093647767,-0.3464838893344493,5
0.8059917644104178,-0.8897829194482517,-0.3124452392570865,2.2944031281110373,-0.5028490259085154,-0.6772519277744693,1.0526979989166299,-0.06768974434224129,-0.11270349826842091,-0.6067740328895754,-0.28992134818515547,-0.34025884474167073,-0.624385593407752,-0.19773600093647767,-0.3464838893344493,7
0.8059917644104178,-0.8897829194482517,-0.3124452392570865,-0.4358431993698036,-0.5028490259085154,-0.6772519277744693,1.0526979989166299,-0.06768974434224129,-0.11270349826842091,-0.6067740328895754,-0.28992134818515547,-0.34025884474167073,-0.624385593407752,-0.19773600093647767,-0.3464838893344493,4
0.8059917644104178,0.8637892611272914,-0.3124452392570865,-0.4358431993698036,-0.5028490259085154,-0.6772519277744693,1.0526979989166299,-0.06768974434224129,-0.11270349826842091,-0.6067740328895754,-0.28992134818515547,2.938939032603881,1.601574428619071,-0.19773600093647767,-0.3464838893344493,7
2.4691794759114445,0.8637892611272914,-0.3124452392570865,-0.4358431993698036,-0.5028490259085154,-0.6772519277744693,-0.9499400597599089,-0.06768974434224129,-0.11270349826842091,-0.6067740328895754,-0.28992134818515547,-0.34025884474167073,-0.624385593407752,-0.19773600093647767,2.8861370781795084,3
-0.8571959470906089,-0.8897829194482517,3.200560848287335,-0.4358431993698036,-0.5028490259085154,-0.6772519277744693,-0.9499400597599089,-0.06768974434224129,-0.11270349826842091,-0.6067740328895754,-0.28992134818515547,-0.34025884474167073,-0.624385593407752,-0.19773600093647767,-0.3464838893344493,4
0.8059917644104178,0.8637892611272914,-0.3124452392570865,-0.4358431993698036,-0.5028490259085154,1.251156970466471,-0.9499400597599089,-0.06768974434224129,-0.11270349826842091,1.64805997916194,-0.28992134818515547,2.938939032603881,1.601574428619071,-0.19773600093647767,-0.3464838893344493,4
-0.8571959470906089,0.8637892611272914,-0.3124452392570865,2.2944031281110373,-0.5028490259085154,-0.6772519277744693,1.0526979989166299,-0.06768974434224129,-0.11270349826842091,-0.6067740328895754,-0.28992134818515547,-0.34025884474167073,-0.624385593407752,-0.19773600093647767,-0.3464838893344493,7
-0.8571959470906089,-0.8897829194482517,-0.3124452392570865,-0.4358431993698036,-0.5028490259085154,-0.6772519277744693,1.0526979989166299,-0.06768974434224129,-0.11270349826842091,-0.6067740328895754,-0.28992134818515547,-0.34025884474167073,1.601574428619071,-0.19773600093647767,-0.3464838893344493,5
-0.8571959470906089,0.8637892611272914,-0.3124452392570865,-0.4358431993698036,-0.5028490259085154,-0.6772519277744693,1.0526979989166299,-0.06768974434224129,-0.11270349826842091,-0.6067740328895754,-0.28992134818515547,-0.34025884474167073,-0.624385593407752,5.057248023951126,-0.3464838893344493,7
0.8059917644104178,-0.8897829194482517,-0.3124452392570865,-0.4358431993698036,-0.5028490259085154,1.251156970466471,1.0526979989166299,-0.06768974434224129,-0.11270349826842091,-0.6067740328895754,-0.28992134818515547,2.938939032603881,-0.624385593407752,-0.19773600093647767,-0.3464838893344493,5
-0.8571959470906089,-0.8897829194482517,-0.3124452392570865,-0.4358431993698036,1.9886684640449763,1.251156970466471,1.0526979989166299,-0.06768974434224129,-0.11270349826842091,-0.6067740328895754,-0.28992134818515547,-0.34025884474167073,-0.624385593407752,-0.19773600093647767,-0.3464838893344493,8
0.8059917644104178,0.8637892611272914,-0.3124452392570865,-0.4358431993698036,-0.5028490259085154,1.251156970466471,-0.9499400597599089,-0.06768974434224129,-0.11270349826842091,1.64805997916194,-0.28992134818515547,-0.34025884474167073,-0.624385593407752,-0.19773600093647767,-0.3464838893344493,6
-0.8571959470906089,-0.8897829194482517,-0.3124452392570865,-0.4358431993698036,-0.5028490259085154,-0.6772519277744693,1.0526979989166299,-0.06768974434224129,-0.11270349826842091,-0.6067740328895754,3.449211333555746,-0.34025884474167073,-0.624385593407752,-0.19773600093647767,-0.3464838893344493,8
-0.8571959470906089,-0.8897829194482517,-0.3124452392570865,-0.4358431993698036,1.9886684640449763,-0.6772519277744693,-0.9499400597599089,-0.06768974434224129,-0.11270349826842091,-0.6067740328895754,-0.28992134818515547,-0.34025884474167073,-0.624385593407752,-0.19773600093647767,-0.3464838893344493,8
-0.8571959470906089,-0.8897829194482517,-0.3124452392570865,2.2944031281110373,-0.5028490259085154,1.251156970466471,1.0526979989166299,-0.06768974434224129,-0.11270349826842091,-0.6067740328895754,-0.28992134818515547,-0.34025884474167073,1.601574428619071,-0.19773600093647767,-0.3464838893344493,6
-0.8571959470906089,-0.8897829194482517,-0.3124452392570865,-0.4358431993698036,1.9886684640449763,-0.6772519277744693,1.0526979989166299,-0.06768974434224129,-0.11270349826842091,1.64805997916194,-0.28992134818515547,-0.34025884474167073,-0.624385593407752,-0.19773600093647767,-0.3464838893344493,8
0.8059917644104178,0.8637892611272914,-0.3124452392570865,-0.4358431993698036,-0.5028490259085154,1.251156970466471,-0.9499400597599089,-0.06768974434224129,-0.11270349826842091,1.64805997916194,-0.28992134818515547,-0.34025884474167073,1.601574428619071,-0.19773600093647767,-0.3464838893344493,7
2.4691794759114445,2.6173614417028346,-0.3124452392570865,-0.4358431993698036,-0.5028490259085154,-0.6772519277744693,-0.9499400597599089,-0.06768974434224129,-0.11270349826842091,1.64805997916194,-0.28992134818515547,-0.34025884474167073,-0.624385593407752,-0.19773600093647767,-0.3464838893344493,3
-0.8571959470906089,0.8637892611272914,-0.3124452392570865,-0.4358431993698036,-0.5028490259085154,-0.6772519277744693,1.0526979989166299,-0.06768974434224129,-0.11270349826842091,-0.6067740328895754,-0.28992134818515547,-0.34025884474167073,1.601574428619071,-0.19773600093647767,-0.3464838893344493,6
-0.8571959470906089,-0.8897829194482517,3.200560848287335,2.2944031281110373,1.9886684640449763,-0.6772519277744693,-0.9499400597599089,-0.06768974434224129,-0.11270349826842091,-0.6067740328895754,-0.28992134818515547,-0.34025884474167073,-0.624385593407752,-0.19773600093647767,-0.3464838893344493,8
2.4691794759114445,-0.8897829194482517,-0.3124452392570865,-0.4358431993698036,-0.5028490259085154,1.251156970466471,-0.9499400597599089,-0.06768974434224129,-0.11270349826842091,-0.6067740328895754,-0.28992134818515547,-0.34025884474167073,-0.624385593407752,-0.19773600093647767,-0.3464838893344493,4
2.4691794759114445,0.8637892611272914,-0.3124452392570865,-0.4358431993698036,-0.5028490259085154,1.251156970466471,1.0526979989166299,-0.06768974434224129,-0.11270349826842091,-0.6067740328895754,-0.28992134818515547,-0.34025884474167073,-0.624385593407752,-0.19773600093647767,2.8861370781795084,4
0.8059917644104178,0.8637892611272914,-0.3124452392570865,-0.4358431993698036,-0.5028490259085154,-0.6772519277744693,-0.9499400597599089,-0.06768974434224129,-0.11270349826842091,-0.6067740328895754,-0.28992134818515547,-0.34025884474167073,-0.624385593407752,5.057248023951126,-0.3464838893344493,4
2.4691794759114445,2.6173614417028346,-0.3124452392570865,-0.4358431993698036,-0.5028490259085154,-0.6772519277744693,-0.9499400597599089,-0.06768974434224129,-0.11270349826842091,1.64805997916194,-0.28992134818515547,-0.34025884474167073,-0.624385593407752,-0.19773600093647767,-0.3464838893344493,2
-0.8571959470906089,-0.8897829194482517,-0.3124452392570865,-0.4358431993698036,1.9886684640449763,-0.6772519277744693,1.0526979989166299,-0.06768974434224129,-0.11270349826842091,-0.6067740328895754,-0.28992134818515547,-0.34025884474167073,-0.624385593407752,-0.19773600093647767,-0.3464838893344493,6
-0.8571959470906089,0.8637892611272914,-0.3124452392570865,-0.4358431993698036,-0.5028490259085154,-0.6772519277744693,1.0526979989166299,-0.06768974434224129,-0.11270349826842091,-0.6067740328895754,-0.28992134818515547,-0.34025884474167073,1.601574428619071,-0.19773600093647767,-0.3464838893344493,8
-0.8571959470906089,0.8637892611272914,-0.3124452392570865,-0.4358431993698036,1.9886684640449763,-0.6772519277744693,1.0526979989166299,-0.06768974434224129,-0.11270349826842091,-0.6067740328895754,-0.28992134818515547,-0.34025884474167073,-0.624385593407752,-0.19773600093647767,-0.3464838893344493,8
-0.8571959470906089,0.8637892611272914,-0.3124452392570865,-0.4358431993698036,-0.5028490259085154,-0.6772519277744693,1.0526979989166299,-0.06768974434224129,-0.11270349826842091,-0.6067740328895754,-0.28992134818515547,-0.34025884474167073,1.601574428619071,-0.19773600093647767,-0.3464838893344493,7
0.8059917644104178,0.8637892611272914,-0.3124452392570865,-0.4358431993698036,-0.5028490259085154,-0.6772519277744693,1.0526979989166299,-0.06768974434224129,-0.11270349826842091,-0.6067740328895754,-0.28992134818515547,-0.34025884474167073,-0.624385593407752,-0.19773600093647767,-0.3464838893344493,5
0.8059917644104178,0.8637892611272914,-0.3124452392570865,-0.4358431993698036,-0.5028490259085154,-0.6772519277744693,1.0526979989166299,-0.06768974434224129,-0.11270349826842091,1.64805997916194,-0.28992134818515547,2.938939032603881,1.601574428619071,-0.19773600093647767,-0.3464838893344493,6
-0.8571959470906089,-0.8897829194482517,-0.3124452392570865,-0.4358431993698036,-0.5028490259085154,1.251156970466471,1.0526979989166299,-0.06768974434224129,-0.11270349826842091,1.64805997916194,-0.28992134818515547,-0.34025884474167073,1.601574428619071,-0.19773600093647767,-0.3464838893344493,6
-0.8571959470906089,-0.8897829194482517,-0.3124452392570865,-0.4358431993698036,-0.5028490259085154,-0.6772519277744693,1.0526979989166299,-0.06768974434224129,-0.11270349826842091,-0.6067740328895754,-0.28992134818515547,-0.34025884474167073,1.601574428619071,-0.19773600093647767,-0.3464838893344493,3
-0.8571959470906089,0.8637892611272914,-0.3124452392570865,-0.4358431993698036,-0.5028490259085154,-0.6772519277744693,-0.9499400597599089,-0.06768974434224129,-0.11270349826842091,1.64805997916194,-0.28992134818515547,-0.34025884474167073,-0.624385593407752,5.057248023951126,-0.3464838893344493,7
0.8059917644104178,-0.8897829194482517,-0.3124452392570865,-0.4358431993698036,1.9886684640449763,1.251156970466471,-0.9499400597599089,-0.06768974434224129,-0.11270349826842091,-0.6067740328895754,-0.28992134818515547,-0.34025884474167073,-0.624385593407752,-0.19773600093647767,-0.3464838893344493,7
-0.8571959470906089,-0.8897829194482517,-0.3124452392570865,-0.4358431993698036,1.9886684640449763,-0.6772519277744693,1.0526979989166299,-0.06768974434224129,8.872839045495683,-0.6067740328895754,-0.28992134818515547,-0.34025884474167073,-0.624385593407752,-0.19773600093647767,-0.3464838893344493,8
0.8059917644104178,2.6173614417028346,-0.3124452392570865,-0.4358431993698036,-0.5028490259085154,1.251156970466471,1.0526979989166299,-0.06768974434224129,-0.11270349826842091,-0.6067740328895754,-0.28992134818515547,-0.34025884474167073,-0.624385593407752,-0.19773600093647767,-0.3464838893344493,4
0.8059917644104178,-0.8897829194482517,-0.3124452392570865,-0.4358431993698036,1.9886684640449763,-0.6772519277744693,1.0526979989166299,-0.06768974434224129,-0.11270349826842091,1.64805997916194,-0.28992134818515547,-0.34025884474167073,-0.624385593407752,-0.19773600093647767,-0.3464838893344493,4
0.8059917644104178,-0.8897829194482517,-0.3124452392570865,-0.4358431993698036,-0.5028490259085154,1.251156970466471,1.0526979989166299,-0.06768974434224129,-0.11270349826842091,1.64805997916194,-0.28992134818515547,-0.34025884474167073,1.601574428619071,-0.19773600093647767,-0.3464838893344493,4
0.8059917644104178,-0.8897829194482517,-0.3124452392570865,-0.4358431993698036,1.9886684640449763,-0.6772519277744693,-0.9499400597599089,-0.06768974434224129,-0.11270349826842091,-0.6067740328895754,-0.28992134818515547,-0.34025884474167073,1.601574428619071,-0.19773600093647767,-0.3464838893344493,5
-0.8571959470906089,-0.8897829194482517,-0.3124452392570865,-0.4358431993698036,-0.5028490259085154,-0.6772519277744693,-0.9499400597599089,-0.06768974434224129,-0.11270349826842091,-0.6067740328895754,-0.28992134818515547,2.938939032603881,1.601574428619071,-0.19773600093647767,-0.3464838893344493,9
0.8059917644104178,0.8637892611272914,-0.3124452392570865,-0.4358431993698036,-0.5028490259085154,-0.6772519277744693,-0.9499400597599089,-0.06768974434224129,-0.11270349826842091,-0.6067740328895754,-0.28992134818515547,-0.34025884474167073,-0.624385593407752,5.057248023951126,-0.3464838893344493,3
0.8059917644104178,0.8637892611272914,-0.3124452392570865,-0.4358431993698036,1.9886684640449763,-0.6772519277744693,1.0526979989166299,-0.06768974434224129,-0.11270349826842091,-0.6067740328895754,-0.28992134818515547,-0.34025884474167073,1.601574428619071,-0.19773600093647767,-0.3464838893344493,5
-0.8571959470906089,-0.8897829194482517,-0.3124452392570865,-0.4358431993698036,1.9886684640449763,-0.6772519277744693,1.0526979989166299,-0.06768974434224129,-0.11270349826842091,-0.6067740328895754,-0.28992134818515547,-0.34025884474167073,-0.624385593407752,-0.19773600093647767,-0.3464838893344493,8
0.8059917644104178,-0.8897829194482517,-0.3124452392570865,-0.4358431993698036,1.9886684640449763,-0.6772519277744693,-0.9499400597599089,-0.06768974434224129,-0.11270349826842091,1.64805997916194,-0.28992134818515547,-0.34025884474167073,-0.624385593407752,-0.19773600093647767,-0.3464838893344493,6
-0.8571959470906089,0.8637892611272914,-0.3124452392570865,-0.4358431993698036,-0.5028490259085154,-0.6772519277744693,-0.9499400597599089,-0.06768974434224129,-0.11270349826842091,-0.6067740328895754,-0.28992134818515547,-0.34025884474167073,-0.624385593407752,-0.19773600093647767,2.8861370781795084,6
-0.8571959470906089,0.8637892611272914,-0.3124452392570865,-0.4358431993698036,1.9886684640449763,-0.6772519277744693,1.0526979989166299,-0.06768974434224129,-0.11270349826842091,-0.6067740328895754,-0.28992134818515547,-0.34025884474167073,1.601574428619071,-0.19773600093647767,-0.3464838893344493,7
0.8059917644104178,0.8637892611272914,-0.3124452392570865,-0.4358431993698036,-0.5028490259085154,1.251156970466471,1.0526979989166299,-0.06768974434224129,-0.11270349826842091,1.64805997916194,-0.28992134818515547,-0.34025884474167073,-0.624385593407752,-0.19773600093647767,-0.3464838893344493,6
-0.8571959470906089,-0.8897829194482517,-0.3124452392570865,-0.4358431993698036,-0.5028490259085154,-0.6772519277744693,-0.9499400597599089,-0.06768974434224129,-0.11270349826842091,-0.6067740328895754,-0.28992134818515547,2.938939032603881,1.601574428619071,-0.19773600093647767,-0.3464838893344493,5
-0.8571959470906089,0.8637892611272914,-0.3124452392570865,-0.4358431993698036,-0.5028490259085154,-0.6772519277744693,-0.9499400597599089,-0.06768974434224129,-0.11270349826842091,1.64805997916194,-0.28992134818515547,-0.34025884474167073,-0.624385593407752,-0.19773600093647767,-0.3464838893344493,7
-0.8571959470906089,-0.8897829194482517,-0.3124452392570865,-0.4358431993698036,-0.5028490259085154,1.251156970466471,1.0526979989166299,-0.06768974434224129,8.872839045495683,-0.6067740328895754,-0.28992134818515547,-0.34025884474167073,-0.624385593407752,-0.19773600093647767,-0.3464838893344493,8
0.8059917644104178,0.8637892611272914,-0.3124452392570865,-0.4358431993698036,-0.5028490259085154,1.251156970466471,1.0526979989166299,-0.06768974434224129,-0.11270349826842091,-0.6067740328895754,-0.28992134818515547,2.938939032603881,1.601574428619071,-0.19773600093647767,-0.3464838893344493,4
0.8059917644104178,0.8637892611272914,-0.3124452392570865,-0.4358431993698036,-0.5028490259085154,-0.6772519277744693,-0.9499400597599089,-0.06768974434224129,-0.11270349826842091,-0.6067740328895754,-0.28992134818515547,-0.34025884474167073,1.601574428619071,-0.19773600093647767,-0.3464838893344493,5
2.4691794759114445,2.6173614417028346,-0.3124452392570865,-0.4358431993698036,-0.5028490259085154,-0.6772519277744693,-0.9499400597599089,-0.06768974434224129,-0.11270349826842091,1.64805997916194,-0.28992134818515547,-0.34025884474167073,-0.624385593407752,-0.19773600093647767,-0.3464838893344493,3
0.8059917644104178,-0.8897829194482517,-0.3124452392570865,-0.4358431993698036,-0.5028490259085154,-0.6772519277744693,-0.9499400597599089,-0.06768974434224129,-0.11270349826842091,-0.6067740328895754,3.449211333555746,-0.34025884474167073,-0.624385593407752,-0.19773600093647767,-0.3464838893344493,7
0.8059917644104178,-0.8897829194482517,-0.3124452392570865,-0.4358431993698036,-0.5028490259085154,1.251156970466471,-0.9499400597599089,-0.06768974434224129,-0.11270349826842091,-0.6067740328895754,-0.28992134818515547,2.938939032603881,1.601574428619071,-0.19773600093647767,-0.3464838893344493,4
-0.8571959470906089,-0.8897829194482517,3.200560848287335,-0.4358431993698036,-0.5028490259085154,-0.6772519277744693,-0.9499400597599089,-0.06768974434224129,-0.11270349826842091,-0.6067740328895754,-0.28992134818515547,-0.34025884474167073,-0.624385593407752,-0.19773600093647767,-0.3464838893344493,7
0.8059917644104178,0.8637892611272914,-0.3124452392570865,-0.4358431993698036,-0.5028490259085154,1.251156970466471,1.0526979989166299,-0.06768974434224129,-0.11270349826842091,-0.6067740328895754,-0.28992134818515547,-0.34025884474167073,1.601574428619071,-0.19773600093647767,-0.3464838893344493,5
-0.8571959470906089,0.8637892611272914,-0.3124452392570865,2.2944031281110373,1.9886684640449763,-0.6772519277744693,-0.9499400597599089,-0.06768974434224129,-0.11270349826842091,-0.6067740328895754,-0.28992134818515547,-0.34025884474167073,-0.624385593407752,-0.19773600093647767,-0.3464838893344493,7
-0.8571959470906089,0.8637892611272914,-0.3124452392570865,-0.4358431993698036,-0.5028490259085154,-0.6772519277744693,-0.9499400597599089,-0.06768974434224129,-0.11270349826842091,-0.6067740328895754,-0.28992134818515547,2.938939032603881,1.601574428619071,-0.19773600093647767,-0.3464838893344493,6
-0.8571959470906089,0.8637892611272914,-0.3124452392570865,-0.4358431993698036,1.9886684640449763,-0.6772519277744693,1.0526979989166299,-0.06768974434224129,-0.11270349826842091,-0.6067740328895754,-0.28992134818515547,-0.34025884474167073,1.601574428619071,-0.19773600093647767,-0.3464838893344493,6
0.8059917644104178,0.8637892611272914,-0.3124452392570865,-0.4358431993698036,-0.5028490259085154,1.251156970466471,-0.9499400597599089,-0.06768974434224129,-0.11270349826842091,1.64805997916194,-0.28992134818515547,-0.34025884474167073,1.601574428619071,-0.19773600093647767,-0.3464838893344493,3
-0.8571959470906089,0.8637892611272914,-0.3124452392570865,-0.4358431993698036,1.9886684640449763,1.251156970466471,1.0526979989166299,-0.06768974434224129,-0.11270349826842091,-0.6067740328895754,-0.28992134818515547,-0.34025884474167073,1.601574428619071,-0.19773600093647767,-0.3464838893344493,8
0.8059917644104178,-0.8897829194482517,-0.3124452392570865,2.2944031281110373,1.9886684640449763,-0.6772519277744693,1.0526979989166299,-0.06768974434224129,-0.11270349826842091,-0.6067740328895754,-0.28992134818515547,-0.34025884474167073,-0.624385593407752,-0.19773600093647767,-0.3464838893344493,6
-0.8571959470906089,-0.8897829194482517,-0.3124452392570865,-0.4358431993698036,-0.5028490259085154,1.251156970466471,1.0526979989166299,-0.06768974434224129,-0.11270349826842091,-0.6067740328895754,-0.28992134818515547,-0.34025884474167073,-0.624385593407752,-0.19773600093647767,-0.3464838893344493,4
-0.8571959470906089,-0.8897829194482517,-0.3124452392570865,-0.4358431993698036,-0.5028490259085154,1.251156970466471,1.0526979989166299,-0.06768974434224129,-0.11270349826842091,1.64805997916194,-0.28992134818515547,-0.34025884474167073,-0.624385593407752,-0.19773600093647767,-0.3464838893344493,5
0.8059917644104178,2.6173614417028346,-0.3124452392570865,-0.4358431993698036,-0.5028490259085154,-0.6772519277744693,1.0526979989166299,-0.06768974434224129,-0.11270349826842091,-0.6067740328895754,-0.28992134818515547,-0.34025884474167073,-0.624385593407752,-0.19773600093647767,-0.3464838893344493,4
0.8059917644104178,0.8637892611272914,-0.3124452392570865,-0.4358431993698036,-0.5028490259085154,1.251156970466471,1.0526979989166299,-0.06768974434224129,-0.11270349826842091,-0.6067740328895754,-0.28992134818515547,-0.34025884474167073,-0.624385593407752,-0.19773600093647767,-0.3464838893344493,5
-0.8571959470906089,0.8637892611272914,-0.3124452392570865,-0.4358431993698036,-0.5028490259085154,-0.6772519277744693,-0.9499400597599089,-0.06768974434224129,-0.11270349826842091,1.64805997916194,-0.28992134818515547,2.938939032603881,-0.624385593407752,-0.19773600093647767,-0.3464838893344493,4
-0.8571959470906089,-0.8897829194482517,-0.3124452392570865,2.2944031281110373,1.9886684640449763,-0.6772519277744693,1.0526979989166299,-0.06768974434224129,-0.11270349826842091,-0.6067740328895754,-0.28992134818515547,-0.34025884474167073,-0.624385593407752,-0.19773600093647767,-0.3464838893344493,6
0.8059917644104178,0.8637892611272914,-0.3124452392570865,-0.4358431993698036,-0.5028490259085154,-0.6772519277744693,-0.9499400597599089,-0.06768974434224129,-0.11270349826842091,-0.6067740328895754,3.449211333555746,-0.34025884474167073,1.601574428619071,-0.19773600093647767,-0.3464838893344493,6
0.8059917644104178,-0.8897829194482517,-0.3124452392570865,-0.4358431993698036,-0.5028490259085154,1.251156970466471,1.0526979989166299,-0.06768974434224129,-0.11270349826842091,-0.6067740328895754,3.449211333555746,-0.34025884474167073,-0.624385593407752,-0.19773600093647767,-0.3464838893344493,7
0.8059917644104178,-0.8897829194482517,-0.3124452392570865,-0.4358431993698036,1.9886684640449763,1.251156970466471,1.0526979989166299,-0.06768974434224129,-0.11270349826842091,-0.6067740328895754,-0.28992134818515547,-0.34025884474167073,1.601574428619071,-0.19773600093647767,-0.3464838893344493,6
0.8059917644104178,-0.8897829194482517,-0.3124452392570865,2.2944031281110373,1.9886684640449763,-0.6772519277744693,1.0526979989166299,-0.06768974434224129,-0.11270349826842091,-0.6067740328895754,-0.28992134818515547,-0.34025884474167073,-0.624385593407752,-0.19773600093647767,-0.3464838893344493,5
-0.8571959470906089,-0.8897829194482517,-0.3124452392570865,-0.4358431993698036,1.9886684640449763,-0.6772519277744693,1.0526979989166299,-0.06768974434224129,-0.11270349826842091,-0.6067740328895754,-0.28992134818515547,-0.34025884474167073,-0.624385593407752,-0.19773600093647767,-0.3464838893344493,8
-0.8571959470906089,-0.8897829194482517,-0.3124452392570865,-0.4358431993698036,-0.5028490259085154,-0.6772519277744693,1.0526979989166299,-0.06768974434224129,-0.11270349826842091,-0.6067740328895754,3.449211333555746,-0.34025884474167073,-0.624385593407752,-0.19773600093647767,-0.3464838893344493,7
0.8059917644104178,2.6173614417028346,-0.3124452392570865,-0.4358431993698036,-0.5028490259085154,1.251156970466471,-0.9499400597599089,-0.06768974434224129,-0.11270349826842091,1.64805997916194,-0.28992134818515547,-0.34025884474167073,-0.624385593407752,-0.19773600093647767,-0.3464838893344493,2
-0.8571959470906089,-0.8897829194482517,-0.3124452392570865,2.2944031281110373,-0.5028490259085154,-0.6772519277744693,1.0526979989166299,-0.06768974434224129,-0.11270349826842091,1.64805997916194,-0.28992134818515547,-0.34025884474167073,-0.624385593407752,-0.19773600093647767,-0.3464838893344493,7
-0.8571959470906089,-0.8897829194482517,-0.3124452392570865,-0.4358431993698036,-0.5028490259085154,-0.6772519277744693,1.0526979989166299,-0.06768974434224129,-0.11270349826842091,-0.6067740328895754,-0.28992134818515547,-0.34025884474167073,-0.624385593407752,-0.19773600093647767,-0.3464838893344493,6
-0.8571959470906089,0.8637892611272914,-0.3124452392570865,-0.4358431993698036,-0.5028490259085154,1.251156970466471,-0.9499400597599089,-0.06768974434224129,-0.11270349826842091,1.64805997916194,-0.28992134818515547,-0.34025884474167073,-0.624385593407752,-0.19773600093647767,-0.3464838893344493,5
-0.8571959470906089,-0.8897829194482517,-0.3124452392570865,2.2944031281110373,1.9886684640449763,-0.6772519277744693,1.0526979989166299,-0.06768974434224129,-0.11270349826842091,-0.6067740328895754,-0.28992134818515547,-0.34025884474167073,-0.624385593407752,-0.19773600093647767,-0.3464838893344493,9
0.8059917644104178,0.8637892611272914,-0.3124452392570865,-0.4358431993698036,-0.5028490259085154,-0.6772519277744693,-0.9499400597599089,-0.06768974434224129,-0.11270349826842091,-0.6067740328895754,-0.28992134818515547,-0.34025884474167073,1.601574428619071,-0.19773600093647767,2.8861370781795084,5
0.8059917644104178,-0.8897829194482517,3.200560848287335,2.2944031281110373,-0.5028490259085154,-0.6772519277744693,-0.9499400597599089,-0.06768974434224129,-0.11270349826842091,-0.6067740328895754,-0.28992134818515547,-0.34025884474167073,-0.624385593407752,-0.19773600093647767,-0.3464838893344493,8
0.8059917644104178,-0.8897829194482517,-0.3124452392570865,-0.4358431993698036,-0.5028490259085154,1.251156970466471,1.0526979989166299,-0.06768974434224129,-0.11270349826842091,-0.6067740328895754,-0.28992134818515547,-0.34025884474167073,1.601574428619071,-0.19773600093647767,-0.3464838893344493,4
0.8059917644104178,0.8637892611272914,-0.3124452392570865,-0.4358431993698036,1.9886684640449763,-0.6772519277744693,1.0526979989166299,-0.06768974434224129,-0.11270349826842091,-0.6067740328895754,-0.28992134818515547,-0.34025884474167073,-0.624385593407752,-0.19773600093647767,-0.3464838893344493,3
0.8059917644104178,-0.8897829194482517,-0.3124452392570865,-0.4358431993698036,-0.5028490259085154,1.251156970466471,-0.9499400597599089,-0.06768974434224129,-0.11270349826842091,-0.6067740328895754,-0.28992134818515547,2.938939032603881,1.601574428619071,-0.19773600093647767,-0.3464838893344493,4
-0.8571959470906089,0.8637892611272914,-0.3124452392570865,-0.4358431993698036,-0.5028490259085154,-0.6772519277744693,-0.9499400597599089,-0.06768974434224129,-0.11270349826842091,1.64805997916194,-0.28992134818515547,-0.34025884474167073,-0.624385593407752,-0.19773600093647767,-0.3464838893344493,4
-0.8571959470906089,0.8637892611272914,-0.3124452392570865,-0.4358431993698036,-0.5028490259085154,-0.6772519277744693,-0.9499400597599089,-0.06768974434224129,-0.11270349826842091,-0.6067740328895754,-0.28992134818515547,2.938939032603881,1.601574428619071,-0.19773600093647767,-0.3464838893344493,7
-0.8571959470906089,-0.8897829194482517,-0.3124452392570865,2.2944031281110373,-0.5028490259085154,-0.6772519277744693,1.0526979989166299,-0.06768974434224129,-0.11270349826842091,-0.6067740328895754,-0.28992134818515547,-0.34025884474167073,1.601574428619071,-0.19773600093647767,-0.3464838893344493,7
-0.8571959470906089,0.8637892611272914,-0.3124452392570865,-0.4358431993698036,-0.5028490259085154,-0.6772519277744693,-0.9499400597599089,-0.06768974434224129,-0.11270349826842091,1.64805997916194,-0.28992134818515547,-0.34025884474167073,-0.624385593407752,-0.19773600093647767,-0.3464838893344493,5
0.8059917644104178,-0.8897829194482517,-0.3124452392570865,-0.4358431993698036,-0.5028490259085154,-0.6772519277744693,-0.9499400597599089,-0.06768974434224129,-0.11270349826842091,-0.6067740328895754,-0.28992134818515547,-0.34025884474167073,1.601574428619071,-0.19773600093647767,-0.3464838893344493,7
0.8059917644104178,-0.8897829194482517,-0.3124452392570865,-0.4358431993698036,-0.5028490259085154,-0.6772519277744693,1.0526979989166299,-0.06768974434224129,-0.11270349826842091,-0.6067740328895754,-0.28992134818515547,-0.34025884474167073,-0.624385593407752,-0.19773600093647767,2.8861370781795084,7
-0.8571959470906089,-0.8897829194482517,-0.3124452392570865,2.2944031281110373,1.9886684640449763,-0.6772519277744693,1.0526979989166299,-0.06768974434224129,-0.11270349826842091,-0.6067740328895754,-0.28992134818515547,-0.34025884474167073,-0.624385593407752,-0.19773600093647767,-0.3464838893344493,8
-0.8571959470906089,0.8637892611272914,-0.3124452392570865,-0.4358431993698036,1.9886684640449763,-0.6772519277744693,1.0526979989166299,-0.06768974434224129,-0.11270349826842091,-0.6067740328895754,-0.28992134818515547,-0.34025884474167073,-0.624385593407752,-0.19773600093647767,-0.3464838893344493,7
0.8059917644104178,-0.8897829194482517,-0.3124452392570865,-0.4358431993698036,-0.5028490259085154,-0.6772519277744693,-0.9499400597599089,-0.06768974434224129,-0.11270349826842091,-0.6067740328895754,3.449211333555746,-0.34025884474167073,-0.624385593407752,-0.19773600093647767,2.8861370781795084,9
-0.8571959470906089,-0.8897829194482517,-0.3124452392570865,-0.4358431993698036,-0.5028490259085154,-0.6772519277744693,-0.9499400597599089,-0.06768974434224129,-0.11270349826842091,-0.6067740328895754,-0.28992134818515547,-0.34025884474167073,-0.624385593407752,-0.19773600093647767,-0.3464838893344493,7
-0.8571959470906089,0.8637892611272914,-0.3124452392570865,-0.4358431993698036,-0.5028490259085154,-0.6772519277744693,-0.9499400597599089,-0.06768974434224129,-0.11270349826842091,1.64805997916194,-0.28992134818515547,-0.34025884474167073,1.601574428619071,-0.19773600093647767,-0.3464838893344493,5
0.8059917644104178,0.8637892611272914,-0.3124452392570865,-0.4358431993698036,-0.5028490259085154,-0.6772519277744693,-0.9499400597599089,-0.06768974434224129,-0.11270349826842091,1.64805997916194,-0.28992134818515547,-0.34025884474167073,-0.624385593407752,-0.19773600093647767,-0.3464838893344493,6
-0.8571959470906089,-0.8897829194482517,-0.3124452392570865,-0.4358431993698036,-0.5028490259085154,1.251156970466471,1.0526979989166299,-0.06768974434224129,-0.11270349826842091,-0.6067740328895754,-0.28992134818515547,-0.34025884474167073,-0.624385593407752,-0.19773600093647767,-0.3464838893344493,7
-0.8571959470906089,0.8637892611272914,-0.3124452392570865,-0.4358431993698036,1.9886684640449763,-0.6772519277744693,1.0526979989166299,-0.06768974434224129,-0.11270349826842091,-0.6067740328895754,-0.28992134818515547,-0.34025884474167073,-0.624385593407752,-0.19773600093647767,-0.3464838893344493,8
-0.8571959470906089,-0.8897829194482517,-0.3124452392570865,2.2944031281110373,1.9886684640449763,-0.6772519277744693,-0.9499400597599089,-0.06768974434224129,-0.11270349826842091,-0.6067740328895754,-0.28992134818515547,-0.34025884474167073,-0.624385593407752,-0.19773600093647767,-0.3464838893344493,6
-0.8571959470906089,0.8637892611272914,-0.3124452392570865,-0.4358431993698036,-0.5028490259085154,-0.6772519277744693,-0.9499400597599089,-0.06768974434224129,-0.11270349826842091,1.64805997916194,-0.28992134818515547,-0.34025884474167073,-0.624385593407752,-0.19773600093647767,-0.3464838893344493,3
-0.8571959470906089,-0.8897829194482517,3.200560848287335,-0.4358431993698036,1.9886684640449763,-0.6772519277744693,1.0526979989166299,-0.06768974434224129,-0.11270349826842091,-0.6067740328895754,-0.28992134818515547,-0.34025884474167073,-0.624385593407752,-0.19773600093647767,-0.3464838893344493,7
-0.8571959470906089,-0.8897829194482517,-0.3124452392570865,2.2944031281110373,1.9886684640449763,-0.6772519277744693,-0.9499400597599089,-0.06768974434224129,-0.11270349826842091,-0.6067740328895754,-0.28992134818515547,-0.34025884474167073,-0.624385593407752,-0.19773600093647767,-0.3464838893344493,8
0.8059917644104178,0.8637892611272914,-0.3124452392570865,-0.4358431993698036,-0.5028490259085154,1.251156970466471,-0.9499400597599089,-0.06768974434224129,-0.11270349826842091,1.64805997916194,-0.28992134818515547,-0.34025884474167073,-0.624385593407752,-0.19773600093647767,2.8861370781795084,6
0.8059917644104178,0.8637892611272914,-0.3124452392570865,-0.4358431993698036,-0.5028490259085154,-0.6772519277744693,-0.9499400597599089,-0.06768974434224129,-0.11270349826842091,-0.6067740328895754,-0.28992134818515547,-0.34025884474167073,1.601574428619071,-0.19773600093647767,2.8861370781795084,4
-0.8571959470906089,0.8637892611272914,-0.3124452392570865,-0.4358431993698036,-0.5028490259085154,1.251156970466471,1.0526979989166299,-0.06768974434224129,-0.11270349826842091,-0.6067740328895754,-0.28992134818515547,-0.34025884474167073,-0.624385593407752,-0.19773600093647767,-0.3464838893344493,7
0.8059917644104178,0.8637892611272914,-0.3124452392570865,-0.4358431993698036,-0.5028490259085154,1.251156970466471,-0.9499400597599089,-0.06768974434224129,-0.11270349826842091,-0.6067740328895754,-0.28992134818515547,-0.34025884474167073,1.601574428619071,-0.19773600093647767,-0.3464838893344493,3
0.8059917644104178,2.6173614417028346,-0.3124452392570865,-0.4358431993698036,-0.5028490259085154,1.251156970466471,1.0526979989166299,-0.06768974434224129,-0.11270349826842091,-0.6067740328895754,-0.28992134818515547,-0.34025884474167073,1.601574428619071,-0.19773600093647767,-0.3464838893344493,4
-0.8571959470906089,-0.8897829194482517,-0.3124452392570865,-0.4358431993698036,1.9886684640449763,-0.6772519277744693,1.0526979989166299,-0.06768974434224129,-0.11270349826842091,-0.6067740328895754,-0.28992134818515547,-0.34025884474167073,1.601574428619071,-0.19773600093647767,-0.3464838893344493,7
-0.8571959470906089,0.8637892611272914,-0.3124452392570865,-0.4358431993698036,-0.5028490259085154,1.251156970466471,-0.9499400597599089,-0.06768974434224129,-0.11270349826842091,-0.6067740328895754,-0.28992134818515547,-0.34025884474167073,-0.624385593407752,-0.19773600093647767,-0.3464838893344493,2
-0.8571959470906089,-0.8897829194482517,-0.3124452392570865,2.2944031281110373,1.9886684640449763,-0.6772519277744693,-0.9499400597599089,-0.06768974434224129,-0.11270349826842091,-0.6067740328895754,-0.28992134818515547,-0.34025884474167073,-0.624385593407752,-0.19773600093647767,-0.3464838893344493,8
-0.8571959470906089,-0.8897829194482517,-0.3124452392570865,-0.4358431993698036,-0.5028490259085154,-0.6772519277744693,1.0526979989166299,-0.06768974434224129,-0.11270349826842091,1.64805997916194,-0.28992134818515547,-0.34025884474167073,-0.624385593407752,-0.19773600093647767,-0.3464838893344493,5
0.8059917644104178,0.8637892611272914,-0.3124452392570865,-0.4358431993698036,-0.5028490259085154,1.251156970466471,-0.9499400597599089,-0.06768974434224129,-0.11270349826842091,1.64805997916194,-0.28992134818515547,-0.34025884474167073,-0.624385593407752,-0.19773600093647767,-0.3464838893344493,6
2.4691794759114445,-0.8897829194482517,-0.3124452392570865,-0.4358431993698036,-0.5028490259085154,1.251156970466471,1.0526979989166299,-0.06768974434224129,-0.11270349826842091,-0.6067740328895754,-0.28992134818515547,-0.34025884474167073,-0.624385593407752,-0.19773600093647767,-0.3464838893344493,5
-0.8571959470906089,-0.8897829194482517,3.200560848287335,2.2944031281110373,1.9886684640449763,-0.6772519277744693,1.0526979989166299,-0.06768974434224129,-0.11270349826842091,-0.6067740328895754,-0.28992134818515547,-0.34025884474167073,-0.624385593407752,-0.19773600093647767,-0.3464838893344493,9
-0.8571959470906089,-0.8897829194482517,-0.3124452392570865,2.2944031281110373,1.9886684640449763,-0.6772519277744693,1.0526979989166299,-0.06768974434224129,-0.11270349826842091,-0.6067740328895754,-0.28992134818515547,-0.34025884474167073,-0.624385593407752,-0.19773600093647767,-0.3464838893344493,9
2.4691794759114445,2.6173614417028346,-0.3124452392570865,-0.4358431993698036,-0.5028490259085154,-0.6772519277744693,-0.9499400597599089,-0.06768974434224129,-0.11270349826842091,1.64805997916194,-0.28992134818515547,-0.34025884474167073,-0.624385593407752,-0.19773600093647767,-0.3464838893344493,3
-0.8571959470906089,-0.8897829194482517,3.200560848287335,-0.4358431993698036,-0.5028490259085154,-0.6772519277744693,1.0526979989166299,-0.06768974434224129,-0.11270349826842091,-0.6067740328895754,-0.28992134818515547,-0.34025884474167073,1.601574428619071,-0.19773600093647767,-0.3464838893344493,4
0.8059917644104178,-0.8897829194482517,-0.3124452392570865,-0.4358431993698036,-0.5028490259085154,-0.6772519277744693,1.0526979989166299,-0.06768974434224129,-0.11270349826842091,-0.6067740328895754,-0.28992134818515547,-0.34025884474167073,-0.624385593407752,-0.19773600093647767,-0.3464838893344493,6
-0.8571959470906089,-0.8897829194482517,-0.3124452392570865,-0.4358431993698036,-0.5028490259085154,1.251156970466471,-0.9499400597599089,-0.06768974434224129,-0.11270349826842091,1.64805997916194,3.449211333555746,-0.34025884474167073,-0.624385593407752,-0.19773600093647767,-0.3464838893344493,8
-0.8571959470906089,-0.8897829194482517,-0.3124452392570865,2.2944031281110373,1.9886684640449763,-0.6772519277744693,1.0526979989166299,-0.06768974434224129,-0.11270349826842091,1.64805997916194,-0.28992134818515547,-0.34025884474167073,-0.624385593407752,-0.19773600093647767,-0.3464838893344493,5
0.8059917644104178,-0.8897829194482517,-0.3124452392570865,-0.4358431993698036,-0.5028490259085154,3.1795658687074115,-0.9499400597599089,-0.06768974434224129,-0.11270349826842091,-0.6067740328895754,-0.28992134818515547,-0.34025884474167073,-0.624385593407752,-0.19773600093647767,-0.3464838893344493,5
0.8059917644104178,-0.8897829194482517,-0.3124452392570865,-0.4358431993698036,1.9886684640449763,1.251156970466471,1.0526979989166299,-0.06768974434224129,-0.11270349826842091,-0.6067740328895754,-0.28992134818515547,-0.34025884474167073,1.601574428619071,-0.19773600093647767,-0.3464838893344493,6
-0.8571959470906089,-0.8897829194482517,-0.3124452392570865,-0.4358431993698036,-0.5028490259085154,-0.6772519277744693,1.0526979989166299,-0.06768974434224129,8.872839045495683,-0.6067740328895754,-0.28992134818515547,-0.34025884474167073,-0.624385593407752,-0.19773600093647767,-0.3464838893344493,8
-0.8571959470906089,-0.8897829194482517,-0.3124452392570865,2.2944031281110373,1.9886684640449763,-0.6772519277744693,-0.9499400597599089,-0.06768974434224129,-0.11270349826842091,-0.6067740328895754,-0.28992134818515547,-0.34025884474167073,-0.624385593407752,-0.19773600093647767,-0.3464838893344493,8
0.8059917644104178,-0.8897829194482517,-0.3124452392570865,-0.4358431993698036,1.9886684640449763,-0.6772519277744693,1.0526979989166299,-0.06768974434224129,-0.11270349826842091,-0.6067740328895754,-0.28992134818515547,-0.34025884474167073,-0.624385593407752,-0.19773600093647767,-0.3464838893344493,5
-0.8571959470906089,-0.8897829194482517,-0.3124452392570865,-0.4358431993698036,-0.5028490259085154,-0.6772519277744693,-0.9499400597599089,-0.06768974434224129,-0.11270349826842091,1.64805997916194,-0.28992134818515547,-0.34025884474167073,-0.624385593407752,-0.19773600093647767,-0.3464838893344493,5
-0.8571959470906089,-0.8897829194482517,-0.3124452392570865,-0.4358431993698036,-0.5028490259085154,-0.6772519277744693,-0.9499400597599089,-0.06768974434224129,-0.11270349826842091,-0.6067740328895754,-0.28992134818515547,-0.34025884474167073,-0.624385593407752,-0.19773600093647767,2.8861370781795084,8
-0.8571959470906089,0.8637892611272914,-0.3124452392570865,-0.4358431993698036,1.9886684640449763,1.251156970466471,1.0526979989166299,-0.06768974434224129,-0.11270349826842091,-0.6067740328895754,-0.28992134818515547,-0.34025884474167073,1.601574428619071,-0.19773600093647767,-0.3464838893344493,7
0.8059917644104178,0.8637892611272914,-0.3124452392570865,-0.4358431993698036,-0.5028490259085154,-0.6772519277744693,-0.9499400597599089,-0.06768974434224129,-0.11270349826842091,1.64805997916194,-0.28992134818515547,-0.34025884474167073,-0.624385593407752,-0.19773600093647767,-0.3464838893344493,3
-0.8571959470906089,-0.8897829194482517,-0.3124452392570865,-0.4358431993698036,-0.5028490259085154,-0.6772519277744693,-0.9499400597599089,-0.06768974434224129,-0.11270349826842091,-0.6067740328895754,-0.28992134818515547,2.938939032603881,1.601574428619071,-0.19773600093647767,-0.3464838893344493,7
-0.8571959470906089,-0.8897829194482517,-0.3124452392570865,2.2944031281110373,1.9886684640449763,-0.6772519277744693,1.0526979989166299,-0.06768974434224129,-0.11270349826842091,-0.6067740328895754,-0.28992134818515547,-0.34025884474167073,-0.624385593407752,-0.19773600093647767,-0.3464838893344493,9
0.8059917644104178,0.8637892611272914,-0.3124452392570865,-0.4358431993698036,-0.5028490259085154,-0.6772519277744693,-0.9499400597599089,-0.06768974434224129,-0.11270349826842091,1.64805997916194,3.449211333555746,-0.34025884474167073,-0.624385593407752,-0.19773600093647767,-0.3464838893344493,4
-0.8571959470906089,-0.8897829194482517,-0.3124452392570865,-0.4358431993698036,-0.5028490259085154,-0.6772519277744693,1.0526979989166299,-0.06768974434224129,-0.11270349826842091,-0.6067740328895754,-0.28992134818515547,-0.34025884474167073,-0.624385593407752,-0.19773600093647767,-0.3464838893344493,7
0.8059917644104178,0.8637892611272914,-0.3124452392570865,-0.4358431993698036,-0.5028490259085154,1.251156970466471,-0.9499400597599089,-0.06768974434224129,-0.11270349826842091,1.64805997916194,3.449211333555746,-0.34025884474167073,-0.624385593407752,-0.19773600093647767,-0.3464838893344493,5
-0.8571959470906089,-0.8897829194482517,-0.3124452392570865,-0.4358431993698036,-0.5028490259085154,-0.6772519277744693,1.0526979989166299,-0.06768974434224129,-0.11270349826842091,1.64805997916194,-0.28992134818515547,-0.34025884474167073,1.601574428619071,-0.19773600093647767,-0.3464838893344493,4
-0.8571959470906089,-0.8897829194482517,-0.3124452392570865,-0.4358431993698036,1.9886684640449763,1.251156970466471,-0.9499400597599089,-0.06768974434224129,-0.11270349826842091,-0.6067740328895754,-0.28992134818515547,-0.34025884474167073,-0.624385593407752,-0.19773600093647767,-0.3464838893344493,6
-0.8571959470906089,0.8637892611272914,-0.3124452392570865,-0.4358431993698036,-0.5028490259085154,1.251156970466471,-0.9499400597599089,-0.06768974434224129,-0.11270349826842091,-0.6067740328895754,-0.28992134818515547,-0.34025884474167073,-0.624385593407752,-0.19773600093647767,-0.3464838893344493,6
0.8059917644104178,0.8637892611272914,-0.3124452392570865,-0.4358431993698036,-0.5028490259085154,1.251156970466471,-0.9499400597599089,-0.06768974434224129,-0.11270349826842091,1.64805997916194,-0.28992134818515547,-0.34025884474167073,-0.624385593407752,-0.19773600093647767,-0.3464838893344493,7
0.8059917644104178,-0.8897829194482517,-0.3124452392570865,-0.4358431993698036,-0.5028490259085154,-0.6772519277744693,-0.9499400597599089,-0.06768974434224129,-0.11270349826842091,-0.6067740328895754,-0.28992134818515547,-0.34025884474167073,-0.624385593407752,5.057248023951126,-0.3464838893344493,7
-0.8571959470906089,-0.8897829194482517,3.200560848287335,2.2944031281110373,-0.5028490259085154,-0.6772519277744693,1.0526979989166299,-0.06768974434224129,-0.11270349826842091,-0.6067740328895754,-0.28992134818515547,-0.34025884474167073,-0.624385593407752,-0.19773600093647767,-0.3464838893344493,8
0.8059917644104178,0.8637892611272914,-0.3124452392570865,-0.4358431993698036,-0.5028490259085154,-0.6772519277744693,-0.9499400597599089,-0.06768974434224129,-0.11270349826842091,-0.6067740328895754,-0.28992134818515547,-0.34025884474167073,-0.624385593407752,-0.19773600093647767,2.8861370781795084,7
-0.8571959470906089,-0.8897829194482517,-0.3124452392570865,-0.4358431993698036,1.9886684640449763,-0.6772519277744693,1.0526979989166299,-0.06768974434224129,-0.11270349826842091,-0.6067740328895754,-0.28992134818515547,-0.34025884474167073,1.601574428619071,-0.19773600093647767,-0.3464838893344493,6
0.8059917644104178,0.8637892611272914,-0.3124452392570865,2.2944031281110373,-0.5028490259085154,-0.6772519277744693,1.0526979989166299,-0.06768974434224129,-0.11270349826842091,-0.6067740328895754,-0.28992134818515547,-0.34025884474167073,1.601574428619071,-0.19773600093647767,-0.3464838893344493,6
-0.8571959470906089,-0.8897829194482517,-0.3124452392570865,2.2944031281110373,-0.5028490259085154,-0.6772519277744693,1.0526979989166299,-0.06768974434224129,-0.11270349826842091,-0.6067740328895754,-0.28992134818515547,-0.34025884474167073,-0.624385593407752,-0.19773600093647767,-0.3464838893344493,8
-0.8571959470906089,-0.8897829194482517,3.200560848287335,-0.4358431993698036,-0.5028490259085154,-0.6772519277744693,-0.9499400597599089,-0.06768974434224129,-0.11270349826842091,-0.6067740328895754,-0.28992134818515547,-0.34025884474167073,1.601574428619071,-0.19773600093647767,-0.3464838893344493,6
-0.8571959470906089,-0.8897829194482517,-0.3124452392570865,-0.4358431993698036,-0.5028490259085154,1.251156970466471,-0.9499400597599089,-0.06768974434224129,-0.11270349826842091,-0.6067740328895754,-0.28992134818515547,-0.34025884474167073,-0.624385593407752,-0.19773600093647767,2.8861370781795084,6
-0.8571959470906089,-0.8897829194482517,-0.3124452392570865,-0.4358431993698036,1.9886684640449763,-0.6772519277744693,-0.9499400597599089,-0.06768974434224129,-0.11270349826842091,-0.6067740328895754,-0.28992134818515547,-0.34025884474167073,-0.624385593407752,-0.19773600093647767,-0.3464838893344493,7
-0.8571959470906089,0.8637892611272914,-0.3124452392570865,-0.4358431993698036,-0.5028490259085154,-0.6772519277744693,-0.9499400597599089,-0.06768974434224129,-0.11270349826842091,1.64805997916194,-0.28992134818515547,-0.34025884474167073,-0.624385593407752,-0.19773600093647767,-0.3464838893344493,7
-0.8571959470906089,-0.8897829194482517,3.200560848287335,2.2944031281110373,-0.5028490259085154,-0.6772519277744693,1.0526979989166299,-0.06768974434224129,-0.11270349826842091,-0.6067740328895754,-0.28992134818515547,-0.34025884474167073,-0.624385593407752,-0.19773600093647767,-0.3464838893344493,8
0.8059917644104178,-0.8897829194482517,-0.3124452392570865,-0.4358431993698036,-0.5028490259085154,-0.6772519277744693,-0.9499400597599089,-0.06768974434224129,-0.11270349826842091,1.64805997916194,-0.28992134818515547,-0.34025884474167073,-0.624385593407752,-0.19773600093647767,-0.3464838893344493,6
0.8059917644104178,0.8637892611272914,-0.3124452392570865,-0.4358431993698036,1.9886684640449763,-0.6772519277744693,-0.9499400597599089,-0.06768974434224129,-0.11270349826842091,-0.6067740328895754,-0.28992134818515547,-0.34025884474167073,-0.624385593407752,-0.19773600093647767,-0.3464838893344493,4
-0.8571959470906089,-0.8897829194482517,-0.3124452392570865,-0.4358431993698036,1.9886684640449763,-0.6772519277744693,1.0526979989166299,-0.06768974434224129,-0.11270349826842091,-0.6067740328895754,-0.28992134818515547,-0.34025884474167073,1.601574428619071,-0.19773600093647767,-0.3464838893344493,8
-0.8571959470906089,0.8637892611272914,-0.3124452392570865,-0.4358431993698036,-0.5028490259085154,-0.6772519277744693,-0.9499400597599089,-0.06768974434224129,-0.11270349826842091,1.64805997916194,-0.28992134818515547,-0.34025884474167073,-0.624385593407752,-0.19773600093647767,2.8861370781795084,4
0.8059917644104178,0.8637892611272914,-0.3124452392570865,-0.4358431993698036,-0.5028490259085154,-0.6772519277744693,1.0526979989166299,-0.06768974434224129,-0.11270349826842091,1.64805997916194,-0.28992134818515547,-0.34025884474167073,1.601574428619071,-0.19773600093647767,-0.3464838893344493,4
-0.8571959470906089,-0.8897829194482517,-0.3124452392570865,-0.4358431993698036,-0.5028490259085154,-0.6772519277744693,1.0526979989166299,-0.06768974434224129,8.872839045495683,-0.6067740328895754,-0.28992134818515547,-0.34025884474167073,-0.624385593407752,-0.19773600093647767,-0.3464838893344493,7
0.8059917644104178,0.8637892611272914,-0.3124452392570865,-0.4358431993698036,-0.5028490259085154,-0.6772519277744693,-0.9499400597599089,-0.06768974434224129,-0.11270349826842091,-0.6067740328895754,-0.28992134818515547,-0.34025884474167073,1.601574428619071,-0.19773600093647767,-0.3464838893344493,4
0.8059917644104178,-0.8897829194482517,-0.3124452392570865,-0.4358431993698036,1.9886684640449763,-0.6772519277744693,-0.9499400597599089,-0.06768974434224129,-0.11270349826842091,-0.6067740328895754,-0.28992134818515547,-0.34025884474167073,-0.624385593407752,-0.19773600093647767,-0.3464838893344493,5
2.4691794759114445,-0.8897829194482517,-0.3124452392570865,-0.4358431993698036,-0.5028490259085154,-0.6772519277744693,-0.9499400597599089,-0.06768974434224129,-0.11270349826842091,-0.6067740328895754,-0.28992134818515547,-0.34025884474167073,-0.624385593407752,-0.19773600093647767,2.8861370781795084,6
-0.8571959470906089,-0.8897829194482517,-0.3124452392570865,-0.4358431993698036,-0.5028490259085154,-0.6772519277744693,1.0526979989166299,-0.06768974434224129,-0.11270349826842091,-0.6067740328895754,-0.28992134818515547,-0.34025884474167073,-0.624385593407752,-0.19773600093647767,-0.3464838893344493,7
0.8059917644104178,0.8637892611272914,-0.3124452392570865,-0.4358431993698036,-0.5028490259085154,-0.6772519277744693,-0.9499400597599089,-0.06768974434224129,-0.11270349826842091,1.64805997916194,-0.28992134818515547,-0.34025884474167073,-0.624385593407752,-0.19773600093647767,2.8861370781795084,3
-0.8571959470906089,-0.8897829194482517,3.200560848287335,2.2944031281110373,-0.5028490259085154,-0.6772519277744693,1.0526979989166299,-0.06768974434224129,-0.11270349826842091,-0.6067740328895754,-0.28992134818515547,-0.34025884474167073,-0.624385593407752,-0.19773600093647767,-0.3464838893344493,8
0.8059917644104178,-0.8897829194482517,-0.3124452392570865,-0.4358431993698036,1.9886684640449763,-0.6772519277744693,1.0526979989166299,-0.06768974434224129,-0.11270349826842091,-0.6067740328895754,-0.28992134818515547,-0.34025884474167073,-0.624385593407752,-0.19773600093647767,-0.3464838893344493,7
0.8059917644104178,-0.8897829194482517,-0.3124452392570865,-0.4358431993698036,1.9886684640449763,-0.6772519277744693,-0.9499400597599089,-0.06768974434224129,-0.11270349826842091,-0.6067740328895754,-0.28992134818515547,-0.34025884474167073,1.601574428619071,-0.19773600093647767,-0.3464838893344493,7
-0.8571959470906089,0.8637892611272914,-0.3124452392570865,-0.4358431993698036,-0.5028490259085154,1.251156970466471,-0.9499400597599089,-0.06768974434224129,-0.11270349826842091,-0.6067740328895754,-0.28992134818515547,-0.34025884474167073,-0.624385593407752,5.057248023951126,-0.3464838893344493,6
-0.8571959470906089,-0.8897829194482517,3.200560848287335,-0.4358431993698036,-0.5028490259085154,-0.6772519277744693,-0.9499400597599089,-0.06768974434224129,-0.11270349826842091,-0.6067740328895754,3.449211333555746,-0.34025884474167073,-0.624385593407752,-0.19773600093647767,-0.3464838893344493,7
-0.8571959470906089,0.8637892611272914,-0.3124452392570865,-0.4358431993698036,-0.5028490259085154,-0.6772519277744693,-0.9499400597599089,-0.06768974434224129,-0.11270349826842091,1.64805997916194,-0.28992134818515547,-0.34025884474167073,-0.624385593407752,-0.19773600093647767,-0.3464838893344493,3
0.8059917644104178,-0.8897829194482517,-0.3124452392570865,-0.4358431993698036,-0.5028490259085154,-0.6772519277744693,1.0526979989166299,-0.06768974434224129,-0.11270349826842091,-0.6067740328895754,-0.28992134818515547,-0.34025884474167073,1.601574428619071,-0.19773600093647767,-0.3464838893344493,4
-0.8571959470906089,-0.8897829194482517,3.200560848287335,-0.4358431993698036,1.9886684640449763,-0.6772519277744693,1.0526979989166299,-0.06768974434224129,-0.11270349826842091,-0.6067740328895754,-0.28992134818515547,-0.34025884474167073,-0.624385593407752,-0.19773600093647767,-0.3464838893344493,8
-0.8571959470906089,-0.8897829194482517,-0.3124452392570865,-0.4358431993698036,-0.5028490259085154,1.251156970466471,1.0526979989166299,-0.06768974434224129,-0.11270349826842091,-0.6067740328895754,-0.28992134818515547,-0.34025884474167073,-0.624385593407752,-0.19773600093647767,-0.3464838893344493,6
0.8059917644104178,-0.8897829194482517,-0.3124452392570865,-0.4358431993698036,-0.5028490259085154,-0.6772519277744693,-0.9499400597599089,-0.06768974434224129,-0.11270349826842091,-0.6067740328895754,3.449211333555746,-0.34025884474167073,-0.624385593407752,-0.19773600093647767,-0.3464838893344493,6
-0.8571959470906089,-0.8897829194482517,-0.3124452392570865,-0.4358431993698036,-0.5028490259085154,-0.6772519277744693,1.0526979989166299,-0.06768974434224129,-0.11270349826842091,1.64805997916194,-0.28992134818515547,-0.34025884474167073,-0.624385593407752,-0.19773600093647767,-0.3464838893344493,8
0.8059917644104178,0.8637892611272914,-0.3124452392570865,-0.4358431993698036,-0.5028490259085154,1.251156970466471,1.0526979989166299,-0.06768974434224129,-0.11270349826842091,-0.6067740328895754,-0.28992134818515547,2.938939032603881,-0.624385593407752,-0.19773600093647767,-0.3464838893344493,2
2.4691794759114445,0.8637892611272914,-0.3124452392570865,-0.4358431993698036,-0.5028490259085154,3.1795658687074115,-0.9499400597599089,-0.06768974434224129,-0.11270349826842091,-0.6067740328895754,-0.28992134818515547,-0.34025884474167073,-0.624385593407752,-0.19773600093647767,-0.3464838893344493,4
-0.8571959470906089,-0.8897829194482517,3.200560848287335,-0.4358431993698036,-0.5028490259085154,-0.6772519277744693,-0.9499400597599089,-0.06768974434224129,-0.11270349826842091,-0.6067740328895754,-0.28992134818515547,-0.34025884474167073,-0.624385593407752,-0.19773600093647767,2.8861370781795084,7
0.8059917644104178,0.8637892611272914,-0.3124452392570865,-0.4358431993698036,-0.5028490259085154,1.251156970466471,-0.9499400597599089,-0.06768974434224129,-0.11270349826842091,-0.6067740328895754,-0.28992134818515547,2.938939032603881,1.601574428619071,-0.19773600093647767,-0.3464838893344493,4
-0.8571959470906089,-0.8897829194482517,3.200560848287335,-0.4358431993698036,-0.5028490259085154,-0.6772519277744693,1.0526979989166299,-0.06768974434224129,-0.11270349826842091,-0.6067740328895754,-0.28992134818515547,-0.34025884474167073,-0.624385593407752,-0.19773600093647767,2.8861370781795084,8
-0.8571959470906089,2.6173614417028346,-0.3124452392570865,-0.4358431993698036,-0.5028490259085154,-0.6772519277744693,-0.9499400597599089,-0.06768974434224129,-0.11270349826842091,1.64805997916194,-0.28992134818515547,-0.34025884474167073,-0.624385593407752,-0.19773600093647767,-0.3464838893344493,2
0.8059917644104178,-0.8897829194482517,3.200560848287335,-0.4358431993698036,1.9886684640449763,-0.6772519277744693,-0.9499400597599089,-0.06768974434224129,-0.11270349826842091,-0.6067740328895754,-0.28992134818515547,-0.34025884474167073,-0.624385593407752,-0.19773600093647767,-0.3464838893344493,8
0.8059917644104178,-0.8897829194482517,3.200560848287335,-0.4358431993698036,-0.5028490259085154,1.251156970466471,-0.9499400597599089,-0.06768974434224129,-0.11270349826842091,-0.6067740328895754,-0.28992134818515547,-0.34025884474167073,-0.624385593407752,-0.19773600093647767,2.8861370781795084,6
-0.8571959470906089,-0.8897829194482517,-0.3124452392570865,-0.4358431993698036,1.9886684640449763,-0.6772519277744693,1.0526979989166299,-0.06768974434224129,-0.11270349826842091,-0.6067740328895754,-0.28992134818515547,-0.34025884474167073,-0.624385593407752,-0.19773600093647767,2.8861370781795084,7
-0.8571959470906089,-0.8897829194482517,-0.3124452392570865,2.2944031281110373,-0.5028490259085154,-0.6772519277744693,-0.9499400597599089,-0.06768974434224129,-0.11270349826842091,-0.6067740328895754,-0.28992134818515547,-0.34025884474167073,-0.624385593407752,-0.19773600093647767,-0.3464838893344493,7
0.8059917644104178,0.8637892611272914,-0.3124452392570865,-0.4358431993698036,-0.5028490259085154,-0.6772519277744693,1.0526979989166299,-0.06768974434224129,-0.11270349826842091,-0.6067740328895754,-0.28992134818515547,-0.34025884474167073,1.601574428619071,-0.19773600093647767,-0.3464838893344493,5
0.8059917644104178,-0.8897829194482517,-0.3124452392570865,2.2944031281110373,1.9886684640449763,1.251156970466471,1.0526979989166299,-0.06768974434224129,-0.11270349826842091,-0.6067740328895754,-0.28992134818515547,-0.34025884474167073,-0.624385593407752,-0.19773600093647767,-0.3464838893344493,7
0.8059917644104178,0.8637892611272914,-0.3124452392570865,2.2944031281110373,-0.5028490259085154,1.251156970466471,1.0526979989166299,-0.06768974434224129,-0.11270349826842091,-0.6067740328895754,-0.28992134818515547,-0.34025884474167073,1.601574428619071,-0.19773600093647767,-0.3464838893344493,7
-0.8571959470906089,-0.8897829194482517,-0.3124452392570865,-0.4358431993698036,-0.5028490259085154,-0.6772519277744693,1.0526979989166299,-0.06768974434224129,-0.11270349826842091,-0.6067740328895754,-0.28992134818515547,-0.34025884474167073,-0.624385593407752,-0.19773600093647767,2.8861370781795084,7
2.4691794759114445,-0.8897829194482517,-0.3124452392570865,-0.4358431993698036,-0.5028490259085154,3.1795658687074115,-0.9499400597599089,-0.06768974434224129,-0.11270349826842091,-0.6067740328895754,-0.28992134818515547,-0.34025884474167073,-0.624385593407752,-0.19773600093647767,-0.3464838893344493,3
-0.8571959470906089,-0.8897829194482517,-0.3124452392570865,-0.4358431993698036,-0.5028490259085154,1.251156970466471,1.0526979989166299,-0.06768974434224129,-0.11270349826842091,-0.6067740328895754,-0.28992134818515547,2.938939032603881,1.601574428619071,-0.19773600093647767,-0.3464838893344493,8
0.8059917644104178,0.8637892611272914,-0.3124452392570865,-0.4358431993698036,-0.5028490259085154,-0.6772519277744693,1.0526979989166299,-0.06768974434224129,-0.11270349826842091,-0.6067740328895754,-0.28992134818515547,-0.34025884474167073,-0.624385593407752,-0.19773600093647767,-0.3464838893344493,4
-0.8571959470906089,0.8637892611272914,-0.3124452392570865,-0.4358431993698036,1.9886684640449763,-0.6772519277744693,-0.9499400597599089,-0.06768974434224129,-0.11270349826842091,-0.6067740328895754,-0.28992134818515547,-0.34025884474167073,1.601574428619071,-0.19773600093647767,-0.3464838893344493,5
-0.8571959470906089,-0.8897829194482517,-0.3124452392570865,-0.4358431993698036,-0.5028490259085154,-0.6772519277744693,1.0526979989166299,-0.06768974434224129,-0.11270349826842091,-0.6067740328895754,3.449211333555746,-0.34025884474167073,-0.624385593407752,-0.19773600093647767,-0.3464838893344493,7
-0.8571959470906089,-0.8897829194482517,-0.3124452392570865,-0.4358431993698036,-0.5028490259085154,-0.6772519277744693,-0.9499400597599089,-0.06768974434224129,-0.11270349826842091,1.64805997916194,-0.28992134818515547,-0.34025884474167073,-0.624385593407752,-0.19773600093647767,-0.3464838893344493,8
0.8059917644104178,0.8637892611272914,-0.3124452392570865,-0.4358431993698036,-0.5028490259085154,1.251156970466471,1.0526979989166299,-0.06768974434224129,-0.11270349826842091,1.64805997916194,-0.28992134818515547,2.938939032603881,-0.624385593407752,-0.19773600093647767,-0.3464838893344493,7
0.8059917644104178,0.8637892611272914,-0.3124452392570865,-0.4358431993698036,-0.5028490259085154,1.251156970466471,-0.9499400597599089,-0.06768974434224129,-0.11270349826842091,-0.6067740328895754,-0.28992134818515547,-0.34025884474167073,-0.624385593407752,-0.19773600093647767,2.8861370781795084,6
-0.8571959470906089,-0.8897829194482517,3.200560848287335,2.2944031281110373,1.9886684640449763,-0.6772519277744693,-0.9499400597599089,-0.06768974434224129,-0.11270349826842091,-0.6067740328895754,-0.28992134818515547,-0.34025884474167073,-0.624385593407752,-0.19773600093647767,-0.3464838893344493,9
-0.8571959470906089,0.8637892611272914,-0.3124452392570865,-0.4358431993698036,-0.5028490259085154,-0.6772519277744693,-0.9499400597599089,-0.06768974434224129,-0.11270349826842091,1.64805997916194,-0.28992134818515547,2.938939032603881,-0.624385593407752,-0.19773600093647767,-0.3464838893344493,4
-0.8571959470906089,-0.8897829194482517,-0.3124452392570865,2.2944031281110373,-0.5028490259085154,-0.6772519277744693,-0.9499400597599089,-0.06768974434224129,-0.11270349826842091,-0.6067740328895754,-0.28992134818515547,-0.34025884474167073,-0.624385593407752,-0.19773600093647767,-0.3464838893344493,6
0.8059917644104178,-0.8897829194482517,-0.3124452392570865,-0.4358431993698036,-0.5028490259085154,1.251156970466471,1.0526979989166299,-0.06768974434224129,-0.11270349826842091,-0.6067740328895754,-0.28992134818515547,-0.34025884474167073,1.601574428619071,-0.19773600093647767,-0.3464838893344493,6
-0.8571959470906089,-0.8897829194482517,-0.3124452392570865,-0.4358431993698036,-0.5028490259085154,1.251156970466471,1.0526979989166299,-0.06768974434224129,-0.11270349826842091,-0.6067740328895754,-0.28992134818515547,-0.34025884474167073,-0.624385593407752,-0.19773600093647767,-0.3464838893344493,5
0.8059917644104178,0.8637892611272914,-0.3124452392570865,-0.4358431993698036,-0.5028490259085154,-0.6772519277744693,1.0526979989166299,-0.06768974434224129,-0.11270349826842091,1.64805997916194,-0.28992134818515547,2.938939032603881,-0.624385593407752,-0.19773600093647767,-0.3464838893344493,6
-0.8571959470906089,-0.8897829194482517,-0.3124452392570865,-0.4358431993698036,-0.5028490259085154,-0.6772519277744693,-0.9499400597599089,-0.06768974434224129,-0.11270349826842091,-0.6067740328895754,3.449211333555746,-0.34025884474167073,-0.624385593407752,-0.19773600093647767,2.8861370781795084,8
0.8059917644104178,0.8637892611272914,-0.3124452392570865,-0.4358431993698036,-0.5028490259085154,-0.6772519277744693,1.0526979989166299,-0.06768974434224129,-0.11270349826842091,1.64805997916194,-0.28992134818515547,-0.34025884474167073,-0.624385593407752,-0.19773600093647767,-0.3464838893344493,7
-0.8571959470906089,-0.8897829194482517,-0.3124452392570865,2.2944031281110373,1.9886684640449763,-0.6772519277744693,1.0526979989166299,-0.06768974434224129,-0.11270349826842091,-0.6067740328895754,-0.28992134818515547,-0.34025884474167073,-0.624385593407752,-0.19773600093647767,-0.3464838893344493,9
0.8059917644104178,0.8637892611272914,-0.3124452392570865,-0.4358431993698036,-0.5028490259085154,-0.6772519277744693,-0.9499400597599089,-0.06768974434224129,-0.11270349826842091,-0.6067740328895754,-0.28992134818515547,-0.34025884474167073,1.601574428619071,-0.19773600093647767,-0.3464838893344493,6
0.8059917644104178,-0.8897829194482517,-0.3124452392570865,-0.4358431993698036,-0.5028490259085154,-0.6772519277744693,-0.9499400597599089,-0.06768974434224129,-0.11270349826842091,-0.6067740328895754,-0.28992134818515547,-0.34025884474167073,1.601574428619071,-0.19773600093647767,-0.3464838893344493,8
0.8059917644104178,-0.8897829194482517,-0.3124452392570865,-0.4358431993698036,-0.5028490259085154,-0.6772519277744693,1.0526979989166299,-0.06768974434224129,-0.11270349826842091,-0.6067740328895754,-0.28992134818515547,-0.34025884474167073,-0.624385593407752,-0.19773600093647767,-0.3464838893344493,6
0.8059917644104178,0.8637892611272914,-0.3124452392570865,-0.4358431993698036,-0.5028490259085154,1.251156970466471,-0.9499400597599089,-0.06768974434224129,-0.11270349826842091,-0.6067740328895754,3.449211333555746,-0.34025884474167073,-0.624385593407752,-0.19773600093647767,2.8861370781795084,8
-0.8571959470906089,-0.8897829194482517,-0.3124452392570865,-0.4358431993698036,-0.5028490259085154,-0.6772519277744693,1.0526979989166299,-0.06768974434224129,-0.11270349826842091,-0.6067740328895754,-0.28992134818515547,2.938939032603881,-0.624385593407752,-0.19773600093647767,-0.3464838893344493,5
-0.8571959470906089,0.8637892611272914,-0.3124452392570865,-0.4358431993698036,-0.5028490259085154,-0.6772519277744693,-0.9499400597599089,-0.06768974434224129,-0.11270349826842091,1.64805997916194,-0.28992134818515547,-0.34025884474167073,-0.624385593407752,-0.19773600093647767,-0.3464838893344493,4
-0.8571959470906089,-0.8897829194482517,-0.3124452392570865,-0.4358431993698036,1.9886684640449763,-0.6772519277744693,1.0526979989166299,-0.06768974434224129,-0.11270349826842091,-0.6067740328895754,-0.28992134818515547,-0.34025884474167073,-0.624385593407752,-0.19773600093647767,-0.3464838893344493,8
0.8059917644104178,0.8637892611272914,-0.3124452392570865,-0.4358431993698036,-0.5028490259085154,-0.6772519277744693,-0.9499400597599089,-0.06768974434224129,-0.11270349826842091,-0.6067740328895754,3.449211333555746,-0.34025884474167073,-0.624385593407752,-0.19773600093647767,-0.3464838893344493,5
0.8059917644104178,2.6173614417028346,-0.3124452392570865,-0.4358431993698036,-0.5028490259085154,1.251156970466471,1.0526979989166299,-0.06768974434224129,-0.11270349826842091,1.64805997916194,-0.28992134818515547,-0.34025884474167073,-0.624385593407752,-0.19773600093647767,-0.3464838893344493,3
0.8059917644104178,0.8637892611272914,-0.3124452392570865,-0.4358431993698036,-0.5028490259085154,-0.6772519277744693,-0.9499400597599089,-0.06768974434224129,-0.11270349826842091,-0.6067740328895754,-0.28992134818515547,-0.34025884474167073,-0.624385593407752,-0.19773600093647767,-0.3464838893344493,6
-0.8571959470906089,-0.8897829194482517,-0.3124452392570865,2.2944031281110373,1.9886684640449763,-0.6772519277744693,1.0526979989166299,-0.06768974434224129,-0.11270349826842091,-0.6067740328895754,-0.28992134818515547,-0.34025884474167073,1.601574428619071,-0.19773600093647767,-0.3464838893344493,9
-0.8571959470906089,-0.8897829194482517,3.200560848287335,2.2944031281110373,-0.5028490259085154,-0.6772519277744693,-0.9499400597599089,-0.06768974434224129,-0.11270349826842091,-0.6067740328895754,-0.28992134818515547,-0.34025884474167073,-0.624385593407752,-0.19773600093647767,-0.3464838893344493,9
0.8059917644104178,-0.8897829194482517,-0.3124452392570865,-0.4358431993698036,-0.5028490259085154,-0.6772519277744693,1.0526979989166299,-0.06768974434224129,-0.11270349826842091,1.64805997916194,-0.28992134818515547,-0.34025884474167073,-0.624385593407752,-0.19773600093647767,-0.3464838893344493,4
-0.8571959470906089,0.8637892611272914,-0.3124452392570865,-0.4358431993698036,1.9886684640449763,1.251156970466471,1.0526979989166299,-0.06768974434224129,-0.11270349826842091,-0.6067740328895754,-0.28992134818515547,-0.34025884474167073,-0.624385593407752,-0.19773600093647767,-0.3464838893344493,7
0.8059917644104178,0.8637892611272914,-0.3124452392570865,-0.4358431993698036,-0.5028490259085154,-0.6772519277744693,-0.9499400597599089,-0.06768974434224129,-0.11270349826842091,1.64805997916194,-0.28992134818515547,-0.34025884474167073,-0.624385593407752,-0.19773600093647767,-0.3464838893344493,4
-0.8571959470906089,0.8637892611272914,-0.3124452392570865,-0.4358431993698036,-0.5028490259085154,-0.6772519277744693,-0.9499400597599089,-0.06768974434224129,-0.11270349826842091,-0.6067740328895754,3.449211333555746,-0.34025884474167073,-0.624385593407752,-0.19773600093647767,-0.3464838893344493,4
-0.8571959470906089,0.8637892611272914,-0.3124452392570865,-0.4358431993698036,-0.5028490259085154,-0.6772519277744693,-0.9499400597599089,-0.06768974434224129,-0.11270349826842091,-0.6067740328895754,-0.28992134818515547,-0.34025884474167073,-0.624385593407752,-0.19773600093647767,-0.3464838893344493,4
0.8059917644104178,0.8637892611272914,-0.3124452392570865,-0.4358431993698036,-0.5028490259085154,-0.6772519277744693,1.0526979989166299,-0.06768974434224129,-0.11270349826842091,-0.6067740328895754,-0.28992134818515547,-0.34025884474167073,-0.624385593407752,-0.19773600093647767,-0.3464838893344493,6
-0.8571959470906089,0.8637892611272914,-0.3124452392570865,-0.4358431993698036,-0.5028490259085154,1.251156970466471,-0.9499400597599089,-0.06768974434224129,-0.11270349826842091,1.64805997916194,-0.28992134818515547,-0.34025884474167073,-0.624385593407752,-0.19773600093647767,-0.3464838893344493,7
-0.8571959470906089,-0.8897829194482517,3.200560848287335,-0.4358431993698036,-0.5028490259085154,-0.6772519277744693,-0.9499400597599089,-0.06768974434224129,-0.11270349826842091,-0.6067740328895754,-0.28992134818515547,-0.34025884474167073,-0.624385593407752,-0.19773600093647767,2.8861370781795084,8
-0.8571959470906089,-0.8897829194482517,3.200560848287335,2.2944031281110373,1.9886684640449763,-0.6772519277744693,1.0526979989166299,-0.06768974434224129,-0.11270349826842091,-0.6067740328895754,-0.28992134818515547,-0.34025884474167073,-0.624385593407752,-0.19773600093647767,-0.3464838893344493,7
-0.8571959470906089,-0.8897829194482517,-0.3124452392570865,2.2944031281110373,-0.5028490259085154,-0.6772519277744693,1.0526979989166299,-0.06768974434224129,-0.11270349826842091,1.64805997916194,-0.28992134818515547,-0.34025884474167073,-0.624385593407752,-0.19773600093647767,-0.3464838893344493,8
0.8059917644104178,0.8637892611272914,-0.3124452392570865,-0.4358431993698036,-0.5028490259085154,1.251156970466471,-0.9499400597599089,-0.06768974434224129,-0.11270349826842091,-0.6067740328895754,-0.28992134818515547,-0.34025884474167073,-0.624385593407752,-0.19773600093647767,-0.3464838893344493,5
-0.8571959470906089,-0.8897829194482517,-0.3124452392570865,-0.4358431993698036,-0.5028490259085154,-0.6772519277744693,-0.9499400597599089,-0.06768974434224129,-0.11270349826842091,-0.6067740328895754,-0.28992134818515547,-0.34025884474167073,-0.624385593407752,-0.19773600093647767,2.8861370781795084,7
-0.8571959470906089,-0.8897829194482517,-0.3124452392570865,-0.4358431993698036,1.9886684640449763,-0.6772519277744693,-0.9499400597599089,-0.06768974434224129,-0.11270349826842091,1.64805997916194,-0.28992134818515547,-0.34025884474167073,-0.624385593407752,-0.19773600093647767,-0.3464838893344493,5
-0.8571959470906089,-0.8897829194482517,-0.3124452392570865,2.2944031281110373,-0.5028490259085154,-0.6772519277744693,-0.9499400597599089,-0.06768974434224129,-0.11270349826842091,-0.6067740328895754,-0.28992134818515547,-0.34025884474167073,1.601574428619071,-0.19773600093647767,-0.3464838893344493,8
0.8059917644104178,0.8637892611272914,-0.3124452392570865,-0.4358431993698036,-0.5028490259085154,-0.6772519277744693,1.0526979989166299,-0.06768974434224129,-0.11270349826842091,1.64805997916194,-0.28992134818515547,-0.34025884474167073,1.601574428619071,-0.19773600093647767,-0.3464838893344493,4
0.8059917644104178,2.6173614417028346,-0.3124452392570865,-0.4358431993698036,-0.5028490259085154,1.251156970466471,-0.9499400597599089,-0.06768974434224129,-0.11270349826842091,1.64805997916194,-0.28992134818515547,-0.34025884474167073,-0.624385593407752,-0.19773600093647767,-0.3464838893344493,4
-0.8571959470906089,-0.8897829194482517,-0.3124452392570865,2.2944031281110373,-0.5028490259085154,-0.6772519277744693,1.0526979989166299,-0.06768974434224129,-0.11270349826842091,-0.6067740328895754,-0.28992134818515547,-0.34025884474167073,-0.624385593407752,-0.19773600093647767,-0.3464838893344493,8
-0.8571959470906089,-0.8897829194482517,-0.3124452392570865,2.2944031281110373,1.9886684640449763,-0.6772519277744693,1.0526979989166299,-0.06768974434224129,-0.11270349826842091,-0.6067740328895754,-0.28992134818515547,-0.34025884474167073,-0.624385593407752,-0.19773600093647767,-0.3464838893344493,8
2.4691794759114445,-0.8897829194482517,-0.3124452392570865,-0.4358431993698036,-0.5028490259085154,1.251156970466471,-0.9499400597599089,-0.06768974434224129,-0.11270349826842091,-0.6067740328895754,-0.28992134818515547,-0.34025884474167073,-0.624385593407752,-0.19773600093647767,2.8861370781795084,4
-0.8571959470906089,0.8637892611272914,-0.3124452392570865,-0.4358431993698036,-0.5028490259085154,-0.6772519277744693,1.0526979989166299,-0.06768974434224129,-0.11270349826842091,-0.6067740328895754,-0.28992134818515547,-0.34025884474167073,-0.624385593407752,-0.19773600093647767,2.8861370781795084,7
-0.8571959470906089,-0.8897829194482517,-0.3124452392570865,2.2944031281110373,-0.5028490259085154,-0.6772519277744693,1.0526979989166299,-0.06768974434224129,8.872839045495683,-0.6067740328895754,-0.28992134818515547,-0.34025884474167073,-0.624385593407752,-0.19773600093647767,-0.3464838893344493,8
2.4691794759114445,-0.8897829194482517,-0.3124452392570865,-0.4358431993698036,-0.5028490259085154,1.251156970466471,-0.9499400597599089,-0.06768974434224129,-0.11270349826842091,1.64805997916194,-0.28992134818515547,-0.34025884474167073,-0.624385593407752,-0.19773600093647767,-0.3464838893344493,5
0.8059917644104178,0.8637892611272914,-0.3124452392570865,-0.4358431993698036,-0.5028490259085154,1.251156970466471,-0.9499400597599089,-0.06768974434224129,-0.11270349826842091,-0.6067740328895754,-0.28992134818515547,-0.34025884474167073,1.601574428619071,5.057248023951126,-0.3464838893344493,6
-0.8571959470906089,0.8637892611272914,-0.3124452392570865,-0.4358431993698036,-0.5028490259085154,1.251156970466471,-0.9499400597599089,-0.06768974434224129,-0.11270349826842091,1.64805997916194,-0.28992134818515547,-0.34025884474167073,-0.624385593407752,-0.19773600093647767,-0.3464838893344493,7
0.8059917644104178,0.8637892611272914,-0.3124452392570865,-0.4358431993698036,1.9886684640449763,1.251156970466471,1.0526979989166299,-0.06768974434224129,-0.11270349826842091,-0.6067740328895754,-0.28992134818515547,-0.34025884474167073,-0.624385593407752,-0.19773600093647767,-0.3464838893344493,7
-0.8571959470906089,-0.8897829194482517,-0.3124452392570865,-0.4358431993698036,-0.5028490259085154,1.251156970466471,1.0526979989166299,-0.06768974434224129,-0.11270349826842091,-0.6067740328895754,-0.28992134818515547,-0.34025884474167073,-0.624385593407752,-0.19773600093647767,-0.3464838893344493,6
-0.8571959470906089,-0.8897829194482517,3.200560848287335,-0.4358431993698036,-0.5028490259085154,-0.6772519277744693,1.0526979989166299,-0.06768974434224129,-0.11270349826842091,-0.6067740328895754,-0.28992134818515547,-0.34025884474167073,-0.624385593407752,-0.19773600093647767,2.8861370781795084,9
-0.8571959470906089,-0.8897829194482517,-0.3124452392570865,2.2944031281110373,-0.5028490259085154,-0.6772519277744693,1.0526979989166299,-0.06768974434224129,-0.11270349826842091,-0.6067740328895754,-0.28992134818515547,-0.34025884474167073,-0.624385593407752,-0.19773600093647767,-0.3464838893344493,6
0.8059917644104178,0.8637892611272914,-0.3124452392570865,-0.4358431993698036,-0.5028490259085154,1.251156970466471,1.0526979989166299,-0.06768974434224129,-0.11270349826842091,1.64805997916194,-0.28992134818515547,-0.34025884474167073,1.601574428619071,-0.19773600093647767,-0.3464838893344493,7
-0.8571959470906089,-0.8897829194482517,-0.3124452392570865,-0.4358431993698036,-0.5028490259085154,-0.6772519277744693,-0.9499400597599089,-0.06768974434224129,-0.11270349826842091,1.64805997916194,-0.28992134818515547,-0.34025884474167073,1.601574428619071,-0.19773600093647767,-0.3464838893344493,5
0.8059917644104178,0.8637892611272914,-0.3124452392570865,-0.4358431993698036,-0.5028490259085154,1.251156970466471,1.0526979989166299,-0.06768974434224129,-0.11270349826842091,-0.6067740328895754,-0.28992134818515547,2.938939032603881,-0.624385593407752,-0.19773600093647767,-0.3464838893344493,3
0.8059917644104178,0.8637892611272914,-0.3124452392570865,-0.4358431993698036,-0.5028490259085154,1.251156970466471,-0.9499400597599089,-0.06768974434224129,-0.11270349826842091,-0.6067740328895754,-0.28992134818515547,-0.34025884474167073,1.601574428619071,-0.19773600093647767,-0.3464838893344493,7
0.8059917644104178,0.8637892611272914,-0.3124452392570865,-0.4358431993698036,-0.5028490259085154,1.251156970466471,1.0526979989166299,-0.06768974434224129,-0.11270349826842091,-0.6067740328895754,-0.28992134818515547,-0.34025884474167073,1.601574428619071,-0.19773600093647767,-0.3464838893344493,7
0.8059917644104178,0.8637892611272914,-0.3124452392570865,-0.4358431993698036,-0.5028490259085154,-0.6772519277744693,1.0526979989166299,-0.06768974434224129,-0.11270349826842091,1.64805997916194,-0.28992134818515547,-0.34025884474167073,-0.624385593407752,-0.19773600093647767,-0.3464838893344493,3
-0.8571959470906089,-0.8897829194482517,-0.3124452392570865,2.2944031281110373,1.9886684640449763,-0.6772519277744693,1.0526979989166299,-0.06768974434224129,-0.11270349826842091,-0.6067740328895754,-0.28992134818515547,-0.34025884474167073,1.601574428619071,-0.19773600093647767,-0.3464838893344493,9
0.8059917644104178,-0.8897829194482517,-0.3124452392570865,-0.4358431993698036,-0.5028490259085154,-0.6772519277744693,-0.9499400597599089,-0.06768974434224129,-0.11270349826842091,-0.6067740328895754,-0.28992134818515547,-0.34025884474167073,-0.624385593407752,-0.19773600093647767,2.8861370781795084,7
-0.8571959470906089,-0.8897829194482517,3.200560848287335,2.2944031281110373,-0.5028490259085154,-0.6772519277744693,1.0526979989166299,-0.06768974434224129,-0.11270349826842091,-0.6067740328895754,-0.28992134818515547,-0.34025884474167073,-0.624385593407752,-0.19773600093647767,-0.3464838893344493,8
0.8059917644104178,0.8637892611272914,-0.3124452392570865,-0.4358431993698036,-0.5028490259085154,-0.6772519277744693,-0.9499400597599089,-0.06768974434224129,-0.11270349826842091,1.64805997916194,3.449211333555746,-0.34025884474167073,-0.624385593407752,-0.19773600093647767,-0.3464838893344493,4
0.8059917644104178,0.8637892611272914,-0.3124452392570865,-0.4358431993698036,-0.5028490259085154,1.251156970466471,-0.9499400597599089,-0.06768974434224129,-0.11270349826842091,-0.6067740328895754,3.449211333555746,-0.34025884474167073,-0.624385593407752,-0.19773600093647767,-0.3464838893344493,5
0.8059917644104178,-0.8897829194482517,-0.3124452392570865,-0.4358431993698036,-0.5028490259085154,-0.6772519277744693,1.0526979989166299,-0.06768974434224129,-0.11270349826842091,-0.6067740328895754,-0.28992134818515547,2.938939032603881,1.601574428619071,-0.19773600093647767,-0.3464838893344493,3
0.8059917644104178,-0.8897829194482517,-0.3124452392570865,-0.4358431993698036,1.9886684640449763,-0.6772519277744693,1.0526979989166299,-0.06768974434224129,-0.11270349826842091,-0.6067740328895754,-0.28992134818515547,-0.34025884474167073,1.601574428619071,-0.19773600093647767,-0.3464838893344493,7
-0.8571959470906089,0.8637892611272914,-0.3124452392570865,2.2944031281110373,-0.5028490259085154,-0.6772519277744693,1.0526979989166299,-0.06768974434224129,-0.11270349826842091,1.64805997916194,-0.28992134818515547,-0.34025884474167073,-0.624385593407752,-0.19773600093647767,-0.3464838893344493,7
0.8059917644104178,-0.8897829194482517,-0.3124452392570865,-0.4358431993698036,-0.5028490259085154,1.251156970466471,-0.9499400597599089,-0.06768974434224129,-0.11270349826842091,1.64805997916194,-0.28992134818515547,-0.34025884474167073,-0.624385593407752,-0.19773600093647767,-0.3464838893344493,4
-0.8571959470906089,-0.8897829194482517,3.200560848287335,2.2944031281110373,-0.5028490259085154,-0.6772519277744693,1.0526979989166299,-0.06768974434224129,-0.11270349826842091,-0.6067740328895754,-0.28992134818515547,-0.34025884474167073,-0.624385593407752,-0.19773600093647767,-0.3464838893344493,9
0.8059917644104178,0.8637892611272914,-0.3124452392570865,-0.4358431993698036,-0.5028490259085154,-0.6772519277744693,-0.9499400597599089,-0.06768974434224129,-0.11270349826842091,1.64805997916194,3.449211333555746,-0.34025884474167073,-0.624385593407752,-0.19773600093647767,-0.3464838893344493,5
-0.8571959470906089,-0.8897829194482517,-0.3124452392570865,-0.4358431993698036,-0.5028490259085154,-0.6772519277744693,1.0526979989166299,-0.06768974434224129,-0.11270349826842091,-0.6067740328895754,-0.28992134818515547,-0.34025884474167073,-0.624385593407752,-0.19773600093647767,-0.3464838893344493,6
-0.8571959470906089,-0.8897829194482517,-0.3124452392570865,-0.4358431993698036,-0.5028490259085154,-0.6772519277744693,1.0526979989166299,-0.06768974434224129,-0.11270349826842091,-0.6067740328895754,-0.28992134818515547,-0.34025884474167073,-0.624385593407752,-0.19773600093647767,-0.3464838893344493,5
0.8059917644104178,-0.8897829194482517,-0.3124452392570865,2.2944031281110373,1.9886684640449763,1.251156970466471,1.0526979989166299,-0.06768974434224129,-0.11270349826842091,-0.6067740328895754,-0.28992134818515547,-0.34025884474167073,-0.624385593407752,-0.19773600093647767,-0.3464838893344493,9
-0.8571959470906089,-0.8897829194482517,-0.3124452392570865,-0.4358431993698036,-0.5028490259085154,-0.6772519277744693,1.0526979989166299,-0.06768974434224129,-0.11270349826842091,-0.6067740328895754,-0.28992134818515547,2.938939032603881,1.601574428619071,-0.19773600093647767,-0.3464838893344493,7
-0.8571959470906089,-0.8897829194482517,-0.3124452392570865,-0.4358431993698036,-0.5028490259085154,-0.6772519277744693,1.0526979989166299,-0.06768974434224129,-0.11270349826842091,-0.6067740328895754,-0.28992134818515547,-0.34025884474167073,1.601574428619071,-0.19773600093647767,-0.3464838893344493,6
0.8059917644104178,0.8637892611272914,-0.3124452392570865,-0.4358431993698036,-0.5028490259085154,1.251156970466471,-0.9499400597599089,-0.06768974434224129,-0.11270349826842091,-0.6067740328895754,-0.28992134818515547,2.938939032603881,1.601574428619071,-0.19773600093647767,-0.3464838893344493,7
0.8059917644104178,0.8637892611272914,-0.3124452392570865,-0.4358431993698036,-0.5028490259085154,1.251156970466471,1.0526979989166299,-0.06768974434224129,-0.11270349826842091,-0.6067740328895754,-0.28992134818515547,-0.34025884474167073,-0.624385593407752,-0.19773600093647767,2.8861370781795084,7
-0.8571959470906089,-0.8897829194482517,3.200560848287335,2.2944031281110373,-0.5028490259085154,-0.6772519277744693,1.0526979989166299,-0.06768974434224129,-0.11270349826842091,-0.6067740328895754,-0.28992134818515547,-0.34025884474167073,-0.624385593407752,-0.19773600093647767,-0.3464838893344493,7
-0.8571959470906089,-0.8897829194482517,3.200560848287335,-0.4358431993698036,-0.5028490259085154,-0.6772519277744693,-0.9499400597599089,-0.06768974434224129,-0.11270349826842091,-0.6067740328895754,-0.28992134818515547,-0.34025884474167073,-0.624385593407752,-0.19773600093647767,-0.3464838893344493,8
-0.8571959470906089,-0.8897829194482517,-0.3124452392570865,-0.4358431993698036,1.9886684640449763,-0.6772519277744693,1.0526979989166299,-0.06768974434224129,-0.11270349826842091,-0.6067740328895754,-0.28992134818515547,-0.34025884474167073,1.601574428619071,-0.19773600093647767,-0.3464838893344493,5
0.8059917644104178,-0.8897829194482517,-0.3124452392570865,-0.4358431993698036,-0.5028490259085154,1.251156970466471,-0.9499400597599089,-0.06768974434224129,-0.11270349826842091,-0.6067740328895754,-0.28992134818515547,-0.34025884474167073,-0.624385593407752,-0.19773600093647767,-0.3464838893344493,5
0.8059917644104178,-0.8897829194482517,3.200560848287335,-0.4358431993698036,-0.5028490259085154,1.251156970466471,-0.9499400597599089,-0.06768974434224129,-0.11270349826842091,-0.6067740328895754,-0.28992134818515547,-0.34025884474167073,-0.624385593407752,-0.19773600093647767,-0.3464838893344493,7
0.8059917644104178,0.8637892611272914,-0.3124452392570865,-0.4358431993698036,-0.5028490259085154,-0.6772519277744693,-0.9499400597599089,-0.06768974434224129,-0.11270349826842091,1.64805997916194,-0.28992134818515547,-0.34025884474167073,1.601574428619071,-0.19773600093647767,-0.3464838893344493,5
0.8059917644104178,0.8637892611272914,-0.3124452392570865,-0.4358431993698036,-0.5028490259085154,1.251156970466471,1.0526979989166299,-0.06768974434224129,-0.11270349826842091,-0.6067740328895754,-0.28992134818515547,2.938939032603881,1.601574428619071,-0.19773600093647767,-0.3464838893344493,3
0.8059917644104178,-0.8897829194482517,-0.3124452392570865,2.2944031281110373,-0.5028490259085154,-0.6772519277744693,1.0526979989166299,-0.06768974434224129,-0.11270349826842091,-0.6067740328895754,-0.28992134818515547,-0.34025884474167073,-0.624385593407752,-0.19773600093647767,-0.3464838893344493,7
-0.8571959470906089,-0.8897829194482517,-0.3124452392570865,-0.4358431993698036,1.9886684640449763,-0.6772519277744693,1.0526979989166299,-0.06768974434224129,-0.11270349826842091,1.64805997916194,-0.28992134818515547,-0.34025884474167073,-0.624385593407752,-0.19773600093647767,-0.3464838893344493,7
0.8059917644104178,-0.8897829194482517,-0.3124452392570865,2.2944031281110373,-0.5028490259085154,-0.6772519277744693,-0.9499400597599089,-0.06768974434224129,-0.11270349826842091,1.64805997916194,-0.28992134818515547,-0.34025884474167073,-0.624385593407752,-0.19773600093647767,-0.3464838893344493,6
0.8059917644104178,0.8637892611272914,-0.3124452392570865,-0.4358431993698036,-0.5028490259085154,-0.6772519277744693,-0.9499400597599089,-0.06768974434224129,-0.11270349826842091,1.64805997916194,-0.28992134818515547,-0.34025884474167073,1.601574428619071,-0.19773600093647767,-0.3464838893344493,7
-0.8571959470906089,0.8637892611272914,-0.3124452392570865,-0.4358431993698036,-0.5028490259085154,-0.6772519277744693,1.0526979989166299,-0.06768974434224129,-0.11270349826842091,1.64805997916194,-0.28992134818515547,-0.34025884474167073,-0.624385593407752,-0.19773600093647767,-0.3464838893344493,5
0.8059917644104178,-0.8897829194482517,-0.3124452392570865,-0.4358431993698036,1.9886684640449763,1.251156970466471,-0.9499400597599089,-0.06768974434224129,-0.11270349826842091,-0.6067740328895754,-0.28992134818515547,-0.34025884474167073,-0.624385593407752,-0.19773600093647767,2.8861370781795084,6
-0.8571959470906089,2.6173614417028346,-0.3124452392570865,-0.4358431993698036,-0.5028490259085154,-0.6772519277744693,-0.9499400597599089,-0.06768974434224129,-0.11270349826842091,1.64805997916194,-0.28992134818515547,-0.34025884474167073,1.601574428619071,-0.19773600093647767,-0.3464838893344493,4
0.8059917644104178,0.8637892611272914,-0.3124452392570865,-0.4358431993698036,1.9886684640449763,-0.6772519277744693,-0.9499400597599089,-0.06768974434224129,-0.11270349826842091,-0.6067740328895754,-0.28992134818515547,-0.34025884474167073,-0.624385593407752,-0.19773600093647767,-0.3464838893344493,6
-0.8571959470906089,-0.8897829194482517,-0.3124452392570865,-0.4358431993698036,-0.5028490259085154,-0.6772519277744693,1.0526979989166299,-0.06768974434224129,-0.11270349826842091,-0.6067740328895754,-0.28992134818515547,2.938939032603881,1.601574428619071,-0.19773600093647767,-0.3464838893344493,4
-0.8571959470906089,-0.8897829194482517,-0.3124452392570865,-0.4358431993698036,-0.5028490259085154,-0.6772519277744693,1.0526979989166299,-0.06768974434224129,-0.11270349826842091,-0.6067740328895754,3.449211333555746,-0.34025884474167073,-0.624385593407752,-0.19773600093647767,-0.3464838893344493,8
-0.8571959470906089,-0.8897829194482517,3.200560848287335,2.2944031281110373,-0.5028490259085154,-0.6772519277744693,-0.9499400597599089,-0.06768974434224129,-0.11270349826842091,-0.6067740328895754,-0.28992134818515547,-0.34025884474167073,-0.624385593407752,-0.19773600093647767,-0.3464838893344493,8
0.8059917644104178,-0.8897829194482517,-0.3124452392570865,2.2944031281110373,1.9886684640449763,-0.6772519277744693,-0.9499400597599089,-0.06768974434224129,-0.11270349826842091,-0.6067740328895754,-0.28992134818515547,-0.34025884474167073,-0.624385593407752,-0.19773600093647767,-0.3464838893344493,7
-0.8571959470906089,0.8637892611272914,-0.3124452392570865,-0.4358431993698036,-0.5028490259085154,-0.6772519277744693,-0.9499400597599089,-0.06768974434224129,-0.11270349826842091,1.64805997916194,-0.28992134818515547,-0.34025884474167073,1.601574428619071,-0.19773600093647767,-0.3464838893344493,6
2.4691794759114445,-0.8897829194482517,-0.3124452392570865,-0.4358431993698036,-0.5028490259085154,1.251156970466471,-0.9499400597599089,-0.06768974434224129,-0.11270349826842091,-0.6067740328895754,-0.28992134818515547,-0.34025884474167073,1.601574428619071,-0.19773600093647767,-0.3464838893344493,2
0.8059917644104178,-0.8897829194482517,-0.3124452392570865,-0.4358431993698036,-0.5028490259085154,1.251156970466471,-0.9499400597599089,-0.06768974434224129,-0.11270349826842091,-0.6067740328895754,3.449211333555746,-0.34025884474167073,-0.624385593407752,-0.19773600093647767,2.8861370781795084,7
0.8059917644104178,-0.8897829194482517,-0.3124452392570865,2.2944031281110373,-0.5028490259085154,-0.6772519277744693,1.0526979989166299,-0.06768974434224129,-0.11270349826842091,-0.6067740328895754,-0.28992134818515547,-0.34025884474167073,-0.624385593407752,-0.19773600093647767,-0.3464838893344493,6
0.8059917644104178,0.8637892611272914,-0.3124452392570865,-0.4358431993698036,-0.5028490259085154,1.251156970466471,1.0526979989166299,-0.06768974434224129,-0.11270349826842091,-0.6067740328895754,-0.28992134818515547,-0.34025884474167073,1.601574428619071,-0.19773600093647767,-0.3464838893344493,5
-0.8571959470906089,-0.8897829194482517,3.200560848287335,-0.4358431993698036,-0.5028490259085154,-0.6772519277744693,-0.9499400597599089,-0.06768974434224129,-0.11270349826842091,-0.6067740328895754,3.449211333555746,-0.34025884474167073,-0.624385593407752,-0.19773600093647767,-0.3464838893344493,7
-0.8571959470906089,-0.8897829194482517,-0.3124452392570865,-0.4358431993698036,-0.5028490259085154,1.251156970466471,1.0526979989166299,-0.06768974434224129,-0.11270349826842091,-0.6067740328895754,-0.28992134818515547,-0.34025884474167073,-0.624385593407752,-0.19773600093647767,-0.3464838893344493,7
-0.8571959470906089,-0.8897829194482517,-0.3124452392570865,-0.4358431993698036,-0.5028490259085154,-0.6772519277744693,1.0526979989166299,-0.06768974434224129,-0.11270349826842091,-0.6067740328895754,-0.28992134818515547,-0.34025884474167073,1.601574428619071,-0.19773600093647767,-0.3464838893344493,7
0.8059917644104178,0.8637892611272914,-0.3124452392570865,-0.4358431993698036,-0.5028490259085154,-0.6772519277744693,-0.9499400597599089,-0.06768974434224129,-0.11270349826842091,-0.6067740328895754,-0.28992134818515547,-0.34025884474167073,-0.624385593407752,-0.19773600093647767,2.8861370781795084,8
0.8059917644104178,0.8637892611272914,-0.3124452392570865,-0.4358431993698036,-0.5028490259085154,-0.6772519277744693,-0.9499400597599089,-0.06768974434224129,-0.11270349826842091,1.64805997916194,-0.28992134818515547,2.938939032603881,-0.624385593407752,-0.19773600093647767,-0.3464838893344493,8
0.8059917644104178,-0.8897829194482517,-0.3124452392570865,2.2944031281110373,-0.5028490259085154,-0.6772519277744693,1.0526979989166299,-0.06768974434224129,-0.11270349826842091,1.64805997916194,-0.28992134818515547,-0.34025884474167073,-0.624385593407752,-0.19773600093647767,-0.3464838893344493,6
0.8059917644104178,-0.8897829194482517,-0.3124452392570865,-0.4358431993698036,-0.5028490259085154,1.251156970466471,-0.9499400597599089,-0.06768974434224129,-0.11270349826842091,-0.6067740328895754,-0.28992134818515547,2.938939032603881,-0.624385593407752,-0.19773600093647767,-0.3464838893344493,7
0.8059917644104178,0.8637892611272914,-0.3124452392570865,-0.4358431993698036,1.9886684640449763,-0.6772519277744693,1.0526979989166299,-0.06768974434224129,-0.11270349826842091,1.64805997916194,-0.28992134818515547,-0.34025884474167073,-0.624385593407752,-0.19773600093647767,-0.3464838893344493,6
0.8059917644104178,-0.8897829194482517,-0.3124452392570865,-0.4358431993698036,-0.5028490259085154,1.251156970466471,1.0526979989166299,-0.06768974434224129,-0.11270349826842091,-0.6067740328895754,-0.28992134818515547,2.938939032603881,-0.624385593407752,-0.19773600093647767,-0.3464838893344493,7
0.8059917644104178,-0.8897829194482517,-0.3124452392570865,-0.4358431993698036,-0.5028490259085154,1.251156970466471,1.0526979989166299,-0.06768974434224129,-0.11270349826842091,-0.6067740328895754,-0.28992134818515547,-0.34025884474167073,-0.624385593407752,-0.19773600093647767,-0.3464838893344493,6
0.8059917644104178,-0.8897829194482517,-0.3124452392570865,-0.4358431993698036,1.9886684640449763,-0.6772519277744693,1.0526979989166299,-0.06768974434224129,-0.11270349826842091,-0.6067740328895754,-0.28992134818515547,-0.34025884474167073,-0.624385593407752,-0.19773600093647767,-0.3464838893344493,8
0.8059917644104178,-0.8897829194482517,-0.3124452392570865,2.2944031281110373,1.9886684640449763,-0.6772519277744693,1.0526979989166299,-0.06768974434224129,-0.11270349826842091,-0.6067740328895754,-0.28992134818515547,-0.34025884474167073,-0.624385593407752,-0.19773600093647767,-0.3464838893344493,7
-0.8571959470906089,0.8637892611272914,-0.3124452392570865,-0.4358431993698036,-0.5028490259085154,1.251156970466471,-0.9499400597599089,-0.06768974434224129,-0.11270349826842091,-0.6067740328895754,-0.28992134818515547,-0.34025884474167073,-0.624385593407752,-0.19773600093647767,-0.3464838893344493,7
-0.8571959470906089,0.8637892611272914,-0.3124452392570865,-0.4358431993698036,1.9886684640449763,-0.6772519277744693,1.0526979989166299,-0.06768974434224129,-0.11270349826842091,1.64805997916194,-0.28992134818515547,-0.34025884474167073,-0.624385593407752,-0.19773600093647767,-0.3464838893344493,6
-0.8571959470906089,0.8637892611272914,-0.3124452392570865,-0.4358431993698036,-0.5028490259085154,3.1795658687074115,1.0526979989166299,-0.06768974434224129,-0.11270349826842091,-0.6067740328895754,-0.28992134818515547,-0.34025884474167073,1.601574428619071,-0.19773600093647767,-0.3464838893344493,5
2.4691794759114445,0.8637892611272914,-0.3124452392570865,-0.4358431993698036,-0.5028490259085154,3.1795658687074115,1.0526979989166299,-0.06768974434224129,-0.11270349826842091,-0.6067740328895754,-0.28992134818515547,-0.34025884474167073,-0.624385593407752,-0.19773600093647767,-0.3464838893344493,2
0.8059917644104178,-0.8897829194482517,-0.3124452392570865,-0.4358431993698036,1.9886684640449763,-0.6772519277744693,1.0526979989166299,-0.06768974434224129,-0.11270349826842091,-0.6067740328895754,-0.28992134818515547,-0.34025884474167073,-0.624385593407752,-0.19773600093647767,-0.3464838893344493,7
-0.8571959470906089,-0.8897829194482517,-0.3124452392570865,-0.4358431993698036,1.9886684640449763,-0.6772519277744693,-0.9499400597599089,-0.06768974434224129,-0.11270349826842091,-0.6067740328895754,-0.28992134818515547,-0.34025884474167073,-0.624385593407752,-0.19773600093647767,2.8861370781795084,7
-0.8571959470906089,0.8637892611272914,-0.3124452392570865,-0.4358431993698036,-0.5028490259085154,-0.6772519277744693,1.0526979989166299,-0.06768974434224129,-0.11270349826842091,1.64805997916194,-0.28992134818515547,2.938939032603881,-0.624385593407752,-0.19773600093647767,-0.3464838893344493,6
-0.8571959470906089,-0.8897829194482517,3.200560848287335,2.2944031281110373,1.9886684640449763,-0.6772519277744693,1.0526979989166299,-0.06768974434224129,-0.11270349826842091,-0.6067740328895754,-0.28992134818515547,-0.34025884474167073,-0.624385593407752,-0.19773600093647767,-0.3464838893344493,8
-0.8571959470906089,-0.8897829194482517,-0.3124452392570865,-0.4358431993698036,-0.5028490259085154,-0.6772519277744693,1.0526979989166299,-0.06768974434224129,-0.11270349826842091,-0.6067740328895754,-0.28992134818515547,-0.34025884474167073,-0.624385593407752,-0.19773600093647767,2.8861370781795084,9
-0.8571959470906089,-0.8897829194482517,-0.3124452392570865,-0.4358431993698036,-0.5028490259085154,3.1795658687074115,1.0526979989166299,-0.06768974434224129,-0.11270349826842091,-0.6067740328895754,-0.28992134818515547,-0.34025884474167073,-0.624385593407752,-0.19773600093647767,-0.3464838893344493,2
-0.8571959470906089,0.8637892611272914,-0.3124452392570865,-0.4358431993698036,-0.5028490259085154,1.251156970466471,-0.9499400597599089,-0.06768974434224129,-0.11270349826842091,1.64805997916194,-0.28992134818515547,-0.34025884474167073,-0.624385593407752,-0.19773600093647767,-0.3464838893344493,5
-0.8571959470906089,0.8637892611272914,-0.3124452392570865,-0.4358431993698036,-0.5028490259085154,-0.6772519277744693,-0.9499400597599089,-0.06768974434224129,8.872839045495683,-0.6067740328895754,-0.28992134818515547,-0.34025884474167073,-0.624385593407752,-0.19773600093647767,-0.3464838893344493,7
-0.8571959470906089,0.8637892611272914,-0.3124452392570865,-0.4358431993698036,-0.5028490259085154,-0.6772519277744693,-0.9499400597599089,-0.06768974434224129,-0.11270349826842091,-0.6067740328895754,-0.28992134818515547,2.938939032603881,1.601574428619071,-0.19773600093647767,-0.3464838893344493,5
0.8059917644104178,0.8637892611272914,-0.3124452392570865,2.2944031281110373,-0.5028490259085154,1.251156970466471,-0.9499400597599089,-0.06768974434224129,-0.11270349826842091,1.64805997916194,-0.28992134818515547,-0.34025884474167073,-0.624385593407752,-0.19773600093647767,-0.3464838893344493,6
0.8059917644104178,-0.8897829194482517,-0.3124452392570865,-0.4358431993698036,-0.5028490259085154,1.251156970466471,1.0526979989166299,-0.06768974434224129,-0.11270349826842091,-0.6067740328895754,-0.28992134818515547,-0.34025884474167073,-0.624385593407752,-0.19773600093647767,-0.3464838893344493,4
0.8059917644104178,0.8637892611272914,3.200560848287335,-0.4358431993698036,-0.5028490259085154,1.251156970466471,-0.9499400597599089,-0.06768974434224129,-0.11270349826842091,-0.6067740328895754,-0.28992134818515547,-0.34025884474167073,-0.624385593407752,-0.19773600093647767,-0.3464838893344493,7
2.4691794759114445,0.8637892611272914,-0.3124452392570865,-0.4358431993698036,-0.5028490259085154,1.251156970466471,-0.9499400597599089,-0.06768974434224129,-0.11270349826842091,1.64805997916194,-0.28992134818515547,-0.34025884474167073,1.601574428619071,-0.19773600093647767,-0.3464838893344493,3
-0.8571959470906089,0.8637892611272914,-0.3124452392570865,2.2944031281110373,1.9886684640449763,-0.6772519277744693,1.0526979989166299,-0.06768974434224129,-0.11270349826842091,-0.6067740328895754,-0.28992134818515547,-0.34025884474167073,-0.624385593407752,-0.19773600093647767,-0.3464838893344493,8
-0.8571959470906089,-0.8897829194482517,-0.3124452392570865,2.2944031281110373,1.9886684640449763,-0.6772519277744693,1.0526979989166299,-0.06768974434224129,-0.11270349826842091,-0.6067740328895754,-0.28992134818515547,-0.34025884474167073,-0.624385593407752,-0.19773600093647767,-0.3464838893344493,8
-0.8571959470906089,0.8637892611272914,3.200560848287335,-0.4358431993698036,-0.5028490259085154,-0.6772519277744693,-0.9499400597599089,-0.06768974434224129,-0.11270349826842091,-0.6067740328895754,-0.28992134818515547,-0.34025884474167073,-0.624385593407752,-0.19773600093647767,-0.3464838893344493,7
0.8059917644104178,-0.8897829194482517,-0.3124452392570865,2.2944031281110373,1.9886684640449763,-0.6772519277744693,1.0526979989166299,-0.06768974434224129,-0.11270349826842091,-0.6067740328895754,-0.28992134818515547,-0.34025884474167073,-0.624385593407752,-0.19773600093647767,-0.3464838893344493,5
0.8059917644104178,0.8637892611272914,-0.3124452392570865,-0.4358431993698036,-0.5028490259085154,1.251156970466471,1.0526979989166299,-0.06768974434224129,-0.11270349826842091,-0.6067740328895754,-0.28992134818515547,2.938939032603881,1.601574428619071,-0.19773600093647767,-0.3464838893344493,5
-0.8571959470906089,0.8637892611272914,-0.3124452392570865,-0.4358431993698036,-0.5028490259085154,-0.6772519277744693,-0.9499400597599089,-0.06768974434224129,-0.11270349826842091,-0.6067740328895754,-0.28992134818515547,-0.34025884474167073,-0.624385593407752,5.057248023951126,-0.3464838893344493,5
-0.8571959470906089,0.8637892611272914,-0.3124452392570865,-0.4358431993698036,-0.5028490259085154,-0.6772519277744693,-0.9499400597599089,-0.06768974434224129,-0.11270349826842091,1.64805997916194,-0.28992134818515547,-0.34025884474167073,1.601574428619071,-0.19773600093647767,-0.3464838893344493,5
-0.8571959470906089,0.8637892611272914,-0.3124452392570865,-0.4358431993698036,-0.5028490259085154,-0.6772519277744693,1.0526979989166299,-0.06768974434224129,-0.11270349826842091,-0.6067740328895754,-0.28992134818515547,-0.34025884474167073,-0.624385593407752,-0.19773600093647767,2.8861370781795084,7
0.8059917644104178,0.8637892611272914,-0.3124452392570865,-0.4358431993698036,-0.5028490259085154,-0.6772519277744693,-0.9499400597599089,-0.06768974434224129,-0.11270349826842091,-0.6067740328895754,-0.28992134818515547,-0.34025884474167073,1.601574428619071,5.057248023951126,-0.3464838893344493,4
