scaler_0__Flavor intensity (adj),scaler_1__Acidity (adj),scaler_2__Sweet,scaler_3__Dark.chocolate,scaler_4__Nutty,scaler_5__Mouthfeel (adj),scaler_6__Roasted,scaler_7__Rubber,scaler_8__Caramel,scaler_9__Sour,scaler_10__Fruit,scaler_11__Burnt,scaler_12__Bitter,scaler_13__Astringent,scaler_14__Tea.floral,liking
0.6547989737542906,0.6983673369338488,-0.48674074084438107,-0.5330487493306738,-0.6106074387607932,0.9339149210948224,-0.9492560015726731,-0.27743547601154706,-0.3743747503715706,-0.6898908370812065,-0.43006900561827976,-0.4822428221704121,-0.7089268788723055,2.657048707513918,-0.4849427713920723,5
-0.8762750972300065,2.256332225068162,-0.48674074084438107,-0.5330487493306738,1.6377134252236851,-0.7534995386105954,-0.9492560015726731,-0.27743547601154706,-0.3743747503715706,-0.6898908370812065,-0.43006900561827976,-0.4822428221704121,1.4105827128331005,-0.37635742136456934,-0.4849427713920723,6
-0.8762750972300065,0.6983673369338488,-0.48674074084438107,1.87600102477617,-0.6106074387607932,-0.7534995386105954,-0.9492560015726731,-0.27743547601154706,-0.3743747503715706,-0.6898908370812065,-0.43006900561827976,-0.4822428221704121,1.4105827128331005,-0.37635742136456934,-0.4849427713920723,5
2.1858730447385875,-0.8595975512004642,2.054481813593895,1.87600102477617,-0.6106074387607932,-0.7534995386105954,1.0534566000565253,-0.27743547601154706,-0.3743747503715706,-0.6898908370812065,-0.43006900561827976,-0.4822428221704121,-0.7089268788723055,2.657048707513918,2.0620989918653887,6
-0.8762750972300065,-0.8595975512004642,-0.48674074084438107,-0.5330487493306738,1.6377134252236851,-0.7534995386105954,1.0534566000565253,-0.27743547601154706,-0.3743747503715706,-0.6898908370812065,-0.43006900561827976,-0.4822428221704121,-0.7089268788723055,-0.37635742136456934,-0.4849427713920723,5
-0.8762750972300065,-0.8595975512004642,-0.48674074084438107,-0.5330487493306738,-0.6106074387607932,-0.7534995386105954,-0.9492560015726731,3.60444170434202,-0.3743747503715706,-0.6898908370812065,-0.43006900561827976,2.073644135332772,1.4105827128331005,-0.37635742136456934,-0.4849427713920723,4
-0.8762750972300065,-0.8595975512004642,-0.48674074084438107,1.87600102477617,-0.6106074387607932,-0.7534995386105954,1.0534566000565253,3.60444170434202,-0.3743747503715706,1.4495046842929602,-0.43006900561827976,2.073644135332772,1.4105827128331005,2.657048707513918,-0.4849427713920723,6
-0.8762750972300065,-0.8595975512004642,-0.48674074084438107,-0.5330487493306738,-0.6106074387607932,-0.7534995386105954,1.0534566000565253,-0.27743547601154706,-0.3743747503715706,-0.6898908370812065,-0.43006900561827976,-0.4822428221704121,-0.7089268788723055,2.657048707513918,-0.4849427713920723,6
-0.8762750972300065,-0.8595975512004642,-0.48674074084438107,-0.5330487493306738,1.6377134252236851,0.9339149210948224,1.0534566000565253,-0.27743547601154706,2.6711203119534384,-0.6898908370812065,-0.43006900561827976,-0.4822428221704121,1.4105827128331005,-0.37635742136456934,-0.4849427713920723,6
-0.8762750972300065,0.6983673369338488,-0.48674074084438107,-0.5330487493306738,1.6377134252236851,0.9339149210948224,1.0534566000565253,-0.27743547601154706,-0.3743747503715706,-0.6898908370812065,-0.43006900561827976,-0.4822428221704121,-0.7089268788723055,-0.37635742136456934,2.0620989918653887,7
-0.8762750972300065,0.6983673369338488,-0.48674074084438107,-0.5330487493306738,-0.6106074387607932,-0.7534995386105954,-0.9492560015726731,-0.27743547601154706,-0.3743747503715706,1.4495046842929602,-0.43006900561827976,-0.4822428221704121,1.4105827128331005,-0.37635742136456934,-0.4849427713920723,3
-0.8762750972300065,-0.8595975512004642,2.054481813593895,1.87600102477617,1.6377134252236851,-0.7534995386105954,-0.9492560015726731,-0.27743547601154706,2.6711203119534384,-0.6898908370812065,-0.43006900561827976,-0.4822428221704121,-0.7089268788723055,-0.37635742136456934,-0.4849427713920723,9
-0.8762750972300065,-0.8595975512004642,-0.48674074084438107,-0.5330487493306738,-0.6106074387607932,-0.7534995386105954,1.0534566000565253,-0.27743547601154706,-0.3743747503715706,-0.6898908370812065,-0.43006900561827976,-0.4822428221704121,-0.7089268788723055,-0.37635742136456934,2.0620989918653887,6
0.6547989737542906,-0.8595975512004642,2.054481813593895,1.87600102477617,-0.6106074387607932,-0.7534995386105954,-0.9492560015726731,-0.27743547601154706,-0.3743747503715706,-0.6898908370812065,-0.43006900561827976,-0.4822428221704121,-0.7089268788723055,-0.37635742136456934,-0.4849427713920723,8
0.6547989737542906,-0.8595975512004642,-0.48674074084438107,-0.5330487493306738,-0.6106074387607932,-0.7534995386105954,-0.9492560015726731,-0.27743547601154706,-0.3743747503715706,1.4495046842929602,-0.43006900561827976,-0.4822428221704121,-0.7089268788723055,-0.37635742136456934,2.0620989918653887,8
-0.8762750972300065,-0.8595975512004642,-0.48674074084438107,-0.5330487493306738,1.6377134252236851,-0.7534995386105954,1.0534566000565253,-0.27743547601154706,-0.3743747503715706,-0.6898908370812065,-0.43006900561827976,-0.4822428221704121,-0.7089268788723055,2.657048707513918,-0.4849427713920723,8
0.6547989737542906,0.6983673369338488,-0.48674074084438107,-0.5330487493306738,-0.6106074387607932,0.9339149210948224,-0.9492560015726731,-0.27743547601154706,-0.3743747503715706,-0.6898908370812065,-0.43006900561827976,-0.4822428221704121,-0.7089268788723055,-0.37635742136456934,2.0620989918653887,6
-0.8762750972300065,0.6983673369338488,2.054481813593895,-0.5330487493306738,1.6377134252236851,-0.7534995386105954,1.0534566000565253,-0.27743547601154706,2.6711203119534384,1.4495046842929602,2.325208250155974,-0.4822428221704121,-0.7089268788723055,-0.37635742136456934,-0.4849427713920723,8
-0.8762750972300065,-0.8595975512004642,2.054481813593895,-0.5330487493306738,-0.6106074387607932,0.9339149210948224,-0.9492560015726731,-0.27743547601154706,-0.3743747503715706,-0.6898908370812065,2.325208250155974,-0.4822428221704121,-0.7089268788723055,-0.37635742136456934,-0.4849427713920723,4
2.1858730447385875,0.6983673369338488,-0.48674074084438107,-0.5330487493306738,-0.6106074387607932,0.9339149210948224,1.0534566000565253,3.60444170434202,-0.3743747503715706,1.4495046842929602,-0.43006900561827976,2.073644135332772,1.4105827128331005,-0.37635742136456934,-0.4849427713920723,4
-0.8762750972300065,-0.8595975512004642,-0.48674074084438107,-0.5330487493306738,1.6377134252236851,-0.7534995386105954,1.0534566000565253,-0.27743547601154706,-0.3743747503715706,-0.6898908370812065,-0.43006900561827976,-0.4822428221704121,-0.7089268788723055,-0.37635742136456934,-0.4849427713920723,6
-0.8762750972300065,0.6983673369338488,-0.48674074084438107,-0.5330487493306738,-0.6106074387607932,-0.7534995386105954,-0.9492560015726731,3.60444170434202,-0.3743747503715706,1.4495046842929602,-0.43006900561827976,-0.4822428221704121,1.4105827128331005,-0.37635742136456934,-0.4849427713920723,5
2.1858730447385875,-0.8595975512004642,2.054481813593895,-0.5330487493306738,-0.6106074387607932,2.62132938080024,-0.9492560015726731,-0.27743547601154706,-0.3743747503715706,-0.6898908370812065,-0.43006900561827976,-0.4822428221704121,1.4105827128331005,-0.37635742136456934,-0.4849427713920723,4
2.1858730447385875,0.6983673369338488,-0.48674074084438107,-0.5330487493306738,-0.6106074387607932,2.62132938080024,-0.9492560015726731,-0.27743547601154706,-0.3743747503715706,1.4495046842929602,-0.43006900561827976,-0.4822428221704121,1.4105827128331005,-0.37635742136456934,-0.4849427713920723,4
0.6547989737542906,0.6983673369338488,-0.48674074084438107,-0.5330487493306738,-0.6106074387607932,0.9339149210948224,1.0534566000565253,3.60444170434202,-0.3743747503715706,1.4495046842929602,-0.43006900561827976,-0.4822428221704121,-0.7089268788723055,-0.37635742136456934,-0.4849427713920723,5
0.6547989737542906,-0.8595975512004642,-0.48674074084438107,-0.5330487493306738,1.6377134252236851,-0.7534995386105954,1.0534566000565253,-0.27743547601154706,-0.3743747503715706,1.4495046842929602,-0.43006900561827976,-0.4822428221704121,-0.7089268788723055,-0.37635742136456934,-0.4849427713920723,4
2.1858730447385875,2.256332225068162,-0.48674074084438107,-0.5330487493306738,-0.6106074387607932,2.62132938080024,-0.9492560015726731,-0.27743547601154706,-0.3743747503715706,-0.6898908370812065,-0.43006900561827976,-0.4822428221704121,-0.7089268788723055,2.657048707513918,-0.4849427713920723,3
0.6547989737542906,0.6983673369338488,-0.48674074084438107,-0.5330487493306738,-0.6106074387607932,-0.7534995386105954,-0.9492560015726731,-0.27743547601154706,-0.3743747503715706,1.4495046842929602,-0.43006900561827976,-0.4822428221704121,-0.7089268788723055,-0.37635742136456934,2.0620989918653887,3
-0.8762750972300065,0.6983673369338488,-0.48674074084438107,-0.5330487493306738,-0.6106074387607932,-0.7534995386105954,1.0534566000565253,-0.27743547601154706,-0.3743747503715706,1.4495046842929602,-0.43006900561827976,-0.4822428221704121,-0.7089268788723055,-0.37635742136456934,-0.4849427713920723,6
-0.8762750972300065,0.6983673369338488,-0.48674074084438107,-0.5330487493306738,-0.6106074387607932,-0.7534995386105954,1.0534566000565253,-0.27743547601154706,-0.3743747503715706,1.4495046842929602,-0.43006900561827976,-0.4822428221704121,-0.7089268788723055,-0.37635742136456934,-0.4849427713920723,5
-0.8762750972300065,-0.8595975512004642,-0.48674074084438107,1.87600102477617,-0.6106074387607932,-0.7534995386105954,1.0534566000565253,-0.27743547601154706,-0.3743747503715706,-0.6898908370812065,-0.43006900561827976,-0.4822428221704121,1.4105827128331005,-0.37635742136456934,-0.4849427713920723,7
-0.8762750972300065,0.6983673369338488,-0.48674074084438107,1.87600102477617,-0.6106074387607932,0.9339149210948224,-0.9492560015726731,-0.27743547601154706,-0.3743747503715706,-0.6898908370812065,2.325208250155974,-0.4822428221704121,-0.7089268788723055,-0.37635742136456934,2.0620989918653887,8
0.6547989737542906,-0.8595975512004642,-0.48674074084438107,1.87600102477617,-0.6106074387607932,0.9339149210948224,1.0534566000565253,-0.27743547601154706,-0.3743747503715706,-0.6898908370812065,-0.43006900561827976,-0.4822428221704121,-0.7089268788723055,-0.37635742136456934,-0.4849427713920723,6
0.6547989737542906,0.6983673369338488,-0.48674074084438107,-0.5330487493306738,-0.6106074387607932,0.9339149210948224,-0.9492560015726731,-0.27743547601154706,-0.3743747503715706,1.4495046842929602,-0.43006900561827976,2.073644135332772,1.4105827128331005,-0.37635742136456934,-0.4849427713920723,4
-0.8762750972300065,-0.8595975512004642,-0.48674074084438107,-0.5330487493306738,-0.6106074387607932,-0.7534995386105954,1.0534566000565253,-0.27743547601154706,-0.3743747503715706,-0.6898908370812065,-0.43006900561827976,2.073644135332772,1.4105827128331005,-0.37635742136456934,-0.4849427713920723,4
0.6547989737542906,-0.8595975512004642,-0.48674074084438107,-0.5330487493306738,-0.6106074387607932,-0.7534995386105954,1.0534566000565253,-0.27743547601154706,-0.3743747503715706,-0.6898908370812065,-0.43006900561827976,-0.4822428221704121,-0.7089268788723055,-0.37635742136456934,-0.4849427713920723,7
0.6547989737542906,-0.8595975512004642,2.054481813593895,-0.5330487493306738,1.6377134252236851,0.9339149210948224,-0.9492560015726731,-0.27743547601154706,-0.3743747503715706,-0.6898908370812065,-0.43006900561827976,-0.4822428221704121,-0.7089268788723055,-0.37635742136456934,-0.4849427713920723,5
2.1858730447385875,2.256332225068162,-0.48674074084438107,-0.5330487493306738,-0.6106074387607932,-0.7534995386105954,1.0534566000565253,-0.27743547601154706,-0.3743747503715706,1.4495046842929602,-0.43006900561827976,-0.4822428221704121,-0.7089268788723055,-0.37635742136456934,-0.4849427713920723,4
0.6547989737542906,2.256332225068162,-0.48674074084438107,-0.5330487493306738,-0.6106074387607932,0.9339149210948224,-0.9492560015726731,3.60444170434202,-0.3743747503715706,-0.6898908370812065,-0.43006900561827976,-0.4822428221704121,-0.7089268788723055,2.657048707513918,-0.4849427713920723,2
-0.8762750972300065,-0.8595975512004642,-0.48674074084438107,-0.5330487493306738,1.6377134252236851,-0.7534995386105954,1.0534566000565253,-0.27743547601154706,-0.3743747503715706,-0.6898908370812065,-0.43006900561827976,2.073644135332772,-0.7089268788723055,-0.37635742136456934,-0.4849427713920723,7
0.6547989737542906,0.6983673369338488,-0.48674074084438107,-0.5330487493306738,-0.6106074387607932,-0.7534995386105954,-0.9492560015726731,-0.27743547601154706,-0.3743747503715706,1.4495046842929602,-0.43006900561827976,-0.4822428221704121,1.4105827128331005,-0.37635742136456934,-0.4849427713920723,7
2.1858730447385875,0.6983673369338488,-0.48674074084438107,-0.5330487493306738,-0.6106074387607932,0.9339149210948224,-0.9492560015726731,-0.27743547601154706,-0.3743747503715706,-0.6898908370812065,-0.43006900561827976,2.073644135332772,1.4105827128331005,-0.37635742136456934,-0.4849427713920723,4
0.6547989737542906,0.6983673369338488,-0.48674074084438107,-0.5330487493306738,-0.6106074387607932,0.9339149210948224,1.0534566000565253,-0.27743547601154706,-0.3743747503715706,-0.6898908370812065,-0.43006900561827976,-0.4822428221704121,1.4105827128331005,-0.37635742136456934,-0.4849427713920723,5
-0.8762750972300065,0.6983673369338488,-0.48674074084438107,-0.5330487493306738,-0.6106074387607932,-0.7534995386105954,1.0534566000565253,-0.27743547601154706,-0.3743747503715706,-0.6898908370812065,-0.43006900561827976,-0.4822428221704121,1.4105827128331005,-0.37635742136456934,-0.4849427713920723,8
-0.8762750972300065,0.6983673369338488,-0.48674074084438107,-0.5330487493306738,-0.6106074387607932,-0.7534995386105954,1.0534566000565253,-0.27743547601154706,-0.3743747503715706,-0.6898908370812065,-0.43006900561827976,-0.4822428221704121,-0.7089268788723055,-0.37635742136456934,-0.4849427713920723,8
-0.8762750972300065,0.6983673369338488,-0.48674074084438107,1.87600102477617,-0.6106074387607932,0.9339149210948224,-0.9492560015726731,-0.27743547601154706,-0.3743747503715706,-0.6898908370812065,-0.43006900561827976,2.073644135332772,1.4105827128331005,-0.37635742136456934,-0.4849427713920723,4
-0.8762750972300065,-0.8595975512004642,-0.48674074084438107,-0.5330487493306738,-0.6106074387607932,-0.7534995386105954,1.0534566000565253,-0.27743547601154706,-0.3743747503715706,-0.6898908370812065,-0.43006900561827976,-0.4822428221704121,1.4105827128331005,-0.37635742136456934,-0.4849427713920723,7
-0.8762750972300065,-0.8595975512004642,2.054481813593895,-0.5330487493306738,-0.6106074387607932,0.9339149210948224,1.0534566000565253,-0.27743547601154706,-0.3743747503715706,-0.6898908370812065,2.325208250155974,-0.4822428221704121,-0.7089268788723055,-0.37635742136456934,-0.4849427713920723,8
0.6547989737542906,0.6983673369338488,-0.48674074084438107,-0.5330487493306738,1.6377134252236851,-0.7534995386105954,-0.9492560015726731,-0.27743547601154706,-0.3743747503715706,-0.6898908370812065,-0.43006900561827976,-0.4822428221704121,-0.7089268788723055,-0.37635742136456934,2.0620989918653887,5
2.1858730447385875,0.6983673369338488,-0.48674074084438107,-0.5330487493306738,-0.6106074387607932,0.9339149210948224,-0.9492560015726731,-0.27743547601154706,-0.3743747503715706,-0.6898908370812065,-0.43006900561827976,-0.4822428221704121,-0.7089268788723055,-0.37635742136456934,-0.4849427713920723,3
-0.8762750972300065,-0.8595975512004642,-0.48674074084438107,-0.5330487493306738,-0.6106074387607932,-0.7534995386105954,-0.9492560015726731,-0.27743547601154706,2.6711203119534384,-0.6898908370812065,2.325208250155974,-0.4822428221704121,-0.7089268788723055,-0.37635742136456934,2.0620989918653887,9
-0.8762750972300065,0.6983673369338488,-0.48674074084438107,1.87600102477617,1.6377134252236851,0.9339149210948224,1.0534566000565253,-0.27743547601154706,-0.3743747503715706,-0.6898908370812065,-0.43006900561827976,-0.4822428221704121,-0.7089268788723055,-0.37635742136456934,-0.4849427713920723,7
-0.8762750972300065,2.256332225068162,-0.48674074084438107,-0.5330487493306738,1.6377134252236851,-0.7534995386105954,-0.9492560015726731,3.60444170434202,-0.3743747503715706,1.4495046842929602,-0.43006900561827976,-0.4822428221704121,-0.7089268788723055,-0.37635742136456934,-0.4849427713920723,4
-0.8762750972300065,-0.8595975512004642,-0.48674074084438107,-0.5330487493306738,-0.6106074387607932,-0.7534995386105954,1.0534566000565253,-0.27743547601154706,-0.3743747503715706,1.4495046842929602,-0.43006900561827976,-0.4822428221704121,-0.7089268788723055,-0.37635742136456934,-0.4849427713920723,7
-0.8762750972300065,0.6983673369338488,-0.48674074084438107,-0.5330487493306738,-0.6106074387607932,-0.7534995386105954,-0.9492560015726731,-0.27743547601154706,-0.3743747503715706,-0.6898908370812065,2.325208250155974,2.073644135332772,-0.7089268788723055,-0.37635742136456934,-0.4849427713920723,5
0.6547989737542906,0.6983673369338488,-0.48674074084438107,-0.5330487493306738,-0.6106074387607932,0.9339149210948224,-0.9492560015726731,-0.27743547601154706,-0.3743747503715706,-0.6898908370812065,2.325208250155974,-0.4822428221704121,-0.7089268788723055,-0.37635742136456934,-0.4849427713920723,5
0.6547989737542906,-0.8595975512004642,2.054481813593895,-0.5330487493306738,1.6377134252236851,-0.7534995386105954,-0.9492560015726731,-0.27743547601154706,-0.3743747503715706,-0.6898908370812065,-0.43006900561827976,-0.4822428221704121,-0.7089268788723055,-0.37635742136456934,2.0620989918653887,7
-0.8762750972300065,0.6983673369338488,-0.48674074084438107,-0.5330487493306738,1.6377134252236851,-0.7534995386105954,1.0534566000565253,-0.27743547601154706,-0.3743747503715706,-0.6898908370812065,-0.43006900561827976,-0.4822428221704121,-0.7089268788723055,-0.37635742136456934,-0.4849427713920723,8
0.6547989737542906,-0.8595975512004642,2.054481813593895,1.87600102477617,1.6377134252236851,-0.7534995386105954,1.0534566000565253,-0.27743547601154706,-0.3743747503715706,-0.6898908370812065,-0.43006900561827976,-0.4822428221704121,-0.7089268788723055,-0.37635742136456934,-0.4849427713920723,7
-0.8762750972300065,-0.8595975512004642,-0.48674074084438107,-0.5330487493306738,-0.6106074387607932,-0.7534995386105954,-0.9492560015726731,-0.27743547601154706,-0.3743747503715706,1.4495046842929602,-0.43006900561827976,-0.4822428221704121,-0.7089268788723055,-0.37635742136456934,-0.4849427713920723,5
0.6547989737542906,-0.8595975512004642,-0.48674074084438107,1.87600102477617,1.6377134252236851,-0.7534995386105954,1.0534566000565253,-0.27743547601154706,-0.3743747503715706,-0.6898908370812065,-0.43006900561827976,-0.4822428221704121,-0.7089268788723055,-0.37635742136456934,2.0620989918653887,4
2.1858730447385875,0.6983673369338488,-0.48674074084438107,-0.5330487493306738,1.6377134252236851,-0.7534995386105954,1.0534566000565253,3.60444170434202,-0.3743747503715706,-0.6898908370812065,-0.43006900561827976,-0.4822428221704121,-0.7089268788723055,-0.37635742136456934,-0.4849427713920723,4
-0.8762750972300065,0.6983673369338488,-0.48674074084438107,-0.5330487493306738,-0.6106074387607932,0.9339149210948224,-0.9492560015726731,-0.27743547601154706,-0.3743747503715706,1.4495046842929602,2.325208250155974,-0.4822428221704121,-0.7089268788723055,-0.37635742136456934,-0.4849427713920723,6
-0.8762750972300065,-0.8595975512004642,-0.48674074084438107,-0.5330487493306738,1.6377134252236851,-0.7534995386105954,1.0534566000565253,-0.27743547601154706,-0.3743747503715706,-0.6898908370812065,2.325208250155974,-0.4822428221704121,-0.7089268788723055,-0.37635742136456934,2.0620989918653887,8
-0.8762750972300065,0.6983673369338488,-0.48674074084438107,1.87600102477617,-0.6106074387607932,0.9339149210948224,1.0534566000565253,-0.27743547601154706,-0.3743747503715706,1.4495046842929602,-0.43006900561827976,-0.4822428221704121,-0.7089268788723055,-0.37635742136456934,2.0620989918653887,6
-0.8762750972300065,0.6983673369338488,2.054481813593895,1.87600102477617,-0.6106074387607932,-0.7534995386105954,-0.9492560015726731,-0.27743547601154706,-0.3743747503715706,1.4495046842929602,-0.43006900561827976,-0.4822428221704121,-0.7089268788723055,-0.37635742136456934,2.0620989918653887,7
-0.8762750972300065,0.6983673369338488,-0.48674074084438107,1.87600102477617,-0.6106074387607932,-0.7534995386105954,-0.9492560015726731,-0.27743547601154706,-0.3743747503715706,-0.6898908370812065,-0.43006900561827976,-0.4822428221704121,-0.7089268788723055,-0.37635742136456934,-0.4849427713920723,7
-0.8762750972300065,-0.8595975512004642,-0.48674074084438107,-0.5330487493306738,-0.6106074387607932,-0.7534995386105954,1.0534566000565253,-0.27743547601154706,-0.3743747503715706,-0.6898908370812065,-0.43006900561827976,-0.4822428221704121,-0.7089268788723055,-0.37635742136456934,-0.4849427713920723,7
0.6547989737542906,-0.8595975512004642,-0.48674074084438107,1.87600102477617,1.6377134252236851,2.62132938080024,1.0534566000565253,-0.27743547601154706,-0.3743747503715706,-0.6898908370812065,-0.43006900561827976,2.073644135332772,1.4105827128331005,-0.37635742136456934,-0.4849427713920723,7
-0.8762750972300065,0.6983673369338488,-0.48674074084438107,-0.5330487493306738,-0.6106074387607932,-0.7534995386105954,-0.9492560015726731,-0.27743547601154706,-0.3743747503715706,1.4495046842929602,-0.43006900561827976,2.073644135332772,1.4105827128331005,-0.37635742136456934,-0.4849427713920723,4
0.6547989737542906,0.6983673369338488,-0.48674074084438107,-0.5330487493306738,-0.6106074387607932,-0.7534995386105954,1.0534566000565253,-0.27743547601154706,-0.3743747503715706,1.4495046842929602,-0.43006900561827976,2.073644135332772,-0.7089268788723055,-0.37635742136456934,2.0620989918653887,5
-0.8762750972300065,0.6983673369338488,2.054481813593895,1.87600102477617,-0.6106074387607932,-0.7534995386105954,-0.9492560015726731,-0.27743547601154706,-0.3743747503715706,-0.6898908370812065,-0.43006900561827976,-0.4822428221704121,-0.7089268788723055,-0.37635742136456934,-0.4849427713920723,7
0.6547989737542906,-0.8595975512004642,-0.48674074084438107,-0.5330487493306738,1.6377134252236851,0.9339149210948224,1.0534566000565253,-0.27743547601154706,-0.3743747503715706,-0.6898908370812065,-0.43006900561827976,-0.4822428221704121,1.4105827128331005,-0.37635742136456934,-0.4849427713920723,6
-0.8762750972300065,-0.8595975512004642,-0.48674074084438107,1.87600102477617,1.6377134252236851,-0.7534995386105954,-0.9492560015726731,-0.27743547601154706,-0.3743747503715706,-0.6898908370812065,-0.43006900561827976,-0.4822428221704121,-0.7089268788723055,-0.37635742136456934,-0.4849427713920723,8
0.6547989737542906,0.6983673369338488,-0.48674074084438107,-0.5330487493306738,-0.6106074387607932,-0.7534995386105954,1.0534566000565253,3.60444170434202,-0.3743747503715706,-0.6898908370812065,-0.43006900561827976,2.073644135332772,1.4105827128331005,-0.37635742136456934,-0.4849427713920723,5
-0.8762750972300065,-0.8595975512004642,2.054481813593895,-0.5330487493306738,-0.6106074387607932,-0.7534995386105954,-0.9492560015726731,-0.27743547601154706,-0.3743747503715706,-0.6898908370812065,-0.43006900561827976,-0.4822428221704121,-0.7089268788723055,-0.37635742136456934,-0.4849427713920723,6
-0.8762750972300065,-0.8595975512004642,-0.48674074084438107,-0.5330487493306738,-0.6106074387607932,0.9339149210948224,1.0534566000565253,-0.27743547601154706,2.6711203119534384,-0.6898908370812065,2.325208250155974,2.073644135332772,1.4105827128331005,-0.37635742136456934,-0.4849427713920723,6
-0.8762750972300065,0.6983673369338488,2.054481813593895,-0.5330487493306738,-0.6106074387607932,-0.7534995386105954,-0.9492560015726731,-0.27743547601154706,-0.3743747503715706,1.4495046842929602,-0.43006900561827976,-0.4822428221704121,-0.7089268788723055,-0.37635742136456934,-0.4849427713920723,6
2.1858730447385875,2.256332225068162,-0.48674074084438107,-0.5330487493306738,-0.6106074387607932,-0.7534995386105954,-0.9492560015726731,-0.27743547601154706,-0.3743747503715706,1.4495046842929602,-0.43006900561827976,-0.4822428221704121,-0.7089268788723055,-0.37635742136456934,-0.4849427713920723,4
2.1858730447385875,2.256332225068162,-0.48674074084438107,-0.5330487493306738,-0.6106074387607932,0.9339149210948224,1.0534566000565253,-0.27743547601154706,-0.3743747503715706,-0.6898908370812065,-0.43006900561827976,-0.4822428221704121,-0.7089268788723055,-0.37635742136456934,2.0620989918653887,2
-0.8762750972300065,0.6983673369338488,2.054481813593895,-0.5330487493306738,-0.6106074387607932,-0.7534995386105954,1.0534566000565253,-0.27743547601154706,-0.3743747503715706,-0.6898908370812065,-0.43006900561827976,2.073644135332772,-0.7089268788723055,2.657048707513918,-0.4849427713920723,6
-0.8762750972300065,0.6983673369338488,2.054481813593895,1.87600102477617,-0.6106074387607932,0.9339149210948224,-0.9492560015726731,-0.27743547601154706,-0.3743747503715706,-0.6898908370812065,-0.43006900561827976,-0.4822428221704121,-0.7089268788723055,-0.37635742136456934,-0.4849427713920723,6
0.6547989737542906,-0.8595975512004642,-0.48674074084438107,1.87600102477617,1.6377134252236851,0.9339149210948224,1.0534566000565253,-0.27743547601154706,-0.3743747503715706,-0.6898908370812065,-0.43006900561827976,-0.4822428221704121,-0.7089268788723055,-0.37635742136456934,-0.4849427713920723,7
-0.8762750972300065,0.6983673369338488,-0.48674074084438107,-0.5330487493306738,1.6377134252236851,-0.7534995386105954,1.0534566000565253,-0.27743547601154706,-0.3743747503715706,1.4495046842929602,-0.43006900561827976,-0.4822428221704121,-0.7089268788723055,-0.37635742136456934,-0.4849427713920723,9
-0.8762750972300065,0.6983673369338488,-0.48674074084438107,-0.5330487493306738,-0.6106074387607932,-0.7534995386105954,-0.9492560015726731,-0.27743547601154706,-0.3743747503715706,1.4495046842929602,-0.43006900561827976,-0.4822428221704121,1.4105827128331005,-0.37635742136456934,-0.4849427713920723,5
0.6547989737542906,-0.8595975512004642,2.054481813593895,1.87600102477617,1.6377134252236851,0.9339149210948224,1.0534566000565253,-0.27743547601154706,2.6711203119534384,-0.6898908370812065,-0.43006900561827976,-0.4822428221704121,1.4105827128331005,-0.37635742136456934,-0.4849427713920723,7
0.6547989737542906,-0.8595975512004642,2.054481813593895,-0.5330487493306738,-0.6106074387607932,0.9339149210948224,-0.9492560015726731,-0.27743547601154706,-0.3743747503715706,-0.6898908370812065,-0.43006900561827976,2.073644135332772,-0.7089268788723055,-0.37635742136456934,2.0620989918653887,7
0.6547989737542906,0.6983673369338488,-0.48674074084438107,-0.5330487493306738,1.6377134252236851,0.9339149210948224,1.0534566000565253,-0.27743547601154706,-0.3743747503715706,-0.6898908370812065,2.325208250155974,-0.4822428221704121,1.4105827128331005,-0.37635742136456934,2.0620989918653887,5
0.6547989737542906,-0.8595975512004642,-0.48674074084438107,-0.5330487493306738,-0.6106074387607932,0.9339149210948224,1.0534566000565253,-0.27743547601154706,-0.3743747503715706,-0.6898908370812065,-0.43006900561827976,2.073644135332772,1.4105827128331005,-0.37635742136456934,-0.4849427713920723,6
0.6547989737542906,0.6983673369338488,-0.48674074084438107,-0.5330487493306738,-0.6106074387607932,0.9339149210948224,-0.9492560015726731,-0.27743547601154706,-0.3743747503715706,1.4495046842929602,-0.43006900561827976,-0.4822428221704121,-0.7089268788723055,-0.37635742136456934,2.0620989918653887,3
-0.8762750972300065,-0.8595975512004642,2.054481813593895,-0.5330487493306738,-0.6106074387607932,-0.7534995386105954,1.0534566000565253,-0.27743547601154706,-0.3743747503715706,-0.6898908370812065,-0.43006900561827976,-0.4822428221704121,-0.7089268788723055,-0.37635742136456934,-0.4849427713920723,7
0.6547989737542906,2.256332225068162,-0.48674074084438107,-0.5330487493306738,-0.6106074387607932,0.9339149210948224,-0.9492560015726731,3.60444170434202,-0.3743747503715706,1.4495046842929602,-0.43006900561827976,-0.4822428221704121,-0.7089268788723055,-0.37635742136456934,-0.4849427713920723,2
-0.8762750972300065,-0.8595975512004642,-0.48674074084438107,-0.5330487493306738,1.6377134252236851,0.9339149210948224,-0.9492560015726731,-0.27743547601154706,-0.3743747503715706,-0.6898908370812065,-0.43006900561827976,2.073644135332772,-0.7089268788723055,-0.37635742136456934,-0.4849427713920723,7
0.6547989737542906,2.256332225068162,-0.48674074084438107,-0.5330487493306738,1.6377134252236851,2.62132938080024,-0.9492560015726731,-0.27743547601154706,-0.3743747503715706,1.4495046842929602,-0.43006900561827976,-0.4822428221704121,1.4105827128331005,-0.37635742136456934,-0.4849427713920723,7
0.6547989737542906,0.6983673369338488,-0.48674074084438107,1.87600102477617,1.6377134252236851,0.9339149210948224,1.0534566000565253,-0.27743547601154706,-0.3743747503715706,-0.6898908370812065,-0.43006900561827976,2.073644135332772,1.4105827128331005,-0.37635742136456934,2.0620989918653887,4
0.6547989737542906,0.6983673369338488,2.054481813593895,-0.5330487493306738,-0.6106074387607932,-0.7534995386105954,-0.9492560015726731,-0.27743547601154706,-0.3743747503715706,-0.6898908370812065,2.325208250155974,-0.4822428221704121,-0.7089268788723055,-0.37635742136456934,-0.4849427713920723,7
0.6547989737542906,-0.8595975512004642,-0.48674074084438107,-0.5330487493306738,-0.6106074387607932,-0.7534995386105954,-0.9492560015726731,-0.27743547601154706,-0.3743747503715706,1.4495046842929602,-0.43006900561827976,-0.4822428221704121,1.4105827128331005,-0.37635742136456934,-0.4849427713920723,3
-0.8762750972300065,0.6983673369338488,2.054481813593895,-0.5330487493306738,-0.6106074387607932,-0.7534995386105954,1.0534566000565253,-0.27743547601154706,2.6711203119534384,-0.6898908370812065,-0.43006900561827976,-0.4822428221704121,-0.7089268788723055,-0.37635742136456934,-0.4849427713920723,8
-0.8762750972300065,0.6983673369338488,-0.48674074084438107,-0.5330487493306738,1.6377134252236851,0.9339149210948224,-0.9492560015726731,-0.27743547601154706,2.6711203119534384,1.4495046842929602,-0.43006900561827976,2.073644135332772,-0.7089268788723055,-0.37635742136456934,-0.4849427713920723,9
-0.8762750972300065,-0.8595975512004642,2.054481813593895,-0.5330487493306738,-0.6106074387607932,-0.7534995386105954,1.0534566000565253,-0.27743547601154706,2.6711203119534384,-0.6898908370812065,2.325208250155974,-0.4822428221704121,-0.7089268788723055,-0.37635742136456934,2.0620989918653887,8
-0.8762750972300065,0.6983673369338488,-0.48674074084438107,-0.5330487493306738,-0.6106074387607932,-0.7534995386105954,1.0534566000565253,-0.27743547601154706,-0.3743747503715706,1.4495046842929602,-0.43006900561827976,2.073644135332772,1.4105827128331005,-0.37635742136456934,-0.4849427713920723,6
0.6547989737542906,2.256332225068162,-0.48674074084438107,-0.5330487493306738,-0.6106074387607932,0.9339149210948224,1.0534566000565253,-0.27743547601154706,-0.3743747503715706,-0.6898908370812065,-0.43006900561827976,-0.4822428221704121,-0.7089268788723055,-0.37635742136456934,-0.4849427713920723,4
-0.8762750972300065,-0.8595975512004642,-0.48674074084438107,-0.5330487493306738,-0.6106074387607932,-0.7534995386105954,1.0534566000565253,-0.27743547601154706,-0.3743747503715706,-0.6898908370812065,-0.43006900561827976,-0.4822428221704121,1.4105827128331005,2.657048707513918,-0.4849427713920723,3
0.6547989737542906,0.6983673369338488,-0.48674074084438107,-0.5330487493306738,-0.6106074387607932,0.9339149210948224,-0.9492560015726731,-0.27743547601154706,-0.3743747503715706,-0.6898908370812065,-0.43006900561827976,2.073644135332772,1.4105827128331005,-0.37635742136456934,-0.4849427713920723,4
0.6547989737542906,0.6983673369338488,2.054481813593895,-0.5330487493306738,1.6377134252236851,-0.7534995386105954,1.0534566000565253,-0.27743547601154706,-0.3743747503715706,1.4495046842929602,-0.43006900561827976,-0.4822428221704121,1.4105827128331005,-0.37635742136456934,-0.4849427713920723,5
-0.8762750972300065,-0.8595975512004642,-0.48674074084438107,-0.5330487493306738,-0.6106074387607932,-0.7534995386105954,-0.9492560015726731,-0.27743547601154706,2.6711203119534384,-0.6898908370812065,-0.43006900561827976,-0.4822428221704121,-0.7089268788723055,-0.37635742136456934,-0.4849427713920723,8
-0.8762750972300065,0.6983673369338488,-0.48674074084438107,-0.5330487493306738,-0.6106074387607932,-0.7534995386105954,-0.9492560015726731,-0.27743547601154706,-0.3743747503715706,-0.6898908370812065,-0.43006900561827976,-0.4822428221704121,1.4105827128331005,-0.37635742136456934,-0.4849427713920723,6
0.6547989737542906,0.6983673369338488,2.054481813593895,-0.5330487493306738,-0.6106074387607932,-0.7534995386105954,-0.9492560015726731,-0.27743547601154706,-0.3743747503715706,1.4495046842929602,-0.43006900561827976,-0.4822428221704121,1.4105827128331005,-0.37635742136456934,2.0620989918653887,7
-0.8762750972300065,-0.8595975512004642,-0.48674074084438107,1.87600102477617,1.6377134252236851,-0.7534995386105954,1.0534566000565253,-0.27743547601154706,2.6711203119534384,1.4495046842929602,-0.43006900561827976,-0.4822428221704121,-0.7089268788723055,-0.37635742136456934,-0.4849427713920723,8
0.6547989737542906,0.6983673369338488,-0.48674074084438107,-0.5330487493306738,-0.6106074387607932,0.9339149210948224,1.0534566000565253,-0.27743547601154706,-0.3743747503715706,-0.6898908370812065,2.325208250155974,-0.4822428221704121,-0.7089268788723055,-0.37635742136456934,-0.4849427713920723,6
0.6547989737542906,0.6983673369338488,2.054481813593895,-0.5330487493306738,1.6377134252236851,0.9339149210948224,-0.9492560015726731,-0.27743547601154706,-0.3743747503715706,1.4495046842929602,-0.43006900561827976,-0.4822428221704121,-0.7089268788723055,-0.37635742136456934,2.0620989918653887,6
-0.8762750972300065,-0.8595975512004642,-0.48674074084438107,1.87600102477617,1.6377134252236851,-0.7534995386105954,1.0534566000565253,-0.27743547601154706,-0.3743747503715706,1.4495046842929602,-0.43006900561827976,-0.4822428221704121,-0.7089268788723055,-0.37635742136456934,-0.4849427713920723,5
2.1858730447385875,0.6983673369338488,-0.48674074084438107,-0.5330487493306738,1.6377134252236851,-0.7534995386105954,-0.9492560015726731,-0.27743547601154706,-0.3743747503715706,-0.6898908370812065,-0.43006900561827976,-0.4822428221704121,-0.7089268788723055,-0.37635742136456934,2.0620989918653887,6
-0.8762750972300065,-0.8595975512004642,2.054481813593895,-0.5330487493306738,-0.6106074387607932,-0.7534995386105954,-0.9492560015726731,-0.27743547601154706,-0.3743747503715706,-0.6898908370812065,2.325208250155974,-0.4822428221704121,-0.7089268788723055,-0.37635742136456934,-0.4849427713920723,7
0.6547989737542906,2.256332225068162,-0.48674074084438107,1.87600102477617,-0.6106074387607932,0.9339149210948224,-0.9492560015726731,-0.27743547601154706,-0.3743747503715706,-0.6898908370812065,-0.43006900561827976,-0.4822428221704121,1.4105827128331005,-0.37635742136456934,-0.4849427713920723,4
-0.8762750972300065,0.6983673369338488,-0.48674074084438107,-0.5330487493306738,-0.6106074387607932,-0.7534995386105954,-0.9492560015726731,-0.27743547601154706,-0.3743747503715706,1.4495046842929602,-0.43006900561827976,-0.4822428221704121,-0.7089268788723055,-0.37635742136456934,-0.4849427713920723,7
-0.8762750972300065,-0.8595975512004642,-0.48674074084438107,1.87600102477617,-0.6106074387607932,0.9339149210948224,-0.9492560015726731,-0.27743547601154706,-0.3743747503715706,-0.6898908370812065,-0.43006900561827976,2.073644135332772,1.4105827128331005,-0.37635742136456934,-0.4849427713920723,8
-0.8762750972300065,-0.8595975512004642,2.054481813593895,-0.5330487493306738,1.6377134252236851,-0.7534995386105954,1.0534566000565253,-0.27743547601154706,-0.3743747503715706,-0.6898908370812065,2.325208250155974,-0.4822428221704121,-0.7089268788723055,-0.37635742136456934,-0.4849427713920723,6
0.6547989737542906,0.6983673369338488,-0.48674074084438107,1.87600102477617,-0.6106074387607932,0.9339149210948224,1.0534566000565253,-0.27743547601154706,-0.3743747503715706,1.4495046842929602,-0.43006900561827976,2.073644135332772,1.4105827128331005,2.657048707513918,-0.4849427713920723,4
0.6547989737542906,0.6983673369338488,2.054481813593895,-0.5330487493306738,-0.6106074387607932,0.9339149210948224,-0.9492560015726731,-0.27743547601154706,2.6711203119534384,-0.6898908370812065,2.325208250155974,-0.4822428221704121,-0.7089268788723055,-0.37635742136456934,2.0620989918653887,7
-0.8762750972300065,0.6983673369338488,-0.48674074084438107,-0.5330487493306738,-0.6106074387607932,-0.7534995386105954,-0.9492560015726731,-0.27743547601154706,-0.3743747503715706,1.4495046842929602,-0.43006900561827976,-0.4822428221704121,-0.7089268788723055,-0.37635742136456934,-0.4849427713920723,7
-0.8762750972300065,-0.8595975512004642,-0.48674074084438107,-0.5330487493306738,-0.6106074387607932,0.9339149210948224,1.0534566000565253,-0.27743547601154706,-0.3743747503715706,-0.6898908370812065,-0.43006900561827976,-0.4822428221704121,1.4105827128331005,-0.37635742136456934,-0.4849427713920723,8
2.1858730447385875,2.256332225068162,-0.48674074084438107,1.87600102477617,-0.6106074387607932,-0.7534995386105954,-0.9492560015726731,-0.27743547601154706,-0.3743747503715706,-0.6898908370812065,-0.43006900561827976,2.073644135332772,1.4105827128331005,2.657048707513918,-0.4849427713920723,4
0.6547989737542906,-0.8595975512004642,-0.48674074084438107,-0.5330487493306738,-0.6106074387607932,0.9339149210948224,-0.9492560015726731,-0.27743547601154706,-0.3743747503715706,-0.6898908370812065,-0.43006900561827976,-0.4822428221704121,-0.7089268788723055,2.657048707513918,-0.4849427713920723,6
-0.8762750972300065,0.6983673369338488,-0.48674074084438107,-0.5330487493306738,-0.6106074387607932,0.9339149210948224,1.0534566000565253,-0.27743547601154706,-0.3743747503715706,-0.6898908370812065,-0.43006900561827976,-0.4822428221704121,-0.7089268788723055,-0.37635742136456934,-0.4849427713920723,4
0.6547989737542906,-0.8595975512004642,-0.48674074084438107,1.87600102477617,-0.6106074387607932,0.9339149210948224,1.0534566000565253,-0.27743547601154706,-0.3743747503715706,-0.6898908370812065,-0.43006900561827976,-0.4822428221704121,-0.7089268788723055,-0.37635742136456934,-0.4849427713920723,7
-0.8762750972300065,-0.8595975512004642,-0.48674074084438107,-0.5330487493306738,-0.6106074387607932,-0.7534995386105954,-0.9492560015726731,-0.27743547601154706,-0.3743747503715706,-0.6898908370812065,-0.43006900561827976,-0.4822428221704121,1.4105827128331005,-0.37635742136456934,-0.4849427713920723,5
-0.8762750972300065,0.6983673369338488,-0.48674074084438107,-0.5330487493306738,-0.6106074387607932,0.9339149210948224,-0.9492560015726731,-0.27743547601154706,-0.3743747503715706,1.4495046842929602,-0.43006900561827976,-0.4822428221704121,-0.7089268788723055,-0.37635742136456934,-0.4849427713920723,7
-0.8762750972300065,0.6983673369338488,-0.48674074084438107,-0.5330487493306738,-0.6106074387607932,-0.7534995386105954,1.0534566000565253,-0.27743547601154706,-0.3743747503715706,1.4495046842929602,-0.43006900561827976,2.073644135332772,1.4105827128331005,-0.37635742136456934,-0.4849427713920723,6
0.6547989737542906,0.6983673369338488,2.054481813593895,-0.5330487493306738,1.6377134252236851,0.9339149210948224,-0.9492560015726731,-0.27743547601154706,2.6711203119534384,-0.6898908370812065,-0.43006900561827976,-0.4822428221704121,-0.7089268788723055,-0.37635742136456934,-0.4849427713920723,5
-0.8762750972300065,0.6983673369338488,2.054481813593895,-0.5330487493306738,-0.6106074387607932,-0.7534995386105954,-0.9492560015726731,-0.27743547601154706,-0.3743747503715706,-0.6898908370812065,2.325208250155974,-0.4822428221704121,-0.7089268788723055,-0.37635742136456934,-0.4849427713920723,8
0.6547989737542906,0.6983673369338488,-0.48674074084438107,-0.5330487493306738,-0.6106074387607932,0.9339149210948224,1.0534566000565253,-0.27743547601154706,-0.3743747503715706,1.4495046842929602,-0.43006900561827976,-0.4822428221704121,1.4105827128331005,-0.37635742136456934,-0.4849427713920723,7
-0.8762750972300065,-0.8595975512004642,2.054481813593895,1.87600102477617,1.6377134252236851,-0.7534995386105954,1.0534566000565253,-0.27743547601154706,2.6711203119534384,-0.6898908370812065,-0.43006900561827976,-0.4822428221704121,-0.7089268788723055,-0.37635742136456934,-0.4849427713920723,8
-0.8762750972300065,-0.8595975512004642,2.054481813593895,1.87600102477617,-0.6106074387607932,0.9339149210948224,1.0534566000565253,-0.27743547601154706,-0.3743747503715706,-0.6898908370812065,2.325208250155974,-0.4822428221704121,-0.7089268788723055,-0.37635742136456934,2.0620989918653887,7
0.6547989737542906,2.256332225068162,-0.48674074084438107,-0.5330487493306738,-0.6106074387607932,0.9339149210948224,-0.9492560015726731,-0.27743547601154706,-0.3743747503715706,1.4495046842929602,-0.43006900561827976,-0.4822428221704121,-0.7089268788723055,-0.37635742136456934,-0.4849427713920723,4
0.6547989737542906,-0.8595975512004642,2.054481813593895,1.87600102477617,1.6377134252236851,-0.7534995386105954,1.0534566000565253,-0.27743547601154706,-0.3743747503715706,-0.6898908370812065,-0.43006900561827976,-0.4822428221704121,1.4105827128331005,-0.37635742136456934,-0.4849427713920723,5
0.6547989737542906,2.256332225068162,-0.48674074084438107,-0.5330487493306738,-0.6106074387607932,-0.7534995386105954,-0.9492560015726731,-0.27743547601154706,-0.3743747503715706,1.4495046842929602,2.325208250155974,-0.4822428221704121,-0.7089268788723055,-0.37635742136456934,-0.4849427713920723,4
0.6547989737542906,-0.8595975512004642,2.054481813593895,-0.5330487493306738,-0.6106074387607932,0.9339149210948224,-0.9492560015726731,-0.27743547601154706,-0.3743747503715706,-0.6898908370812065,-0.43006900561827976,-0.4822428221704121,-0.7089268788723055,-0.37635742136456934,-0.4849427713920723,5
-0.8762750972300065,-0.8595975512004642,2.054481813593895,1.87600102477617,1.6377134252236851,-0.7534995386105954,1.0534566000565253,-0.27743547601154706,-0.3743747503715706,-0.6898908370812065,-0.43006900561827976,-0.4822428221704121,1.4105827128331005,-0.37635742136456934,-0.4849427713920723,8
-0.8762750972300065,-0.8595975512004642,-0.48674074084438107,-0.5330487493306738,-0.6106074387607932,0.9339149210948224,-0.9492560015726731,-0.27743547601154706,-0.3743747503715706,-0.6898908370812065,-0.43006900561827976,-0.4822428221704121,-0.7089268788723055,-0.37635742136456934,2.0620989918653887,6
-0.8762750972300065,-0.8595975512004642,-0.48674074084438107,-0.5330487493306738,-0.6106074387607932,-0.7534995386105954,-0.9492560015726731,-0.27743547601154706,-0.3743747503715706,-0.6898908370812065,2.325208250155974,-0.4822428221704121,-0.7089268788723055,-0.37635742136456934,-0.4849427713920723,7
-0.8762750972300065,0.6983673369338488,-0.48674074084438107,-0.5330487493306738,-0.6106074387607932,-0.7534995386105954,1.0534566000565253,-0.27743547601154706,-0.3743747503715706,-0.6898908370812065,-0.43006900561827976,2.073644135332772,-0.7089268788723055,-0.37635742136456934,-0.4849427713920723,5
-0.8762750972300065,0.6983673369338488,2.054481813593895,-0.5330487493306738,-0.6106074387607932,-0.7534995386105954,1.0534566000565253,-0.27743547601154706,-0.3743747503715706,-0.6898908370812065,-0.43006900561827976,-0.4822428221704121,-0.7089268788723055,-0.37635742136456934,-0.4849427713920723,7
-0.8762750972300065,-0.8595975512004642,-0.48674074084438107,-0.5330487493306738,1.6377134252236851,-0.7534995386105954,1.0534566000565253,-0.27743547601154706,2.6711203119534384,-0.6898908370812065,-0.43006900561827976,2.073644135332772,1.4105827128331005,-0.37635742136456934,-0.4849427713920723,8
2.1858730447385875,-0.8595975512004642,-0.48674074084438107,-0.5330487493306738,-0.6106074387607932,-0.7534995386105954,-0.9492560015726731,-0.27743547601154706,-0.3743747503715706,-0.6898908370812065,-0.43006900561827976,-0.4822428221704121,-0.7089268788723055,-0.37635742136456934,2.0620989918653887,5
0.6547989737542906,0.6983673369338488,-0.48674074084438107,-0.5330487493306738,-0.6106074387607932,0.9339149210948224,1.0534566000565253,-0.27743547601154706,-0.3743747503715706,-0.6898908370812065,-0.43006900561827976,-0.4822428221704121,-0.7089268788723055,-0.37635742136456934,-0.4849427713920723,5
-0.8762750972300065,-0.8595975512004642,-0.48674074084438107,-0.5330487493306738,-0.6106074387607932,-0.7534995386105954,-0.9492560015726731,3.60444170434202,-0.3743747503715706,-0.6898908370812065,-0.43006900561827976,2.073644135332772,1.4105827128331005,-0.37635742136456934,-0.4849427713920723,3
-0.8762750972300065,0.6983673369338488,-0.48674074084438107,1.87600102477617,-0.6106074387607932,-0.7534995386105954,1.0534566000565253,-0.27743547601154706,-0.3743747503715706,-0.6898908370812065,-0.43006900561827976,-0.4822428221704121,1.4105827128331005,-0.37635742136456934,-0.4849427713920723,8
0.6547989737542906,-0.8595975512004642,-0.48674074084438107,-0.5330487493306738,-0.6106074387607932,-0.7534995386105954,-0.9492560015726731,-0.27743547601154706,-0.3743747503715706,1.4495046842929602,-0.43006900561827976,2.073644135332772,1.4105827128331005,2.657048707513918,-0.4849427713920723,7
2.1858730447385875,2.256332225068162,-0.48674074084438107,-0.5330487493306738,-0.6106074387607932,2.62132938080024,1.0534566000565253,-0.27743547601154706,-0.3743747503715706,-0.6898908370812065,-0.43006900561827976,-0.4822428221704121,-0.7089268788723055,2.657048707513918,-0.4849427713920723,2
-0.8762750972300065,-0.8595975512004642,-0.48674074084438107,1.87600102477617,-0.6106074387607932,-0.7534995386105954,-0.9492560015726731,-0.27743547601154706,-0.3743747503715706,-0.6898908370812065,-0.43006900561827976,-0.4822428221704121,-0.7089268788723055,-0.37635742136456934,-0.4849427713920723,7
0.6547989737542906,0.6983673369338488,-0.48674074084438107,-0.5330487493306738,-0.6106074387607932,0.9339149210948224,1.0534566000565253,-0.27743547601154706,-0.3743747503715706,1.4495046842929602,-0.43006900561827976,-0.4822428221704121,1.4105827128331005,-0.37635742136456934,-0.4849427713920723,4
0.6547989737542906,-0.8595975512004642,-0.48674074084438107,-0.5330487493306738,-0.6106074387607932,0.9339149210948224,-0.9492560015726731,3.60444170434202,-0.3743747503715706,-0.6898908370812065,-0.43006900561827976,-0.4822428221704121,1.4105827128331005,-0.37635742136456934,-0.4849427713920723,4
2.1858730447385875,-0.8595975512004642,-0.48674074084438107,1.87600102477617,-0.6106074387607932,2.62132938080024,1.0534566000565253,-0.27743547601154706,-0.3743747503715706,-0.6898908370812065,-0.43006900561827976,-0.4822428221704121,-0.7089268788723055,-0.37635742136456934,2.0620989918653887,7
0.6547989737542906,2.256332225068162,-0.48674074084438107,-0.5330487493306738,-0.6106074387607932,-0.7534995386105954,1.0534566000565253,-0.27743547601154706,2.6711203119534384,1.4495046842929602,-0.43006900561827976,-0.4822428221704121,-0.7089268788723055,-0.37635742136456934,-0.4849427713920723,4
-0.8762750972300065,-0.8595975512004642,-0.48674074084438107,1.87600102477617,1.6377134252236851,-0.7534995386105954,1.0534566000565253,-0.27743547601154706,2.6711203119534384,-0.6898908370812065,-0.43006900561827976,-0.4822428221704121,-0.7089268788723055,-0.37635742136456934,-0.4849427713920723,7
-0.8762750972300065,-0.8595975512004642,-0.48674074084438107,-0.5330487493306738,1.6377134252236851,-0.7534995386105954,1.0534566000565253,-0.27743547601154706,-0.3743747503715706,-0.6898908370812065,-0.43006900561827976,-0.4822428221704121,-0.7089268788723055,-0.37635742136456934,-0.4849427713920723,6
0.6547989737542906,0.6983673369338488,-0.48674074084438107,-0.5330487493306738,-0.6106074387607932,0.9339149210948224,1.0534566000565253,3.60444170434202,-0.3743747503715706,1.4495046842929602,-0.43006900561827976,-0.4822428221704121,1.4105827128331005,2.657048707513918,-0.4849427713920723,4
0.6547989737542906,-0.8595975512004642,-0.48674074084438107,-0.5330487493306738,1.6377134252236851,0.9339149210948224,-0.9492560015726731,-0.27743547601154706,-0.3743747503715706,-0.6898908370812065,-0.43006900561827976,-0.4822428221704121,-0.7089268788723055,-0.37635742136456934,-0.4849427713920723,6
-0.8762750972300065,-0.8595975512004642,-0.48674074084438107,1.87600102477617,-0.6106074387607932,-0.7534995386105954,-0.9492560015726731,3.60444170434202,-0.3743747503715706,1.4495046842929602,-0.43006900561827976,-0.4822428221704121,1.4105827128331005,-0.37635742136456934,-0.4849427713920723,5
-0.8762750972300065,-0.8595975512004642,-0.48674074084438107,1.87600102477617,1.6377134252236851,-0.7534995386105954,1.0534566000565253,-0.27743547601154706,2.6711203119534384,-0.6898908370812065,-0.43006900561827976,-0.4822428221704121,-0.7089268788723055,-0.37635742136456934,-0.4849427713920723,9
0.6547989737542906,-0.8595975512004642,2.054481813593895,-0.5330487493306738,1.6377134252236851,-0.7534995386105954,-0.9492560015726731,-0.27743547601154706,-0.3743747503715706,-0.6898908370812065,-0.43006900561827976,-0.4822428221704121,-0.7089268788723055,-0.37635742136456934,-0.4849427713920723,8
-0.8762750972300065,-0.8595975512004642,2.054481813593895,1.87600102477617,1.6377134252236851,-0.7534995386105954,1.0534566000565253,-0.27743547601154706,2.6711203119534384,-0.6898908370812065,-0.43006900561827976,-0.4822428221704121,-0.7089268788723055,-0.37635742136456934,2.0620989918653887,7
0.6547989737542906,0.6983673369338488,-0.48674074084438107,-0.5330487493306738,1.6377134252236851,-0.7534995386105954,-0.9492560015726731,-0.27743547601154706,-0.3743747503715706,-0.6898908370812065,-0.43006900561827976,2.073644135332772,1.4105827128331005,2.657048707513918,-0.4849427713920723,4
0.6547989737542906,-0.8595975512004642,-0.48674074084438107,-0.5330487493306738,-0.6106074387607932,2.62132938080024,-0.9492560015726731,-0.27743547601154706,-0.3743747503715706,-0.6898908370812065,-0.43006900561827976,-0.4822428221704121,-0.7089268788723055,-0.37635742136456934,-0.4849427713920723,5
0.6547989737542906,-0.8595975512004642,-0.48674074084438107,-0.5330487493306738,-0.6106074387607932,0.9339149210948224,1.0534566000565253,-0.27743547601154706,-0.3743747503715706,-0.6898908370812065,-0.43006900561827976,-0.4822428221704121,-0.7089268788723055,-0.37635742136456934,-0.4849427713920723,7
0.6547989737542906,-0.8595975512004642,-0.48674074084438107,-0.5330487493306738,1.6377134252236851,-0.7534995386105954,1.0534566000565253,-0.27743547601154706,-0.3743747503715706,-0.6898908370812065,-0.43006900561827976,2.073644135332772,1.4105827128331005,-0.37635742136456934,-0.4849427713920723,4
0.6547989737542906,0.6983673369338488,-0.48674074084438107,-0.5330487493306738,-0.6106074387607932,-0.7534995386105954,1.0534566000565253,-0.27743547601154706,-0.3743747503715706,-0.6898908370812065,-0.43006900561827976,-0.4822428221704121,-0.7089268788723055,-0.37635742136456934,-0.4849427713920723,6
0.6547989737542906,0.6983673369338488,-0.48674074084438107,-0.5330487493306738,-0.6106074387607932,0.9339149210948224,-0.9492560015726731,-0.27743547601154706,-0.3743747503715706,1.4495046842929602,-0.43006900561827976,-0.4822428221704121,-0.7089268788723055,-0.37635742136456934,-0.4849427713920723,7
-0.8762750972300065,-0.8595975512004642,-0.48674074084438107,-0.5330487493306738,1.6377134252236851,-0.7534995386105954,1.0534566000565253,-0.27743547601154706,-0.3743747503715706,-0.6898908370812065,2.325208250155974,-0.4822428221704121,-0.7089268788723055,-0.37635742136456934,2.0620989918653887,9
-0.8762750972300065,-0.8595975512004642,-0.48674074084438107,-0.5330487493306738,-0.6106074387607932,-0.7534995386105954,1.0534566000565253,3.60444170434202,-0.3743747503715706,-0.6898908370812065,-0.43006900561827976,-0.4822428221704121,1.4105827128331005,-0.37635742136456934,-0.4849427713920723,4
0.6547989737542906,-0.8595975512004642,-0.48674074084438107,-0.5330487493306738,-0.6106074387607932,0.9339149210948224,1.0534566000565253,-0.27743547601154706,-0.3743747503715706,-0.6898908370812065,-0.43006900561827976,-0.4822428221704121,-0.7089268788723055,-0.37635742136456934,-0.4849427713920723,7
0.6547989737542906,-0.8595975512004642,2.054481813593895,-0.5330487493306738,-0.6106074387607932,-0.7534995386105954,-0.9492560015726731,-0.27743547601154706,-0.3743747503715706,-0.6898908370812065,-0.43006900561827976,-0.4822428221704121,-0.7089268788723055,-0.37635742136456934,-0.4849427713920723,7
-0.8762750972300065,-0.8595975512004642,2.054481813593895,-0.5330487493306738,1.6377134252236851,0.9339149210948224,-0.9492560015726731,-0.27743547601154706,2.6711203119534384,-0.6898908370812065,-0.43006900561827976,-0.4822428221704121,-0.7089268788723055,-0.37635742136456934,-0.4849427713920723,9
-0.8762750972300065,-0.8595975512004642,-0.48674074084438107,-0.5330487493306738,-0.6106074387607932,-0.7534995386105954,1.0534566000565253,-0.27743547601154706,-0.3743747503715706,1.4495046842929602,2.325208250155974,-0.4822428221704121,-0.7089268788723055,-0.37635742136456934,2.0620989918653887,7
-0.8762750972300065,0.6983673369338488,2.054481813593895,-0.5330487493306738,1.6377134252236851,-0.7534995386105954,-0.9492560015726731,-0.27743547601154706,-0.3743747503715706,-0.6898908370812065,-0.43006900561827976,-0.4822428221704121,-0.7089268788723055,-0.37635742136456934,-0.4849427713920723,7
0.6547989737542906,-0.8595975512004642,-0.48674074084438107,-0.5330487493306738,-0.6106074387607932,-0.7534995386105954,-0.9492560015726731,3.60444170434202,-0.3743747503715706,1.4495046842929602,-0.43006900561827976,-0.4822428221704121,1.4105827128331005,-0.37635742136456934,-0.4849427713920723,5
0.6547989737542906,2.256332225068162,-0.48674074084438107,-0.5330487493306738,-0.6106074387607932,0.9339149210948224,-0.9492560015726731,-0.27743547601154706,-0.3743747503715706,1.4495046842929602,-0.43006900561827976,2.073644135332772,-0.7089268788723055,-0.37635742136456934,-0.4849427713920723,4
0.6547989737542906,0.6983673369338488,-0.48674074084438107,-0.5330487493306738,-0.6106074387607932,-0.7534995386105954,-0.9492560015726731,-0.27743547601154706,-0.3743747503715706,1.4495046842929602,-0.43006900561827976,-0.4822428221704121,-0.7089268788723055,-0.37635742136456934,-0.4849427713920723,6
0.6547989737542906,-0.8595975512004642,2.054481813593895,1.87600102477617,1.6377134252236851,-0.7534995386105954,-0.9492560015726731,-0.27743547601154706,2.6711203119534384,-0.6898908370812065,-0.43006900561827976,-0.4822428221704121,1.4105827128331005,-0.37635742136456934,-0.4849427713920723,8
-0.8762750972300065,0.6983673369338488,-0.48674074084438107,1.87600102477617,-0.6106074387607932,-0.7534995386105954,-0.9492560015726731,-0.27743547601154706,-0.3743747503715706,1.4495046842929602,-0.43006900561827976,2.073644135332772,-0.7089268788723055,-0.37635742136456934,-0.4849427713920723,4
-0.8762750972300065,0.6983673369338488,-0.48674074084438107,-0.5330487493306738,-0.6106074387607932,-0.7534995386105954,-0.9492560015726731,-0.27743547601154706,-0.3743747503715706,1.4495046842929602,2.325208250155974,-0.4822428221704121,-0.7089268788723055,2.657048707513918,2.0620989918653887,6
-0.8762750972300065,-0.8595975512004642,2.054481813593895,1.87600102477617,-0.6106074387607932,-0.7534995386105954,1.0534566000565253,-0.27743547601154706,-0.3743747503715706,-0.6898908370812065,-0.43006900561827976,-0.4822428221704121,-0.7089268788723055,-0.37635742136456934,-0.4849427713920723,8
0.6547989737542906,0.6983673369338488,-0.48674074084438107,-0.5330487493306738,-0.6106074387607932,0.9339149210948224,1.0534566000565253,-0.27743547601154706,-0.3743747503715706,1.4495046842929602,-0.43006900561827976,2.073644135332772,1.4105827128331005,-0.37635742136456934,-0.4849427713920723,4
-0.8762750972300065,-0.8595975512004642,-0.48674074084438107,-0.5330487493306738,-0.6106074387607932,0.9339149210948224,1.0534566000565253,-0.27743547601154706,-0.3743747503715706,1.4495046842929602,2.325208250155974,-0.4822428221704121,1.4105827128331005,-0.37635742136456934,-0.4849427713920723,6
-0.8762750972300065,-0.8595975512004642,-0.48674074084438107,1.87600102477617,-0.6106074387607932,-0.7534995386105954,1.0534566000565253,-0.27743547601154706,-0.3743747503715706,-0.6898908370812065,-0.43006900561827976,-0.4822428221704121,-0.7089268788723055,-0.37635742136456934,-0.4849427713920723,7
2.1858730447385875,0.6983673369338488,-0.48674074084438107,-0.5330487493306738,-0.6106074387607932,0.9339149210948224,-0.9492560015726731,-0.27743547601154706,-0.3743747503715706,1.4495046842929602,-0.43006900561827976,-0.4822428221704121,1.4105827128331005,2.657048707513918,-0.4849427713920723,4
-0.8762750972300065,-0.8595975512004642,-0.48674074084438107,-0.5330487493306738,1.6377134252236851,0.9339149210948224,1.0534566000565253,-0.27743547601154706,-0.3743747503715706,-0.6898908370812065,-0.43006900561827976,-0.4822428221704121,-0.7089268788723055,-0.37635742136456934,-0.4849427713920723,8
2.1858730447385875,0.6983673369338488,-0.48674074084438107,-0.5330487493306738,-0.6106074387607932,0.9339149210948224,-0.9492560015726731,-0.27743547601154706,-0.3743747503715706,1.4495046842929602,-0.43006900561827976,-0.4822428221704121,-0.7089268788723055,-0.37635742136456934,-0.4849427713920723,6
-0.8762750972300065,-0.8595975512004642,-0.48674074084438107,-0.5330487493306738,-0.6106074387607932,-0.7534995386105954,-0.9492560015726731,-0.27743547601154706,-0.3743747503715706,-0.6898908370812065,-0.43006900561827976,2.073644135332772,-0.7089268788723055,-0.37635742136456934,-0.4849427713920723,8
-0.8762750972300065,-0.8595975512004642,2.054481813593895,1.87600102477617,-0.6106074387607932,-0.7534995386105954,-0.9492560015726731,-0.27743547601154706,2.6711203119534384,-0.6898908370812065,-0.43006900561827976,-0.4822428221704121,-0.7089268788723055,-0.37635742136456934,-0.4849427713920723,9
0.6547989737542906,0.6983673369338488,-0.48674074084438107,-0.5330487493306738,-0.6106074387607932,-0.7534995386105954,1.0534566000565253,-0.27743547601154706,-0.3743747503715706,-0.6898908370812065,-0.43006900561827976,2.073644135332772,-0.7089268788723055,-0.37635742136456934,-0.4849427713920723,6
0.6547989737542906,-0.8595975512004642,2.054481813593895,1.87600102477617,1.6377134252236851,-0.7534995386105954,-0.9492560015726731,-0.27743547601154706,2.6711203119534384,-0.6898908370812065,-0.43006900561827976,-0.4822428221704121,-0.7089268788723055,-0.37635742136456934,-0.4849427713920723,6
0.6547989737542906,-0.8595975512004642,2.054481813593895,-0.5330487493306738,-0.6106074387607932,-0.7534995386105954,-0.9492560015726731,-0.27743547601154706,2.6711203119534384,-0.6898908370812065,-0.43006900561827976,-0.4822428221704121,-0.7089268788723055,-0.37635742136456934,-0.4849427713920723,6
0.6547989737542906,-0.8595975512004642,-0.48674074084438107,-0.5330487493306738,1.6377134252236851,0.9339149210948224,1.0534566000565253,-0.27743547601154706,-0.3743747503715706,-0.6898908370812065,-0.43006900561827976,-0.4822428221704121,-0.7089268788723055,-0.37635742136456934,-0.4849427713920723,7
-0.8762750972300065,0.6983673369338488,-0.48674074084438107,-0.5330487493306738,-0.6106074387607932,-0.7534995386105954,1.0534566000565253,-0.27743547601154706,2.6711203119534384,-0.6898908370812065,-0.43006900561827976,2.073644135332772,1.4105827128331005,-0.37635742136456934,2.0620989918653887,4
-0.8762750972300065,0.6983673369338488,2.054481813593895,-0.5330487493306738,-0.6106074387607932,-0.7534995386105954,-0.9492560015726731,-0.27743547601154706,-0.3743747503715706,-0.6898908370812065,2.325208250155974,-0.4822428221704121,-0.7089268788723055,-0.37635742136456934,-0.4849427713920723,6
0.6547989737542906,0.6983673369338488,-0.48674074084438107,-0.5330487493306738,-0.6106074387607932,0.9339149210948224,-0.9492560015726731,-0.27743547601154706,-0.3743747503715706,1.4495046842929602,2.325208250155974,-0.4822428221704121,-0.7089268788723055,-0.37635742136456934,-0.4849427713920723,7
-0.8762750972300065,-0.8595975512004642,-0.48674074084438107,-0.5330487493306738,-0.6106074387607932,-0.7534995386105954,1.0534566000565253,-0.27743547601154706,-0.3743747503715706,1.4495046842929602,-0.43006900561827976,2.073644135332772,1.4105827128331005,-0.37635742136456934,-0.4849427713920723,6
-0.8762750972300065,0.6983673369338488,-0.48674074084438107,-0.5330487493306738,-0.6106074387607932,-0.7534995386105954,-0.9492560015726731,-0.27743547601154706,-0.3743747503715706,-0.6898908370812065,-0.43006900561827976,-0.4822428221704121,-0.7089268788723055,-0.37635742136456934,-0.4849427713920723,6
0.6547989737542906,2.256332225068162,-0.48674074084438107,-0.5330487493306738,-0.6106074387607932,0.9339149210948224,-0.9492560015726731,-0.27743547601154706,-0.3743747503715706,1.4495046842929602,-0.43006900561827976,-0.4822428221704121,1.4105827128331005,-0.37635742136456934,-0.4849427713920723,4
-0.8762750972300065,-0.8595975512004642,-0.48674074084438107,1.87600102477617,-0.6106074387607932,-0.7534995386105954,1.0534566000565253,-0.27743547601154706,-0.3743747503715706,-0.6898908370812065,-0.43006900561827976,-0.4822428221704121,-0.7089268788723055,-0.37635742136456934,-0.4849427713920723,8
0.6547989737542906,0.6983673369338488,-0.48674074084438107,-0.5330487493306738,-0.6106074387607932,-0.7534995386105954,1.0534566000565253,-0.27743547601154706,-0.3743747503715706,1.4495046842929602,-0.43006900561827976,2.073644135332772,1.4105827128331005,-0.37635742136456934,-0.4849427713920723,6
0.6547989737542906,0.6983673369338488,-0.48674074084438107,-0.5330487493306738,-0.6106074387607932,-0.7534995386105954,1.0534566000565253,-0.27743547601154706,-0.3743747503715706,-0.6898908370812065,-0.43006900561827976,-0.4822428221704121,1.4105827128331005,-0.37635742136456934,-0.4849427713920723,5
-0.8762750972300065,-0.8595975512004642,-0.48674074084438107,-0.5330487493306738,-0.6106074387607932,0.9339149210948224,-0.9492560015726731,-0.27743547601154706,-0.3743747503715706,-0.6898908370812065,2.325208250155974,-0.4822428221704121,1.4105827128331005,-0.37635742136456934,-0.4849427713920723,6
-0.8762750972300065,0.6983673369338488,-0.48674074084438107,-0.5330487493306738,-0.6106074387607932,-0.7534995386105954,1.0534566000565253,-0.27743547601154706,-0.3743747503715706,1.4495046842929602,2.325208250155974,-0.4822428221704121,-0.7089268788723055,-0.37635742136456934,-0.4849427713920723,6
2.1858730447385875,0.6983673369338488,2.054481813593895,-0.5330487493306738,-0.6106074387607932,-0.7534995386105954,-0.9492560015726731,-0.27743547601154706,-0.3743747503715706,-0.6898908370812065,-0.43006900561827976,-0.4822428221704121,-0.7089268788723055,-0.37635742136456934,2.0620989918653887,6
-0.8762750972300065,-0.8595975512004642,2.054481813593895,-0.5330487493306738,-0.6106074387607932,0.9339149210948224,-0.9492560015726731,-0.27743547601154706,-0.3743747503715706,-0.6898908370812065,2.325208250155974,-0.4822428221704121,-0.7089268788723055,-0.37635742136456934,-0.4849427713920723,8
-0.8762750972300065,-0.8595975512004642,-0.48674074084438107,1.87600102477617,1.6377134252236851,-0.7534995386105954,1.0534566000565253,-0.27743547601154706,-0.3743747503715706,-0.6898908370812065,-0.43006900561827976,-0.4822428221704121,1.4105827128331005,-0.37635742136456934,-0.4849427713920723,8
0.6547989737542906,-0.8595975512004642,2.054481813593895,1.87600102477617,1.6377134252236851,-0.7534995386105954,1.0534566000565253,-0.27743547601154706,-0.3743747503715706,-0.6898908370812065,-0.43006900561827976,-0.4822428221704121,1.4105827128331005,-0.37635742136456934,2.0620989918653887,5
0.6547989737542906,-0.8595975512004642,2.054481813593895,1.87600102477617,1.6377134252236851,-0.7534995386105954,1.0534566000565253,-0.27743547601154706,-0.3743747503715706,-0.6898908370812065,-0.43006900561827976,-0.4822428221704121,-0.7089268788723055,-0.37635742136456934,-0.4849427713920723,7
2.1858730447385875,-0.8595975512004642,-0.48674074084438107,-0.5330487493306738,1.6377134252236851,0.9339149210948224,-0.9492560015726731,-0.27743547601154706,-0.3743747503715706,-0.6898908370812065,-0.43006900561827976,-0.4822428221704121,-0.7089268788723055,-0.37635742136456934,2.0620989918653887,6
-0.8762750972300065,-0.8595975512004642,-0.48674074084438107,1.87600102477617,-0.6106074387607932,-0.7534995386105954,-0.9492560015726731,-0.27743547601154706,-0.3743747503715706,-0.6898908370812065,-0.43006900561827976,-0.4822428221704121,-0.7089268788723055,-0.37635742136456934,-0.4849427713920723,6
-0.8762750972300065,0.6983673369338488,-0.48674074084438107,-0.5330487493306738,1.6377134252236851,0.9339149210948224,-0.9492560015726731,-0.27743547601154706,-0.3743747503715706,-0.6898908370812065,-0.43006900561827976,-0.4822428221704121,1.4105827128331005,2.657048707513918,-0.4849427713920723,4
0.6547989737542906,-0.8595975512004642,-0.48674074084438107,-0.5330487493306738,1.6377134252236851,-0.7534995386105954,1.0534566000565253,-0.27743547601154706,-0.3743747503715706,-0.6898908370812065,-0.43006900561827976,-0.4822428221704121,-0.7089268788723055,-0.37635742136456934,-0.4849427713920723,6
2.1858730447385875,2.256332225068162,-0.48674074084438107,-0.5330487493306738,1.6377134252236851,2.62132938080024,-0.9492560015726731,-0.27743547601154706,-0.3743747503715706,-0.6898908370812065,-0.43006900561827976,-0.4822428221704121,-0.7089268788723055,-0.37635742136456934,-0.4849427713920723,2
0.6547989737542906,-0.8595975512004642,-0.48674074084438107,-0.5330487493306738,1.6377134252236851,0.9339149210948224,-0.9492560015726731,-0.27743547601154706,2.6711203119534384,-0.6898908370812065,-0.43006900561827976,-0.4822428221704121,-0.7089268788723055,-0.37635742136456934,-0.4849427713920723,6
0.6547989737542906,-0.8595975512004642,-0.48674074084438107,-0.5330487493306738,1.6377134252236851,-0.7534995386105954,1.0534566000565253,-0.27743547601154706,-0.3743747503715706,-0.6898908370812065,-0.43006900561827976,-0.4822428221704121,-0.7089268788723055,-0.37635742136456934,-0.4849427713920723,7
0.6547989737542906,0.6983673369338488,-0.48674074084438107,-0.5330487493306738,-0.6106074387607932,-0.7534995386105954,-0.9492560015726731,-0.27743547601154706,-0.3743747503715706,1.4495046842929602,2.325208250155974,-0.4822428221704121,-0.7089268788723055,-0.37635742136456934,-0.4849427713920723,4
0.6547989737542906,0.6983673369338488,-0.48674074084438107,-0.5330487493306738,1.6377134252236851,0.9339149210948224,-0.9492560015726731,-0.27743547601154706,-0.3743747503715706,-0.6898908370812065,-0.43006900561827976,-0.4822428221704121,-0.7089268788723055,-0.37635742136456934,-0.4849427713920723,2
0.6547989737542906,0.6983673369338488,-0.48674074084438107,-0.5330487493306738,-0.6106074387607932,-0.7534995386105954,1.0534566000565253,-0.27743547601154706,-0.3743747503715706,1.4495046842929602,-0.43006900561827976,2.073644135332772,1.4105827128331005,-0.37635742136456934,-0.4849427713920723,4
0.6547989737542906,2.256332225068162,-0.48674074084438107,-0.5330487493306738,-0.6106074387607932,-0.7534995386105954,-0.9492560015726731,-0.27743547601154706,-0.3743747503715706,-0.6898908370812065,-0.43006900561827976,2.073644135332772,1.4105827128331005,-0.37635742136456934,-0.4849427713920723,3
2.1858730447385875,-0.8595975512004642,-0.48674074084438107,-0.5330487493306738,-0.6106074387607932,2.62132938080024,-0.9492560015726731,-0.27743547601154706,-0.3743747503715706,-0.6898908370812065,-0.43006900561827976,-0.4822428221704121,-0.7089268788723055,-0.37635742136456934,2.0620989918653887,5
0.6547989737542906,0.6983673369338488,-0.48674074084438107,-0.5330487493306738,-0.6106074387607932,0.9339149210948224,1.0534566000565253,-0.27743547601154706,-0.3743747503715706,-0.6898908370812065,-0.43006900561827976,2.073644135332772,1.4105827128331005,-0.37635742136456934,-0.4849427713920723,5
2.1858730447385875,-0.8595975512004642,-0.48674074084438107,-0.5330487493306738,-0.6106074387607932,0.9339149210948224,1.0534566000565253,-0.27743547601154706,-0.3743747503715706,-0.6898908370812065,2.325208250155974,-0.4822428221704121,1.4105827128331005,-0.37635742136456934,2.0620989918653887,5
0.6547989737542906,0.6983673369338488,-0.48674074084438107,-0.5330487493306738,-0.6106074387607932,-0.7534995386105954,-0.9492560015726731,-0.27743547601154706,-0.3743747503715706,-0.6898908370812065,-0.43006900561827976,-0.4822428221704121,1.4105827128331005,-0.37635742136456934,-0.4849427713920723,5
0.6547989737542906,-0.8595975512004642,2.054481813593895,-0.5330487493306738,-0.6106074387607932,-0.7534995386105954,-0.9492560015726731,-0.27743547601154706,-0.3743747503715706,-0.6898908370812065,-0.43006900561827976,2.073644135332772,-0.7089268788723055,-0.37635742136456934,-0.4849427713920723,7
-0.8762750972300065,-0.8595975512004642,-0.48674074084438107,-0.5330487493306738,1.6377134252236851,-0.7534995386105954,1.0534566000565253,-0.27743547601154706,-0.3743747503715706,-0.6898908370812065,-0.43006900561827976,-0.4822428221704121,-0.7089268788723055,-0.37635742136456934,-0.4849427713920723,6
0.6547989737542906,0.6983673369338488,-0.48674074084438107,-0.5330487493306738,-0.6106074387607932,-0.7534995386105954,1.0534566000565253,-0.27743547601154706,-0.3743747503715706,1.4495046842929602,-0.43006900561827976,-0.4822428221704121,-0.7089268788723055,-0.37635742136456934,-0.4849427713920723,7
-0.8762750972300065,-0.8595975512004642,-0.48674074084438107,1.87600102477617,1.6377134252236851,-0.7534995386105954,1.0534566000565253,-0.27743547601154706,-0.3743747503715706,-0.6898908370812065,-0.43006900561827976,-0.4822428221704121,-0.7089268788723055,-0.37635742136456934,-0.4849427713920723,8
-0.8762750972300065,-0.8595975512004642,-0.48674074084438107,1.87600102477617,1.6377134252236851,-0.7534995386105954,1.0534566000565253,-0.27743547601154706,-0.3743747503715706,-0.6898908370812065,-0.43006900561827976,-0.4822428221704121,-0.7089268788723055,-0.37635742136456934,2.0620989918653887,9
-0.8762750972300065,0.6983673369338488,-0.48674074084438107,-0.5330487493306738,-0.6106074387607932,0.9339149210948224,-0.9492560015726731,-0.27743547601154706,-0.3743747503715706,1.4495046842929602,-0.43006900561827976,-0.4822428221704121,-0.7089268788723055,-0.37635742136456934,-0.4849427713920723,8
0.6547989737542906,0.6983673369338488,-0.48674074084438107,1.87600102477617,1.6377134252236851,-0.7534995386105954,1.0534566000565253,-0.27743547601154706,-0.3743747503715706,-0.6898908370812065,-0.43006900561827976,2.073644135332772,1.4105827128331005,-0.37635742136456934,-0.4849427713920723,5
-0.8762750972300065,0.6983673369338488,-0.48674074084438107,-0.5330487493306738,-0.6106074387607932,-0.7534995386105954,-0.9492560015726731,-0.27743547601154706,-0.3743747503715706,1.4495046842929602,2.325208250155974,-0.4822428221704121,-0.7089268788723055,-0.37635742136456934,-0.4849427713920723,7
0.6547989737542906,-0.8595975512004642,-0.48674074084438107,1.87600102477617,-0.6106074387607932,-0.7534995386105954,-0.9492560015726731,-0.27743547601154706,-0.3743747503715706,1.4495046842929602,-0.43006900561827976,-0.4822428221704121,1.4105827128331005,-0.37635742136456934,-0.4849427713920723,3
-0.8762750972300065,-0.8595975512004642,-0.48674074084438107,-0.5330487493306738,-0.6106074387607932,-0.7534995386105954,1.0534566000565253,-0.27743547601154706,-0.3743747503715706,-0.6898908370812065,-0.43006900561827976,-0.4822428221704121,-0.7089268788723055,-0.37635742136456934,-0.4849427713920723,8
-0.8762750972300065,-0.8595975512004642,2.054481813593895,1.87600102477617,-0.6106074387607932,-0.7534995386105954,-0.9492560015726731,-0.27743547601154706,2.6711203119534384,-0.6898908370812065,2.325208250155974,-0.4822428221704121,-0.7089268788723055,-0.37635742136456934,-0.4849427713920723,8
0.6547989737542906,2.256332225068162,-0.48674074084438107,-0.5330487493306738,-0.6106074387607932,0.9339149210948224,1.0534566000565253,3.60444170434202,-0.3743747503715706,1.4495046842929602,-0.43006900561827976,-0.4822428221704121,-0.7089268788723055,2.657048707513918,2.0620989918653887,4
0.6547989737542906,0.6983673369338488,-0.48674074084438107,-0.5330487493306738,-0.6106074387607932,-0.7534995386105954,-0.9492560015726731,-0.27743547601154706,-0.3743747503715706,-0.6898908370812065,-0.43006900561827976,-0.4822428221704121,-0.7089268788723055,-0.37635742136456934,-0.4849427713920723,6
0.6547989737542906,0.6983673369338488,-0.48674074084438107,-0.5330487493306738,-0.6106074387607932,-0.7534995386105954,-0.9492560015726731,-0.27743547601154706,-0.3743747503715706,1.4495046842929602,-0.43006900561827976,-0.4822428221704121,-0.7089268788723055,-0.37635742136456934,-0.4849427713920723,4
-0.8762750972300065,-0.8595975512004642,2.054481813593895,1.87600102477617,-0.6106074387607932,-0.7534995386105954,1.0534566000565253,-0.27743547601154706,-0.3743747503715706,-0.6898908370812065,-0.43006900561827976,-0.4822428221704121,-0.7089268788723055,-0.37635742136456934,-0.4849427713920723,9
-0.8762750972300065,0.6983673369338488,-0.48674074084438107,-0.5330487493306738,-0.6106074387607932,0.9339149210948224,-0.9492560015726731,-0.27743547601154706,-0.3743747503715706,1.4495046842929602,-0.43006900561827976,-0.4822428221704121,-0.7089268788723055,-0.37635742136456934,-0.4849427713920723,7
0.6547989737542906,0.6983673369338488,-0.48674074084438107,-0.5330487493306738,-0.6106074387607932,0.9339149210948224,-0.9492560015726731,3.60444170434202,-0.3743747503715706,-0.6898908370812065,-0.43006900561827976,-0.4822428221704121,1.4105827128331005,-0.37635742136456934,-0.4849427713920723,3
-0.8762750972300065,-0.8595975512004642,-0.48674074084438107,-0.5330487493306738,1.6377134252236851,-0.7534995386105954,1.0534566000565253,-0.27743547601154706,-0.3743747503715706,-0.6898908370812065,-0.43006900561827976,2.073644135332772,-0.7089268788723055,-0.37635742136456934,-0.4849427713920723,5
-0.8762750972300065,-0.8595975512004642,-0.48674074084438107,-0.5330487493306738,-0.6106074387607932,-0.7534995386105954,-0.9492560015726731,-0.27743547601154706,-0.3743747503715706,-0.6898908370812065,2.325208250155974,-0.4822428221704121,-0.7089268788723055,-0.37635742136456934,2.0620989918653887,8
-0.8762750972300065,-0.8595975512004642,2.054481813593895,-0.5330487493306738,-0.6106074387607932,0.9339149210948224,1.0534566000565253,-0.27743547601154706,-0.3743747503715706,-0.6898908370812065,-0.43006900561827976,-0.4822428221704121,-0.7089268788723055,-0.37635742136456934,2.0620989918653887,6
-0.8762750972300065,0.6983673369338488,-0.48674074084438107,-0.5330487493306738,-0.6106074387607932,0.9339149210948224,-0.9492560015726731,-0.27743547601154706,-0.3743747503715706,1.4495046842929602,-0.43006900561827976,-0.4822428221704121,-0.7089268788723055,-0.37635742136456934,-0.4849427713920723,5
-0.8762750972300065,0.6983673369338488,-0.48674074084438107,-0.5330487493306738,1.6377134252236851,-0.7534995386105954,-0.9492560015726731,-0.27743547601154706,-0.3743747503715706,-0.6898908370812065,2.325208250155974,-0.4822428221704121,-0.7089268788723055,-0.37635742136456934,2.0620989918653887,9
-0.8762750972300065,-0.8595975512004642,-0.48674074084438107,-0.5330487493306738,1.6377134252236851,0.9339149210948224,-0.9492560015726731,-0.27743547601154706,-0.3743747503715706,1.4495046842929602,-0.43006900561827976,-0.4822428221704121,1.4105827128331005,-0.37635742136456934,-0.4849427713920723,8
-0.8762750972300065,-0.8595975512004642,-0.48674074084438107,1.87600102477617,1.6377134252236851,0.9339149210948224,-0.9492560015726731,-0.27743547601154706,-0.3743747503715706,-0.6898908370812065,-0.43006900561827976,-0.4822428221704121,-0.7089268788723055,2.657048707513918,-0.4849427713920723,9
-0.8762750972300065,0.6983673369338488,-0.48674074084438107,-0.5330487493306738,-0.6106074387607932,-0.7534995386105954,-0.9492560015726731,-0.27743547601154706,-0.3743747503715706,1.4495046842929602,-0.43006900561827976,-0.4822428221704121,-0.7089268788723055,-0.37635742136456934,-0.4849427713920723,7
-0.8762750972300065,-0.8595975512004642,2.054481813593895,-0.5330487493306738,-0.6106074387607932,0.9339149210948224,-0.9492560015726731,-0.27743547601154706,2.6711203119534384,1.4495046842929602,-0.43006900561827976,-0.4822428221704121,-0.7089268788723055,-0.37635742136456934,-0.4849427713920723,7
0.6547989737542906,-0.8595975512004642,-0.48674074084438107,-0.5330487493306738,-0.6106074387607932,0.9339149210948224,1.0534566000565253,-0.27743547601154706,2.6711203119534384,1.4495046842929602,-0.43006900561827976,-0.4822428221704121,-0.7089268788723055,-0.37635742136456934,-0.4849427713920723,7
-0.8762750972300065,0.6983673369338488,-0.48674074084438107,-0.5330487493306738,-0.6106074387607932,0.9339149210948224,-0.9492560015726731,-0.27743547601154706,-0.3743747503715706,1.4495046842929602,-0.43006900561827976,-0.4822428221704121,-0.7089268788723055,2.657048707513918,-0.4849427713920723,4
0.6547989737542906,-0.8595975512004642,-0.48674074084438107,1.87600102477617,1.6377134252236851,-0.7534995386105954,1.0534566000565253,-0.27743547601154706,-0.3743747503715706,-0.6898908370812065,-0.43006900561827976,-0.4822428221704121,-0.7089268788723055,-0.37635742136456934,-0.4849427713920723,7
-0.8762750972300065,-0.8595975512004642,-0.48674074084438107,1.87600102477617,1.6377134252236851,0.9339149210948224,-0.9492560015726731,-0.27743547601154706,2.6711203119534384,1.4495046842929602,-0.43006900561827976,-0.4822428221704121,-0.7089268788723055,-0.37635742136456934,-0.4849427713920723,7
0.6547989737542906,0.6983673369338488,-0.48674074084438107,-0.5330487493306738,-0.6106074387607932,-0.7534995386105954,-0.9492560015726731,-0.27743547601154706,-0.3743747503715706,1.4495046842929602,-0.43006900561827976,2.073644135332772,-0.7089268788723055,-0.37635742136456934,-0.4849427713920723,3
0.6547989737542906,-0.8595975512004642,-0.48674074084438107,1.87600102477617,-0.6106074387607932,-0.7534995386105954,1.0534566000565253,-0.27743547601154706,-0.3743747503715706,1.4495046842929602,-0.43006900561827976,2.073644135332772,1.4105827128331005,-0.37635742136456934,2.0620989918653887,6
0.6547989737542906,0.6983673369338488,-0.48674074084438107,-0.5330487493306738,1.6377134252236851,-0.7534995386105954,1.0534566000565253,-0.27743547601154706,2.6711203119534384,-0.6898908370812065,-0.43006900561827976,2.073644135332772,1.4105827128331005,-0.37635742136456934,-0.4849427713920723,5
-0.8762750972300065,0.6983673369338488,-0.48674074084438107,-0.5330487493306738,-0.6106074387607932,0.9339149210948224,-0.9492560015726731,-0.27743547601154706,-0.3743747503715706,-0.6898908370812065,-0.43006900561827976,-0.4822428221704121,-0.7089268788723055,2.657048707513918,-0.4849427713920723,6
-0.8762750972300065,-0.8595975512004642,2.054481813593895,1.87600102477617,-0.6106074387607932,-0.7534995386105954,1.0534566000565253,-0.27743547601154706,-0.3743747503715706,-0.6898908370812065,-0.43006900561827976,-0.4822428221704121,1.4105827128331005,-0.37635742136456934,-0.4849427713920723,8
0.6547989737542906,-0.8595975512004642,2.054481813593895,-0.5330487493306738,1.6377134252236851,0.9339149210948224,1.0534566000565253,-0.27743547601154706,-0.3743747503715706,-0.6898908370812065,2.325208250155974,-0.4822428221704121,-0.7089268788723055,-0.37635742136456934,2.0620989918653887,5
-0.8762750972300065,-0.8595975512004642,-0.48674074084438107,1.87600102477617,-0.6106074387607932,-0.7534995386105954,1.0534566000565253,-0.27743547601154706,-0.3743747503715706,-0.6898908370812065,-0.43006900561827976,-0.4822428221704121,1.4105827128331005,-0.37635742136456934,2.0620989918653887,9
-0.8762750972300065,-0.8595975512004642,2.054481813593895,-0.5330487493306738,-0.6106074387607932,-0.7534995386105954,-0.9492560015726731,-0.27743547601154706,-0.3743747503715706,-0.6898908370812065,-0.43006900561827976,-0.4822428221704121,-0.7089268788723055,-0.37635742136456934,-0.4849427713920723,7
2.1858730447385875,2.256332225068162,-0.48674074084438107,-0.5330487493306738,-0.6106074387607932,-0.7534995386105954,-0.9492560015726731,-0.27743547601154706,-0.3743747503715706,1.4495046842929602,-0.43006900561827976,-0.4822428221704121,-0.7089268788723055,-0.37635742136456934,-0.4849427713920723,3
2.1858730447385875,2.256332225068162,-0.48674074084438107,-0.5330487493306738,-0.6106074387607932,2.62132938080024,-0.9492560015726731,-0.27743547601154706,-0.3743747503715706,1.4495046842929602,-0.43006900561827976,-0.4822428221704121,-0.7089268788723055,-0.37635742136456934,-0.4849427713920723,3
-0.8762750972300065,0.6983673369338488,2.054481813593895,-0.5330487493306738,-0.6106074387607932,-0.7534995386105954,-0.9492560015726731,-0.27743547601154706,-0.3743747503715706,1.4495046842929602,2.325208250155974,-0.4822428221704121,-0.7089268788723055,-0.37635742136456934,-0.4849427713920723,7
0.6547989737542906,2.256332225068162,-0.48674074084438107,-0.5330487493306738,-0.6106074387607932,2.62132938080024,-0.9492560015726731,-0.27743547601154706,-0.3743747503715706,1.4495046842929602,-0.43006900561827976,-0.4822428221704121,-0.7089268788723055,-0.37635742136456934,-0.4849427713920723,2
-0.8762750972300065,-0.8595975512004642,-0.48674074084438107,1.87600102477617,-0.6106074387607932,-0.7534995386105954,1.0534566000565253,-0.27743547601154706,2.6711203119534384,-0.6898908370812065,-0.43006900561827976,-0.4822428221704121,-0.7089268788723055,-0.37635742136456934,-0.4849427713920723,8
0.6547989737542906,0.6983673369338488,-0.48674074084438107,-0.5330487493306738,-0.6106074387607932,0.9339149210948224,-0.9492560015726731,-0.27743547601154706,-0.3743747503715706,-0.6898908370812065,-0.43006900561827976,-0.4822428221704121,1.4105827128331005,-0.37635742136456934,-0.4849427713920723,3
-0.8762750972300065,-0.8595975512004642,-0.48674074084438107,-0.5330487493306738,1.6377134252236851,-0.7534995386105954,-0.9492560015726731,-0.27743547601154706,2.6711203119534384,-0.6898908370812065,-0.43006900561827976,-0.4822428221704121,-0.7089268788723055,-0.37635742136456934,-0.4849427713920723,7
0.6547989737542906,-0.8595975512004642,-0.48674074084438107,-0.5330487493306738,-0.6106074387607932,0.9339149210948224,-0.9492560015726731,-0.27743547601154706,-0.3743747503715706,-0.6898908370812065,-0.43006900561827976,-0.4822428221704121,-0.7089268788723055,-0.37635742136456934,2.0620989918653887,6
-0.8762750972300065,-0.8595975512004642,-0.48674074084438107,-0.5330487493306738,1.6377134252236851,-0.7534995386105954,-0.9492560015726731,-0.27743547601154706,-0.3743747503715706,-0.6898908370812065,-0.43006900561827976,-0.4822428221704121,-0.7089268788723055,-0.37635742136456934,-0.4849427713920723,7
0.6547989737542906,0.6983673369338488,-0.48674074084438107,-0.5330487493306738,-0.6106074387607932,0.9339149210948224,-0.9492560015726731,-0.27743547601154706,-0.3743747503715706,-0.6898908370812065,-0.43006900561827976,-0.4822428221704121,-0.7089268788723055,-0.37635742136456934,-0.4849427713920723,5
-0.8762750972300065,-0.8595975512004642,-0.48674074084438107,1.87600102477617,1.6377134252236851,-0.7534995386105954,1.0534566000565253,-0.27743547601154706,2.6711203119534384,-0.6898908370812065,-0.43006900561827976,-0.4822428221704121,-0.7089268788723055,-0.37635742136456934,-0.4849427713920723,8
0.6547989737542906,-0.8595975512004642,-0.48674074084438107,-0.5330487493306738,1.6377134252236851,-0.7534995386105954,1.0534566000565253,-0.27743547601154706,-0.3743747503715706,-0.6898908370812065,-0.43006900561827976,-0.4822428221704121,-0.7089268788723055,-0.37635742136456934,-0.4849427713920723,7
-0.8762750972300065,-0.8595975512004642,-0.48674074084438107,1.87600102477617,-0.6106074387607932,-0.7534995386105954,1.0534566000565253,-0.27743547601154706,-0.3743747503715706,-0.6898908370812065,-0.43006900561827976,-0.4822428221704121,-0.7089268788723055,-0.37635742136456934,-0.4849427713920723,8
0.6547989737542906,-0.8595975512004642,-0.48674074084438107,-0.5330487493306738,1.6377134252236851,-0.7534995386105954,1.0534566000565253,-0.27743547601154706,-0.3743747503715706,-0.6898908370812065,-0.43006900561827976,-0.4822428221704121,1.4105827128331005,-0.37635742136456934,-0.4849427713920723,6
-0.8762750972300065,0.6983673369338488,2.054481813593895,-0.5330487493306738,1.6377134252236851,-0.7534995386105954,-0.9492560015726731,-0.27743547601154706,-0.3743747503715706,1.4495046842929602,2.325208250155974,-0.4822428221704121,-0.7089268788723055,-0.37635742136456934,2.0620989918653887,4
-0.8762750972300065,-0.8595975512004642,-0.48674074084438107,-0.5330487493306738,-0.6106074387607932,-0.7534995386105954,-0.9492560015726731,-0.27743547601154706,-0.3743747503715706,1.4495046842929602,2.325208250155974,-0.4822428221704121,-0.7089268788723055,2.657048707513918,-0.4849427713920723,8
0.6547989737542906,0.6983673369338488,-0.48674074084438107,-0.5330487493306738,-0.6106074387607932,-0.7534995386105954,-0.9492560015726731,-0.27743547601154706,-0.3743747503715706,-0.6898908370812065,-0.43006900561827976,-0.4822428221704121,-0.7089268788723055,-0.37635742136456934,-0.4849427713920723,5
0.6547989737542906,-0.8595975512004642,-0.48674074084438107,-0.5330487493306738,-0.6106074387607932,2.62132938080024,-0.9492560015726731,-0.27743547601154706,2.6711203119534384,-0.6898908370812065,2.325208250155974,-0.4822428221704121,-0.7089268788723055,2.657048707513918,2.0620989918653887,6
0.6547989737542906,0.6983673369338488,-0.48674074084438107,-0.5330487493306738,-0.6106074387607932,-0.7534995386105954,1.0534566000565253,-0.27743547601154706,-0.3743747503715706,-0.6898908370812065,-0.43006900561827976,-0.4822428221704121,1.4105827128331005,-0.37635742136456934,-0.4849427713920723,7
-0.8762750972300065,-0.8595975512004642,-0.48674074084438107,-0.5330487493306738,-0.6106074387607932,-0.7534995386105954,1.0534566000565253,-0.27743547601154706,-0.3743747503715706,-0.6898908370812065,-0.43006900561827976,-0.4822428221704121,-0.7089268788723055,-0.37635742136456934,-0.4849427713920723,8
-0.8762750972300065,0.6983673369338488,-0.48674074084438107,-0.5330487493306738,-0.6106074387607932,-0.7534995386105954,-0.9492560015726731,-0.27743547601154706,-0.3743747503715706,1.4495046842929602,-0.43006900561827976,-0.4822428221704121,-0.7089268788723055,2.657048707513918,-0.4849427713920723,7
2.1858730447385875,0.6983673369338488,-0.48674074084438107,-0.5330487493306738,-0.6106074387607932,-0.7534995386105954,-0.9492560015726731,-0.27743547601154706,-0.3743747503715706,1.4495046842929602,-0.43006900561827976,-0.4822428221704121,1.4105827128331005,-0.37635742136456934,-0.4849427713920723,4
-0.8762750972300065,-0.8595975512004642,-0.48674074084438107,-0.5330487493306738,-0.6106074387607932,-0.7534995386105954,-0.9492560015726731,-0.27743547601154706,-0.3743747503715706,-0.6898908370812065,-0.43006900561827976,-0.4822428221704121,-0.7089268788723055,-0.37635742136456934,-0.4849427713920723,8
0.6547989737542906,0.6983673369338488,-0.48674074084438107,-0.5330487493306738,-0.6106074387607932,-0.7534995386105954,-0.9492560015726731,-0.27743547601154706,-0.3743747503715706,1.4495046842929602,2.325208250155974,-0.4822428221704121,-0.7089268788723055,-0.37635742136456934,-0.4849427713920723,4
-0.8762750972300065,0.6983673369338488,-0.48674074084438107,-0.5330487493306738,-0.6106074387607932,-0.7534995386105954,-0.9492560015726731,-0.27743547601154706,-0.3743747503715706,-0.6898908370812065,-0.43006900561827976,-0.4822428221704121,-0.7089268788723055,-0.37635742136456934,2.0620989918653887,6
-0.8762750972300065,0.6983673369338488,2.054481813593895,-0.5330487493306738,-0.6106074387607932,-0.7534995386105954,-0.9492560015726731,-0.27743547601154706,-0.3743747503715706,1.4495046842929602,2.325208250155974,-0.4822428221704121,-0.7089268788723055,-0.37635742136456934,-0.4849427713920723,7
0.6547989737542906,-0.8595975512004642,-0.48674074084438107,-0.5330487493306738,-0.6106074387607932,0.9339149210948224,-0.9492560015726731,-0.27743547601154706,-0.3743747503715706,-0.6898908370812065,-0.43006900561827976,2.073644135332772,-0.7089268788723055,-0.37635742136456934,-0.4849427713920723,7
0.6547989737542906,0.6983673369338488,-0.48674074084438107,-0.5330487493306738,1.6377134252236851,0.9339149210948224,-0.9492560015726731,-0.27743547601154706,-0.3743747503715706,1.4495046842929602,-0.43006900561827976,-0.4822428221704121,-0.7089268788723055,-0.37635742136456934,2.0620989918653887,7
0.6547989737542906,0.6983673369338488,-0.48674074084438107,-0.5330487493306738,-0.6106074387607932,0.9339149210948224,-0.9492560015726731,-0.27743547601154706,-0.3743747503715706,-0.6898908370812065,-0.43006900561827976,-0.4822428221704121,-0.7089268788723055,2.657048707513918,2.0620989918653887,7
-0.8762750972300065,-0.8595975512004642,-0.48674074084438107,1.87600102477617,1.6377134252236851,-0.7534995386105954,1.0534566000565253,-0.27743547601154706,-0.3743747503715706,-0.6898908370812065,-0.43006900561827976,-0.4822428221704121,-0.7089268788723055,-0.37635742136456934,-0.4849427713920723,8
-0.8762750972300065,0.6983673369338488,-0.48674074084438107,-0.5330487493306738,-0.6106074387607932,0.9339149210948224,-0.9492560015726731,-0.27743547601154706,-0.3743747503715706,1.4495046842929602,-0.43006900561827976,2.073644135332772,-0.7089268788723055,-0.37635742136456934,-0.4849427713920723,6
-0.8762750972300065,0.6983673369338488,-0.48674074084438107,-0.5330487493306738,-0.6106074387607932,-0.7534995386105954,1.0534566000565253,-0.27743547601154706,-0.3743747503715706,-0.6898908370812065,-0.43006900561827976,-0.4822428221704121,-0.7089268788723055,-0.37635742136456934,-0.4849427713920723,8
-0.8762750972300065,-0.8595975512004642,-0.48674074084438107,1.87600102477617,1.6377134252236851,-0.7534995386105954,1.0534566000565253,-0.27743547601154706,2.6711203119534384,-0.6898908370812065,-0.43006900561827976,-0.4822428221704121,1.4105827128331005,-0.37635742136456934,-0.4849427713920723,7
0.6547989737542906,0.6983673369338488,-0.48674074084438107,-0.5330487493306738,-0.6106074387607932,-0.7534995386105954,1.0534566000565253,-0.27743547601154706,-0.3743747503715706,1.4495046842929602,-0.43006900561827976,2.073644135332772,1.4105827128331005,-0.37635742136456934,-0.4849427713920723,4
0.6547989737542906,0.6983673369338488,-0.48674074084438107,-0.5330487493306738,-0.6106074387607932,-0.7534995386105954,1.0534566000565253,-0.27743547601154706,-0.3743747503715706,-0.6898908370812065,-0.43006900561827976,2.073644135332772,1.4105827128331005,-0.37635742136456934,-0.4849427713920723,7
-0.8762750972300065,-0.8595975512004642,-0.48674074084438107,-0.5330487493306738,-0.6106074387607932,-0.7534995386105954,1.0534566000565253,-0.27743547601154706,-0.3743747503715706,1.4495046842929602,-0.43006900561827976,-0.4822428221704121,1.4105827128331005,-0.37635742136456934,-0.4849427713920723,5
-0.8762750972300065,0.6983673369338488,-0.48674074084438107,-0.5330487493306738,-0.6106074387607932,-0.7534995386105954,1.0534566000565253,-0.27743547601154706,-0.3743747503715706,-0.6898908370812065,-0.43006900561827976,-0.4822428221704121,-0.7089268788723055,-0.37635742136456934,-0.4849427713920723,6
-0.8762750972300065,-0.8595975512004642,-0.48674074084438107,-0.5330487493306738,-0.6106074387607932,-0.7534995386105954,1.0534566000565253,-0.27743547601154706,-0.3743747503715706,-0.6898908370812065,2.325208250155974,-0.4822428221704121,-0.7089268788723055,-0.37635742136456934,2.0620989918653887,7
-0.8762750972300065,-0.8595975512004642,2.054481813593895,1.87600102477617,-0.6106074387607932,-0.7534995386105954,1.0534566000565253,-0.27743547601154706,-0.3743747503715706,-0.6898908370812065,-0.43006900561827976,2.073644135332772,1.4105827128331005,-0.37635742136456934,-0.4849427713920723,7
-0.8762750972300065,-0.8595975512004642,-0.48674074084438107,1.87600102477617,-0.6106074387607932,0.9339149210948224,-0.9492560015726731,-0.27743547601154706,-0.3743747503715706,-0.6898908370812065,2.325208250155974,-0.4822428221704121,-0.7089268788723055,-0.37635742136456934,-0.4849427713920723,7
0.6547989737542906,-0.8595975512004642,-0.48674074084438107,-0.5330487493306738,-0.6106074387607932,0.9339149210948224,1.0534566000565253,-0.27743547601154706,-0.3743747503715706,-0.6898908370812065,-0.43006900561827976,-0.4822428221704121,-0.7089268788723055,-0.37635742136456934,-0.4849427713920723,7
0.6547989737542906,-0.8595975512004642,-0.48674074084438107,1.87600102477617,-0.6106074387607932,2.62132938080024,1.0534566000565253,3.60444170434202,-0.3743747503715706,-0.6898908370812065,-0.43006900561827976,-0.4822428221704121,1.4105827128331005,2.657048707513918,-0.4849427713920723,4
0.6547989737542906,0.6983673369338488,-0.48674074084438107,-0.5330487493306738,-0.6106074387607932,-0.7534995386105954,-0.9492560015726731,-0.27743547601154706,-0.3743747503715706,1.4495046842929602,-0.43006900561827976,-0.4822428221704121,1.4105827128331005,-0.37635742136456934,-0.4849427713920723,4
0.6547989737542906,0.6983673369338488,-0.48674074084438107,-0.5330487493306738,-0.6106074387607932,2.62132938080024,-0.9492560015726731,-0.27743547601154706,-0.3743747503715706,-0.6898908370812065,-0.43006900561827976,2.073644135332772,1.4105827128331005,-0.37635742136456934,-0.4849427713920723,4
2.1858730447385875,0.6983673369338488,-0.48674074084438107,-0.5330487493306738,-0.6106074387607932,0.9339149210948224,-0.9492560015726731,-0.27743547601154706,-0.3743747503715706,1.4495046842929602,2.325208250155974,2.073644135332772,1.4105827128331005,-0.37635742136456934,-0.4849427713920723,2
2.1858730447385875,0.6983673369338488,-0.48674074084438107,-0.5330487493306738,-0.6106074387607932,-0.7534995386105954,1.0534566000565253,-0.27743547601154706,-0.3743747503715706,1.4495046842929602,-0.43006900561827976,2.073644135332772,1.4105827128331005,-0.37635742136456934,-0.4849427713920723,4
0.6547989737542906,-0.8595975512004642,-0.48674074084438107,-0.5330487493306738,1.6377134252236851,0.9339149210948224,1.0534566000565253,-0.27743547601154706,-0.3743747503715706,-0.6898908370812065,-0.43006900561827976,2.073644135332772,-0.7089268788723055,-0.37635742136456934,-0.4849427713920723,4
0.6547989737542906,0.6983673369338488,-0.48674074084438107,-0.5330487493306738,-0.6106074387607932,-0.7534995386105954,1.0534566000565253,3.60444170434202,-0.3743747503715706,1.4495046842929602,2.325208250155974,-0.4822428221704121,-0.7089268788723055,-0.37635742136456934,-0.4849427713920723,4
-0.8762750972300065,-0.8595975512004642,-0.48674074084438107,-0.5330487493306738,-0.6106074387607932,-0.7534995386105954,-0.9492560015726731,-0.27743547601154706,-0.3743747503715706,1.4495046842929602,-0.43006900561827976,-0.4822428221704121,1.4105827128331005,-0.37635742136456934,2.0620989918653887,9
-0.8762750972300065,-0.8595975512004642,2.054481813593895,-0.5330487493306738,-0.6106074387607932,0.9339149210948224,-0.9492560015726731,-0.27743547601154706,-0.3743747503715706,1.4495046842929602,-0.43006900561827976,-0.4822428221704121,-0.7089268788723055,-0.37635742136456934,2.0620989918653887,7
-0.8762750972300065,0.6983673369338488,-0.48674074084438107,-0.5330487493306738,1.6377134252236851,-0.7534995386105954,1.0534566000565253,-0.27743547601154706,-0.3743747503715706,-0.6898908370812065,-0.43006900561827976,-0.4822428221704121,1.4105827128331005,-0.37635742136456934,-0.4849427713920723,6
-0.8762750972300065,2.256332225068162,-0.48674074084438107,-0.5330487493306738,1.6377134252236851,0.9339149210948224,1.0534566000565253,-0.27743547601154706,-0.3743747503715706,1.4495046842929602,-0.43006900561827976,2.073644135332772,1.4105827128331005,2.657048707513918,-0.4849427713920723,4
-0.8762750972300065,-0.8595975512004642,2.054481813593895,-0.5330487493306738,1.6377134252236851,-0.7534995386105954,-0.9492560015726731,-0.27743547601154706,-0.3743747503715706,1.4495046842929602,-0.43006900561827976,-0.4822428221704121,1.4105827128331005,-0.37635742136456934,2.0620989918653887,9
-0.8762750972300065,-0.8595975512004642,-0.48674074084438107,-0.5330487493306738,-0.6106074387607932,0.9339149210948224,1.0534566000565253,-0.27743547601154706,-0.3743747503715706,-0.6898908370812065,-0.43006900561827976,-0.4822428221704121,-0.7089268788723055,-0.37635742136456934,-0.4849427713920723,6
0.6547989737542906,0.6983673369338488,-0.48674074084438107,-0.5330487493306738,-0.6106074387607932,-0.7534995386105954,-0.9492560015726731,-0.27743547601154706,-0.3743747503715706,-0.6898908370812065,-0.43006900561827976,-0.4822428221704121,1.4105827128331005,-0.37635742136456934,-0.4849427713920723,4
-0.8762750972300065,-0.8595975512004642,-0.48674074084438107,-0.5330487493306738,-0.6106074387607932,-0.7534995386105954,1.0534566000565253,-0.27743547601154706,-0.3743747503715706,-0.6898908370812065,-0.43006900561827976,-0.4822428221704121,-0.7089268788723055,-0.37635742136456934,-0.4849427713920723,8
-0.8762750972300065,-0.8595975512004642,-0.48674074084438107,1.87600102477617,1.6377134252236851,-0.7534995386105954,1.0534566000565253,3.60444170434202,2.6711203119534384,-0.6898908370812065,-0.43006900561827976,2.073644135332772,-0.7089268788723055,2.657048707513918,-0.4849427713920723,8
-0.8762750972300065,-0.8595975512004642,-0.48674074084438107,-0.5330487493306738,-0.6106074387607932,-0.7534995386105954,1.0534566000565253,-0.27743547601154706,-0.3743747503715706,1.4495046842929602,-0.43006900561827976,2.073644135332772,1.4105827128331005,-0.37635742136456934,-0.4849427713920723,4
2.1858730447385875,0.6983673369338488,-0.48674074084438107,-0.5330487493306738,-0.6106074387607932,0.9339149210948224,-0.9492560015726731,-0.27743547601154706,-0.3743747503715706,-0.6898908370812065,-0.43006900561827976,-0.4822428221704121,-0.7089268788723055,-0.37635742136456934,-0.4849427713920723,3
-0.8762750972300065,-0.8595975512004642,-0.48674074084438107,-0.5330487493306738,-0.6106074387607932,-0.7534995386105954,1.0534566000565253,-0.27743547601154706,-0.3743747503715706,-0.6898908370812065,-0.43006900561827976,-0.4822428221704121,-0.7089268788723055,-0.37635742136456934,2.0620989918653887,7
-0.8762750972300065,-0.8595975512004642,-0.48674074084438107,1.87600102477617,-0.6106074387607932,0.9339149210948224,1.0534566000565253,-0.27743547601154706,-0.3743747503715706,-0.6898908370812065,-0.43006900561827976,2.073644135332772,-0.7089268788723055,-0.37635742136456934,-0.4849427713920723,6
0.6547989737542906,2.256332225068162,-0.48674074084438107,-0.5330487493306738,1.6377134252236851,0.9339149210948224,-0.9492560015726731,-0.27743547601154706,-0.3743747503715706,1.4495046842929602,-0.43006900561827976,2.073644135332772,-0.7089268788723055,-0.37635742136456934,-0.4849427713920723,3
-0.8762750972300065,-0.8595975512004642,2.054481813593895,1.87600102477617,1.6377134252236851,-0.7534995386105954,1.0534566000565253,-0.27743547601154706,2.6711203119534384,-0.6898908370812065,-0.43006900561827976,-0.4822428221704121,-0.7089268788723055,2.657048707513918,-0.4849427713920723,8
-0.8762750972300065,0.6983673369338488,-0.48674074084438107,-0.5330487493306738,-0.6106074387607932,-0.7534995386105954,-0.9492560015726731,-0.27743547601154706,-0.3743747503715706,1.4495046842929602,-0.43006900561827976,-0.4822428221704121,1.4105827128331005,2.657048707513918,-0.4849427713920723,2
-0.8762750972300065,-0.8595975512004642,-0.48674074084438107,-0.5330487493306738,-0.6106074387607932,0.9339149210948224,1.0534566000565253,-0.27743547601154706,-0.3743747503715706,-0.6898908370812065,-0.43006900561827976,-0.4822428221704121,1.4105827128331005,2.657048707513918,-0.4849427713920723,5
-0.8762750972300065,-0.8595975512004642,2.054481813593895,-0.5330487493306738,1.6377134252236851,-0.7534995386105954,1.0534566000565253,-0.27743547601154706,-0.3743747503715706,-0.6898908370812065,-0.43006900561827976,-0.4822428221704121,-0.7089268788723055,-0.37635742136456934,-0.4849427713920723,7
-0.8762750972300065,-0.8595975512004642,-0.48674074084438107,-0.5330487493306738,-0.6106074387607932,-0.7534995386105954,-0.9492560015726731,-0.27743547601154706,-0.3743747503715706,-0.6898908370812065,-0.43006900561827976,-0.4822428221704121,-0.7089268788723055,2.657048707513918,-0.4849427713920723,4
-0.8762750972300065,0.6983673369338488,-0.48674074084438107,-0.5330487493306738,-0.6106074387607932,-0.7534995386105954,-0.9492560015726731,-0.27743547601154706,-0.3743747503715706,-0.6898908370812065,-0.43006900561827976,-0.4822428221704121,-0.7089268788723055,-0.37635742136456934,-0.4849427713920723,6
0.6547989737542906,-0.8595975512004642,2.054481813593895,-0.5330487493306738,-0.6106074387607932,0.9339149210948224,-0.9492560015726731,-0.27743547601154706,-0.3743747503715706,-0.6898908370812065,2.325208250155974,-0.4822428221704121,-0.7089268788723055,-0.37635742136456934,2.0620989918653887,7
-0.8762750972300065,-0.8595975512004642,-0.48674074084438107,1.87600102477617,1.6377134252236851,-0.7534995386105954,1.0534566000565253,-0.27743547601154706,-0.3743747503715706,-0.6898908370812065,-0.43006900561827976,-0.4822428221704121,1.4105827128331005,-0.37635742136456934,-0.4849427713920723,9
-0.8762750972300065,-0.8595975512004642,2.054481813593895,1.87600102477617,-0.6106074387607932,-0.7534995386105954,-0.9492560015726731,-0.27743547601154706,-0.3743747503715706,-0.6898908370812065,-0.43006900561827976,-0.4822428221704121,1.4105827128331005,-0.37635742136456934,2.0620989918653887,7
2.1858730447385875,0.6983673369338488,-0.48674074084438107,1.87600102477617,-0.6106074387607932,0.9339149210948224,-0.9492560015726731,-0.27743547601154706,-0.3743747503715706,1.4495046842929602,-0.43006900561827976,-0.4822428221704121,-0.7089268788723055,-0.37635742136456934,-0.4849427713920723,5
0.6547989737542906,0.6983673369338488,-0.48674074084438107,1.87600102477617,-0.6106074387607932,0.9339149210948224,1.0534566000565253,-0.27743547601154706,-0.3743747503715706,1.4495046842929602,-0.43006900561827976,-0.4822428221704121,1.4105827128331005,-0.37635742136456934,-0.4849427713920723,6
0.6547989737542906,-0.8595975512004642,-0.48674074084438107,-0.5330487493306738,1.6377134252236851,-0.7534995386105954,1.0534566000565253,-0.27743547601154706,-0.3743747503715706,-0.6898908370812065,-0.43006900561827976,-0.4822428221704121,-0.7089268788723055,-0.37635742136456934,-0.4849427713920723,6
-0.8762750972300065,-0.8595975512004642,-0.48674074084438107,1.87600102477617,-0.6106074387607932,-0.7534995386105954,1.0534566000565253,-0.27743547601154706,-0.3743747503715706,-0.6898908370812065,2.325208250155974,-0.4822428221704121,1.4105827128331005,-0.37635742136456934,-0.4849427713920723,7
0.6547989737542906,-0.8595975512004642,-0.48674074084438107,-0.5330487493306738,-0.6106074387607932,-0.7534995386105954,-0.9492560015726731,3.60444170434202,-0.3743747503715706,1.4495046842929602,-0.43006900561827976,-0.4822428221704121,-0.7089268788723055,-0.37635742136456934,-0.4849427713920723,6
-0.8762750972300065,2.256332225068162,-0.48674074084438107,-0.5330487493306738,-0.6106074387607932,0.9339149210948224,-0.9492560015726731,-0.27743547601154706,-0.3743747503715706,1.4495046842929602,-0.43006900561827976,-0.4822428221704121,-0.7089268788723055,-0.37635742136456934,2.0620989918653887,4
0.6547989737542906,-0.8595975512004642,-0.48674074084438107,-0.5330487493306738,-0.6106074387607932,0.9339149210948224,-0.9492560015726731,-0.27743547601154706,-0.3743747503715706,-0.6898908370812065,-0.43006900561827976,-0.4822428221704121,-0.7089268788723055,-0.37635742136456934,2.0620989918653887,6
0.6547989737542906,-0.8595975512004642,-0.48674074084438107,-0.5330487493306738,-0.6106074387607932,0.9339149210948224,-0.9492560015726731,-0.27743547601154706,-0.3743747503715706,-0.6898908370812065,-0.43006900561827976,-0.4822428221704121,1.4105827128331005,2.657048707513918,2.0620989918653887,5
-0.8762750972300065,-0.8595975512004642,-0.48674074084438107,-0.5330487493306738,1.6377134252236851,-0.7534995386105954,1.0534566000565253,-0.27743547601154706,2.6711203119534384,-0.6898908370812065,-0.43006900561827976,-0.4822428221704121,-0.7089268788723055,-0.37635742136456934,-0.4849427713920723,8
-0.8762750972300065,2.256332225068162,2.054481813593895,-0.5330487493306738,-0.6106074387607932,-0.7534995386105954,-0.9492560015726731,-0.27743547601154706,-0.3743747503715706,1.4495046842929602,2.325208250155974,-0.4822428221704121,-0.7089268788723055,-0.37635742136456934,-0.4849427713920723,6
-0.8762750972300065,-0.8595975512004642,-0.48674074084438107,-0.5330487493306738,-0.6106074387607932,-0.7534995386105954,1.0534566000565253,-0.27743547601154706,-0.3743747503715706,-0.6898908370812065,-0.43006900561827976,-0.4822428221704121,-0.7089268788723055,2.657048707513918,-0.4849427713920723,5
-0.8762750972300065,-0.8595975512004642,-0.48674074084438107,1.87600102477617,1.6377134252236851,-0.7534995386105954,1.0534566000565253,-0.27743547601154706,2.6711203119534384,-0.6898908370812065,-0.43006900561827976,-0.4822428221704121,-0.7089268788723055,-0.37635742136456934,-0.4849427713920723,8
-0.8762750972300065,0.6983673369338488,-0.48674074084438107,-0.5330487493306738,-0.6106074387607932,-0.7534995386105954,1.0534566000565253,-0.27743547601154706,-0.3743747503715706,-0.6898908370812065,2.325208250155974,-0.4822428221704121,-0.7089268788723055,-0.37635742136456934,-0.4849427713920723,6
0.6547989737542906,-0.8595975512004642,-0.48674074084438107,-0.5330487493306738,-0.6106074387607932,0.9339149210948224,1.0534566000565253,-0.27743547601154706,-0.3743747503715706,1.4495046842929602,-0.43006900561827976,-0.4822428221704121,-0.7089268788723055,-0.37635742136456934,-0.4849427713920723,7
0.6547989737542906,0.6983673369338488,-0.48674074084438107,-0.5330487493306738,-0.6106074387607932,-0.7534995386105954,1.0534566000565253,-0.27743547601154706,-0.3743747503715706,-0.6898908370812065,-0.43006900561827976,-0.4822428221704121,1.4105827128331005,-0.37635742136456934,-0.4849427713920723,7
2.1858730447385875,0.6983673369338488,-0.48674074084438107,-0.5330487493306738,-0.6106074387607932,0.9339149210948224,1.0534566000565253,-0.27743547601154706,-0.3743747503715706,-0.6898908370812065,-0.43006900561827976,-0.4822428221704121,-0.7089268788723055,-0.37635742136456934,2.0620989918653887,4
-0.8762750972300065,-0.8595975512004642,2.054481813593895,-0.5330487493306738,1.6377134252236851,-0.7534995386105954,-0.9492560015726731,-0.27743547601154706,-0.3743747503715706,-0.6898908370812065,-0.43006900561827976,-0.4822428221704121,-0.7089268788723055,-0.37635742136456934,-0.4849427713920723,9
-0.8762750972300065,-0.8595975512004642,-0.48674074084438107,-0.5330487493306738,-0.6106074387607932,0.9339149210948224,-0.9492560015726731,-0.27743547601154706,-0.3743747503715706,-0.6898908370812065,-0.43006900561827976,-0.4822428221704121,-0.7089268788723055,2.657048707513918,-0.4849427713920723,6
-0.8762750972300065,0.6983673369338488,-0.48674074084438107,1.87600102477617,-0.6106074387607932,0.9339149210948224,-0.9492560015726731,-0.27743547601154706,-0.3743747503715706,-0.6898908370812065,-0.43006900561827976,-0.4822428221704121,1.4105827128331005,-0.37635742136456934,-0.4849427713920723,8
0.6547989737542906,0.6983673369338488,-0.48674074084438107,-0.5330487493306738,-0.6106074387607932,0.9339149210948224,1.0534566000565253,-0.27743547601154706,-0.3743747503715706,-0.6898908370812065,-0.43006900561827976,2.073644135332772,1.4105827128331005,-0.37635742136456934,-0.4849427713920723,5
-0.8762750972300065,0.6983673369338488,-0.48674074084438107,-0.5330487493306738,-0.6106074387607932,0.9339149210948224,-0.9492560015726731,-0.27743547601154706,-0.3743747503715706,-0.6898908370812065,2.325208250155974,-0.4822428221704121,-0.7089268788723055,-0.37635742136456934,2.0620989918653887,6
-0.8762750972300065,0.6983673369338488,-0.48674074084438107,1.87600102477617,-0.6106074387607932,-0.7534995386105954,1.0534566000565253,-0.27743547601154706,-0.3743747503715706,-0.6898908370812065,-0.43006900561827976,-0.4822428221704121,-0.7089268788723055,2.657048707513918,-0.4849427713920723,7
0.6547989737542906,-0.8595975512004642,-0.48674074084438107,-0.5330487493306738,-0.6106074387607932,-0.7534995386105954,1.0534566000565253,-0.27743547601154706,-0.3743747503715706,-0.6898908370812065,-0.43006900561827976,2.073644135332772,1.4105827128331005,-0.37635742136456934,-0.4849427713920723,6
-0.8762750972300065,-0.8595975512004642,-0.48674074084438107,-0.5330487493306738,1.6377134252236851,-0.7534995386105954,-0.9492560015726731,-0.27743547601154706,-0.3743747503715706,-0.6898908370812065,-0.43006900561827976,-0.4822428221704121,-0.7089268788723055,-0.37635742136456934,2.0620989918653887,7
-0.8762750972300065,-0.8595975512004642,2.054481813593895,-0.5330487493306738,-0.6106074387607932,0.9339149210948224,-0.9492560015726731,-0.27743547601154706,-0.3743747503715706,-0.6898908370812065,-0.43006900561827976,-0.4822428221704121,-0.7089268788723055,-0.37635742136456934,2.0620989918653887,6
-0.8762750972300065,0.6983673369338488,-0.48674074084438107,-0.5330487493306738,-0.6106074387607932,0.9339149210948224,-0.9492560015726731,-0.27743547601154706,-0.3743747503715706,1.4495046842929602,2.325208250155974,-0.4822428221704121,-0.7089268788723055,-0.37635742136456934,-0.4849427713920723,8
-0.8762750972300065,-0.8595975512004642,2.054481813593895,-0.5330487493306738,-0.6106074387607932,0.9339149210948224,-0.9492560015726731,-0.27743547601154706,2.6711203119534384,-0.6898908370812065,-0.43006900561827976,-0.4822428221704121,1.4105827128331005,-0.37635742136456934,-0.4849427713920723,9
-0.8762750972300065,-0.8595975512004642,-0.48674074084438107,-0.5330487493306738,-0.6106074387607932,0.9339149210948224,1.0534566000565253,-0.27743547601154706,-0.3743747503715706,-0.6898908370812065,-0.43006900561827976,-0.4822428221704121,-0.7089268788723055,-0.37635742136456934,-0.4849427713920723,7
0.6547989737542906,0.6983673369338488,-0.48674074084438107,-0.5330487493306738,-0.6106074387607932,-0.7534995386105954,-0.9492560015726731,-0.27743547601154706,-0.3743747503715706,1.4495046842929602,-0.43006900561827976,2.073644135332772,-0.7089268788723055,-0.37635742136456934,-0.4849427713920723,5
-0.8762750972300065,0.6983673369338488,-0.48674074084438107,-0.5330487493306738,-0.6106074387607932,-0.7534995386105954,-0.9492560015726731,-0.27743547601154706,-0.3743747503715706,-0.6898908370812065,-0.43006900561827976,2.073644135332772,1.4105827128331005,-0.37635742136456934,-0.4849427713920723,5
-0.8762750972300065,0.6983673369338488,-0.48674074084438107,-0.5330487493306738,-0.6106074387607932,-0.7534995386105954,-0.9492560015726731,-0.27743547601154706,-0.3743747503715706,-0.6898908370812065,-0.43006900561827976,-0.4822428221704121,1.4105827128331005,-0.37635742136456934,-0.4849427713920723,7
-0.8762750972300065,0.6983673369338488,-0.48674074084438107,-0.5330487493306738,1.6377134252236851,0.9339149210948224,1.0534566000565253,-0.27743547601154706,-0.3743747503715706,1.4495046842929602,2.325208250155974,2.073644135332772,1.4105827128331005,2.657048707513918,2.0620989918653887,6
-0.8762750972300065,-0.8595975512004642,-0.48674074084438107,1.87600102477617,1.6377134252236851,-0.7534995386105954,1.0534566000565253,-0.27743547601154706,2.6711203119534384,-0.6898908370812065,-0.43006900561827976,-0.4822428221704121,-0.7089268788723055,-0.37635742136456934,-0.4849427713920723,8
0.6547989737542906,-0.8595975512004642,-0.48674074084438107,-0.5330487493306738,-0.6106074387607932,0.9339149210948224,1.0534566000565253,-0.27743547601154706,-0.3743747503715706,-0.6898908370812065,2.325208250155974,-0.4822428221704121,1.4105827128331005,-0.37635742136456934,-0.4849427713920723,4
0.6547989737542906,0.6983673369338488,-0.48674074084438107,1.87600102477617,1.6377134252236851,0.9339149210948224,1.0534566000565253,-0.27743547601154706,2.6711203119534384,1.4495046842929602,-0.43006900561827976,2.073644135332772,-0.7089268788723055,-0.37635742136456934,-0.4849427713920723,6
0.6547989737542906,-0.8595975512004642,-0.48674074084438107,-0.5330487493306738,-0.6106074387607932,-0.7534995386105954,1.0534566000565253,-0.27743547601154706,2.6711203119534384,-0.6898908370812065,-0.43006900561827976,2.073644135332772,1.4105827128331005,-0.37635742136456934,-0.4849427713920723,4
0.6547989737542906,-0.8595975512004642,-0.48674074084438107,-0.5330487493306738,-0.6106074387607932,-0.7534995386105954,-0.9492560015726731,-0.27743547601154706,-0.3743747503715706,-0.6898908370812065,-0.43006900561827976,-0.4822428221704121,-0.7089268788723055,-0.37635742136456934,-0.4849427713920723,5
0.6547989737542906,0.6983673369338488,-0.48674074084438107,-0.5330487493306738,-0.6106074387607932,-0.7534995386105954,-0.9492560015726731,-0.27743547601154706,-0.3743747503715706,1.4495046842929602,-0.43006900561827976,-0.4822428221704121,1.4105827128331005,-0.37635742136456934,-0.4849427713920723,5
-0.8762750972300065,2.256332225068162,-0.48674074084438107,-0.5330487493306738,-0.6106074387607932,-0.7534995386105954,1.0534566000565253,-0.27743547601154706,-0.3743747503715706,1.4495046842929602,-0.43006900561827976,2.073644135332772,1.4105827128331005,-0.37635742136456934,-0.4849427713920723,4
-0.8762750972300065,-0.8595975512004642,-0.48674074084438107,1.87600102477617,1.6377134252236851,0.9339149210948224,-0.9492560015726731,-0.27743547601154706,2.6711203119534384,-0.6898908370812065,-0.43006900561827976,-0.4822428221704121,-0.7089268788723055,-0.37635742136456934,-0.4849427713920723,8
-0.8762750972300065,-0.8595975512004642,2.054481813593895,1.87600102477617,1.6377134252236851,-0.7534995386105954,1.0534566000565253,3.60444170434202,2.6711203119534384,-0.6898908370812065,-0.43006900561827976,2.073644135332772,1.4105827128331005,-0.37635742136456934,-0.4849427713920723,7
0.6547989737542906,0.6983673369338488,-0.48674074084438107,-0.5330487493306738,1.6377134252236851,2.62132938080024,-0.9492560015726731,-0.27743547601154706,-0.3743747503715706,1.4495046842929602,-0.43006900561827976,-0.4822428221704121,-0.7089268788723055,-0.37635742136456934,2.0620989918653887,3
-0.8762750972300065,0.6983673369338488,-0.48674074084438107,-0.5330487493306738,1.6377134252236851,-0.7534995386105954,1.0534566000565253,-0.27743547601154706,-0.3743747503715706,-0.6898908370812065,-0.43006900561827976,-0.4822428221704121,1.4105827128331005,-0.37635742136456934,-0.4849427713920723,7
0.6547989737542906,0.6983673369338488,-0.48674074084438107,-0.5330487493306738,-0.6106074387607932,0.9339149210948224,-0.9492560015726731,-0.27743547601154706,-0.3743747503715706,1.4495046842929602,-0.43006900561827976,-0.4822428221704121,-0.7089268788723055,-0.37635742136456934,-0.4849427713920723,5
-0.8762750972300065,0.6983673369338488,-0.48674074084438107,-0.5330487493306738,-0.6106074387607932,-0.7534995386105954,-0.9492560015726731,-0.27743547601154706,-0.3743747503715706,-0.6898908370812065,-0.43006900561827976,-0.4822428221704121,-0.7089268788723055,-0.37635742136456934,2.0620989918653887,4
-0.8762750972300065,-0.8595975512004642,-0.48674074084438107,-0.5330487493306738,1.6377134252236851,-0.7534995386105954,1.0534566000565253,-0.27743547601154706,-0.3743747503715706,1.4495046842929602,-0.43006900561827976,-0.4822428221704121,-0.7089268788723055,-0.37635742136456934,-0.4849427713920723,8
2.1858730447385875,-0.8595975512004642,-0.48674074084438107,-0.5330487493306738,1.6377134252236851,2.62132938080024,-0.9492560015726731,3.60444170434202,-0.3743747503715706,-0.6898908370812065,-0.43006900561827976,-0.4822428221704121,-0.7089268788723055,-0.37635742136456934,2.0620989918653887,6
-0.8762750972300065,0.6983673369338488,-0.48674074084438107,-0.5330487493306738,1.6377134252236851,-0.7534995386105954,1.0534566000565253,-0.27743547601154706,2.6711203119534384,1.4495046842929602,2.325208250155974,-0.4822428221704121,1.4105827128331005,2.657048707513918,-0.4849427713920723,5
2.1858730447385875,0.6983673369338488,-0.48674074084438107,-0.5330487493306738,-0.6106074387607932,2.62132938080024,1.0534566000565253,-0.27743547601154706,-0.3743747503715706,-0.6898908370812065,-0.43006900561827976,-0.4822428221704121,-0.7089268788723055,-0.37635742136456934,-0.4849427713920723,2
2.1858730447385875,-0.8595975512004642,-0.48674074084438107,1.87600102477617,-0.6106074387607932,0.9339149210948224,1.0534566000565253,3.60444170434202,2.6711203119534384,-0.6898908370812065,-0.43006900561827976,2.073644135332772,1.4105827128331005,-0.37635742136456934,-0.4849427713920723,4
-0.8762750972300065,-0.8595975512004642,-0.48674074084438107,-0.5330487493306738,-0.6106074387607932,-0.7534995386105954,-0.9492560015726731,-0.27743547601154706,-0.3743747503715706,1.4495046842929602,-0.43006900561827976,-0.4822428221704121,1.4105827128331005,-0.37635742136456934,-0.4849427713920723,6
-0.8762750972300065,-0.8595975512004642,-0.48674074084438107,-0.5330487493306738,-0.6106074387607932,0.9339149210948224,-0.9492560015726731,-0.27743547601154706,-0.3743747503715706,-0.6898908370812065,2.325208250155974,-0.4822428221704121,-0.7089268788723055,-0.37635742136456934,2.0620989918653887,8
2.1858730447385875,0.6983673369338488,-0.48674074084438107,-0.5330487493306738,-0.6106074387607932,2.62132938080024,1.0534566000565253,-0.27743547601154706,-0.3743747503715706,-0.6898908370812065,-0.43006900561827976,-0.4822428221704121,1.4105827128331005,-0.37635742136456934,-0.4849427713920723,3
-0.8762750972300065,-0.8595975512004642,2.054481813593895,-0.5330487493306738,-0.6106074387607932,0.9339149210948224,-0.9492560015726731,3.60444170434202,-0.3743747503715706,-0.6898908370812065,-0.43006900561827976,-0.4822428221704121,-0.7089268788723055,-0.37635742136456934,-0.4849427713920723,5
0.6547989737542906,-0.8595975512004642,-0.48674074084438107,-0.5330487493306738,-0.6106074387607932,-0.7534995386105954,-0.9492560015726731,-0.27743547601154706,-0.3743747503715706,1.4495046842929602,-0.43006900561827976,2.073644135332772,-0.7089268788723055,-0.37635742136456934,-0.4849427713920723,4
0.6547989737542906,-0.8595975512004642,-0.48674074084438107,-0.5330487493306738,-0.6106074387607932,-0.7534995386105954,1.0534566000565253,-0.27743547601154706,-0.3743747503715706,-0.6898908370812065,-0.43006900561827976,2.073644135332772,1.4105827128331005,-0.37635742136456934,-0.4849427713920723,6
-0.8762750972300065,0.6983673369338488,2.054481813593895,-0.5330487493306738,1.6377134252236851,-0.7534995386105954,-0.9492560015726731,-0.27743547601154706,-0.3743747503715706,-0.6898908370812065,-0.43006900561827976,-0.4822428221704121,-0.7089268788723055,-0.37635742136456934,-0.4849427713920723,7
-0.8762750972300065,-0.8595975512004642,-0.48674074084438107,-0.5330487493306738,-0.6106074387607932,-0.7534995386105954,-0.9492560015726731,-0.27743547601154706,-0.3743747503715706,1.4495046842929602,2.325208250155974,-0.4822428221704121,-0.7089268788723055,-0.37635742136456934,-0.4849427713920723,4
-0.8762750972300065,-0.8595975512004642,2.054481813593895,1.87600102477617,1.6377134252236851,-0.7534995386105954,-0.9492560015726731,-0.27743547601154706,2.6711203119534384,-0.6898908370812065,-0.43006900561827976,-0.4822428221704121,-0.7089268788723055,-0.37635742136456934,-0.4849427713920723,8
0.6547989737542906,-0.8595975512004642,-0.48674074084438107,-0.5330487493306738,-0.6106074387607932,-0.7534995386105954,1.0534566000565253,-0.27743547601154706,-0.3743747503715706,-0.6898908370812065,-0.43006900561827976,-0.4822428221704121,1.4105827128331005,-0.37635742136456934,-0.4849427713920723,4
-0.8762750972300065,-0.8595975512004642,-0.48674074084438107,-0.5330487493306738,1.6377134252236851,0.9339149210948224,1.0534566000565253,-0.27743547601154706,2.6711203119534384,1.4495046842929602,-0.43006900561827976,-0.4822428221704121,1.4105827128331005,2.657048707513918,-0.4849427713920723,5
-0.8762750972300065,0.6983673369338488,2.054481813593895,1.87600102477617,1.6377134252236851,-0.7534995386105954,1.0534566000565253,-0.27743547601154706,-0.3743747503715706,-0.6898908370812065,-0.43006900561827976,-0.4822428221704121,1.4105827128331005,-0.37635742136456934,-0.4849427713920723,7
0.6547989737542906,0.6983673369338488,-0.48674074084438107,-0.5330487493306738,-0.6106074387607932,-0.7534995386105954,1.0534566000565253,-0.27743547601154706,-0.3743747503715706,1.4495046842929602,-0.43006900561827976,-0.4822428221704121,1.4105827128331005,-0.37635742136456934,-0.4849427713920723,3
-0.8762750972300065,0.6983673369338488,-0.48674074084438107,-0.5330487493306738,1.6377134252236851,0.9339149210948224,-0.9492560015726731,-0.27743547601154706,-0.3743747503715706,-0.6898908370812065,-0.43006900561827976,-0.4822428221704121,-0.7089268788723055,-0.37635742136456934,-0.4849427713920723,5
0.6547989737542906,0.6983673369338488,-0.48674074084438107,-0.5330487493306738,-0.6106074387607932,-0.7534995386105954,-0.9492560015726731,3.60444170434202,-0.3743747503715706,-0.6898908370812065,-0.43006900561827976,-0.4822428221704121,-0.7089268788723055,-0.37635742136456934,-0.4849427713920723,4
-0.8762750972300065,-0.8595975512004642,-0.48674074084438107,-0.5330487493306738,-0.6106074387607932,-0.7534995386105954,1.0534566000565253,-0.27743547601154706,-0.3743747503715706,1.4495046842929602,-0.43006900561827976,-0.4822428221704121,-0.7089268788723055,-0.37635742136456934,-0.4849427713920723,9
-0.8762750972300065,-0.8595975512004642,2.054481813593895,1.87600102477617,-0.6106074387607932,-0.7534995386105954,-0.9492560015726731,-0.27743547601154706,-0.3743747503715706,-0.6898908370812065,-0.43006900561827976,-0.4822428221704121,-0.7089268788723055,-0.37635742136456934,-0.4849427713920723,8
-0.8762750972300065,-0.8595975512004642,-0.48674074084438107,-0.5330487493306738,-0.6106074387607932,-0.7534995386105954,-0.9492560015726731,-0.27743547601154706,-0.3743747503715706,1.4495046842929602,-0.43006900561827976,-0.4822428221704121,1.4105827128331005,-0.37635742136456934,-0.4849427713920723,5
0.6547989737542906,0.6983673369338488,-0.48674074084438107,-0.5330487493306738,-0.6106074387607932,0.9339149210948224,-0.9492560015726731,-0.27743547601154706,-0.3743747503715706,-0.6898908370812065,-0.43006900561827976,2.073644135332772,-0.7089268788723055,2.657048707513918,-0.4849427713920723,6
0.6547989737542906,-0.8595975512004642,-0.48674074084438107,-0.5330487493306738,-0.6106074387607932,0.9339149210948224,1.0534566000565253,-0.27743547601154706,-0.3743747503715706,1.4495046842929602,2.325208250155974,-0.4822428221704121,1.4105827128331005,-0.37635742136456934,-0.4849427713920723,6
0.6547989737542906,2.256332225068162,-0.48674074084438107,-0.5330487493306738,-0.6106074387607932,0.9339149210948224,-0.9492560015726731,-0.27743547601154706,-0.3743747503715706,1.4495046842929602,-0.43006900561827976,-0.4822428221704121,-0.7089268788723055,2.657048707513918,-0.4849427713920723,4
0.6547989737542906,0.6983673369338488,2.054481813593895,-0.5330487493306738,1.6377134252236851,-0.7534995386105954,1.0534566000565253,-0.27743547601154706,-0.3743747503715706,-0.6898908370812065,-0.43006900561827976,-0.4822428221704121,-0.7089268788723055,-0.37635742136456934,-0.4849427713920723,6
0.6547989737542906,-0.8595975512004642,-0.48674074084438107,-0.5330487493306738,-0.6106074387607932,-0.7534995386105954,-0.9492560015726731,-0.27743547601154706,-0.3743747503715706,1.4495046842929602,-0.43006900561827976,-0.4822428221704121,1.4105827128331005,-0.37635742136456934,-0.4849427713920723,5
-0.8762750972300065,0.6983673369338488,2.054481813593895,-0.5330487493306738,-0.6106074387607932,-0.7534995386105954,1.0534566000565253,-0.27743547601154706,-0.3743747503715706,1.4495046842929602,-0.43006900561827976,-0.4822428221704121,1.4105827128331005,2.657048707513918,-0.4849427713920723,6
0.6547989737542906,2.256332225068162,-0.48674074084438107,-0.5330487493306738,1.6377134252236851,-0.7534995386105954,1.0534566000565253,-0.27743547601154706,-0.3743747503715706,1.4495046842929602,-0.43006900561827976,-0.4822428221704121,-0.7089268788723055,-0.37635742136456934,-0.4849427713920723,6
0.6547989737542906,0.6983673369338488,-0.48674074084438107,1.87600102477617,-0.6106074387607932,0.9339149210948224,-0.9492560015726731,-0.27743547601154706,-0.3743747503715706,1.4495046842929602,-0.43006900561827976,-0.4822428221704121,-0.7089268788723055,2.657048707513918,-0.4849427713920723,4
-0.8762750972300065,0.6983673369338488,2.054481813593895,1.87600102477617,-0.6106074387607932,-0.7534995386105954,-0.9492560015726731,-0.27743547601154706,-0.3743747503715706,-0.6898908370812065,-0.43006900561827976,-0.4822428221704121,-0.7089268788723055,-0.37635742136456934,-0.4849427713920723,8
-0.8762750972300065,0.6983673369338488,-0.48674074084438107,-0.5330487493306738,-0.6106074387607932,-0.7534995386105954,1.0534566000565253,-0.27743547601154706,-0.3743747503715706,-0.6898908370812065,-0.43006900561827976,-0.4822428221704121,1.4105827128331005,-0.37635742136456934,-0.4849427713920723,8
0.6547989737542906,-0.8595975512004642,-0.48674074084438107,-0.5330487493306738,-0.6106074387607932,0.9339149210948224,1.0534566000565253,-0.27743547601154706,-0.3743747503715706,-0.6898908370812065,-0.43006900561827976,-0.4822428221704121,-0.7089268788723055,2.657048707513918,-0.4849427713920723,6
0.6547989737542906,0.6983673369338488,-0.48674074084438107,-0.5330487493306738,-0.6106074387607932,0.9339149210948224,-0.9492560015726731,-0.27743547601154706,-0.3743747503715706,-0.6898908370812065,-0.43006900561827976,-0.4822428221704121,-0.7089268788723055,-0.37635742136456934,2.0620989918653887,6
0.6547989737542906,0.6983673369338488,-0.48674074084438107,1.87600102477617,-0.6106074387607932,-0.7534995386105954,-0.9492560015726731,3.60444170434202,-0.3743747503715706,-0.6898908370812065,-0.43006900561827976,-0.4822428221704121,-0.7089268788723055,-0.37635742136456934,-0.4849427713920723,6
2.1858730447385875,-0.8595975512004642,-0.48674074084438107,-0.5330487493306738,-0.6106074387607932,-0.7534995386105954,1.0534566000565253,-0.27743547601154706,-0.3743747503715706,-0.6898908370812065,-0.43006900561827976,-0.4822428221704121,1.4105827128331005,-0.37635742136456934,-0.4849427713920723,5
2.1858730447385875,-0.8595975512004642,-0.48674074084438107,-0.5330487493306738,1.6377134252236851,0.9339149210948224,1.0534566000565253,-0.27743547601154706,-0.3743747503715706,-0.6898908370812065,-0.43006900561827976,2.073644135332772,1.4105827128331005,-0.37635742136456934,-0.4849427713920723,5
-0.8762750972300065,-0.8595975512004642,-0.48674074084438107,1.87600102477617,1.6377134252236851,-0.7534995386105954,1.0534566000565253,-0.27743547601154706,-0.3743747503715706,-0.6898908370812065,-0.43006900561827976,2.073644135332772,-0.7089268788723055,-0.37635742136456934,-0.4849427713920723,8
0.6547989737542906,-0.8595975512004642,-0.48674074084438107,-0.5330487493306738,1.6377134252236851,-0.7534995386105954,1.0534566000565253,-0.27743547601154706,-0.3743747503715706,-0.6898908370812065,-0.43006900561827976,-0.4822428221704121,-0.7089268788723055,-0.37635742136456934,-0.4849427713920723,7
2.1858730447385875,0.6983673369338488,-0.48674074084438107,-0.5330487493306738,-0.6106074387607932,-0.7534995386105954,-0.9492560015726731,-0.27743547601154706,-0.3743747503715706,-0.6898908370812065,-0.43006900561827976,-0.4822428221704121,1.4105827128331005,-0.37635742136456934,-0.4849427713920723,3
2.1858730447385875,-0.8595975512004642,2.054481813593895,-0.5330487493306738,-0.6106074387607932,0.9339149210948224,1.0534566000565253,-0.27743547601154706,-0.3743747503715706,-0.6898908370812065,-0.43006900561827976,-0.4822428221704121,-0.7089268788723055,-0.37635742136456934,-0.4849427713920723,6
0.6547989737542906,0.6983673369338488,-0.48674074084438107,-0.5330487493306738,-0.6106074387607932,0.9339149210948224,-0.9492560015726731,-0.27743547601154706,2.6711203119534384,1.4495046842929602,-0.43006900561827976,-0.4822428221704121,-0.7089268788723055,-0.37635742136456934,-0.4849427713920723,5
-0.8762750972300065,-0.8595975512004642,-0.48674074084438107,1.87600102477617,-0.6106074387607932,-0.7534995386105954,1.0534566000565253,-0.27743547601154706,-0.3743747503715706,-0.6898908370812065,-0.43006900561827976,-0.4822428221704121,-0.7089268788723055,-0.37635742136456934,-0.4849427713920723,6
-0.8762750972300065,-0.8595975512004642,-0.48674074084438107,-0.5330487493306738,-0.6106074387607932,-0.7534995386105954,1.0534566000565253,3.60444170434202,-0.3743747503715706,1.4495046842929602,-0.43006900561827976,2.073644135332772,1.4105827128331005,-0.37635742136456934,-0.4849427713920723,5
-0.8762750972300065,-0.8595975512004642,2.054481813593895,-0.5330487493306738,1.6377134252236851,-0.7534995386105954,-0.9492560015726731,-0.27743547601154706,-0.3743747503715706,-0.6898908370812065,-0.43006900561827976,-0.4822428221704121,-0.7089268788723055,-0.37635742136456934,-0.4849427713920723,8
-0.8762750972300065,0.6983673369338488,-0.48674074084438107,-0.5330487493306738,-0.6106074387607932,0.9339149210948224,-0.9492560015726731,-0.27743547601154706,-0.3743747503715706,1.4495046842929602,-0.43006900561827976,-0.4822428221704121,1.4105827128331005,-0.37635742136456934,-0.4849427713920723,6
-0.8762750972300065,-0.8595975512004642,2.054481813593895,1.87600102477617,-0.6106074387607932,0.9339149210948224,1.0534566000565253,-0.27743547601154706,-0.3743747503715706,-0.6898908370812065,-0.43006900561827976,-0.4822428221704121,-0.7089268788723055,-0.37635742136456934,-0.4849427713920723,8
0.6547989737542906,0.6983673369338488,-0.48674074084438107,-0.5330487493306738,-0.6106074387607932,0.9339149210948224,-0.9492560015726731,-0.27743547601154706,-0.3743747503715706,-0.6898908370812065,2.325208250155974,-0.4822428221704121,-0.7089268788723055,-0.37635742136456934,2.0620989918653887,7
-0.8762750972300065,-0.8595975512004642,-0.48674074084438107,-0.5330487493306738,1.6377134252236851,-0.7534995386105954,-0.9492560015726731,-0.27743547601154706,-0.3743747503715706,-0.6898908370812065,-0.43006900561827976,2.073644135332772,1.4105827128331005,-0.37635742136456934,-0.4849427713920723,7
-0.8762750972300065,-0.8595975512004642,2.054481813593895,1.87600102477617,1.6377134252236851,-0.7534995386105954,1.0534566000565253,-0.27743547601154706,-0.3743747503715706,-0.6898908370812065,-0.43006900561827976,-0.4822428221704121,-0.7089268788723055,-0.37635742136456934,-0.4849427713920723,9
-0.8762750972300065,-0.8595975512004642,2.054481813593895,-0.5330487493306738,-0.6106074387607932,0.9339149210948224,-0.9492560015726731,-0.27743547601154706,-0.3743747503715706,-0.6898908370812065,2.325208250155974,-0.4822428221704121,-0.7089268788723055,-0.37635742136456934,2.0620989918653887,8
0.6547989737542906,-0.8595975512004642,-0.48674074084438107,-0.5330487493306738,-0.6106074387607932,-0.7534995386105954,-0.9492560015726731,-0.27743547601154706,-0.3743747503715706,-0.6898908370812065,-0.43006900561827976,-0.4822428221704121,-0.7089268788723055,2.657048707513918,-0.4849427713920723,7
0.6547989737542906,0.6983673369338488,-0.48674074084438107,-0.5330487493306738,-0.6106074387607932,-0.7534995386105954,-0.9492560015726731,-0.27743547601154706,-0.3743747503715706,-0.6898908370812065,-0.43006900561827976,-0.4822428221704121,1.4105827128331005,-0.37635742136456934,-0.4849427713920723,4
2.1858730447385875,0.6983673369338488,-0.48674074084438107,-0.5330487493306738,-0.6106074387607932,2.62132938080024,-0.9492560015726731,-0.27743547601154706,-0.3743747503715706,1.4495046842929602,-0.43006900561827976,-0.4822428221704121,-0.7089268788723055,-0.37635742136456934,-0.4849427713920723,2
-0.8762750972300065,-0.8595975512004642,2.054481813593895,1.87600102477617,-0.6106074387607932,-0.7534995386105954,-0.9492560015726731,-0.27743547601154706,2.6711203119534384,-0.6898908370812065,2.325208250155974,-0.4822428221704121,-0.7089268788723055,-0.37635742136456934,2.0620989918653887,7
-0.8762750972300065,-0.8595975512004642,2.054481813593895,-0.5330487493306738,1.6377134252236851,-0.7534995386105954,-0.9492560015726731,-0.27743547601154706,2.6711203119534384,-0.6898908370812065,2.325208250155974,-0.4822428221704121,-0.7089268788723055,-0.37635742136456934,2.0620989918653887,7
-0.8762750972300065,-0.8595975512004642,2.054481813593895,-0.5330487493306738,-0.6106074387607932,-0.7534995386105954,-0.9492560015726731,-0.27743547601154706,-0.3743747503715706,-0.6898908370812065,2.325208250155974,-0.4822428221704121,-0.7089268788723055,-0.37635742136456934,-0.4849427713920723,8
-0.8762750972300065,-0.8595975512004642,-0.48674074084438107,-0.5330487493306738,-0.6106074387607932,-0.7534995386105954,1.0534566000565253,-0.27743547601154706,-0.3743747503715706,-0.6898908370812065,-0.43006900561827976,-0.4822428221704121,-0.7089268788723055,-0.37635742136456934,2.0620989918653887,9
0.6547989737542906,0.6983673369338488,-0.48674074084438107,-0.5330487493306738,-0.6106074387607932,2.62132938080024,-0.9492560015726731,-0.27743547601154706,-0.3743747503715706,1.4495046842929602,-0.43006900561827976,-0.4822428221704121,1.4105827128331005,-0.37635742136456934,-0.4849427713920723,3
-0.8762750972300065,-0.8595975512004642,-0.48674074084438107,1.87600102477617,-0.6106074387607932,-0.7534995386105954,-0.9492560015726731,-0.27743547601154706,-0.3743747503715706,1.4495046842929602,-0.43006900561827976,-0.4822428221704121,1.4105827128331005,-0.37635742136456934,-0.4849427713920723,8
2.1858730447385875,-0.8595975512004642,-0.48674074084438107,-0.5330487493306738,-0.6106074387607932,2.62132938080024,-0.9492560015726731,-0.27743547601154706,2.6711203119534384,-0.6898908370812065,-0.43006900561827976,-0.4822428221704121,-0.7089268788723055,2.657048707513918,-0.4849427713920723,4
0.6547989737542906,0.6983673369338488,-0.48674074084438107,-0.5330487493306738,-0.6106074387607932,-0.7534995386105954,-0.9492560015726731,-0.27743547601154706,-0.3743747503715706,-0.6898908370812065,-0.43006900561827976,-0.4822428221704121,-0.7089268788723055,-0.37635742136456934,-0.4849427713920723,7
-0.8762750972300065,2.256332225068162,-0.48674074084438107,-0.5330487493306738,-0.6106074387607932,-0.7534995386105954,-0.9492560015726731,-0.27743547601154706,-0.3743747503715706,1.4495046842929602,-0.43006900561827976,-0.4822428221704121,-0.7089268788723055,2.657048707513918,2.0620989918653887,4
0.6547989737542906,0.6983673369338488,-0.48674074084438107,-0.5330487493306738,-0.6106074387607932,0.9339149210948224,-0.9492560015726731,-0.27743547601154706,-0.3743747503715706,1.4495046842929602,-0.43006900561827976,-0.4822428221704121,1.4105827128331005,-0.37635742136456934,-0.4849427713920723,4
-0.8762750972300065,0.6983673369338488,-0.48674074084438107,-0.5330487493306738,-0.6106074387607932,0.9339149210948224,-0.9492560015726731,-0.27743547601154706,-0.3743747503715706,-0.6898908370812065,-0.43006900561827976,2.073644135332772,-0.7089268788723055,-0.37635742136456934,-0.4849427713920723,4
-0.8762750972300065,-0.8595975512004642,2.054481813593895,-0.5330487493306738,1.6377134252236851,-0.7534995386105954,-0.9492560015726731,-0.27743547601154706,-0.3743747503715706,-0.6898908370812065,-0.43006900561827976,-0.4822428221704121,1.4105827128331005,-0.37635742136456934,-0.4849427713920723,6
0.6547989737542906,0.6983673369338488,-0.48674074084438107,-0.5330487493306738,-0.6106074387607932,-0.7534995386105954,-0.9492560015726731,-0.27743547601154706,-0.3743747503715706,1.4495046842929602,-0.43006900561827976,-0.4822428221704121,1.4105827128331005,-0.37635742136456934,2.0620989918653887,6
-0.8762750972300065,-0.8595975512004642,-0.48674074084438107,-0.5330487493306738,-0.6106074387607932,0.9339149210948224,1.0534566000565253,-0.27743547601154706,-0.3743747503715706,-0.6898908370812065,-0.43006900561827976,2.073644135332772,-0.7089268788723055,-0.37635742136456934,-0.4849427713920723,8
-0.8762750972300065,0.6983673369338488,-0.48674074084438107,-0.5330487493306738,-0.6106074387607932,0.9339149210948224,-0.9492560015726731,-0.27743547601154706,-0.3743747503715706,-0.6898908370812065,-0.43006900561827976,2.073644135332772,1.4105827128331005,-0.37635742136456934,-0.4849427713920723,2
-0.8762750972300065,-0.8595975512004642,-0.48674074084438107,-0.5330487493306738,1.6377134252236851,0.9339149210948224,1.0534566000565253,-0.27743547601154706,2.6711203119534384,-0.6898908370812065,-0.43006900561827976,-0.4822428221704121,-0.7089268788723055,2.657048707513918,-0.4849427713920723,8
-0.8762750972300065,-0.8595975512004642,-0.48674074084438107,-0.5330487493306738,-0.6106074387607932,-0.7534995386105954,1.0534566000565253,-0.27743547601154706,-0.3743747503715706,1.4495046842929602,-0.43006900561827976,-0.4822428221704121,-0.7089268788723055,-0.37635742136456934,-0.4849427713920723,6
0.6547989737542906,-0.8595975512004642,-0.48674074084438107,-0.5330487493306738,1.6377134252236851,-0.7534995386105954,-0.9492560015726731,-0.27743547601154706,2.6711203119534384,-0.6898908370812065,-0.43006900561827976,-0.4822428221704121,-0.7089268788723055,-0.37635742136456934,-0.4849427713920723,7
0.6547989737542906,2.256332225068162,-0.48674074084438107,-0.5330487493306738,-0.6106074387607932,0.9339149210948224,1.0534566000565253,3.60444170434202,-0.3743747503715706,1.4495046842929602,-0.43006900561827976,2.073644135332772,1.4105827128331005,-0.37635742136456934,-0.4849427713920723,4
-0.8762750972300065,-0.8595975512004642,-0.48674074084438107,-0.5330487493306738,1.6377134252236851,-0.7534995386105954,-0.9492560015726731,-0.27743547601154706,-0.3743747503715706,-0.6898908370812065,-0.43006900561827976,2.073644135332772,-0.7089268788723055,-0.37635742136456934,-0.4849427713920723,5
-0.8762750972300065,-0.8595975512004642,-0.48674074084438107,-0.5330487493306738,-0.6106074387607932,0.9339149210948224,1.0534566000565253,-0.27743547601154706,-0.3743747503715706,-0.6898908370812065,-0.43006900561827976,-0.4822428221704121,-0.7089268788723055,-0.37635742136456934,2.0620989918653887,8
-0.8762750972300065,-0.8595975512004642,-0.48674074084438107,1.87600102477617,1.6377134252236851,-0.7534995386105954,-0.9492560015726731,-0.27743547601154706,-0.3743747503715706,1.4495046842929602,-0.43006900561827976,-0.4822428221704121,1.4105827128331005,-0.37635742136456934,-0.4849427713920723,6
-0.8762750972300065,-0.8595975512004642,-0.48674074084438107,-0.5330487493306738,1.6377134252236851,-0.7534995386105954,-0.9492560015726731,-0.27743547601154706,-0.3743747503715706,-0.6898908370812065,-0.43006900561827976,-0.4822428221704121,1.4105827128331005,-0.37635742136456934,-0.4849427713920723,7
-0.8762750972300065,2.256332225068162,-0.48674074084438107,-0.5330487493306738,-0.6106074387607932,0.9339149210948224,-0.9492560015726731,-0.27743547601154706,-0.3743747503715706,1.4495046842929602,-0.43006900561827976,2.073644135332772,-0.7089268788723055,-0.37635742136456934,-0.4849427713920723,5
0.6547989737542906,0.6983673369338488,-0.48674074084438107,-0.5330487493306738,-0.6106074387607932,0.9339149210948224,-0.9492560015726731,-0.27743547601154706,-0.3743747503715706,1.4495046842929602,-0.43006900561827976,-0.4822428221704121,-0.7089268788723055,-0.37635742136456934,-0.4849427713920723,4
-0.8762750972300065,-0.8595975512004642,-0.48674074084438107,-0.5330487493306738,1.6377134252236851,-0.7534995386105954,1.0534566000565253,-0.27743547601154706,-0.3743747503715706,1.4495046842929602,-0.43006900561827976,2.073644135332772,-0.7089268788723055,-0.37635742136456934,-0.4849427713920723,4
2.1858730447385875,2.256332225068162,-0.48674074084438107,-0.5330487493306738,-0.6106074387607932,2.62132938080024,-0.9492560015726731,-0.27743547601154706,-0.3743747503715706,-0.6898908370812065,-0.43006900561827976,-0.4822428221704121,-0.7089268788723055,-0.37635742136456934,-0.4849427713920723,2
-0.8762750972300065,-0.8595975512004642,-0.48674074084438107,1.87600102477617,-0.6106074387607932,-0.7534995386105954,-0.9492560015726731,-0.27743547601154706,-0.3743747503715706,-0.6898908370812065,-0.43006900561827976,2.073644135332772,-0.7089268788723055,-0.37635742136456934,-0.4849427713920723,7
-0.8762750972300065,-0.8595975512004642,-0.48674074084438107,1.87600102477617,-0.6106074387607932,-0.7534995386105954,1.0534566000565253,-0.27743547601154706,-0.3743747503715706,-0.6898908370812065,-0.43006900561827976,-0.4822428221704121,-0.7089268788723055,-0.37635742136456934,-0.4849427713920723,6
0.6547989737542906,-0.8595975512004642,-0.48674074084438107,-0.5330487493306738,-0.6106074387607932,0.9339149210948224,1.0534566000565253,-0.27743547601154706,-0.3743747503715706,-0.6898908370812065,2.325208250155974,-0.4822428221704121,-0.7089268788723055,-0.37635742136456934,-0.4849427713920723,7
0.6547989737542906,0.6983673369338488,2.054481813593895,-0.5330487493306738,-0.6106074387607932,-0.7534995386105954,-0.9492560015726731,-0.27743547601154706,-0.3743747503715706,1.4495046842929602,-0.43006900561827976,-0.4822428221704121,1.4105827128331005,-0.37635742136456934,-0.4849427713920723,5
-0.8762750972300065,-0.8595975512004642,2.054481813593895,-0.5330487493306738,1.6377134252236851,-0.7534995386105954,1.0534566000565253,-0.27743547601154706,-0.3743747503715706,-0.6898908370812065,-0.43006900561827976,-0.4822428221704121,-0.7089268788723055,-0.37635742136456934,-0.4849427713920723,7
0.6547989737542906,0.6983673369338488,2.054481813593895,-0.5330487493306738,-0.6106074387607932,-0.7534995386105954,-0.9492560015726731,-0.27743547601154706,-0.3743747503715706,1.4495046842929602,2.325208250155974,-0.4822428221704121,-0.7089268788723055,-0.37635742136456934,-0.4849427713920723,5
0.6547989737542906,0.6983673369338488,-0.48674074084438107,-0.5330487493306738,-0.6106074387607932,0.9339149210948224,-0.9492560015726731,-0.27743547601154706,-0.3743747503715706,-0.6898908370812065,2.325208250155974,-0.4822428221704121,1.4105827128331005,-0.37635742136456934,-0.4849427713920723,6
-0.8762750972300065,0.6983673369338488,-0.48674074084438107,-0.5330487493306738,-0.6106074387607932,-0.7534995386105954,-0.9492560015726731,-0.27743547601154706,-0.3743747503715706,1.4495046842929602,-0.43006900561827976,2.073644135332772,1.4105827128331005,-0.37635742136456934,-0.4849427713920723,8
-0.8762750972300065,-0.8595975512004642,-0.48674074084438107,1.87600102477617,-0.6106074387607932,-0.7534995386105954,-0.9492560015726731,-0.27743547601154706,2.6711203119534384,1.4495046842929602,-0.43006900561827976,-0.4822428221704121,1.4105827128331005,-0.37635742136456934,-0.4849427713920723,6
-0.8762750972300065,2.256332225068162,-0.48674074084438107,-0.5330487493306738,-0.6106074387607932,-0.7534995386105954,-0.9492560015726731,-0.27743547601154706,-0.3743747503715706,1.4495046842929602,-0.43006900561827976,-0.4822428221704121,-0.7089268788723055,-0.37635742136456934,-0.4849427713920723,2
0.6547989737542906,0.6983673369338488,-0.48674074084438107,-0.5330487493306738,-0.6106074387607932,2.62132938080024,-0.9492560015726731,3.60444170434202,-0.3743747503715706,-0.6898908370812065,-0.43006900561827976,-0.4822428221704121,-0.7089268788723055,-0.37635742136456934,-0.4849427713920723,3
0.6547989737542906,-0.8595975512004642,-0.48674074084438107,-0.5330487493306738,-0.6106074387607932,-0.7534995386105954,-0.9492560015726731,3.60444170434202,-0.3743747503715706,1.4495046842929602,2.325208250155974,2.073644135332772,-0.7089268788723055,-0.37635742136456934,-0.4849427713920723,4
0.6547989737542906,-0.8595975512004642,-0.48674074084438107,1.87600102477617,1.6377134252236851,-0.7534995386105954,1.0534566000565253,-0.27743547601154706,-0.3743747503715706,-0.6898908370812065,-0.43006900561827976,-0.4822428221704121,-0.7089268788723055,-0.37635742136456934,-0.4849427713920723,8
-0.8762750972300065,2.256332225068162,2.054481813593895,-0.5330487493306738,-0.6106074387607932,0.9339149210948224,-0.9492560015726731,-0.27743547601154706,-0.3743747503715706,1.4495046842929602,-0.43006900561827976,-0.4822428221704121,-0.7089268788723055,-0.37635742136456934,-0.4849427713920723,3
-0.8762750972300065,2.256332225068162,-0.48674074084438107,-0.5330487493306738,-0.6106074387607932,-0.7534995386105954,1.0534566000565253,-0.27743547601154706,-0.3743747503715706,1.4495046842929602,2.325208250155974,2.073644135332772,1.4105827128331005,-0.37635742136456934,-0.4849427713920723,6
2.1858730447385875,-0.8595975512004642,-0.48674074084438107,-0.5330487493306738,1.6377134252236851,0.9339149210948224,1.0534566000565253,-0.27743547601154706,-0.3743747503715706,-0.6898908370812065,-0.43006900561827976,-0.4822428221704121,1.4105827128331005,2.657048707513918,-0.4849427713920723,5
2.1858730447385875,2.256332225068162,-0.48674074084438107,-0.5330487493306738,-0.6106074387607932,-0.7534995386105954,-0.9492560015726731,-0.27743547601154706,-0.3743747503715706,1.4495046842929602,-0.43006900561827976,-0.4822428221704121,-0.7089268788723055,-0.37635742136456934,-0.4849427713920723,1
-0.8762750972300065,-0.8595975512004642,2.054481813593895,-0.5330487493306738,-0.6106074387607932,-0.7534995386105954,-0.9492560015726731,-0.27743547601154706,-0.3743747503715706,-0.6898908370812065,-0.43006900561827976,-0.4822428221704121,-0.7089268788723055,-0.37635742136456934,2.0620989918653887,7
0.6547989737542906,-0.8595975512004642,2.054481813593895,-0.5330487493306738,-0.6106074387607932,0.9339149210948224,-0.9492560015726731,-0.27743547601154706,-0.3743747503715706,-0.6898908370812065,-0.43006900561827976,-0.4822428221704121,-0.7089268788723055,-0.37635742136456934,2.0620989918653887,6
0.6547989737542906,2.256332225068162,-0.48674074084438107,-0.5330487493306738,1.6377134252236851,-0.7534995386105954,-0.9492560015726731,-0.27743547601154706,-0.3743747503715706,1.4495046842929602,2.325208250155974,-0.4822428221704121,-0.7089268788723055,-0.37635742136456934,-0.4849427713920723,4
-0.8762750972300065,-0.8595975512004642,-0.48674074084438107,-0.5330487493306738,-0.6106074387607932,-0.7534995386105954,-0.9492560015726731,-0.27743547601154706,-0.3743747503715706,-0.6898908370812065,-0.43006900561827976,-0.4822428221704121,-0.7089268788723055,-0.37635742136456934,-0.4849427713920723,7
0.6547989737542906,-0.8595975512004642,-0.48674074084438107,-0.5330487493306738,-0.6106074387607932,-0.7534995386105954,-0.9492560015726731,-0.27743547601154706,-0.3743747503715706,-0.6898908370812065,-0.43006900561827976,2.073644135332772,-0.7089268788723055,-0.37635742136456934,-0.4849427713920723,7
2.1858730447385875,-0.8595975512004642,-0.48674074084438107,-0.5330487493306738,-0.6106074387607932,2.62132938080024,-0.9492560015726731,-0.27743547601154706,-0.3743747503715706,-0.6898908370812065,-0.43006900561827976,-0.4822428221704121,-0.7089268788723055,-0.37635742136456934,-0.4849427713920723,3
-0.8762750972300065,-0.8595975512004642,-0.48674074084438107,-0.5330487493306738,-0.6106074387607932,-0.7534995386105954,1.0534566000565253,-0.27743547601154706,-0.3743747503715706,1.4495046842929602,-0.43006900561827976,-0.4822428221704121,-0.7089268788723055,-0.37635742136456934,-0.4849427713920723,5
-0.8762750972300065,-0.8595975512004642,2.054481813593895,1.87600102477617,1.6377134252236851,-0.7534995386105954,1.0534566000565253,-0.27743547601154706,-0.3743747503715706,-0.6898908370812065,-0.43006900561827976,-0.4822428221704121,-0.7089268788723055,-0.37635742136456934,-0.4849427713920723,8
0.6547989737542906,-0.8595975512004642,-0.48674074084438107,1.87600102477617,-0.6106074387607932,-0.7534995386105954,1.0534566000565253,-0.27743547601154706,-0.3743747503715706,-0.6898908370812065,-0.43006900561827976,-0.4822428221704121,-0.7089268788723055,-0.37635742136456934,-0.4849427713920723,4
0.6547989737542906,-0.8595975512004642,-0.48674074084438107,-0.5330487493306738,-0.6106074387607932,-0.7534995386105954,1.0534566000565253,-0.27743547601154706,-0.3743747503715706,-0.6898908370812065,2.325208250155974,-0.4822428221704121,-0.7089268788723055,-0.37635742136456934,2.0620989918653887,8
-0.8762750972300065,0.6983673369338488,-0.48674074084438107,-0.5330487493306738,-0.6106074387607932,0.9339149210948224,1.0534566000565253,-0.27743547601154706,2.6711203119534384,-0.6898908370812065,-0.43006900561827976,2.073644135332772,1.4105827128331005,-0.37635742136456934,-0.4849427713920723,7
-0.8762750972300065,0.6983673369338488,-0.48674074084438107,-0.5330487493306738,-0.6106074387607932,0.9339149210948224,-0.9492560015726731,-0.27743547601154706,-0.3743747503715706,-0.6898908370812065,-0.43006900561827976,-0.4822428221704121,1.4105827128331005,-0.37635742136456934,2.0620989918653887,7
-0.8762750972300065,-0.8595975512004642,2.054481813593895,-0.5330487493306738,-0.6106074387607932,-0.7534995386105954,-0.9492560015726731,-0.27743547601154706,2.6711203119534384,-0.6898908370812065,-0.43006900561827976,-0.4822428221704121,-0.7089268788723055,-0.37635742136456934,-0.4849427713920723,8
2.1858730447385875,0.6983673369338488,-0.48674074084438107,-0.5330487493306738,-0.6106074387607932,-0.7534995386105954,1.0534566000565253,-0.27743547601154706,-0.3743747503715706,-0.6898908370812065,-0.43006900561827976,2.073644135332772,-0.7089268788723055,2.657048707513918,-0.4849427713920723,5
-0.8762750972300065,-0.8595975512004642,2.054481813593895,-0.5330487493306738,-0.6106074387607932,-0.7534995386105954,1.0534566000565253,-0.27743547601154706,-0.3743747503715706,-0.6898908370812065,-0.43006900561827976,-0.4822428221704121,-0.7089268788723055,-0.37635742136456934,2.0620989918653887,8
-0.8762750972300065,0.6983673369338488,-0.48674074084438107,-0.5330487493306738,-0.6106074387607932,-0.7534995386105954,1.0534566000565253,-0.27743547601154706,-0.3743747503715706,1.4495046842929602,-0.43006900561827976,-0.4822428221704121,1.4105827128331005,-0.37635742136456934,-0.4849427713920723,7
0.6547989737542906,0.6983673369338488,-0.48674074084438107,-0.5330487493306738,-0.6106074387607932,-0.7534995386105954,-0.9492560015726731,3.60444170434202,-0.3743747503715706,-0.6898908370812065,-0.43006900561827976,-0.4822428221704121,1.4105827128331005,2.657048707513918,-0.4849427713920723,4
-0.8762750972300065,-0.8595975512004642,-0.48674074084438107,-0.5330487493306738,-0.6106074387607932,-0.7534995386105954,1.0534566000565253,-0.27743547601154706,-0.3743747503715706,-0.6898908370812065,-0.43006900561827976,-0.4822428221704121,1.4105827128331005,-0.37635742136456934,-0.4849427713920723,5
0.6547989737542906,0.6983673369338488,-0.48674074084438107,-0.5330487493306738,-0.6106074387607932,0.9339149210948224,-0.9492560015726731,-0.27743547601154706,-0.3743747503715706,1.4495046842929602,-0.43006900561827976,-0.4822428221704121,-0.7089268788723055,-0.37635742136456934,2.0620989918653887,6
-0.8762750972300065,0.6983673369338488,-0.48674074084438107,-0.5330487493306738,-0.6106074387607932,2.62132938080024,1.0534566000565253,-0.27743547601154706,-0.3743747503715706,-0.6898908370812065,-0.43006900561827976,-0.4822428221704121,1.4105827128331005,-0.37635742136456934,-0.4849427713920723,5
0.6547989737542906,0.6983673369338488,2.054481813593895,-0.5330487493306738,-0.6106074387607932,-0.7534995386105954,-0.9492560015726731,-0.27743547601154706,-0.3743747503715706,1.4495046842929602,2.325208250155974,-0.4822428221704121,-0.7089268788723055,-0.37635742136456934,-0.4849427713920723,7
0.6547989737542906,2.256332225068162,-0.48674074084438107,-0.5330487493306738,-0.6106074387607932,0.9339149210948224,1.0534566000565253,-0.27743547601154706,-0.3743747503715706,1.4495046842929602,2.325208250155974,-0.4822428221704121,1.4105827128331005,-0.37635742136456934,-0.4849427713920723,6
0.6547989737542906,-0.8595975512004642,2.054481813593895,1.87600102477617,-0.6106074387607932,-0.7534995386105954,-0.9492560015726731,-0.27743547601154706,-0.3743747503715706,-0.6898908370812065,-0.43006900561827976,-0.4822428221704121,-0.7089268788723055,-0.37635742136456934,-0.4849427713920723,8
0.6547989737542906,-0.8595975512004642,-0.48674074084438107,-0.5330487493306738,-0.6106074387607932,0.9339149210948224,1.0534566000565253,3.60444170434202,-0.3743747503715706,-0.6898908370812065,-0.43006900561827976,2.073644135332772,-0.7089268788723055,2.657048707513918,-0.4849427713920723,3
-0.8762750972300065,2.256332225068162,-0.48674074084438107,-0.5330487493306738,-0.6106074387607932,-0.7534995386105954,1.0534566000565253,-0.27743547601154706,-0.3743747503715706,-0.6898908370812065,-0.43006900561827976,-0.4822428221704121,-0.7089268788723055,-0.37635742136456934,-0.4849427713920723,4
-0.8762750972300065,-0.8595975512004642,-0.48674074084438107,-0.5330487493306738,-0.6106074387607932,-0.7534995386105954,1.0534566000565253,-0.27743547601154706,-0.3743747503715706,-0.6898908370812065,-0.43006900561827976,2.073644135332772,-0.7089268788723055,-0.37635742136456934,-0.4849427713920723,5
-0.8762750972300065,0.6983673369338488,-0.48674074084438107,-0.5330487493306738,-0.6106074387607932,-0.7534995386105954,-0.9492560015726731,3.60444170434202,-0.3743747503715706,1.4495046842929602,-0.43006900561827976,2.073644135332772,1.4105827128331005,-0.37635742136456934,-0.4849427713920723,6
0.6547989737542906,-0.8595975512004642,-0.48674074084438107,1.87600102477617,-0.6106074387607932,-0.7534995386105954,-0.9492560015726731,-0.27743547601154706,-0.3743747503715706,-0.6898908370812065,-0.43006900561827976,2.073644135332772,1.4105827128331005,-0.37635742136456934,2.0620989918653887,4
-0.8762750972300065,-0.8595975512004642,-0.48674074084438107,1.87600102477617,-0.6106074387607932,-0.7534995386105954,1.0534566000565253,-0.27743547601154706,-0.3743747503715706,-0.6898908370812065,-0.43006900561827976,-0.4822428221704121,1.4105827128331005,-0.37635742136456934,-0.4849427713920723,7
0.6547989737542906,-0.8595975512004642,2.054481813593895,-0.5330487493306738,1.6377134252236851,-0.7534995386105954,1.0534566000565253,-0.27743547601154706,-0.3743747503715706,-0.6898908370812065,-0.43006900561827976,-0.4822428221704121,-0.7089268788723055,-0.37635742136456934,-0.4849427713920723,5
-0.8762750972300065,0.6983673369338488,2.054481813593895,1.87600102477617,-0.6106074387607932,-0.7534995386105954,1.0534566000565253,-0.27743547601154706,-0.3743747503715706,-0.6898908370812065,-0.43006900561827976,-0.4822428221704121,-0.7089268788723055,-0.37635742136456934,-0.4849427713920723,7
0.6547989737542906,0.6983673369338488,-0.48674074084438107,-0.5330487493306738,-0.6106074387607932,-0.7534995386105954,1.0534566000565253,-0.27743547601154706,-0.3743747503715706,1.4495046842929602,2.325208250155974,-0.4822428221704121,-0.7089268788723055,2.657048707513918,-0.4849427713920723,4
0.6547989737542906,0.6983673369338488,-0.48674074084438107,-0.5330487493306738,-0.6106074387607932,-0.7534995386105954,1.0534566000565253,-0.27743547601154706,-0.3743747503715706,1.4495046842929602,2.325208250155974,-0.4822428221704121,-0.7089268788723055,-0.37635742136456934,2.0620989918653887,8
-0.8762750972300065,-0.8595975512004642,2.054481813593895,-0.5330487493306738,-0.6106074387607932,-0.7534995386105954,-0.9492560015726731,-0.27743547601154706,-0.3743747503715706,-0.6898908370812065,-0.43006900561827976,-0.4822428221704121,-0.7089268788723055,-0.37635742136456934,2.0620989918653887,8
-0.8762750972300065,-0.8595975512004642,-0.48674074084438107,1.87600102477617,-0.6106074387607932,-0.7534995386105954,1.0534566000565253,-0.27743547601154706,-0.3743747503715706,-0.6898908370812065,2.325208250155974,-0.4822428221704121,-0.7089268788723055,-0.37635742136456934,-0.4849427713920723,8
-0.8762750972300065,0.6983673369338488,2.054481813593895,-0.5330487493306738,1.6377134252236851,-0.7534995386105954,-0.9492560015726731,-0.27743547601154706,-0.3743747503715706,-0.6898908370812065,2.325208250155974,-0.4822428221704121,-0.7089268788723055,-0.37635742136456934,2.0620989918653887,6
0.6547989737542906,-0.8595975512004642,-0.48674074084438107,-0.5330487493306738,-0.6106074387607932,2.62132938080024,-0.9492560015726731,-0.27743547601154706,-0.3743747503715706,-0.6898908370812065,-0.43006900561827976,-0.4822428221704121,-0.7089268788723055,-0.37635742136456934,-0.4849427713920723,6
-0.8762750972300065,-0.8595975512004642,-0.48674074084438107,1.87600102477617,-0.6106074387607932,-0.7534995386105954,-0.9492560015726731,-0.27743547601154706,-0.3743747503715706,-0.6898908370812065,2.325208250155974,-0.4822428221704121,-0.7089268788723055,-0.37635742136456934,2.0620989918653887,9
0.6547989737542906,0.6983673369338488,-0.48674074084438107,-0.5330487493306738,-0.6106074387607932,0.9339149210948224,-0.9492560015726731,-0.27743547601154706,-0.3743747503715706,-0.6898908370812065,-0.43006900561827976,2.073644135332772,-0.7089268788723055,-0.37635742136456934,-0.4849427713920723,4
-0.8762750972300065,0.6983673369338488,-0.48674074084438107,-0.5330487493306738,-0.6106074387607932,0.9339149210948224,-0.9492560015726731,-0.27743547601154706,-0.3743747503715706,-0.6898908370812065,-0.43006900561827976,-0.4822428221704121,-0.7089268788723055,-0.37635742136456934,-0.4849427713920723,5
0.6547989737542906,2.256332225068162,-0.48674074084438107,-0.5330487493306738,-0.6106074387607932,0.9339149210948224,1.0534566000565253,-0.27743547601154706,-0.3743747503715706,-0.6898908370812065,-0.43006900561827976,-0.4822428221704121,1.4105827128331005,-0.37635742136456934,-0.4849427713920723,4
-0.8762750972300065,0.6983673369338488,-0.48674074084438107,-0.5330487493306738,-0.6106074387607932,-0.7534995386105954,-0.9492560015726731,3.60444170434202,-0.3743747503715706,1.4495046842929602,-0.43006900561827976,-0.4822428221704121,-0.7089268788723055,-0.37635742136456934,-0.4849427713920723,6
0.6547989737542906,-0.8595975512004642,-0.48674074084438107,-0.5330487493306738,-0.6106074387607932,0.9339149210948224,-0.9492560015726731,-0.27743547601154706,-0.3743747503715706,-0.6898908370812065,2.325208250155974,-0.4822428221704121,-0.7089268788723055,-0.37635742136456934,2.0620989918653887,7
-0.8762750972300065,0.6983673369338488,2.054481813593895,1.87600102477617,-0.6106074387607932,-0.7534995386105954,1.0534566000565253,-0.27743547601154706,-0.3743747503715706,1.4495046842929602,-0.43006900561827976,-0.4822428221704121,-0.7089268788723055,-0.37635742136456934,-0.4849427713920723,9
-0.8762750972300065,2.256332225068162,-0.48674074084438107,-0.5330487493306738,-0.6106074387607932,-0.7534995386105954,-0.9492560015726731,-0.27743547601154706,-0.3743747503715706,1.4495046842929602,-0.43006900561827976,-0.4822428221704121,-0.7089268788723055,2.657048707513918,-0.4849427713920723,4
2.1858730447385875,-0.8595975512004642,-0.48674074084438107,-0.5330487493306738,-0.6106074387607932,0.9339149210948224,-0.9492560015726731,-0.27743547601154706,-0.3743747503715706,-0.6898908370812065,-0.43006900561827976,-0.4822428221704121,1.4105827128331005,-0.37635742136456934,-0.4849427713920723,2
0.6547989737542906,-0.8595975512004642,-0.48674074084438107,-0.5330487493306738,-0.6106074387607932,-0.7534995386105954,1.0534566000565253,-0.27743547601154706,-0.3743747503715706,1.4495046842929602,-0.43006900561827976,-0.4822428221704121,-0.7089268788723055,-0.37635742136456934,-0.4849427713920723,4
-0.8762750972300065,-0.8595975512004642,-0.48674074084438107,-0.5330487493306738,-0.6106074387607932,-0.7534995386105954,1.0534566000565253,-0.27743547601154706,-0.3743747503715706,-0.6898908370812065,-0.43006900561827976,-0.4822428221704121,1.4105827128331005,-0.37635742136456934,2.0620989918653887,6
0.6547989737542906,-0.8595975512004642,-0.48674074084438107,-0.5330487493306738,-0.6106074387607932,0.9339149210948224,-0.9492560015726731,-0.27743547601154706,-0.3743747503715706,1.4495046842929602,-0.43006900561827976,2.073644135332772,1.4105827128331005,-0.37635742136456934,-0.4849427713920723,5
0.6547989737542906,-0.8595975512004642,-0.48674074084438107,-0.5330487493306738,-0.6106074387607932,0.9339149210948224,-0.9492560015726731,-0.27743547601154706,-0.3743747503715706,-0.6898908370812065,-0.43006900561827976,-0.4822428221704121,-0.7089268788723055,-0.37635742136456934,2.0620989918653887,4
-0.8762750972300065,-0.8595975512004642,2.054481813593895,1.87600102477617,-0.6106074387607932,-0.7534995386105954,1.0534566000565253,-0.27743547601154706,-0.3743747503715706,-0.6898908370812065,-0.43006900561827976,-0.4822428221704121,-0.7089268788723055,-0.37635742136456934,-0.4849427713920723,8
-0.8762750972300065,-0.8595975512004642,-0.48674074084438107,1.87600102477617,-0.6106074387607932,0.9339149210948224,1.0534566000565253,3.60444170434202,2.6711203119534384,-0.6898908370812065,-0.43006900561827976,2.073644135332772,1.4105827128331005,-0.37635742136456934,-0.4849427713920723,4
0.6547989737542906,-0.8595975512004642,-0.48674074084438107,1.87600102477617,-0.6106074387607932,-0.7534995386105954,1.0534566000565253,-0.27743547601154706,-0.3743747503715706,-0.6898908370812065,-0.43006900561827976,2.073644135332772,1.4105827128331005,2.657048707513918,2.0620989918653887,6
-0.8762750972300065,0.6983673369338488,-0.48674074084438107,-0.5330487493306738,1.6377134252236851,0.9339149210948224,1.0534566000565253,-0.27743547601154706,-0.3743747503715706,1.4495046842929602,-0.43006900561827976,-0.4822428221704121,1.4105827128331005,-0.37635742136456934,-0.4849427713920723,5
0.6547989737542906,0.6983673369338488,-0.48674074084438107,-0.5330487493306738,-0.6106074387607932,0.9339149210948224,1.0534566000565253,-0.27743547601154706,-0.3743747503715706,-0.6898908370812065,-0.43006900561827976,2.073644135332772,1.4105827128331005,2.657048707513918,-0.4849427713920723,4
-0.8762750972300065,-0.8595975512004642,-0.48674074084438107,-0.5330487493306738,1.6377134252236851,-0.7534995386105954,1.0534566000565253,-0.27743547601154706,-0.3743747503715706,-0.6898908370812065,-0.43006900561827976,-0.4822428221704121,-0.7089268788723055,-0.37635742136456934,-0.4849427713920723,5
0.6547989737542906,0.6983673369338488,-0.48674074084438107,-0.5330487493306738,-0.6106074387607932,-0.7534995386105954,-0.9492560015726731,-0.27743547601154706,2.6711203119534384,-0.6898908370812065,-0.43006900561827976,-0.4822428221704121,1.4105827128331005,-0.37635742136456934,-0.4849427713920723,3
-0.8762750972300065,0.6983673369338488,2.054481813593895,-0.5330487493306738,-0.6106074387607932,-0.7534995386105954,-0.9492560015726731,-0.27743547601154706,-0.3743747503715706,-0.6898908370812065,-0.43006900561827976,-0.4822428221704121,-0.7089268788723055,-0.37635742136456934,-0.4849427713920723,7
-0.8762750972300065,-0.8595975512004642,-0.48674074084438107,-0.5330487493306738,-0.6106074387607932,-0.7534995386105954,-0.9492560015726731,-0.27743547601154706,-0.3743747503715706,-0.6898908370812065,2.325208250155974,-0.4822428221704121,-0.7089268788723055,-0.37635742136456934,-0.4849427713920723,7
-0.8762750972300065,-0.8595975512004642,-0.48674074084438107,-0.5330487493306738,-0.6106074387607932,-0.7534995386105954,-0.9492560015726731,-0.27743547601154706,-0.3743747503715706,-0.6898908370812065,-0.43006900561827976,-0.4822428221704121,-0.7089268788723055,-0.37635742136456934,2.0620989918653887,6
0.6547989737542906,-0.8595975512004642,-0.48674074084438107,1.87600102477617,1.6377134252236851,0.9339149210948224,1.0534566000565253,-0.27743547601154706,-0.3743747503715706,-0.6898908370812065,-0.43006900561827976,2.073644135332772,1.4105827128331005,2.657048707513918,-0.4849427713920723,7
0.6547989737542906,0.6983673369338488,-0.48674074084438107,-0.5330487493306738,-0.6106074387607932,0.9339149210948224,1.0534566000565253,-0.27743547601154706,-0.3743747503715706,-0.6898908370812065,-0.43006900561827976,2.073644135332772,1.4105827128331005,-0.37635742136456934,-0.4849427713920723,4
-0.8762750972300065,-0.8595975512004642,2.054481813593895,-0.5330487493306738,1.6377134252236851,-0.7534995386105954,1.0534566000565253,-0.27743547601154706,2.6711203119534384,-0.6898908370812065,-0.43006900561827976,-0.4822428221704121,-0.7089268788723055,-0.37635742136456934,-0.4849427713920723,9
0.6547989737542906,-0.8595975512004642,2.054481813593895,-0.5330487493306738,-0.6106074387607932,0.9339149210948224,-0.9492560015726731,-0.27743547601154706,-0.3743747503715706,-0.6898908370812065,2.325208250155974,-0.4822428221704121,-0.7089268788723055,-0.37635742136456934,-0.4849427713920723,6
2.1858730447385875,2.256332225068162,-0.48674074084438107,-0.5330487493306738,1.6377134252236851,2.62132938080024,-0.9492560015726731,-0.27743547601154706,-0.3743747503715706,-0.6898908370812065,-0.43006900561827976,-0.4822428221704121,-0.7089268788723055,-0.37635742136456934,-0.4849427713920723,4
-0.8762750972300065,-0.8595975512004642,-0.48674074084438107,-0.5330487493306738,-0.6106074387607932,-0.7534995386105954,1.0534566000565253,-0.27743547601154706,-0.3743747503715706,-0.6898908370812065,-0.43006900561827976,-0.4822428221704121,-0.7089268788723055,-0.37635742136456934,-0.4849427713920723,7
2.1858730447385875,-0.8595975512004642,2.054481813593895,-0.5330487493306738,-0.6106074387607932,0.9339149210948224,-0.9492560015726731,-0.27743547601154706,-0.3743747503715706,-0.6898908370812065,-0.43006900561827976,-0.4822428221704121,-0.7089268788723055,-0.37635742136456934,2.0620989918653887,5
0.6547989737542906,0.6983673369338488,-0.48674074084438107,1.87600102477617,-0.6106074387607932,-0.7534995386105954,1.0534566000565253,-0.27743547601154706,-0.3743747503715706,1.4495046842929602,-0.43006900561827976,2.073644135332772,-0.7089268788723055,-0.37635742136456934,2.0620989918653887,6
0.6547989737542906,-0.8595975512004642,-0.48674074084438107,-0.5330487493306738,-0.6106074387607932,0.9339149210948224,1.0534566000565253,-0.27743547601154706,-0.3743747503715706,-0.6898908370812065,-0.43006900561827976,-0.4822428221704121,-0.7089268788723055,-0.37635742136456934,-0.4849427713920723,5
0.6547989737542906,-0.8595975512004642,-0.48674074084438107,-0.5330487493306738,1.6377134252236851,-0.7534995386105954,1.0534566000565253,-0.27743547601154706,-0.3743747503715706,-0.6898908370812065,-0.43006900561827976,-0.4822428221704121,-0.7089268788723055,-0.37635742136456934,-0.4849427713920723,8
0.6547989737542906,0.6983673369338488,-0.48674074084438107,1.87600102477617,-0.6106074387607932,-0.7534995386105954,1.0534566000565253,-0.27743547601154706,-0.3743747503715706,-0.6898908370812065,-0.43006900561827976,-0.4822428221704121,1.4105827128331005,-0.37635742136456934,-0.4849427713920723,6
-0.8762750972300065,-0.8595975512004642,-0.48674074084438107,-0.5330487493306738,-0.6106074387607932,-0.7534995386105954,1.0534566000565253,-0.27743547601154706,-0.3743747503715706,-0.6898908370812065,2.325208250155974,-0.4822428221704121,-0.7089268788723055,-0.37635742136456934,2.0620989918653887,9
-0.8762750972300065,2.256332225068162,-0.48674074084438107,-0.5330487493306738,-0.6106074387607932,-0.7534995386105954,1.0534566000565253,-0.27743547601154706,-0.3743747503715706,1.4495046842929602,-0.43006900561827976,2.073644135332772,-0.7089268788723055,-0.37635742136456934,-0.4849427713920723,3
-0.8762750972300065,-0.8595975512004642,-0.48674074084438107,1.87600102477617,-0.6106074387607932,-0.7534995386105954,1.0534566000565253,-0.27743547601154706,2.6711203119534384,-0.6898908370812065,-0.43006900561827976,-0.4822428221704121,-0.7089268788723055,-0.37635742136456934,-0.4849427713920723,8
0.6547989737542906,-0.8595975512004642,-0.48674074084438107,1.87600102477617,1.6377134252236851,0.9339149210948224,-0.9492560015726731,-0.27743547601154706,-0.3743747503715706,-0.6898908370812065,-0.43006900561827976,-0.4822428221704121,1.4105827128331005,-0.37635742136456934,2.0620989918653887,6
-0.8762750972300065,-0.8595975512004642,-0.48674074084438107,-0.5330487493306738,1.6377134252236851,-0.7534995386105954,-0.9492560015726731,-0.27743547601154706,-0.3743747503715706,-0.6898908370812065,-0.43006900561827976,2.073644135332772,-0.7089268788723055,-0.37635742136456934,-0.4849427713920723,7
0.6547989737542906,0.6983673369338488,-0.48674074084438107,-0.5330487493306738,-0.6106074387607932,-0.7534995386105954,-0.9492560015726731,-0.27743547601154706,-0.3743747503715706,1.4495046842929602,2.325208250155974,-0.4822428221704121,-0.7089268788723055,2.657048707513918,-0.4849427713920723,7
-0.8762750972300065,0.6983673369338488,-0.48674074084438107,-0.5330487493306738,1.6377134252236851,0.9339149210948224,1.0534566000565253,-0.27743547601154706,2.6711203119534384,-0.6898908370812065,-0.43006900561827976,2.073644135332772,1.4105827128331005,-0.37635742136456934,-0.4849427713920723,6
0.6547989737542906,-0.8595975512004642,2.054481813593895,-0.5330487493306738,-0.6106074387607932,0.9339149210948224,1.0534566000565253,-0.27743547601154706,-0.3743747503715706,-0.6898908370812065,-0.43006900561827976,-0.4822428221704121,1.4105827128331005,-0.37635742136456934,2.0620989918653887,7
-0.8762750972300065,-0.8595975512004642,2.054481813593895,-0.5330487493306738,1.6377134252236851,-0.7534995386105954,1.0534566000565253,-0.27743547601154706,-0.3743747503715706,1.4495046842929602,-0.43006900561827976,-0.4822428221704121,-0.7089268788723055,-0.37635742136456934,-0.4849427713920723,8
0.6547989737542906,-0.8595975512004642,-0.48674074084438107,1.87600102477617,1.6377134252236851,-0.7534995386105954,1.0534566000565253,-0.27743547601154706,-0.3743747503715706,-0.6898908370812065,-0.43006900561827976,-0.4822428221704121,-0.7089268788723055,-0.37635742136456934,-0.4849427713920723,6
-0.8762750972300065,-0.8595975512004642,-0.48674074084438107,-0.5330487493306738,-0.6106074387607932,-0.7534995386105954,-0.9492560015726731,-0.27743547601154706,-0.3743747503715706,-0.6898908370812065,-0.43006900561827976,2.073644135332772,1.4105827128331005,-0.37635742136456934,-0.4849427713920723,5
-0.8762750972300065,0.6983673369338488,2.054481813593895,-0.5330487493306738,-0.6106074387607932,-0.7534995386105954,1.0534566000565253,-0.27743547601154706,-0.3743747503715706,1.4495046842929602,-0.43006900561827976,-0.4822428221704121,1.4105827128331005,-0.37635742136456934,2.0620989918653887,7
-0.8762750972300065,-0.8595975512004642,-0.48674074084438107,-0.5330487493306738,-0.6106074387607932,0.9339149210948224,1.0534566000565253,-0.27743547601154706,-0.3743747503715706,-0.6898908370812065,-0.43006900561827976,-0.4822428221704121,-0.7089268788723055,-0.37635742136456934,-0.4849427713920723,6
-0.8762750972300065,-0.8595975512004642,-0.48674074084438107,-0.5330487493306738,-0.6106074387607932,-0.7534995386105954,1.0534566000565253,-0.27743547601154706,2.6711203119534384,-0.6898908370812065,2.325208250155974,-0.4822428221704121,-0.7089268788723055,-0.37635742136456934,-0.4849427713920723,8
0.6547989737542906,-0.8595975512004642,-0.48674074084438107,-0.5330487493306738,-0.6106074387607932,0.9339149210948224,1.0534566000565253,-0.27743547601154706,-0.3743747503715706,-0.6898908370812065,-0.43006900561827976,2.073644135332772,-0.7089268788723055,-0.37635742136456934,-0.4849427713920723,5
0.6547989737542906,-0.8595975512004642,2.054481813593895,-0.5330487493306738,-0.6106074387607932,-0.7534995386105954,1.0534566000565253,-0.27743547601154706,-0.3743747503715706,-0.6898908370812065,-0.43006900561827976,-0.4822428221704121,1.4105827128331005,-0.37635742136456934,-0.4849427713920723,6
0.6547989737542906,0.6983673369338488,-0.48674074084438107,-0.5330487493306738,-0.6106074387607932,-0.7534995386105954,1.0534566000565253,3.60444170434202,-0.3743747503715706,-0.6898908370812065,-0.43006900561827976,2.073644135332772,1.4105827128331005,-0.37635742136456934,-0.4849427713920723,5
-0.8762750972300065,-0.8595975512004642,-0.48674074084438107,1.87600102477617,-0.6106074387607932,-0.7534995386105954,1.0534566000565253,-0.27743547601154706,2.6711203119534384,-0.6898908370812065,-0.43006900561827976,-0.4822428221704121,-0.7089268788723055,-0.37635742136456934,-0.4849427713920723,6
0.6547989737542906,2.256332225068162,-0.48674074084438107,-0.5330487493306738,-0.6106074387607932,2.62132938080024,-0.9492560015726731,-0.27743547601154706,-0.3743747503715706,1.4495046842929602,-0.43006900561827976,-0.4822428221704121,1.4105827128331005,-0.37635742136456934,-0.4849427713920723,3
-0.8762750972300065,-0.8595975512004642,-0.48674074084438107,1.87600102477617,-0.6106074387607932,-0.7534995386105954,1.0534566000565253,-0.27743547601154706,-0.3743747503715706,-0.6898908370812065,2.325208250155974,-0.4822428221704121,-0.7089268788723055,-0.37635742136456934,-0.4849427713920723,7
-0.8762750972300065,-0.8595975512004642,2.054481813593895,1.87600102477617,1.6377134252236851,-0.7534995386105954,1.0534566000565253,-0.27743547601154706,-0.3743747503715706,-0.6898908370812065,-0.43006900561827976,-0.4822428221704121,-0.7089268788723055,-0.37635742136456934,-0.4849427713920723,9
-0.8762750972300065,-0.8595975512004642,-0.48674074084438107,-0.5330487493306738,-0.6106074387607932,-0.7534995386105954,1.0534566000565253,-0.27743547601154706,-0.3743747503715706,-0.6898908370812065,-0.43006900561827976,-0.4822428221704121,-0.7089268788723055,2.657048707513918,-0.4849427713920723,6
0.6547989737542906,0.6983673369338488,-0.48674074084438107,-0.5330487493306738,-0.6106074387607932,-0.7534995386105954,1.0534566000565253,-0.27743547601154706,-0.3743747503715706,1.4495046842929602,-0.43006900561827976,-0.4822428221704121,1.4105827128331005,-0.37635742136456934,-0.4849427713920723,4
0.6547989737542906,-0.8595975512004642,-0.48674074084438107,-0.5330487493306738,-0.6106074387607932,-0.7534995386105954,-0.9492560015726731,-0.27743547601154706,-0.3743747503715706,1.4495046842929602,2.325208250155974,-0.4822428221704121,1.4105827128331005,-0.37635742136456934,-0.4849427713920723,5
0.6547989737542906,0.6983673369338488,2.054481813593895,-0.5330487493306738,1.6377134252236851,-0.7534995386105954,1.0534566000565253,-0.27743547601154706,-0.3743747503715706,-0.6898908370812065,-0.43006900561827976,-0.4822428221704121,-0.7089268788723055,-0.37635742136456934,-0.4849427713920723,7
0.6547989737542906,0.6983673369338488,-0.48674074084438107,-0.5330487493306738,1.6377134252236851,0.9339149210948224,-0.9492560015726731,-0.27743547601154706,-0.3743747503715706,-0.6898908370812065,2.325208250155974,-0.4822428221704121,-0.7089268788723055,-0.37635742136456934,2.0620989918653887,7
-0.8762750972300065,0.6983673369338488,-0.48674074084438107,-0.5330487493306738,1.6377134252236851,-0.7534995386105954,1.0534566000565253,-0.27743547601154706,-0.3743747503715706,-0.6898908370812065,-0.43006900561827976,-0.4822428221704121,-0.7089268788723055,-0.37635742136456934,-0.4849427713920723,7
-0.8762750972300065,2.256332225068162,-0.48674074084438107,-0.5330487493306738,-0.6106074387607932,2.62132938080024,-0.9492560015726731,-0.27743547601154706,-0.3743747503715706,1.4495046842929602,-0.43006900561827976,-0.4822428221704121,1.4105827128331005,-0.37635742136456934,2.0620989918653887,4
0.6547989737542906,0.6983673369338488,-0.48674074084438107,-0.5330487493306738,-0.6106074387607932,-0.7534995386105954,-0.9492560015726731,-0.27743547601154706,-0.3743747503715706,-0.6898908370812065,-0.43006900561827976,-0.4822428221704121,1.4105827128331005,-0.37635742136456934,-0.4849427713920723,6
-0.8762750972300065,0.6983673369338488,-0.48674074084438107,-0.5330487493306738,-0.6106074387607932,-0.7534995386105954,1.0534566000565253,-0.27743547601154706,-0.3743747503715706,-0.6898908370812065,2.325208250155974,-0.4822428221704121,-0.7089268788723055,-0.37635742136456934,-0.4849427713920723,6
0.6547989737542906,-0.8595975512004642,-0.48674074084438107,-0.5330487493306738,1.6377134252236851,0.9339149210948224,1.0534566000565253,-0.27743547601154706,-0.3743747503715706,-0.6898908370812065,-0.43006900561827976,-0.4822428221704121,-0.7089268788723055,-0.37635742136456934,-0.4849427713920723,5
-0.8762750972300065,2.256332225068162,-0.48674074084438107,-0.5330487493306738,-0.6106074387607932,0.9339149210948224,-0.9492560015726731,-0.27743547601154706,-0.3743747503715706,1.4495046842929602,2.325208250155974,-0.4822428221704121,-0.7089268788723055,-0.37635742136456934,-0.4849427713920723,4
-0.8762750972300065,-0.8595975512004642,2.054481813593895,-0.5330487493306738,-0.6106074387607932,-0.7534995386105954,1.0534566000565253,-0.27743547601154706,2.6711203119534384,-0.6898908370812065,-0.43006900561827976,-0.4822428221704121,-0.7089268788723055,-0.37635742136456934,-0.4849427713920723,8
-0.8762750972300065,-0.8595975512004642,2.054481813593895,-0.5330487493306738,-0.6106074387607932,-0.7534995386105954,-0.9492560015726731,-0.27743547601154706,-0.3743747503715706,-0.6898908370812065,2.325208250155974,-0.4822428221704121,-0.7089268788723055,-0.37635742136456934,-0.4849427713920723,7
0.6547989737542906,-0.8595975512004642,-0.48674074084438107,-0.5330487493306738,-0.6106074387607932,0.9339149210948224,-0.9492560015726731,-0.27743547601154706,-0.3743747503715706,-0.6898908370812065,-0.43006900561827976,-0.4822428221704121,-0.7089268788723055,-0.37635742136456934,-0.4849427713920723,5
0.6547989737542906,0.6983673369338488,-0.48674074084438107,1.87600102477617,1.6377134252236851,0.9339149210948224,1.0534566000565253,-0.27743547601154706,-0.3743747503715706,-0.6898908370812065,2.325208250155974,-0.4822428221704121,-0.7089268788723055,-0.37635742136456934,2.0620989918653887,8
-0.8762750972300065,-0.8595975512004642,-0.48674074084438107,-0.5330487493306738,1.6377134252236851,0.9339149210948224,-0.9492560015726731,-0.27743547601154706,-0.3743747503715706,-0.6898908370812065,-0.43006900561827976,-0.4822428221704121,-0.7089268788723055,-0.37635742136456934,-0.4849427713920723,6
-0.8762750972300065,-0.8595975512004642,-0.48674074084438107,-0.5330487493306738,1.6377134252236851,-0.7534995386105954,1.0534566000565253,-0.27743547601154706,-0.3743747503715706,-0.6898908370812065,-0.43006900561827976,2.073644135332772,1.4105827128331005,-0.37635742136456934,-0.4849427713920723,8
-0.8762750972300065,-0.8595975512004642,2.054481813593895,-0.5330487493306738,-0.6106074387607932,-0.7534995386105954,-0.9492560015726731,-0.27743547601154706,-0.3743747503715706,-0.6898908370812065,2.325208250155974,-0.4822428221704121,-0.7089268788723055,-0.37635742136456934,2.0620989918653887,8
0.6547989737542906,-0.8595975512004642,-0.48674074084438107,1.87600102477617,-0.6106074387607932,0.9339149210948224,1.0534566000565253,-0.27743547601154706,2.6711203119534384,-0.6898908370812065,-0.43006900561827976,-0.4822428221704121,1.4105827128331005,-0.37635742136456934,-0.4849427713920723,7
-0.8762750972300065,0.6983673369338488,-0.48674074084438107,-0.5330487493306738,-0.6106074387607932,0.9339149210948224,-0.9492560015726731,-0.27743547601154706,-0.3743747503715706,1.4495046842929602,-0.43006900561827976,-0.4822428221704121,-0.7089268788723055,-0.37635742136456934,-0.4849427713920723,6
0.6547989737542906,0.6983673369338488,2.054481813593895,-0.5330487493306738,-0.6106074387607932,0.9339149210948224,1.0534566000565253,-0.27743547601154706,-0.3743747503715706,1.4495046842929602,2.325208250155974,-0.4822428221704121,-0.7089268788723055,2.657048707513918,2.0620989918653887,4
-0.8762750972300065,-0.8595975512004642,-0.48674074084438107,1.87600102477617,-0.6106074387607932,0.9339149210948224,1.0534566000565253,-0.27743547601154706,-0.3743747503715706,-0.6898908370812065,-0.43006900561827976,-0.4822428221704121,-0.7089268788723055,-0.37635742136456934,-0.4849427713920723,7
0.6547989737542906,-0.8595975512004642,-0.48674074084438107,-0.5330487493306738,-0.6106074387607932,-0.7534995386105954,1.0534566000565253,-0.27743547601154706,-0.3743747503715706,-0.6898908370812065,-0.43006900561827976,-0.4822428221704121,-0.7089268788723055,-0.37635742136456934,-0.4849427713920723,6
0.6547989737542906,-0.8595975512004642,2.054481813593895,-0.5330487493306738,-0.6106074387607932,-0.7534995386105954,-0.9492560015726731,-0.27743547601154706,-0.3743747503715706,-0.6898908370812065,2.325208250155974,-0.4822428221704121,-0.7089268788723055,-0.37635742136456934,2.0620989918653887,7
-0.8762750972300065,-0.8595975512004642,2.054481813593895,1.87600102477617,1.6377134252236851,-0.7534995386105954,1.0534566000565253,-0.27743547601154706,2.6711203119534384,-0.6898908370812065,2.325208250155974,-0.4822428221704121,-0.7089268788723055,-0.37635742136456934,-0.4849427713920723,8
0.6547989737542906,2.256332225068162,-0.48674074084438107,-0.5330487493306738,-0.6106074387607932,0.9339149210948224,-0.9492560015726731,-0.27743547601154706,-0.3743747503715706,-0.6898908370812065,-0.43006900561827976,-0.4822428221704121,-0.7089268788723055,-0.37635742136456934,2.0620989918653887,8
0.6547989737542906,-0.8595975512004642,-0.48674074084438107,-0.5330487493306738,-0.6106074387607932,0.9339149210948224,1.0534566000565253,-0.27743547601154706,-0.3743747503715706,-0.6898908370812065,-0.43006900561827976,-0.4822428221704121,-0.7089268788723055,-0.37635742136456934,-0.4849427713920723,8
0.6547989737542906,0.6983673369338488,-0.48674074084438107,-0.5330487493306738,1.6377134252236851,-0.7534995386105954,-0.9492560015726731,-0.27743547601154706,-0.3743747503715706,1.4495046842929602,-0.43006900561827976,2.073644135332772,1.4105827128331005,2.657048707513918,-0.4849427713920723,3
0.6547989737542906,-0.8595975512004642,2.054481813593895,-0.5330487493306738,-0.6106074387607932,-0.7534995386105954,-0.9492560015726731,-0.27743547601154706,-0.3743747503715706,-0.6898908370812065,-0.43006900561827976,2.073644135332772,1.4105827128331005,-0.37635742136456934,-0.4849427713920723,3
0.6547989737542906,-0.8595975512004642,2.054481813593895,1.87600102477617,1.6377134252236851,-0.7534995386105954,-0.9492560015726731,-0.27743547601154706,-0.3743747503715706,1.4495046842929602,2.325208250155974,-0.4822428221704121,-0.7089268788723055,-0.37635742136456934,2.0620989918653887,7
-0.8762750972300065,-0.8595975512004642,-0.48674074084438107,-0.5330487493306738,-0.6106074387607932,0.9339149210948224,-0.9492560015726731,-0.27743547601154706,-0.3743747503715706,-0.6898908370812065,-0.43006900561827976,-0.4822428221704121,1.4105827128331005,-0.37635742136456934,2.0620989918653887,5
0.6547989737542906,2.256332225068162,2.054481813593895,-0.5330487493306738,-0.6106074387607932,2.62132938080024,-0.9492560015726731,-0.27743547601154706,-0.3743747503715706,1.4495046842929602,-0.43006900561827976,-0.4822428221704121,-0.7089268788723055,-0.37635742136456934,-0.4849427713920723,8
2.1858730447385875,-0.8595975512004642,-0.48674074084438107,-0.5330487493306738,-0.6106074387607932,-0.7534995386105954,-0.9492560015726731,-0.27743547601154706,-0.3743747503715706,-0.6898908370812065,-0.43006900561827976,-0.4822428221704121,-0.7089268788723055,2.657048707513918,-0.4849427713920723,5
-0.8762750972300065,-0.8595975512004642,2.054481813593895,1.87600102477617,1.6377134252236851,-0.7534995386105954,-0.9492560015726731,-0.27743547601154706,-0.3743747503715706,-0.6898908370812065,-0.43006900561827976,-0.4822428221704121,-0.7089268788723055,-0.37635742136456934,-0.4849427713920723,8
-0.8762750972300065,0.6983673369338488,-0.48674074084438107,-0.5330487493306738,-0.6106074387607932,-0.7534995386105954,-0.9492560015726731,-0.27743547601154706,-0.3743747503715706,-0.6898908370812065,2.325208250155974,-0.4822428221704121,-0.7089268788723055,-0.37635742136456934,2.0620989918653887,6
2.1858730447385875,-0.8595975512004642,-0.48674074084438107,-0.5330487493306738,1.6377134252236851,-0.7534995386105954,1.0534566000565253,-0.27743547601154706,-0.3743747503715706,-0.6898908370812065,-0.43006900561827976,-0.4822428221704121,1.4105827128331005,-0.37635742136456934,2.0620989918653887,4
-0.8762750972300065,0.6983673369338488,-0.48674074084438107,-0.5330487493306738,-0.6106074387607932,0.9339149210948224,-0.9492560015726731,-0.27743547601154706,-0.3743747503715706,-0.6898908370812065,-0.43006900561827976,-0.4822428221704121,-0.7089268788723055,-0.37635742136456934,-0.4849427713920723,7
0.6547989737542906,2.256332225068162,-0.48674074084438107,-0.5330487493306738,-0.6106074387607932,0.9339149210948224,1.0534566000565253,-0.27743547601154706,-0.3743747503715706,1.4495046842929602,-0.43006900561827976,-0.4822428221704121,-0.7089268788723055,-0.37635742136456934,-0.4849427713920723,3
-0.8762750972300065,-0.8595975512004642,2.054481813593895,1.87600102477617,1.6377134252236851,-0.7534995386105954,1.0534566000565253,-0.27743547601154706,-0.3743747503715706,-0.6898908370812065,-0.43006900561827976,-0.4822428221704121,-0.7089268788723055,-0.37635742136456934,-0.4849427713920723,9
0.6547989737542906,0.6983673369338488,-0.48674074084438107,-0.5330487493306738,-0.6106074387607932,-0.7534995386105954,-0.9492560015726731,-0.27743547601154706,-0.3743747503715706,1.4495046842929602,-0.43006900561827976,-0.4822428221704121,-0.7089268788723055,-0.37635742136456934,-0.4849427713920723,4
0.6547989737542906,0.6983673369338488,-0.48674074084438107,1.87600102477617,-0.6106074387607932,-0.7534995386105954,1.0534566000565253,3.60444170434202,-0.3743747503715706,1.4495046842929602,-0.43006900561827976,2.073644135332772,-0.7089268788723055,2.657048707513918,-0.4849427713920723,6
0.6547989737542906,2.256332225068162,-0.48674074084438107,-0.5330487493306738,-0.6106074387607932,2.62132938080024,-0.9492560015726731,3.60444170434202,-0.3743747503715706,1.4495046842929602,-0.43006900561827976,-0.4822428221704121,-0.7089268788723055,-0.37635742136456934,-0.4849427713920723,2
0.6547989737542906,-0.8595975512004642,2.054481813593895,-0.5330487493306738,-0.6106074387607932,0.9339149210948224,1.0534566000565253,-0.27743547601154706,2.6711203119534384,-0.6898908370812065,2.325208250155974,-0.4822428221704121,-0.7089268788723055,-0.37635742136456934,2.0620989918653887,5
0.6547989737542906,0.6983673369338488,-0.48674074084438107,-0.5330487493306738,-0.6106074387607932,-0.7534995386105954,1.0534566000565253,-0.27743547601154706,-0.3743747503715706,-0.6898908370812065,-0.43006900561827976,-0.4822428221704121,-0.7089268788723055,-0.37635742136456934,2.0620989918653887,7
0.6547989737542906,-0.8595975512004642,-0.48674074084438107,-0.5330487493306738,1.6377134252236851,-0.7534995386105954,1.0534566000565253,-0.27743547601154706,-0.3743747503715706,-0.6898908370812065,-0.43006900561827976,-0.4822428221704121,1.4105827128331005,-0.37635742136456934,-0.4849427713920723,6
0.6547989737542906,-0.8595975512004642,2.054481813593895,1.87600102477617,1.6377134252236851,0.9339149210948224,1.0534566000565253,-0.27743547601154706,-0.3743747503715706,-0.6898908370812065,-0.43006900561827976,-0.4822428221704121,-0.7089268788723055,-0.37635742136456934,2.0620989918653887,7
2.1858730447385875,0.6983673369338488,-0.48674074084438107,-0.5330487493306738,-0.6106074387607932,0.9339149210948224,-0.9492560015726731,-0.27743547601154706,-0.3743747503715706,-0.6898908370812065,-0.43006900561827976,-0.4822428221704121,1.4105827128331005,-0.37635742136456934,-0.4849427713920723,3
-0.8762750972300065,-0.8595975512004642,-0.48674074084438107,-0.5330487493306738,-0.6106074387607932,-0.7534995386105954,1.0534566000565253,-0.27743547601154706,-0.3743747503715706,-0.6898908370812065,-0.43006900561827976,-0.4822428221704121,1.4105827128331005,-0.37635742136456934,2.0620989918653887,7
-0.8762750972300065,0.6983673369338488,2.054481813593895,-0.5330487493306738,1.6377134252236851,-0.7534995386105954,1.0534566000565253,-0.27743547601154706,-0.3743747503715706,-0.6898908370812065,2.325208250155974,-0.4822428221704121,1.4105827128331005,-0.37635742136456934,-0.4849427713920723,8
-0.8762750972300065,-0.8595975512004642,-0.48674074084438107,1.87600102477617,1.6377134252236851,0.9339149210948224,1.0534566000565253,-0.27743547601154706,-0.3743747503715706,-0.6898908370812065,-0.43006900561827976,2.073644135332772,-0.7089268788723055,-0.37635742136456934,-0.4849427713920723,7
2.1858730447385875,2.256332225068162,-0.48674074084438107,-0.5330487493306738,-0.6106074387607932,0.9339149210948224,-0.9492560015726731,-0.27743547601154706,-0.3743747503715706,-0.6898908370812065,-0.43006900561827976,-0.4822428221704121,-0.7089268788723055,-0.37635742136456934,-0.4849427713920723,5
0.6547989737542906,-0.8595975512004642,-0.48674074084438107,-0.5330487493306738,-0.6106074387607932,-0.7534995386105954,1.0534566000565253,-0.27743547601154706,2.6711203119534384,1.4495046842929602,-0.43006900561827976,-0.4822428221704121,-0.7089268788723055,-0.37635742136456934,-0.4849427713920723,7
0.6547989737542906,-0.8595975512004642,-0.48674074084438107,1.87600102477617,-0.6106074387607932,-0.7534995386105954,-0.9492560015726731,-0.27743547601154706,2.6711203119534384,-0.6898908370812065,-0.43006900561827976,-0.4822428221704121,-0.7089268788723055,-0.37635742136456934,-0.4849427713920723,6
0.6547989737542906,0.6983673369338488,-0.48674074084438107,-0.5330487493306738,-0.6106074387607932,0.9339149210948224,-0.9492560015726731,-0.27743547601154706,-0.3743747503715706,1.4495046842929602,2.325208250155974,2.073644135332772,1.4105827128331005,-0.37635742136456934,-0.4849427713920723,7
0.6547989737542906,0.6983673369338488,-0.48674074084438107,-0.5330487493306738,-0.6106074387607932,-0.7534995386105954,-0.9492560015726731,-0.27743547601154706,-0.3743747503715706,-0.6898908370812065,-0.43006900561827976,-0.4822428221704121,1.4105827128331005,2.657048707513918,-0.4849427713920723,4
-0.8762750972300065,-0.8595975512004642,2.054481813593895,1.87600102477617,1.6377134252236851,-0.7534995386105954,-0.9492560015726731,-0.27743547601154706,2.6711203119534384,-0.6898908370812065,-0.43006900561827976,-0.4822428221704121,-0.7089268788723055,-0.37635742136456934,-0.4849427713920723,9
-0.8762750972300065,-0.8595975512004642,-0.48674074084438107,-0.5330487493306738,-0.6106074387607932,-0.7534995386105954,-0.9492560015726731,-0.27743547601154706,-0.3743747503715706,1.4495046842929602,-0.43006900561827976,-0.4822428221704121,-0.7089268788723055,2.657048707513918,-0.4849427713920723,6
0.6547989737542906,0.6983673369338488,-0.48674074084438107,-0.5330487493306738,-0.6106074387607932,0.9339149210948224,1.0534566000565253,-0.27743547601154706,-0.3743747503715706,-0.6898908370812065,-0.43006900561827976,2.073644135332772,1.4105827128331005,-0.37635742136456934,-0.4849427713920723,3
0.6547989737542906,2.256332225068162,2.054481813593895,-0.5330487493306738,-0.6106074387607932,2.62132938080024,-0.9492560015726731,-0.27743547601154706,-0.3743747503715706,-0.6898908370812065,-0.43006900561827976,2.073644135332772,1.4105827128331005,2.657048707513918,-0.4849427713920723,4
-0.8762750972300065,-0.8595975512004642,-0.48674074084438107,-0.5330487493306738,-0.6106074387607932,-0.7534995386105954,-0.9492560015726731,-0.27743547601154706,-0.3743747503715706,-0.6898908370812065,-0.43006900561827976,2.073644135332772,-0.7089268788723055,-0.37635742136456934,-0.4849427713920723,5
-0.8762750972300065,0.6983673369338488,-0.48674074084438107,-0.5330487493306738,-0.6106074387607932,-0.7534995386105954,-0.9492560015726731,-0.27743547601154706,2.6711203119534384,1.4495046842929602,2.325208250155974,-0.4822428221704121,-0.7089268788723055,-0.37635742136456934,-0.4849427713920723,7
-0.8762750972300065,0.6983673369338488,-0.48674074084438107,-0.5330487493306738,-0.6106074387607932,0.9339149210948224,-0.9492560015726731,-0.27743547601154706,-0.3743747503715706,1.4495046842929602,-0.43006900561827976,-0.4822428221704121,-0.7089268788723055,-0.37635742136456934,-0.4849427713920723,7
-0.8762750972300065,0.6983673369338488,-0.48674074084438107,1.87600102477617,-0.6106074387607932,-0.7534995386105954,-0.9492560015726731,-0.27743547601154706,-0.3743747503715706,-0.6898908370812065,-0.43006900561827976,-0.4822428221704121,-0.7089268788723055,-0.37635742136456934,-0.4849427713920723,7
0.6547989737542906,-0.8595975512004642,2.054481813593895,-0.5330487493306738,-0.6106074387607932,-0.7534995386105954,-0.9492560015726731,-0.27743547601154706,-0.3743747503715706,-0.6898908370812065,-0.43006900561827976,-0.4822428221704121,-0.7089268788723055,-0.37635742136456934,2.0620989918653887,7
-0.8762750972300065,-0.8595975512004642,-0.48674074084438107,1.87600102477617,-0.6106074387607932,2.62132938080024,1.0534566000565253,3.60444170434202,-0.3743747503715706,-0.6898908370812065,-0.43006900561827976,2.073644135332772,1.4105827128331005,-0.37635742136456934,-0.4849427713920723,5
0.6547989737542906,-0.8595975512004642,-0.48674074084438107,-0.5330487493306738,-0.6106074387607932,-0.7534995386105954,-0.9492560015726731,-0.27743547601154706,-0.3743747503715706,1.4495046842929602,-0.43006900561827976,-0.4822428221704121,1.4105827128331005,2.657048707513918,-0.4849427713920723,2
-0.8762750972300065,-0.8595975512004642,-0.48674074084438107,1.87600102477617,1.6377134252236851,-0.7534995386105954,1.0534566000565253,-0.27743547601154706,2.6711203119534384,-0.6898908370812065,-0.43006900561827976,-0.4822428221704121,-0.7089268788723055,-0.37635742136456934,-0.4849427713920723,8
0.6547989737542906,0.6983673369338488,2.054481813593895,-0.5330487493306738,-0.6106074387607932,-0.7534995386105954,-0.9492560015726731,-0.27743547601154706,-0.3743747503715706,1.4495046842929602,2.325208250155974,-0.4822428221704121,-0.7089268788723055,-0.37635742136456934,-0.4849427713920723,8
-0.8762750972300065,-0.8595975512004642,-0.48674074084438107,1.87600102477617,1.6377134252236851,-0.7534995386105954,1.0534566000565253,-0.27743547601154706,-0.3743747503715706,-0.6898908370812065,-0.43006900561827976,-0.4822428221704121,-0.7089268788723055,-0.37635742136456934,-0.4849427713920723,8
-0.8762750972300065,2.256332225068162,2.054481813593895,-0.5330487493306738,-0.6106074387607932,-0.7534995386105954,-0.9492560015726731,-0.27743547601154706,-0.3743747503715706,1.4495046842929602,-0.43006900561827976,-0.4822428221704121,-0.7089268788723055,2.657048707513918,2.0620989918653887,3
-0.8762750972300065,-0.8595975512004642,-0.48674074084438107,-0.5330487493306738,1.6377134252236851,-0.7534995386105954,1.0534566000565253,-0.27743547601154706,-0.3743747503715706,-0.6898908370812065,-0.43006900561827976,-0.4822428221704121,-0.7089268788723055,-0.37635742136456934,-0.4849427713920723,8
0.6547989737542906,-0.8595975512004642,-0.48674074084438107,1.87600102477617,1.6377134252236851,-0.7534995386105954,1.0534566000565253,-0.27743547601154706,2.6711203119534384,-0.6898908370812065,-0.43006900561827976,-0.4822428221704121,-0.7089268788723055,-0.37635742136456934,-0.4849427713920723,7
-0.8762750972300065,-0.8595975512004642,2.054481813593895,-0.5330487493306738,1.6377134252236851,-0.7534995386105954,1.0534566000565253,-0.27743547601154706,2.6711203119534384,-0.6898908370812065,-0.43006900561827976,2.073644135332772,-0.7089268788723055,-0.37635742136456934,-0.4849427713920723,9
0.6547989737542906,0.6983673369338488,-0.48674074084438107,-0.5330487493306738,-0.6106074387607932,0.9339149210948224,-0.9492560015726731,-0.27743547601154706,-0.3743747503715706,1.4495046842929602,-0.43006900561827976,2.073644135332772,-0.7089268788723055,-0.37635742136456934,-0.4849427713920723,4
-0.8762750972300065,-0.8595975512004642,-0.48674074084438107,1.87600102477617,1.6377134252236851,-0.7534995386105954,1.0534566000565253,-0.27743547601154706,-0.3743747503715706,-0.6898908370812065,-0.43006900561827976,-0.4822428221704121,-0.7089268788723055,-0.37635742136456934,-0.4849427713920723,9
0.6547989737542906,0.6983673369338488,-0.48674074084438107,1.87600102477617,-0.6106074387607932,-0.7534995386105954,1.0534566000565253,-0.27743547601154706,-0.3743747503715706,-0.6898908370812065,-0.43006900561827976,-0.4822428221704121,-0.7089268788723055,-0.37635742136456934,-0.4849427713920723,6
0.6547989737542906,0.6983673369338488,-0.48674074084438107,-0.5330487493306738,-0.6106074387607932,0.9339149210948224,-0.9492560015726731,-0.27743547601154706,-0.3743747503715706,-0.6898908370812065,-0.43006900561827976,-0.4822428221704121,1.4105827128331005,-0.37635742136456934,-0.4849427713920723,5
-0.8762750972300065,-0.8595975512004642,2.054481813593895,1.87600102477617,-0.6106074387607932,-0.7534995386105954,1.0534566000565253,-0.27743547601154706,-0.3743747503715706,-0.6898908370812065,-0.43006900561827976,-0.4822428221704121,-0.7089268788723055,-0.37635742136456934,-0.4849427713920723,8
-0.8762750972300065,-0.8595975512004642,-0.48674074084438107,-0.5330487493306738,1.6377134252236851,-0.7534995386105954,-0.9492560015726731,-0.27743547601154706,-0.3743747503715706,1.4495046842929602,-0.43006900561827976,-0.4822428221704121,-0.7089268788723055,-0.37635742136456934,-0.4849427713920723,4
0.6547989737542906,0.6983673369338488,-0.48674074084438107,-0.5330487493306738,1.6377134252236851,0.9339149210948224,-0.9492560015726731,-0.27743547601154706,-0.3743747503715706,-0.6898908370812065,-0.43006900561827976,-0.4822428221704121,1.4105827128331005,-0.37635742136456934,-0.4849427713920723,6
-0.8762750972300065,-0.8595975512004642,-0.48674074084438107,1.87600102477617,1.6377134252236851,-0.7534995386105954,-0.9492560015726731,-0.27743547601154706,-0.3743747503715706,-0.6898908370812065,-0.43006900561827976,-0.4822428221704121,-0.7089268788723055,-0.37635742136456934,2.0620989918653887,9
-0.8762750972300065,0.6983673369338488,-0.48674074084438107,-0.5330487493306738,-0.6106074387607932,0.9339149210948224,1.0534566000565253,-0.27743547601154706,-0.3743747503715706,1.4495046842929602,2.325208250155974,-0.4822428221704121,-0.7089268788723055,-0.37635742136456934,-0.4849427713920723,7
2.1858730447385875,-0.8595975512004642,-0.48674074084438107,-0.5330487493306738,-0.6106074387607932,-0.7534995386105954,1.0534566000565253,-0.27743547601154706,-0.3743747503715706,-0.6898908370812065,-0.43006900561827976,2.073644135332772,1.4105827128331005,-0.37635742136456934,-0.4849427713920723,5
-0.8762750972300065,-0.8595975512004642,2.054481813593895,-0.5330487493306738,-0.6106074387607932,0.9339149210948224,-0.9492560015726731,-0.27743547601154706,-0.3743747503715706,-0.6898908370812065,2.325208250155974,-0.4822428221704121,-0.7089268788723055,-0.37635742136456934,2.0620989918653887,9
2.1858730447385875,-0.8595975512004642,-0.48674074084438107,1.87600102477617,-0.6106074387607932,2.62132938080024,-0.9492560015726731,-0.27743547601154706,-0.3743747503715706,-0.6898908370812065,-0.43006900561827976,2.073644135332772,1.4105827128331005,2.657048707513918,-0.4849427713920723,4
-0.8762750972300065,0.6983673369338488,-0.48674074084438107,1.87600102477617,1.6377134252236851,-0.7534995386105954,1.0534566000565253,-0.27743547601154706,-0.3743747503715706,-0.6898908370812065,-0.43006900561827976,-0.4822428221704121,1.4105827128331005,-0.37635742136456934,-0.4849427713920723,7
0.6547989737542906,-0.8595975512004642,-0.48674074084438107,-0.5330487493306738,-0.6106074387607932,-0.7534995386105954,1.0534566000565253,-0.27743547601154706,-0.3743747503715706,-0.6898908370812065,2.325208250155974,2.073644135332772,-0.7089268788723055,-0.37635742136456934,-0.4849427713920723,3
0.6547989737542906,0.6983673369338488,-0.48674074084438107,-0.5330487493306738,-0.6106074387607932,-0.7534995386105954,-0.9492560015726731,-0.27743547601154706,-0.3743747503715706,-0.6898908370812065,-0.43006900561827976,-0.4822428221704121,1.4105827128331005,-0.37635742136456934,-0.4849427713920723,6
-0.8762750972300065,-0.8595975512004642,-0.48674074084438107,1.87600102477617,-0.6106074387607932,-0.7534995386105954,-0.9492560015726731,-0.27743547601154706,-0.3743747503715706,-0.6898908370812065,-0.43006900561827976,-0.4822428221704121,-0.7089268788723055,-0.37635742136456934,-0.4849427713920723,6
0.6547989737542906,-0.8595975512004642,-0.48674074084438107,-0.5330487493306738,1.6377134252236851,0.9339149210948224,1.0534566000565253,-0.27743547601154706,-0.3743747503715706,-0.6898908370812065,-0.43006900561827976,2.073644135332772,1.4105827128331005,-0.37635742136456934,-0.4849427713920723,6
-0.8762750972300065,-0.8595975512004642,-0.48674074084438107,-0.5330487493306738,-0.6106074387607932,-0.7534995386105954,1.0534566000565253,-0.27743547601154706,-0.3743747503715706,-0.6898908370812065,-0.43006900561827976,-0.4822428221704121,-0.7089268788723055,2.657048707513918,-0.4849427713920723,7
-0.8762750972300065,0.6983673369338488,-0.48674074084438107,1.87600102477617,1.6377134252236851,-0.7534995386105954,1.0534566000565253,-0.27743547601154706,-0.3743747503715706,1.4495046842929602,-0.43006900561827976,-0.4822428221704121,-0.7089268788723055,-0.37635742136456934,-0.4849427713920723,8
-0.8762750972300065,-0.8595975512004642,-0.48674074084438107,-0.5330487493306738,1.6377134252236851,-0.7534995386105954,-0.9492560015726731,-0.27743547601154706,-0.3743747503715706,-0.6898908370812065,-0.43006900561827976,-0.4822428221704121,-0.7089268788723055,-0.37635742136456934,-0.4849427713920723,7
2.1858730447385875,-0.8595975512004642,2.054481813593895,-0.5330487493306738,-0.6106074387607932,-0.7534995386105954,-0.9492560015726731,-0.27743547601154706,-0.3743747503715706,-0.6898908370812065,-0.43006900561827976,-0.4822428221704121,-0.7089268788723055,-0.37635742136456934,2.0620989918653887,5
0.6547989737542906,-0.8595975512004642,2.054481813593895,-0.5330487493306738,-0.6106074387607932,0.9339149210948224,-0.9492560015726731,-0.27743547601154706,2.6711203119534384,-0.6898908370812065,-0.43006900561827976,-0.4822428221704121,-0.7089268788723055,-0.37635742136456934,-0.4849427713920723,7
0.6547989737542906,-0.8595975512004642,-0.48674074084438107,-0.5330487493306738,-0.6106074387607932,-0.7534995386105954,-0.9492560015726731,-0.27743547601154706,-0.3743747503715706,-0.6898908370812065,-0.43006900561827976,-0.4822428221704121,-0.7089268788723055,-0.37635742136456934,2.0620989918653887,5
0.6547989737542906,-0.8595975512004642,2.054481813593895,-0.5330487493306738,-0.6106074387607932,-0.7534995386105954,1.0534566000565253,-0.27743547601154706,-0.3743747503715706,-0.6898908370812065,2.325208250155974,-0.4822428221704121,1.4105827128331005,-0.37635742136456934,-0.4849427713920723,6
2.1858730447385875,2.256332225068162,-0.48674074084438107,-0.5330487493306738,-0.6106074387607932,2.62132938080024,-0.9492560015726731,-0.27743547601154706,-0.3743747503715706,1.4495046842929602,-0.43006900561827976,-0.4822428221704121,-0.7089268788723055,-0.37635742136456934,-0.4849427713920723,2
0.6547989737542906,0.6983673369338488,-0.48674074084438107,-0.5330487493306738,-0.6106074387607932,-0.7534995386105954,1.0534566000565253,-0.27743547601154706,-0.3743747503715706,-0.6898908370812065,-0.43006900561827976,-0.4822428221704121,1.4105827128331005,2.657048707513918,-0.4849427713920723,4
-0.8762750972300065,-0.8595975512004642,-0.48674074084438107,-0.5330487493306738,-0.6106074387607932,0.9339149210948224,-0.9492560015726731,-0.27743547601154706,-0.3743747503715706,-0.6898908370812065,-0.43006900561827976,-0.4822428221704121,1.4105827128331005,-0.37635742136456934,-0.4849427713920723,7
-0.8762750972300065,0.6983673369338488,-0.48674074084438107,-0.5330487493306738,-0.6106074387607932,0.9339149210948224,-0.9492560015726731,-0.27743547601154706,-0.3743747503715706,1.4495046842929602,-0.43006900561827976,-0.4822428221704121,-0.7089268788723055,-0.37635742136456934,-0.4849427713920723,4
0.6547989737542906,0.6983673369338488,-0.48674074084438107,-0.5330487493306738,-0.6106074387607932,-0.7534995386105954,-0.9492560015726731,-0.27743547601154706,-0.3743747503715706,-0.6898908370812065,-0.43006900561827976,-0.4822428221704121,-0.7089268788723055,-0.37635742136456934,-0.4849427713920723,4
2.1858730447385875,0.6983673369338488,-0.48674074084438107,1.87600102477617,-0.6106074387607932,2.62132938080024,1.0534566000565253,-0.27743547601154706,-0.3743747503715706,-0.6898908370812065,-0.43006900561827976,2.073644135332772,1.4105827128331005,2.657048707513918,-0.4849427713920723,4
0.6547989737542906,-0.8595975512004642,-0.48674074084438107,1.87600102477617,1.6377134252236851,0.9339149210948224,1.0534566000565253,-0.27743547601154706,-0.3743747503715706,-0.6898908370812065,-0.43006900561827976,2.073644135332772,-0.7089268788723055,-0.37635742136456934,-0.4849427713920723,4
-0.8762750972300065,0.6983673369338488,-0.48674074084438107,1.87600102477617,-0.6106074387607932,0.9339149210948224,-0.9492560015726731,-0.27743547601154706,-0.3743747503715706,-0.6898908370812065,-0.43006900561827976,2.073644135332772,1.4105827128331005,-0.37635742136456934,-0.4849427713920723,4
-0.8762750972300065,0.6983673369338488,-0.48674074084438107,-0.5330487493306738,1.6377134252236851,0.9339149210948224,1.0534566000565253,-0.27743547601154706,-0.3743747503715706,-0.6898908370812065,-0.43006900561827976,-0.4822428221704121,1.4105827128331005,-0.37635742136456934,-0.4849427713920723,6
0.6547989737542906,0.6983673369338488,-0.48674074084438107,-0.5330487493306738,-0.6106074387607932,2.62132938080024,1.0534566000565253,-0.27743547601154706,-0.3743747503715706,1.4495046842929602,-0.43006900561827976,-0.4822428221704121,-0.7089268788723055,-0.37635742136456934,-0.4849427713920723,4
0.6547989737542906,-0.8595975512004642,2.054481813593895,-0.5330487493306738,1.6377134252236851,0.9339149210948224,-0.9492560015726731,-0.27743547601154706,2.6711203119534384,1.4495046842929602,-0.43006900561827976,-0.4822428221704121,-0.7089268788723055,-0.37635742136456934,2.0620989918653887,6
-0.8762750972300065,0.6983673369338488,-0.48674074084438107,1.87600102477617,-0.6106074387607932,-0.7534995386105954,-0.9492560015726731,-0.27743547601154706,2.6711203119534384,-0.6898908370812065,-0.43006900561827976,-0.4822428221704121,-0.7089268788723055,-0.37635742136456934,-0.4849427713920723,8
-0.8762750972300065,-0.8595975512004642,-0.48674074084438107,-0.5330487493306738,-0.6106074387607932,0.9339149210948224,-0.9492560015726731,-0.27743547601154706,-0.3743747503715706,1.4495046842929602,-0.43006900561827976,-0.4822428221704121,-0.7089268788723055,2.657048707513918,2.0620989918653887,5
0.6547989737542906,-0.8595975512004642,-0.48674074084438107,-0.5330487493306738,-0.6106074387607932,2.62132938080024,1.0534566000565253,3.60444170434202,-0.3743747503715706,-0.6898908370812065,-0.43006900561827976,2.073644135332772,1.4105827128331005,-0.37635742136456934,-0.4849427713920723,4
-0.8762750972300065,0.6983673369338488,-0.48674074084438107,-0.5330487493306738,-0.6106074387607932,-0.7534995386105954,-0.9492560015726731,-0.27743547601154706,-0.3743747503715706,-0.6898908370812065,-0.43006900561827976,-0.4822428221704121,1.4105827128331005,2.657048707513918,-0.4849427713920723,7
0.6547989737542906,-0.8595975512004642,-0.48674074084438107,1.87600102477617,-0.6106074387607932,0.9339149210948224,1.0534566000565253,-0.27743547601154706,-0.3743747503715706,-0.6898908370812065,2.325208250155974,-0.4822428221704121,1.4105827128331005,-0.37635742136456934,-0.4849427713920723,3
0.6547989737542906,-0.8595975512004642,-0.48674074084438107,-0.5330487493306738,1.6377134252236851,-0.7534995386105954,-0.9492560015726731,-0.27743547601154706,-0.3743747503715706,-0.6898908370812065,-0.43006900561827976,2.073644135332772,1.4105827128331005,-0.37635742136456934,-0.4849427713920723,3
-0.8762750972300065,0.6983673369338488,-0.48674074084438107,1.87600102477617,-0.6106074387607932,-0.7534995386105954,-0.9492560015726731,-0.27743547601154706,-0.3743747503715706,1.4495046842929602,-0.43006900561827976,-0.4822428221704121,1.4105827128331005,-0.37635742136456934,-0.4849427713920723,3
-0.8762750972300065,-0.8595975512004642,-0.48674074084438107,-0.5330487493306738,-0.6106074387607932,-0.7534995386105954,-0.9492560015726731,-0.27743547601154706,-0.3743747503715706,-0.6898908370812065,-0.43006900561827976,-0.4822428221704121,1.4105827128331005,-0.37635742136456934,-0.4849427713920723,6
0.6547989737542906,-0.8595975512004642,-0.48674074084438107,-0.5330487493306738,-0.6106074387607932,0.9339149210948224,1.0534566000565253,-0.27743547601154706,-0.3743747503715706,1.4495046842929602,-0.43006900561827976,-0.4822428221704121,1.4105827128331005,-0.37635742136456934,-0.4849427713920723,4
0.6547989737542906,0.6983673369338488,-0.48674074084438107,-0.5330487493306738,-0.6106074387607932,-0.7534995386105954,-0.9492560015726731,-0.27743547601154706,-0.3743747503715706,1.4495046842929602,-0.43006900561827976,-0.4822428221704121,1.4105827128331005,-0.37635742136456934,-0.4849427713920723,5
-0.8762750972300065,-0.8595975512004642,-0.48674074084438107,-0.5330487493306738,1.6377134252236851,-0.7534995386105954,1.0534566000565253,-0.27743547601154706,-0.3743747503715706,-0.6898908370812065,-0.43006900561827976,-0.4822428221704121,-0.7089268788723055,-0.37635742136456934,-0.4849427713920723,8
0.6547989737542906,-0.8595975512004642,-0.48674074084438107,-0.5330487493306738,-0.6106074387607932,-0.7534995386105954,1.0534566000565253,-0.27743547601154706,-0.3743747503715706,-0.6898908370812065,-0.43006900561827976,-0.4822428221704121,-0.7089268788723055,-0.37635742136456934,-0.4849427713920723,7
0.6547989737542906,0.6983673369338488,-0.48674074084438107,1.87600102477617,-0.6106074387607932,-0.7534995386105954,1.0534566000565253,-0.27743547601154706,-0.3743747503715706,1.4495046842929602,-0.43006900561827976,-0.4822428221704121,1.4105827128331005,-0.37635742136456934,2.0620989918653887,7
2.1858730447385875,0.6983673369338488,-0.48674074084438107,-0.5330487493306738,-0.6106074387607932,0.9339149210948224,1.0534566000565253,-0.27743547601154706,-0.3743747503715706,-0.6898908370812065,-0.43006900561827976,2.073644135332772,1.4105827128331005,-0.37635742136456934,-0.4849427713920723,5
-0.8762750972300065,0.6983673369338488,-0.48674074084438107,-0.5330487493306738,1.6377134252236851,-0.7534995386105954,1.0534566000565253,-0.27743547601154706,-0.3743747503715706,-0.6898908370812065,-0.43006900561827976,-0.4822428221704121,1.4105827128331005,-0.37635742136456934,-0.4849427713920723,6
-0.8762750972300065,-0.8595975512004642,-0.48674074084438107,-0.5330487493306738,-0.6106074387607932,0.9339149210948224,1.0534566000565253,-0.27743547601154706,-0.3743747503715706,1.4495046842929602,-0.43006900561827976,-0.4822428221704121,-0.7089268788723055,-0.37635742136456934,-0.4849427713920723,7
-0.8762750972300065,-0.8595975512004642,-0.48674074084438107,1.87600102477617,-0.6106074387607932,0.9339149210948224,1.0534566000565253,-0.27743547601154706,2.6711203119534384,-0.6898908370812065,-0.43006900561827976,-0.4822428221704121,1.4105827128331005,-0.37635742136456934,2.0620989918653887,7
2.1858730447385875,0.6983673369338488,-0.48674074084438107,-0.5330487493306738,-0.6106074387607932,2.62132938080024,1.0534566000565253,-0.27743547601154706,-0.3743747503715706,-0.6898908370812065,-0.43006900561827976,-0.4822428221704121,1.4105827128331005,-0.37635742136456934,-0.4849427713920723,5
-0.8762750972300065,-0.8595975512004642,-0.48674074084438107,-0.5330487493306738,-0.6106074387607932,-0.7534995386105954,-0.9492560015726731,-0.27743547601154706,-0.3743747503715706,-0.6898908370812065,-0.43006900561827976,-0.4822428221704121,1.4105827128331005,-0.37635742136456934,-0.4849427713920723,4
-0.8762750972300065,-0.8595975512004642,-0.48674074084438107,1.87600102477617,1.6377134252236851,-0.7534995386105954,-0.9492560015726731,-0.27743547601154706,-0.3743747503715706,-0.6898908370812065,-0.43006900561827976,-0.4822428221704121,-0.7089268788723055,-0.37635742136456934,-0.4849427713920723,6
0.6547989737542906,-0.8595975512004642,2.054481813593895,-0.5330487493306738,-0.6106074387607932,-0.7534995386105954,-0.9492560015726731,-0.27743547601154706,-0.3743747503715706,-0.6898908370812065,-0.43006900561827976,-0.4822428221704121,1.4105827128331005,-0.37635742136456934,2.0620989918653887,6
-0.8762750972300065,-0.8595975512004642,-0.48674074084438107,-0.5330487493306738,-0.6106074387607932,0.9339149210948224,-0.9492560015726731,-0.27743547601154706,-0.3743747503715706,-0.6898908370812065,-0.43006900561827976,-0.4822428221704121,-0.7089268788723055,2.657048707513918,2.0620989918653887,8
-0.8762750972300065,-0.8595975512004642,2.054481813593895,-0.5330487493306738,-0.6106074387607932,-0.7534995386105954,1.0534566000565253,-0.27743547601154706,-0.3743747503715706,-0.6898908370812065,2.325208250155974,-0.4822428221704121,-0.7089268788723055,-0.37635742136456934,2.0620989918653887,8
0.6547989737542906,0.6983673369338488,-0.48674074084438107,-0.5330487493306738,-0.6106074387607932,0.9339149210948224,-0.9492560015726731,3.60444170434202,-0.3743747503715706,-0.6898908370812065,-0.43006900561827976,-0.4822428221704121,-0.7089268788723055,-0.37635742136456934,-0.4849427713920723,4
-0.8762750972300065,-0.8595975512004642,2.054481813593895,-0.5330487493306738,-0.6106074387607932,0.9339149210948224,-0.9492560015726731,-0.27743547601154706,-0.3743747503715706,-0.6898908370812065,-0.43006900561827976,-0.4822428221704121,1.4105827128331005,-0.37635742136456934,-0.4849427713920723,5
0.6547989737542906,0.6983673369338488,-0.48674074084438107,-0.5330487493306738,-0.6106074387607932,-0.7534995386105954,-0.9492560015726731,-0.27743547601154706,-0.3743747503715706,1.4495046842929602,-0.43006900561827976,-0.4822428221704121,1.4105827128331005,2.657048707513918,-0.4849427713920723,3
-0.8762750972300065,-0.8595975512004642,-0.48674074084438107,-0.5330487493306738,-0.6106074387607932,-0.7534995386105954,-0.9492560015726731,-0.27743547601154706,-0.3743747503715706,-0.6898908370812065,-0.43006900561827976,-0.4822428221704121,-0.7089268788723055,-0.37635742136456934,-0.4849427713920723,7
-0.8762750972300065,-0.8595975512004642,2.054481813593895,1.87600102477617,1.6377134252236851,-0.7534995386105954,-0.9492560015726731,-0.27743547601154706,-0.3743747503715706,-0.6898908370812065,2.325208250155974,-0.4822428221704121,-0.7089268788723055,-0.37635742136456934,2.0620989918653887,8
0.6547989737542906,0.6983673369338488,-0.48674074084438107,-0.5330487493306738,-0.6106074387607932,-0.7534995386105954,-0.9492560015726731,-0.27743547601154706,-0.3743747503715706,-0.6898908370812065,-0.43006900561827976,-0.4822428221704121,1.4105827128331005,-0.37635742136456934,2.0620989918653887,4
0.6547989737542906,0.6983673369338488,-0.48674074084438107,1.87600102477617,-0.6106074387607932,0.9339149210948224,1.0534566000565253,-0.27743547601154706,-0.3743747503715706,-0.6898908370812065,-0.43006900561827976,-0.4822428221704121,1.4105827128331005,-0.37635742136456934,-0.4849427713920723,7
2.1858730447385875,0.6983673369338488,-0.48674074084438107,-0.5330487493306738,-0.6106074387607932,0.9339149210948224,-0.9492560015726731,-0.27743547601154706,-0.3743747503715706,-0.6898908370812065,-0.43006900561827976,2.073644135332772,1.4105827128331005,-0.37635742136456934,-0.4849427713920723,3
0.6547989737542906,0.6983673369338488,-0.48674074084438107,-0.5330487493306738,-0.6106074387607932,0.9339149210948224,-0.9492560015726731,3.60444170434202,-0.3743747503715706,1.4495046842929602,-0.43006900561827976,2.073644135332772,-0.7089268788723055,2.657048707513918,-0.4849427713920723,4
-0.8762750972300065,-0.8595975512004642,-0.48674074084438107,1.87600102477617,1.6377134252236851,-0.7534995386105954,1.0534566000565253,-0.27743547601154706,-0.3743747503715706,-0.6898908370812065,-0.43006900561827976,-0.4822428221704121,1.4105827128331005,-0.37635742136456934,-0.4849427713920723,9
0.6547989737542906,0.6983673369338488,-0.48674074084438107,-0.5330487493306738,-0.6106074387607932,-0.7534995386105954,1.0534566000565253,-0.27743547601154706,-0.3743747503715706,-0.6898908370812065,-0.43006900561827976,2.073644135332772,1.4105827128331005,-0.37635742136456934,-0.4849427713920723,7
2.1858730447385875,2.256332225068162,-0.48674074084438107,1.87600102477617,1.6377134252236851,-0.7534995386105954,1.0534566000565253,-0.27743547601154706,-0.3743747503715706,-0.6898908370812065,-0.43006900561827976,-0.4822428221704121,-0.7089268788723055,-0.37635742136456934,2.0620989918653887,7
-0.8762750972300065,-0.8595975512004642,-0.48674074084438107,-0.5330487493306738,-0.6106074387607932,0.9339149210948224,1.0534566000565253,-0.27743547601154706,-0.3743747503715706,1.4495046842929602,-0.43006900561827976,2.073644135332772,-0.7089268788723055,-0.37635742136456934,-0.4849427713920723,6
-0.8762750972300065,-0.8595975512004642,-0.48674074084438107,1.87600102477617,-0.6106074387607932,0.9339149210948224,-0.9492560015726731,-0.27743547601154706,-0.3743747503715706,-0.6898908370812065,2.325208250155974,-0.4822428221704121,-0.7089268788723055,-0.37635742136456934,2.0620989918653887,9
-0.8762750972300065,0.6983673369338488,-0.48674074084438107,-0.5330487493306738,-0.6106074387607932,0.9339149210948224,-0.9492560015726731,-0.27743547601154706,-0.3743747503715706,1.4495046842929602,-0.43006900561827976,-0.4822428221704121,-0.7089268788723055,-0.37635742136456934,-0.4849427713920723,4
-0.8762750972300065,-0.8595975512004642,2.054481813593895,-0.5330487493306738,1.6377134252236851,-0.7534995386105954,1.0534566000565253,-0.27743547601154706,-0.3743747503715706,-0.6898908370812065,-0.43006900561827976,-0.4822428221704121,-0.7089268788723055,-0.37635742136456934,-0.4849427713920723,8
0.6547989737542906,-0.8595975512004642,2.054481813593895,-0.5330487493306738,1.6377134252236851,0.9339149210948224,-0.9492560015726731,-0.27743547601154706,2.6711203119534384,-0.6898908370812065,-0.43006900561827976,-0.4822428221704121,-0.7089268788723055,-0.37635742136456934,-0.4849427713920723,8
-0.8762750972300065,-0.8595975512004642,-0.48674074084438107,-0.5330487493306738,-0.6106074387607932,-0.7534995386105954,-0.9492560015726731,-0.27743547601154706,-0.3743747503715706,-0.6898908370812065,2.325208250155974,-0.4822428221704121,-0.7089268788723055,-0.37635742136456934,2.0620989918653887,9
-0.8762750972300065,-0.8595975512004642,2.054481813593895,-0.5330487493306738,1.6377134252236851,0.9339149210948224,-0.9492560015726731,-0.27743547601154706,2.6711203119534384,1.4495046842929602,-0.43006900561827976,-0.4822428221704121,-0.7089268788723055,-0.37635742136456934,-0.4849427713920723,7
2.1858730447385875,-0.8595975512004642,-0.48674074084438107,-0.5330487493306738,-0.6106074387607932,2.62132938080024,1.0534566000565253,-0.27743547601154706,-0.3743747503715706,-0.6898908370812065,-0.43006900561827976,-0.4822428221704121,-0.7089268788723055,-0.37635742136456934,-0.4849427713920723,4
0.6547989737542906,-0.8595975512004642,-0.48674074084438107,-0.5330487493306738,-0.6106074387607932,-0.7534995386105954,-0.9492560015726731,-0.27743547601154706,-0.3743747503715706,1.4495046842929602,-0.43006900561827976,2.073644135332772,1.4105827128331005,2.657048707513918,-0.4849427713920723,4
-0.8762750972300065,-0.8595975512004642,-0.48674074084438107,-0.5330487493306738,-0.6106074387607932,-0.7534995386105954,1.0534566000565253,-0.27743547601154706,-0.3743747503715706,-0.6898908370812065,-0.43006900561827976,-0.4822428221704121,-0.7089268788723055,-0.37635742136456934,2.0620989918653887,8
-0.8762750972300065,-0.8595975512004642,-0.48674074084438107,-0.5330487493306738,-0.6106074387607932,-0.7534995386105954,1.0534566000565253,-0.27743547601154706,-0.3743747503715706,-0.6898908370812065,-0.43006900561827976,-0.4822428221704121,-0.7089268788723055,-0.37635742136456934,-0.4849427713920723,6
0.6547989737542906,-0.8595975512004642,2.054481813593895,-0.5330487493306738,-0.6106074387607932,-0.7534995386105954,1.0534566000565253,-0.27743547601154706,-0.3743747503715706,-0.6898908370812065,-0.43006900561827976,2.073644135332772,1.4105827128331005,2.657048707513918,-0.4849427713920723,7
-0.8762750972300065,0.6983673369338488,-0.48674074084438107,-0.5330487493306738,-0.6106074387607932,-0.7534995386105954,-0.9492560015726731,-0.27743547601154706,-0.3743747503715706,1.4495046842929602,-0.43006900561827976,-0.4822428221704121,1.4105827128331005,-0.37635742136456934,2.0620989918653887,6
-0.8762750972300065,-0.8595975512004642,-0.48674074084438107,-0.5330487493306738,-0.6106074387607932,-0.7534995386105954,1.0534566000565253,-0.27743547601154706,-0.3743747503715706,-0.6898908370812065,-0.43006900561827976,2.073644135332772,-0.7089268788723055,-0.37635742136456934,-0.4849427713920723,8
-0.8762750972300065,0.6983673369338488,-0.48674074084438107,-0.5330487493306738,-0.6106074387607932,-0.7534995386105954,-0.9492560015726731,-0.27743547601154706,-0.3743747503715706,-0.6898908370812065,-0.43006900561827976,-0.4822428221704121,-0.7089268788723055,2.657048707513918,-0.4849427713920723,6
-0.8762750972300065,0.6983673369338488,-0.48674074084438107,-0.5330487493306738,-0.6106074387607932,0.9339149210948224,-0.9492560015726731,-0.27743547601154706,-0.3743747503715706,-0.6898908370812065,-0.43006900561827976,-0.4822428221704121,-0.7089268788723055,-0.37635742136456934,-0.4849427713920723,6
0.6547989737542906,0.6983673369338488,-0.48674074084438107,1.87600102477617,1.6377134252236851,-0.7534995386105954,-0.9492560015726731,-0.27743547601154706,-0.3743747503715706,-0.6898908370812065,-0.43006900561827976,2.073644135332772,1.4105827128331005,-0.37635742136456934,-0.4849427713920723,7
0.6547989737542906,0.6983673369338488,2.054481813593895,-0.5330487493306738,1.6377134252236851,0.9339149210948224,1.0534566000565253,-0.27743547601154706,-0.3743747503715706,1.4495046842929602,2.325208250155974,2.073644135332772,1.4105827128331005,-0.37635742136456934,-0.4849427713920723,8
-0.8762750972300065,-0.8595975512004642,-0.48674074084438107,1.87600102477617,1.6377134252236851,-0.7534995386105954,1.0534566000565253,-0.27743547601154706,-0.3743747503715706,-0.6898908370812065,2.325208250155974,-0.4822428221704121,-0.7089268788723055,-0.37635742136456934,-0.4849427713920723,8
0.6547989737542906,-0.8595975512004642,-0.48674074084438107,-0.5330487493306738,-0.6106074387607932,-0.7534995386105954,1.0534566000565253,-0.27743547601154706,-0.3743747503715706,1.4495046842929602,2.325208250155974,-0.4822428221704121,-0.7089268788723055,-0.37635742136456934,2.0620989918653887,7
-0.8762750972300065,-0.8595975512004642,-0.48674074084438107,-0.5330487493306738,-0.6106074387607932,-0.7534995386105954,-0.9492560015726731,-0.27743547601154706,-0.3743747503715706,-0.6898908370812065,-0.43006900561827976,-0.4822428221704121,-0.7089268788723055,-0.37635742136456934,-0.4849427713920723,8
0.6547989737542906,0.6983673369338488,-0.48674074084438107,-0.5330487493306738,-0.6106074387607932,0.9339149210948224,1.0534566000565253,-0.27743547601154706,2.6711203119534384,1.4495046842929602,-0.43006900561827976,-0.4822428221704121,1.4105827128331005,-0.37635742136456934,-0.4849427713920723,3
-0.8762750972300065,-0.8595975512004642,-0.48674074084438107,-0.5330487493306738,1.6377134252236851,-0.7534995386105954,-0.9492560015726731,-0.27743547601154706,-0.3743747503715706,-0.6898908370812065,-0.43006900561827976,-0.4822428221704121,-0.7089268788723055,2.657048707513918,-0.4849427713920723,8
-0.8762750972300065,-0.8595975512004642,-0.48674074084438107,-0.5330487493306738,-0.6106074387607932,-0.7534995386105954,1.0534566000565253,-0.27743547601154706,-0.3743747503715706,-0.6898908370812065,-0.43006900561827976,-0.4822428221704121,-0.7089268788723055,-0.37635742136456934,-0.4849427713920723,6
-0.8762750972300065,-0.8595975512004642,-0.48674074084438107,-0.5330487493306738,1.6377134252236851,0.9339149210948224,1.0534566000565253,-0.27743547601154706,-0.3743747503715706,-0.6898908370812065,-0.43006900561827976,-0.4822428221704121,-0.7089268788723055,-0.37635742136456934,-0.4849427713920723,8
2.1858730447385875,0.6983673369338488,-0.48674074084438107,-0.5330487493306738,-0.6106074387607932,0.9339149210948224,-0.9492560015726731,3.60444170434202,-0.3743747503715706,-0.6898908370812065,-0.43006900561827976,-0.4822428221704121,-0.7089268788723055,-0.37635742136456934,2.0620989918653887,5
0.6547989737542906,2.256332225068162,-0.48674074084438107,1.87600102477617,-0.6106074387607932,0.9339149210948224,-0.9492560015726731,3.60444170434202,-0.3743747503715706,-0.6898908370812065,-0.43006900561827976,-0.4822428221704121,1.4105827128331005,-0.37635742136456934,-0.4849427713920723,3
-0.8762750972300065,-0.8595975512004642,2.054481813593895,1.87600102477617,1.6377134252236851,-0.7534995386105954,-0.9492560015726731,-0.27743547601154706,2.6711203119534384,-0.6898908370812065,-0.43006900561827976,-0.4822428221704121,-0.7089268788723055,-0.37635742136456934,-0.4849427713920723,8
-0.8762750972300065,-0.8595975512004642,2.054481813593895,-0.5330487493306738,-0.6106074387607932,-0.7534995386105954,-0.9492560015726731,-0.27743547601154706,-0.3743747503715706,-0.6898908370812065,2.325208250155974,-0.4822428221704121,-0.7089268788723055,-0.37635742136456934,-0.4849427713920723,8
0.6547989737542906,-0.8595975512004642,-0.48674074084438107,-0.5330487493306738,-0.6106074387607932,-0.7534995386105954,-0.9492560015726731,-0.27743547601154706,-0.3743747503715706,1.4495046842929602,-0.43006900561827976,2.073644135332772,1.4105827128331005,-0.37635742136456934,-0.4849427713920723,4
0.6547989737542906,0.6983673369338488,-0.48674074084438107,-0.5330487493306738,1.6377134252236851,-0.7534995386105954,-0.9492560015726731,-0.27743547601154706,-0.3743747503715706,-0.6898908370812065,-0.43006900561827976,2.073644135332772,-0.7089268788723055,-0.37635742136456934,-0.4849427713920723,3
0.6547989737542906,2.256332225068162,-0.48674074084438107,-0.5330487493306738,1.6377134252236851,2.62132938080024,1.0534566000565253,-0.27743547601154706,2.6711203119534384,-0.6898908370812065,-0.43006900561827976,-0.4822428221704121,-0.7089268788723055,-0.37635742136456934,-0.4849427713920723,7
-0.8762750972300065,0.6983673369338488,-0.48674074084438107,-0.5330487493306738,1.6377134252236851,-0.7534995386105954,1.0534566000565253,-0.27743547601154706,-0.3743747503715706,-0.6898908370812065,-0.43006900561827976,-0.4822428221704121,-0.7089268788723055,-0.37635742136456934,2.0620989918653887,8
-0.8762750972300065,-0.8595975512004642,2.054481813593895,1.87600102477617,-0.6106074387607932,-0.7534995386105954,-0.9492560015726731,-0.27743547601154706,2.6711203119534384,-0.6898908370812065,-0.43006900561827976,-0.4822428221704121,-0.7089268788723055,-0.37635742136456934,-0.4849427713920723,9
-0.8762750972300065,0.6983673369338488,-0.48674074084438107,-0.5330487493306738,1.6377134252236851,-0.7534995386105954,-0.9492560015726731,-0.27743547601154706,-0.3743747503715706,-0.6898908370812065,-0.43006900561827976,-0.4822428221704121,-0.7089268788723055,-0.37635742136456934,-0.4849427713920723,6
0.6547989737542906,-0.8595975512004642,-0.48674074084438107,-0.5330487493306738,-0.6106074387607932,-0.7534995386105954,1.0534566000565253,-0.27743547601154706,-0.3743747503715706,-0.6898908370812065,-0.43006900561827976,-0.4822428221704121,-0.7089268788723055,-0.37635742136456934,-0.4849427713920723,5
-0.8762750972300065,-0.8595975512004642,-0.48674074084438107,-0.5330487493306738,1.6377134252236851,0.9339149210948224,-0.9492560015726731,-0.27743547601154706,-0.3743747503715706,1.4495046842929602,-0.43006900561827976,-0.4822428221704121,-0.7089268788723055,-0.37635742136456934,2.0620989918653887,6
-0.8762750972300065,-0.8595975512004642,-0.48674074084438107,-0.5330487493306738,1.6377134252236851,-0.7534995386105954,1.0534566000565253,-0.27743547601154706,-0.3743747503715706,1.4495046842929602,2.325208250155974,-0.4822428221704121,-0.7089268788723055,-0.37635742136456934,-0.4849427713920723,8
-0.8762750972300065,0.6983673369338488,-0.48674074084438107,-0.5330487493306738,-0.6106074387607932,-0.7534995386105954,-0.9492560015726731,-0.27743547601154706,-0.3743747503715706,1.4495046842929602,2.325208250155974,-0.4822428221704121,-0.7089268788723055,2.657048707513918,-0.4849427713920723,4
-0.8762750972300065,0.6983673369338488,-0.48674074084438107,-0.5330487493306738,-0.6106074387607932,0.9339149210948224,-0.9492560015726731,-0.27743547601154706,-0.3743747503715706,-0.6898908370812065,2.325208250155974,-0.4822428221704121,-0.7089268788723055,-0.37635742136456934,-0.4849427713920723,7
-0.8762750972300065,-0.8595975512004642,-0.48674074084438107,1.87600102477617,-0.6106074387607932,-0.7534995386105954,1.0534566000565253,3.60444170434202,-0.3743747503715706,-0.6898908370812065,2.325208250155974,-0.4822428221704121,-0.7089268788723055,-0.37635742136456934,2.0620989918653887,6
0.6547989737542906,0.6983673369338488,-0.48674074084438107,-0.5330487493306738,-0.6106074387607932,0.9339149210948224,1.0534566000565253,-0.27743547601154706,-0.3743747503715706,-0.6898908370812065,-0.43006900561827976,-0.4822428221704121,1.4105827128331005,-0.37635742136456934,-0.4849427713920723,6
0.6547989737542906,0.6983673369338488,-0.48674074084438107,1.87600102477617,1.6377134252236851,0.9339149210948224,1.0534566000565253,-0.27743547601154706,-0.3743747503715706,-0.6898908370812065,-0.43006900561827976,-0.4822428221704121,-0.7089268788723055,-0.37635742136456934,-0.4849427713920723,6
-0.8762750972300065,-0.8595975512004642,-0.48674074084438107,-0.5330487493306738,-0.6106074387607932,0.9339149210948224,1.0534566000565253,-0.27743547601154706,-0.3743747503715706,1.4495046842929602,-0.43006900561827976,-0.4822428221704121,-0.7089268788723055,-0.37635742136456934,2.0620989918653887,8
0.6547989737542906,0.6983673369338488,-0.48674074084438107,1.87600102477617,1.6377134252236851,-0.7534995386105954,1.0534566000565253,-0.27743547601154706,-0.3743747503715706,1.4495046842929602,-0.43006900561827976,2.073644135332772,-0.7089268788723055,-0.37635742136456934,-0.4849427713920723,6
-0.8762750972300065,-0.8595975512004642,-0.48674074084438107,-0.5330487493306738,-0.6106074387607932,-0.7534995386105954,1.0534566000565253,-0.27743547601154706,-0.3743747503715706,-0.6898908370812065,-0.43006900561827976,-0.4822428221704121,-0.7089268788723055,2.657048707513918,-0.4849427713920723,7
-0.8762750972300065,-0.8595975512004642,-0.48674074084438107,-0.5330487493306738,-0.6106074387607932,-0.7534995386105954,-0.9492560015726731,-0.27743547601154706,-0.3743747503715706,1.4495046842929602,-0.43006900561827976,-0.4822428221704121,1.4105827128331005,-0.37635742136456934,-0.4849427713920723,5
-0.8762750972300065,-0.8595975512004642,-0.48674074084438107,-0.5330487493306738,-0.6106074387607932,-0.7534995386105954,1.0534566000565253,3.60444170434202,-0.3743747503715706,1.4495046842929602,-0.43006900561827976,2.073644135332772,1.4105827128331005,-0.37635742136456934,-0.4849427713920723,7
-0.8762750972300065,0.6983673369338488,-0.48674074084438107,1.87600102477617,-0.6106074387607932,-0.7534995386105954,1.0534566000565253,-0.27743547601154706,-0.3743747503715706,-0.6898908370812065,-0.43006900561827976,-0.4822428221704121,-0.7089268788723055,-0.37635742136456934,-0.4849427713920723,6
-0.8762750972300065,-0.8595975512004642,2.054481813593895,-0.5330487493306738,1.6377134252236851,-0.7534995386105954,1.0534566000565253,-0.27743547601154706,2.6711203119534384,1.4495046842929602,-0.43006900561827976,-0.4822428221704121,-0.7089268788723055,-0.37635742136456934,-0.4849427713920723,8
-0.8762750972300065,-0.8595975512004642,-0.48674074084438107,-0.5330487493306738,1.6377134252236851,2.62132938080024,-0.9492560015726731,-0.27743547601154706,-0.3743747503715706,1.4495046842929602,-0.43006900561827976,-0.4822428221704121,-0.7089268788723055,-0.37635742136456934,-0.4849427713920723,4
-0.8762750972300065,0.6983673369338488,-0.48674074084438107,-0.5330487493306738,-0.6106074387607932,2.62132938080024,-0.9492560015726731,-0.27743547601154706,-0.3743747503715706,1.4495046842929602,2.325208250155974,2.073644135332772,-0.7089268788723055,2.657048707513918,2.0620989918653887,5
0.6547989737542906,-0.8595975512004642,-0.48674074084438107,-0.5330487493306738,-0.6106074387607932,0.9339149210948224,-0.9492560015726731,-0.27743547601154706,-0.3743747503715706,1.4495046842929602,-0.43006900561827976,-0.4822428221704121,-0.7089268788723055,-0.37635742136456934,-0.4849427713920723,4
0.6547989737542906,-0.8595975512004642,2.054481813593895,-0.5330487493306738,-0.6106074387607932,0.9339149210948224,-0.9492560015726731,-0.27743547601154706,2.6711203119534384,-0.6898908370812065,-0.43006900561827976,-0.4822428221704121,-0.7089268788723055,-0.37635742136456934,-0.4849427713920723,6
-0.8762750972300065,-0.8595975512004642,2.054481813593895,1.87600102477617,1.6377134252236851,0.9339149210948224,1.0534566000565253,-0.27743547601154706,-0.3743747503715706,-0.6898908370812065,2.325208250155974,-0.4822428221704121,-0.7089268788723055,-0.37635742136456934,-0.4849427713920723,9
0.6547989737542906,0.6983673369338488,-0.48674074084438107,-0.5330487493306738,-0.6106074387607932,-0.7534995386105954,-0.9492560015726731,-0.27743547601154706,-0.3743747503715706,1.4495046842929602,2.325208250155974,-0.4822428221704121,-0.7089268788723055,-0.37635742136456934,2.0620989918653887,5
-0.8762750972300065,-0.8595975512004642,2.054481813593895,-0.5330487493306738,-0.6106074387607932,0.9339149210948224,-0.9492560015726731,-0.27743547601154706,2.6711203119534384,-0.6898908370812065,2.325208250155974,-0.4822428221704121,1.4105827128331005,-0.37635742136456934,-0.4849427713920723,8
2.1858730447385875,-0.8595975512004642,-0.48674074084438107,-0.5330487493306738,1.6377134252236851,0.9339149210948224,1.0534566000565253,-0.27743547601154706,-0.3743747503715706,-0.6898908370812065,-0.43006900561827976,2.073644135332772,1.4105827128331005,-0.37635742136456934,-0.4849427713920723,4
-0.8762750972300065,0.6983673369338488,-0.48674074084438107,-0.5330487493306738,-0.6106074387607932,-0.7534995386105954,-0.9492560015726731,-0.27743547601154706,-0.3743747503715706,1.4495046842929602,-0.43006900561827976,-0.4822428221704121,-0.7089268788723055,-0.37635742136456934,-0.4849427713920723,6
-0.8762750972300065,-0.8595975512004642,2.054481813593895,1.87600102477617,-0.6106074387607932,-0.7534995386105954,1.0534566000565253,-0.27743547601154706,-0.3743747503715706,-0.6898908370812065,-0.43006900561827976,-0.4822428221704121,1.4105827128331005,-0.37635742136456934,-0.4849427713920723,8
-0.8762750972300065,-0.8595975512004642,2.054481813593895,-0.5330487493306738,1.6377134252236851,-0.7534995386105954,1.0534566000565253,-0.27743547601154706,-0.3743747503715706,-0.6898908370812065,-0.43006900561827976,-0.4822428221704121,-0.7089268788723055,-0.37635742136456934,-0.4849427713920723,7
0.6547989737542906,0.6983673369338488,-0.48674074084438107,-0.5330487493306738,1.6377134252236851,-0.7534995386105954,1.0534566000565253,-0.27743547601154706,2.6711203119534384,-0.6898908370812065,-0.43006900561827976,2.073644135332772,1.4105827128331005,-0.37635742136456934,-0.4849427713920723,6
-0.8762750972300065,-0.8595975512004642,-0.48674074084438107,-0.5330487493306738,-0.6106074387607932,-0.7534995386105954,1.0534566000565253,-0.27743547601154706,-0.3743747503715706,1.4495046842929602,-0.43006900561827976,-0.4822428221704121,-0.7089268788723055,-0.37635742136456934,-0.4849427713920723,8
0.6547989737542906,0.6983673369338488,-0.48674074084438107,-0.5330487493306738,-0.6106074387607932,-0.7534995386105954,1.0534566000565253,-0.27743547601154706,-0.3743747503715706,-0.6898908370812065,-0.43006900561827976,-0.4822428221704121,-0.7089268788723055,-0.37635742136456934,-0.4849427713920723,8
2.1858730447385875,2.256332225068162,-0.48674074084438107,-0.5330487493306738,-0.6106074387607932,2.62132938080024,1.0534566000565253,-0.27743547601154706,-0.3743747503715706,1.4495046842929602,-0.43006900561827976,2.073644135332772,-0.7089268788723055,-0.37635742136456934,-0.4849427713920723,4
0.6547989737542906,0.6983673369338488,-0.48674074084438107,-0.5330487493306738,-0.6106074387607932,-0.7534995386105954,-0.9492560015726731,-0.27743547601154706,-0.3743747503715706,1.4495046842929602,-0.43006900561827976,2.073644135332772,-0.7089268788723055,-0.37635742136456934,-0.4849427713920723,7
-0.8762750972300065,2.256332225068162,-0.48674074084438107,-0.5330487493306738,-0.6106074387607932,-0.7534995386105954,-0.9492560015726731,-0.27743547601154706,-0.3743747503715706,1.4495046842929602,-0.43006900561827976,-0.4822428221704121,-0.7089268788723055,2.657048707513918,-0.4849427713920723,3
-0.8762750972300065,-0.8595975512004642,2.054481813593895,1.87600102477617,1.6377134252236851,-0.7534995386105954,1.0534566000565253,-0.27743547601154706,-0.3743747503715706,-0.6898908370812065,-0.43006900561827976,-0.4822428221704121,1.4105827128331005,-0.37635742136456934,-0.4849427713920723,8
-0.8762750972300065,-0.8595975512004642,2.054481813593895,-0.5330487493306738,-0.6106074387607932,-0.7534995386105954,-0.9492560015726731,-0.27743547601154706,2.6711203119534384,-0.6898908370812065,2.325208250155974,-0.4822428221704121,-0.7089268788723055,-0.37635742136456934,2.0620989918653887,6
0.6547989737542906,0.6983673369338488,-0.48674074084438107,-0.5330487493306738,1.6377134252236851,0.9339149210948224,1.0534566000565253,-0.27743547601154706,-0.3743747503715706,1.4495046842929602,-0.43006900561827976,-0.4822428221704121,-0.7089268788723055,-0.37635742136456934,-0.4849427713920723,4
0.6547989737542906,-0.8595975512004642,-0.48674074084438107,-0.5330487493306738,-0.6106074387607932,-0.7534995386105954,1.0534566000565253,-0.27743547601154706,-0.3743747503715706,-0.6898908370812065,-0.43006900561827976,2.073644135332772,1.4105827128331005,-0.37635742136456934,-0.4849427713920723,3
0.6547989737542906,0.6983673369338488,-0.48674074084438107,1.87600102477617,-0.6106074387607932,-0.7534995386105954,-0.9492560015726731,-0.27743547601154706,-0.3743747503715706,-0.6898908370812065,-0.43006900561827976,-0.4822428221704121,1.4105827128331005,-0.37635742136456934,-0.4849427713920723,6
0.6547989737542906,-0.8595975512004642,-0.48674074084438107,1.87600102477617,-0.6106074387607932,-0.7534995386105954,1.0534566000565253,3.60444170434202,-0.3743747503715706,-0.6898908370812065,-0.43006900561827976,2.073644135332772,1.4105827128331005,2.657048707513918,-0.4849427713920723,6
-0.8762750972300065,0.6983673369338488,2.054481813593895,-0.5330487493306738,-0.6106074387607932,-0.7534995386105954,1.0534566000565253,-0.27743547601154706,-0.3743747503715706,-0.6898908370812065,-0.43006900561827976,-0.4822428221704121,-0.7089268788723055,-0.37635742136456934,-0.4849427713920723,8
2.1858730447385875,0.6983673369338488,-0.48674074084438107,-0.5330487493306738,1.6377134252236851,0.9339149210948224,-0.9492560015726731,-0.27743547601154706,-0.3743747503715706,-0.6898908370812065,-0.43006900561827976,-0.4822428221704121,1.4105827128331005,-0.37635742136456934,-0.4849427713920723,3
0.6547989737542906,2.256332225068162,-0.48674074084438107,-0.5330487493306738,-0.6106074387607932,-0.7534995386105954,-0.9492560015726731,-0.27743547601154706,-0.3743747503715706,1.4495046842929602,2.325208250155974,-0.4822428221704121,-0.7089268788723055,-0.37635742136456934,-0.4849427713920723,7
-0.8762750972300065,-0.8595975512004642,-0.48674074084438107,-0.5330487493306738,-0.6106074387607932,-0.7534995386105954,-0.9492560015726731,-0.27743547601154706,-0.3743747503715706,-0.6898908370812065,-0.43006900561827976,-0.4822428221704121,-0.7089268788723055,-0.37635742136456934,-0.4849427713920723,7
0.6547989737542906,0.6983673369338488,-0.48674074084438107,1.87600102477617,-0.6106074387607932,-0.7534995386105954,1.0534566000565253,-0.27743547601154706,-0.3743747503715706,1.4495046842929602,-0.43006900561827976,-0.4822428221704121,1.4105827128331005,-0.37635742136456934,-0.4849427713920723,6
0.6547989737542906,-0.8595975512004642,2.054481813593895,-0.5330487493306738,1.6377134252236851,0.9339149210948224,-0.9492560015726731,-0.27743547601154706,2.6711203119534384,-0.6898908370812065,-0.43006900561827976,-0.4822428221704121,-0.7089268788723055,-0.37635742136456934,2.0620989918653887,8
-0.8762750972300065,-0.8595975512004642,-0.48674074084438107,1.87600102477617,1.6377134252236851,-0.7534995386105954,-0.9492560015726731,-0.27743547601154706,-0.3743747503715706,-0.6898908370812065,-0.43006900561827976,-0.4822428221704121,-0.7089268788723055,-0.37635742136456934,-0.4849427713920723,8
-0.8762750972300065,0.6983673369338488,-0.48674074084438107,-0.5330487493306738,-0.6106074387607932,-0.7534995386105954,-0.9492560015726731,-0.27743547601154706,-0.3743747503715706,-0.6898908370812065,2.325208250155974,2.073644135332772,1.4105827128331005,-0.37635742136456934,-0.4849427713920723,7
-0.8762750972300065,0.6983673369338488,-0.48674074084438107,1.87600102477617,1.6377134252236851,-0.7534995386105954,1.0534566000565253,-0.27743547601154706,-0.3743747503715706,-0.6898908370812065,-0.43006900561827976,-0.4822428221704121,-0.7089268788723055,-0.37635742136456934,-0.4849427713920723,8
-0.8762750972300065,-0.8595975512004642,-0.48674074084438107,-0.5330487493306738,-0.6106074387607932,0.9339149210948224,1.0534566000565253,-0.27743547601154706,2.6711203119534384,-0.6898908370812065,-0.43006900561827976,-0.4822428221704121,-0.7089268788723055,-0.37635742136456934,-0.4849427713920723,8
0.6547989737542906,0.6983673369338488,-0.48674074084438107,-0.5330487493306738,1.6377134252236851,0.9339149210948224,-0.9492560015726731,3.60444170434202,-0.3743747503715706,-0.6898908370812065,-0.43006900561827976,2.073644135332772,-0.7089268788723055,-0.37635742136456934,-0.4849427713920723,5
2.1858730447385875,0.6983673369338488,-0.48674074084438107,-0.5330487493306738,1.6377134252236851,0.9339149210948224,-0.9492560015726731,-0.27743547601154706,-0.3743747503715706,-0.6898908370812065,-0.43006900561827976,2.073644135332772,-0.7089268788723055,-0.37635742136456934,-0.4849427713920723,6
-0.8762750972300065,-0.8595975512004642,-0.48674074084438107,1.87600102477617,-0.6106074387607932,-0.7534995386105954,-0.9492560015726731,-0.27743547601154706,-0.3743747503715706,-0.6898908370812065,-0.43006900561827976,-0.4822428221704121,1.4105827128331005,-0.37635742136456934,2.0620989918653887,5
-0.8762750972300065,-0.8595975512004642,-0.48674074084438107,-0.5330487493306738,1.6377134252236851,-0.7534995386105954,1.0534566000565253,-0.27743547601154706,-0.3743747503715706,-0.6898908370812065,-0.43006900561827976,-0.4822428221704121,-0.7089268788723055,-0.37635742136456934,2.0620989918653887,8
-0.8762750972300065,0.6983673369338488,-0.48674074084438107,-0.5330487493306738,-0.6106074387607932,-0.7534995386105954,-0.9492560015726731,-0.27743547601154706,-0.3743747503715706,1.4495046842929602,-0.43006900561827976,2.073644135332772,-0.7089268788723055,-0.37635742136456934,-0.4849427713920723,5
0.6547989737542906,0.6983673369338488,2.054481813593895,-0.5330487493306738,-0.6106074387607932,0.9339149210948224,-0.9492560015726731,-0.27743547601154706,2.6711203119534384,-0.6898908370812065,-0.43006900561827976,-0.4822428221704121,-0.7089268788723055,-0.37635742136456934,-0.4849427713920723,5
0.6547989737542906,-0.8595975512004642,-0.48674074084438107,1.87600102477617,-0.6106074387607932,-0.7534995386105954,-0.9492560015726731,-0.27743547601154706,-0.3743747503715706,-0.6898908370812065,-0.43006900561827976,-0.4822428221704121,-0.7089268788723055,-0.37635742136456934,-0.4849427713920723,7
-0.8762750972300065,0.6983673369338488,-0.48674074084438107,1.87600102477617,-0.6106074387607932,0.9339149210948224,-0.9492560015726731,-0.27743547601154706,-0.3743747503715706,-0.6898908370812065,2.325208250155974,-0.4822428221704121,1.4105827128331005,-0.37635742136456934,-0.4849427713920723,4
-0.8762750972300065,0.6983673369338488,2.054481813593895,-0.5330487493306738,-0.6106074387607932,0.9339149210948224,-0.9492560015726731,-0.27743547601154706,-0.3743747503715706,-0.6898908370812065,-0.43006900561827976,-0.4822428221704121,1.4105827128331005,-0.37635742136456934,-0.4849427713920723,6
-0.8762750972300065,-0.8595975512004642,-0.48674074084438107,1.87600102477617,-0.6106074387607932,0.9339149210948224,1.0534566000565253,-0.27743547601154706,-0.3743747503715706,-0.6898908370812065,-0.43006900561827976,-0.4822428221704121,-0.7089268788723055,-0.37635742136456934,-0.4849427713920723,7
-0.8762750972300065,-0.8595975512004642,-0.48674074084438107,-0.5330487493306738,-0.6106074387607932,0.9339149210948224,1.0534566000565253,-0.27743547601154706,-0.3743747503715706,-0.6898908370812065,-0.43006900561827976,-0.4822428221704121,-0.7089268788723055,-0.37635742136456934,-0.4849427713920723,8
0.6547989737542906,-0.8595975512004642,-0.48674074084438107,-0.5330487493306738,1.6377134252236851,-0.7534995386105954,1.0534566000565253,3.60444170434202,2.6711203119534384,-0.6898908370812065,2.325208250155974,-0.4822428221704121,1.4105827128331005,-0.37635742136456934,-0.4849427713920723,6
-0.8762750972300065,0.6983673369338488,-0.48674074084438107,-0.5330487493306738,-0.6106074387607932,0.9339149210948224,1.0534566000565253,-0.27743547601154706,2.6711203119534384,-0.6898908370812065,-0.43006900561827976,-0.4822428221704121,-0.7089268788723055,-0.37635742136456934,-0.4849427713920723,4
-0.8762750972300065,0.6983673369338488,-0.48674074084438107,-0.5330487493306738,-0.6106074387607932,-0.7534995386105954,1.0534566000565253,-0.27743547601154706,-0.3743747503715706,-0.6898908370812065,-0.43006900561827976,-0.4822428221704121,-0.7089268788723055,-0.37635742136456934,2.0620989918653887,5
-0.8762750972300065,-0.8595975512004642,2.054481813593895,-0.5330487493306738,-0.6106074387607932,-0.7534995386105954,-0.9492560015726731,-0.27743547601154706,-0.3743747503715706,-0.6898908370812065,2.325208250155974,-0.4822428221704121,-0.7089268788723055,-0.37635742136456934,-0.4849427713920723,4
-0.8762750972300065,-0.8595975512004642,-0.48674074084438107,-0.5330487493306738,-0.6106074387607932,-0.7534995386105954,-0.9492560015726731,-0.27743547601154706,-0.3743747503715706,-0.6898908370812065,2.325208250155974,-0.4822428221704121,-0.7089268788723055,-0.37635742136456934,-0.4849427713920723,6
0.6547989737542906,0.6983673369338488,-0.48674074084438107,-0.5330487493306738,-0.6106074387607932,-0.7534995386105954,-0.9492560015726731,-0.27743547601154706,-0.3743747503715706,1.4495046842929602,2.325208250155974,-0.4822428221704121,-0.7089268788723055,-0.37635742136456934,2.0620989918653887,5
0.6547989737542906,-0.8595975512004642,-0.48674074084438107,-0.5330487493306738,1.6377134252236851,-0.7534995386105954,1.0534566000565253,-0.27743547601154706,-0.3743747503715706,-0.6898908370812065,-0.43006900561827976,-0.4822428221704121,-0.7089268788723055,-0.37635742136456934,-0.4849427713920723,8
2.1858730447385875,0.6983673369338488,-0.48674074084438107,-0.5330487493306738,-0.6106074387607932,-0.7534995386105954,-0.9492560015726731,-0.27743547601154706,-0.3743747503715706,-0.6898908370812065,-0.43006900561827976,-0.4822428221704121,-0.7089268788723055,-0.37635742136456934,-0.4849427713920723,5
0.6547989737542906,-0.8595975512004642,2.054481813593895,-0.5330487493306738,-0.6106074387607932,-0.7534995386105954,-0.9492560015726731,-0.27743547601154706,-0.3743747503715706,-0.6898908370812065,-0.43006900561827976,-0.4822428221704121,-0.7089268788723055,-0.37635742136456934,2.0620989918653887,8
2.1858730447385875,2.256332225068162,-0.48674074084438107,-0.5330487493306738,-0.6106074387607932,-0.7534995386105954,-0.9492560015726731,3.60444170434202,-0.3743747503715706,-0.6898908370812065,-0.43006900561827976,2.073644135332772,-0.7089268788723055,2.657048707513918,-0.4849427713920723,6
0.6547989737542906,-0.8595975512004642,-0.48674074084438107,-0.5330487493306738,1.6377134252236851,-0.7534995386105954,-0.9492560015726731,-0.27743547601154706,-0.3743747503715706,-0.6898908370812065,-0.43006900561827976,-0.4822428221704121,-0.7089268788723055,-0.37635742136456934,-0.4849427713920723,5
-0.8762750972300065,-0.8595975512004642,-0.48674074084438107,1.87600102477617,-0.6106074387607932,0.9339149210948224,-0.9492560015726731,-0.27743547601154706,2.6711203119534384,-0.6898908370812065,-0.43006900561827976,-0.4822428221704121,-0.7089268788723055,-0.37635742136456934,-0.4849427713920723,8
-0.8762750972300065,-0.8595975512004642,2.054481813593895,1.87600102477617,-0.6106074387607932,-0.7534995386105954,1.0534566000565253,-0.27743547601154706,2.6711203119534384,-0.6898908370812065,-0.43006900561827976,-0.4822428221704121,-0.7089268788723055,-0.37635742136456934,-0.4849427713920723,8
0.6547989737542906,0.6983673369338488,-0.48674074084438107,-0.5330487493306738,-0.6106074387607932,0.9339149210948224,-0.9492560015726731,-0.27743547601154706,-0.3743747503715706,-0.6898908370812065,-0.43006900561827976,-0.4822428221704121,-0.7089268788723055,-0.37635742136456934,-0.4849427713920723,4
0.6547989737542906,-0.8595975512004642,-0.48674074084438107,-0.5330487493306738,1.6377134252236851,-0.7534995386105954,-0.9492560015726731,-0.27743547601154706,-0.3743747503715706,-0.6898908370812065,-0.43006900561827976,-0.4822428221704121,-0.7089268788723055,-0.37635742136456934,-0.4849427713920723,5
0.6547989737542906,-0.8595975512004642,-0.48674074084438107,1.87600102477617,-0.6106074387607932,-0.7534995386105954,1.0534566000565253,-0.27743547601154706,-0.3743747503715706,-0.6898908370812065,-0.43006900561827976,-0.4822428221704121,-0.7089268788723055,-0.37635742136456934,-0.4849427713920723,7
-0.8762750972300065,-0.8595975512004642,-0.48674074084438107,1.87600102477617,1.6377134252236851,-0.7534995386105954,-0.9492560015726731,-0.27743547601154706,2.6711203119534384,-0.6898908370812065,-0.43006900561827976,-0.4822428221704121,-0.7089268788723055,-0.37635742136456934,-0.4849427713920723,8
2.1858730447385875,-0.8595975512004642,-0.48674074084438107,-0.5330487493306738,-0.6106074387607932,0.9339149210948224,1.0534566000565253,-0.27743547601154706,-0.3743747503715706,-0.6898908370812065,-0.43006900561827976,-0.4822428221704121,-0.7089268788723055,-0.37635742136456934,-0.4849427713920723,5
0.6547989737542906,-0.8595975512004642,-0.48674074084438107,-0.5330487493306738,-0.6106074387607932,0.9339149210948224,1.0534566000565253,-0.27743547601154706,-0.3743747503715706,-0.6898908370812065,-0.43006900561827976,2.073644135332772,-0.7089268788723055,-0.37635742136456934,-0.4849427713920723,7
-0.8762750972300065,-0.8595975512004642,-0.48674074084438107,-0.5330487493306738,1.6377134252236851,-0.7534995386105954,1.0534566000565253,-0.27743547601154706,-0.3743747503715706,-0.6898908370812065,2.325208250155974,-0.4822428221704121,-0.7089268788723055,-0.37635742136456934,-0.4849427713920723,7
-0.8762750972300065,2.256332225068162,-0.48674074084438107,-0.5330487493306738,1.6377134252236851,0.9339149210948224,1.0534566000565253,-0.27743547601154706,-0.3743747503715706,-0.6898908370812065,-0.43006900561827976,-0.4822428221704121,-0.7089268788723055,-0.37635742136456934,-0.4849427713920723,5
0.6547989737542906,-0.8595975512004642,2.054481813593895,-0.5330487493306738,1.6377134252236851,-0.7534995386105954,-0.9492560015726731,-0.27743547601154706,2.6711203119534384,-0.6898908370812065,-0.43006900561827976,-0.4822428221704121,-0.7089268788723055,-0.37635742136456934,-0.4849427713920723,8
-0.8762750972300065,-0.8595975512004642,-0.48674074084438107,1.87600102477617,-0.6106074387607932,-0.7534995386105954,1.0534566000565253,-0.27743547601154706,-0.3743747503715706,-0.6898908370812065,-0.43006900561827976,-0.4822428221704121,1.4105827128331005,-0.37635742136456934,-0.4849427713920723,8
-0.8762750972300065,0.6983673369338488,2.054481813593895,1.87600102477617,-0.6106074387607932,-0.7534995386105954,-0.9492560015726731,3.60444170434202,-0.3743747503715706,-0.6898908370812065,2.325208250155974,-0.4822428221704121,-0.7089268788723055,-0.37635742136456934,2.0620989918653887,4
-0.8762750972300065,0.6983673369338488,-0.48674074084438107,1.87600102477617,-0.6106074387607932,-0.7534995386105954,-0.9492560015726731,-0.27743547601154706,-0.3743747503715706,1.4495046842929602,-0.43006900561827976,-0.4822428221704121,1.4105827128331005,-0.37635742136456934,-0.4849427713920723,6
0.6547989737542906,-0.8595975512004642,-0.48674074084438107,1.87600102477617,-0.6106074387607932,-0.7534995386105954,-0.9492560015726731,-0.27743547601154706,-0.3743747503715706,-0.6898908370812065,-0.43006900561827976,-0.4822428221704121,1.4105827128331005,-0.37635742136456934,-0.4849427713920723,5
-0.8762750972300065,0.6983673369338488,-0.48674074084438107,-0.5330487493306738,-0.6106074387607932,-0.7534995386105954,1.0534566000565253,-0.27743547601154706,-0.3743747503715706,-0.6898908370812065,-0.43006900561827976,-0.4822428221704121,-0.7089268788723055,-0.37635742136456934,2.0620989918653887,8
-0.8762750972300065,-0.8595975512004642,2.054481813593895,1.87600102477617,-0.6106074387607932,-0.7534995386105954,1.0534566000565253,-0.27743547601154706,2.6711203119534384,-0.6898908370812065,2.325208250155974,-0.4822428221704121,-0.7089268788723055,-0.37635742136456934,-0.4849427713920723,8
-0.8762750972300065,0.6983673369338488,-0.48674074084438107,1.87600102477617,1.6377134252236851,-0.7534995386105954,1.0534566000565253,-0.27743547601154706,-0.3743747503715706,-0.6898908370812065,-0.43006900561827976,-0.4822428221704121,-0.7089268788723055,-0.37635742136456934,-0.4849427713920723,8
2.1858730447385875,-0.8595975512004642,2.054481813593895,-0.5330487493306738,-0.6106074387607932,2.62132938080024,-0.9492560015726731,-0.27743547601154706,-0.3743747503715706,-0.6898908370812065,-0.43006900561827976,-0.4822428221704121,-0.7089268788723055,-0.37635742136456934,2.0620989918653887,1
0.6547989737542906,-0.8595975512004642,-0.48674074084438107,-0.5330487493306738,-0.6106074387607932,0.9339149210948224,1.0534566000565253,-0.27743547601154706,-0.3743747503715706,1.4495046842929602,-0.43006900561827976,-0.4822428221704121,-0.7089268788723055,-0.37635742136456934,-0.4849427713920723,7
-0.8762750972300065,-0.8595975512004642,-0.48674074084438107,1.87600102477617,-0.6106074387607932,-0.7534995386105954,1.0534566000565253,-0.27743547601154706,-0.3743747503715706,1.4495046842929602,-0.43006900561827976,-0.4822428221704121,-0.7089268788723055,-0.37635742136456934,-0.4849427713920723,7
0.6547989737542906,0.6983673369338488,-0.48674074084438107,-0.5330487493306738,-0.6106074387607932,0.9339149210948224,1.0534566000565253,-0.27743547601154706,-0.3743747503715706,-0.6898908370812065,-0.43006900561827976,-0.4822428221704121,1.4105827128331005,-0.37635742136456934,-0.4849427713920723,7
0.6547989737542906,-0.8595975512004642,-0.48674074084438107,-0.5330487493306738,-0.6106074387607932,0.9339149210948224,-0.9492560015726731,-0.27743547601154706,-0.3743747503715706,-0.6898908370812065,-0.43006900561827976,-0.4822428221704121,-0.7089268788723055,-0.37635742136456934,2.0620989918653887,6
-0.8762750972300065,-0.8595975512004642,-0.48674074084438107,-0.5330487493306738,-0.6106074387607932,-0.7534995386105954,-0.9492560015726731,-0.27743547601154706,-0.3743747503715706,1.4495046842929602,-0.43006900561827976,-0.4822428221704121,-0.7089268788723055,-0.37635742136456934,2.0620989918653887,7
0.6547989737542906,0.6983673369338488,-0.48674074084438107,-0.5330487493306738,-0.6106074387607932,0.9339149210948224,1.0534566000565253,-0.27743547601154706,-0.3743747503715706,1.4495046842929602,-0.43006900561827976,-0.4822428221704121,-0.7089268788723055,-0.37635742136456934,-0.4849427713920723,7
2.1858730447385875,2.256332225068162,-0.48674074084438107,-0.5330487493306738,-0.6106074387607932,0.9339149210948224,-0.9492560015726731,3.60444170434202,-0.3743747503715706,-0.6898908370812065,-0.43006900561827976,-0.4822428221704121,-0.7089268788723055,-0.37635742136456934,-0.4849427713920723,2
0.6547989737542906,0.6983673369338488,-0.48674074084438107,-0.5330487493306738,-0.6106074387607932,-0.7534995386105954,-0.9492560015726731,-0.27743547601154706,-0.3743747503715706,1.4495046842929602,-0.43006900561827976,2.073644135332772,-0.7089268788723055,-0.37635742136456934,-0.4849427713920723,3
-0.8762750972300065,0.6983673369338488,-0.48674074084438107,-0.5330487493306738,-0.6106074387607932,-0.7534995386105954,1.0534566000565253,-0.27743547601154706,-0.3743747503715706,-0.6898908370812065,-0.43006900561827976,-0.4822428221704121,-0.7089268788723055,-0.37635742136456934,-0.4849427713920723,7
0.6547989737542906,0.6983673369338488,-0.48674074084438107,1.87600102477617,-0.6106074387607932,0.9339149210948224,-0.9492560015726731,-0.27743547601154706,-0.3743747503715706,-0.6898908370812065,-0.43006900561827976,-0.4822428221704121,-0.7089268788723055,-0.37635742136456934,2.0620989918653887,5
0.6547989737542906,0.6983673369338488,-0.48674074084438107,-0.5330487493306738,-0.6106074387607932,0.9339149210948224,-0.9492560015726731,-0.27743547601154706,-0.3743747503715706,-0.6898908370812065,-0.43006900561827976,-0.4822428221704121,-0.7089268788723055,-0.37635742136456934,-0.4849427713920723,7
-0.8762750972300065,-0.8595975512004642,-0.48674074084438107,-0.5330487493306738,-0.6106074387607932,-0.7534995386105954,1.0534566000565253,-0.27743547601154706,-0.3743747503715706,-0.6898908370812065,2.325208250155974,-0.4822428221704121,-0.7089268788723055,-0.37635742136456934,-0.4849427713920723,7
2.1858730447385875,-0.8595975512004642,-0.48674074084438107,-0.5330487493306738,-0.6106074387607932,0.9339149210948224,1.0534566000565253,-0.27743547601154706,-0.3743747503715706,1.4495046842929602,-0.43006900561827976,-0.4822428221704121,-0.7089268788723055,-0.37635742136456934,2.0620989918653887,6
0.6547989737542906,0.6983673369338488,-0.48674074084438107,-0.5330487493306738,-0.6106074387607932,0.9339149210948224,1.0534566000565253,-0.27743547601154706,2.6711203119534384,-0.6898908370812065,-0.43006900561827976,-0.4822428221704121,-0.7089268788723055,-0.37635742136456934,-0.4849427713920723,6
-0.8762750972300065,0.6983673369338488,-0.48674074084438107,-0.5330487493306738,-0.6106074387607932,-0.7534995386105954,-0.9492560015726731,-0.27743547601154706,-0.3743747503715706,1.4495046842929602,-0.43006900561827976,-0.4822428221704121,1.4105827128331005,-0.37635742136456934,-0.4849427713920723,5
0.6547989737542906,2.256332225068162,-0.48674074084438107,-0.5330487493306738,-0.6106074387607932,-0.7534995386105954,-0.9492560015726731,3.60444170434202,-0.3743747503715706,-0.6898908370812065,-0.43006900561827976,2.073644135332772,-0.7089268788723055,-0.37635742136456934,-0.4849427713920723,4
-0.8762750972300065,0.6983673369338488,-0.48674074084438107,-0.5330487493306738,-0.6106074387607932,-0.7534995386105954,-0.9492560015726731,-0.27743547601154706,-0.3743747503715706,-0.6898908370812065,-0.43006900561827976,-0.4822428221704121,-0.7089268788723055,2.657048707513918,-0.4849427713920723,7
0.6547989737542906,-0.8595975512004642,-0.48674074084438107,-0.5330487493306738,-0.6106074387607932,-0.7534995386105954,1.0534566000565253,-0.27743547601154706,-0.3743747503715706,1.4495046842929602,-0.43006900561827976,-0.4822428221704121,-0.7089268788723055,-0.37635742136456934,-0.4849427713920723,4
-0.8762750972300065,0.6983673369338488,-0.48674074084438107,-0.5330487493306738,-0.6106074387607932,0.9339149210948224,-0.9492560015726731,-0.27743547601154706,-0.3743747503715706,-0.6898908370812065,-0.43006900561827976,2.073644135332772,1.4105827128331005,-0.37635742136456934,-0.4849427713920723,6
-0.8762750972300065,0.6983673369338488,-0.48674074084438107,-0.5330487493306738,-0.6106074387607932,-0.7534995386105954,-0.9492560015726731,-0.27743547601154706,-0.3743747503715706,1.4495046842929602,-0.43006900561827976,-0.4822428221704121,-0.7089268788723055,-0.37635742136456934,2.0620989918653887,4
-0.8762750972300065,-0.8595975512004642,-0.48674074084438107,-0.5330487493306738,1.6377134252236851,-0.7534995386105954,1.0534566000565253,-0.27743547601154706,-0.3743747503715706,1.4495046842929602,-0.43006900561827976,-0.4822428221704121,1.4105827128331005,2.657048707513918,2.0620989918653887,7
-0.8762750972300065,-0.8595975512004642,2.054481813593895,-0.5330487493306738,-0.6106074387607932,-0.7534995386105954,-0.9492560015726731,-0.27743547601154706,-0.3743747503715706,-0.6898908370812065,-0.43006900561827976,-0.4822428221704121,-0.7089268788723055,-0.37635742136456934,-0.4849427713920723,8
-0.8762750972300065,0.6983673369338488,-0.48674074084438107,-0.5330487493306738,-0.6106074387607932,-0.7534995386105954,1.0534566000565253,-0.27743547601154706,-0.3743747503715706,1.4495046842929602,-0.43006900561827976,2.073644135332772,1.4105827128331005,-0.37635742136456934,-0.4849427713920723,7
-0.8762750972300065,0.6983673369338488,-0.48674074084438107,-0.5330487493306738,1.6377134252236851,-0.7534995386105954,-0.9492560015726731,-0.27743547601154706,-0.3743747503715706,1.4495046842929602,-0.43006900561827976,-0.4822428221704121,-0.7089268788723055,-0.37635742136456934,-0.4849427713920723,5
-0.8762750972300065,0.6983673369338488,-0.48674074084438107,-0.5330487493306738,-0.6106074387607932,0.9339149210948224,-0.9492560015726731,-0.27743547601154706,-0.3743747503715706,1.4495046842929602,-0.43006900561827976,-0.4822428221704121,-0.7089268788723055,-0.37635742136456934,-0.4849427713920723,5
0.6547989737542906,-0.8595975512004642,-0.48674074084438107,-0.5330487493306738,-0.6106074387607932,-0.7534995386105954,-0.9492560015726731,-0.27743547601154706,-0.3743747503715706,1.4495046842929602,-0.43006900561827976,-0.4822428221704121,1.4105827128331005,-0.37635742136456934,-0.4849427713920723,4
0.6547989737542906,-0.8595975512004642,-0.48674074084438107,-0.5330487493306738,1.6377134252236851,-0.7534995386105954,1.0534566000565253,-0.27743547601154706,-0.3743747503715706,-0.6898908370812065,-0.43006900561827976,-0.4822428221704121,-0.7089268788723055,-0.37635742136456934,-0.4849427713920723,5
0.6547989737542906,2.256332225068162,-0.48674074084438107,-0.5330487493306738,1.6377134252236851,-0.7534995386105954,1.0534566000565253,-0.27743547601154706,-0.3743747503715706,-0.6898908370812065,-0.43006900561827976,-0.4822428221704121,-0.7089268788723055,-0.37635742136456934,-0.4849427713920723,9
-0.8762750972300065,-0.8595975512004642,2.054481813593895,-0.5330487493306738,1.6377134252236851,-0.7534995386105954,1.0534566000565253,-0.27743547601154706,-0.3743747503715706,-0.6898908370812065,-0.43006900561827976,-0.4822428221704121,-0.7089268788723055,-0.37635742136456934,-0.4849427713920723,7
-0.8762750972300065,0.6983673369338488,-0.48674074084438107,-0.5330487493306738,-0.6106074387607932,-0.7534995386105954,1.0534566000565253,-0.27743547601154706,-0.3743747503715706,1.4495046842929602,-0.43006900561827976,-0.4822428221704121,-0.7089268788723055,-0.37635742136456934,-0.4849427713920723,5
-0.8762750972300065,0.6983673369338488,-0.48674074084438107,-0.5330487493306738,-0.6106074387607932,-0.7534995386105954,-0.9492560015726731,-0.27743547601154706,-0.3743747503715706,-0.6898908370812065,-0.43006900561827976,2.073644135332772,1.4105827128331005,-0.37635742136456934,-0.4849427713920723,6
0.6547989737542906,-0.8595975512004642,2.054481813593895,-0.5330487493306738,-0.6106074387607932,0.9339149210948224,-0.9492560015726731,3.60444170434202,-0.3743747503715706,1.4495046842929602,-0.43006900561827976,2.073644135332772,-0.7089268788723055,-0.37635742136456934,-0.4849427713920723,5
-0.8762750972300065,2.256332225068162,-0.48674074084438107,-0.5330487493306738,-0.6106074387607932,-0.7534995386105954,-0.9492560015726731,-0.27743547601154706,-0.3743747503715706,-0.6898908370812065,2.325208250155974,-0.4822428221704121,1.4105827128331005,-0.37635742136456934,-0.4849427713920723,3
-0.8762750972300065,0.6983673369338488,2.054481813593895,-0.5330487493306738,1.6377134252236851,-0.7534995386105954,-0.9492560015726731,-0.27743547601154706,-0.3743747503715706,-0.6898908370812065,2.325208250155974,-0.4822428221704121,-0.7089268788723055,-0.37635742136456934,2.0620989918653887,8
0.6547989737542906,-0.8595975512004642,-0.48674074084438107,-0.5330487493306738,-0.6106074387607932,0.9339149210948224,1.0534566000565253,-0.27743547601154706,-0.3743747503715706,-0.6898908370812065,-0.43006900561827976,2.073644135332772,1.4105827128331005,-0.37635742136456934,-0.4849427713920723,3
0.6547989737542906,-0.8595975512004642,-0.48674074084438107,-0.5330487493306738,-0.6106074387607932,0.9339149210948224,1.0534566000565253,-0.27743547601154706,2.6711203119534384,1.4495046842929602,-0.43006900561827976,-0.4822428221704121,1.4105827128331005,-0.37635742136456934,2.0620989918653887,6
-0.8762750972300065,-0.8595975512004642,-0.48674074084438107,-0.5330487493306738,-0.6106074387607932,-0.7534995386105954,1.0534566000565253,-0.27743547601154706,-0.3743747503715706,-0.6898908370812065,-0.43006900561827976,-0.4822428221704121,-0.7089268788723055,-0.37635742136456934,-0.4849427713920723,8
0.6547989737542906,-0.8595975512004642,-0.48674074084438107,-0.5330487493306738,-0.6106074387607932,0.9339149210948224,1.0534566000565253,-0.27743547601154706,-0.3743747503715706,-0.6898908370812065,-0.43006900561827976,-0.4822428221704121,1.4105827128331005,-0.37635742136456934,-0.4849427713920723,4
0.6547989737542906,-0.8595975512004642,-0.48674074084438107,-0.5330487493306738,-0.6106074387607932,0.9339149210948224,-0.9492560015726731,-0.27743547601154706,-0.3743747503715706,-0.6898908370812065,-0.43006900561827976,-0.4822428221704121,-0.7089268788723055,-0.37635742136456934,-0.4849427713920723,5
-0.8762750972300065,-0.8595975512004642,-0.48674074084438107,-0.5330487493306738,1.6377134252236851,-0.7534995386105954,1.0534566000565253,-0.27743547601154706,2.6711203119534384,-0.6898908370812065,-0.43006900561827976,-0.4822428221704121,-0.7089268788723055,-0.37635742136456934,-0.4849427713920723,8
-0.8762750972300065,-0.8595975512004642,-0.48674074084438107,1.87600102477617,-0.6106074387607932,0.9339149210948224,-0.9492560015726731,-0.27743547601154706,2.6711203119534384,-0.6898908370812065,-0.43006900561827976,-0.4822428221704121,-0.7089268788723055,-0.37635742136456934,-0.4849427713920723,6
-0.8762750972300065,0.6983673369338488,-0.48674074084438107,-0.5330487493306738,-0.6106074387607932,-0.7534995386105954,1.0534566000565253,-0.27743547601154706,-0.3743747503715706,1.4495046842929602,-0.43006900561827976,-0.4822428221704121,-0.7089268788723055,2.657048707513918,-0.4849427713920723,7
0.6547989737542906,-0.8595975512004642,-0.48674074084438107,-0.5330487493306738,-0.6106074387607932,0.9339149210948224,-0.9492560015726731,-0.27743547601154706,-0.3743747503715706,1.4495046842929602,-0.43006900561827976,-0.4822428221704121,-0.7089268788723055,-0.37635742136456934,-0.4849427713920723,5
-0.8762750972300065,-0.8595975512004642,-0.48674074084438107,-0.5330487493306738,-0.6106074387607932,0.9339149210948224,1.0534566000565253,3.60444170434202,-0.3743747503715706,-0.6898908370812065,-0.43006900561827976,-0.4822428221704121,1.4105827128331005,-0.37635742136456934,-0.4849427713920723,4
0.6547989737542906,-0.8595975512004642,-0.48674074084438107,-0.5330487493306738,-0.6106074387607932,0.9339149210948224,1.0534566000565253,-0.27743547601154706,-0.3743747503715706,-0.6898908370812065,-0.43006900561827976,-0.4822428221704121,1.4105827128331005,-0.37635742136456934,-0.4849427713920723,7
0.6547989737542906,-0.8595975512004642,-0.48674074084438107,-0.5330487493306738,-0.6106074387607932,-0.7534995386105954,1.0534566000565253,-0.27743547601154706,-0.3743747503715706,-0.6898908370812065,2.325208250155974,2.073644135332772,-0.7089268788723055,-0.37635742136456934,-0.4849427713920723,7
-0.8762750972300065,-0.8595975512004642,2.054481813593895,-0.5330487493306738,-0.6106074387607932,-0.7534995386105954,1.0534566000565253,-0.27743547601154706,-0.3743747503715706,1.4495046842929602,-0.43006900561827976,-0.4822428221704121,-0.7089268788723055,-0.37635742136456934,2.0620989918653887,7
-0.8762750972300065,-0.8595975512004642,-0.48674074084438107,1.87600102477617,-0.6106074387607932,0.9339149210948224,1.0534566000565253,-0.27743547601154706,-0.3743747503715706,1.4495046842929602,-0.43006900561827976,2.073644135332772,1.4105827128331005,-0.37635742136456934,-0.4849427713920723,6
0.6547989737542906,0.6983673369338488,-0.48674074084438107,-0.5330487493306738,-0.6106074387607932,0.9339149210948224,-0.9492560015726731,-0.27743547601154706,-0.3743747503715706,-0.6898908370812065,-0.43006900561827976,-0.4822428221704121,-0.7089268788723055,-0.37635742136456934,-0.4849427713920723,5
-0.8762750972300065,-0.8595975512004642,2.054481813593895,-0.5330487493306738,-0.6106074387607932,0.9339149210948224,-0.9492560015726731,-0.27743547601154706,2.6711203119534384,-0.6898908370812065,-0.43006900561827976,-0.4822428221704121,-0.7089268788723055,-0.37635742136456934,-0.4849427713920723,8
-0.8762750972300065,-0.8595975512004642,2.054481813593895,-0.5330487493306738,-0.6106074387607932,-0.7534995386105954,-0.9492560015726731,-0.27743547601154706,2.6711203119534384,-0.6898908370812065,-0.43006900561827976,-0.4822428221704121,-0.7089268788723055,-0.37635742136456934,-0.4849427713920723,8
-0.8762750972300065,-0.8595975512004642,2.054481813593895,1.87600102477617,-0.6106074387607932,-0.7534995386105954,-0.9492560015726731,-0.27743547601154706,-0.3743747503715706,-0.6898908370812065,-0.43006900561827976,2.073644135332772,-0.7089268788723055,-0.37635742136456934,2.0620989918653887,6
0.6547989737542906,0.6983673369338488,-0.48674074084438107,-0.5330487493306738,1.6377134252236851,-0.7534995386105954,1.0534566000565253,-0.27743547601154706,-0.3743747503715706,-0.6898908370812065,-0.43006900561827976,-0.4822428221704121,-0.7089268788723055,-0.37635742136456934,-0.4849427713920723,3
0.6547989737542906,-0.8595975512004642,-0.48674074084438107,-0.5330487493306738,1.6377134252236851,-0.7534995386105954,-0.9492560015726731,-0.27743547601154706,-0.3743747503715706,-0.6898908370812065,-0.43006900561827976,-0.4822428221704121,1.4105827128331005,-0.37635742136456934,-0.4849427713920723,5
-0.8762750972300065,-0.8595975512004642,-0.48674074084438107,1.87600102477617,1.6377134252236851,-0.7534995386105954,1.0534566000565253,-0.27743547601154706,-0.3743747503715706,-0.6898908370812065,-0.43006900561827976,-0.4822428221704121,-0.7089268788723055,-0.37635742136456934,-0.4849427713920723,8
0.6547989737542906,0.6983673369338488,-0.48674074084438107,1.87600102477617,1.6377134252236851,-0.7534995386105954,-0.9492560015726731,-0.27743547601154706,-0.3743747503715706,-0.6898908370812065,-0.43006900561827976,-0.4822428221704121,-0.7089268788723055,-0.37635742136456934,2.0620989918653887,5
-0.8762750972300065,-0.8595975512004642,-0.48674074084438107,-0.5330487493306738,-0.6106074387607932,-0.7534995386105954,-0.9492560015726731,-0.27743547601154706,-0.3743747503715706,-0.6898908370812065,-0.43006900561827976,2.073644135332772,1.4105827128331005,-0.37635742136456934,-0.4849427713920723,7
0.6547989737542906,-0.8595975512004642,-0.48674074084438107,-0.5330487493306738,1.6377134252236851,-0.7534995386105954,-0.9492560015726731,-0.27743547601154706,-0.3743747503715706,-0.6898908370812065,-0.43006900561827976,-0.4822428221704121,1.4105827128331005,-0.37635742136456934,-0.4849427713920723,7
-0.8762750972300065,-0.8595975512004642,-0.48674074084438107,1.87600102477617,-0.6106074387607932,-0.7534995386105954,-0.9492560015726731,-0.27743547601154706,-0.3743747503715706,-0.6898908370812065,-0.43006900561827976,-0.4822428221704121,-0.7089268788723055,-0.37635742136456934,-0.4849427713920723,8
-0.8762750972300065,-0.8595975512004642,-0.48674074084438107,-0.5330487493306738,1.6377134252236851,-0.7534995386105954,-0.9492560015726731,-0.27743547601154706,-0.3743747503715706,-0.6898908370812065,-0.43006900561827976,-0.4822428221704121,1.4105827128331005,-0.37635742136456934,-0.4849427713920723,6
0.6547989737542906,-0.8595975512004642,-0.48674074084438107,-0.5330487493306738,-0.6106074387607932,-0.7534995386105954,1.0534566000565253,-0.27743547601154706,-0.3743747503715706,1.4495046842929602,-0.43006900561827976,-0.4822428221704121,-0.7089268788723055,-0.37635742136456934,-0.4849427713920723,7
0.6547989737542906,0.6983673369338488,-0.48674074084438107,-0.5330487493306738,1.6377134252236851,0.9339149210948224,-0.9492560015726731,-0.27743547601154706,-0.3743747503715706,1.4495046842929602,-0.43006900561827976,-0.4822428221704121,-0.7089268788723055,-0.37635742136456934,-0.4849427713920723,6
2.1858730447385875,0.6983673369338488,-0.48674074084438107,-0.5330487493306738,-0.6106074387607932,0.9339149210948224,-0.9492560015726731,-0.27743547601154706,-0.3743747503715706,-0.6898908370812065,-0.43006900561827976,-0.4822428221704121,1.4105827128331005,-0.37635742136456934,-0.4849427713920723,2
-0.8762750972300065,-0.8595975512004642,-0.48674074084438107,1.87600102477617,1.6377134252236851,-0.7534995386105954,-0.9492560015726731,-0.27743547601154706,2.6711203119534384,-0.6898908370812065,-0.43006900561827976,-0.4822428221704121,-0.7089268788723055,-0.37635742136456934,-0.4849427713920723,8
0.6547989737542906,-0.8595975512004642,-0.48674074084438107,-0.5330487493306738,-0.6106074387607932,-0.7534995386105954,-0.9492560015726731,-0.27743547601154706,-0.3743747503715706,-0.6898908370812065,2.325208250155974,-0.4822428221704121,-0.7089268788723055,-0.37635742136456934,-0.4849427713920723,7
-0.8762750972300065,-0.8595975512004642,2.054481813593895,1.87600102477617,-0.6106074387607932,-0.7534995386105954,-0.9492560015726731,-0.27743547601154706,-0.3743747503715706,-0.6898908370812065,-0.43006900561827976,-0.4822428221704121,-0.7089268788723055,-0.37635742136456934,-0.4849427713920723,6
0.6547989737542906,0.6983673369338488,-0.48674074084438107,-0.5330487493306738,-0.6106074387607932,-0.7534995386105954,1.0534566000565253,-0.27743547601154706,-0.3743747503715706,-0.6898908370812065,-0.43006900561827976,2.073644135332772,1.4105827128331005,-0.37635742136456934,-0.4849427713920723,4
2.1858730447385875,2.256332225068162,-0.48674074084438107,-0.5330487493306738,-0.6106074387607932,0.9339149210948224,-0.9492560015726731,3.60444170434202,-0.3743747503715706,1.4495046842929602,-0.43006900561827976,2.073644135332772,1.4105827128331005,2.657048707513918,-0.4849427713920723,4
0.6547989737542906,-0.8595975512004642,-0.48674074084438107,-0.5330487493306738,-0.6106074387607932,-0.7534995386105954,1.0534566000565253,-0.27743547601154706,-0.3743747503715706,-0.6898908370812065,-0.43006900561827976,-0.4822428221704121,-0.7089268788723055,-0.37635742136456934,-0.4849427713920723,4
-0.8762750972300065,0.6983673369338488,2.054481813593895,1.87600102477617,-0.6106074387607932,0.9339149210948224,-0.9492560015726731,-0.27743547601154706,-0.3743747503715706,-0.6898908370812065,-0.43006900561827976,-0.4822428221704121,1.4105827128331005,-0.37635742136456934,2.0620989918653887,6
-0.8762750972300065,-0.8595975512004642,-0.48674074084438107,-0.5330487493306738,1.6377134252236851,0.9339149210948224,-0.9492560015726731,-0.27743547601154706,2.6711203119534384,-0.6898908370812065,-0.43006900561827976,-0.4822428221704121,-0.7089268788723055,-0.37635742136456934,-0.4849427713920723,6
-0.8762750972300065,-0.8595975512004642,2.054481813593895,1.87600102477617,1.6377134252236851,-0.7534995386105954,-0.9492560015726731,-0.27743547601154706,-0.3743747503715706,1.4495046842929602,-0.43006900561827976,2.073644135332772,-0.7089268788723055,2.657048707513918,2.0620989918653887,9
0.6547989737542906,-0.8595975512004642,-0.48674074084438107,-0.5330487493306738,-0.6106074387607932,-0.7534995386105954,-0.9492560015726731,-0.27743547601154706,-0.3743747503715706,-0.6898908370812065,-0.43006900561827976,-0.4822428221704121,1.4105827128331005,-0.37635742136456934,-0.4849427713920723,7
0.6547989737542906,0.6983673369338488,-0.48674074084438107,-0.5330487493306738,-0.6106074387607932,-0.7534995386105954,-0.9492560015726731,-0.27743547601154706,-0.3743747503715706,1.4495046842929602,-0.43006900561827976,-0.4822428221704121,-0.7089268788723055,-0.37635742136456934,-0.4849427713920723,6
-0.8762750972300065,0.6983673369338488,-0.48674074084438107,-0.5330487493306738,-0.6106074387607932,-0.7534995386105954,-0.9492560015726731,3.60444170434202,-0.3743747503715706,1.4495046842929602,-0.43006900561827976,-0.4822428221704121,-0.7089268788723055,-0.37635742136456934,-0.4849427713920723,5
-0.8762750972300065,-0.8595975512004642,2.054481813593895,-0.5330487493306738,-0.6106074387607932,-0.7534995386105954,1.0534566000565253,-0.27743547601154706,-0.3743747503715706,1.4495046842929602,2.325208250155974,-0.4822428221704121,-0.7089268788723055,-0.37635742136456934,-0.4849427713920723,9
-0.8762750972300065,-0.8595975512004642,-0.48674074084438107,-0.5330487493306738,-0.6106074387607932,-0.7534995386105954,1.0534566000565253,-0.27743547601154706,-0.3743747503715706,-0.6898908370812065,-0.43006900561827976,-0.4822428221704121,-0.7089268788723055,-0.37635742136456934,-0.4849427713920723,6
-0.8762750972300065,-0.8595975512004642,2.054481813593895,-0.5330487493306738,-0.6106074387607932,-0.7534995386105954,1.0534566000565253,-0.27743547601154706,-0.3743747503715706,-0.6898908370812065,2.325208250155974,-0.4822428221704121,-0.7089268788723055,-0.37635742136456934,-0.4849427713920723,8
-0.8762750972300065,0.6983673369338488,-0.48674074084438107,-0.5330487493306738,-0.6106074387607932,-0.7534995386105954,1.0534566000565253,3.60444170434202,-0.3743747503715706,1.4495046842929602,-0.43006900561827976,2.073644135332772,1.4105827128331005,-0.37635742136456934,-0.4849427713920723,5
0.6547989737542906,-0.8595975512004642,2.054481813593895,1.87600102477617,-0.6106074387607932,0.9339149210948224,1.0534566000565253,-0.27743547601154706,-0.3743747503715706,-0.6898908370812065,-0.43006900561827976,-0.4822428221704121,1.4105827128331005,-0.37635742136456934,-0.4849427713920723,6
2.1858730447385875,0.6983673369338488,-0.48674074084438107,-0.5330487493306738,-0.6106074387607932,0.9339149210948224,-0.9492560015726731,3.60444170434202,-0.3743747503715706,1.4495046842929602,-0.43006900561827976,-0.4822428221704121,1.4105827128331005,-0.37635742136456934,-0.4849427713920723,3
-0.8762750972300065,0.6983673369338488,-0.48674074084438107,-0.5330487493306738,1.6377134252236851,-0.7534995386105954,1.0534566000565253,-0.27743547601154706,2.6711203119534384,-0.6898908370812065,-0.43006900561827976,-0.4822428221704121,-0.7089268788723055,-0.37635742136456934,2.0620989918653887,7
-0.8762750972300065,0.6983673369338488,-0.48674074084438107,-0.5330487493306738,-0.6106074387607932,0.9339149210948224,1.0534566000565253,-0.27743547601154706,-0.3743747503715706,-0.6898908370812065,-0.43006900561827976,2.073644135332772,-0.7089268788723055,-0.37635742136456934,-0.4849427713920723,6
0.6547989737542906,-0.8595975512004642,-0.48674074084438107,-0.5330487493306738,-0.6106074387607932,-0.7534995386105954,-0.9492560015726731,-0.27743547601154706,-0.3743747503715706,-0.6898908370812065,-0.43006900561827976,2.073644135332772,-0.7089268788723055,-0.37635742136456934,-0.4849427713920723,4
0.6547989737542906,2.256332225068162,-0.48674074084438107,-0.5330487493306738,-0.6106074387607932,0.9339149210948224,-0.9492560015726731,3.60444170434202,-0.3743747503715706,1.4495046842929602,-0.43006900561827976,2.073644135332772,1.4105827128331005,-0.37635742136456934,-0.4849427713920723,3
-0.8762750972300065,-0.8595975512004642,-0.48674074084438107,-0.5330487493306738,1.6377134252236851,-0.7534995386105954,-0.9492560015726731,-0.27743547601154706,-0.3743747503715706,-0.6898908370812065,-0.43006900561827976,-0.4822428221704121,-0.7089268788723055,-0.37635742136456934,2.0620989918653887,7
-0.8762750972300065,0.6983673369338488,-0.48674074084438107,1.87600102477617,-0.6106074387607932,-0.7534995386105954,-0.9492560015726731,-0.27743547601154706,-0.3743747503715706,-0.6898908370812065,-0.43006900561827976,-0.4822428221704121,-0.7089268788723055,-0.37635742136456934,-0.4849427713920723,7
-0.8762750972300065,0.6983673369338488,-0.48674074084438107,-0.5330487493306738,-0.6106074387607932,-0.7534995386105954,1.0534566000565253,-0.27743547601154706,-0.3743747503715706,-0.6898908370812065,-0.43006900561827976,2.073644135332772,1.4105827128331005,-0.37635742136456934,-0.4849427713920723,7
2.1858730447385875,2.256332225068162,2.054481813593895,-0.5330487493306738,-0.6106074387607932,0.9339149210948224,-0.9492560015726731,-0.27743547601154706,-0.3743747503715706,-0.6898908370812065,-0.43006900561827976,-0.4822428221704121,-0.7089268788723055,-0.37635742136456934,2.0620989918653887,4
0.6547989737542906,-0.8595975512004642,-0.48674074084438107,-0.5330487493306738,-0.6106074387607932,-0.7534995386105954,-0.9492560015726731,-0.27743547601154706,-0.3743747503715706,-0.6898908370812065,-0.43006900561827976,-0.4822428221704121,1.4105827128331005,-0.37635742136456934,-0.4849427713920723,4
2.1858730447385875,-0.8595975512004642,-0.48674074084438107,-0.5330487493306738,1.6377134252236851,2.62132938080024,-0.9492560015726731,-0.27743547601154706,-0.3743747503715706,1.4495046842929602,-0.43006900561827976,-0.4822428221704121,-0.7089268788723055,-0.37635742136456934,2.0620989918653887,3
2.1858730447385875,0.6983673369338488,-0.48674074084438107,-0.5330487493306738,-0.6106074387607932,0.9339149210948224,1.0534566000565253,-0.27743547601154706,-0.3743747503715706,1.4495046842929602,-0.43006900561827976,-0.4822428221704121,1.4105827128331005,-0.37635742136456934,-0.4849427713920723,2
0.6547989737542906,2.256332225068162,-0.48674074084438107,-0.5330487493306738,1.6377134252236851,0.9339149210948224,-0.9492560015726731,-0.27743547601154706,-0.3743747503715706,-0.6898908370812065,-0.43006900561827976,2.073644135332772,-0.7089268788723055,-0.37635742136456934,-0.4849427713920723,1
2.1858730447385875,0.6983673369338488,-0.48674074084438107,1.87600102477617,-0.6106074387607932,2.62132938080024,1.0534566000565253,3.60444170434202,-0.3743747503715706,-0.6898908370812065,-0.43006900561827976,-0.4822428221704121,-0.7089268788723055,-0.37635742136456934,2.0620989918653887,2
0.6547989737542906,-0.8595975512004642,-0.48674074084438107,1.87600102477617,-0.6106074387607932,-0.7534995386105954,1.0534566000565253,-0.27743547601154706,-0.3743747503715706,1.4495046842929602,-0.43006900561827976,2.073644135332772,1.4105827128331005,-0.37635742136456934,-0.4849427713920723,6
0.6547989737542906,0.6983673369338488,-0.48674074084438107,-0.5330487493306738,-0.6106074387607932,0.9339149210948224,-0.9492560015726731,3.60444170434202,-0.3743747503715706,-0.6898908370812065,-0.43006900561827976,-0.4822428221704121,-0.7089268788723055,-0.37635742136456934,-0.4849427713920723,6
-0.8762750972300065,0.6983673369338488,-0.48674074084438107,-0.5330487493306738,-0.6106074387607932,0.9339149210948224,-0.9492560015726731,-0.27743547601154706,-0.3743747503715706,1.4495046842929602,-0.43006900561827976,-0.4822428221704121,1.4105827128331005,-0.37635742136456934,-0.4849427713920723,4
0.6547989737542906,-0.8595975512004642,-0.48674074084438107,-0.5330487493306738,-0.6106074387607932,-0.7534995386105954,1.0534566000565253,-0.27743547601154706,2.6711203119534384,-0.6898908370812065,-0.43006900561827976,-0.4822428221704121,-0.7089268788723055,-0.37635742136456934,-0.4849427713920723,8
2.1858730447385875,-0.8595975512004642,2.054481813593895,-0.5330487493306738,1.6377134252236851,-0.7534995386105954,-0.9492560015726731,-0.27743547601154706,-0.3743747503715706,1.4495046842929602,-0.43006900561827976,-0.4822428221704121,-0.7089268788723055,-0.37635742136456934,2.0620989918653887,7
0.6547989737542906,0.6983673369338488,-0.48674074084438107,-0.5330487493306738,-0.6106074387607932,0.9339149210948224,-0.9492560015726731,-0.27743547601154706,-0.3743747503715706,-0.6898908370812065,-0.43006900561827976,-0.4822428221704121,-0.7089268788723055,-0.37635742136456934,2.0620989918653887,5
-0.8762750972300065,-0.8595975512004642,-0.48674074084438107,-0.5330487493306738,-0.6106074387607932,-0.7534995386105954,-0.9492560015726731,-0.27743547601154706,-0.3743747503715706,-0.6898908370812065,-0.43006900561827976,2.073644135332772,-0.7089268788723055,-0.37635742136456934,-0.4849427713920723,7
-0.8762750972300065,0.6983673369338488,-0.48674074084438107,1.87600102477617,1.6377134252236851,-0.7534995386105954,-0.9492560015726731,3.60444170434202,-0.3743747503715706,-0.6898908370812065,-0.43006900561827976,2.073644135332772,-0.7089268788723055,2.657048707513918,-0.4849427713920723,6
-0.8762750972300065,0.6983673369338488,-0.48674074084438107,-0.5330487493306738,1.6377134252236851,-0.7534995386105954,1.0534566000565253,-0.27743547601154706,-0.3743747503715706,-0.6898908370812065,-0.43006900561827976,-0.4822428221704121,-0.7089268788723055,-0.37635742136456934,-0.4849427713920723,8
-0.8762750972300065,-0.8595975512004642,-0.48674074084438107,-0.5330487493306738,-0.6106074387607932,0.9339149210948224,1.0534566000565253,-0.27743547601154706,-0.3743747503715706,-0.6898908370812065,-0.43006900561827976,-0.4822428221704121,-0.7089268788723055,-0.37635742136456934,-0.4849427713920723,4
0.6547989737542906,-0.8595975512004642,-0.48674074084438107,-0.5330487493306738,-0.6106074387607932,0.9339149210948224,-0.9492560015726731,-0.27743547601154706,-0.3743747503715706,-0.6898908370812065,2.325208250155974,2.073644135332772,-0.7089268788723055,-0.37635742136456934,-0.4849427713920723,4
-0.8762750972300065,-0.8595975512004642,-0.48674074084438107,-0.5330487493306738,-0.6106074387607932,-0.7534995386105954,-0.9492560015726731,-0.27743547601154706,-0.3743747503715706,-0.6898908370812065,2.325208250155974,-0.4822428221704121,-0.7089268788723055,-0.37635742136456934,2.0620989918653887,8
2.1858730447385875,2.256332225068162,2.054481813593895,-0.5330487493306738,-0.6106074387607932,0.9339149210948224,-0.9492560015726731,-0.27743547601154706,-0.3743747503715706,-0.6898908370812065,-0.43006900561827976,-0.4822428221704121,-0.7089268788723055,2.657048707513918,-0.4849427713920723,2
-0.8762750972300065,-0.8595975512004642,-0.48674074084438107,1.87600102477617,1.6377134252236851,-0.7534995386105954,1.0534566000565253,3.60444170434202,-0.3743747503715706,-0.6898908370812065,-0.43006900561827976,2.073644135332772,1.4105827128331005,-0.37635742136456934,-0.4849427713920723,8
0.6547989737542906,0.6983673369338488,-0.48674074084438107,1.87600102477617,-0.6106074387607932,-0.7534995386105954,1.0534566000565253,-0.27743547601154706,-0.3743747503715706,-0.6898908370812065,-0.43006900561827976,-0.4822428221704121,-0.7089268788723055,-0.37635742136456934,2.0620989918653887,8
0.6547989737542906,0.6983673369338488,-0.48674074084438107,-0.5330487493306738,-0.6106074387607932,-0.7534995386105954,-0.9492560015726731,-0.27743547601154706,-0.3743747503715706,-0.6898908370812065,-0.43006900561827976,-0.4822428221704121,1.4105827128331005,-0.37635742136456934,-0.4849427713920723,6
0.6547989737542906,-0.8595975512004642,-0.48674074084438107,-0.5330487493306738,1.6377134252236851,0.9339149210948224,1.0534566000565253,-0.27743547601154706,2.6711203119534384,-0.6898908370812065,-0.43006900561827976,-0.4822428221704121,-0.7089268788723055,-0.37635742136456934,-0.4849427713920723,4
-0.8762750972300065,0.6983673369338488,-0.48674074084438107,-0.5330487493306738,-0.6106074387607932,0.9339149210948224,-0.9492560015726731,-0.27743547601154706,-0.3743747503715706,1.4495046842929602,-0.43006900561827976,-0.4822428221704121,-0.7089268788723055,-0.37635742136456934,-0.4849427713920723,5
-0.8762750972300065,-0.8595975512004642,-0.48674074084438107,1.87600102477617,-0.6106074387607932,-0.7534995386105954,1.0534566000565253,-0.27743547601154706,-0.3743747503715706,-0.6898908370812065,-0.43006900561827976,-0.4822428221704121,-0.7089268788723055,-0.37635742136456934,-0.4849427713920723,8
0.6547989737542906,0.6983673369338488,-0.48674074084438107,1.87600102477617,-0.6106074387607932,0.9339149210948224,1.0534566000565253,-0.27743547601154706,-0.3743747503715706,-0.6898908370812065,-0.43006900561827976,2.073644135332772,1.4105827128331005,-0.37635742136456934,-0.4849427713920723,4
-0.8762750972300065,-0.8595975512004642,-0.48674074084438107,-0.5330487493306738,-0.6106074387607932,0.9339149210948224,1.0534566000565253,-0.27743547601154706,-0.3743747503715706,-0.6898908370812065,-0.43006900561827976,-0.4822428221704121,-0.7089268788723055,-0.37635742136456934,-0.4849427713920723,7
2.1858730447385875,-0.8595975512004642,-0.48674074084438107,-0.5330487493306738,-0.6106074387607932,-0.7534995386105954,-0.9492560015726731,-0.27743547601154706,-0.3743747503715706,-0.6898908370812065,-0.43006900561827976,2.073644135332772,1.4105827128331005,2.657048707513918,-0.4849427713920723,1
0.6547989737542906,2.256332225068162,-0.48674074084438107,-0.5330487493306738,1.6377134252236851,0.9339149210948224,1.0534566000565253,-0.27743547601154706,-0.3743747503715706,-0.6898908370812065,-0.43006900561827976,2.073644135332772,1.4105827128331005,-0.37635742136456934,-0.4849427713920723,4
-0.8762750972300065,-0.8595975512004642,2.054481813593895,-0.5330487493306738,-0.6106074387607932,-0.7534995386105954,-0.9492560015726731,-0.27743547601154706,-0.3743747503715706,-0.6898908370812065,2.325208250155974,-0.4822428221704121,-0.7089268788723055,-0.37635742136456934,-0.4849427713920723,7
0.6547989737542906,0.6983673369338488,2.054481813593895,-0.5330487493306738,1.6377134252236851,-0.7534995386105954,-0.9492560015726731,-0.27743547601154706,2.6711203119534384,1.4495046842929602,-0.43006900561827976,-0.4822428221704121,1.4105827128331005,-0.37635742136456934,-0.4849427713920723,5
-0.8762750972300065,-0.8595975512004642,-0.48674074084438107,-0.5330487493306738,-0.6106074387607932,0.9339149210948224,1.0534566000565253,-0.27743547601154706,-0.3743747503715706,-0.6898908370812065,-0.43006900561827976,2.073644135332772,-0.7089268788723055,-0.37635742136456934,-0.4849427713920723,7
-0.8762750972300065,0.6983673369338488,-0.48674074084438107,1.87600102477617,1.6377134252236851,-0.7534995386105954,-0.9492560015726731,-0.27743547601154706,2.6711203119534384,-0.6898908370812065,-0.43006900561827976,-0.4822428221704121,-0.7089268788723055,-0.37635742136456934,-0.4849427713920723,7
-0.8762750972300065,0.6983673369338488,-0.48674074084438107,1.87600102477617,1.6377134252236851,-0.7534995386105954,1.0534566000565253,-0.27743547601154706,-0.3743747503715706,-0.6898908370812065,-0.43006900561827976,-0.4822428221704121,-0.7089268788723055,-0.37635742136456934,-0.4849427713920723,8
0.6547989737542906,0.6983673369338488,-0.48674074084438107,-0.5330487493306738,-0.6106074387607932,0.9339149210948224,1.0534566000565253,-0.27743547601154706,-0.3743747503715706,-0.6898908370812065,-0.43006900561827976,2.073644135332772,-0.7089268788723055,-0.37635742136456934,-0.4849427713920723,3
0.6547989737542906,0.6983673369338488,2.054481813593895,1.87600102477617,-0.6106074387607932,-0.7534995386105954,-0.9492560015726731,-0.27743547601154706,-0.3743747503715706,-0.6898908370812065,-0.43006900561827976,-0.4822428221704121,-0.7089268788723055,-0.37635742136456934,-0.4849427713920723,7
0.6547989737542906,-0.8595975512004642,-0.48674074084438107,-0.5330487493306738,-0.6106074387607932,-0.7534995386105954,1.0534566000565253,-0.27743547601154706,-0.3743747503715706,-0.6898908370812065,-0.43006900561827976,-0.4822428221704121,1.4105827128331005,-0.37635742136456934,-0.4849427713920723,6
-0.8762750972300065,-0.8595975512004642,-0.48674074084438107,-0.5330487493306738,-0.6106074387607932,-0.7534995386105954,-0.9492560015726731,-0.27743547601154706,-0.3743747503715706,-0.6898908370812065,-0.43006900561827976,-0.4822428221704121,-0.7089268788723055,2.657048707513918,-0.4849427713920723,8
-0.8762750972300065,-0.8595975512004642,-0.48674074084438107,-0.5330487493306738,-0.6106074387607932,0.9339149210948224,-0.9492560015726731,-0.27743547601154706,-0.3743747503715706,-0.6898908370812065,-0.43006900561827976,-0.4822428221704121,-0.7089268788723055,-0.37635742136456934,2.0620989918653887,6
2.1858730447385875,-0.8595975512004642,-0.48674074084438107,-0.5330487493306738,-0.6106074387607932,-0.7534995386105954,-0.9492560015726731,-0.27743547601154706,-0.3743747503715706,-0.6898908370812065,-0.43006900561827976,-0.4822428221704121,1.4105827128331005,-0.37635742136456934,-0.4849427713920723,4
-0.8762750972300065,0.6983673369338488,-0.48674074084438107,-0.5330487493306738,-0.6106074387607932,-0.7534995386105954,-0.9492560015726731,-0.27743547601154706,-0.3743747503715706,-0.6898908370812065,-0.43006900561827976,2.073644135332772,-0.7089268788723055,-0.37635742136456934,-0.4849427713920723,6
-0.8762750972300065,-0.8595975512004642,-0.48674074084438107,1.87600102477617,1.6377134252236851,-0.7534995386105954,1.0534566000565253,-0.27743547601154706,2.6711203119534384,1.4495046842929602,-0.43006900561827976,-0.4822428221704121,1.4105827128331005,-0.37635742136456934,-0.4849427713920723,7
2.1858730447385875,-0.8595975512004642,-0.48674074084438107,-0.5330487493306738,-0.6106074387607932,0.9339149210948224,1.0534566000565253,-0.27743547601154706,-0.3743747503715706,1.4495046842929602,-0.43006900561827976,2.073644135332772,1.4105827128331005,2.657048707513918,-0.4849427713920723,5
-0.8762750972300065,-0.8595975512004642,-0.48674074084438107,-0.5330487493306738,1.6377134252236851,-0.7534995386105954,-0.9492560015726731,-0.27743547601154706,-0.3743747503715706,-0.6898908370812065,-0.43006900561827976,-0.4822428221704121,-0.7089268788723055,-0.37635742136456934,-0.4849427713920723,8
0.6547989737542906,-0.8595975512004642,-0.48674074084438107,1.87600102477617,1.6377134252236851,-0.7534995386105954,1.0534566000565253,-0.27743547601154706,-0.3743747503715706,-0.6898908370812065,-0.43006900561827976,-0.4822428221704121,-0.7089268788723055,-0.37635742136456934,-0.4849427713920723,6
-0.8762750972300065,-0.8595975512004642,-0.48674074084438107,1.87600102477617,-0.6106074387607932,0.9339149210948224,1.0534566000565253,-0.27743547601154706,-0.3743747503715706,-0.6898908370812065,-0.43006900561827976,2.073644135332772,1.4105827128331005,-0.37635742136456934,-0.4849427713920723,7
0.6547989737542906,0.6983673369338488,-0.48674074084438107,-0.5330487493306738,1.6377134252236851,0.9339149210948224,-0.9492560015726731,-0.27743547601154706,-0.3743747503715706,-0.6898908370812065,-0.43006900561827976,-0.4822428221704121,-0.7089268788723055,-0.37635742136456934,-0.4849427713920723,6
0.6547989737542906,0.6983673369338488,-0.48674074084438107,-0.5330487493306738,-0.6106074387607932,-0.7534995386105954,-0.9492560015726731,3.60444170434202,-0.3743747503715706,-0.6898908370812065,-0.43006900561827976,2.073644135332772,1.4105827128331005,-0.37635742136456934,-0.4849427713920723,7
-0.8762750972300065,0.6983673369338488,-0.48674074084438107,-0.5330487493306738,-0.6106074387607932,0.9339149210948224,-0.9492560015726731,-0.27743547601154706,-0.3743747503715706,1.4495046842929602,2.325208250155974,-0.4822428221704121,-0.7089268788723055,-0.37635742136456934,2.0620989918653887,7
0.6547989737542906,0.6983673369338488,-0.48674074084438107,-0.5330487493306738,-0.6106074387607932,-0.7534995386105954,1.0534566000565253,-0.27743547601154706,-0.3743747503715706,-0.6898908370812065,-0.43006900561827976,-0.4822428221704121,-0.7089268788723055,-0.37635742136456934,-0.4849427713920723,4
0.6547989737542906,0.6983673369338488,-0.48674074084438107,-0.5330487493306738,1.6377134252236851,-0.7534995386105954,-0.9492560015726731,-0.27743547601154706,-0.3743747503715706,1.4495046842929602,-0.43006900561827976,2.073644135332772,1.4105827128331005,-0.37635742136456934,-0.4849427713920723,3
0.6547989737542906,-0.8595975512004642,-0.48674074084438107,-0.5330487493306738,-0.6106074387607932,-0.7534995386105954,-0.9492560015726731,-0.27743547601154706,-0.3743747503715706,1.4495046842929602,-0.43006900561827976,-0.4822428221704121,1.4105827128331005,-0.37635742136456934,-0.4849427713920723,5
2.1858730447385875,0.6983673369338488,-0.48674074084438107,-0.5330487493306738,-0.6106074387607932,0.9339149210948224,-0.9492560015726731,-0.27743547601154706,-0.3743747503715706,-0.6898908370812065,-0.43006900561827976,-0.4822428221704121,-0.7089268788723055,2.657048707513918,-0.4849427713920723,3
0.6547989737542906,-0.8595975512004642,2.054481813593895,-0.5330487493306738,1.6377134252236851,0.9339149210948224,-0.9492560015726731,-0.27743547601154706,-0.3743747503715706,-0.6898908370812065,-0.43006900561827976,-0.4822428221704121,-0.7089268788723055,-0.37635742136456934,-0.4849427713920723,6
0.6547989737542906,0.6983673369338488,-0.48674074084438107,-0.5330487493306738,-0.6106074387607932,-0.7534995386105954,1.0534566000565253,-0.27743547601154706,-0.3743747503715706,1.4495046842929602,-0.43006900561827976,-0.4822428221704121,1.4105827128331005,-0.37635742136456934,-0.4849427713920723,4
-0.8762750972300065,-0.8595975512004642,-0.48674074084438107,-0.5330487493306738,1.6377134252236851,-0.7534995386105954,1.0534566000565253,3.60444170434202,-0.3743747503715706,1.4495046842929602,-0.43006900561827976,2.073644135332772,1.4105827128331005,-0.37635742136456934,-0.4849427713920723,8
0.6547989737542906,2.256332225068162,-0.48674074084438107,-0.5330487493306738,-0.6106074387607932,0.9339149210948224,-0.9492560015726731,-0.27743547601154706,-0.3743747503715706,1.4495046842929602,2.325208250155974,2.073644135332772,-0.7089268788723055,-0.37635742136456934,-0.4849427713920723,2
-0.8762750972300065,0.6983673369338488,-0.48674074084438107,-0.5330487493306738,-0.6106074387607932,-0.7534995386105954,-0.9492560015726731,-0.27743547601154706,-0.3743747503715706,1.4495046842929602,-0.43006900561827976,-0.4822428221704121,-0.7089268788723055,-0.37635742136456934,-0.4849427713920723,3
0.6547989737542906,0.6983673369338488,-0.48674074084438107,-0.5330487493306738,-0.6106074387607932,0.9339149210948224,1.0534566000565253,-0.27743547601154706,-0.3743747503715706,1.4495046842929602,-0.43006900561827976,2.073644135332772,-0.7089268788723055,-0.37635742136456934,-0.4849427713920723,7
0.6547989737542906,2.256332225068162,-0.48674074084438107,-0.5330487493306738,-0.6106074387607932,-0.7534995386105954,-0.9492560015726731,-0.27743547601154706,-0.3743747503715706,-0.6898908370812065,-0.43006900561827976,-0.4822428221704121,-0.7089268788723055,2.657048707513918,2.0620989918653887,6
-0.8762750972300065,2.256332225068162,-0.48674074084438107,-0.5330487493306738,-0.6106074387607932,-0.7534995386105954,-0.9492560015726731,3.60444170434202,-0.3743747503715706,1.4495046842929602,-0.43006900561827976,-0.4822428221704121,-0.7089268788723055,-0.37635742136456934,-0.4849427713920723,4
0.6547989737542906,-0.8595975512004642,-0.48674074084438107,-0.5330487493306738,-0.6106074387607932,-0.7534995386105954,-0.9492560015726731,-0.27743547601154706,-0.3743747503715706,1.4495046842929602,-0.43006900561827976,-0.4822428221704121,-0.7089268788723055,2.657048707513918,-0.4849427713920723,3
0.6547989737542906,2.256332225068162,-0.48674074084438107,1.87600102477617,-0.6106074387607932,-0.7534995386105954,-0.9492560015726731,-0.27743547601154706,-0.3743747503715706,1.4495046842929602,-0.43006900561827976,-0.4822428221704121,-0.7089268788723055,-0.37635742136456934,-0.4849427713920723,3
0.6547989737542906,0.6983673369338488,-0.48674074084438107,-0.5330487493306738,1.6377134252236851,0.9339149210948224,-0.9492560015726731,-0.27743547601154706,-0.3743747503715706,1.4495046842929602,-0.43006900561827976,-0.4822428221704121,-0.7089268788723055,-0.37635742136456934,-0.4849427713920723,5
-0.8762750972300065,0.6983673369338488,-0.48674074084438107,-0.5330487493306738,-0.6106074387607932,-0.7534995386105954,1.0534566000565253,-0.27743547601154706,-0.3743747503715706,-0.6898908370812065,-0.43006900561827976,-0.4822428221704121,1.4105827128331005,-0.37635742136456934,-0.4849427713920723,4
0.6547989737542906,-0.8595975512004642,-0.48674074084438107,-0.5330487493306738,1.6377134252236851,-0.7534995386105954,1.0534566000565253,-0.27743547601154706,-0.3743747503715706,-0.6898908370812065,-0.43006900561827976,-0.4822428221704121,1.4105827128331005,-0.37635742136456934,-0.4849427713920723,7
-0.8762750972300065,-0.8595975512004642,2.054481813593895,1.87600102477617,1.6377134252236851,-0.7534995386105954,1.0534566000565253,-0.27743547601154706,-0.3743747503715706,-0.6898908370812065,-0.43006900561827976,-0.4822428221704121,-0.7089268788723055,-0.37635742136456934,-0.4849427713920723,8
0.6547989737542906,2.256332225068162,-0.48674074084438107,-0.5330487493306738,-0.6106074387607932,-0.7534995386105954,1.0534566000565253,-0.27743547601154706,-0.3743747503715706,-0.6898908370812065,-0.43006900561827976,-0.4822428221704121,-0.7089268788723055,-0.37635742136456934,-0.4849427713920723,4
-0.8762750972300065,0.6983673369338488,-0.48674074084438107,-0.5330487493306738,-0.6106074387607932,0.9339149210948224,-0.9492560015726731,3.60444170434202,-0.3743747503715706,-0.6898908370812065,-0.43006900561827976,-0.4822428221704121,1.4105827128331005,-0.37635742136456934,-0.4849427713920723,4
-0.8762750972300065,-0.8595975512004642,2.054481813593895,-0.5330487493306738,1.6377134252236851,-0.7534995386105954,-0.9492560015726731,-0.27743547601154706,2.6711203119534384,-0.6898908370812065,2.325208250155974,-0.4822428221704121,-0.7089268788723055,-0.37635742136456934,-0.4849427713920723,9
2.1858730447385875,-0.8595975512004642,-0.48674074084438107,-0.5330487493306738,-0.6106074387607932,-0.7534995386105954,-0.9492560015726731,-0.27743547601154706,-0.3743747503715706,1.4495046842929602,-0.43006900561827976,2.073644135332772,1.4105827128331005,-0.37635742136456934,-0.4849427713920723,4
-0.8762750972300065,-0.8595975512004642,2.054481813593895,1.87600102477617,-0.6106074387607932,-0.7534995386105954,-0.9492560015726731,-0.27743547601154706,-0.3743747503715706,-0.6898908370812065,-0.43006900561827976,-0.4822428221704121,1.4105827128331005,-0.37635742136456934,2.0620989918653887,7
0.6547989737542906,0.6983673369338488,-0.48674074084438107,-0.5330487493306738,1.6377134252236851,0.9339149210948224,1.0534566000565253,-0.27743547601154706,-0.3743747503715706,1.4495046842929602,-0.43006900561827976,-0.4822428221704121,1.4105827128331005,2.657048707513918,-0.4849427713920723,4
-0.8762750972300065,0.6983673369338488,-0.48674074084438107,-0.5330487493306738,-0.6106074387607932,0.9339149210948224,1.0534566000565253,-0.27743547601154706,-0.3743747503715706,-0.6898908370812065,-0.43006900561827976,-0.4822428221704121,-0.7089268788723055,-0.37635742136456934,2.0620989918653887,4
-0.8762750972300065,-0.8595975512004642,2.054481813593895,-0.5330487493306738,-0.6106074387607932,-0.7534995386105954,-0.9492560015726731,-0.27743547601154706,-0.3743747503715706,-0.6898908370812065,2.325208250155974,-0.4822428221704121,-0.7089268788723055,-0.37635742136456934,2.0620989918653887,7
-0.8762750972300065,-0.8595975512004642,-0.48674074084438107,-0.5330487493306738,1.6377134252236851,0.9339149210948224,1.0534566000565253,-0.27743547601154706,-0.3743747503715706,-0.6898908370812065,-0.43006900561827976,-0.4822428221704121,1.4105827128331005,-0.37635742136456934,-0.4849427713920723,8
-0.8762750972300065,-0.8595975512004642,2.054481813593895,-0.5330487493306738,1.6377134252236851,-0.7534995386105954,1.0534566000565253,-0.27743547601154706,-0.3743747503715706,-0.6898908370812065,-0.43006900561827976,-0.4822428221704121,1.4105827128331005,-0.37635742136456934,2.0620989918653887,8
-0.8762750972300065,-0.8595975512004642,-0.48674074084438107,-0.5330487493306738,-0.6106074387607932,2.62132938080024,-0.9492560015726731,-0.27743547601154706,-0.3743747503715706,-0.6898908370812065,-0.43006900561827976,2.073644135332772,-0.7089268788723055,-0.37635742136456934,-0.4849427713920723,5
0.6547989737542906,2.256332225068162,-0.48674074084438107,-0.5330487493306738,-0.6106074387607932,-0.7534995386105954,-0.9492560015726731,-0.27743547601154706,-0.3743747503715706,1.4495046842929602,-0.43006900561827976,-0.4822428221704121,-0.7089268788723055,-0.37635742136456934,2.0620989918653887,3
2.1858730447385875,0.6983673369338488,-0.48674074084438107,-0.5330487493306738,-0.6106074387607932,0.9339149210948224,-0.9492560015726731,-0.27743547601154706,-0.3743747503715706,-0.6898908370812065,-0.43006900561827976,-0.4822428221704121,-0.7089268788723055,-0.37635742136456934,2.0620989918653887,4
-0.8762750972300065,-0.8595975512004642,2.054481813593895,-0.5330487493306738,1.6377134252236851,-0.7534995386105954,1.0534566000565253,-0.27743547601154706,-0.3743747503715706,1.4495046842929602,2.325208250155974,-0.4822428221704121,-0.7089268788723055,-0.37635742136456934,-0.4849427713920723,8
-0.8762750972300065,-0.8595975512004642,-0.48674074084438107,-0.5330487493306738,-0.6106074387607932,0.9339149210948224,-0.9492560015726731,-0.27743547601154706,-0.3743747503715706,1.4495046842929602,-0.43006900561827976,-0.4822428221704121,-0.7089268788723055,-0.37635742136456934,-0.4849427713920723,4
-0.8762750972300065,-0.8595975512004642,-0.48674074084438107,1.87600102477617,-0.6106074387607932,-0.7534995386105954,-0.9492560015726731,-0.27743547601154706,-0.3743747503715706,1.4495046842929602,-0.43006900561827976,-0.4822428221704121,1.4105827128331005,-0.37635742136456934,-0.4849427713920723,7
-0.8762750972300065,0.6983673369338488,-0.48674074084438107,1.87600102477617,-0.6106074387607932,-0.7534995386105954,1.0534566000565253,-0.27743547601154706,-0.3743747503715706,1.4495046842929602,-0.43006900561827976,-0.4822428221704121,-0.7089268788723055,-0.37635742136456934,-0.4849427713920723,7
-0.8762750972300065,-0.8595975512004642,2.054481813593895,-0.5330487493306738,-0.6106074387607932,0.9339149210948224,-0.9492560015726731,-0.27743547601154706,2.6711203119534384,-0.6898908370812065,-0.43006900561827976,-0.4822428221704121,-0.7089268788723055,-0.37635742136456934,-0.4849427713920723,7
0.6547989737542906,-0.8595975512004642,-0.48674074084438107,-0.5330487493306738,-0.6106074387607932,-0.7534995386105954,-0.9492560015726731,-0.27743547601154706,-0.3743747503715706,1.4495046842929602,2.325208250155974,-0.4822428221704121,1.4105827128331005,-0.37635742136456934,-0.4849427713920723,7
-0.8762750972300065,0.6983673369338488,2.054481813593895,1.87600102477617,1.6377134252236851,-0.7534995386105954,1.0534566000565253,-0.27743547601154706,-0.3743747503715706,1.4495046842929602,-0.43006900561827976,-0.4822428221704121,-0.7089268788723055,-0.37635742136456934,-0.4849427713920723,7
2.1858730447385875,0.6983673369338488,-0.48674074084438107,-0.5330487493306738,-0.6106074387607932,0.9339149210948224,1.0534566000565253,-0.27743547601154706,-0.3743747503715706,1.4495046842929602,-0.43006900561827976,2.073644135332772,-0.7089268788723055,2.657048707513918,-0.4849427713920723,7
0.6547989737542906,0.6983673369338488,-0.48674074084438107,-0.5330487493306738,-0.6106074387607932,0.9339149210948224,-0.9492560015726731,-0.27743547601154706,-0.3743747503715706,1.4495046842929602,-0.43006900561827976,-0.4822428221704121,-0.7089268788723055,-0.37635742136456934,-0.4849427713920723,4
2.1858730447385875,-0.8595975512004642,2.054481813593895,-0.5330487493306738,-0.6106074387607932,2.62132938080024,-0.9492560015726731,-0.27743547601154706,-0.3743747503715706,-0.6898908370812065,2.325208250155974,-0.4822428221704121,-0.7089268788723055,-0.37635742136456934,2.0620989918653887,7
0.6547989737542906,-0.8595975512004642,-0.48674074084438107,-0.5330487493306738,-0.6106074387607932,0.9339149210948224,1.0534566000565253,3.60444170434202,-0.3743747503715706,-0.6898908370812065,-0.43006900561827976,-0.4822428221704121,-0.7089268788723055,-0.37635742136456934,-0.4849427713920723,4
0.6547989737542906,-0.8595975512004642,-0.48674074084438107,-0.5330487493306738,1.6377134252236851,-0.7534995386105954,1.0534566000565253,-0.27743547601154706,-0.3743747503715706,-0.6898908370812065,-0.43006900561827976,2.073644135332772,1.4105827128331005,-0.37635742136456934,-0.4849427713920723,7
0.6547989737542906,-0.8595975512004642,-0.48674074084438107,-0.5330487493306738,1.6377134252236851,0.9339149210948224,-0.9492560015726731,-0.27743547601154706,-0.3743747503715706,-0.6898908370812065,-0.43006900561827976,-0.4822428221704121,-0.7089268788723055,-0.37635742136456934,2.0620989918653887,5
0.6547989737542906,2.256332225068162,-0.48674074084438107,-0.5330487493306738,1.6377134252236851,2.62132938080024,-0.9492560015726731,3.60444170434202,-0.3743747503715706,-0.6898908370812065,-0.43006900561827976,2.073644135332772,1.4105827128331005,-0.37635742136456934,-0.4849427713920723,1
0.6547989737542906,-0.8595975512004642,-0.48674074084438107,-0.5330487493306738,-0.6106074387607932,0.9339149210948224,1.0534566000565253,-0.27743547601154706,-0.3743747503715706,-0.6898908370812065,-0.43006900561827976,-0.4822428221704121,1.4105827128331005,-0.37635742136456934,-0.4849427713920723,7
-0.8762750972300065,0.6983673369338488,2.054481813593895,-0.5330487493306738,-0.6106074387607932,-0.7534995386105954,-0.9492560015726731,-0.27743547601154706,-0.3743747503715706,1.4495046842929602,-0.43006900561827976,-0.4822428221704121,1.4105827128331005,-0.37635742136456934,2.0620989918653887,7
-0.8762750972300065,0.6983673369338488,-0.48674074084438107,1.87600102477617,-0.6106074387607932,-0.7534995386105954,1.0534566000565253,-0.27743547601154706,-0.3743747503715706,-0.6898908370812065,-0.43006900561827976,-0.4822428221704121,-0.7089268788723055,2.657048707513918,-0.4849427713920723,5
0.6547989737542906,0.6983673369338488,-0.48674074084438107,-0.5330487493306738,1.6377134252236851,0.9339149210948224,-0.9492560015726731,-0.27743547601154706,-0.3743747503715706,1.4495046842929602,-0.43006900561827976,-0.4822428221704121,-0.7089268788723055,-0.37635742136456934,2.0620989918653887,4
2.1858730447385875,2.256332225068162,-0.48674074084438107,-0.5330487493306738,-0.6106074387607932,2.62132938080024,-0.9492560015726731,-0.27743547601154706,-0.3743747503715706,1.4495046842929602,2.325208250155974,-0.4822428221704121,1.4105827128331005,-0.37635742136456934,-0.4849427713920723,3
2.1858730447385875,2.256332225068162,-0.48674074084438107,-0.5330487493306738,-0.6106074387607932,2.62132938080024,-0.9492560015726731,-0.27743547601154706,2.6711203119534384,-0.6898908370812065,-0.43006900561827976,-0.4822428221704121,-0.7089268788723055,-0.37635742136456934,-0.4849427713920723,2
0.6547989737542906,-0.8595975512004642,-0.48674074084438107,1.87600102477617,1.6377134252236851,0.9339149210948224,-0.9492560015726731,3.60444170434202,2.6711203119534384,-0.6898908370812065,-0.43006900561827976,-0.4822428221704121,-0.7089268788723055,-0.37635742136456934,-0.4849427713920723,4
-0.8762750972300065,0.6983673369338488,-0.48674074084438107,-0.5330487493306738,-0.6106074387607932,-0.7534995386105954,1.0534566000565253,-0.27743547601154706,-0.3743747503715706,1.4495046842929602,-0.43006900561827976,-0.4822428221704121,1.4105827128331005,-0.37635742136456934,-0.4849427713920723,6
-0.8762750972300065,-0.8595975512004642,-0.48674074084438107,-0.5330487493306738,-0.6106074387607932,-0.7534995386105954,1.0534566000565253,-0.27743547601154706,-0.3743747503715706,-0.6898908370812065,-0.43006900561827976,2.073644135332772,-0.7089268788723055,-0.37635742136456934,2.0620989918653887,6
0.6547989737542906,-0.8595975512004642,2.054481813593895,-0.5330487493306738,1.6377134252236851,0.9339149210948224,1.0534566000565253,-0.27743547601154706,-0.3743747503715706,-0.6898908370812065,2.325208250155974,-0.4822428221704121,-0.7089268788723055,-0.37635742136456934,2.0620989918653887,8
-0.8762750972300065,-0.8595975512004642,2.054481813593895,1.87600102477617,-0.6106074387607932,0.9339149210948224,-0.9492560015726731,-0.27743547601154706,-0.3743747503715706,1.4495046842929602,2.325208250155974,-0.4822428221704121,-0.7089268788723055,-0.37635742136456934,-0.4849427713920723,8
-0.8762750972300065,-0.8595975512004642,-0.48674074084438107,1.87600102477617,-0.6106074387607932,0.9339149210948224,1.0534566000565253,-0.27743547601154706,-0.3743747503715706,-0.6898908370812065,-0.43006900561827976,2.073644135332772,-0.7089268788723055,-0.37635742136456934,-0.4849427713920723,8
0.6547989737542906,0.6983673369338488,-0.48674074084438107,-0.5330487493306738,-0.6106074387607932,-0.7534995386105954,-0.9492560015726731,-0.27743547601154706,-0.3743747503715706,1.4495046842929602,-0.43006900561827976,-0.4822428221704121,-0.7089268788723055,-0.37635742136456934,2.0620989918653887,3
0.6547989737542906,-0.8595975512004642,-0.48674074084438107,-0.5330487493306738,-0.6106074387607932,0.9339149210948224,-0.9492560015726731,3.60444170434202,-0.3743747503715706,1.4495046842929602,2.325208250155974,-0.4822428221704121,-0.7089268788723055,2.657048707513918,-0.4849427713920723,4
-0.8762750972300065,0.6983673369338488,-0.48674074084438107,-0.5330487493306738,-0.6106074387607932,0.9339149210948224,-0.9492560015726731,-0.27743547601154706,-0.3743747503715706,1.4495046842929602,-0.43006900561827976,2.073644135332772,1.4105827128331005,-0.37635742136456934,-0.4849427713920723,3
-0.8762750972300065,0.6983673369338488,-0.48674074084438107,-0.5330487493306738,1.6377134252236851,-0.7534995386105954,-0.9492560015726731,-0.27743547601154706,-0.3743747503715706,-0.6898908370812065,-0.43006900561827976,2.073644135332772,1.4105827128331005,-0.37635742136456934,-0.4849427713920723,4
0.6547989737542906,2.256332225068162,-0.48674074084438107,-0.5330487493306738,-0.6106074387607932,-0.7534995386105954,-0.9492560015726731,3.60444170434202,-0.3743747503715706,1.4495046842929602,-0.43006900561827976,-0.4822428221704121,-0.7089268788723055,-0.37635742136456934,2.0620989918653887,1
0.6547989737542906,2.256332225068162,-0.48674074084438107,-0.5330487493306738,-0.6106074387607932,-0.7534995386105954,-0.9492560015726731,-0.27743547601154706,-0.3743747503715706,-0.6898908370812065,-0.43006900561827976,-0.4822428221704121,1.4105827128331005,2.657048707513918,-0.4849427713920723,4
-0.8762750972300065,-0.8595975512004642,-0.48674074084438107,-0.5330487493306738,1.6377134252236851,0.9339149210948224,-0.9492560015726731,-0.27743547601154706,2.6711203119534384,-0.6898908370812065,-0.43006900561827976,-0.4822428221704121,1.4105827128331005,-0.37635742136456934,-0.4849427713920723,7
-0.8762750972300065,0.6983673369338488,-0.48674074084438107,-0.5330487493306738,-0.6106074387607932,-0.7534995386105954,-0.9492560015726731,3.60444170434202,-0.3743747503715706,1.4495046842929602,-0.43006900561827976,2.073644135332772,1.4105827128331005,2.657048707513918,2.0620989918653887,7
-0.8762750972300065,0.6983673369338488,-0.48674074084438107,-0.5330487493306738,-0.6106074387607932,-0.7534995386105954,-0.9492560015726731,-0.27743547601154706,-0.3743747503715706,1.4495046842929602,-0.43006900561827976,-0.4822428221704121,1.4105827128331005,-0.37635742136456934,-0.4849427713920723,6
0.6547989737542906,0.6983673369338488,-0.48674074084438107,-0.5330487493306738,-0.6106074387607932,-0.7534995386105954,-0.9492560015726731,-0.27743547601154706,-0.3743747503715706,1.4495046842929602,-0.43006900561827976,-0.4822428221704121,-0.7089268788723055,-0.37635742136456934,-0.4849427713920723,5
-0.8762750972300065,0.6983673369338488,-0.48674074084438107,-0.5330487493306738,1.6377134252236851,-0.7534995386105954,1.0534566000565253,-0.27743547601154706,-0.3743747503715706,1.4495046842929602,2.325208250155974,-0.4822428221704121,1.4105827128331005,-0.37635742136456934,-0.4849427713920723,6
0.6547989737542906,-0.8595975512004642,-0.48674074084438107,1.87600102477617,-0.6106074387607932,-0.7534995386105954,1.0534566000565253,-0.27743547601154706,-0.3743747503715706,-0.6898908370812065,2.325208250155974,-0.4822428221704121,-0.7089268788723055,-0.37635742136456934,2.0620989918653887,7
-0.8762750972300065,-0.8595975512004642,-0.48674074084438107,1.87600102477617,-0.6106074387607932,-0.7534995386105954,1.0534566000565253,-0.27743547601154706,-0.3743747503715706,-0.6898908370812065,-0.43006900561827976,-0.4822428221704121,-0.7089268788723055,-0.37635742136456934,-0.4849427713920723,8
-0.8762750972300065,0.6983673369338488,-0.48674074084438107,-0.5330487493306738,1.6377134252236851,-0.7534995386105954,1.0534566000565253,-0.27743547601154706,-0.3743747503715706,-0.6898908370812065,-0.43006900561827976,-0.4822428221704121,-0.7089268788723055,-0.37635742136456934,-0.4849427713920723,7
-0.8762750972300065,0.6983673369338488,-0.48674074084438107,-0.5330487493306738,-0.6106074387607932,0.9339149210948224,-0.9492560015726731,-0.27743547601154706,-0.3743747503715706,-0.6898908370812065,-0.43006900561827976,-0.4822428221704121,-0.7089268788723055,2.657048707513918,-0.4849427713920723,3
-0.8762750972300065,-0.8595975512004642,-0.48674074084438107,-0.5330487493306738,-0.6106074387607932,0.9339149210948224,-0.9492560015726731,-0.27743547601154706,-0.3743747503715706,-0.6898908370812065,-0.43006900561827976,-0.4822428221704121,-0.7089268788723055,-0.37635742136456934,-0.4849427713920723,7
-0.8762750972300065,-0.8595975512004642,-0.48674074084438107,-0.5330487493306738,-0.6106074387607932,-0.7534995386105954,1.0534566000565253,-0.27743547601154706,2.6711203119534384,-0.6898908370812065,2.325208250155974,-0.4822428221704121,-0.7089268788723055,-0.37635742136456934,2.0620989918653887,7
-0.8762750972300065,-0.8595975512004642,2.054481813593895,-0.5330487493306738,1.6377134252236851,0.9339149210948224,-0.9492560015726731,-0.27743547601154706,2.6711203119534384,1.4495046842929602,-0.43006900561827976,-0.4822428221704121,-0.7089268788723055,-0.37635742136456934,-0.4849427713920723,6
-0.8762750972300065,2.256332225068162,-0.48674074084438107,-0.5330487493306738,-0.6106074387607932,-0.7534995386105954,-0.9492560015726731,-0.27743547601154706,-0.3743747503715706,1.4495046842929602,-0.43006900561827976,-0.4822428221704121,1.4105827128331005,-0.37635742136456934,-0.4849427713920723,4
-0.8762750972300065,2.256332225068162,-0.48674074084438107,-0.5330487493306738,-0.6106074387607932,0.9339149210948224,-0.9492560015726731,-0.27743547601154706,-0.3743747503715706,1.4495046842929602,-0.43006900561827976,2.073644135332772,1.4105827128331005,-0.37635742136456934,-0.4849427713920723,4
-0.8762750972300065,0.6983673369338488,-0.48674074084438107,-0.5330487493306738,-0.6106074387607932,-0.7534995386105954,1.0534566000565253,-0.27743547601154706,2.6711203119534384,1.4495046842929602,-0.43006900561827976,2.073644135332772,1.4105827128331005,-0.37635742136456934,-0.4849427713920723,8
0.6547989737542906,-0.8595975512004642,2.054481813593895,-0.5330487493306738,-0.6106074387607932,2.62132938080024,-0.9492560015726731,-0.27743547601154706,2.6711203119534384,-0.6898908370812065,-0.43006900561827976,-0.4822428221704121,-0.7089268788723055,-0.37635742136456934,2.0620989918653887,6
0.6547989737542906,0.6983673369338488,-0.48674074084438107,-0.5330487493306738,-0.6106074387607932,-0.7534995386105954,1.0534566000565253,3.60444170434202,-0.3743747503715706,-0.6898908370812065,-0.43006900561827976,2.073644135332772,1.4105827128331005,-0.37635742136456934,-0.4849427713920723,3
0.6547989737542906,-0.8595975512004642,-0.48674074084438107,1.87600102477617,-0.6106074387607932,-0.7534995386105954,1.0534566000565253,-0.27743547601154706,-0.3743747503715706,-0.6898908370812065,-0.43006900561827976,-0.4822428221704121,-0.7089268788723055,-0.37635742136456934,-0.4849427713920723,6
0.6547989737542906,2.256332225068162,-0.48674074084438107,-0.5330487493306738,-0.6106074387607932,-0.7534995386105954,-0.9492560015726731,3.60444170434202,-0.3743747503715706,1.4495046842929602,-0.43006900561827976,-0.4822428221704121,1.4105827128331005,-0.37635742136456934,-0.4849427713920723,3
-0.8762750972300065,-0.8595975512004642,2.054481813593895,-0.5330487493306738,-0.6106074387607932,0.9339149210948224,-0.9492560015726731,-0.27743547601154706,2.6711203119534384,-0.6898908370812065,-0.43006900561827976,-0.4822428221704121,-0.7089268788723055,-0.37635742136456934,2.0620989918653887,7
-0.8762750972300065,0.6983673369338488,-0.48674074084438107,-0.5330487493306738,-0.6106074387607932,0.9339149210948224,-0.9492560015726731,-0.27743547601154706,2.6711203119534384,-0.6898908370812065,-0.43006900561827976,-0.4822428221704121,-0.7089268788723055,-0.37635742136456934,-0.4849427713920723,7
-0.8762750972300065,0.6983673369338488,-0.48674074084438107,-0.5330487493306738,-0.6106074387607932,-0.7534995386105954,1.0534566000565253,-0.27743547601154706,-0.3743747503715706,-0.6898908370812065,-0.43006900561827976,2.073644135332772,-0.7089268788723055,2.657048707513918,-0.4849427713920723,4
0.6547989737542906,-0.8595975512004642,-0.48674074084438107,-0.5330487493306738,-0.6106074387607932,0.9339149210948224,-0.9492560015726731,-0.27743547601154706,-0.3743747503715706,-0.6898908370812065,-0.43006900561827976,-0.4822428221704121,-0.7089268788723055,-0.37635742136456934,2.0620989918653887,6
0.6547989737542906,0.6983673369338488,-0.48674074084438107,-0.5330487493306738,-0.6106074387607932,-0.7534995386105954,-0.9492560015726731,3.60444170434202,-0.3743747503715706,-0.6898908370812065,-0.43006900561827976,2.073644135332772,1.4105827128331005,-0.37635742136456934,-0.4849427713920723,4
-0.8762750972300065,0.6983673369338488,-0.48674074084438107,-0.5330487493306738,-0.6106074387607932,-0.7534995386105954,1.0534566000565253,-0.27743547601154706,-0.3743747503715706,1.4495046842929602,-0.43006900561827976,2.073644135332772,1.4105827128331005,-0.37635742136456934,-0.4849427713920723,5
2.1858730447385875,2.256332225068162,-0.48674074084438107,-0.5330487493306738,-0.6106074387607932,0.9339149210948224,-0.9492560015726731,-0.27743547601154706,2.6711203119534384,-0.6898908370812065,-0.43006900561827976,-0.4822428221704121,-0.7089268788723055,-0.37635742136456934,2.0620989918653887,4
-0.8762750972300065,0.6983673369338488,-0.48674074084438107,-0.5330487493306738,-0.6106074387607932,0.9339149210948224,-0.9492560015726731,-0.27743547601154706,-0.3743747503715706,-0.6898908370812065,-0.43006900561827976,-0.4822428221704121,-0.7089268788723055,-0.37635742136456934,-0.4849427713920723,2
-0.8762750972300065,0.6983673369338488,-0.48674074084438107,-0.5330487493306738,-0.6106074387607932,2.62132938080024,-0.9492560015726731,-0.27743547601154706,-0.3743747503715706,-0.6898908370812065,-0.43006900561827976,-0.4822428221704121,1.4105827128331005,-0.37635742136456934,-0.4849427713920723,7
-0.8762750972300065,-0.8595975512004642,2.054481813593895,-0.5330487493306738,1.6377134252236851,-0.7534995386105954,-0.9492560015726731,-0.27743547601154706,-0.3743747503715706,-0.6898908370812065,-0.43006900561827976,-0.4822428221704121,-0.7089268788723055,-0.37635742136456934,2.0620989918653887,7
0.6547989737542906,0.6983673369338488,-0.48674074084438107,-0.5330487493306738,-0.6106074387607932,2.62132938080024,-0.9492560015726731,-0.27743547601154706,-0.3743747503715706,-0.6898908370812065,-0.43006900561827976,-0.4822428221704121,-0.7089268788723055,-0.37635742136456934,-0.4849427713920723,4
2.1858730447385875,2.256332225068162,-0.48674074084438107,-0.5330487493306738,-0.6106074387607932,2.62132938080024,-0.9492560015726731,-0.27743547601154706,-0.3743747503715706,-0.6898908370812065,-0.43006900561827976,-0.4822428221704121,-0.7089268788723055,-0.37635742136456934,-0.4849427713920723,4
-0.8762750972300065,0.6983673369338488,-0.48674074084438107,1.87600102477617,-0.6106074387607932,-0.7534995386105954,1.0534566000565253,-0.27743547601154706,-0.3743747503715706,1.4495046842929602,-0.43006900561827976,2.073644135332772,1.4105827128331005,2.657048707513918,-0.4849427713920723,4
0.6547989737542906,0.6983673369338488,-0.48674074084438107,-0.5330487493306738,1.6377134252236851,-0.7534995386105954,1.0534566000565253,-0.27743547601154706,-0.3743747503715706,-0.6898908370812065,-0.43006900561827976,2.073644135332772,-0.7089268788723055,-0.37635742136456934,-0.4849427713920723,6
-0.8762750972300065,-0.8595975512004642,-0.48674074084438107,-0.5330487493306738,1.6377134252236851,-0.7534995386105954,1.0534566000565253,-0.27743547601154706,-0.3743747503715706,-0.6898908370812065,-0.43006900561827976,-0.4822428221704121,-0.7089268788723055,-0.37635742136456934,-0.4849427713920723,5
-0.8762750972300065,-0.8595975512004642,-0.48674074084438107,1.87600102477617,1.6377134252236851,-0.7534995386105954,1.0534566000565253,-0.27743547601154706,2.6711203119534384,-0.6898908370812065,-0.43006900561827976,-0.4822428221704121,-0.7089268788723055,-0.37635742136456934,-0.4849427713920723,9
0.6547989737542906,0.6983673369338488,-0.48674074084438107,1.87600102477617,1.6377134252236851,-0.7534995386105954,1.0534566000565253,-0.27743547601154706,-0.3743747503715706,1.4495046842929602,-0.43006900561827976,2.073644135332772,1.4105827128331005,2.657048707513918,-0.4849427713920723,7
0.6547989737542906,0.6983673369338488,2.054481813593895,-0.5330487493306738,-0.6106074387607932,-0.7534995386105954,-0.9492560015726731,-0.27743547601154706,-0.3743747503715706,-0.6898908370812065,-0.43006900561827976,-0.4822428221704121,1.4105827128331005,-0.37635742136456934,-0.4849427713920723,6
0.6547989737542906,0.6983673369338488,-0.48674074084438107,-0.5330487493306738,1.6377134252236851,-0.7534995386105954,1.0534566000565253,-0.27743547601154706,-0.3743747503715706,1.4495046842929602,-0.43006900561827976,2.073644135332772,-0.7089268788723055,-0.37635742136456934,-0.4849427713920723,4
-0.8762750972300065,-0.8595975512004642,-0.48674074084438107,-0.5330487493306738,1.6377134252236851,0.9339149210948224,1.0534566000565253,-0.27743547601154706,-0.3743747503715706,-0.6898908370812065,-0.43006900561827976,-0.4822428221704121,-0.7089268788723055,-0.37635742136456934,-0.4849427713920723,8
2.1858730447385875,-0.8595975512004642,-0.48674074084438107,-0.5330487493306738,-0.6106074387607932,2.62132938080024,-0.9492560015726731,-0.27743547601154706,-0.3743747503715706,-0.6898908370812065,-0.43006900561827976,2.073644135332772,1.4105827128331005,-0.37635742136456934,-0.4849427713920723,3
-0.8762750972300065,0.6983673369338488,-0.48674074084438107,-0.5330487493306738,-0.6106074387607932,0.9339149210948224,-0.9492560015726731,-0.27743547601154706,-0.3743747503715706,1.4495046842929602,-0.43006900561827976,-0.4822428221704121,1.4105827128331005,-0.37635742136456934,-0.4849427713920723,4
-0.8762750972300065,0.6983673369338488,-0.48674074084438107,-0.5330487493306738,-0.6106074387607932,-0.7534995386105954,-0.9492560015726731,-0.27743547601154706,-0.3743747503715706,-0.6898908370812065,-0.43006900561827976,-0.4822428221704121,-0.7089268788723055,2.657048707513918,-0.4849427713920723,5
-0.8762750972300065,0.6983673369338488,-0.48674074084438107,-0.5330487493306738,1.6377134252236851,0.9339149210948224,1.0534566000565253,-0.27743547601154706,-0.3743747503715706,-0.6898908370812065,-0.43006900561827976,-0.4822428221704121,-0.7089268788723055,-0.37635742136456934,2.0620989918653887,7
0.6547989737542906,-0.8595975512004642,2.054481813593895,-0.5330487493306738,-0.6106074387607932,0.9339149210948224,-0.9492560015726731,-0.27743547601154706,-0.3743747503715706,-0.6898908370812065,2.325208250155974,-0.4822428221704121,1.4105827128331005,-0.37635742136456934,2.0620989918653887,7
-0.8762750972300065,-0.8595975512004642,2.054481813593895,-0.5330487493306738,1.6377134252236851,-0.7534995386105954,1.0534566000565253,-0.27743547601154706,-0.3743747503715706,-0.6898908370812065,2.325208250155974,-0.4822428221704121,-0.7089268788723055,2.657048707513918,-0.4849427713920723,8
0.6547989737542906,-0.8595975512004642,-0.48674074084438107,-0.5330487493306738,-0.6106074387607932,-0.7534995386105954,-0.9492560015726731,-0.27743547601154706,-0.3743747503715706,1.4495046842929602,-0.43006900561827976,-0.4822428221704121,-0.7089268788723055,2.657048707513918,2.0620989918653887,9
-0.8762750972300065,0.6983673369338488,2.054481813593895,-0.5330487493306738,-0.6106074387607932,-0.7534995386105954,1.0534566000565253,-0.27743547601154706,-0.3743747503715706,-0.6898908370812065,2.325208250155974,-0.4822428221704121,-0.7089268788723055,-0.37635742136456934,-0.4849427713920723,4
0.6547989737542906,0.6983673369338488,-0.48674074084438107,-0.5330487493306738,-0.6106074387607932,0.9339149210948224,1.0534566000565253,-0.27743547601154706,-0.3743747503715706,-0.6898908370812065,-0.43006900561827976,2.073644135332772,1.4105827128331005,-0.37635742136456934,-0.4849427713920723,3
-0.8762750972300065,0.6983673369338488,2.054481813593895,-0.5330487493306738,1.6377134252236851,-0.7534995386105954,1.0534566000565253,-0.27743547601154706,-0.3743747503715706,-0.6898908370812065,-0.43006900561827976,-0.4822428221704121,-0.7089268788723055,-0.37635742136456934,-0.4849427713920723,7
0.6547989737542906,0.6983673369338488,-0.48674074084438107,1.87600102477617,1.6377134252236851,0.9339149210948224,1.0534566000565253,-0.27743547601154706,-0.3743747503715706,-0.6898908370812065,-0.43006900561827976,-0.4822428221704121,1.4105827128331005,2.657048707513918,-0.4849427713920723,7
-0.8762750972300065,-0.8595975512004642,2.054481813593895,-0.5330487493306738,-0.6106074387607932,-0.7534995386105954,-0.9492560015726731,-0.27743547601154706,-0.3743747503715706,-0.6898908370812065,-0.43006900561827976,-0.4822428221704121,-0.7089268788723055,-0.37635742136456934,2.0620989918653887,8
-0.8762750972300065,-0.8595975512004642,2.054481813593895,-0.5330487493306738,-0.6106074387607932,-0.7534995386105954,1.0534566000565253,-0.27743547601154706,2.6711203119534384,-0.6898908370812065,-0.43006900561827976,-0.4822428221704121,-0.7089268788723055,-0.37635742136456934,-0.4849427713920723,8
0.6547989737542906,-0.8595975512004642,-0.48674074084438107,-0.5330487493306738,-0.6106074387607932,-0.7534995386105954,-0.9492560015726731,-0.27743547601154706,-0.3743747503715706,-0.6898908370812065,-0.43006900561827976,-0.4822428221704121,1.4105827128331005,2.657048707513918,-0.4849427713920723,4
-0.8762750972300065,-0.8595975512004642,-0.48674074084438107,1.87600102477617,-0.6106074387607932,0.9339149210948224,1.0534566000565253,-0.27743547601154706,-0.3743747503715706,-0.6898908370812065,-0.43006900561827976,-0.4822428221704121,-0.7089268788723055,2.657048707513918,-0.4849427713920723,8
0.6547989737542906,0.6983673369338488,-0.48674074084438107,-0.5330487493306738,-0.6106074387607932,0.9339149210948224,-0.9492560015726731,-0.27743547601154706,-0.3743747503715706,1.4495046842929602,-0.43006900561827976,-0.4822428221704121,-0.7089268788723055,-0.37635742136456934,-0.4849427713920723,6
0.6547989737542906,-0.8595975512004642,2.054481813593895,-0.5330487493306738,-0.6106074387607932,0.9339149210948224,-0.9492560015726731,-0.27743547601154706,-0.3743747503715706,-0.6898908370812065,2.325208250155974,-0.4822428221704121,-0.7089268788723055,-0.37635742136456934,-0.4849427713920723,4
0.6547989737542906,-0.8595975512004642,-0.48674074084438107,-0.5330487493306738,1.6377134252236851,-0.7534995386105954,1.0534566000565253,-0.27743547601154706,-0.3743747503715706,-0.6898908370812065,-0.43006900561827976,-0.4822428221704121,-0.7089268788723055,-0.37635742136456934,-0.4849427713920723,5
0.6547989737542906,-0.8595975512004642,-0.48674074084438107,1.87600102477617,-0.6106074387607932,-0.7534995386105954,1.0534566000565253,-0.27743547601154706,-0.3743747503715706,1.4495046842929602,-0.43006900561827976,-0.4822428221704121,1.4105827128331005,-0.37635742136456934,-0.4849427713920723,4
0.6547989737542906,0.6983673369338488,-0.48674074084438107,-0.5330487493306738,-0.6106074387607932,0.9339149210948224,1.0534566000565253,-0.27743547601154706,-0.3743747503715706,1.4495046842929602,-0.43006900561827976,2.073644135332772,1.4105827128331005,2.657048707513918,-0.4849427713920723,7
0.6547989737542906,-0.8595975512004642,-0.48674074084438107,-0.5330487493306738,-0.6106074387607932,-0.7534995386105954,1.0534566000565253,-0.27743547601154706,2.6711203119534384,-0.6898908370812065,-0.43006900561827976,-0.4822428221704121,-0.7089268788723055,-0.37635742136456934,-0.4849427713920723,6
-0.8762750972300065,-0.8595975512004642,2.054481813593895,-0.5330487493306738,-0.6106074387607932,-0.7534995386105954,-0.9492560015726731,-0.27743547601154706,-0.3743747503715706,-0.6898908370812065,-0.43006900561827976,-0.4822428221704121,-0.7089268788723055,-0.37635742136456934,2.0620989918653887,7
2.1858730447385875,-0.8595975512004642,-0.48674074084438107,-0.5330487493306738,-0.6106074387607932,-0.7534995386105954,1.0534566000565253,-0.27743547601154706,-0.3743747503715706,-0.6898908370812065,-0.43006900561827976,-0.4822428221704121,-0.7089268788723055,-0.37635742136456934,2.0620989918653887,5
2.1858730447385875,2.256332225068162,-0.48674074084438107,-0.5330487493306738,-0.6106074387607932,2.62132938080024,-0.9492560015726731,-0.27743547601154706,-0.3743747503715706,-0.6898908370812065,-0.43006900561827976,-0.4822428221704121,1.4105827128331005,2.657048707513918,2.0620989918653887,7
2.1858730447385875,0.6983673369338488,-0.48674074084438107,-0.5330487493306738,-0.6106074387607932,0.9339149210948224,-0.9492560015726731,-0.27743547601154706,-0.3743747503715706,-0.6898908370812065,2.325208250155974,-0.4822428221704121,-0.7089268788723055,-0.37635742136456934,-0.4849427713920723,6
0.6547989737542906,0.6983673369338488,-0.48674074084438107,-0.5330487493306738,-0.6106074387607932,-0.7534995386105954,-0.9492560015726731,-0.27743547601154706,-0.3743747503715706,1.4495046842929602,-0.43006900561827976,-0.4822428221704121,1.4105827128331005,-0.37635742136456934,-0.4849427713920723,6
-0.8762750972300065,0.6983673369338488,-0.48674074084438107,-0.5330487493306738,-0.6106074387607932,-0.7534995386105954,-0.9492560015726731,-0.27743547601154706,-0.3743747503715706,1.4495046842929602,-0.43006900561827976,-0.4822428221704121,-0.7089268788723055,-0.37635742136456934,2.0620989918653887,4
0.6547989737542906,0.6983673369338488,-0.48674074084438107,-0.5330487493306738,-0.6106074387607932,0.9339149210948224,-0.9492560015726731,-0.27743547601154706,-0.3743747503715706,1.4495046842929602,-0.43006900561827976,-0.4822428221704121,-0.7089268788723055,-0.37635742136456934,-0.4849427713920723,6
-0.8762750972300065,-0.8595975512004642,2.054481813593895,-0.5330487493306738,1.6377134252236851,-0.7534995386105954,1.0534566000565253,-0.27743547601154706,-0.3743747503715706,-0.6898908370812065,-0.43006900561827976,-0.4822428221704121,1.4105827128331005,-0.37635742136456934,-0.4849427713920723,8
-0.8762750972300065,-0.8595975512004642,-0.48674074084438107,-0.5330487493306738,-0.6106074387607932,-0.7534995386105954,1.0534566000565253,-0.27743547601154706,-0.3743747503715706,-0.6898908370812065,2.325208250155974,-0.4822428221704121,-0.7089268788723055,-0.37635742136456934,-0.4849427713920723,8
0.6547989737542906,0.6983673369338488,2.054481813593895,-0.5330487493306738,-0.6106074387607932,-0.7534995386105954,-0.9492560015726731,-0.27743547601154706,-0.3743747503715706,-0.6898908370812065,2.325208250155974,-0.4822428221704121,-0.7089268788723055,2.657048707513918,-0.4849427713920723,4
0.6547989737542906,-0.8595975512004642,-0.48674074084438107,-0.5330487493306738,1.6377134252236851,0.9339149210948224,1.0534566000565253,-0.27743547601154706,-0.3743747503715706,1.4495046842929602,-0.43006900561827976,-0.4822428221704121,1.4105827128331005,2.657048707513918,-0.4849427713920723,4
-0.8762750972300065,-0.8595975512004642,-0.48674074084438107,1.87600102477617,-0.6106074387607932,-0.7534995386105954,-0.9492560015726731,-0.27743547601154706,-0.3743747503715706,1.4495046842929602,-0.43006900561827976,2.073644135332772,1.4105827128331005,2.657048707513918,-0.4849427713920723,6
-0.8762750972300065,-0.8595975512004642,-0.48674074084438107,-0.5330487493306738,-0.6106074387607932,-0.7534995386105954,1.0534566000565253,-0.27743547601154706,-0.3743747503715706,1.4495046842929602,-0.43006900561827976,-0.4822428221704121,1.4105827128331005,2.657048707513918,-0.4849427713920723,7
-0.8762750972300065,-0.8595975512004642,-0.48674074084438107,-0.5330487493306738,-0.6106074387607932,0.9339149210948224,-0.9492560015726731,-0.27743547601154706,-0.3743747503715706,-0.6898908370812065,2.325208250155974,-0.4822428221704121,-0.7089268788723055,-0.37635742136456934,-0.4849427713920723,7
0.6547989737542906,2.256332225068162,-0.48674074084438107,-0.5330487493306738,-0.6106074387607932,0.9339149210948224,-0.9492560015726731,-0.27743547601154706,-0.3743747503715706,1.4495046842929602,2.325208250155974,-0.4822428221704121,-0.7089268788723055,-0.37635742136456934,-0.4849427713920723,4
-0.8762750972300065,0.6983673369338488,-0.48674074084438107,1.87600102477617,-0.6106074387607932,-0.7534995386105954,-0.9492560015726731,-0.27743547601154706,-0.3743747503715706,-0.6898908370812065,-0.43006900561827976,2.073644135332772,1.4105827128331005,-0.37635742136456934,-0.4849427713920723,7
-0.8762750972300065,0.6983673369338488,-0.48674074084438107,-0.5330487493306738,-0.6106074387607932,-0.7534995386105954,-0.9492560015726731,-0.27743547601154706,-0.3743747503715706,1.4495046842929602,-0.43006900561827976,-0.4822428221704121,-0.7089268788723055,-0.37635742136456934,-0.4849427713920723,5
-0.8762750972300065,-0.8595975512004642,2.054481813593895,-0.5330487493306738,-0.6106074387607932,-0.7534995386105954,-0.9492560015726731,-0.27743547601154706,2.6711203119534384,-0.6898908370812065,2.325208250155974,-0.4822428221704121,-0.7089268788723055,-0.37635742136456934,-0.4849427713920723,8
0.6547989737542906,2.256332225068162,-0.48674074084438107,-0.5330487493306738,-0.6106074387607932,-0.7534995386105954,-0.9492560015726731,3.60444170434202,-0.3743747503715706,1.4495046842929602,-0.43006900561827976,2.073644135332772,-0.7089268788723055,-0.37635742136456934,2.0620989918653887,6
0.6547989737542906,-0.8595975512004642,-0.48674074084438107,-0.5330487493306738,1.6377134252236851,0.9339149210948224,-0.9492560015726731,-0.27743547601154706,-0.3743747503715706,-0.6898908370812065,-0.43006900561827976,-0.4822428221704121,-0.7089268788723055,-0.37635742136456934,-0.4849427713920723,7
0.6547989737542906,2.256332225068162,-0.48674074084438107,-0.5330487493306738,-0.6106074387607932,-0.7534995386105954,-0.9492560015726731,-0.27743547601154706,-0.3743747503715706,1.4495046842929602,-0.43006900561827976,-0.4822428221704121,-0.7089268788723055,2.657048707513918,-0.4849427713920723,3
0.6547989737542906,0.6983673369338488,-0.48674074084438107,-0.5330487493306738,-0.6106074387607932,-0.7534995386105954,-0.9492560015726731,-0.27743547601154706,-0.3743747503715706,1.4495046842929602,-0.43006900561827976,-0.4822428221704121,-0.7089268788723055,-0.37635742136456934,-0.4849427713920723,4
-0.8762750972300065,-0.8595975512004642,-0.48674074084438107,-0.5330487493306738,-0.6106074387607932,-0.7534995386105954,-0.9492560015726731,3.60444170434202,-0.3743747503715706,1.4495046842929602,2.325208250155974,-0.4822428221704121,-0.7089268788723055,2.657048707513918,2.0620989918653887,8
-0.8762750972300065,-0.8595975512004642,2.054481813593895,1.87600102477617,1.6377134252236851,0.9339149210948224,-0.9492560015726731,-0.27743547601154706,-0.3743747503715706,-0.6898908370812065,2.325208250155974,-0.4822428221704121,-0.7089268788723055,-0.37635742136456934,-0.4849427713920723,6
-0.8762750972300065,-0.8595975512004642,2.054481813593895,-0.5330487493306738,-0.6106074387607932,-0.7534995386105954,-0.9492560015726731,-0.27743547601154706,-0.3743747503715706,1.4495046842929602,2.325208250155974,-0.4822428221704121,-0.7089268788723055,-0.37635742136456934,-0.4849427713920723,6
0.6547989737542906,2.256332225068162,-0.48674074084438107,-0.5330487493306738,-0.6106074387607932,0.9339149210948224,-0.9492560015726731,-0.27743547601154706,-0.3743747503715706,1.4495046842929602,2.325208250155974,-0.4822428221704121,-0.7089268788723055,-0.37635742136456934,-0.4849427713920723,5
2.1858730447385875,-0.8595975512004642,-0.48674074084438107,-0.5330487493306738,-0.6106074387607932,0.9339149210948224,1.0534566000565253,-0.27743547601154706,-0.3743747503715706,-0.6898908370812065,-0.43006900561827976,-0.4822428221704121,-0.7089268788723055,2.657048707513918,-0.4849427713920723,4
0.6547989737542906,0.6983673369338488,-0.48674074084438107,-0.5330487493306738,-0.6106074387607932,-0.7534995386105954,-0.9492560015726731,-0.27743547601154706,-0.3743747503715706,1.4495046842929602,2.325208250155974,-0.4822428221704121,-0.7089268788723055,-0.37635742136456934,-0.4849427713920723,5
2.1858730447385875,2.256332225068162,-0.48674074084438107,-0.5330487493306738,-0.6106074387607932,0.9339149210948224,1.0534566000565253,-0.27743547601154706,-0.3743747503715706,-0.6898908370812065,-0.43006900561827976,-0.4822428221704121,1.4105827128331005,-0.37635742136456934,-0.4849427713920723,2
0.6547989737542906,-0.8595975512004642,-0.48674074084438107,-0.5330487493306738,1.6377134252236851,-0.7534995386105954,1.0534566000565253,-0.27743547601154706,-0.3743747503715706,1.4495046842929602,-0.43006900561827976,-0.4822428221704121,-0.7089268788723055,-0.37635742136456934,-0.4849427713920723,7
0.6547989737542906,0.6983673369338488,-0.48674074084438107,1.87600102477617,-0.6106074387607932,0.9339149210948224,1.0534566000565253,-0.27743547601154706,-0.3743747503715706,-0.6898908370812065,-0.43006900561827976,2.073644135332772,-0.7089268788723055,-0.37635742136456934,-0.4849427713920723,6
-0.8762750972300065,-0.8595975512004642,2.054481813593895,1.87600102477617,-0.6106074387607932,-0.7534995386105954,-0.9492560015726731,-0.27743547601154706,-0.3743747503715706,-0.6898908370812065,-0.43006900561827976,-0.4822428221704121,-0.7089268788723055,-0.37635742136456934,-0.4849427713920723,9
0.6547989737542906,-0.8595975512004642,-0.48674074084438107,-0.5330487493306738,1.6377134252236851,-0.7534995386105954,1.0534566000565253,-0.27743547601154706,-0.3743747503715706,1.4495046842929602,2.325208250155974,-0.4822428221704121,1.4105827128331005,-0.37635742136456934,2.0620989918653887,8
-0.8762750972300065,0.6983673369338488,-0.48674074084438107,-0.5330487493306738,-0.6106074387607932,-0.7534995386105954,-0.9492560015726731,3.60444170434202,-0.3743747503715706,1.4495046842929602,-0.43006900561827976,-0.4822428221704121,-0.7089268788723055,-0.37635742136456934,-0.4849427713920723,5
-0.8762750972300065,-0.8595975512004642,-0.48674074084438107,1.87600102477617,-0.6106074387607932,-0.7534995386105954,1.0534566000565253,-0.27743547601154706,-0.3743747503715706,1.4495046842929602,-0.43006900561827976,-0.4822428221704121,-0.7089268788723055,-0.37635742136456934,-0.4849427713920723,8
-0.8762750972300065,-0.8595975512004642,-0.48674074084438107,-0.5330487493306738,1.6377134252236851,-0.7534995386105954,1.0534566000565253,-0.27743547601154706,-0.3743747503715706,-0.6898908370812065,-0.43006900561827976,-0.4822428221704121,-0.7089268788723055,-0.37635742136456934,2.0620989918653887,7
-0.8762750972300065,-0.8595975512004642,2.054481813593895,-0.5330487493306738,1.6377134252236851,-0.7534995386105954,-0.9492560015726731,-0.27743547601154706,-0.3743747503715706,-0.6898908370812065,-0.43006900561827976,-0.4822428221704121,1.4105827128331005,-0.37635742136456934,-0.4849427713920723,6
0.6547989737542906,2.256332225068162,-0.48674074084438107,-0.5330487493306738,-0.6106074387607932,-0.7534995386105954,-0.9492560015726731,3.60444170434202,-0.3743747503715706,-0.6898908370812065,-0.43006900561827976,-0.4822428221704121,-0.7089268788723055,2.657048707513918,-0.4849427713920723,1
-0.8762750972300065,0.6983673369338488,-0.48674074084438107,-0.5330487493306738,-0.6106074387607932,0.9339149210948224,-0.9492560015726731,-0.27743547601154706,-0.3743747503715706,1.4495046842929602,-0.43006900561827976,-0.4822428221704121,-0.7089268788723055,-0.37635742136456934,-0.4849427713920723,5
-0.8762750972300065,0.6983673369338488,-0.48674074084438107,1.87600102477617,-0.6106074387607932,-0.7534995386105954,-0.9492560015726731,-0.27743547601154706,-0.3743747503715706,1.4495046842929602,-0.43006900561827976,2.073644135332772,-0.7089268788723055,-0.37635742136456934,-0.4849427713920723,4
-0.8762750972300065,0.6983673369338488,-0.48674074084438107,-0.5330487493306738,1.6377134252236851,-0.7534995386105954,1.0534566000565253,-0.27743547601154706,-0.3743747503715706,-0.6898908370812065,-0.43006900561827976,-0.4822428221704121,-0.7089268788723055,-0.37635742136456934,-0.4849427713920723,8
-0.8762750972300065,-0.8595975512004642,2.054481813593895,-0.5330487493306738,1.6377134252236851,-0.7534995386105954,1.0534566000565253,-0.27743547601154706,2.6711203119534384,1.4495046842929602,2.325208250155974,-0.4822428221704121,-0.7089268788723055,-0.37635742136456934,2.0620989918653887,8
-0.8762750972300065,0.6983673369338488,-0.48674074084438107,-0.5330487493306738,-0.6106074387607932,0.9339149210948224,-0.9492560015726731,-0.27743547601154706,-0.3743747503715706,-0.6898908370812065,-0.43006900561827976,-0.4822428221704121,1.4105827128331005,-0.37635742136456934,-0.4849427713920723,3
0.6547989737542906,0.6983673369338488,-0.48674074084438107,-0.5330487493306738,-0.6106074387607932,-0.7534995386105954,1.0534566000565253,-0.27743547601154706,-0.3743747503715706,-0.6898908370812065,-0.43006900561827976,-0.4822428221704121,-0.7089268788723055,-0.37635742136456934,-0.4849427713920723,5
-0.8762750972300065,-0.8595975512004642,-0.48674074084438107,-0.5330487493306738,-0.6106074387607932,0.9339149210948224,1.0534566000565253,-0.27743547601154706,-0.3743747503715706,1.4495046842929602,-0.43006900561827976,-0.4822428221704121,1.4105827128331005,-0.37635742136456934,-0.4849427713920723,6
-0.8762750972300065,-0.8595975512004642,-0.48674074084438107,-0.5330487493306738,-0.6106074387607932,0.9339149210948224,1.0534566000565253,-0.27743547601154706,-0.3743747503715706,-0.6898908370812065,-0.43006900561827976,2.073644135332772,1.4105827128331005,-0.37635742136456934,-0.4849427713920723,8
0.6547989737542906,0.6983673369338488,-0.48674074084438107,1.87600102477617,1.6377134252236851,-0.7534995386105954,1.0534566000565253,-0.27743547601154706,2.6711203119534384,-0.6898908370812065,-0.43006900561827976,-0.4822428221704121,-0.7089268788723055,-0.37635742136456934,-0.4849427713920723,6
0.6547989737542906,0.6983673369338488,-0.48674074084438107,-0.5330487493306738,-0.6106074387607932,0.9339149210948224,-0.9492560015726731,-0.27743547601154706,-0.3743747503715706,-0.6898908370812065,2.325208250155974,-0.4822428221704121,-0.7089268788723055,-0.37635742136456934,2.0620989918653887,8
-0.8762750972300065,0.6983673369338488,-0.48674074084438107,-0.5330487493306738,-0.6106074387607932,-0.7534995386105954,-0.9492560015726731,-0.27743547601154706,-0.3743747503715706,1.4495046842929602,-0.43006900561827976,-0.4822428221704121,1.4105827128331005,-0.37635742136456934,-0.4849427713920723,7
-0.8762750972300065,-0.8595975512004642,2.054481813593895,1.87600102477617,-0.6106074387607932,-0.7534995386105954,1.0534566000565253,-0.27743547601154706,-0.3743747503715706,-0.6898908370812065,-0.43006900561827976,-0.4822428221704121,-0.7089268788723055,-0.37635742136456934,-0.4849427713920723,7
0.6547989737542906,-0.8595975512004642,-0.48674074084438107,-0.5330487493306738,-0.6106074387607932,0.9339149210948224,1.0534566000565253,-0.27743547601154706,-0.3743747503715706,-0.6898908370812065,-0.43006900561827976,-0.4822428221704121,-0.7089268788723055,-0.37635742136456934,-0.4849427713920723,9
-0.8762750972300065,-0.8595975512004642,-0.48674074084438107,-0.5330487493306738,1.6377134252236851,-0.7534995386105954,1.0534566000565253,-0.27743547601154706,2.6711203119534384,-0.6898908370812065,-0.43006900561827976,-0.4822428221704121,-0.7089268788723055,-0.37635742136456934,-0.4849427713920723,8
0.6547989737542906,0.6983673369338488,-0.48674074084438107,-0.5330487493306738,-0.6106074387607932,-0.7534995386105954,-0.9492560015726731,-0.27743547601154706,2.6711203119534384,1.4495046842929602,-0.43006900561827976,-0.4822428221704121,1.4105827128331005,-0.37635742136456934,-0.4849427713920723,6
-0.8762750972300065,-0.8595975512004642,-0.48674074084438107,1.87600102477617,-0.6106074387607932,0.9339149210948224,-0.9492560015726731,-0.27743547601154706,-0.3743747503715706,-0.6898908370812065,-0.43006900561827976,-0.4822428221704121,1.4105827128331005,-0.37635742136456934,-0.4849427713920723,6
-0.8762750972300065,-0.8595975512004642,-0.48674074084438107,-0.5330487493306738,1.6377134252236851,-0.7534995386105954,-0.9492560015726731,-0.27743547601154706,2.6711203119534384,-0.6898908370812065,-0.43006900561827976,-0.4822428221704121,-0.7089268788723055,-0.37635742136456934,-0.4849427713920723,8
0.6547989737542906,-0.8595975512004642,-0.48674074084438107,1.87600102477617,1.6377134252236851,-0.7534995386105954,1.0534566000565253,-0.27743547601154706,-0.3743747503715706,-0.6898908370812065,-0.43006900561827976,-0.4822428221704121,-0.7089268788723055,2.657048707513918,-0.4849427713920723,5
-0.8762750972300065,-0.8595975512004642,-0.48674074084438107,1.87600102477617,1.6377134252236851,-0.7534995386105954,1.0534566000565253,-0.27743547601154706,2.6711203119534384,-0.6898908370812065,-0.43006900561827976,-0.4822428221704121,1.4105827128331005,-0.37635742136456934,-0.4849427713920723,8
-0.8762750972300065,-0.8595975512004642,-0.48674074084438107,-0.5330487493306738,1.6377134252236851,0.9339149210948224,1.0534566000565253,-0.27743547601154706,2.6711203119534384,-0.6898908370812065,-0.43006900561827976,-0.4822428221704121,1.4105827128331005,-0.37635742136456934,-0.4849427713920723,7
0.6547989737542906,-0.8595975512004642,-0.48674074084438107,-0.5330487493306738,-0.6106074387607932,2.62132938080024,-0.9492560015726731,-0.27743547601154706,-0.3743747503715706,1.4495046842929602,-0.43006900561827976,-0.4822428221704121,-0.7089268788723055,-0.37635742136456934,-0.4849427713920723,3
-0.8762750972300065,-0.8595975512004642,2.054481813593895,1.87600102477617,1.6377134252236851,-0.7534995386105954,-0.9492560015726731,-0.27743547601154706,2.6711203119534384,-0.6898908370812065,-0.43006900561827976,-0.4822428221704121,-0.7089268788723055,-0.37635742136456934,-0.4849427713920723,8
-0.8762750972300065,-0.8595975512004642,-0.48674074084438107,1.87600102477617,-0.6106074387607932,-0.7534995386105954,1.0534566000565253,-0.27743547601154706,-0.3743747503715706,1.4495046842929602,-0.43006900561827976,-0.4822428221704121,-0.7089268788723055,-0.37635742136456934,-0.4849427713920723,5
0.6547989737542906,0.6983673369338488,-0.48674074084438107,-0.5330487493306738,-0.6106074387607932,-0.7534995386105954,-0.9492560015726731,3.60444170434202,-0.3743747503715706,1.4495046842929602,-0.43006900561827976,-0.4822428221704121,-0.7089268788723055,-0.37635742136456934,-0.4849427713920723,3
0.6547989737542906,-0.8595975512004642,-0.48674074084438107,-0.5330487493306738,-0.6106074387607932,0.9339149210948224,1.0534566000565253,-0.27743547601154706,-0.3743747503715706,1.4495046842929602,-0.43006900561827976,2.073644135332772,1.4105827128331005,2.657048707513918,-0.4849427713920723,5
0.6547989737542906,-0.8595975512004642,-0.48674074084438107,1.87600102477617,1.6377134252236851,-0.7534995386105954,1.0534566000565253,-0.27743547601154706,-0.3743747503715706,1.4495046842929602,-0.43006900561827976,-0.4822428221704121,-0.7089268788723055,-0.37635742136456934,-0.4849427713920723,7
-0.8762750972300065,-0.8595975512004642,2.054481813593895,-0.5330487493306738,-0.6106074387607932,-0.7534995386105954,-0.9492560015726731,-0.27743547601154706,-0.3743747503715706,-0.6898908370812065,-0.43006900561827976,-0.4822428221704121,-0.7089268788723055,-0.37635742136456934,-0.4849427713920723,6
-0.8762750972300065,0.6983673369338488,-0.48674074084438107,-0.5330487493306738,-0.6106074387607932,0.9339149210948224,-0.9492560015726731,-0.27743547601154706,-0.3743747503715706,-0.6898908370812065,2.325208250155974,-0.4822428221704121,1.4105827128331005,2.657048707513918,-0.4849427713920723,5
-0.8762750972300065,-0.8595975512004642,-0.48674074084438107,-0.5330487493306738,-0.6106074387607932,-0.7534995386105954,1.0534566000565253,-0.27743547601154706,-0.3743747503715706,-0.6898908370812065,2.325208250155974,-0.4822428221704121,-0.7089268788723055,-0.37635742136456934,2.0620989918653887,7
0.6547989737542906,-0.8595975512004642,-0.48674074084438107,-0.5330487493306738,-0.6106074387607932,-0.7534995386105954,1.0534566000565253,-0.27743547601154706,-0.3743747503715706,-0.6898908370812065,-0.43006900561827976,-0.4822428221704121,1.4105827128331005,-0.37635742136456934,-0.4849427713920723,7
0.6547989737542906,-0.8595975512004642,2.054481813593895,-0.5330487493306738,-0.6106074387607932,-0.7534995386105954,1.0534566000565253,-0.27743547601154706,-0.3743747503715706,-0.6898908370812065,-0.43006900561827976,-0.4822428221704121,-0.7089268788723055,-0.37635742136456934,2.0620989918653887,7
2.1858730447385875,-0.8595975512004642,-0.48674074084438107,-0.5330487493306738,-0.6106074387607932,2.62132938080024,-0.9492560015726731,-0.27743547601154706,-0.3743747503715706,-0.6898908370812065,-0.43006900561827976,-0.4822428221704121,-0.7089268788723055,2.657048707513918,-0.4849427713920723,4
0.6547989737542906,2.256332225068162,-0.48674074084438107,-0.5330487493306738,-0.6106074387607932,0.9339149210948224,1.0534566000565253,-0.27743547601154706,-0.3743747503715706,1.4495046842929602,-0.43006900561827976,-0.4822428221704121,-0.7089268788723055,-0.37635742136456934,-0.4849427713920723,3
0.6547989737542906,-0.8595975512004642,-0.48674074084438107,-0.5330487493306738,-0.6106074387607932,0.9339149210948224,1.0534566000565253,-0.27743547601154706,-0.3743747503715706,1.4495046842929602,-0.43006900561827976,-0.4822428221704121,-0.7089268788723055,-0.37635742136456934,-0.4849427713920723,6
-0.8762750972300065,0.6983673369338488,-0.48674074084438107,-0.5330487493306738,1.6377134252236851,-0.7534995386105954,1.0534566000565253,-0.27743547601154706,-0.3743747503715706,1.4495046842929602,-0.43006900561827976,-0.4822428221704121,-0.7089268788723055,-0.37635742136456934,-0.4849427713920723,6
0.6547989737542906,0.6983673369338488,-0.48674074084438107,1.87600102477617,-0.6106074387607932,0.9339149210948224,-0.9492560015726731,-0.27743547601154706,-0.3743747503715706,-0.6898908370812065,-0.43006900561827976,-0.4822428221704121,1.4105827128331005,-0.37635742136456934,-0.4849427713920723,7
0.6547989737542906,0.6983673369338488,-0.48674074084438107,-0.5330487493306738,-0.6106074387607932,-0.7534995386105954,1.0534566000565253,3.60444170434202,-0.3743747503715706,1.4495046842929602,-0.43006900561827976,2.073644135332772,1.4105827128331005,2.657048707513918,-0.4849427713920723,6
-0.8762750972300065,-0.8595975512004642,-0.48674074084438107,-0.5330487493306738,-0.6106074387607932,0.9339149210948224,-0.9492560015726731,-0.27743547601154706,-0.3743747503715706,-0.6898908370812065,-0.43006900561827976,2.073644135332772,1.4105827128331005,-0.37635742136456934,-0.4849427713920723,4
0.6547989737542906,0.6983673369338488,-0.48674074084438107,-0.5330487493306738,1.6377134252236851,-0.7534995386105954,1.0534566000565253,-0.27743547601154706,-0.3743747503715706,-0.6898908370812065,-0.43006900561827976,2.073644135332772,1.4105827128331005,-0.37635742136456934,-0.4849427713920723,5
0.6547989737542906,0.6983673369338488,-0.48674074084438107,1.87600102477617,1.6377134252236851,-0.7534995386105954,1.0534566000565253,-0.27743547601154706,2.6711203119534384,1.4495046842929602,-0.43006900561827976,-0.4822428221704121,1.4105827128331005,-0.37635742136456934,-0.4849427713920723,5
-0.8762750972300065,0.6983673369338488,-0.48674074084438107,-0.5330487493306738,-0.6106074387607932,0.9339149210948224,1.0534566000565253,-0.27743547601154706,-0.3743747503715706,1.4495046842929602,-0.43006900561827976,-0.4822428221704121,-0.7089268788723055,-0.37635742136456934,-0.4849427713920723,5
-0.8762750972300065,-0.8595975512004642,-0.48674074084438107,-0.5330487493306738,1.6377134252236851,-0.7534995386105954,1.0534566000565253,-0.27743547601154706,-0.3743747503715706,-0.6898908370812065,-0.43006900561827976,-0.4822428221704121,-0.7089268788723055,-0.37635742136456934,-0.4849427713920723,9
2.1858730447385875,0.6983673369338488,-0.48674074084438107,-0.5330487493306738,-0.6106074387607932,2.62132938080024,-0.9492560015726731,-0.27743547601154706,-0.3743747503715706,-0.6898908370812065,-0.43006900561827976,-0.4822428221704121,-0.7089268788723055,-0.37635742136456934,2.0620989918653887,4
0.6547989737542906,0.6983673369338488,-0.48674074084438107,-0.5330487493306738,-0.6106074387607932,0.9339149210948224,-0.9492560015726731,-0.27743547601154706,-0.3743747503715706,-0.6898908370812065,-0.43006900561827976,2.073644135332772,-0.7089268788723055,2.657048707513918,-0.4849427713920723,4
0.6547989737542906,2.256332225068162,-0.48674074084438107,1.87600102477617,-0.6106074387607932,-0.7534995386105954,-0.9492560015726731,-0.27743547601154706,-0.3743747503715706,-0.6898908370812065,-0.43006900561827976,2.073644135332772,1.4105827128331005,2.657048707513918,-0.4849427713920723,6
-0.8762750972300065,-0.8595975512004642,-0.48674074084438107,1.87600102477617,-0.6106074387607932,-0.7534995386105954,-0.9492560015726731,-0.27743547601154706,-0.3743747503715706,1.4495046842929602,2.325208250155974,-0.4822428221704121,-0.7089268788723055,2.657048707513918,-0.4849427713920723,4
-0.8762750972300065,0.6983673369338488,-0.48674074084438107,-0.5330487493306738,1.6377134252236851,-0.7534995386105954,1.0534566000565253,-0.27743547601154706,2.6711203119534384,-0.6898908370812065,-0.43006900561827976,-0.4822428221704121,-0.7089268788723055,-0.37635742136456934,-0.4849427713920723,8
2.1858730447385875,2.256332225068162,-0.48674074084438107,-0.5330487493306738,-0.6106074387607932,2.62132938080024,-0.9492560015726731,-0.27743547601154706,-0.3743747503715706,1.4495046842929602,-0.43006900561827976,-0.4822428221704121,-0.7089268788723055,-0.37635742136456934,-0.4849427713920723,1
2.1858730447385875,0.6983673369338488,-0.48674074084438107,-0.5330487493306738,-0.6106074387607932,2.62132938080024,1.0534566000565253,-0.27743547601154706,-0.3743747503715706,-0.6898908370812065,-0.43006900561827976,-0.4822428221704121,1.4105827128331005,-0.37635742136456934,-0.4849427713920723,5
-0.8762750972300065,0.6983673369338488,-0.48674074084438107,-0.5330487493306738,-0.6106074387607932,-0.7534995386105954,1.0534566000565253,-0.27743547601154706,-0.3743747503715706,-0.6898908370812065,-0.43006900561827976,-0.4822428221704121,1.4105827128331005,-0.37635742136456934,-0.4849427713920723,7
0.6547989737542906,-0.8595975512004642,-0.48674074084438107,1.87600102477617,-0.6106074387607932,-0.7534995386105954,-0.9492560015726731,3.60444170434202,-0.3743747503715706,1.4495046842929602,2.325208250155974,2.073644135332772,1.4105827128331005,2.657048707513918,2.0620989918653887,4
0.6547989737542906,-0.8595975512004642,-0.48674074084438107,-0.5330487493306738,-0.6106074387607932,-0.7534995386105954,-0.9492560015726731,-0.27743547601154706,-0.3743747503715706,-0.6898908370812065,2.325208250155974,-0.4822428221704121,-0.7089268788723055,-0.37635742136456934,2.0620989918653887,9
-0.8762750972300065,-0.8595975512004642,-0.48674074084438107,1.87600102477617,1.6377134252236851,-0.7534995386105954,1.0534566000565253,-0.27743547601154706,-0.3743747503715706,-0.6898908370812065,-0.43006900561827976,-0.4822428221704121,-0.7089268788723055,-0.37635742136456934,-0.4849427713920723,8
0.6547989737542906,-0.8595975512004642,-0.48674074084438107,-0.5330487493306738,1.6377134252236851,0.9339149210948224,1.0534566000565253,-0.27743547601154706,-0.3743747503715706,-0.6898908370812065,-0.43006900561827976,-0.4822428221704121,1.4105827128331005,-0.37635742136456934,-0.4849427713920723,7
-0.8762750972300065,-0.8595975512004642,-0.48674074084438107,-0.5330487493306738,-0.6106074387607932,0.9339149210948224,1.0534566000565253,3.60444170434202,-0.3743747503715706,-0.6898908370812065,-0.43006900561827976,-0.4822428221704121,1.4105827128331005,-0.37635742136456934,-0.4849427713920723,6
0.6547989737542906,-0.8595975512004642,-0.48674074084438107,-0.5330487493306738,-0.6106074387607932,0.9339149210948224,-0.9492560015726731,-0.27743547601154706,-0.3743747503715706,-0.6898908370812065,-0.43006900561827976,2.073644135332772,1.4105827128331005,-0.37635742136456934,-0.4849427713920723,4
2.1858730447385875,2.256332225068162,-0.48674074084438107,-0.5330487493306738,-0.6106074387607932,0.9339149210948224,1.0534566000565253,-0.27743547601154706,-0.3743747503715706,-0.6898908370812065,-0.43006900561827976,-0.4822428221704121,-0.7089268788723055,-0.37635742136456934,-0.4849427713920723,3
-0.8762750972300065,-0.8595975512004642,-0.48674074084438107,1.87600102477617,-0.6106074387607932,-0.7534995386105954,1.0534566000565253,-0.27743547601154706,-0.3743747503715706,-0.6898908370812065,-0.43006900561827976,-0.4822428221704121,1.4105827128331005,-0.37635742136456934,-0.4849427713920723,6
-0.8762750972300065,0.6983673369338488,-0.48674074084438107,-0.5330487493306738,1.6377134252236851,-0.7534995386105954,1.0534566000565253,3.60444170434202,2.6711203119534384,1.4495046842929602,-0.43006900561827976,2.073644135332772,1.4105827128331005,-0.37635742136456934,2.0620989918653887,7
0.6547989737542906,0.6983673369338488,-0.48674074084438107,-0.5330487493306738,-0.6106074387607932,-0.7534995386105954,-0.9492560015726731,-0.27743547601154706,-0.3743747503715706,1.4495046842929602,2.325208250155974,-0.4822428221704121,1.4105827128331005,-0.37635742136456934,-0.4849427713920723,4
0.6547989737542906,-0.8595975512004642,-0.48674074084438107,1.87600102477617,-0.6106074387607932,0.9339149210948224,1.0534566000565253,-0.27743547601154706,-0.3743747503715706,-0.6898908370812065,-0.43006900561827976,-0.4822428221704121,-0.7089268788723055,-0.37635742136456934,-0.4849427713920723,6
-0.8762750972300065,0.6983673369338488,-0.48674074084438107,-0.5330487493306738,-0.6106074387607932,0.9339149210948224,-0.9492560015726731,-0.27743547601154706,-0.3743747503715706,1.4495046842929602,-0.43006900561827976,-0.4822428221704121,1.4105827128331005,2.657048707513918,-0.4849427713920723,7
-0.8762750972300065,-0.8595975512004642,2.054481813593895,-0.5330487493306738,-0.6106074387607932,0.9339149210948224,-0.9492560015726731,-0.27743547601154706,-0.3743747503715706,-0.6898908370812065,-0.43006900561827976,-0.4822428221704121,1.4105827128331005,-0.37635742136456934,2.0620989918653887,7
0.6547989737542906,-0.8595975512004642,-0.48674074084438107,-0.5330487493306738,-0.6106074387607932,0.9339149210948224,1.0534566000565253,-0.27743547601154706,-0.3743747503715706,-0.6898908370812065,2.325208250155974,-0.4822428221704121,-0.7089268788723055,-0.37635742136456934,2.0620989918653887,7
-0.8762750972300065,0.6983673369338488,-0.48674074084438107,1.87600102477617,1.6377134252236851,-0.7534995386105954,-0.9492560015726731,-0.27743547601154706,-0.3743747503715706,-0.6898908370812065,-0.43006900561827976,-0.4822428221704121,-0.7089268788723055,-0.37635742136456934,-0.4849427713920723,7
0.6547989737542906,0.6983673369338488,2.054481813593895,-0.5330487493306738,-0.6106074387607932,0.9339149210948224,-0.9492560015726731,-0.27743547601154706,-0.3743747503715706,1.4495046842929602,-0.43006900561827976,-0.4822428221704121,-0.7089268788723055,-0.37635742136456934,2.0620989918653887,5
-0.8762750972300065,-0.8595975512004642,-0.48674074084438107,-0.5330487493306738,1.6377134252236851,0.9339149210948224,1.0534566000565253,-0.27743547601154706,-0.3743747503715706,-0.6898908370812065,-0.43006900561827976,2.073644135332772,1.4105827128331005,-0.37635742136456934,-0.4849427713920723,6
-0.8762750972300065,-0.8595975512004642,-0.48674074084438107,1.87600102477617,-0.6106074387607932,0.9339149210948224,1.0534566000565253,3.60444170434202,2.6711203119534384,-0.6898908370812065,-0.43006900561827976,-0.4822428221704121,1.4105827128331005,-0.37635742136456934,-0.4849427713920723,4
-0.8762750972300065,0.6983673369338488,-0.48674074084438107,-0.5330487493306738,-0.6106074387607932,-0.7534995386105954,-0.9492560015726731,-0.27743547601154706,-0.3743747503715706,1.4495046842929602,-0.43006900561827976,2.073644135332772,1.4105827128331005,-0.37635742136456934,-0.4849427713920723,5
-0.8762750972300065,-0.8595975512004642,-0.48674074084438107,-0.5330487493306738,-0.6106074387607932,-0.7534995386105954,1.0534566000565253,-0.27743547601154706,-0.3743747503715706,-0.6898908370812065,-0.43006900561827976,-0.4822428221704121,1.4105827128331005,-0.37635742136456934,-0.4849427713920723,6
0.6547989737542906,0.6983673369338488,2.054481813593895,-0.5330487493306738,-0.6106074387607932,-0.7534995386105954,1.0534566000565253,-0.27743547601154706,-0.3743747503715706,1.4495046842929602,2.325208250155974,-0.4822428221704121,-0.7089268788723055,-0.37635742136456934,-0.4849427713920723,4
2.1858730447385875,-0.8595975512004642,-0.48674074084438107,-0.5330487493306738,-0.6106074387607932,-0.7534995386105954,1.0534566000565253,-0.27743547601154706,-0.3743747503715706,-0.6898908370812065,-0.43006900561827976,-0.4822428221704121,1.4105827128331005,-0.37635742136456934,-0.4849427713920723,5
-0.8762750972300065,-0.8595975512004642,-0.48674074084438107,-0.5330487493306738,-0.6106074387607932,-0.7534995386105954,-0.9492560015726731,-0.27743547601154706,2.6711203119534384,-0.6898908370812065,2.325208250155974,-0.4822428221704121,-0.7089268788723055,-0.37635742136456934,2.0620989918653887,8
-0.8762750972300065,-0.8595975512004642,2.054481813593895,1.87600102477617,-0.6106074387607932,-0.7534995386105954,1.0534566000565253,-0.27743547601154706,2.6711203119534384,-0.6898908370812065,-0.43006900561827976,-0.4822428221704121,-0.7089268788723055,-0.37635742136456934,-0.4849427713920723,6
2.1858730447385875,0.6983673369338488,-0.48674074084438107,-0.5330487493306738,-0.6106074387607932,0.9339149210948224,-0.9492560015726731,-0.27743547601154706,-0.3743747503715706,-0.6898908370812065,2.325208250155974,-0.4822428221704121,-0.7089268788723055,-0.37635742136456934,2.0620989918653887,6
2.1858730447385875,0.6983673369338488,-0.48674074084438107,-0.5330487493306738,-0.6106074387607932,-0.7534995386105954,1.0534566000565253,-0.27743547601154706,-0.3743747503715706,1.4495046842929602,-0.43006900561827976,2.073644135332772,1.4105827128331005,-0.37635742136456934,-0.4849427713920723,3
-0.8762750972300065,-0.8595975512004642,-0.48674074084438107,-0.5330487493306738,1.6377134252236851,0.9339149210948224,-0.9492560015726731,-0.27743547601154706,-0.3743747503715706,-0.6898908370812065,-0.43006900561827976,-0.4822428221704121,-0.7089268788723055,-0.37635742136456934,2.0620989918653887,7
-0.8762750972300065,-0.8595975512004642,-0.48674074084438107,1.87600102477617,-0.6106074387607932,-0.7534995386105954,-0.9492560015726731,-0.27743547601154706,2.6711203119534384,-0.6898908370812065,-0.43006900561827976,-0.4822428221704121,1.4105827128331005,2.657048707513918,-0.4849427713920723,6
-0.8762750972300065,0.6983673369338488,-0.48674074084438107,-0.5330487493306738,-0.6106074387607932,-0.7534995386105954,1.0534566000565253,3.60444170434202,-0.3743747503715706,-0.6898908370812065,-0.43006900561827976,-0.4822428221704121,1.4105827128331005,-0.37635742136456934,-0.4849427713920723,4
0.6547989737542906,0.6983673369338488,-0.48674074084438107,-0.5330487493306738,-0.6106074387607932,-0.7534995386105954,-0.9492560015726731,-0.27743547601154706,-0.3743747503715706,1.4495046842929602,-0.43006900561827976,-0.4822428221704121,1.4105827128331005,2.657048707513918,-0.4849427713920723,3
0.6547989737542906,-0.8595975512004642,-0.48674074084438107,-0.5330487493306738,-0.6106074387607932,0.9339149210948224,1.0534566000565253,-0.27743547601154706,-0.3743747503715706,-0.6898908370812065,-0.43006900561827976,-0.4822428221704121,-0.7089268788723055,-0.37635742136456934,-0.4849427713920723,6
0.6547989737542906,0.6983673369338488,-0.48674074084438107,1.87600102477617,1.6377134252236851,0.9339149210948224,-0.9492560015726731,3.60444170434202,-0.3743747503715706,-0.6898908370812065,-0.43006900561827976,2.073644135332772,1.4105827128331005,-0.37635742136456934,-0.4849427713920723,4
-0.8762750972300065,0.6983673369338488,-0.48674074084438107,-0.5330487493306738,-0.6106074387607932,-0.7534995386105954,-0.9492560015726731,-0.27743547601154706,-0.3743747503715706,-0.6898908370812065,-0.43006900561827976,2.073644135332772,1.4105827128331005,2.657048707513918,-0.4849427713920723,4
-0.8762750972300065,-0.8595975512004642,-0.48674074084438107,-0.5330487493306738,1.6377134252236851,-0.7534995386105954,1.0534566000565253,-0.27743547601154706,-0.3743747503715706,1.4495046842929602,-0.43006900561827976,2.073644135332772,1.4105827128331005,2.657048707513918,-0.4849427713920723,7
-0.8762750972300065,-0.8595975512004642,-0.48674074084438107,1.87600102477617,-0.6106074387607932,-0.7534995386105954,-0.9492560015726731,-0.27743547601154706,-0.3743747503715706,-0.6898908370812065,2.325208250155974,-0.4822428221704121,-0.7089268788723055,-0.37635742136456934,-0.4849427713920723,8
-0.8762750972300065,0.6983673369338488,-0.48674074084438107,-0.5330487493306738,-0.6106074387607932,-0.7534995386105954,-0.9492560015726731,-0.27743547601154706,-0.3743747503715706,1.4495046842929602,-0.43006900561827976,2.073644135332772,-0.7089268788723055,-0.37635742136456934,-0.4849427713920723,4
0.6547989737542906,-0.8595975512004642,2.054481813593895,-0.5330487493306738,-0.6106074387607932,-0.7534995386105954,1.0534566000565253,-0.27743547601154706,-0.3743747503715706,-0.6898908370812065,-0.43006900561827976,-0.4822428221704121,-0.7089268788723055,-0.37635742136456934,2.0620989918653887,6
-0.8762750972300065,-0.8595975512004642,-0.48674074084438107,1.87600102477617,1.6377134252236851,-0.7534995386105954,1.0534566000565253,-0.27743547601154706,-0.3743747503715706,-0.6898908370812065,-0.43006900561827976,-0.4822428221704121,-0.7089268788723055,-0.37635742136456934,-0.4849427713920723,6
-0.8762750972300065,0.6983673369338488,-0.48674074084438107,-0.5330487493306738,-0.6106074387607932,-0.7534995386105954,-0.9492560015726731,-0.27743547601154706,-0.3743747503715706,-0.6898908370812065,-0.43006900561827976,2.073644135332772,1.4105827128331005,-0.37635742136456934,-0.4849427713920723,6
-0.8762750972300065,-0.8595975512004642,-0.48674074084438107,-0.5330487493306738,-0.6106074387607932,-0.7534995386105954,-0.9492560015726731,-0.27743547601154706,-0.3743747503715706,-0.6898908370812065,-0.43006900561827976,-0.4822428221704121,1.4105827128331005,-0.37635742136456934,-0.4849427713920723,7
0.6547989737542906,0.6983673369338488,2.054481813593895,-0.5330487493306738,-0.6106074387607932,0.9339149210948224,-0.9492560015726731,-0.27743547601154706,-0.3743747503715706,1.4495046842929602,-0.43006900561827976,-0.4822428221704121,1.4105827128331005,-0.37635742136456934,2.0620989918653887,6
-0.8762750972300065,0.6983673369338488,-0.48674074084438107,-0.5330487493306738,-0.6106074387607932,-0.7534995386105954,-0.9492560015726731,-0.27743547601154706,-0.3743747503715706,-0.6898908370812065,2.325208250155974,-0.4822428221704121,-0.7089268788723055,2.657048707513918,-0.4849427713920723,6
-0.8762750972300065,-0.8595975512004642,-0.48674074084438107,1.87600102477617,-0.6106074387607932,0.9339149210948224,-0.9492560015726731,3.60444170434202,-0.3743747503715706,-0.6898908370812065,-0.43006900561827976,-0.4822428221704121,-0.7089268788723055,2.657048707513918,-0.4849427713920723,6
-0.8762750972300065,-0.8595975512004642,2.054481813593895,-0.5330487493306738,-0.6106074387607932,-0.7534995386105954,-0.9492560015726731,-0.27743547601154706,-0.3743747503715706,-0.6898908370812065,2.325208250155974,-0.4822428221704121,-0.7089268788723055,-0.37635742136456934,2.0620989918653887,7
-0.8762750972300065,0.6983673369338488,-0.48674074084438107,1.87600102477617,-0.6106074387607932,-0.7534995386105954,1.0534566000565253,-0.27743547601154706,-0.3743747503715706,-0.6898908370812065,-0.43006900561827976,2.073644135332772,1.4105827128331005,2.657048707513918,-0.4849427713920723,7
2.1858730447385875,0.6983673369338488,-0.48674074084438107,-0.5330487493306738,-0.6106074387607932,0.9339149210948224,-0.9492560015726731,-0.27743547601154706,-0.3743747503715706,-0.6898908370812065,-0.43006900561827976,-0.4822428221704121,-0.7089268788723055,-0.37635742136456934,-0.4849427713920723,3
0.6547989737542906,0.6983673369338488,-0.48674074084438107,-0.5330487493306738,-0.6106074387607932,-0.7534995386105954,-0.9492560015726731,-0.27743547601154706,-0.3743747503715706,1.4495046842929602,-0.43006900561827976,-0.4822428221704121,-0.7089268788723055,-0.37635742136456934,-0.4849427713920723,4
0.6547989737542906,0.6983673369338488,2.054481813593895,1.87600102477617,-0.6106074387607932,-0.7534995386105954,-0.9492560015726731,-0.27743547601154706,2.6711203119534384,1.4495046842929602,-0.43006900561827976,-0.4822428221704121,1.4105827128331005,2.657048707513918,-0.4849427713920723,4
0.6547989737542906,0.6983673369338488,-0.48674074084438107,-0.5330487493306738,-0.6106074387607932,-0.7534995386105954,-0.9492560015726731,-0.27743547601154706,-0.3743747503715706,-0.6898908370812065,-0.43006900561827976,-0.4822428221704121,-0.7089268788723055,2.657048707513918,-0.4849427713920723,3
0.6547989737542906,-0.8595975512004642,2.054481813593895,1.87600102477617,1.6377134252236851,-0.7534995386105954,1.0534566000565253,-0.27743547601154706,-0.3743747503715706,-0.6898908370812065,-0.43006900561827976,-0.4822428221704121,-0.7089268788723055,-0.37635742136456934,-0.4849427713920723,8
0.6547989737542906,-0.8595975512004642,-0.48674074084438107,-0.5330487493306738,-0.6106074387607932,-0.7534995386105954,-0.9492560015726731,-0.27743547601154706,-0.3743747503715706,1.4495046842929602,-0.43006900561827976,-0.4822428221704121,-0.7089268788723055,2.657048707513918,-0.4849427713920723,7
2.1858730447385875,2.256332225068162,-0.48674074084438107,-0.5330487493306738,1.6377134252236851,2.62132938080024,-0.9492560015726731,-0.27743547601154706,-0.3743747503715706,1.4495046842929602,-0.43006900561827976,-0.4822428221704121,-0.7089268788723055,-0.37635742136456934,-0.4849427713920723,4
-0.8762750972300065,0.6983673369338488,-0.48674074084438107,-0.5330487493306738,-0.6106074387607932,0.9339149210948224,-0.9492560015726731,-0.27743547601154706,-0.3743747503715706,1.4495046842929602,-0.43006900561827976,-0.4822428221704121,-0.7089268788723055,-0.37635742136456934,-0.4849427713920723,5
0.6547989737542906,-0.8595975512004642,-0.48674074084438107,-0.5330487493306738,1.6377134252236851,-0.7534995386105954,-0.9492560015726731,-0.27743547601154706,-0.3743747503715706,1.4495046842929602,-0.43006900561827976,-0.4822428221704121,1.4105827128331005,-0.37635742136456934,-0.4849427713920723,6
0.6547989737542906,-0.8595975512004642,2.054481813593895,1.87600102477617,-0.6106074387607932,0.9339149210948224,1.0534566000565253,-0.27743547601154706,2.6711203119534384,1.4495046842929602,-0.43006900561827976,-0.4822428221704121,1.4105827128331005,-0.37635742136456934,-0.4849427713920723,6
-0.8762750972300065,-0.8595975512004642,-0.48674074084438107,1.87600102477617,1.6377134252236851,-0.7534995386105954,1.0534566000565253,-0.27743547601154706,-0.3743747503715706,1.4495046842929602,-0.43006900561827976,-0.4822428221704121,-0.7089268788723055,-0.37635742136456934,2.0620989918653887,7
0.6547989737542906,0.6983673369338488,-0.48674074084438107,-0.5330487493306738,1.6377134252236851,-0.7534995386105954,-0.9492560015726731,-0.27743547601154706,-0.3743747503715706,1.4495046842929602,-0.43006900561827976,-0.4822428221704121,-0.7089268788723055,2.657048707513918,-0.4849427713920723,6
-0.8762750972300065,-0.8595975512004642,2.054481813593895,-0.5330487493306738,-0.6106074387607932,-0.7534995386105954,1.0534566000565253,-0.27743547601154706,-0.3743747503715706,-0.6898908370812065,2.325208250155974,-0.4822428221704121,-0.7089268788723055,-0.37635742136456934,-0.4849427713920723,8
0.6547989737542906,0.6983673369338488,-0.48674074084438107,-0.5330487493306738,-0.6106074387607932,0.9339149210948224,-0.9492560015726731,-0.27743547601154706,-0.3743747503715706,-0.6898908370812065,-0.43006900561827976,2.073644135332772,1.4105827128331005,-0.37635742136456934,-0.4849427713920723,6
0.6547989737542906,0.6983673369338488,-0.48674074084438107,-0.5330487493306738,-0.6106074387607932,0.9339149210948224,1.0534566000565253,-0.27743547601154706,2.6711203119534384,-0.6898908370812065,-0.43006900561827976,2.073644135332772,-0.7089268788723055,-0.37635742136456934,-0.4849427713920723,6
-0.8762750972300065,0.6983673369338488,-0.48674074084438107,-0.5330487493306738,1.6377134252236851,-0.7534995386105954,1.0534566000565253,-0.27743547601154706,-0.3743747503715706,-0.6898908370812065,-0.43006900561827976,-0.4822428221704121,-0.7089268788723055,2.657048707513918,-0.4849427713920723,6
2.1858730447385875,-0.8595975512004642,-0.48674074084438107,-0.5330487493306738,-0.6106074387607932,2.62132938080024,-0.9492560015726731,-0.27743547601154706,-0.3743747503715706,-0.6898908370812065,-0.43006900561827976,-0.4822428221704121,1.4105827128331005,2.657048707513918,-0.4849427713920723,5
-0.8762750972300065,-0.8595975512004642,-0.48674074084438107,-0.5330487493306738,-0.6106074387607932,-0.7534995386105954,-0.9492560015726731,-0.27743547601154706,-0.3743747503715706,1.4495046842929602,2.325208250155974,-0.4822428221704121,-0.7089268788723055,-0.37635742136456934,2.0620989918653887,7
-0.8762750972300065,-0.8595975512004642,-0.48674074084438107,-0.5330487493306738,-0.6106074387607932,0.9339149210948224,-0.9492560015726731,-0.27743547601154706,-0.3743747503715706,-0.6898908370812065,-0.43006900561827976,2.073644135332772,-0.7089268788723055,-0.37635742136456934,2.0620989918653887,6
-0.8762750972300065,0.6983673369338488,-0.48674074084438107,-0.5330487493306738,-0.6106074387607932,-0.7534995386105954,1.0534566000565253,-0.27743547601154706,2.6711203119534384,-0.6898908370812065,-0.43006900561827976,-0.4822428221704121,1.4105827128331005,-0.37635742136456934,-0.4849427713920723,7
0.6547989737542906,0.6983673369338488,-0.48674074084438107,-0.5330487493306738,-0.6106074387607932,0.9339149210948224,1.0534566000565253,-0.27743547601154706,-0.3743747503715706,-0.6898908370812065,-0.43006900561827976,-0.4822428221704121,-0.7089268788723055,-0.37635742136456934,-0.4849427713920723,5
-0.8762750972300065,0.6983673369338488,-0.48674074084438107,-0.5330487493306738,-0.6106074387607932,-0.7534995386105954,-0.9492560015726731,-0.27743547601154706,-0.3743747503715706,-0.6898908370812065,-0.43006900561827976,2.073644135332772,1.4105827128331005,-0.37635742136456934,-0.4849427713920723,7
-0.8762750972300065,-0.8595975512004642,-0.48674074084438107,-0.5330487493306738,1.6377134252236851,-0.7534995386105954,1.0534566000565253,-0.27743547601154706,-0.3743747503715706,-0.6898908370812065,-0.43006900561827976,-0.4822428221704121,-0.7089268788723055,-0.37635742136456934,-0.4849427713920723,7
-0.8762750972300065,-0.8595975512004642,-0.48674074084438107,-0.5330487493306738,-0.6106074387607932,-0.7534995386105954,1.0534566000565253,-0.27743547601154706,-0.3743747503715706,-0.6898908370812065,-0.43006900561827976,-0.4822428221704121,1.4105827128331005,-0.37635742136456934,-0.4849427713920723,5
0.6547989737542906,-0.8595975512004642,-0.48674074084438107,1.87600102477617,-0.6106074387607932,-0.7534995386105954,-0.9492560015726731,-0.27743547601154706,2.6711203119534384,-0.6898908370812065,-0.43006900561827976,-0.4822428221704121,-0.7089268788723055,-0.37635742136456934,2.0620989918653887,7
0.6547989737542906,0.6983673369338488,-0.48674074084438107,-0.5330487493306738,-0.6106074387607932,-0.7534995386105954,-0.9492560015726731,-0.27743547601154706,-0.3743747503715706,-0.6898908370812065,-0.43006900561827976,-0.4822428221704121,-0.7089268788723055,-0.37635742136456934,2.0620989918653887,7
-0.8762750972300065,0.6983673369338488,-0.48674074084438107,-0.5330487493306738,-0.6106074387607932,0.9339149210948224,1.0534566000565253,-0.27743547601154706,-0.3743747503715706,-0.6898908370812065,-0.43006900561827976,-0.4822428221704121,1.4105827128331005,-0.37635742136456934,-0.4849427713920723,5
-0.8762750972300065,-0.8595975512004642,-0.48674074084438107,1.87600102477617,1.6377134252236851,0.9339149210948224,1.0534566000565253,-0.27743547601154706,-0.3743747503715706,-0.6898908370812065,2.325208250155974,-0.4822428221704121,1.4105827128331005,-0.37635742136456934,-0.4849427713920723,7
0.6547989737542906,0.6983673369338488,-0.48674074084438107,-0.5330487493306738,-0.6106074387607932,0.9339149210948224,1.0534566000565253,-0.27743547601154706,-0.3743747503715706,-0.6898908370812065,-0.43006900561827976,-0.4822428221704121,-0.7089268788723055,-0.37635742136456934,2.0620989918653887,7
0.6547989737542906,2.256332225068162,-0.48674074084438107,-0.5330487493306738,-0.6106074387607932,0.9339149210948224,-0.9492560015726731,-0.27743547601154706,-0.3743747503715706,1.4495046842929602,-0.43006900561827976,-0.4822428221704121,-0.7089268788723055,-0.37635742136456934,-0.4849427713920723,4
-0.8762750972300065,-0.8595975512004642,-0.48674074084438107,-0.5330487493306738,-0.6106074387607932,-0.7534995386105954,1.0534566000565253,-0.27743547601154706,-0.3743747503715706,-0.6898908370812065,-0.43006900561827976,-0.4822428221704121,1.4105827128331005,-0.37635742136456934,-0.4849427713920723,6
-0.8762750972300065,-0.8595975512004642,2.054481813593895,1.87600102477617,-0.6106074387607932,-0.7534995386105954,1.0534566000565253,-0.27743547601154706,-0.3743747503715706,-0.6898908370812065,-0.43006900561827976,-0.4822428221704121,-0.7089268788723055,-0.37635742136456934,-0.4849427713920723,9
-0.8762750972300065,-0.8595975512004642,-0.48674074084438107,-0.5330487493306738,-0.6106074387607932,-0.7534995386105954,-0.9492560015726731,-0.27743547601154706,-0.3743747503715706,-0.6898908370812065,-0.43006900561827976,-0.4822428221704121,-0.7089268788723055,-0.37635742136456934,-0.4849427713920723,7
-0.8762750972300065,-0.8595975512004642,-0.48674074084438107,-0.5330487493306738,-0.6106074387607932,-0.7534995386105954,1.0534566000565253,-0.27743547601154706,2.6711203119534384,-0.6898908370812065,-0.43006900561827976,-0.4822428221704121,-0.7089268788723055,-0.37635742136456934,-0.4849427713920723,8
0.6547989737542906,0.6983673369338488,-0.48674074084438107,1.87600102477617,-0.6106074387607932,2.62132938080024,-0.9492560015726731,3.60444170434202,-0.3743747503715706,-0.6898908370812065,-0.43006900561827976,-0.4822428221704121,-0.7089268788723055,-0.37635742136456934,-0.4849427713920723,4
-0.8762750972300065,-0.8595975512004642,-0.48674074084438107,1.87600102477617,-0.6106074387607932,-0.7534995386105954,-0.9492560015726731,-0.27743547601154706,-0.3743747503715706,-0.6898908370812065,-0.43006900561827976,2.073644135332772,-0.7089268788723055,-0.37635742136456934,-0.4849427713920723,8
0.6547989737542906,0.6983673369338488,-0.48674074084438107,1.87600102477617,-0.6106074387607932,0.9339149210948224,-0.9492560015726731,-0.27743547601154706,-0.3743747503715706,1.4495046842929602,-0.43006900561827976,-0.4822428221704121,-0.7089268788723055,-0.37635742136456934,-0.4849427713920723,6
-0.8762750972300065,-0.8595975512004642,2.054481813593895,-0.5330487493306738,-0.6106074387607932,-0.7534995386105954,-0.9492560015726731,-0.27743547601154706,2.6711203119534384,-0.6898908370812065,-0.43006900561827976,-0.4822428221704121,-0.7089268788723055,-0.37635742136456934,-0.4849427713920723,8
-0.8762750972300065,0.6983673369338488,-0.48674074084438107,-0.5330487493306738,-0.6106074387607932,-0.7534995386105954,-0.9492560015726731,-0.27743547601154706,-0.3743747503715706,1.4495046842929602,-0.43006900561827976,-0.4822428221704121,-0.7089268788723055,-0.37635742136456934,-0.4849427713920723,7
-0.8762750972300065,-0.8595975512004642,-0.48674074084438107,-0.5330487493306738,1.6377134252236851,-0.7534995386105954,-0.9492560015726731,-0.27743547601154706,-0.3743747503715706,-0.6898908370812065,-0.43006900561827976,2.073644135332772,-0.7089268788723055,-0.37635742136456934,-0.4849427713920723,6
2.1858730447385875,-0.8595975512004642,-0.48674074084438107,1.87600102477617,-0.6106074387607932,0.9339149210948224,-0.9492560015726731,-0.27743547601154706,-0.3743747503715706,-0.6898908370812065,-0.43006900561827976,-0.4822428221704121,1.4105827128331005,-0.37635742136456934,-0.4849427713920723,5
-0.8762750972300065,-0.8595975512004642,2.054481813593895,-0.5330487493306738,1.6377134252236851,0.9339149210948224,-0.9492560015726731,-0.27743547601154706,2.6711203119534384,-0.6898908370812065,-0.43006900561827976,-0.4822428221704121,1.4105827128331005,-0.37635742136456934,-0.4849427713920723,7
-0.8762750972300065,0.6983673369338488,-0.48674074084438107,-0.5330487493306738,1.6377134252236851,0.9339149210948224,1.0534566000565253,-0.27743547601154706,-0.3743747503715706,-0.6898908370812065,-0.43006900561827976,-0.4822428221704121,1.4105827128331005,-0.37635742136456934,-0.4849427713920723,8
2.1858730447385875,0.6983673369338488,-0.48674074084438107,-0.5330487493306738,-0.6106074387607932,0.9339149210948224,-0.9492560015726731,-0.27743547601154706,-0.3743747503715706,1.4495046842929602,-0.43006900561827976,-0.4822428221704121,-0.7089268788723055,-0.37635742136456934,-0.4849427713920723,4
2.1858730447385875,2.256332225068162,-0.48674074084438107,-0.5330487493306738,-0.6106074387607932,0.9339149210948224,-0.9492560015726731,-0.27743547601154706,-0.3743747503715706,-0.6898908370812065,-0.43006900561827976,-0.4822428221704121,-0.7089268788723055,-0.37635742136456934,-0.4849427713920723,3
0.6547989737542906,-0.8595975512004642,-0.48674074084438107,-0.5330487493306738,-0.6106074387607932,0.9339149210948224,-0.9492560015726731,-0.27743547601154706,-0.3743747503715706,1.4495046842929602,2.325208250155974,-0.4822428221704121,-0.7089268788723055,-0.37635742136456934,2.0620989918653887,8
2.1858730447385875,2.256332225068162,-0.48674074084438107,-0.5330487493306738,-0.6106074387607932,2.62132938080024,1.0534566000565253,-0.27743547601154706,-0.3743747503715706,-0.6898908370812065,-0.43006900561827976,-0.4822428221704121,-0.7089268788723055,-0.37635742136456934,2.0620989918653887,3
-0.8762750972300065,-0.8595975512004642,-0.48674074084438107,-0.5330487493306738,-0.6106074387607932,-0.7534995386105954,1.0534566000565253,-0.27743547601154706,-0.3743747503715706,1.4495046842929602,2.325208250155974,-0.4822428221704121,-0.7089268788723055,2.657048707513918,-0.4849427713920723,7
-0.8762750972300065,0.6983673369338488,-0.48674074084438107,-0.5330487493306738,-0.6106074387607932,-0.7534995386105954,-0.9492560015726731,-0.27743547601154706,-0.3743747503715706,-0.6898908370812065,-0.43006900561827976,-0.4822428221704121,-0.7089268788723055,-0.37635742136456934,-0.4849427713920723,7
-0.8762750972300065,-0.8595975512004642,-0.48674074084438107,1.87600102477617,-0.6106074387607932,0.9339149210948224,1.0534566000565253,-0.27743547601154706,-0.3743747503715706,-0.6898908370812065,2.325208250155974,-0.4822428221704121,-0.7089268788723055,-0.37635742136456934,-0.4849427713920723,7
0.6547989737542906,-0.8595975512004642,-0.48674074084438107,-0.5330487493306738,-0.6106074387607932,0.9339149210948224,-0.9492560015726731,3.60444170434202,-0.3743747503715706,-0.6898908370812065,-0.43006900561827976,-0.4822428221704121,-0.7089268788723055,-0.37635742136456934,-0.4849427713920723,6
-0.8762750972300065,-0.8595975512004642,-0.48674074084438107,-0.5330487493306738,-0.6106074387607932,-0.7534995386105954,1.0534566000565253,-0.27743547601154706,-0.3743747503715706,-0.6898908370812065,-0.43006900561827976,2.073644135332772,-0.7089268788723055,-0.37635742136456934,-0.4849427713920723,5
-0.8762750972300065,2.256332225068162,-0.48674074084438107,-0.5330487493306738,-0.6106074387607932,-0.7534995386105954,-0.9492560015726731,-0.27743547601154706,-0.3743747503715706,1.4495046842929602,2.325208250155974,-0.4822428221704121,-0.7089268788723055,-0.37635742136456934,-0.4849427713920723,4
0.6547989737542906,-0.8595975512004642,-0.48674074084438107,1.87600102477617,-0.6106074387607932,-0.7534995386105954,1.0534566000565253,-0.27743547601154706,2.6711203119534384,-0.6898908370812065,2.325208250155974,-0.4822428221704121,-0.7089268788723055,-0.37635742136456934,-0.4849427713920723,7
0.6547989737542906,0.6983673369338488,-0.48674074084438107,-0.5330487493306738,-0.6106074387607932,-0.7534995386105954,-0.9492560015726731,-0.27743547601154706,-0.3743747503715706,-0.6898908370812065,-0.43006900561827976,2.073644135332772,1.4105827128331005,-0.37635742136456934,-0.4849427713920723,4
0.6547989737542906,-0.8595975512004642,-0.48674074084438107,1.87600102477617,1.6377134252236851,-0.7534995386105954,1.0534566000565253,-0.27743547601154706,-0.3743747503715706,-0.6898908370812065,-0.43006900561827976,2.073644135332772,-0.7089268788723055,-0.37635742136456934,-0.4849427713920723,8
0.6547989737542906,0.6983673369338488,-0.48674074084438107,-0.5330487493306738,-0.6106074387607932,-0.7534995386105954,-0.9492560015726731,-0.27743547601154706,2.6711203119534384,1.4495046842929602,-0.43006900561827976,2.073644135332772,-0.7089268788723055,-0.37635742136456934,2.0620989918653887,6
-0.8762750972300065,-0.8595975512004642,-0.48674074084438107,-0.5330487493306738,-0.6106074387607932,-0.7534995386105954,1.0534566000565253,-0.27743547601154706,2.6711203119534384,1.4495046842929602,-0.43006900561827976,-0.4822428221704121,1.4105827128331005,-0.37635742136456934,-0.4849427713920723,7
0.6547989737542906,-0.8595975512004642,-0.48674074084438107,-0.5330487493306738,-0.6106074387607932,0.9339149210948224,1.0534566000565253,-0.27743547601154706,-0.3743747503715706,1.4495046842929602,-0.43006900561827976,-0.4822428221704121,-0.7089268788723055,-0.37635742136456934,-0.4849427713920723,6
-0.8762750972300065,-0.8595975512004642,-0.48674074084438107,-0.5330487493306738,1.6377134252236851,-0.7534995386105954,1.0534566000565253,-0.27743547601154706,-0.3743747503715706,-0.6898908370812065,-0.43006900561827976,-0.4822428221704121,1.4105827128331005,-0.37635742136456934,-0.4849427713920723,7
0.6547989737542906,-0.8595975512004642,2.054481813593895,-0.5330487493306738,-0.6106074387607932,-0.7534995386105954,1.0534566000565253,-0.27743547601154706,2.6711203119534384,1.4495046842929602,2.325208250155974,-0.4822428221704121,-0.7089268788723055,2.657048707513918,2.0620989918653887,5
2.1858730447385875,2.256332225068162,2.054481813593895,-0.5330487493306738,-0.6106074387607932,2.62132938080024,1.0534566000565253,-0.27743547601154706,-0.3743747503715706,-0.6898908370812065,-0.43006900561827976,-0.4822428221704121,-0.7089268788723055,-0.37635742136456934,-0.4849427713920723,4
0.6547989737542906,0.6983673369338488,-0.48674074084438107,-0.5330487493306738,-0.6106074387607932,0.9339149210948224,-0.9492560015726731,-0.27743547601154706,-0.3743747503715706,1.4495046842929602,2.325208250155974,-0.4822428221704121,-0.7089268788723055,2.657048707513918,-0.4849427713920723,3
2.1858730447385875,-0.8595975512004642,-0.48674074084438107,-0.5330487493306738,-0.6106074387607932,-0.7534995386105954,-0.9492560015726731,-0.27743547601154706,-0.3743747503715706,-0.6898908370812065,-0.43006900561827976,-0.4822428221704121,-0.7089268788723055,-0.37635742136456934,2.0620989918653887,6
0.6547989737542906,-0.8595975512004642,-0.48674074084438107,1.87600102477617,1.6377134252236851,0.9339149210948224,1.0534566000565253,-0.27743547601154706,-0.3743747503715706,1.4495046842929602,2.325208250155974,-0.4822428221704121,-0.7089268788723055,-0.37635742136456934,2.0620989918653887,7
-0.8762750972300065,-0.8595975512004642,2.054481813593895,-0.5330487493306738,1.6377134252236851,0.9339149210948224,1.0534566000565253,-0.27743547601154706,-0.3743747503715706,-0.6898908370812065,-0.43006900561827976,-0.4822428221704121,-0.7089268788723055,-0.37635742136456934,-0.4849427713920723,7
2.1858730447385875,-0.8595975512004642,-0.48674074084438107,-0.5330487493306738,1.6377134252236851,0.9339149210948224,-0.9492560015726731,-0.27743547601154706,2.6711203119534384,-0.6898908370812065,-0.43006900561827976,-0.4822428221704121,-0.7089268788723055,-0.37635742136456934,-0.4849427713920723,4
-0.8762750972300065,-0.8595975512004642,-0.48674074084438107,-0.5330487493306738,1.6377134252236851,-0.7534995386105954,1.0534566000565253,-0.27743547601154706,-0.3743747503715706,-0.6898908370812065,-0.43006900561827976,-0.4822428221704121,1.4105827128331005,-0.37635742136456934,-0.4849427713920723,5
0.6547989737542906,0.6983673369338488,-0.48674074084438107,-0.5330487493306738,-0.6106074387607932,0.9339149210948224,-0.9492560015726731,-0.27743547601154706,-0.3743747503715706,-0.6898908370812065,-0.43006900561827976,2.073644135332772,-0.7089268788723055,-0.37635742136456934,-0.4849427713920723,3
0.6547989737542906,-0.8595975512004642,-0.48674074084438107,-0.5330487493306738,-0.6106074387607932,-0.7534995386105954,1.0534566000565253,-0.27743547601154706,-0.3743747503715706,-0.6898908370812065,-0.43006900561827976,-0.4822428221704121,-0.7089268788723055,-0.37635742136456934,-0.4849427713920723,6
0.6547989737542906,-0.8595975512004642,-0.48674074084438107,-0.5330487493306738,-0.6106074387607932,0.9339149210948224,1.0534566000565253,-0.27743547601154706,-0.3743747503715706,-0.6898908370812065,-0.43006900561827976,2.073644135332772,1.4105827128331005,-0.37635742136456934,-0.4849427713920723,6
0.6547989737542906,-0.8595975512004642,2.054481813593895,-0.5330487493306738,1.6377134252236851,-0.7534995386105954,1.0534566000565253,-0.27743547601154706,2.6711203119534384,-0.6898908370812065,-0.43006900561827976,-0.4822428221704121,-0.7089268788723055,-0.37635742136456934,-0.4849427713920723,8
2.1858730447385875,2.256332225068162,-0.48674074084438107,-0.5330487493306738,-0.6106074387607932,-0.7534995386105954,-0.9492560015726731,-0.27743547601154706,-0.3743747503715706,1.4495046842929602,-0.43006900561827976,-0.4822428221704121,-0.7089268788723055,-0.37635742136456934,-0.4849427713920723,3
-0.8762750972300065,-0.8595975512004642,2.054481813593895,-0.5330487493306738,-0.6106074387607932,-0.7534995386105954,1.0534566000565253,-0.27743547601154706,-0.3743747503715706,-0.6898908370812065,-0.43006900561827976,-0.4822428221704121,1.4105827128331005,-0.37635742136456934,-0.4849427713920723,4
0.6547989737542906,0.6983673369338488,-0.48674074084438107,-0.5330487493306738,-0.6106074387607932,-0.7534995386105954,-0.9492560015726731,-0.27743547601154706,-0.3743747503715706,1.4495046842929602,-0.43006900561827976,-0.4822428221704121,1.4105827128331005,-0.37635742136456934,2.0620989918653887,6
-0.8762750972300065,0.6983673369338488,-0.48674074084438107,-0.5330487493306738,-0.6106074387607932,-0.7534995386105954,-0.9492560015726731,-0.27743547601154706,-0.3743747503715706,1.4495046842929602,-0.43006900561827976,-0.4822428221704121,-0.7089268788723055,-0.37635742136456934,-0.4849427713920723,5
-0.8762750972300065,-0.8595975512004642,2.054481813593895,-0.5330487493306738,1.6377134252236851,-0.7534995386105954,1.0534566000565253,-0.27743547601154706,2.6711203119534384,-0.6898908370812065,-0.43006900561827976,-0.4822428221704121,-0.7089268788723055,-0.37635742136456934,-0.4849427713920723,6
0.6547989737542906,0.6983673369338488,-0.48674074084438107,-0.5330487493306738,-0.6106074387607932,0.9339149210948224,-0.9492560015726731,-0.27743547601154706,-0.3743747503715706,-0.6898908370812065,-0.43006900561827976,2.073644135332772,1.4105827128331005,-0.37635742136456934,-0.4849427713920723,5
-0.8762750972300065,-0.8595975512004642,-0.48674074084438107,-0.5330487493306738,-0.6106074387607932,0.9339149210948224,-0.9492560015726731,-0.27743547601154706,-0.3743747503715706,1.4495046842929602,2.325208250155974,-0.4822428221704121,-0.7089268788723055,-0.37635742136456934,-0.4849427713920723,8
0.6547989737542906,0.6983673369338488,-0.48674074084438107,-0.5330487493306738,1.6377134252236851,-0.7534995386105954,-0.9492560015726731,-0.27743547601154706,-0.3743747503715706,-0.6898908370812065,-0.43006900561827976,-0.4822428221704121,1.4105827128331005,-0.37635742136456934,2.0620989918653887,5
0.6547989737542906,-0.8595975512004642,-0.48674074084438107,1.87600102477617,1.6377134252236851,-0.7534995386105954,1.0534566000565253,-0.27743547601154706,-0.3743747503715706,-0.6898908370812065,-0.43006900561827976,-0.4822428221704121,-0.7089268788723055,-0.37635742136456934,-0.4849427713920723,6
-0.8762750972300065,-0.8595975512004642,2.054481813593895,-0.5330487493306738,-0.6106074387607932,-0.7534995386105954,-0.9492560015726731,-0.27743547601154706,-0.3743747503715706,-0.6898908370812065,2.325208250155974,-0.4822428221704121,-0.7089268788723055,-0.37635742136456934,-0.4849427713920723,7
0.6547989737542906,-0.8595975512004642,-0.48674074084438107,-0.5330487493306738,1.6377134252236851,0.9339149210948224,1.0534566000565253,-0.27743547601154706,-0.3743747503715706,-0.6898908370812065,-0.43006900561827976,-0.4822428221704121,-0.7089268788723055,-0.37635742136456934,-0.4849427713920723,8
-0.8762750972300065,0.6983673369338488,-0.48674074084438107,-0.5330487493306738,-0.6106074387607932,-0.7534995386105954,-0.9492560015726731,-0.27743547601154706,-0.3743747503715706,-0.6898908370812065,2.325208250155974,-0.4822428221704121,-0.7089268788723055,-0.37635742136456934,-0.4849427713920723,4
-0.8762750972300065,0.6983673369338488,-0.48674074084438107,1.87600102477617,1.6377134252236851,0.9339149210948224,1.0534566000565253,3.60444170434202,-0.3743747503715706,-0.6898908370812065,-0.43006900561827976,-0.4822428221704121,1.4105827128331005,-0.37635742136456934,-0.4849427713920723,5
0.6547989737542906,-0.8595975512004642,-0.48674074084438107,1.87600102477617,1.6377134252236851,0.9339149210948224,1.0534566000565253,-0.27743547601154706,-0.3743747503715706,-0.6898908370812065,-0.43006900561827976,-0.4822428221704121,-0.7089268788723055,-0.37635742136456934,-0.4849427713920723,9
-0.8762750972300065,-0.8595975512004642,-0.48674074084438107,1.87600102477617,1.6377134252236851,-0.7534995386105954,-0.9492560015726731,-0.27743547601154706,-0.3743747503715706,-0.6898908370812065,-0.43006900561827976,-0.4822428221704121,-0.7089268788723055,-0.37635742136456934,-0.4849427713920723,8
0.6547989737542906,0.6983673369338488,-0.48674074084438107,-0.5330487493306738,-0.6106074387607932,-0.7534995386105954,-0.9492560015726731,-0.27743547601154706,-0.3743747503715706,1.4495046842929602,-0.43006900561827976,-0.4822428221704121,-0.7089268788723055,-0.37635742136456934,-0.4849427713920723,5
0.6547989737542906,0.6983673369338488,-0.48674074084438107,-0.5330487493306738,-0.6106074387607932,-0.7534995386105954,-0.9492560015726731,-0.27743547601154706,-0.3743747503715706,-0.6898908370812065,-0.43006900561827976,-0.4822428221704121,1.4105827128331005,2.657048707513918,-0.4849427713920723,4
-0.8762750972300065,-0.8595975512004642,-0.48674074084438107,1.87600102477617,-0.6106074387607932,-0.7534995386105954,-0.9492560015726731,-0.27743547601154706,-0.3743747503715706,-0.6898908370812065,-0.43006900561827976,-0.4822428221704121,1.4105827128331005,-0.37635742136456934,-0.4849427713920723,7
-0.8762750972300065,-0.8595975512004642,-0.48674074084438107,-0.5330487493306738,-0.6106074387607932,-0.7534995386105954,1.0534566000565253,-0.27743547601154706,-0.3743747503715706,-0.6898908370812065,2.325208250155974,-0.4822428221704121,1.4105827128331005,-0.37635742136456934,2.0620989918653887,7
0.6547989737542906,0.6983673369338488,-0.48674074084438107,-0.5330487493306738,-0.6106074387607932,0.9339149210948224,1.0534566000565253,3.60444170434202,-0.3743747503715706,1.4495046842929602,-0.43006900561827976,2.073644135332772,1.4105827128331005,-0.37635742136456934,-0.4849427713920723,4
-0.8762750972300065,0.6983673369338488,-0.48674074084438107,-0.5330487493306738,1.6377134252236851,-0.7534995386105954,-0.9492560015726731,-0.27743547601154706,-0.3743747503715706,-0.6898908370812065,-0.43006900561827976,-0.4822428221704121,-0.7089268788723055,-0.37635742136456934,-0.4849427713920723,7
2.1858730447385875,0.6983673369338488,-0.48674074084438107,-0.5330487493306738,-0.6106074387607932,2.62132938080024,1.0534566000565253,-0.27743547601154706,-0.3743747503715706,1.4495046842929602,-0.43006900561827976,-0.4822428221704121,-0.7089268788723055,-0.37635742136456934,-0.4849427713920723,3
-0.8762750972300065,-0.8595975512004642,-0.48674074084438107,-0.5330487493306738,1.6377134252236851,-0.7534995386105954,-0.9492560015726731,-0.27743547601154706,-0.3743747503715706,-0.6898908370812065,-0.43006900561827976,-0.4822428221704121,-0.7089268788723055,-0.37635742136456934,-0.4849427713920723,7
-0.8762750972300065,2.256332225068162,-0.48674074084438107,-0.5330487493306738,-0.6106074387607932,-0.7534995386105954,-0.9492560015726731,-0.27743547601154706,-0.3743747503715706,1.4495046842929602,-0.43006900561827976,-0.4822428221704121,1.4105827128331005,2.657048707513918,-0.4849427713920723,2
-0.8762750972300065,-0.8595975512004642,-0.48674074084438107,-0.5330487493306738,-0.6106074387607932,-0.7534995386105954,-0.9492560015726731,-0.27743547601154706,-0.3743747503715706,1.4495046842929602,-0.43006900561827976,-0.4822428221704121,1.4105827128331005,-0.37635742136456934,-0.4849427713920723,6
0.6547989737542906,0.6983673369338488,-0.48674074084438107,-0.5330487493306738,1.6377134252236851,0.9339149210948224,1.0534566000565253,-0.27743547601154706,-0.3743747503715706,-0.6898908370812065,-0.43006900561827976,-0.4822428221704121,-0.7089268788723055,-0.37635742136456934,2.0620989918653887,3
-0.8762750972300065,-0.8595975512004642,-0.48674074084438107,-0.5330487493306738,1.6377134252236851,-0.7534995386105954,1.0534566000565253,-0.27743547601154706,-0.3743747503715706,-0.6898908370812065,-0.43006900561827976,-0.4822428221704121,1.4105827128331005,-0.37635742136456934,-0.4849427713920723,8
2.1858730447385875,-0.8595975512004642,-0.48674074084438107,-0.5330487493306738,1.6377134252236851,-0.7534995386105954,-0.9492560015726731,-0.27743547601154706,2.6711203119534384,-0.6898908370812065,-0.43006900561827976,-0.4822428221704121,-0.7089268788723055,-0.37635742136456934,2.0620989918653887,4
0.6547989737542906,0.6983673369338488,-0.48674074084438107,-0.5330487493306738,-0.6106074387607932,0.9339149210948224,-0.9492560015726731,-0.27743547601154706,-0.3743747503715706,1.4495046842929602,2.325208250155974,-0.4822428221704121,-0.7089268788723055,-0.37635742136456934,-0.4849427713920723,5
0.6547989737542906,0.6983673369338488,-0.48674074084438107,-0.5330487493306738,1.6377134252236851,-0.7534995386105954,1.0534566000565253,-0.27743547601154706,-0.3743747503715706,1.4495046842929602,-0.43006900561827976,-0.4822428221704121,-0.7089268788723055,-0.37635742136456934,-0.4849427713920723,4
-0.8762750972300065,-0.8595975512004642,-0.48674074084438107,-0.5330487493306738,-0.6106074387607932,0.9339149210948224,-0.9492560015726731,-0.27743547601154706,-0.3743747503715706,-0.6898908370812065,-0.43006900561827976,-0.4822428221704121,-0.7089268788723055,2.657048707513918,-0.4849427713920723,5
-0.8762750972300065,0.6983673369338488,-0.48674074084438107,-0.5330487493306738,-0.6106074387607932,0.9339149210948224,-0.9492560015726731,-0.27743547601154706,-0.3743747503715706,-0.6898908370812065,-0.43006900561827976,-0.4822428221704121,-0.7089268788723055,-0.37635742136456934,-0.4849427713920723,6
-0.8762750972300065,-0.8595975512004642,-0.48674074084438107,-0.5330487493306738,1.6377134252236851,-0.7534995386105954,1.0534566000565253,-0.27743547601154706,-0.3743747503715706,-0.6898908370812065,-0.43006900561827976,-0.4822428221704121,-0.7089268788723055,2.657048707513918,-0.4849427713920723,7
-0.8762750972300065,-0.8595975512004642,-0.48674074084438107,1.87600102477617,1.6377134252236851,-0.7534995386105954,1.0534566000565253,-0.27743547601154706,-0.3743747503715706,-0.6898908370812065,2.325208250155974,2.073644135332772,1.4105827128331005,2.657048707513918,-0.4849427713920723,6
2.1858730447385875,0.6983673369338488,-0.48674074084438107,-0.5330487493306738,1.6377134252236851,0.9339149210948224,-0.9492560015726731,-0.27743547601154706,2.6711203119534384,1.4495046842929602,-0.43006900561827976,2.073644135332772,-0.7089268788723055,-0.37635742136456934,-0.4849427713920723,5
0.6547989737542906,-0.8595975512004642,2.054481813593895,-0.5330487493306738,-0.6106074387607932,0.9339149210948224,-0.9492560015726731,-0.27743547601154706,-0.3743747503715706,-0.6898908370812065,2.325208250155974,-0.4822428221704121,-0.7089268788723055,-0.37635742136456934,2.0620989918653887,7
2.1858730447385875,-0.8595975512004642,-0.48674074084438107,-0.5330487493306738,-0.6106074387607932,0.9339149210948224,-0.9492560015726731,-0.27743547601154706,-0.3743747503715706,-0.6898908370812065,-0.43006900561827976,-0.4822428221704121,-0.7089268788723055,-0.37635742136456934,-0.4849427713920723,4
2.1858730447385875,0.6983673369338488,-0.48674074084438107,-0.5330487493306738,-0.6106074387607932,-0.7534995386105954,1.0534566000565253,-0.27743547601154706,-0.3743747503715706,-0.6898908370812065,-0.43006900561827976,2.073644135332772,1.4105827128331005,-0.37635742136456934,-0.4849427713920723,4
-0.8762750972300065,-0.8595975512004642,2.054481813593895,1.87600102477617,-0.6106074387607932,-0.7534995386105954,1.0534566000565253,-0.27743547601154706,-0.3743747503715706,-0.6898908370812065,-0.43006900561827976,-0.4822428221704121,-0.7089268788723055,-0.37635742136456934,-0.4849427713920723,8
-0.8762750972300065,0.6983673369338488,-0.48674074084438107,-0.5330487493306738,1.6377134252236851,-0.7534995386105954,1.0534566000565253,-0.27743547601154706,-0.3743747503715706,-0.6898908370812065,2.325208250155974,-0.4822428221704121,-0.7089268788723055,-0.37635742136456934,-0.4849427713920723,6
-0.8762750972300065,-0.8595975512004642,-0.48674074084438107,-0.5330487493306738,1.6377134252236851,-0.7534995386105954,-0.9492560015726731,-0.27743547601154706,-0.3743747503715706,-0.6898908370812065,-0.43006900561827976,2.073644135332772,-0.7089268788723055,-0.37635742136456934,-0.4849427713920723,5
0.6547989737542906,0.6983673369338488,-0.48674074084438107,-0.5330487493306738,-0.6106074387607932,-0.7534995386105954,-0.9492560015726731,-0.27743547601154706,-0.3743747503715706,-0.6898908370812065,-0.43006900561827976,-0.4822428221704121,1.4105827128331005,2.657048707513918,-0.4849427713920723,4
-0.8762750972300065,-0.8595975512004642,-0.48674074084438107,-0.5330487493306738,-0.6106074387607932,0.9339149210948224,-0.9492560015726731,-0.27743547601154706,-0.3743747503715706,1.4495046842929602,-0.43006900561827976,2.073644135332772,-0.7089268788723055,-0.37635742136456934,-0.4849427713920723,6
0.6547989737542906,0.6983673369338488,-0.48674074084438107,-0.5330487493306738,-0.6106074387607932,0.9339149210948224,-0.9492560015726731,-0.27743547601154706,-0.3743747503715706,1.4495046842929602,-0.43006900561827976,-0.4822428221704121,1.4105827128331005,2.657048707513918,-0.4849427713920723,2
-0.8762750972300065,-0.8595975512004642,2.054481813593895,-0.5330487493306738,-0.6106074387607932,-0.7534995386105954,-0.9492560015726731,-0.27743547601154706,-0.3743747503715706,-0.6898908370812065,-0.43006900561827976,-0.4822428221704121,-0.7089268788723055,-0.37635742136456934,2.0620989918653887,7
2.1858730447385875,0.6983673369338488,-0.48674074084438107,-0.5330487493306738,1.6377134252236851,0.9339149210948224,-0.9492560015726731,3.60444170434202,-0.3743747503715706,-0.6898908370812065,-0.43006900561827976,-0.4822428221704121,-0.7089268788723055,-0.37635742136456934,-0.4849427713920723,3
0.6547989737542906,0.6983673369338488,-0.48674074084438107,-0.5330487493306738,-0.6106074387607932,0.9339149210948224,-0.9492560015726731,-0.27743547601154706,-0.3743747503715706,1.4495046842929602,-0.43006900561827976,-0.4822428221704121,-0.7089268788723055,2.657048707513918,-0.4849427713920723,6
0.6547989737542906,0.6983673369338488,-0.48674074084438107,-0.5330487493306738,-0.6106074387607932,0.9339149210948224,-0.9492560015726731,-0.27743547601154706,-0.3743747503715706,1.4495046842929602,-0.43006900561827976,-0.4822428221704121,-0.7089268788723055,-0.37635742136456934,-0.4849427713920723,4
-0.8762750972300065,0.6983673369338488,-0.48674074084438107,-0.5330487493306738,-0.6106074387607932,-0.7534995386105954,-0.9492560015726731,-0.27743547601154706,-0.3743747503715706,1.4495046842929602,-0.43006900561827976,2.073644135332772,-0.7089268788723055,2.657048707513918,-0.4849427713920723,6
0.6547989737542906,-0.8595975512004642,-0.48674074084438107,1.87600102477617,-0.6106074387607932,0.9339149210948224,1.0534566000565253,-0.27743547601154706,-0.3743747503715706,-0.6898908370812065,-0.43006900561827976,-0.4822428221704121,-0.7089268788723055,-0.37635742136456934,-0.4849427713920723,6
0.6547989737542906,0.6983673369338488,-0.48674074084438107,-0.5330487493306738,1.6377134252236851,-0.7534995386105954,-0.9492560015726731,-0.27743547601154706,-0.3743747503715706,-0.6898908370812065,-0.43006900561827976,-0.4822428221704121,-0.7089268788723055,-0.37635742136456934,-0.4849427713920723,4
-0.8762750972300065,-0.8595975512004642,-0.48674074084438107,-0.5330487493306738,1.6377134252236851,-0.7534995386105954,1.0534566000565253,-0.27743547601154706,-0.3743747503715706,-0.6898908370812065,-0.43006900561827976,-0.4822428221704121,1.4105827128331005,-0.37635742136456934,-0.4849427713920723,8
2.1858730447385875,0.6983673369338488,-0.48674074084438107,-0.5330487493306738,-0.6106074387607932,2.62132938080024,-0.9492560015726731,-0.27743547601154706,-0.3743747503715706,-0.6898908370812065,-0.43006900561827976,-0.4822428221704121,1.4105827128331005,-0.37635742136456934,2.0620989918653887,6
-0.8762750972300065,-0.8595975512004642,2.054481813593895,1.87600102477617,-0.6106074387607932,-0.7534995386105954,1.0534566000565253,-0.27743547601154706,2.6711203119534384,-0.6898908370812065,-0.43006900561827976,-0.4822428221704121,-0.7089268788723055,-0.37635742136456934,-0.4849427713920723,9
0.6547989737542906,2.256332225068162,-0.48674074084438107,-0.5330487493306738,1.6377134252236851,0.9339149210948224,-0.9492560015726731,-0.27743547601154706,-0.3743747503715706,-0.6898908370812065,-0.43006900561827976,-0.4822428221704121,-0.7089268788723055,-0.37635742136456934,-0.4849427713920723,6
0.6547989737542906,0.6983673369338488,-0.48674074084438107,-0.5330487493306738,-0.6106074387607932,-0.7534995386105954,1.0534566000565253,-0.27743547601154706,-0.3743747503715706,1.4495046842929602,-0.43006900561827976,-0.4822428221704121,-0.7089268788723055,-0.37635742136456934,-0.4849427713920723,3
-0.8762750972300065,-0.8595975512004642,-0.48674074084438107,-0.5330487493306738,-0.6106074387607932,-0.7534995386105954,-0.9492560015726731,-0.27743547601154706,-0.3743747503715706,-0.6898908370812065,2.325208250155974,-0.4822428221704121,1.4105827128331005,2.657048707513918,-0.4849427713920723,3
-0.8762750972300065,-0.8595975512004642,-0.48674074084438107,-0.5330487493306738,1.6377134252236851,-0.7534995386105954,-0.9492560015726731,-0.27743547601154706,-0.3743747503715706,-0.6898908370812065,2.325208250155974,-0.4822428221704121,-0.7089268788723055,-0.37635742136456934,-0.4849427713920723,8
2.1858730447385875,0.6983673369338488,-0.48674074084438107,-0.5330487493306738,-0.6106074387607932,0.9339149210948224,-0.9492560015726731,3.60444170434202,-0.3743747503715706,-0.6898908370812065,-0.43006900561827976,-0.4822428221704121,1.4105827128331005,-0.37635742136456934,-0.4849427713920723,2
2.1858730447385875,2.256332225068162,-0.48674074084438107,-0.5330487493306738,-0.6106074387607932,-0.7534995386105954,-0.9492560015726731,-0.27743547601154706,-0.3743747503715706,1.4495046842929602,-0.43006900561827976,-0.4822428221704121,-0.7089268788723055,-0.37635742136456934,-0.4849427713920723,3
-0.8762750972300065,-0.8595975512004642,-0.48674074084438107,-0.5330487493306738,-0.6106074387607932,-0.7534995386105954,-0.9492560015726731,-0.27743547601154706,2.6711203119534384,-0.6898908370812065,-0.43006900561827976,-0.4822428221704121,1.4105827128331005,-0.37635742136456934,-0.4849427713920723,7
0.6547989737542906,2.256332225068162,-0.48674074084438107,-0.5330487493306738,1.6377134252236851,0.9339149210948224,-0.9492560015726731,-0.27743547601154706,-0.3743747503715706,-0.6898908370812065,-0.43006900561827976,-0.4822428221704121,-0.7089268788723055,2.657048707513918,-0.4849427713920723,1
-0.8762750972300065,-0.8595975512004642,-0.48674074084438107,-0.5330487493306738,-0.6106074387607932,-0.7534995386105954,1.0534566000565253,-0.27743547601154706,-0.3743747503715706,-0.6898908370812065,-0.43006900561827976,-0.4822428221704121,1.4105827128331005,-0.37635742136456934,-0.4849427713920723,6
-0.8762750972300065,-0.8595975512004642,-0.48674074084438107,-0.5330487493306738,-0.6106074387607932,-0.7534995386105954,1.0534566000565253,3.60444170434202,-0.3743747503715706,-0.6898908370812065,-0.43006900561827976,2.073644135332772,1.4105827128331005,-0.37635742136456934,-0.4849427713920723,4
-0.8762750972300065,-0.8595975512004642,-0.48674074084438107,-0.5330487493306738,-0.6106074387607932,-0.7534995386105954,1.0534566000565253,-0.27743547601154706,-0.3743747503715706,1.4495046842929602,-0.43006900561827976,-0.4822428221704121,1.4105827128331005,-0.37635742136456934,-0.4849427713920723,5
-0.8762750972300065,-0.8595975512004642,2.054481813593895,-0.5330487493306738,-0.6106074387607932,-0.7534995386105954,-0.9492560015726731,-0.27743547601154706,-0.3743747503715706,-0.6898908370812065,-0.43006900561827976,-0.4822428221704121,-0.7089268788723055,-0.37635742136456934,-0.4849427713920723,4
-0.8762750972300065,-0.8595975512004642,-0.48674074084438107,-0.5330487493306738,-0.6106074387607932,-0.7534995386105954,-0.9492560015726731,3.60444170434202,-0.3743747503715706,-0.6898908370812065,-0.43006900561827976,-0.4822428221704121,1.4105827128331005,-0.37635742136456934,2.0620989918653887,6
-0.8762750972300065,-0.8595975512004642,-0.48674074084438107,-0.5330487493306738,-0.6106074387607932,0.9339149210948224,1.0534566000565253,-0.27743547601154706,-0.3743747503715706,-0.6898908370812065,-0.43006900561827976,-0.4822428221704121,-0.7089268788723055,-0.37635742136456934,-0.4849427713920723,7
2.1858730447385875,2.256332225068162,-0.48674074084438107,-0.5330487493306738,1.6377134252236851,2.62132938080024,-0.9492560015726731,-0.27743547601154706,-0.3743747503715706,1.4495046842929602,-0.43006900561827976,-0.4822428221704121,-0.7089268788723055,-0.37635742136456934,2.0620989918653887,4
-0.8762750972300065,-0.8595975512004642,-0.48674074084438107,-0.5330487493306738,1.6377134252236851,0.9339149210948224,-0.9492560015726731,-0.27743547601154706,2.6711203119534384,-0.6898908370812065,-0.43006900561827976,-0.4822428221704121,-0.7089268788723055,-0.37635742136456934,-0.4849427713920723,8
-0.8762750972300065,-0.8595975512004642,2.054481813593895,-0.5330487493306738,-0.6106074387607932,-0.7534995386105954,-0.9492560015726731,-0.27743547601154706,-0.3743747503715706,-0.6898908370812065,2.325208250155974,-0.4822428221704121,-0.7089268788723055,-0.37635742136456934,2.0620989918653887,9
-0.8762750972300065,2.256332225068162,-0.48674074084438107,-0.5330487493306738,-0.6106074387607932,-0.7534995386105954,1.0534566000565253,-0.27743547601154706,-0.3743747503715706,1.4495046842929602,-0.43006900561827976,-0.4822428221704121,-0.7089268788723055,-0.37635742136456934,-0.4849427713920723,3
-0.8762750972300065,0.6983673369338488,-0.48674074084438107,-0.5330487493306738,-0.6106074387607932,0.9339149210948224,-0.9492560015726731,-0.27743547601154706,-0.3743747503715706,-0.6898908370812065,-0.43006900561827976,-0.4822428221704121,-0.7089268788723055,2.657048707513918,-0.4849427713920723,6
-0.8762750972300065,0.6983673369338488,-0.48674074084438107,-0.5330487493306738,-0.6106074387607932,-0.7534995386105954,-0.9492560015726731,-0.27743547601154706,-0.3743747503715706,1.4495046842929602,-0.43006900561827976,-0.4822428221704121,1.4105827128331005,2.657048707513918,-0.4849427713920723,3
-0.8762750972300065,0.6983673369338488,-0.48674074084438107,-0.5330487493306738,-0.6106074387607932,-0.7534995386105954,-0.9492560015726731,-0.27743547601154706,-0.3743747503715706,-0.6898908370812065,-0.43006900561827976,-0.4822428221704121,-0.7089268788723055,-0.37635742136456934,-0.4849427713920723,6
0.6547989737542906,0.6983673369338488,-0.48674074084438107,-0.5330487493306738,-0.6106074387607932,-0.7534995386105954,-0.9492560015726731,-0.27743547601154706,-0.3743747503715706,1.4495046842929602,-0.43006900561827976,-0.4822428221704121,1.4105827128331005,-0.37635742136456934,2.0620989918653887,6
-0.8762750972300065,-0.8595975512004642,2.054481813593895,-0.5330487493306738,-0.6106074387607932,-0.7534995386105954,1.0534566000565253,-0.27743547601154706,-0.3743747503715706,-0.6898908370812065,-0.43006900561827976,-0.4822428221704121,-0.7089268788723055,-0.37635742136456934,2.0620989918653887,9
-0.8762750972300065,-0.8595975512004642,-0.48674074084438107,-0.5330487493306738,-0.6106074387607932,-0.7534995386105954,1.0534566000565253,-0.27743547601154706,-0.3743747503715706,1.4495046842929602,-0.43006900561827976,-0.4822428221704121,1.4105827128331005,-0.37635742136456934,-0.4849427713920723,4
-0.8762750972300065,0.6983673369338488,-0.48674074084438107,-0.5330487493306738,-0.6106074387607932,-0.7534995386105954,1.0534566000565253,-0.27743547601154706,-0.3743747503715706,-0.6898908370812065,2.325208250155974,-0.4822428221704121,1.4105827128331005,-0.37635742136456934,-0.4849427713920723,8
0.6547989737542906,2.256332225068162,-0.48674074084438107,-0.5330487493306738,1.6377134252236851,-0.7534995386105954,1.0534566000565253,-0.27743547601154706,-0.3743747503715706,-0.6898908370812065,-0.43006900561827976,-0.4822428221704121,1.4105827128331005,2.657048707513918,-0.4849427713920723,4
-0.8762750972300065,-0.8595975512004642,-0.48674074084438107,-0.5330487493306738,1.6377134252236851,-0.7534995386105954,1.0534566000565253,-0.27743547601154706,-0.3743747503715706,-0.6898908370812065,-0.43006900561827976,-0.4822428221704121,1.4105827128331005,-0.37635742136456934,-0.4849427713920723,8
0.6547989737542906,-0.8595975512004642,2.054481813593895,-0.5330487493306738,-0.6106074387607932,0.9339149210948224,-0.9492560015726731,-0.27743547601154706,-0.3743747503715706,1.4495046842929602,2.325208250155974,-0.4822428221704121,-0.7089268788723055,-0.37635742136456934,-0.4849427713920723,6
0.6547989737542906,0.6983673369338488,-0.48674074084438107,-0.5330487493306738,1.6377134252236851,2.62132938080024,-0.9492560015726731,-0.27743547601154706,2.6711203119534384,-0.6898908370812065,-0.43006900561827976,-0.4822428221704121,-0.7089268788723055,-0.37635742136456934,-0.4849427713920723,5
0.6547989737542906,-0.8595975512004642,2.054481813593895,-0.5330487493306738,-0.6106074387607932,0.9339149210948224,1.0534566000565253,-0.27743547601154706,-0.3743747503715706,1.4495046842929602,-0.43006900561827976,-0.4822428221704121,-0.7089268788723055,-0.37635742136456934,-0.4849427713920723,4
-0.8762750972300065,-0.8595975512004642,-0.48674074084438107,-0.5330487493306738,-0.6106074387607932,-0.7534995386105954,-0.9492560015726731,-0.27743547601154706,-0.3743747503715706,1.4495046842929602,-0.43006900561827976,2.073644135332772,1.4105827128331005,-0.37635742136456934,-0.4849427713920723,4
0.6547989737542906,2.256332225068162,-0.48674074084438107,-0.5330487493306738,-0.6106074387607932,-0.7534995386105954,1.0534566000565253,-0.27743547601154706,-0.3743747503715706,-0.6898908370812065,-0.43006900561827976,-0.4822428221704121,1.4105827128331005,2.657048707513918,-0.4849427713920723,3
0.6547989737542906,0.6983673369338488,-0.48674074084438107,-0.5330487493306738,-0.6106074387607932,0.9339149210948224,1.0534566000565253,-0.27743547601154706,-0.3743747503715706,-0.6898908370812065,-0.43006900561827976,2.073644135332772,-0.7089268788723055,-0.37635742136456934,-0.4849427713920723,2
2.1858730447385875,0.6983673369338488,-0.48674074084438107,-0.5330487493306738,-0.6106074387607932,2.62132938080024,-0.9492560015726731,-0.27743547601154706,-0.3743747503715706,-0.6898908370812065,-0.43006900561827976,-0.4822428221704121,-0.7089268788723055,-0.37635742136456934,-0.4849427713920723,4
0.6547989737542906,0.6983673369338488,2.054481813593895,-0.5330487493306738,-0.6106074387607932,-0.7534995386105954,1.0534566000565253,-0.27743547601154706,-0.3743747503715706,-0.6898908370812065,-0.43006900561827976,-0.4822428221704121,1.4105827128331005,-0.37635742136456934,-0.4849427713920723,4
-0.8762750972300065,-0.8595975512004642,2.054481813593895,1.87600102477617,-0.6106074387607932,0.9339149210948224,-0.9492560015726731,-0.27743547601154706,-0.3743747503715706,-0.6898908370812065,-0.43006900561827976,-0.4822428221704121,-0.7089268788723055,2.657048707513918,-0.4849427713920723,8
0.6547989737542906,-0.8595975512004642,-0.48674074084438107,-0.5330487493306738,-0.6106074387607932,0.9339149210948224,1.0534566000565253,-0.27743547601154706,-0.3743747503715706,-0.6898908370812065,-0.43006900561827976,-0.4822428221704121,-0.7089268788723055,-0.37635742136456934,-0.4849427713920723,7
-0.8762750972300065,-0.8595975512004642,-0.48674074084438107,-0.5330487493306738,1.6377134252236851,-0.7534995386105954,1.0534566000565253,-0.27743547601154706,-0.3743747503715706,-0.6898908370812065,-0.43006900561827976,-0.4822428221704121,-0.7089268788723055,-0.37635742136456934,-0.4849427713920723,8
-0.8762750972300065,0.6983673369338488,-0.48674074084438107,-0.5330487493306738,-0.6106074387607932,-0.7534995386105954,-0.9492560015726731,-0.27743547601154706,-0.3743747503715706,1.4495046842929602,-0.43006900561827976,-0.4822428221704121,-0.7089268788723055,-0.37635742136456934,-0.4849427713920723,7
0.6547989737542906,2.256332225068162,-0.48674074084438107,-0.5330487493306738,-0.6106074387607932,0.9339149210948224,-0.9492560015726731,-0.27743547601154706,-0.3743747503715706,-0.6898908370812065,-0.43006900561827976,2.073644135332772,1.4105827128331005,2.657048707513918,-0.4849427713920723,4
-0.8762750972300065,0.6983673369338488,2.054481813593895,1.87600102477617,-0.6106074387607932,0.9339149210948224,1.0534566000565253,-0.27743547601154706,-0.3743747503715706,-0.6898908370812065,-0.43006900561827976,-0.4822428221704121,-0.7089268788723055,-0.37635742136456934,-0.4849427713920723,7
-0.8762750972300065,-0.8595975512004642,-0.48674074084438107,-0.5330487493306738,1.6377134252236851,0.9339149210948224,1.0534566000565253,-0.27743547601154706,2.6711203119534384,-0.6898908370812065,-0.43006900561827976,2.073644135332772,1.4105827128331005,-0.37635742136456934,-0.4849427713920723,7
-0.8762750972300065,0.6983673369338488,-0.48674074084438107,-0.5330487493306738,-0.6106074387607932,-0.7534995386105954,-0.9492560015726731,-0.27743547601154706,-0.3743747503715706,1.4495046842929602,-0.43006900561827976,2.073644135332772,-0.7089268788723055,-0.37635742136456934,-0.4849427713920723,4
-0.8762750972300065,-0.8595975512004642,-0.48674074084438107,-0.5330487493306738,1.6377134252236851,-0.7534995386105954,1.0534566000565253,-0.27743547601154706,-0.3743747503715706,-0.6898908370812065,-0.43006900561827976,-0.4822428221704121,1.4105827128331005,-0.37635742136456934,-0.4849427713920723,6
2.1858730447385875,0.6983673369338488,-0.48674074084438107,-0.5330487493306738,-0.6106074387607932,2.62132938080024,-0.9492560015726731,-0.27743547601154706,-0.3743747503715706,1.4495046842929602,-0.43006900561827976,-0.4822428221704121,-0.7089268788723055,-0.37635742136456934,-0.4849427713920723,3
2.1858730447385875,2.256332225068162,-0.48674074084438107,-0.5330487493306738,-0.6106074387607932,2.62132938080024,-0.9492560015726731,-0.27743547601154706,-0.3743747503715706,1.4495046842929602,-0.43006900561827976,-0.4822428221704121,-0.7089268788723055,-0.37635742136456934,-0.4849427713920723,3
0.6547989737542906,-0.8595975512004642,2.054481813593895,-0.5330487493306738,-0.6106074387607932,0.9339149210948224,-0.9492560015726731,-0.27743547601154706,-0.3743747503715706,-0.6898908370812065,-0.43006900561827976,-0.4822428221704121,-0.7089268788723055,-0.37635742136456934,2.0620989918653887,6
-0.8762750972300065,-0.8595975512004642,-0.48674074084438107,-0.5330487493306738,1.6377134252236851,-0.7534995386105954,1.0534566000565253,-0.27743547601154706,-0.3743747503715706,-0.6898908370812065,-0.43006900561827976,-0.4822428221704121,-0.7089268788723055,-0.37635742136456934,2.0620989918653887,7
0.6547989737542906,0.6983673369338488,-0.48674074084438107,-0.5330487493306738,-0.6106074387607932,2.62132938080024,-0.9492560015726731,-0.27743547601154706,-0.3743747503715706,-0.6898908370812065,-0.43006900561827976,-0.4822428221704121,-0.7089268788723055,-0.37635742136456934,-0.4849427713920723,4
0.6547989737542906,-0.8595975512004642,-0.48674074084438107,1.87600102477617,-0.6106074387607932,-0.7534995386105954,-0.9492560015726731,-0.27743547601154706,-0.3743747503715706,1.4495046842929602,-0.43006900561827976,-0.4822428221704121,-0.7089268788723055,-0.37635742136456934,-0.4849427713920723,6
2.1858730447385875,0.6983673369338488,-0.48674074084438107,-0.5330487493306738,-0.6106074387607932,2.62132938080024,-0.9492560015726731,-0.27743547601154706,-0.3743747503715706,-0.6898908370812065,-0.43006900561827976,-0.4822428221704121,-0.7089268788723055,-0.37635742136456934,-0.4849427713920723,4
0.6547989737542906,0.6983673369338488,-0.48674074084438107,1.87600102477617,1.6377134252236851,-0.7534995386105954,1.0534566000565253,3.60444170434202,-0.3743747503715706,1.4495046842929602,2.325208250155974,2.073644135332772,1.4105827128331005,-0.37635742136456934,-0.4849427713920723,5
-0.8762750972300065,0.6983673369338488,-0.48674074084438107,-0.5330487493306738,1.6377134252236851,-0.7534995386105954,1.0534566000565253,-0.27743547601154706,-0.3743747503715706,1.4495046842929602,-0.43006900561827976,-0.4822428221704121,1.4105827128331005,-0.37635742136456934,-0.4849427713920723,4
0.6547989737542906,0.6983673369338488,-0.48674074084438107,-0.5330487493306738,-0.6106074387607932,0.9339149210948224,-0.9492560015726731,-0.27743547601154706,-0.3743747503715706,-0.6898908370812065,-0.43006900561827976,-0.4822428221704121,1.4105827128331005,-0.37635742136456934,-0.4849427713920723,7
-0.8762750972300065,-0.8595975512004642,-0.48674074084438107,-0.5330487493306738,1.6377134252236851,-0.7534995386105954,1.0534566000565253,-0.27743547601154706,-0.3743747503715706,-0.6898908370812065,-0.43006900561827976,-0.4822428221704121,-0.7089268788723055,2.657048707513918,-0.4849427713920723,9
-0.8762750972300065,0.6983673369338488,-0.48674074084438107,-0.5330487493306738,1.6377134252236851,-0.7534995386105954,1.0534566000565253,-0.27743547601154706,-0.3743747503715706,-0.6898908370812065,-0.43006900561827976,-0.4822428221704121,1.4105827128331005,-0.37635742136456934,-0.4849427713920723,6
-0.8762750972300065,0.6983673369338488,-0.48674074084438107,-0.5330487493306738,-0.6106074387607932,-0.7534995386105954,-0.9492560015726731,-0.27743547601154706,-0.3743747503715706,1.4495046842929602,-0.43006900561827976,-0.4822428221704121,1.4105827128331005,-0.37635742136456934,-0.4849427713920723,5
0.6547989737542906,-0.8595975512004642,2.054481813593895,-0.5330487493306738,-0.6106074387607932,-0.7534995386105954,-0.9492560015726731,-0.27743547601154706,-0.3743747503715706,-0.6898908370812065,2.325208250155974,-0.4822428221704121,-0.7089268788723055,-0.37635742136456934,-0.4849427713920723,6
-0.8762750972300065,0.6983673369338488,-0.48674074084438107,-0.5330487493306738,1.6377134252236851,-0.7534995386105954,-0.9492560015726731,-0.27743547601154706,-0.3743747503715706,-0.6898908370812065,-0.43006900561827976,-0.4822428221704121,1.4105827128331005,-0.37635742136456934,-0.4849427713920723,5
-0.8762750972300065,-0.8595975512004642,2.054481813593895,1.87600102477617,1.6377134252236851,-0.7534995386105954,1.0534566000565253,-0.27743547601154706,-0.3743747503715706,-0.6898908370812065,-0.43006900561827976,-0.4822428221704121,-0.7089268788723055,-0.37635742136456934,-0.4849427713920723,8
0.6547989737542906,-0.8595975512004642,-0.48674074084438107,1.87600102477617,-0.6106074387607932,-0.7534995386105954,1.0534566000565253,-0.27743547601154706,-0.3743747503715706,1.4495046842929602,-0.43006900561827976,-0.4822428221704121,-0.7089268788723055,-0.37635742136456934,-0.4849427713920723,5
-0.8762750972300065,-0.8595975512004642,-0.48674074084438107,-0.5330487493306738,-0.6106074387607932,-0.7534995386105954,-0.9492560015726731,-0.27743547601154706,-0.3743747503715706,1.4495046842929602,-0.43006900561827976,-0.4822428221704121,-0.7089268788723055,-0.37635742136456934,-0.4849427713920723,8
0.6547989737542906,0.6983673369338488,-0.48674074084438107,-0.5330487493306738,-0.6106074387607932,0.9339149210948224,-0.9492560015726731,-0.27743547601154706,-0.3743747503715706,-0.6898908370812065,-0.43006900561827976,2.073644135332772,1.4105827128331005,-0.37635742136456934,-0.4849427713920723,7
-0.8762750972300065,0.6983673369338488,-0.48674074084438107,-0.5330487493306738,-0.6106074387607932,-0.7534995386105954,-0.9492560015726731,-0.27743547601154706,-0.3743747503715706,1.4495046842929602,-0.43006900561827976,-0.4822428221704121,1.4105827128331005,-0.37635742136456934,-0.4849427713920723,5
0.6547989737542906,0.6983673369338488,-0.48674074084438107,-0.5330487493306738,-0.6106074387607932,0.9339149210948224,-0.9492560015726731,-0.27743547601154706,-0.3743747503715706,-0.6898908370812065,-0.43006900561827976,-0.4822428221704121,-0.7089268788723055,-0.37635742136456934,2.0620989918653887,6
-0.8762750972300065,-0.8595975512004642,-0.48674074084438107,1.87600102477617,-0.6106074387607932,-0.7534995386105954,1.0534566000565253,-0.27743547601154706,-0.3743747503715706,-0.6898908370812065,-0.43006900561827976,-0.4822428221704121,-0.7089268788723055,-0.37635742136456934,-0.4849427713920723,7
-0.8762750972300065,0.6983673369338488,-0.48674074084438107,1.87600102477617,-0.6106074387607932,0.9339149210948224,-0.9492560015726731,-0.27743547601154706,-0.3743747503715706,1.4495046842929602,2.325208250155974,-0.4822428221704121,1.4105827128331005,-0.37635742136456934,-0.4849427713920723,5
-0.8762750972300065,-0.8595975512004642,2.054481813593895,-0.5330487493306738,1.6377134252236851,-0.7534995386105954,1.0534566000565253,-0.27743547601154706,-0.3743747503715706,-0.6898908370812065,-0.43006900561827976,-0.4822428221704121,-0.7089268788723055,-0.37635742136456934,-0.4849427713920723,8
-0.8762750972300065,-0.8595975512004642,-0.48674074084438107,-0.5330487493306738,-0.6106074387607932,-0.7534995386105954,-0.9492560015726731,-0.27743547601154706,-0.3743747503715706,-0.6898908370812065,2.325208250155974,-0.4822428221704121,-0.7089268788723055,-0.37635742136456934,2.0620989918653887,7
-0.8762750972300065,0.6983673369338488,-0.48674074084438107,-0.5330487493306738,-0.6106074387607932,-0.7534995386105954,-0.9492560015726731,-0.27743547601154706,-0.3743747503715706,1.4495046842929602,-0.43006900561827976,-0.4822428221704121,-0.7089268788723055,-0.37635742136456934,-0.4849427713920723,4
0.6547989737542906,-0.8595975512004642,-0.48674074084438107,1.87600102477617,1.6377134252236851,0.9339149210948224,-0.9492560015726731,-0.27743547601154706,-0.3743747503715706,-0.6898908370812065,-0.43006900561827976,-0.4822428221704121,-0.7089268788723055,-0.37635742136456934,-0.4849427713920723,7
-0.8762750972300065,-0.8595975512004642,-0.48674074084438107,-0.5330487493306738,1.6377134252236851,-0.7534995386105954,-0.9492560015726731,-0.27743547601154706,2.6711203119534384,-0.6898908370812065,2.325208250155974,-0.4822428221704121,-0.7089268788723055,-0.37635742136456934,2.0620989918653887,8
0.6547989737542906,0.6983673369338488,-0.48674074084438107,-0.5330487493306738,-0.6106074387607932,0.9339149210948224,-0.9492560015726731,-0.27743547601154706,-0.3743747503715706,-0.6898908370812065,-0.43006900561827976,-0.4822428221704121,-0.7089268788723055,2.657048707513918,2.0620989918653887,5
2.1858730447385875,-0.8595975512004642,2.054481813593895,-0.5330487493306738,-0.6106074387607932,0.9339149210948224,-0.9492560015726731,-0.27743547601154706,-0.3743747503715706,-0.6898908370812065,-0.43006900561827976,-0.4822428221704121,-0.7089268788723055,-0.37635742136456934,-0.4849427713920723,6
-0.8762750972300065,-0.8595975512004642,-0.48674074084438107,-0.5330487493306738,-0.6106074387607932,0.9339149210948224,1.0534566000565253,-0.27743547601154706,-0.3743747503715706,-0.6898908370812065,-0.43006900561827976,-0.4822428221704121,-0.7089268788723055,-0.37635742136456934,-0.4849427713920723,5
0.6547989737542906,0.6983673369338488,-0.48674074084438107,-0.5330487493306738,-0.6106074387607932,-0.7534995386105954,1.0534566000565253,-0.27743547601154706,-0.3743747503715706,1.4495046842929602,-0.43006900561827976,2.073644135332772,-0.7089268788723055,-0.37635742136456934,-0.4849427713920723,6
-0.8762750972300065,0.6983673369338488,-0.48674074084438107,-0.5330487493306738,-0.6106074387607932,0.9339149210948224,-0.9492560015726731,-0.27743547601154706,-0.3743747503715706,-0.6898908370812065,2.325208250155974,-0.4822428221704121,-0.7089268788723055,-0.37635742136456934,2.0620989918653887,8
0.6547989737542906,-0.8595975512004642,-0.48674074084438107,1.87600102477617,-0.6106074387607932,-0.7534995386105954,-0.9492560015726731,-0.27743547601154706,-0.3743747503715706,-0.6898908370812065,-0.43006900561827976,-0.4822428221704121,-0.7089268788723055,-0.37635742136456934,-0.4849427713920723,7
-0.8762750972300065,0.6983673369338488,-0.48674074084438107,-0.5330487493306738,1.6377134252236851,0.9339149210948224,1.0534566000565253,-0.27743547601154706,-0.3743747503715706,1.4495046842929602,2.325208250155974,-0.4822428221704121,1.4105827128331005,-0.37635742136456934,2.0620989918653887,8
0.6547989737542906,2.256332225068162,-0.48674074084438107,-0.5330487493306738,1.6377134252236851,0.9339149210948224,-0.9492560015726731,-0.27743547601154706,-0.3743747503715706,-0.6898908370812065,-0.43006900561827976,-0.4822428221704121,1.4105827128331005,2.657048707513918,-0.4849427713920723,4
-0.8762750972300065,-0.8595975512004642,-0.48674074084438107,1.87600102477617,1.6377134252236851,-0.7534995386105954,1.0534566000565253,-0.27743547601154706,-0.3743747503715706,-0.6898908370812065,-0.43006900561827976,-0.4822428221704121,-0.7089268788723055,-0.37635742136456934,-0.4849427713920723,9
-0.8762750972300065,0.6983673369338488,-0.48674074084438107,-0.5330487493306738,1.6377134252236851,2.62132938080024,1.0534566000565253,3.60444170434202,2.6711203119534384,1.4495046842929602,-0.43006900561827976,-0.4822428221704121,1.4105827128331005,-0.37635742136456934,-0.4849427713920723,5
0.6547989737542906,0.6983673369338488,-0.48674074084438107,-0.5330487493306738,-0.6106074387607932,0.9339149210948224,-0.9492560015726731,-0.27743547601154706,-0.3743747503715706,-0.6898908370812065,-0.43006900561827976,2.073644135332772,1.4105827128331005,2.657048707513918,-0.4849427713920723,4
0.6547989737542906,0.6983673369338488,-0.48674074084438107,-0.5330487493306738,-0.6106074387607932,0.9339149210948224,-0.9492560015726731,-0.27743547601154706,-0.3743747503715706,1.4495046842929602,-0.43006900561827976,-0.4822428221704121,-0.7089268788723055,-0.37635742136456934,-0.4849427713920723,3
0.6547989737542906,-0.8595975512004642,-0.48674074084438107,1.87600102477617,-0.6106074387607932,0.9339149210948224,1.0534566000565253,3.60444170434202,2.6711203119534384,-0.6898908370812065,-0.43006900561827976,2.073644135332772,1.4105827128331005,-0.37635742136456934,-0.4849427713920723,6
-0.8762750972300065,-0.8595975512004642,2.054481813593895,-0.5330487493306738,-0.6106074387607932,-0.7534995386105954,-0.9492560015726731,-0.27743547601154706,-0.3743747503715706,-0.6898908370812065,-0.43006900561827976,-0.4822428221704121,-0.7089268788723055,-0.37635742136456934,2.0620989918653887,7
0.6547989737542906,-0.8595975512004642,-0.48674074084438107,-0.5330487493306738,-0.6106074387607932,-0.7534995386105954,1.0534566000565253,-0.27743547601154706,-0.3743747503715706,-0.6898908370812065,-0.43006900561827976,-0.4822428221704121,-0.7089268788723055,-0.37635742136456934,-0.4849427713920723,6
-0.8762750972300065,0.6983673369338488,-0.48674074084438107,-0.5330487493306738,-0.6106074387607932,0.9339149210948224,1.0534566000565253,-0.27743547601154706,2.6711203119534384,-0.6898908370812065,-0.43006900561827976,-0.4822428221704121,-0.7089268788723055,-0.37635742136456934,2.0620989918653887,8
-0.8762750972300065,-0.8595975512004642,2.054481813593895,-0.5330487493306738,-0.6106074387607932,-0.7534995386105954,1.0534566000565253,-0.27743547601154706,-0.3743747503715706,-0.6898908370812065,-0.43006900561827976,-0.4822428221704121,-0.7089268788723055,-0.37635742136456934,2.0620989918653887,8
0.6547989737542906,0.6983673369338488,-0.48674074084438107,-0.5330487493306738,-0.6106074387607932,0.9339149210948224,-0.9492560015726731,-0.27743547601154706,-0.3743747503715706,-0.6898908370812065,-0.43006900561827976,2.073644135332772,1.4105827128331005,-0.37635742136456934,-0.4849427713920723,4
2.1858730447385875,0.6983673369338488,-0.48674074084438107,-0.5330487493306738,-0.6106074387607932,0.9339149210948224,1.0534566000565253,-0.27743547601154706,-0.3743747503715706,-0.6898908370812065,2.325208250155974,-0.4822428221704121,-0.7089268788723055,2.657048707513918,-0.4849427713920723,5
-0.8762750972300065,2.256332225068162,-0.48674074084438107,-0.5330487493306738,-0.6106074387607932,-0.7534995386105954,-0.9492560015726731,-0.27743547601154706,-0.3743747503715706,1.4495046842929602,-0.43006900561827976,-0.4822428221704121,-0.7089268788723055,-0.37635742136456934,-0.4849427713920723,5
-0.8762750972300065,-0.8595975512004642,-0.48674074084438107,1.87600102477617,-0.6106074387607932,-0.7534995386105954,-0.9492560015726731,-0.27743547601154706,-0.3743747503715706,-0.6898908370812065,-0.43006900561827976,-0.4822428221704121,-0.7089268788723055,-0.37635742136456934,-0.4849427713920723,7
-0.8762750972300065,-0.8595975512004642,2.054481813593895,1.87600102477617,-0.6106074387607932,-0.7534995386105954,-0.9492560015726731,-0.27743547601154706,-0.3743747503715706,-0.6898908370812065,-0.43006900561827976,-0.4822428221704121,-0.7089268788723055,-0.37635742136456934,2.0620989918653887,7
0.6547989737542906,0.6983673369338488,-0.48674074084438107,-0.5330487493306738,-0.6106074387607932,-0.7534995386105954,-0.9492560015726731,-0.27743547601154706,-0.3743747503715706,-0.6898908370812065,2.325208250155974,-0.4822428221704121,-0.7089268788723055,-0.37635742136456934,-0.4849427713920723,5
-0.8762750972300065,-0.8595975512004642,2.054481813593895,-0.5330487493306738,-0.6106074387607932,0.9339149210948224,-0.9492560015726731,-0.27743547601154706,-0.3743747503715706,-0.6898908370812065,2.325208250155974,-0.4822428221704121,-0.7089268788723055,-0.37635742136456934,2.0620989918653887,9
-0.8762750972300065,-0.8595975512004642,-0.48674074084438107,-0.5330487493306738,-0.6106074387607932,-0.7534995386105954,-0.9492560015726731,-0.27743547601154706,-0.3743747503715706,1.4495046842929602,-0.43006900561827976,-0.4822428221704121,-0.7089268788723055,-0.37635742136456934,-0.4849427713920723,5
0.6547989737542906,-0.8595975512004642,-0.48674074084438107,-0.5330487493306738,-0.6106074387607932,0.9339149210948224,-0.9492560015726731,-0.27743547601154706,-0.3743747503715706,-0.6898908370812065,2.325208250155974,-0.4822428221704121,-0.7089268788723055,-0.37635742136456934,2.0620989918653887,8
0.6547989737542906,0.6983673369338488,-0.48674074084438107,-0.5330487493306738,-0.6106074387607932,0.9339149210948224,-0.9492560015726731,-0.27743547601154706,-0.3743747503715706,-0.6898908370812065,2.325208250155974,-0.4822428221704121,-0.7089268788723055,-0.37635742136456934,2.0620989918653887,6
-0.8762750972300065,0.6983673369338488,-0.48674074084438107,-0.5330487493306738,-0.6106074387607932,-0.7534995386105954,-0.9492560015726731,-0.27743547601154706,-0.3743747503715706,1.4495046842929602,-0.43006900561827976,-0.4822428221704121,1.4105827128331005,-0.37635742136456934,-0.4849427713920723,4
-0.8762750972300065,0.6983673369338488,-0.48674074084438107,-0.5330487493306738,1.6377134252236851,0.9339149210948224,1.0534566000565253,3.60444170434202,-0.3743747503715706,1.4495046842929602,-0.43006900561827976,2.073644135332772,1.4105827128331005,-0.37635742136456934,-0.4849427713920723,4
2.1858730447385875,2.256332225068162,-0.48674074084438107,-0.5330487493306738,1.6377134252236851,-0.7534995386105954,-0.9492560015726731,-0.27743547601154706,-0.3743747503715706,-0.6898908370812065,-0.43006900561827976,-0.4822428221704121,-0.7089268788723055,-0.37635742136456934,-0.4849427713920723,5
0.6547989737542906,0.6983673369338488,-0.48674074084438107,-0.5330487493306738,-0.6106074387607932,2.62132938080024,-0.9492560015726731,3.60444170434202,-0.3743747503715706,-0.6898908370812065,-0.43006900561827976,2.073644135332772,1.4105827128331005,-0.37635742136456934,-0.4849427713920723,3
0.6547989737542906,-0.8595975512004642,2.054481813593895,-0.5330487493306738,1.6377134252236851,0.9339149210948224,-0.9492560015726731,-0.27743547601154706,-0.3743747503715706,-0.6898908370812065,2.325208250155974,-0.4822428221704121,-0.7089268788723055,-0.37635742136456934,-0.4849427713920723,6
0.6547989737542906,-0.8595975512004642,-0.48674074084438107,-0.5330487493306738,1.6377134252236851,0.9339149210948224,1.0534566000565253,-0.27743547601154706,2.6711203119534384,1.4495046842929602,-0.43006900561827976,-0.4822428221704121,-0.7089268788723055,-0.37635742136456934,-0.4849427713920723,5
-0.8762750972300065,-0.8595975512004642,-0.48674074084438107,-0.5330487493306738,1.6377134252236851,-0.7534995386105954,1.0534566000565253,3.60444170434202,-0.3743747503715706,1.4495046842929602,-0.43006900561827976,2.073644135332772,1.4105827128331005,-0.37635742136456934,-0.4849427713920723,7
-0.8762750972300065,-0.8595975512004642,-0.48674074084438107,-0.5330487493306738,-0.6106074387607932,-0.7534995386105954,1.0534566000565253,-0.27743547601154706,2.6711203119534384,-0.6898908370812065,-0.43006900561827976,-0.4822428221704121,-0.7089268788723055,-0.37635742136456934,-0.4849427713920723,7
0.6547989737542906,0.6983673369338488,-0.48674074084438107,-0.5330487493306738,-0.6106074387607932,2.62132938080024,-0.9492560015726731,-0.27743547601154706,-0.3743747503715706,-0.6898908370812065,-0.43006900561827976,-0.4822428221704121,-0.7089268788723055,-0.37635742136456934,-0.4849427713920723,4
-0.8762750972300065,0.6983673369338488,-0.48674074084438107,1.87600102477617,-0.6106074387607932,-0.7534995386105954,-0.9492560015726731,-0.27743547601154706,-0.3743747503715706,-0.6898908370812065,-0.43006900561827976,-0.4822428221704121,1.4105827128331005,2.657048707513918,-0.4849427713920723,7
0.6547989737542906,-0.8595975512004642,-0.48674074084438107,-0.5330487493306738,-0.6106074387607932,-0.7534995386105954,-0.9492560015726731,-0.27743547601154706,-0.3743747503715706,-0.6898908370812065,2.325208250155974,-0.4822428221704121,-0.7089268788723055,-0.37635742136456934,-0.4849427713920723,6
2.1858730447385875,2.256332225068162,2.054481813593895,-0.5330487493306738,-0.6106074387607932,2.62132938080024,-0.9492560015726731,-0.27743547601154706,-0.3743747503715706,-0.6898908370812065,2.325208250155974,-0.4822428221704121,-0.7089268788723055,-0.37635742136456934,-0.4849427713920723,4
-0.8762750972300065,-0.8595975512004642,-0.48674074084438107,-0.5330487493306738,1.6377134252236851,-0.7534995386105954,1.0534566000565253,-0.27743547601154706,2.6711203119534384,-0.6898908370812065,-0.43006900561827976,2.073644135332772,-0.7089268788723055,-0.37635742136456934,-0.4849427713920723,8
-0.8762750972300065,-0.8595975512004642,-0.48674074084438107,-0.5330487493306738,-0.6106074387607932,-0.7534995386105954,1.0534566000565253,-0.27743547601154706,-0.3743747503715706,1.4495046842929602,-0.43006900561827976,-0.4822428221704121,-0.7089268788723055,-0.37635742136456934,2.0620989918653887,8
-0.8762750972300065,-0.8595975512004642,2.054481813593895,1.87600102477617,-0.6106074387607932,-0.7534995386105954,1.0534566000565253,-0.27743547601154706,2.6711203119534384,-0.6898908370812065,-0.43006900561827976,-0.4822428221704121,-0.7089268788723055,-0.37635742136456934,-0.4849427713920723,8
-0.8762750972300065,-0.8595975512004642,2.054481813593895,-0.5330487493306738,1.6377134252236851,-0.7534995386105954,1.0534566000565253,-0.27743547601154706,2.6711203119534384,-0.6898908370812065,-0.43006900561827976,-0.4822428221704121,-0.7089268788723055,-0.37635742136456934,-0.4849427713920723,8
2.1858730447385875,2.256332225068162,-0.48674074084438107,-0.5330487493306738,-0.6106074387607932,-0.7534995386105954,-0.9492560015726731,-0.27743547601154706,-0.3743747503715706,1.4495046842929602,-0.43006900561827976,-0.4822428221704121,-0.7089268788723055,-0.37635742136456934,-0.4849427713920723,4
-0.8762750972300065,-0.8595975512004642,2.054481813593895,1.87600102477617,-0.6106074387607932,-0.7534995386105954,1.0534566000565253,-0.27743547601154706,-0.3743747503715706,-0.6898908370812065,2.325208250155974,-0.4822428221704121,-0.7089268788723055,-0.37635742136456934,-0.4849427713920723,8
0.6547989737542906,0.6983673369338488,-0.48674074084438107,-0.5330487493306738,-0.6106074387607932,0.9339149210948224,-0.9492560015726731,3.60444170434202,-0.3743747503715706,1.4495046842929602,-0.43006900561827976,2.073644135332772,-0.7089268788723055,2.657048707513918,-0.4849427713920723,5
-0.8762750972300065,0.6983673369338488,-0.48674074084438107,1.87600102477617,1.6377134252236851,0.9339149210948224,1.0534566000565253,-0.27743547601154706,-0.3743747503715706,-0.6898908370812065,-0.43006900561827976,-0.4822428221704121,-0.7089268788723055,-0.37635742136456934,-0.4849427713920723,5
-0.8762750972300065,0.6983673369338488,-0.48674074084438107,-0.5330487493306738,-0.6106074387607932,0.9339149210948224,-0.9492560015726731,-0.27743547601154706,-0.3743747503715706,-0.6898908370812065,-0.43006900561827976,-0.4822428221704121,1.4105827128331005,-0.37635742136456934,2.0620989918653887,7
-0.8762750972300065,-0.8595975512004642,-0.48674074084438107,1.87600102477617,-0.6106074387607932,-0.7534995386105954,-0.9492560015726731,-0.27743547601154706,-0.3743747503715706,-0.6898908370812065,2.325208250155974,2.073644135332772,-0.7089268788723055,-0.37635742136456934,-0.4849427713920723,7
0.6547989737542906,2.256332225068162,-0.48674074084438107,-0.5330487493306738,-0.6106074387607932,-0.7534995386105954,-0.9492560015726731,3.60444170434202,-0.3743747503715706,1.4495046842929602,-0.43006900561827976,2.073644135332772,-0.7089268788723055,-0.37635742136456934,-0.4849427713920723,3
-0.8762750972300065,2.256332225068162,-0.48674074084438107,-0.5330487493306738,-0.6106074387607932,-0.7534995386105954,-0.9492560015726731,-0.27743547601154706,-0.3743747503715706,1.4495046842929602,-0.43006900561827976,-0.4822428221704121,1.4105827128331005,-0.37635742136456934,-0.4849427713920723,5
-0.8762750972300065,-0.8595975512004642,-0.48674074084438107,-0.5330487493306738,1.6377134252236851,0.9339149210948224,1.0534566000565253,-0.27743547601154706,-0.3743747503715706,1.4495046842929602,2.325208250155974,2.073644135332772,1.4105827128331005,2.657048707513918,-0.4849427713920723,6
-0.8762750972300065,0.6983673369338488,-0.48674074084438107,-0.5330487493306738,-0.6106074387607932,-0.7534995386105954,1.0534566000565253,-0.27743547601154706,-0.3743747503715706,-0.6898908370812065,-0.43006900561827976,2.073644135332772,1.4105827128331005,-0.37635742136456934,-0.4849427713920723,4
0.6547989737542906,-0.8595975512004642,-0.48674074084438107,-0.5330487493306738,-0.6106074387607932,-0.7534995386105954,-0.9492560015726731,-0.27743547601154706,-0.3743747503715706,-0.6898908370812065,-0.43006900561827976,-0.4822428221704121,-0.7089268788723055,-0.37635742136456934,2.0620989918653887,6
-0.8762750972300065,-0.8595975512004642,-0.48674074084438107,-0.5330487493306738,-0.6106074387607932,-0.7534995386105954,-0.9492560015726731,-0.27743547601154706,-0.3743747503715706,-0.6898908370812065,-0.43006900561827976,-0.4822428221704121,-0.7089268788723055,-0.37635742136456934,2.0620989918653887,8
-0.8762750972300065,-0.8595975512004642,-0.48674074084438107,1.87600102477617,-0.6106074387607932,-0.7534995386105954,-0.9492560015726731,-0.27743547601154706,-0.3743747503715706,-0.6898908370812065,-0.43006900561827976,-0.4822428221704121,1.4105827128331005,-0.37635742136456934,-0.4849427713920723,8
0.6547989737542906,-0.8595975512004642,2.054481813593895,1.87600102477617,-0.6106074387607932,0.9339149210948224,1.0534566000565253,-0.27743547601154706,-0.3743747503715706,1.4495046842929602,-0.43006900561827976,-0.4822428221704121,1.4105827128331005,-0.37635742136456934,-0.4849427713920723,8
0.6547989737542906,-0.8595975512004642,2.054481813593895,-0.5330487493306738,-0.6106074387607932,-0.7534995386105954,-0.9492560015726731,-0.27743547601154706,-0.3743747503715706,1.4495046842929602,2.325208250155974,-0.4822428221704121,-0.7089268788723055,-0.37635742136456934,2.0620989918653887,8
0.6547989737542906,0.6983673369338488,-0.48674074084438107,1.87600102477617,1.6377134252236851,-0.7534995386105954,-0.9492560015726731,-0.27743547601154706,-0.3743747503715706,-0.6898908370812065,2.325208250155974,-0.4822428221704121,-0.7089268788723055,-0.37635742136456934,2.0620989918653887,7
-0.8762750972300065,-0.8595975512004642,-0.48674074084438107,-0.5330487493306738,-0.6106074387607932,0.9339149210948224,1.0534566000565253,-0.27743547601154706,-0.3743747503715706,-0.6898908370812065,-0.43006900561827976,-0.4822428221704121,1.4105827128331005,-0.37635742136456934,-0.4849427713920723,6
-0.8762750972300065,0.6983673369338488,-0.48674074084438107,-0.5330487493306738,-0.6106074387607932,-0.7534995386105954,-0.9492560015726731,-0.27743547601154706,-0.3743747503715706,1.4495046842929602,2.325208250155974,-0.4822428221704121,-0.7089268788723055,2.657048707513918,-0.4849427713920723,4
0.6547989737542906,0.6983673369338488,-0.48674074084438107,-0.5330487493306738,-0.6106074387607932,-0.7534995386105954,-0.9492560015726731,-0.27743547601154706,-0.3743747503715706,1.4495046842929602,-0.43006900561827976,-0.4822428221704121,-0.7089268788723055,-0.37635742136456934,-0.4849427713920723,6
0.6547989737542906,0.6983673369338488,-0.48674074084438107,1.87600102477617,-0.6106074387607932,0.9339149210948224,1.0534566000565253,-0.27743547601154706,-0.3743747503715706,1.4495046842929602,-0.43006900561827976,2.073644135332772,-0.7089268788723055,2.657048707513918,-0.4849427713920723,6
2.1858730447385875,-0.8595975512004642,-0.48674074084438107,-0.5330487493306738,-0.6106074387607932,0.9339149210948224,-0.9492560015726731,-0.27743547601154706,-0.3743747503715706,-0.6898908370812065,-0.43006900561827976,-0.4822428221704121,-0.7089268788723055,-0.37635742136456934,2.0620989918653887,4
-0.8762750972300065,2.256332225068162,-0.48674074084438107,-0.5330487493306738,-0.6106074387607932,0.9339149210948224,-0.9492560015726731,-0.27743547601154706,-0.3743747503715706,-0.6898908370812065,-0.43006900561827976,-0.4822428221704121,1.4105827128331005,2.657048707513918,-0.4849427713920723,3
-0.8762750972300065,-0.8595975512004642,2.054481813593895,-0.5330487493306738,-0.6106074387607932,-0.7534995386105954,1.0534566000565253,-0.27743547601154706,-0.3743747503715706,1.4495046842929602,2.325208250155974,-0.4822428221704121,1.4105827128331005,-0.37635742136456934,2.0620989918653887,7
-0.8762750972300065,-0.8595975512004642,-0.48674074084438107,-0.5330487493306738,1.6377134252236851,-0.7534995386105954,1.0534566000565253,-0.27743547601154706,-0.3743747503715706,-0.6898908370812065,2.325208250155974,-0.4822428221704121,1.4105827128331005,-0.37635742136456934,2.0620989918653887,7
-0.8762750972300065,0.6983673369338488,-0.48674074084438107,-0.5330487493306738,-0.6106074387607932,-0.7534995386105954,1.0534566000565253,-0.27743547601154706,-0.3743747503715706,-0.6898908370812065,-0.43006900561827976,-0.4822428221704121,-0.7089268788723055,-0.37635742136456934,2.0620989918653887,7
-0.8762750972300065,-0.8595975512004642,2.054481813593895,-0.5330487493306738,-0.6106074387607932,-0.7534995386105954,-0.9492560015726731,-0.27743547601154706,-0.3743747503715706,1.4495046842929602,2.325208250155974,-0.4822428221704121,-0.7089268788723055,-0.37635742136456934,-0.4849427713920723,6
-0.8762750972300065,0.6983673369338488,2.054481813593895,-0.5330487493306738,-0.6106074387607932,-0.7534995386105954,1.0534566000565253,-0.27743547601154706,-0.3743747503715706,-0.6898908370812065,-0.43006900561827976,-0.4822428221704121,-0.7089268788723055,-0.37635742136456934,-0.4849427713920723,8
-0.8762750972300065,-0.8595975512004642,-0.48674074084438107,1.87600102477617,-0.6106074387607932,2.62132938080024,1.0534566000565253,-0.27743547601154706,-0.3743747503715706,-0.6898908370812065,2.325208250155974,-0.4822428221704121,-0.7089268788723055,-0.37635742136456934,-0.4849427713920723,8
-0.8762750972300065,0.6983673369338488,-0.48674074084438107,1.87600102477617,1.6377134252236851,-0.7534995386105954,1.0534566000565253,-0.27743547601154706,-0.3743747503715706,-0.6898908370812065,-0.43006900561827976,-0.4822428221704121,1.4105827128331005,-0.37635742136456934,-0.4849427713920723,7
2.1858730447385875,2.256332225068162,-0.48674074084438107,-0.5330487493306738,-0.6106074387607932,-0.7534995386105954,-0.9492560015726731,-0.27743547601154706,-0.3743747503715706,1.4495046842929602,-0.43006900561827976,-0.4822428221704121,1.4105827128331005,2.657048707513918,-0.4849427713920723,3
-0.8762750972300065,-0.8595975512004642,2.054481813593895,-0.5330487493306738,-0.6106074387607932,-0.7534995386105954,1.0534566000565253,-0.27743547601154706,-0.3743747503715706,-0.6898908370812065,-0.43006900561827976,-0.4822428221704121,1.4105827128331005,-0.37635742136456934,-0.4849427713920723,7
-0.8762750972300065,0.6983673369338488,-0.48674074084438107,-0.5330487493306738,-0.6106074387607932,0.9339149210948224,-0.9492560015726731,-0.27743547601154706,-0.3743747503715706,1.4495046842929602,-0.43006900561827976,2.073644135332772,-0.7089268788723055,-0.37635742136456934,-0.4849427713920723,6
-0.8762750972300065,-0.8595975512004642,-0.48674074084438107,-0.5330487493306738,-0.6106074387607932,-0.7534995386105954,1.0534566000565253,-0.27743547601154706,-0.3743747503715706,1.4495046842929602,-0.43006900561827976,-0.4822428221704121,1.4105827128331005,-0.37635742136456934,-0.4849427713920723,6
-0.8762750972300065,-0.8595975512004642,-0.48674074084438107,-0.5330487493306738,1.6377134252236851,-0.7534995386105954,1.0534566000565253,-0.27743547601154706,-0.3743747503715706,-0.6898908370812065,-0.43006900561827976,-0.4822428221704121,-0.7089268788723055,-0.37635742136456934,-0.4849427713920723,6
-0.8762750972300065,-0.8595975512004642,-0.48674074084438107,1.87600102477617,-0.6106074387607932,-0.7534995386105954,-0.9492560015726731,-0.27743547601154706,-0.3743747503715706,-0.6898908370812065,2.325208250155974,-0.4822428221704121,-0.7089268788723055,-0.37635742136456934,2.0620989918653887,8
-0.8762750972300065,-0.8595975512004642,2.054481813593895,1.87600102477617,-0.6106074387607932,0.9339149210948224,1.0534566000565253,-0.27743547601154706,-0.3743747503715706,-0.6898908370812065,-0.43006900561827976,-0.4822428221704121,1.4105827128331005,-0.37635742136456934,-0.4849427713920723,7
-0.8762750972300065,-0.8595975512004642,2.054481813593895,-0.5330487493306738,-0.6106074387607932,-0.7534995386105954,-0.9492560015726731,-0.27743547601154706,2.6711203119534384,-0.6898908370812065,-0.43006900561827976,-0.4822428221704121,1.4105827128331005,-0.37635742136456934,-0.4849427713920723,7
-0.8762750972300065,-0.8595975512004642,-0.48674074084438107,-0.5330487493306738,1.6377134252236851,-0.7534995386105954,1.0534566000565253,-0.27743547601154706,2.6711203119534384,-0.6898908370812065,-0.43006900561827976,2.073644135332772,1.4105827128331005,-0.37635742136456934,2.0620989918653887,8
-0.8762750972300065,-0.8595975512004642,2.054481813593895,-0.5330487493306738,1.6377134252236851,-0.7534995386105954,1.0534566000565253,-0.27743547601154706,-0.3743747503715706,-0.6898908370812065,-0.43006900561827976,-0.4822428221704121,-0.7089268788723055,-0.37635742136456934,2.0620989918653887,7
0.6547989737542906,0.6983673369338488,-0.48674074084438107,-0.5330487493306738,-0.6106074387607932,0.9339149210948224,-0.9492560015726731,-0.27743547601154706,-0.3743747503715706,1.4495046842929602,2.325208250155974,2.073644135332772,-0.7089268788723055,-0.37635742136456934,-0.4849427713920723,7
0.6547989737542906,-0.8595975512004642,-0.48674074084438107,-0.5330487493306738,-0.6106074387607932,-0.7534995386105954,-0.9492560015726731,3.60444170434202,-0.3743747503715706,-0.6898908370812065,-0.43006900561827976,-0.4822428221704121,-0.7089268788723055,-0.37635742136456934,2.0620989918653887,5
-0.8762750972300065,-0.8595975512004642,-0.48674074084438107,1.87600102477617,-0.6106074387607932,-0.7534995386105954,1.0534566000565253,-0.27743547601154706,-0.3743747503715706,-0.6898908370812065,-0.43006900561827976,-0.4822428221704121,-0.7089268788723055,-0.37635742136456934,-0.4849427713920723,6
0.6547989737542906,-0.8595975512004642,2.054481813593895,-0.5330487493306738,1.6377134252236851,0.9339149210948224,1.0534566000565253,-0.27743547601154706,2.6711203119534384,-0.6898908370812065,-0.43006900561827976,-0.4822428221704121,-0.7089268788723055,-0.37635742136456934,-0.4849427713920723,7
-0.8762750972300065,-0.8595975512004642,2.054481813593895,-0.5330487493306738,1.6377134252236851,-0.7534995386105954,1.0534566000565253,-0.27743547601154706,-0.3743747503715706,-0.6898908370812065,-0.43006900561827976,-0.4822428221704121,-0.7089268788723055,-0.37635742136456934,2.0620989918653887,7
-0.8762750972300065,-0.8595975512004642,2.054481813593895,-0.5330487493306738,1.6377134252236851,-0.7534995386105954,1.0534566000565253,-0.27743547601154706,-0.3743747503715706,-0.6898908370812065,-0.43006900561827976,-0.4822428221704121,-0.7089268788723055,-0.37635742136456934,-0.4849427713920723,8
-0.8762750972300065,-0.8595975512004642,-0.48674074084438107,-0.5330487493306738,-0.6106074387607932,0.9339149210948224,-0.9492560015726731,-0.27743547601154706,2.6711203119534384,1.4495046842929602,2.325208250155974,-0.4822428221704121,-0.7089268788723055,-0.37635742136456934,-0.4849427713920723,8
-0.8762750972300065,-0.8595975512004642,-0.48674074084438107,-0.5330487493306738,-0.6106074387607932,-0.7534995386105954,-0.9492560015726731,-0.27743547601154706,-0.3743747503715706,1.4495046842929602,-0.43006900561827976,-0.4822428221704121,1.4105827128331005,-0.37635742136456934,-0.4849427713920723,5
0.6547989737542906,0.6983673369338488,-0.48674074084438107,1.87600102477617,-0.6106074387607932,0.9339149210948224,1.0534566000565253,-0.27743547601154706,-0.3743747503715706,-0.6898908370812065,-0.43006900561827976,-0.4822428221704121,-0.7089268788723055,-0.37635742136456934,2.0620989918653887,4
0.6547989737542906,0.6983673369338488,-0.48674074084438107,-0.5330487493306738,-0.6106074387607932,0.9339149210948224,1.0534566000565253,-0.27743547601154706,2.6711203119534384,-0.6898908370812065,-0.43006900561827976,-0.4822428221704121,1.4105827128331005,-0.37635742136456934,-0.4849427713920723,6
0.6547989737542906,0.6983673369338488,-0.48674074084438107,1.87600102477617,-0.6106074387607932,0.9339149210948224,-0.9492560015726731,3.60444170434202,-0.3743747503715706,1.4495046842929602,2.325208250155974,2.073644135332772,1.4105827128331005,-0.37635742136456934,-0.4849427713920723,5
-0.8762750972300065,-0.8595975512004642,-0.48674074084438107,-0.5330487493306738,-0.6106074387607932,-0.7534995386105954,-0.9492560015726731,-0.27743547601154706,-0.3743747503715706,-0.6898908370812065,-0.43006900561827976,-0.4822428221704121,-0.7089268788723055,2.657048707513918,-0.4849427713920723,4
2.1858730447385875,2.256332225068162,-0.48674074084438107,-0.5330487493306738,-0.6106074387607932,0.9339149210948224,-0.9492560015726731,-0.27743547601154706,-0.3743747503715706,-0.6898908370812065,-0.43006900561827976,-0.4822428221704121,1.4105827128331005,2.657048707513918,-0.4849427713920723,6
0.6547989737542906,2.256332225068162,-0.48674074084438107,-0.5330487493306738,-0.6106074387607932,0.9339149210948224,-0.9492560015726731,-0.27743547601154706,-0.3743747503715706,1.4495046842929602,2.325208250155974,-0.4822428221704121,-0.7089268788723055,-0.37635742136456934,2.0620989918653887,6
0.6547989737542906,-0.8595975512004642,2.054481813593895,1.87600102477617,-0.6106074387607932,0.9339149210948224,-0.9492560015726731,-0.27743547601154706,2.6711203119534384,-0.6898908370812065,-0.43006900561827976,-0.4822428221704121,-0.7089268788723055,-0.37635742136456934,-0.4849427713920723,8
-0.8762750972300065,-0.8595975512004642,2.054481813593895,-0.5330487493306738,-0.6106074387607932,0.9339149210948224,1.0534566000565253,-0.27743547601154706,-0.3743747503715706,-0.6898908370812065,2.325208250155974,-0.4822428221704121,-0.7089268788723055,-0.37635742136456934,-0.4849427713920723,7
-0.8762750972300065,-0.8595975512004642,2.054481813593895,1.87600102477617,1.6377134252236851,-0.7534995386105954,1.0534566000565253,-0.27743547601154706,-0.3743747503715706,-0.6898908370812065,-0.43006900561827976,-0.4822428221704121,-0.7089268788723055,-0.37635742136456934,-0.4849427713920723,7
0.6547989737542906,0.6983673369338488,-0.48674074084438107,-0.5330487493306738,-0.6106074387607932,-0.7534995386105954,1.0534566000565253,3.60444170434202,-0.3743747503715706,-0.6898908370812065,-0.43006900561827976,2.073644135332772,1.4105827128331005,-0.37635742136456934,-0.4849427713920723,4
-0.8762750972300065,2.256332225068162,-0.48674074084438107,-0.5330487493306738,-0.6106074387607932,0.9339149210948224,-0.9492560015726731,3.60444170434202,-0.3743747503715706,1.4495046842929602,-0.43006900561827976,-0.4822428221704121,-0.7089268788723055,-0.37635742136456934,-0.4849427713920723,4
-0.8762750972300065,2.256332225068162,-0.48674074084438107,-0.5330487493306738,-0.6106074387607932,-0.7534995386105954,-0.9492560015726731,3.60444170434202,-0.3743747503715706,1.4495046842929602,-0.43006900561827976,-0.4822428221704121,-0.7089268788723055,2.657048707513918,-0.4849427713920723,5
0.6547989737542906,0.6983673369338488,2.054481813593895,-0.5330487493306738,-0.6106074387607932,0.9339149210948224,-0.9492560015726731,-0.27743547601154706,-0.3743747503715706,-0.6898908370812065,-0.43006900561827976,-0.4822428221704121,-0.7089268788723055,-0.37635742136456934,-0.4849427713920723,7
2.1858730447385875,-0.8595975512004642,-0.48674074084438107,-0.5330487493306738,-0.6106074387607932,0.9339149210948224,1.0534566000565253,-0.27743547601154706,-0.3743747503715706,-0.6898908370812065,-0.43006900561827976,2.073644135332772,-0.7089268788723055,-0.37635742136456934,-0.4849427713920723,4
0.6547989737542906,0.6983673369338488,-0.48674074084438107,1.87600102477617,-0.6106074387607932,0.9339149210948224,-0.9492560015726731,-0.27743547601154706,-0.3743747503715706,-0.6898908370812065,-0.43006900561827976,-0.4822428221704121,1.4105827128331005,-0.37635742136456934,-0.4849427713920723,7
-0.8762750972300065,-0.8595975512004642,2.054481813593895,-0.5330487493306738,1.6377134252236851,-0.7534995386105954,1.0534566000565253,-0.27743547601154706,2.6711203119534384,-0.6898908370812065,-0.43006900561827976,-0.4822428221704121,-0.7089268788723055,-0.37635742136456934,-0.4849427713920723,9
-0.8762750972300065,-0.8595975512004642,-0.48674074084438107,-0.5330487493306738,1.6377134252236851,-0.7534995386105954,1.0534566000565253,-0.27743547601154706,-0.3743747503715706,-0.6898908370812065,-0.43006900561827976,-0.4822428221704121,-0.7089268788723055,-0.37635742136456934,-0.4849427713920723,9
-0.8762750972300065,-0.8595975512004642,2.054481813593895,1.87600102477617,1.6377134252236851,-0.7534995386105954,-0.9492560015726731,-0.27743547601154706,-0.3743747503715706,-0.6898908370812065,-0.43006900561827976,-0.4822428221704121,-0.7089268788723055,-0.37635742136456934,2.0620989918653887,8
0.6547989737542906,-0.8595975512004642,-0.48674074084438107,-0.5330487493306738,-0.6106074387607932,-0.7534995386105954,-0.9492560015726731,-0.27743547601154706,-0.3743747503715706,-0.6898908370812065,-0.43006900561827976,-0.4822428221704121,-0.7089268788723055,-0.37635742136456934,2.0620989918653887,7
-0.8762750972300065,0.6983673369338488,-0.48674074084438107,-0.5330487493306738,-0.6106074387607932,-0.7534995386105954,-0.9492560015726731,-0.27743547601154706,2.6711203119534384,-0.6898908370812065,-0.43006900561827976,-0.4822428221704121,-0.7089268788723055,-0.37635742136456934,-0.4849427713920723,7
0.6547989737542906,-0.8595975512004642,-0.48674074084438107,-0.5330487493306738,1.6377134252236851,-0.7534995386105954,1.0534566000565253,-0.27743547601154706,-0.3743747503715706,1.4495046842929602,-0.43006900561827976,-0.4822428221704121,-0.7089268788723055,-0.37635742136456934,-0.4849427713920723,7
0.6547989737542906,-0.8595975512004642,-0.48674074084438107,-0.5330487493306738,-0.6106074387607932,0.9339149210948224,1.0534566000565253,-0.27743547601154706,-0.3743747503715706,1.4495046842929602,-0.43006900561827976,-0.4822428221704121,1.4105827128331005,-0.37635742136456934,-0.4849427713920723,7
-0.8762750972300065,-0.8595975512004642,-0.48674074084438107,-0.5330487493306738,1.6377134252236851,-0.7534995386105954,1.0534566000565253,3.60444170434202,2.6711203119534384,1.4495046842929602,2.325208250155974,-0.4822428221704121,1.4105827128331005,-0.37635742136456934,2.0620989918653887,9
-0.8762750972300065,-0.8595975512004642,2.054481813593895,-0.5330487493306738,-0.6106074387607932,0.9339149210948224,-0.9492560015726731,-0.27743547601154706,-0.3743747503715706,-0.6898908370812065,2.325208250155974,-0.4822428221704121,-0.7089268788723055,-0.37635742136456934,-0.4849427713920723,8
-0.8762750972300065,-0.8595975512004642,-0.48674074084438107,1.87600102477617,-0.6106074387607932,-0.7534995386105954,1.0534566000565253,-0.27743547601154706,-0.3743747503715706,-0.6898908370812065,-0.43006900561827976,-0.4822428221704121,-0.7089268788723055,-0.37635742136456934,-0.4849427713920723,6
2.1858730447385875,-0.8595975512004642,-0.48674074084438107,-0.5330487493306738,-0.6106074387607932,2.62132938080024,-0.9492560015726731,-0.27743547601154706,-0.3743747503715706,-0.6898908370812065,-0.43006900561827976,-0.4822428221704121,-0.7089268788723055,-0.37635742136456934,2.0620989918653887,5
-0.8762750972300065,0.6983673369338488,-0.48674074084438107,-0.5330487493306738,1.6377134252236851,0.9339149210948224,-0.9492560015726731,-0.27743547601154706,2.6711203119534384,-0.6898908370812065,-0.43006900561827976,2.073644135332772,1.4105827128331005,-0.37635742136456934,-0.4849427713920723,9
0.6547989737542906,0.6983673369338488,-0.48674074084438107,-0.5330487493306738,-0.6106074387607932,-0.7534995386105954,-0.9492560015726731,3.60444170434202,-0.3743747503715706,1.4495046842929602,-0.43006900561827976,2.073644135332772,-0.7089268788723055,-0.37635742136456934,-0.4849427713920723,3
-0.8762750972300065,0.6983673369338488,-0.48674074084438107,-0.5330487493306738,-0.6106074387607932,0.9339149210948224,1.0534566000565253,-0.27743547601154706,-0.3743747503715706,-0.6898908370812065,-0.43006900561827976,-0.4822428221704121,1.4105827128331005,-0.37635742136456934,-0.4849427713920723,7
0.6547989737542906,-0.8595975512004642,-0.48674074084438107,1.87600102477617,-0.6106074387607932,-0.7534995386105954,1.0534566000565253,-0.27743547601154706,-0.3743747503715706,-0.6898908370812065,-0.43006900561827976,-0.4822428221704121,1.4105827128331005,-0.37635742136456934,-0.4849427713920723,7
0.6547989737542906,0.6983673369338488,-0.48674074084438107,-0.5330487493306738,-0.6106074387607932,-0.7534995386105954,-0.9492560015726731,-0.27743547601154706,-0.3743747503715706,1.4495046842929602,2.325208250155974,-0.4822428221704121,-0.7089268788723055,-0.37635742136456934,-0.4849427713920723,4
-0.8762750972300065,-0.8595975512004642,-0.48674074084438107,-0.5330487493306738,1.6377134252236851,-0.7534995386105954,1.0534566000565253,-0.27743547601154706,-0.3743747503715706,1.4495046842929602,-0.43006900561827976,-0.4822428221704121,-0.7089268788723055,-0.37635742136456934,-0.4849427713920723,8
0.6547989737542906,0.6983673369338488,-0.48674074084438107,1.87600102477617,1.6377134252236851,-0.7534995386105954,-0.9492560015726731,-0.27743547601154706,2.6711203119534384,-0.6898908370812065,-0.43006900561827976,-0.4822428221704121,1.4105827128331005,-0.37635742136456934,-0.4849427713920723,7
-0.8762750972300065,-0.8595975512004642,-0.48674074084438107,1.87600102477617,1.6377134252236851,-0.7534995386105954,1.0534566000565253,-0.27743547601154706,-0.3743747503715706,-0.6898908370812065,-0.43006900561827976,-0.4822428221704121,-0.7089268788723055,-0.37635742136456934,-0.4849427713920723,9
0.6547989737542906,0.6983673369338488,-0.48674074084438107,-0.5330487493306738,-0.6106074387607932,-0.7534995386105954,-0.9492560015726731,-0.27743547601154706,-0.3743747503715706,-0.6898908370812065,-0.43006900561827976,-0.4822428221704121,-0.7089268788723055,2.657048707513918,-0.4849427713920723,4
-0.8762750972300065,-0.8595975512004642,2.054481813593895,-0.5330487493306738,1.6377134252236851,-0.7534995386105954,1.0534566000565253,-0.27743547601154706,-0.3743747503715706,-0.6898908370812065,-0.43006900561827976,-0.4822428221704121,1.4105827128331005,-0.37635742136456934,-0.4849427713920723,7
0.6547989737542906,0.6983673369338488,-0.48674074084438107,1.87600102477617,-0.6106074387607932,-0.7534995386105954,-0.9492560015726731,-0.27743547601154706,-0.3743747503715706,1.4495046842929602,-0.43006900561827976,2.073644135332772,1.4105827128331005,-0.37635742136456934,-0.4849427713920723,4
-0.8762750972300065,-0.8595975512004642,-0.48674074084438107,-0.5330487493306738,1.6377134252236851,0.9339149210948224,1.0534566000565253,-0.27743547601154706,-0.3743747503715706,-0.6898908370812065,-0.43006900561827976,-0.4822428221704121,-0.7089268788723055,-0.37635742136456934,-0.4849427713920723,7
0.6547989737542906,0.6983673369338488,-0.48674074084438107,-0.5330487493306738,-0.6106074387607932,2.62132938080024,-0.9492560015726731,-0.27743547601154706,-0.3743747503715706,1.4495046842929602,-0.43006900561827976,2.073644135332772,-0.7089268788723055,-0.37635742136456934,-0.4849427713920723,8
-0.8762750972300065,0.6983673369338488,2.054481813593895,-0.5330487493306738,-0.6106074387607932,-0.7534995386105954,-0.9492560015726731,-0.27743547601154706,-0.3743747503715706,1.4495046842929602,-0.43006900561827976,2.073644135332772,-0.7089268788723055,2.657048707513918,-0.4849427713920723,6
-0.8762750972300065,-0.8595975512004642,-0.48674074084438107,-0.5330487493306738,-0.6106074387607932,0.9339149210948224,1.0534566000565253,-0.27743547601154706,-0.3743747503715706,1.4495046842929602,-0.43006900561827976,-0.4822428221704121,-0.7089268788723055,-0.37635742136456934,-0.4849427713920723,5
0.6547989737542906,0.6983673369338488,-0.48674074084438107,-0.5330487493306738,-0.6106074387607932,0.9339149210948224,-0.9492560015726731,-0.27743547601154706,-0.3743747503715706,-0.6898908370812065,-0.43006900561827976,2.073644135332772,1.4105827128331005,-0.37635742136456934,-0.4849427713920723,4
-0.8762750972300065,2.256332225068162,-0.48674074084438107,1.87600102477617,-0.6106074387607932,0.9339149210948224,-0.9492560015726731,-0.27743547601154706,-0.3743747503715706,1.4495046842929602,-0.43006900561827976,-0.4822428221704121,-0.7089268788723055,-0.37635742136456934,-0.4849427713920723,4
0.6547989737542906,-0.8595975512004642,-0.48674074084438107,1.87600102477617,1.6377134252236851,0.9339149210948224,1.0534566000565253,-0.27743547601154706,-0.3743747503715706,-0.6898908370812065,-0.43006900561827976,-0.4822428221704121,-0.7089268788723055,-0.37635742136456934,-0.4849427713920723,7
-0.8762750972300065,0.6983673369338488,-0.48674074084438107,-0.5330487493306738,-0.6106074387607932,0.9339149210948224,1.0534566000565253,-0.27743547601154706,-0.3743747503715706,1.4495046842929602,-0.43006900561827976,2.073644135332772,1.4105827128331005,-0.37635742136456934,-0.4849427713920723,5
2.1858730447385875,-0.8595975512004642,-0.48674074084438107,-0.5330487493306738,1.6377134252236851,0.9339149210948224,-0.9492560015726731,-0.27743547601154706,2.6711203119534384,-0.6898908370812065,-0.43006900561827976,-0.4822428221704121,-0.7089268788723055,-0.37635742136456934,-0.4849427713920723,7
0.6547989737542906,-0.8595975512004642,-0.48674074084438107,-0.5330487493306738,1.6377134252236851,-0.7534995386105954,1.0534566000565253,-0.27743547601154706,-0.3743747503715706,-0.6898908370812065,-0.43006900561827976,2.073644135332772,1.4105827128331005,-0.37635742136456934,-0.4849427713920723,6
-0.8762750972300065,-0.8595975512004642,2.054481813593895,-0.5330487493306738,1.6377134252236851,0.9339149210948224,-0.9492560015726731,-0.27743547601154706,2.6711203119534384,-0.6898908370812065,-0.43006900561827976,-0.4822428221704121,-0.7089268788723055,-0.37635742136456934,2.0620989918653887,7
-0.8762750972300065,-0.8595975512004642,2.054481813593895,-0.5330487493306738,-0.6106074387607932,0.9339149210948224,1.0534566000565253,-0.27743547601154706,-0.3743747503715706,-0.6898908370812065,-0.43006900561827976,-0.4822428221704121,-0.7089268788723055,-0.37635742136456934,2.0620989918653887,7
-0.8762750972300065,-0.8595975512004642,-0.48674074084438107,-0.5330487493306738,1.6377134252236851,-0.7534995386105954,1.0534566000565253,-0.27743547601154706,2.6711203119534384,1.4495046842929602,-0.43006900561827976,-0.4822428221704121,-0.7089268788723055,2.657048707513918,-0.4849427713920723,8
0.6547989737542906,0.6983673369338488,-0.48674074084438107,-0.5330487493306738,-0.6106074387607932,-0.7534995386105954,-0.9492560015726731,3.60444170434202,-0.3743747503715706,-0.6898908370812065,-0.43006900561827976,2.073644135332772,1.4105827128331005,2.657048707513918,-0.4849427713920723,7
-0.8762750972300065,-0.8595975512004642,2.054481813593895,-0.5330487493306738,1.6377134252236851,-0.7534995386105954,1.0534566000565253,-0.27743547601154706,-0.3743747503715706,1.4495046842929602,-0.43006900561827976,-0.4822428221704121,-0.7089268788723055,-0.37635742136456934,-0.4849427713920723,7
-0.8762750972300065,-0.8595975512004642,-0.48674074084438107,1.87600102477617,-0.6106074387607932,0.9339149210948224,-0.9492560015726731,3.60444170434202,-0.3743747503715706,1.4495046842929602,-0.43006900561827976,-0.4822428221704121,1.4105827128331005,-0.37635742136456934,-0.4849427713920723,5
0.6547989737542906,0.6983673369338488,-0.48674074084438107,1.87600102477617,-0.6106074387607932,0.9339149210948224,1.0534566000565253,-0.27743547601154706,-0.3743747503715706,1.4495046842929602,-0.43006900561827976,2.073644135332772,1.4105827128331005,-0.37635742136456934,-0.4849427713920723,7
0.6547989737542906,-0.8595975512004642,2.054481813593895,-0.5330487493306738,-0.6106074387607932,0.9339149210948224,1.0534566000565253,-0.27743547601154706,-0.3743747503715706,-0.6898908370812065,-0.43006900561827976,-0.4822428221704121,-0.7089268788723055,-0.37635742136456934,2.0620989918653887,7
0.6547989737542906,0.6983673369338488,-0.48674074084438107,-0.5330487493306738,-0.6106074387607932,-0.7534995386105954,-0.9492560015726731,-0.27743547601154706,-0.3743747503715706,1.4495046842929602,2.325208250155974,-0.4822428221704121,-0.7089268788723055,-0.37635742136456934,-0.4849427713920723,6
-0.8762750972300065,0.6983673369338488,-0.48674074084438107,-0.5330487493306738,1.6377134252236851,0.9339149210948224,1.0534566000565253,-0.27743547601154706,-0.3743747503715706,-0.6898908370812065,-0.43006900561827976,-0.4822428221704121,-0.7089268788723055,-0.37635742136456934,-0.4849427713920723,5
0.6547989737542906,0.6983673369338488,-0.48674074084438107,-0.5330487493306738,-0.6106074387607932,-0.7534995386105954,1.0534566000565253,-0.27743547601154706,-0.3743747503715706,1.4495046842929602,-0.43006900561827976,2.073644135332772,1.4105827128331005,-0.37635742136456934,-0.4849427713920723,6
-0.8762750972300065,-0.8595975512004642,-0.48674074084438107,-0.5330487493306738,-0.6106074387607932,-0.7534995386105954,1.0534566000565253,-0.27743547601154706,-0.3743747503715706,-0.6898908370812065,-0.43006900561827976,-0.4822428221704121,-0.7089268788723055,-0.37635742136456934,-0.4849427713920723,5
-0.8762750972300065,-0.8595975512004642,-0.48674074084438107,1.87600102477617,-0.6106074387607932,-0.7534995386105954,1.0534566000565253,-0.27743547601154706,-0.3743747503715706,-0.6898908370812065,-0.43006900561827976,2.073644135332772,1.4105827128331005,2.657048707513918,2.0620989918653887,7
-0.8762750972300065,-0.8595975512004642,-0.48674074084438107,-0.5330487493306738,-0.6106074387607932,-0.7534995386105954,1.0534566000565253,-0.27743547601154706,-0.3743747503715706,-0.6898908370812065,-0.43006900561827976,-0.4822428221704121,-0.7089268788723055,-0.37635742136456934,-0.4849427713920723,7
-0.8762750972300065,0.6983673369338488,2.054481813593895,-0.5330487493306738,-0.6106074387607932,-0.7534995386105954,1.0534566000565253,-0.27743547601154706,-0.3743747503715706,-0.6898908370812065,-0.43006900561827976,-0.4822428221704121,-0.7089268788723055,-0.37635742136456934,2.0620989918653887,8
0.6547989737542906,-0.8595975512004642,2.054481813593895,-0.5330487493306738,-0.6106074387607932,-0.7534995386105954,1.0534566000565253,-0.27743547601154706,2.6711203119534384,-0.6898908370812065,-0.43006900561827976,-0.4822428221704121,-0.7089268788723055,-0.37635742136456934,-0.4849427713920723,7
-0.8762750972300065,0.6983673369338488,-0.48674074084438107,1.87600102477617,-0.6106074387607932,0.9339149210948224,1.0534566000565253,-0.27743547601154706,-0.3743747503715706,-0.6898908370812065,-0.43006900561827976,-0.4822428221704121,-0.7089268788723055,-0.37635742136456934,-0.4849427713920723,5
0.6547989737542906,0.6983673369338488,-0.48674074084438107,1.87600102477617,-0.6106074387607932,0.9339149210948224,1.0534566000565253,-0.27743547601154706,-0.3743747503715706,1.4495046842929602,-0.43006900561827976,2.073644135332772,1.4105827128331005,2.657048707513918,-0.4849427713920723,5
0.6547989737542906,0.6983673369338488,-0.48674074084438107,-0.5330487493306738,-0.6106074387607932,-0.7534995386105954,-0.9492560015726731,-0.27743547601154706,-0.3743747503715706,-0.6898908370812065,-0.43006900561827976,-0.4822428221704121,-0.7089268788723055,-0.37635742136456934,-0.4849427713920723,6
-0.8762750972300065,0.6983673369338488,-0.48674074084438107,-0.5330487493306738,1.6377134252236851,-0.7534995386105954,1.0534566000565253,-0.27743547601154706,-0.3743747503715706,-0.6898908370812065,-0.43006900561827976,-0.4822428221704121,1.4105827128331005,-0.37635742136456934,-0.4849427713920723,8
0.6547989737542906,-0.8595975512004642,-0.48674074084438107,-0.5330487493306738,1.6377134252236851,0.9339149210948224,-0.9492560015726731,-0.27743547601154706,-0.3743747503715706,-0.6898908370812065,-0.43006900561827976,-0.4822428221704121,-0.7089268788723055,-0.37635742136456934,2.0620989918653887,6
0.6547989737542906,0.6983673369338488,-0.48674074084438107,-0.5330487493306738,-0.6106074387607932,0.9339149210948224,-0.9492560015726731,-0.27743547601154706,-0.3743747503715706,-0.6898908370812065,-0.43006900561827976,-0.4822428221704121,-0.7089268788723055,-0.37635742136456934,2.0620989918653887,6
-0.8762750972300065,-0.8595975512004642,2.054481813593895,1.87600102477617,1.6377134252236851,0.9339149210948224,-0.9492560015726731,-0.27743547601154706,-0.3743747503715706,-0.6898908370812065,-0.43006900561827976,-0.4822428221704121,-0.7089268788723055,-0.37635742136456934,-0.4849427713920723,7
0.6547989737542906,0.6983673369338488,-0.48674074084438107,-0.5330487493306738,-0.6106074387607932,0.9339149210948224,-0.9492560015726731,3.60444170434202,-0.3743747503715706,-0.6898908370812065,-0.43006900561827976,-0.4822428221704121,-0.7089268788723055,2.657048707513918,-0.4849427713920723,4
-0.8762750972300065,0.6983673369338488,-0.48674074084438107,-0.5330487493306738,-0.6106074387607932,0.9339149210948224,1.0534566000565253,-0.27743547601154706,-0.3743747503715706,1.4495046842929602,-0.43006900561827976,-0.4822428221704121,-0.7089268788723055,-0.37635742136456934,-0.4849427713920723,5
0.6547989737542906,0.6983673369338488,-0.48674074084438107,-0.5330487493306738,-0.6106074387607932,-0.7534995386105954,1.0534566000565253,-0.27743547601154706,-0.3743747503715706,1.4495046842929602,-0.43006900561827976,-0.4822428221704121,1.4105827128331005,-0.37635742136456934,-0.4849427713920723,6
0.6547989737542906,-0.8595975512004642,-0.48674074084438107,-0.5330487493306738,-0.6106074387607932,-0.7534995386105954,-0.9492560015726731,-0.27743547601154706,-0.3743747503715706,-0.6898908370812065,-0.43006900561827976,-0.4822428221704121,-0.7089268788723055,-0.37635742136456934,2.0620989918653887,7
-0.8762750972300065,-0.8595975512004642,-0.48674074084438107,1.87600102477617,-0.6106074387607932,-0.7534995386105954,1.0534566000565253,-0.27743547601154706,-0.3743747503715706,-0.6898908370812065,-0.43006900561827976,-0.4822428221704121,-0.7089268788723055,-0.37635742136456934,-0.4849427713920723,9
-0.8762750972300065,0.6983673369338488,-0.48674074084438107,-0.5330487493306738,-0.6106074387607932,0.9339149210948224,1.0534566000565253,-0.27743547601154706,-0.3743747503715706,-0.6898908370812065,-0.43006900561827976,-0.4822428221704121,-0.7089268788723055,-0.37635742136456934,-0.4849427713920723,8
-0.8762750972300065,-0.8595975512004642,-0.48674074084438107,1.87600102477617,-0.6106074387607932,-0.7534995386105954,1.0534566000565253,-0.27743547601154706,-0.3743747503715706,-0.6898908370812065,2.325208250155974,-0.4822428221704121,-0.7089268788723055,-0.37635742136456934,2.0620989918653887,8
-0.8762750972300065,-0.8595975512004642,2.054481813593895,1.87600102477617,-0.6106074387607932,-0.7534995386105954,-0.9492560015726731,-0.27743547601154706,2.6711203119534384,-0.6898908370812065,-0.43006900561827976,-0.4822428221704121,-0.7089268788723055,-0.37635742136456934,2.0620989918653887,7
-0.8762750972300065,-0.8595975512004642,-0.48674074084438107,-0.5330487493306738,-0.6106074387607932,0.9339149210948224,1.0534566000565253,-0.27743547601154706,-0.3743747503715706,-0.6898908370812065,-0.43006900561827976,-0.4822428221704121,1.4105827128331005,-0.37635742136456934,-0.4849427713920723,7
2.1858730447385875,0.6983673369338488,2.054481813593895,-0.5330487493306738,-0.6106074387607932,0.9339149210948224,1.0534566000565253,-0.27743547601154706,2.6711203119534384,-0.6898908370812065,-0.43006900561827976,-0.4822428221704121,-0.7089268788723055,-0.37635742136456934,-0.4849427713920723,6
-0.8762750972300065,-0.8595975512004642,-0.48674074084438107,-0.5330487493306738,-0.6106074387607932,-0.7534995386105954,-0.9492560015726731,-0.27743547601154706,-0.3743747503715706,-0.6898908370812065,-0.43006900561827976,-0.4822428221704121,-0.7089268788723055,-0.37635742136456934,2.0620989918653887,7
0.6547989737542906,-0.8595975512004642,-0.48674074084438107,1.87600102477617,-0.6106074387607932,-0.7534995386105954,1.0534566000565253,-0.27743547601154706,2.6711203119534384,-0.6898908370812065,-0.43006900561827976,-0.4822428221704121,-0.7089268788723055,-0.37635742136456934,-0.4849427713920723,8
0.6547989737542906,0.6983673369338488,-0.48674074084438107,-0.5330487493306738,-0.6106074387607932,-0.7534995386105954,-0.9492560015726731,-0.27743547601154706,-0.3743747503715706,1.4495046842929602,-0.43006900561827976,-0.4822428221704121,1.4105827128331005,-0.37635742136456934,-0.4849427713920723,3
0.6547989737542906,-0.8595975512004642,-0.48674074084438107,-0.5330487493306738,1.6377134252236851,-0.7534995386105954,1.0534566000565253,-0.27743547601154706,-0.3743747503715706,-0.6898908370812065,-0.43006900561827976,-0.4822428221704121,-0.7089268788723055,-0.37635742136456934,-0.4849427713920723,7
-0.8762750972300065,-0.8595975512004642,-0.48674074084438107,-0.5330487493306738,1.6377134252236851,-0.7534995386105954,1.0534566000565253,-0.27743547601154706,-0.3743747503715706,-0.6898908370812065,-0.43006900561827976,-0.4822428221704121,-0.7089268788723055,-0.37635742136456934,-0.4849427713920723,8
0.6547989737542906,0.6983673369338488,-0.48674074084438107,-0.5330487493306738,-0.6106074387607932,0.9339149210948224,1.0534566000565253,-0.27743547601154706,-0.3743747503715706,-0.6898908370812065,-0.43006900561827976,2.073644135332772,1.4105827128331005,2.657048707513918,-0.4849427713920723,5
-0.8762750972300065,-0.8595975512004642,-0.48674074084438107,1.87600102477617,-0.6106074387607932,-0.7534995386105954,-0.9492560015726731,-0.27743547601154706,-0.3743747503715706,-0.6898908370812065,-0.43006900561827976,-0.4822428221704121,-0.7089268788723055,-0.37635742136456934,-0.4849427713920723,6
-0.8762750972300065,-0.8595975512004642,-0.48674074084438107,-0.5330487493306738,1.6377134252236851,-0.7534995386105954,1.0534566000565253,-0.27743547601154706,-0.3743747503715706,-0.6898908370812065,-0.43006900561827976,-0.4822428221704121,1.4105827128331005,-0.37635742136456934,2.0620989918653887,8
0.6547989737542906,-0.8595975512004642,-0.48674074084438107,1.87600102477617,1.6377134252236851,0.9339149210948224,-0.9492560015726731,-0.27743547601154706,-0.3743747503715706,-0.6898908370812065,-0.43006900561827976,-0.4822428221704121,-0.7089268788723055,-0.37635742136456934,-0.4849427713920723,5
-0.8762750972300065,-0.8595975512004642,2.054481813593895,1.87600102477617,-0.6106074387607932,-0.7534995386105954,-0.9492560015726731,-0.27743547601154706,-0.3743747503715706,-0.6898908370812065,-0.43006900561827976,-0.4822428221704121,-0.7089268788723055,-0.37635742136456934,-0.4849427713920723,9
-0.8762750972300065,-0.8595975512004642,2.054481813593895,1.87600102477617,-0.6106074387607932,-0.7534995386105954,1.0534566000565253,-0.27743547601154706,-0.3743747503715706,-0.6898908370812065,-0.43006900561827976,-0.4822428221704121,-0.7089268788723055,-0.37635742136456934,-0.4849427713920723,7
0.6547989737542906,0.6983673369338488,-0.48674074084438107,-0.5330487493306738,1.6377134252236851,0.9339149210948224,1.0534566000565253,-0.27743547601154706,-0.3743747503715706,-0.6898908370812065,-0.43006900561827976,-0.4822428221704121,-0.7089268788723055,-0.37635742136456934,2.0620989918653887,7
2.1858730447385875,0.6983673369338488,-0.48674074084438107,-0.5330487493306738,-0.6106074387607932,2.62132938080024,-0.9492560015726731,-0.27743547601154706,-0.3743747503715706,-0.6898908370812065,-0.43006900561827976,-0.4822428221704121,-0.7089268788723055,-0.37635742136456934,-0.4849427713920723,4
0.6547989737542906,0.6983673369338488,-0.48674074084438107,-0.5330487493306738,-0.6106074387607932,0.9339149210948224,-0.9492560015726731,-0.27743547601154706,-0.3743747503715706,1.4495046842929602,-0.43006900561827976,-0.4822428221704121,1.4105827128331005,-0.37635742136456934,-0.4849427713920723,3
0.6547989737542906,0.6983673369338488,-0.48674074084438107,-0.5330487493306738,-0.6106074387607932,-0.7534995386105954,1.0534566000565253,-0.27743547601154706,-0.3743747503715706,1.4495046842929602,-0.43006900561827976,-0.4822428221704121,-0.7089268788723055,2.657048707513918,-0.4849427713920723,4
-0.8762750972300065,0.6983673369338488,-0.48674074084438107,-0.5330487493306738,-0.6106074387607932,-0.7534995386105954,-0.9492560015726731,-0.27743547601154706,-0.3743747503715706,1.4495046842929602,-0.43006900561827976,-0.4822428221704121,-0.7089268788723055,-0.37635742136456934,-0.4849427713920723,3
0.6547989737542906,-0.8595975512004642,-0.48674074084438107,-0.5330487493306738,-0.6106074387607932,0.9339149210948224,-0.9492560015726731,-0.27743547601154706,-0.3743747503715706,-0.6898908370812065,-0.43006900561827976,-0.4822428221704121,-0.7089268788723055,-0.37635742136456934,-0.4849427713920723,5
-0.8762750972300065,-0.8595975512004642,2.054481813593895,1.87600102477617,-0.6106074387607932,-0.7534995386105954,1.0534566000565253,-0.27743547601154706,-0.3743747503715706,-0.6898908370812065,-0.43006900561827976,-0.4822428221704121,1.4105827128331005,-0.37635742136456934,-0.4849427713920723,6
-0.8762750972300065,0.6983673369338488,-0.48674074084438107,-0.5330487493306738,-0.6106074387607932,-0.7534995386105954,1.0534566000565253,-0.27743547601154706,-0.3743747503715706,1.4495046842929602,2.325208250155974,-0.4822428221704121,1.4105827128331005,-0.37635742136456934,-0.4849427713920723,7
2.1858730447385875,0.6983673369338488,-0.48674074084438107,1.87600102477617,-0.6106074387607932,-0.7534995386105954,-0.9492560015726731,3.60444170434202,-0.3743747503715706,-0.6898908370812065,-0.43006900561827976,2.073644135332772,1.4105827128331005,-0.37635742136456934,-0.4849427713920723,4
-0.8762750972300065,-0.8595975512004642,-0.48674074084438107,-0.5330487493306738,1.6377134252236851,-0.7534995386105954,1.0534566000565253,-0.27743547601154706,-0.3743747503715706,-0.6898908370812065,-0.43006900561827976,2.073644135332772,1.4105827128331005,-0.37635742136456934,-0.4849427713920723,8
-0.8762750972300065,-0.8595975512004642,-0.48674074084438107,-0.5330487493306738,1.6377134252236851,-0.7534995386105954,1.0534566000565253,-0.27743547601154706,-0.3743747503715706,1.4495046842929602,-0.43006900561827976,2.073644135332772,1.4105827128331005,-0.37635742136456934,-0.4849427713920723,7
0.6547989737542906,0.6983673369338488,-0.48674074084438107,-0.5330487493306738,-0.6106074387607932,0.9339149210948224,-0.9492560015726731,-0.27743547601154706,-0.3743747503715706,1.4495046842929602,-0.43006900561827976,2.073644135332772,1.4105827128331005,2.657048707513918,-0.4849427713920723,4
-0.8762750972300065,0.6983673369338488,-0.48674074084438107,-0.5330487493306738,-0.6106074387607932,-0.7534995386105954,1.0534566000565253,-0.27743547601154706,-0.3743747503715706,-0.6898908370812065,-0.43006900561827976,-0.4822428221704121,-0.7089268788723055,-0.37635742136456934,2.0620989918653887,6
0.6547989737542906,-0.8595975512004642,-0.48674074084438107,-0.5330487493306738,1.6377134252236851,0.9339149210948224,1.0534566000565253,-0.27743547601154706,2.6711203119534384,1.4495046842929602,-0.43006900561827976,-0.4822428221704121,-0.7089268788723055,-0.37635742136456934,-0.4849427713920723,5
-0.8762750972300065,0.6983673369338488,-0.48674074084438107,-0.5330487493306738,-0.6106074387607932,-0.7534995386105954,-0.9492560015726731,3.60444170434202,-0.3743747503715706,1.4495046842929602,-0.43006900561827976,-0.4822428221704121,-0.7089268788723055,-0.37635742136456934,2.0620989918653887,5
-0.8762750972300065,-0.8595975512004642,2.054481813593895,-0.5330487493306738,-0.6106074387607932,-0.7534995386105954,-0.9492560015726731,-0.27743547601154706,-0.3743747503715706,-0.6898908370812065,-0.43006900561827976,-0.4822428221704121,-0.7089268788723055,-0.37635742136456934,2.0620989918653887,9
0.6547989737542906,0.6983673369338488,2.054481813593895,-0.5330487493306738,1.6377134252236851,-0.7534995386105954,-0.9492560015726731,-0.27743547601154706,-0.3743747503715706,-0.6898908370812065,2.325208250155974,-0.4822428221704121,-0.7089268788723055,-0.37635742136456934,-0.4849427713920723,7
-0.8762750972300065,-0.8595975512004642,-0.48674074084438107,-0.5330487493306738,-0.6106074387607932,0.9339149210948224,1.0534566000565253,-0.27743547601154706,-0.3743747503715706,-0.6898908370812065,-0.43006900561827976,-0.4822428221704121,-0.7089268788723055,-0.37635742136456934,-0.4849427713920723,6
0.6547989737542906,0.6983673369338488,-0.48674074084438107,-0.5330487493306738,-0.6106074387607932,-0.7534995386105954,-0.9492560015726731,-0.27743547601154706,-0.3743747503715706,-0.6898908370812065,2.325208250155974,-0.4822428221704121,-0.7089268788723055,2.657048707513918,-0.4849427713920723,7
-0.8762750972300065,-0.8595975512004642,-0.48674074084438107,-0.5330487493306738,-0.6106074387607932,-0.7534995386105954,1.0534566000565253,-0.27743547601154706,-0.3743747503715706,-0.6898908370812065,-0.43006900561827976,-0.4822428221704121,1.4105827128331005,-0.37635742136456934,-0.4849427713920723,3
-0.8762750972300065,-0.8595975512004642,-0.48674074084438107,-0.5330487493306738,1.6377134252236851,-0.7534995386105954,1.0534566000565253,-0.27743547601154706,-0.3743747503715706,1.4495046842929602,-0.43006900561827976,-0.4822428221704121,-0.7089268788723055,-0.37635742136456934,-0.4849427713920723,7
-0.8762750972300065,-0.8595975512004642,-0.48674074084438107,-0.5330487493306738,-0.6106074387607932,-0.7534995386105954,1.0534566000565253,-0.27743547601154706,2.6711203119534384,1.4495046842929602,2.325208250155974,-0.4822428221704121,1.4105827128331005,-0.37635742136456934,2.0620989918653887,7
0.6547989737542906,2.256332225068162,-0.48674074084438107,-0.5330487493306738,-0.6106074387607932,0.9339149210948224,1.0534566000565253,-0.27743547601154706,-0.3743747503715706,1.4495046842929602,2.325208250155974,-0.4822428221704121,1.4105827128331005,2.657048707513918,-0.4849427713920723,6
0.6547989737542906,-0.8595975512004642,-0.48674074084438107,-0.5330487493306738,1.6377134252236851,-0.7534995386105954,1.0534566000565253,-0.27743547601154706,-0.3743747503715706,-0.6898908370812065,-0.43006900561827976,-0.4822428221704121,-0.7089268788723055,-0.37635742136456934,-0.4849427713920723,5
-0.8762750972300065,-0.8595975512004642,-0.48674074084438107,-0.5330487493306738,-0.6106074387607932,-0.7534995386105954,1.0534566000565253,-0.27743547601154706,-0.3743747503715706,1.4495046842929602,2.325208250155974,-0.4822428221704121,-0.7089268788723055,-0.37635742136456934,-0.4849427713920723,9
0.6547989737542906,-0.8595975512004642,-0.48674074084438107,-0.5330487493306738,-0.6106074387607932,-0.7534995386105954,1.0534566000565253,-0.27743547601154706,-0.3743747503715706,-0.6898908370812065,-0.43006900561827976,-0.4822428221704121,-0.7089268788723055,-0.37635742136456934,-0.4849427713920723,6
-0.8762750972300065,-0.8595975512004642,2.054481813593895,1.87600102477617,-0.6106074387607932,-0.7534995386105954,1.0534566000565253,-0.27743547601154706,-0.3743747503715706,-0.6898908370812065,-0.43006900561827976,-0.4822428221704121,-0.7089268788723055,-0.37635742136456934,-0.4849427713920723,7
-0.8762750972300065,-0.8595975512004642,-0.48674074084438107,-0.5330487493306738,-0.6106074387607932,-0.7534995386105954,-0.9492560015726731,-0.27743547601154706,-0.3743747503715706,-0.6898908370812065,2.325208250155974,-0.4822428221704121,-0.7089268788723055,-0.37635742136456934,2.0620989918653887,6
-0.8762750972300065,-0.8595975512004642,-0.48674074084438107,-0.5330487493306738,1.6377134252236851,-0.7534995386105954,-0.9492560015726731,-0.27743547601154706,-0.3743747503715706,-0.6898908370812065,-0.43006900561827976,-0.4822428221704121,-0.7089268788723055,2.657048707513918,-0.4849427713920723,7
0.6547989737542906,0.6983673369338488,-0.48674074084438107,-0.5330487493306738,-0.6106074387607932,0.9339149210948224,-0.9492560015726731,-0.27743547601154706,-0.3743747503715706,1.4495046842929602,-0.43006900561827976,-0.4822428221704121,-0.7089268788723055,-0.37635742136456934,2.0620989918653887,4
-0.8762750972300065,2.256332225068162,-0.48674074084438107,-0.5330487493306738,-0.6106074387607932,-0.7534995386105954,1.0534566000565253,-0.27743547601154706,-0.3743747503715706,1.4495046842929602,-0.43006900561827976,-0.4822428221704121,1.4105827128331005,-0.37635742136456934,-0.4849427713920723,5
0.6547989737542906,-0.8595975512004642,-0.48674074084438107,-0.5330487493306738,-0.6106074387607932,0.9339149210948224,1.0534566000565253,-0.27743547601154706,-0.3743747503715706,-0.6898908370812065,2.325208250155974,-0.4822428221704121,-0.7089268788723055,-0.37635742136456934,2.0620989918653887,4
-0.8762750972300065,-0.8595975512004642,-0.48674074084438107,1.87600102477617,-0.6106074387607932,-0.7534995386105954,1.0534566000565253,-0.27743547601154706,-0.3743747503715706,-0.6898908370812065,2.325208250155974,-0.4822428221704121,-0.7089268788723055,-0.37635742136456934,-0.4849427713920723,8
-0.8762750972300065,-0.8595975512004642,-0.48674074084438107,1.87600102477617,-0.6106074387607932,-0.7534995386105954,1.0534566000565253,-0.27743547601154706,-0.3743747503715706,1.4495046842929602,-0.43006900561827976,-0.4822428221704121,-0.7089268788723055,-0.37635742136456934,-0.4849427713920723,7
-0.8762750972300065,-0.8595975512004642,2.054481813593895,-0.5330487493306738,1.6377134252236851,-0.7534995386105954,1.0534566000565253,-0.27743547601154706,2.6711203119534384,1.4495046842929602,-0.43006900561827976,-0.4822428221704121,-0.7089268788723055,-0.37635742136456934,-0.4849427713920723,7
-0.8762750972300065,-0.8595975512004642,-0.48674074084438107,-0.5330487493306738,-0.6106074387607932,-0.7534995386105954,1.0534566000565253,-0.27743547601154706,-0.3743747503715706,-0.6898908370812065,2.325208250155974,-0.4822428221704121,-0.7089268788723055,-0.37635742136456934,-0.4849427713920723,8
-0.8762750972300065,-0.8595975512004642,-0.48674074084438107,1.87600102477617,-0.6106074387607932,0.9339149210948224,1.0534566000565253,-0.27743547601154706,-0.3743747503715706,-0.6898908370812065,-0.43006900561827976,-0.4822428221704121,1.4105827128331005,-0.37635742136456934,-0.4849427713920723,7
-0.8762750972300065,-0.8595975512004642,-0.48674074084438107,1.87600102477617,-0.6106074387607932,-0.7534995386105954,1.0534566000565253,3.60444170434202,-0.3743747503715706,1.4495046842929602,-0.43006900561827976,2.073644135332772,1.4105827128331005,2.657048707513918,-0.4849427713920723,5
0.6547989737542906,0.6983673369338488,-0.48674074084438107,-0.5330487493306738,-0.6106074387607932,0.9339149210948224,-0.9492560015726731,-0.27743547601154706,-0.3743747503715706,1.4495046842929602,-0.43006900561827976,-0.4822428221704121,1.4105827128331005,-0.37635742136456934,-0.4849427713920723,7
-0.8762750972300065,0.6983673369338488,2.054481813593895,-0.5330487493306738,-0.6106074387607932,-0.7534995386105954,-0.9492560015726731,-0.27743547601154706,-0.3743747503715706,-0.6898908370812065,-0.43006900561827976,2.073644135332772,1.4105827128331005,-0.37635742136456934,-0.4849427713920723,7
0.6547989737542906,0.6983673369338488,-0.48674074084438107,-0.5330487493306738,-0.6106074387607932,0.9339149210948224,1.0534566000565253,-0.27743547601154706,-0.3743747503715706,-0.6898908370812065,-0.43006900561827976,-0.4822428221704121,-0.7089268788723055,-0.37635742136456934,-0.4849427713920723,5
-0.8762750972300065,-0.8595975512004642,-0.48674074084438107,1.87600102477617,-0.6106074387607932,0.9339149210948224,1.0534566000565253,-0.27743547601154706,-0.3743747503715706,-0.6898908370812065,-0.43006900561827976,-0.4822428221704121,1.4105827128331005,-0.37635742136456934,-0.4849427713920723,6
0.6547989737542906,-0.8595975512004642,-0.48674074084438107,1.87600102477617,1.6377134252236851,-0.7534995386105954,-0.9492560015726731,-0.27743547601154706,-0.3743747503715706,-0.6898908370812065,-0.43006900561827976,-0.4822428221704121,-0.7089268788723055,-0.37635742136456934,-0.4849427713920723,7
0.6547989737542906,2.256332225068162,-0.48674074084438107,-0.5330487493306738,-0.6106074387607932,-0.7534995386105954,1.0534566000565253,-0.27743547601154706,-0.3743747503715706,1.4495046842929602,-0.43006900561827976,-0.4822428221704121,1.4105827128331005,2.657048707513918,-0.4849427713920723,6
-0.8762750972300065,0.6983673369338488,-0.48674074084438107,-0.5330487493306738,-0.6106074387607932,-0.7534995386105954,-0.9492560015726731,-0.27743547601154706,-0.3743747503715706,1.4495046842929602,2.325208250155974,2.073644135332772,1.4105827128331005,-0.37635742136456934,-0.4849427713920723,3
2.1858730447385875,-0.8595975512004642,2.054481813593895,-0.5330487493306738,-0.6106074387607932,-0.7534995386105954,-0.9492560015726731,-0.27743547601154706,-0.3743747503715706,-0.6898908370812065,-0.43006900561827976,-0.4822428221704121,-0.7089268788723055,-0.37635742136456934,-0.4849427713920723,7
-0.8762750972300065,-0.8595975512004642,-0.48674074084438107,1.87600102477617,-0.6106074387607932,-0.7534995386105954,-0.9492560015726731,-0.27743547601154706,2.6711203119534384,-0.6898908370812065,-0.43006900561827976,-0.4822428221704121,-0.7089268788723055,2.657048707513918,-0.4849427713920723,9
0.6547989737542906,-0.8595975512004642,2.054481813593895,-0.5330487493306738,-0.6106074387607932,-0.7534995386105954,-0.9492560015726731,-0.27743547601154706,-0.3743747503715706,-0.6898908370812065,-0.43006900561827976,2.073644135332772,-0.7089268788723055,-0.37635742136456934,-0.4849427713920723,6
-0.8762750972300065,-0.8595975512004642,-0.48674074084438107,-0.5330487493306738,1.6377134252236851,0.9339149210948224,1.0534566000565253,-0.27743547601154706,-0.3743747503715706,-0.6898908370812065,2.325208250155974,2.073644135332772,-0.7089268788723055,2.657048707513918,-0.4849427713920723,7
0.6547989737542906,-0.8595975512004642,-0.48674074084438107,-0.5330487493306738,-0.6106074387607932,0.9339149210948224,1.0534566000565253,-0.27743547601154706,-0.3743747503715706,-0.6898908370812065,-0.43006900561827976,-0.4822428221704121,-0.7089268788723055,-0.37635742136456934,-0.4849427713920723,6
-0.8762750972300065,-0.8595975512004642,-0.48674074084438107,-0.5330487493306738,1.6377134252236851,-0.7534995386105954,1.0534566000565253,-0.27743547601154706,-0.3743747503715706,-0.6898908370812065,-0.43006900561827976,-0.4822428221704121,-0.7089268788723055,2.657048707513918,-0.4849427713920723,5
0.6547989737542906,-0.8595975512004642,2.054481813593895,-0.5330487493306738,-0.6106074387607932,0.9339149210948224,-0.9492560015726731,-0.27743547601154706,-0.3743747503715706,-0.6898908370812065,-0.43006900561827976,-0.4822428221704121,-0.7089268788723055,-0.37635742136456934,-0.4849427713920723,5
-0.8762750972300065,0.6983673369338488,-0.48674074084438107,-0.5330487493306738,-0.6106074387607932,0.9339149210948224,-0.9492560015726731,-0.27743547601154706,-0.3743747503715706,1.4495046842929602,-0.43006900561827976,-0.4822428221704121,-0.7089268788723055,-0.37635742136456934,-0.4849427713920723,5
0.6547989737542906,0.6983673369338488,-0.48674074084438107,-0.5330487493306738,1.6377134252236851,-0.7534995386105954,1.0534566000565253,-0.27743547601154706,-0.3743747503715706,1.4495046842929602,2.325208250155974,-0.4822428221704121,-0.7089268788723055,-0.37635742136456934,-0.4849427713920723,8
-0.8762750972300065,-0.8595975512004642,-0.48674074084438107,-0.5330487493306738,-0.6106074387607932,0.9339149210948224,1.0534566000565253,-0.27743547601154706,2.6711203119534384,-0.6898908370812065,-0.43006900561827976,-0.4822428221704121,-0.7089268788723055,-0.37635742136456934,-0.4849427713920723,7
0.6547989737542906,0.6983673369338488,-0.48674074084438107,-0.5330487493306738,-0.6106074387607932,-0.7534995386105954,-0.9492560015726731,-0.27743547601154706,-0.3743747503715706,-0.6898908370812065,-0.43006900561827976,-0.4822428221704121,-0.7089268788723055,-0.37635742136456934,-0.4849427713920723,3
-0.8762750972300065,0.6983673369338488,-0.48674074084438107,-0.5330487493306738,-0.6106074387607932,0.9339149210948224,1.0534566000565253,-0.27743547601154706,-0.3743747503715706,-0.6898908370812065,-0.43006900561827976,-0.4822428221704121,-0.7089268788723055,-0.37635742136456934,-0.4849427713920723,6
-0.8762750972300065,-0.8595975512004642,-0.48674074084438107,-0.5330487493306738,-0.6106074387607932,0.9339149210948224,1.0534566000565253,-0.27743547601154706,-0.3743747503715706,-0.6898908370812065,-0.43006900561827976,-0.4822428221704121,-0.7089268788723055,-0.37635742136456934,-0.4849427713920723,7
-0.8762750972300065,-0.8595975512004642,-0.48674074084438107,1.87600102477617,-0.6106074387607932,-0.7534995386105954,-0.9492560015726731,-0.27743547601154706,-0.3743747503715706,-0.6898908370812065,2.325208250155974,-0.4822428221704121,-0.7089268788723055,-0.37635742136456934,-0.4849427713920723,7
2.1858730447385875,0.6983673369338488,-0.48674074084438107,-0.5330487493306738,-0.6106074387607932,0.9339149210948224,-0.9492560015726731,-0.27743547601154706,-0.3743747503715706,1.4495046842929602,-0.43006900561827976,2.073644135332772,-0.7089268788723055,2.657048707513918,-0.4849427713920723,4
0.6547989737542906,-0.8595975512004642,2.054481813593895,-0.5330487493306738,-0.6106074387607932,-0.7534995386105954,1.0534566000565253,-0.27743547601154706,-0.3743747503715706,1.4495046842929602,-0.43006900561827976,-0.4822428221704121,1.4105827128331005,-0.37635742136456934,-0.4849427713920723,6
0.6547989737542906,0.6983673369338488,-0.48674074084438107,-0.5330487493306738,-0.6106074387607932,-0.7534995386105954,-0.9492560015726731,-0.27743547601154706,-0.3743747503715706,1.4495046842929602,-0.43006900561827976,-0.4822428221704121,1.4105827128331005,-0.37635742136456934,-0.4849427713920723,6
0.6547989737542906,0.6983673369338488,-0.48674074084438107,-0.5330487493306738,-0.6106074387607932,-0.7534995386105954,-0.9492560015726731,-0.27743547601154706,-0.3743747503715706,1.4495046842929602,-0.43006900561827976,-0.4822428221704121,1.4105827128331005,-0.37635742136456934,-0.4849427713920723,5
0.6547989737542906,0.6983673369338488,-0.48674074084438107,-0.5330487493306738,-0.6106074387607932,-0.7534995386105954,-0.9492560015726731,-0.27743547601154706,-0.3743747503715706,-0.6898908370812065,-0.43006900561827976,-0.4822428221704121,-0.7089268788723055,-0.37635742136456934,2.0620989918653887,8
-0.8762750972300065,2.256332225068162,-0.48674074084438107,-0.5330487493306738,-0.6106074387607932,-0.7534995386105954,1.0534566000565253,-0.27743547601154706,-0.3743747503715706,-0.6898908370812065,-0.43006900561827976,2.073644135332772,1.4105827128331005,2.657048707513918,-0.4849427713920723,7
0.6547989737542906,0.6983673369338488,-0.48674074084438107,-0.5330487493306738,-0.6106074387607932,-0.7534995386105954,-0.9492560015726731,-0.27743547601154706,-0.3743747503715706,1.4495046842929602,2.325208250155974,-0.4822428221704121,-0.7089268788723055,-0.37635742136456934,-0.4849427713920723,4
0.6547989737542906,0.6983673369338488,-0.48674074084438107,1.87600102477617,1.6377134252236851,-0.7534995386105954,1.0534566000565253,-0.27743547601154706,-0.3743747503715706,-0.6898908370812065,2.325208250155974,-0.4822428221704121,-0.7089268788723055,2.657048707513918,-0.4849427713920723,7
-0.8762750972300065,-0.8595975512004642,2.054481813593895,1.87600102477617,-0.6106074387607932,-0.7534995386105954,-0.9492560015726731,-0.27743547601154706,2.6711203119534384,-0.6898908370812065,2.325208250155974,-0.4822428221704121,-0.7089268788723055,-0.37635742136456934,2.0620989918653887,9
-0.8762750972300065,-0.8595975512004642,-0.48674074084438107,1.87600102477617,1.6377134252236851,-0.7534995386105954,1.0534566000565253,-0.27743547601154706,2.6711203119534384,-0.6898908370812065,-0.43006900561827976,-0.4822428221704121,1.4105827128331005,-0.37635742136456934,-0.4849427713920723,7
0.6547989737542906,-0.8595975512004642,-0.48674074084438107,-0.5330487493306738,1.6377134252236851,-0.7534995386105954,1.0534566000565253,-0.27743547601154706,-0.3743747503715706,1.4495046842929602,-0.43006900561827976,-0.4822428221704121,-0.7089268788723055,-0.37635742136456934,-0.4849427713920723,7
0.6547989737542906,0.6983673369338488,-0.48674074084438107,-0.5330487493306738,-0.6106074387607932,0.9339149210948224,-0.9492560015726731,-0.27743547601154706,-0.3743747503715706,1.4495046842929602,-0.43006900561827976,-0.4822428221704121,1.4105827128331005,2.657048707513918,-0.4849427713920723,4
0.6547989737542906,-0.8595975512004642,-0.48674074084438107,-0.5330487493306738,-0.6106074387607932,0.9339149210948224,1.0534566000565253,-0.27743547601154706,-0.3743747503715706,-0.6898908370812065,-0.43006900561827976,-0.4822428221704121,-0.7089268788723055,-0.37635742136456934,-0.4849427713920723,6
-0.8762750972300065,-0.8595975512004642,-0.48674074084438107,1.87600102477617,-0.6106074387607932,-0.7534995386105954,-0.9492560015726731,-0.27743547601154706,2.6711203119534384,-0.6898908370812065,-0.43006900561827976,-0.4822428221704121,-0.7089268788723055,-0.37635742136456934,-0.4849427713920723,6
0.6547989737542906,-0.8595975512004642,-0.48674074084438107,-0.5330487493306738,-0.6106074387607932,-0.7534995386105954,1.0534566000565253,-0.27743547601154706,2.6711203119534384,1.4495046842929602,-0.43006900561827976,-0.4822428221704121,-0.7089268788723055,-0.37635742136456934,-0.4849427713920723,7
0.6547989737542906,0.6983673369338488,-0.48674074084438107,-0.5330487493306738,1.6377134252236851,-0.7534995386105954,1.0534566000565253,-0.27743547601154706,-0.3743747503715706,1.4495046842929602,-0.43006900561827976,-0.4822428221704121,-0.7089268788723055,-0.37635742136456934,-0.4849427713920723,6
0.6547989737542906,2.256332225068162,-0.48674074084438107,-0.5330487493306738,-0.6106074387607932,0.9339149210948224,1.0534566000565253,-0.27743547601154706,-0.3743747503715706,-0.6898908370812065,-0.43006900561827976,-0.4822428221704121,1.4105827128331005,-0.37635742136456934,-0.4849427713920723,4
-0.8762750972300065,2.256332225068162,-0.48674074084438107,1.87600102477617,-0.6106074387607932,-0.7534995386105954,1.0534566000565253,-0.27743547601154706,-0.3743747503715706,1.4495046842929602,-0.43006900561827976,-0.4822428221704121,-0.7089268788723055,-0.37635742136456934,-0.4849427713920723,4
-0.8762750972300065,-0.8595975512004642,-0.48674074084438107,-0.5330487493306738,-0.6106074387607932,-0.7534995386105954,-0.9492560015726731,-0.27743547601154706,-0.3743747503715706,1.4495046842929602,-0.43006900561827976,-0.4822428221704121,1.4105827128331005,-0.37635742136456934,-0.4849427713920723,5
0.6547989737542906,0.6983673369338488,-0.48674074084438107,-0.5330487493306738,-0.6106074387607932,0.9339149210948224,-0.9492560015726731,-0.27743547601154706,-0.3743747503715706,-0.6898908370812065,-0.43006900561827976,2.073644135332772,1.4105827128331005,-0.37635742136456934,-0.4849427713920723,6
-0.8762750972300065,-0.8595975512004642,-0.48674074084438107,1.87600102477617,1.6377134252236851,-0.7534995386105954,1.0534566000565253,3.60444170434202,-0.3743747503715706,-0.6898908370812065,-0.43006900561827976,-0.4822428221704121,-0.7089268788723055,-0.37635742136456934,-0.4849427713920723,7
-0.8762750972300065,0.6983673369338488,-0.48674074084438107,-0.5330487493306738,-0.6106074387607932,-0.7534995386105954,1.0534566000565253,-0.27743547601154706,-0.3743747503715706,-0.6898908370812065,-0.43006900561827976,2.073644135332772,1.4105827128331005,-0.37635742136456934,-0.4849427713920723,3
-0.8762750972300065,0.6983673369338488,2.054481813593895,-0.5330487493306738,1.6377134252236851,-0.7534995386105954,1.0534566000565253,-0.27743547601154706,-0.3743747503715706,-0.6898908370812065,-0.43006900561827976,-0.4822428221704121,-0.7089268788723055,-0.37635742136456934,-0.4849427713920723,7
0.6547989737542906,0.6983673369338488,-0.48674074084438107,-0.5330487493306738,-0.6106074387607932,0.9339149210948224,-0.9492560015726731,-0.27743547601154706,-0.3743747503715706,-0.6898908370812065,-0.43006900561827976,2.073644135332772,1.4105827128331005,-0.37635742136456934,-0.4849427713920723,4
-0.8762750972300065,-0.8595975512004642,2.054481813593895,-0.5330487493306738,-0.6106074387607932,-0.7534995386105954,1.0534566000565253,-0.27743547601154706,-0.3743747503715706,-0.6898908370812065,-0.43006900561827976,-0.4822428221704121,-0.7089268788723055,-0.37635742136456934,2.0620989918653887,7
-0.8762750972300065,0.6983673369338488,-0.48674074084438107,-0.5330487493306738,-0.6106074387607932,0.9339149210948224,-0.9492560015726731,-0.27743547601154706,-0.3743747503715706,-0.6898908370812065,-0.43006900561827976,2.073644135332772,-0.7089268788723055,-0.37635742136456934,-0.4849427713920723,7
0.6547989737542906,-0.8595975512004642,2.054481813593895,1.87600102477617,1.6377134252236851,-0.7534995386105954,-0.9492560015726731,-0.27743547601154706,-0.3743747503715706,-0.6898908370812065,-0.43006900561827976,-0.4822428221704121,-0.7089268788723055,-0.37635742136456934,-0.4849427713920723,6
-0.8762750972300065,-0.8595975512004642,-0.48674074084438107,1.87600102477617,-0.6106074387607932,0.9339149210948224,-0.9492560015726731,-0.27743547601154706,-0.3743747503715706,1.4495046842929602,-0.43006900561827976,-0.4822428221704121,-0.7089268788723055,2.657048707513918,2.0620989918653887,7
-0.8762750972300065,0.6983673369338488,-0.48674074084438107,-0.5330487493306738,-0.6106074387607932,-0.7534995386105954,-0.9492560015726731,-0.27743547601154706,2.6711203119534384,-0.6898908370812065,-0.43006900561827976,-0.4822428221704121,1.4105827128331005,-0.37635742136456934,-0.4849427713920723,5
-0.8762750972300065,-0.8595975512004642,-0.48674074084438107,-0.5330487493306738,-0.6106074387607932,-0.7534995386105954,1.0534566000565253,-0.27743547601154706,-0.3743747503715706,-0.6898908370812065,-0.43006900561827976,2.073644135332772,1.4105827128331005,-0.37635742136456934,-0.4849427713920723,4
-0.8762750972300065,0.6983673369338488,-0.48674074084438107,-0.5330487493306738,-0.6106074387607932,-0.7534995386105954,-0.9492560015726731,-0.27743547601154706,-0.3743747503715706,-0.6898908370812065,-0.43006900561827976,-0.4822428221704121,-0.7089268788723055,-0.37635742136456934,-0.4849427713920723,4
-0.8762750972300065,-0.8595975512004642,2.054481813593895,-0.5330487493306738,1.6377134252236851,0.9339149210948224,1.0534566000565253,-0.27743547601154706,-0.3743747503715706,-0.6898908370812065,2.325208250155974,-0.4822428221704121,-0.7089268788723055,2.657048707513918,2.0620989918653887,6
-0.8762750972300065,-0.8595975512004642,2.054481813593895,-0.5330487493306738,-0.6106074387607932,-0.7534995386105954,1.0534566000565253,-0.27743547601154706,2.6711203119534384,-0.6898908370812065,-0.43006900561827976,-0.4822428221704121,-0.7089268788723055,-0.37635742136456934,-0.4849427713920723,9
-0.8762750972300065,0.6983673369338488,-0.48674074084438107,-0.5330487493306738,-0.6106074387607932,-0.7534995386105954,1.0534566000565253,-0.27743547601154706,-0.3743747503715706,-0.6898908370812065,-0.43006900561827976,-0.4822428221704121,1.4105827128331005,-0.37635742136456934,-0.4849427713920723,6
2.1858730447385875,-0.8595975512004642,-0.48674074084438107,-0.5330487493306738,-0.6106074387607932,2.62132938080024,-0.9492560015726731,-0.27743547601154706,-0.3743747503715706,-0.6898908370812065,-0.43006900561827976,-0.4822428221704121,-0.7089268788723055,-0.37635742136456934,2.0620989918653887,5
2.1858730447385875,-0.8595975512004642,2.054481813593895,-0.5330487493306738,-0.6106074387607932,-0.7534995386105954,-0.9492560015726731,-0.27743547601154706,-0.3743747503715706,-0.6898908370812065,-0.43006900561827976,-0.4822428221704121,-0.7089268788723055,-0.37635742136456934,2.0620989918653887,6
-0.8762750972300065,-0.8595975512004642,-0.48674074084438107,1.87600102477617,1.6377134252236851,-0.7534995386105954,1.0534566000565253,-0.27743547601154706,2.6711203119534384,-0.6898908370812065,-0.43006900561827976,-0.4822428221704121,-0.7089268788723055,-0.37635742136456934,-0.4849427713920723,8
-0.8762750972300065,-0.8595975512004642,2.054481813593895,-0.5330487493306738,-0.6106074387607932,-0.7534995386105954,-0.9492560015726731,-0.27743547601154706,2.6711203119534384,-0.6898908370812065,-0.43006900561827976,-0.4822428221704121,-0.7089268788723055,-0.37635742136456934,-0.4849427713920723,7
-0.8762750972300065,-0.8595975512004642,2.054481813593895,-0.5330487493306738,-0.6106074387607932,-0.7534995386105954,1.0534566000565253,-0.27743547601154706,-0.3743747503715706,-0.6898908370812065,-0.43006900561827976,-0.4822428221704121,-0.7089268788723055,-0.37635742136456934,-0.4849427713920723,8
0.6547989737542906,0.6983673369338488,-0.48674074084438107,-0.5330487493306738,-0.6106074387607932,-0.7534995386105954,1.0534566000565253,-0.27743547601154706,-0.3743747503715706,1.4495046842929602,-0.43006900561827976,-0.4822428221704121,-0.7089268788723055,2.657048707513918,-0.4849427713920723,4
0.6547989737542906,0.6983673369338488,-0.48674074084438107,1.87600102477617,1.6377134252236851,0.9339149210948224,1.0534566000565253,-0.27743547601154706,2.6711203119534384,1.4495046842929602,-0.43006900561827976,2.073644135332772,1.4105827128331005,2.657048707513918,-0.4849427713920723,6
0.6547989737542906,-0.8595975512004642,-0.48674074084438107,-0.5330487493306738,1.6377134252236851,-0.7534995386105954,-0.9492560015726731,-0.27743547601154706,-0.3743747503715706,1.4495046842929602,-0.43006900561827976,-0.4822428221704121,-0.7089268788723055,-0.37635742136456934,-0.4849427713920723,6
-0.8762750972300065,-0.8595975512004642,2.054481813593895,1.87600102477617,-0.6106074387607932,0.9339149210948224,1.0534566000565253,-0.27743547601154706,2.6711203119534384,-0.6898908370812065,-0.43006900561827976,-0.4822428221704121,-0.7089268788723055,-0.37635742136456934,-0.4849427713920723,7
-0.8762750972300065,0.6983673369338488,-0.48674074084438107,-0.5330487493306738,-0.6106074387607932,-0.7534995386105954,1.0534566000565253,-0.27743547601154706,-0.3743747503715706,1.4495046842929602,-0.43006900561827976,2.073644135332772,-0.7089268788723055,-0.37635742136456934,-0.4849427713920723,6
2.1858730447385875,0.6983673369338488,-0.48674074084438107,-0.5330487493306738,-0.6106074387607932,-0.7534995386105954,-0.9492560015726731,-0.27743547601154706,-0.3743747503715706,-0.6898908370812065,-0.43006900561827976,-0.4822428221704121,-0.7089268788723055,-0.37635742136456934,-0.4849427713920723,3
-0.8762750972300065,-0.8595975512004642,-0.48674074084438107,1.87600102477617,1.6377134252236851,-0.7534995386105954,1.0534566000565253,-0.27743547601154706,-0.3743747503715706,-0.6898908370812065,-0.43006900561827976,-0.4822428221704121,-0.7089268788723055,-0.37635742136456934,-0.4849427713920723,8
-0.8762750972300065,-0.8595975512004642,2.054481813593895,-0.5330487493306738,1.6377134252236851,-0.7534995386105954,-0.9492560015726731,-0.27743547601154706,-0.3743747503715706,1.4495046842929602,-0.43006900561827976,-0.4822428221704121,-0.7089268788723055,-0.37635742136456934,-0.4849427713920723,6
-0.8762750972300065,0.6983673369338488,-0.48674074084438107,-0.5330487493306738,-0.6106074387607932,-0.7534995386105954,1.0534566000565253,-0.27743547601154706,-0.3743747503715706,1.4495046842929602,-0.43006900561827976,2.073644135332772,1.4105827128331005,-0.37635742136456934,-0.4849427713920723,5
-0.8762750972300065,0.6983673369338488,-0.48674074084438107,-0.5330487493306738,-0.6106074387607932,-0.7534995386105954,1.0534566000565253,-0.27743547601154706,-0.3743747503715706,1.4495046842929602,2.325208250155974,-0.4822428221704121,-0.7089268788723055,-0.37635742136456934,-0.4849427713920723,6
0.6547989737542906,2.256332225068162,-0.48674074084438107,-0.5330487493306738,-0.6106074387607932,0.9339149210948224,1.0534566000565253,-0.27743547601154706,-0.3743747503715706,-0.6898908370812065,-0.43006900561827976,2.073644135332772,1.4105827128331005,-0.37635742136456934,-0.4849427713920723,3
0.6547989737542906,0.6983673369338488,-0.48674074084438107,1.87600102477617,-0.6106074387607932,0.9339149210948224,1.0534566000565253,-0.27743547601154706,2.6711203119534384,1.4495046842929602,-0.43006900561827976,-0.4822428221704121,-0.7089268788723055,-0.37635742136456934,-0.4849427713920723,4
0.6547989737542906,0.6983673369338488,-0.48674074084438107,-0.5330487493306738,-0.6106074387607932,2.62132938080024,-0.9492560015726731,-0.27743547601154706,-0.3743747503715706,-0.6898908370812065,2.325208250155974,-0.4822428221704121,-0.7089268788723055,-0.37635742136456934,2.0620989918653887,4
0.6547989737542906,-0.8595975512004642,-0.48674074084438107,-0.5330487493306738,-0.6106074387607932,-0.7534995386105954,1.0534566000565253,-0.27743547601154706,-0.3743747503715706,1.4495046842929602,-0.43006900561827976,2.073644135332772,1.4105827128331005,2.657048707513918,2.0620989918653887,5
0.6547989737542906,-0.8595975512004642,-0.48674074084438107,-0.5330487493306738,1.6377134252236851,0.9339149210948224,1.0534566000565253,-0.27743547601154706,-0.3743747503715706,-0.6898908370812065,2.325208250155974,-0.4822428221704121,-0.7089268788723055,-0.37635742136456934,2.0620989918653887,7
-0.8762750972300065,-0.8595975512004642,-0.48674074084438107,-0.5330487493306738,-0.6106074387607932,-0.7534995386105954,-0.9492560015726731,-0.27743547601154706,-0.3743747503715706,-0.6898908370812065,-0.43006900561827976,2.073644135332772,1.4105827128331005,-0.37635742136456934,-0.4849427713920723,9
0.6547989737542906,0.6983673369338488,-0.48674074084438107,-0.5330487493306738,-0.6106074387607932,-0.7534995386105954,-0.9492560015726731,-0.27743547601154706,-0.3743747503715706,1.4495046842929602,-0.43006900561827976,-0.4822428221704121,-0.7089268788723055,-0.37635742136456934,-0.4849427713920723,3
0.6547989737542906,-0.8595975512004642,-0.48674074084438107,1.87600102477617,1.6377134252236851,-0.7534995386105954,1.0534566000565253,-0.27743547601154706,-0.3743747503715706,-0.6898908370812065,-0.43006900561827976,-0.4822428221704121,-0.7089268788723055,-0.37635742136456934,-0.4849427713920723,5
0.6547989737542906,-0.8595975512004642,-0.48674074084438107,-0.5330487493306738,-0.6106074387607932,-0.7534995386105954,1.0534566000565253,-0.27743547601154706,-0.3743747503715706,-0.6898908370812065,-0.43006900561827976,-0.4822428221704121,-0.7089268788723055,-0.37635742136456934,2.0620989918653887,7
0.6547989737542906,0.6983673369338488,-0.48674074084438107,-0.5330487493306738,-0.6106074387607932,0.9339149210948224,1.0534566000565253,3.60444170434202,-0.3743747503715706,-0.6898908370812065,-0.43006900561827976,-0.4822428221704121,1.4105827128331005,-0.37635742136456934,-0.4849427713920723,6
2.1858730447385875,0.6983673369338488,-0.48674074084438107,-0.5330487493306738,-0.6106074387607932,2.62132938080024,-0.9492560015726731,-0.27743547601154706,-0.3743747503715706,-0.6898908370812065,-0.43006900561827976,-0.4822428221704121,-0.7089268788723055,-0.37635742136456934,-0.4849427713920723,2
0.6547989737542906,0.6983673369338488,-0.48674074084438107,1.87600102477617,-0.6106074387607932,0.9339149210948224,-0.9492560015726731,-0.27743547601154706,-0.3743747503715706,1.4495046842929602,-0.43006900561827976,-0.4822428221704121,-0.7089268788723055,-0.37635742136456934,-0.4849427713920723,6
0.6547989737542906,-0.8595975512004642,-0.48674074084438107,-0.5330487493306738,-0.6106074387607932,-0.7534995386105954,1.0534566000565253,-0.27743547601154706,-0.3743747503715706,-0.6898908370812065,-0.43006900561827976,-0.4822428221704121,-0.7089268788723055,2.657048707513918,2.0620989918653887,4
2.1858730447385875,2.256332225068162,-0.48674074084438107,-0.5330487493306738,-0.6106074387607932,0.9339149210948224,-0.9492560015726731,-0.27743547601154706,-0.3743747503715706,1.4495046842929602,-0.43006900561827976,-0.4822428221704121,-0.7089268788723055,-0.37635742136456934,-0.4849427713920723,2
0.6547989737542906,-0.8595975512004642,-0.48674074084438107,-0.5330487493306738,-0.6106074387607932,-0.7534995386105954,-0.9492560015726731,-0.27743547601154706,-0.3743747503715706,-0.6898908370812065,-0.43006900561827976,-0.4822428221704121,-0.7089268788723055,-0.37635742136456934,2.0620989918653887,7
2.1858730447385875,0.6983673369338488,-0.48674074084438107,-0.5330487493306738,1.6377134252236851,0.9339149210948224,-0.9492560015726731,-0.27743547601154706,-0.3743747503715706,-0.6898908370812065,-0.43006900561827976,-0.4822428221704121,-0.7089268788723055,2.657048707513918,2.0620989918653887,5
0.6547989737542906,0.6983673369338488,-0.48674074084438107,-0.5330487493306738,-0.6106074387607932,0.9339149210948224,-0.9492560015726731,-0.27743547601154706,-0.3743747503715706,1.4495046842929602,-0.43006900561827976,-0.4822428221704121,-0.7089268788723055,-0.37635742136456934,-0.4849427713920723,8
-0.8762750972300065,-0.8595975512004642,-0.48674074084438107,-0.5330487493306738,-0.6106074387607932,0.9339149210948224,1.0534566000565253,-0.27743547601154706,-0.3743747503715706,-0.6898908370812065,-0.43006900561827976,-0.4822428221704121,-0.7089268788723055,-0.37635742136456934,2.0620989918653887,7
0.6547989737542906,-0.8595975512004642,2.054481813593895,1.87600102477617,-0.6106074387607932,0.9339149210948224,-0.9492560015726731,-0.27743547601154706,-0.3743747503715706,-0.6898908370812065,2.325208250155974,-0.4822428221704121,-0.7089268788723055,-0.37635742136456934,2.0620989918653887,6
-0.8762750972300065,-0.8595975512004642,-0.48674074084438107,1.87600102477617,1.6377134252236851,-0.7534995386105954,1.0534566000565253,-0.27743547601154706,-0.3743747503715706,-0.6898908370812065,-0.43006900561827976,-0.4822428221704121,-0.7089268788723055,-0.37635742136456934,-0.4849427713920723,8
0.6547989737542906,0.6983673369338488,-0.48674074084438107,1.87600102477617,1.6377134252236851,0.9339149210948224,1.0534566000565253,3.60444170434202,2.6711203119534384,-0.6898908370812065,-0.43006900561827976,2.073644135332772,1.4105827128331005,-0.37635742136456934,-0.4849427713920723,6
0.6547989737542906,-0.8595975512004642,-0.48674074084438107,1.87600102477617,-0.6106074387607932,-0.7534995386105954,1.0534566000565253,-0.27743547601154706,-0.3743747503715706,1.4495046842929602,-0.43006900561827976,-0.4822428221704121,1.4105827128331005,-0.37635742136456934,-0.4849427713920723,8
-0.8762750972300065,0.6983673369338488,-0.48674074084438107,1.87600102477617,-0.6106074387607932,-0.7534995386105954,1.0534566000565253,-0.27743547601154706,-0.3743747503715706,1.4495046842929602,2.325208250155974,-0.4822428221704121,-0.7089268788723055,2.657048707513918,2.0620989918653887,8
-0.8762750972300065,-0.8595975512004642,2.054481813593895,1.87600102477617,1.6377134252236851,-0.7534995386105954,1.0534566000565253,-0.27743547601154706,2.6711203119534384,1.4495046842929602,-0.43006900561827976,-0.4822428221704121,1.4105827128331005,-0.37635742136456934,2.0620989918653887,7
2.1858730447385875,0.6983673369338488,-0.48674074084438107,1.87600102477617,-0.6106074387607932,-0.7534995386105954,-0.9492560015726731,3.60444170434202,-0.3743747503715706,-0.6898908370812065,-0.43006900561827976,-0.4822428221704121,-0.7089268788723055,-0.37635742136456934,-0.4849427713920723,4
0.6547989737542906,0.6983673369338488,-0.48674074084438107,1.87600102477617,-0.6106074387607932,0.9339149210948224,1.0534566000565253,-0.27743547601154706,-0.3743747503715706,1.4495046842929602,-0.43006900561827976,-0.4822428221704121,-0.7089268788723055,-0.37635742136456934,-0.4849427713920723,7
2.1858730447385875,2.256332225068162,-0.48674074084438107,-0.5330487493306738,-0.6106074387607932,2.62132938080024,-0.9492560015726731,-0.27743547601154706,-0.3743747503715706,-0.6898908370812065,-0.43006900561827976,-0.4822428221704121,-0.7089268788723055,-0.37635742136456934,2.0620989918653887,7
-0.8762750972300065,-0.8595975512004642,-0.48674074084438107,1.87600102477617,-0.6106074387607932,-0.7534995386105954,1.0534566000565253,-0.27743547601154706,2.6711203119534384,-0.6898908370812065,-0.43006900561827976,-0.4822428221704121,-0.7089268788723055,-0.37635742136456934,-0.4849427713920723,8
2.1858730447385875,2.256332225068162,-0.48674074084438107,-0.5330487493306738,-0.6106074387607932,2.62132938080024,-0.9492560015726731,-0.27743547601154706,-0.3743747503715706,1.4495046842929602,-0.43006900561827976,-0.4822428221704121,1.4105827128331005,2.657048707513918,-0.4849427713920723,2
0.6547989737542906,0.6983673369338488,-0.48674074084438107,-0.5330487493306738,-0.6106074387607932,-0.7534995386105954,-0.9492560015726731,-0.27743547601154706,-0.3743747503715706,-0.6898908370812065,2.325208250155974,-0.4822428221704121,1.4105827128331005,-0.37635742136456934,-0.4849427713920723,6
0.6547989737542906,2.256332225068162,-0.48674074084438107,-0.5330487493306738,-0.6106074387607932,0.9339149210948224,1.0534566000565253,-0.27743547601154706,-0.3743747503715706,-0.6898908370812065,-0.43006900561827976,-0.4822428221704121,-0.7089268788723055,-0.37635742136456934,2.0620989918653887,6
