scaler_0__Flavor intensity (adj),scaler_1__Acidity (adj),scaler_2__Sweet,scaler_3__Dark.chocolate,scaler_4__Nutty,scaler_5__Mouthfeel (adj),scaler_6__Roasted,scaler_7__Rubber,scaler_8__Caramel,scaler_9__Sour,scaler_10__Fruit,scaler_11__Burnt,scaler_12__Bitter,scaler_13__Astringent,scaler_14__Tea.floral,liking
-0.8096556751338929,-0.8579975145989774,-0.27702741028012307,-0.3986836914865238,-0.4895152370825761,-0.6470573530235344,1.0952282595959517,-0.09335200560186732,-0.19223445930952296,1.448098741990747,-0.27928063253883567,-0.33213212822538024,-0.5998041775404763,-0.2040093074477469,-0.37656373512212316,9
0.8943014957160725,-0.8579975145989774,-0.27702741028012307,-0.3986836914865238,-0.4895152370825761,-0.6470573530235344,-0.9130516778017737,-0.09335200560186732,-0.19223445930952296,-0.6905606441072304,-0.27928063253883567,-0.33213212822538024,-0.5998041775404763,-0.2040093074477469,-0.37656373512212316,7
-0.8096556751338929,-0.8579975145989774,-0.27702741028012307,2.5082540905333266,-0.4895152370825761,-0.6470573530235344,1.0952282595959517,-0.09335200560186732,-0.19223445930952296,-0.6905606441072304,-0.27928063253883567,3.0108499449996424,-0.5998041775404763,-0.2040093074477469,-0.37656373512212316,8
-0.8096556751338929,-0.8579975145989774,-0.27702741028012307,-0.3986836914865238,-0.4895152370825761,-0.6470573530235344,1.0952282595959517,-0.09335200560186732,-0.19223445930952296,-0.6905606441072304,-0.27928063253883567,3.0108499449996424,-0.5998041775404763,-0.2040093074477469,-0.37656373512212316,5
0.8943014957160725,-0.8579975145989774,-0.27702741028012307,2.5082540905333266,-0.4895152370825761,-0.6470573530235344,1.0952282595959517,-0.09335200560186732,-0.19223445930952296,-0.6905606441072304,-0.27928063253883567,-0.33213212822538024,-0.5998041775404763,-0.2040093074477469,-0.37656373512212316,7
-0.8096556751338929,0.8288511022134494,-0.27702741028012307,-0.3986836914865238,-0.4895152370825761,-0.6470573530235344,-0.9130516778017737,-0.09335200560186732,-0.19223445930952296,-0.6905606441072304,-0.27928063253883567,-0.33213212822538024,-0.5998041775404763,-0.2040093074477469,-0.37656373512212316,6
-0.8096556751338929,-0.8579975145989774,3.609751103650088,-0.3986836914865238,-0.4895152370825761,1.4049121980031531,-0.9130516778017737,-0.09335200560186732,-0.19223445930952296,-0.6905606441072304,-0.27928063253883567,-0.33213212822538024,-0.5998041775404763,-0.2040093074477469,2.655592949426451,6
-0.8096556751338929,-0.8579975145989774,3.609751103650088,-0.3986836914865238,-0.4895152370825761,-0.6470573530235344,-0.9130516778017737,-0.09335200560186732,-0.19223445930952296,-0.6905606441072304,-0.27928063253883567,-0.33213212822538024,-0.5998041775404763,-0.2040093074477469,2.655592949426451,7
2.598258666566038,-0.8579975145989774,-0.27702741028012307,-0.3986836914865238,-0.4895152370825761,-0.6470573530235344,1.0952282595959517,-0.09335200560186732,-0.19223445930952296,-0.6905606441072304,-0.27928063253883567,-0.33213212822538024,-0.5998041775404763,-0.2040093074477469,-0.37656373512212316,5
0.8943014957160725,-0.8579975145989774,-0.27702741028012307,-0.3986836914865238,-0.4895152370825761,-0.6470573530235344,1.0952282595959517,-0.09335200560186732,-0.19223445930952296,-0.6905606441072304,-0.27928063253883567,-0.33213212822538024,1.6672107955308748,-0.2040093074477469,-0.37656373512212316,5
-0.8096556751338929,-0.8579975145989774,-0.27702741028012307,-0.3986836914865238,-0.4895152370825761,-0.6470573530235344,1.0952282595959517,-0.09335200560186732,-0.19223445930952296,-0.6905606441072304,-0.27928063253883567,3.0108499449996424,-0.5998041775404763,-0.2040093074477469,-0.37656373512212316,5
-0.8096556751338929,0.8288511022134494,-0.27702741028012307,-0.3986836914865238,-0.4895152370825761,1.4049121980031531,-0.9130516778017737,-0.09335200560186732,-0.19223445930952296,1.448098741990747,-0.27928063253883567,-0.33213212822538024,-0.5998041775404763,-0.2040093074477469,-0.37656373512212316,5
0.8943014957160725,0.8288511022134494,-0.27702741028012307,-0.3986836914865238,-0.4895152370825761,1.4049121980031531,-0.9130516778017737,-0.09335200560186732,-0.19223445930952296,-0.6905606441072304,-0.27928063253883567,-0.33213212822538024,-0.5998041775404763,-0.2040093074477469,-0.37656373512212316,7
0.8943014957160725,-0.8579975145989774,-0.27702741028012307,-0.3986836914865238,-0.4895152370825761,-0.6470573530235344,-0.9130516778017737,-0.09335200560186732,-0.19223445930952296,-0.6905606441072304,-0.27928063253883567,3.0108499449996424,-0.5998041775404763,-0.2040093074477469,-0.37656373512212316,4
0.8943014957160725,-0.8579975145989774,-0.27702741028012307,-0.3986836914865238,2.042837330171421,-0.6470573530235344,-0.9130516778017737,-0.09335200560186732,-0.19223445930952296,-0.6905606441072304,-0.27928063253883567,-0.33213212822538024,-0.5998041775404763,-0.2040093074477469,-0.37656373512212316,8
-0.8096556751338929,0.8288511022134494,-0.27702741028012307,-0.3986836914865238,-0.4895152370825761,-0.6470573530235344,-0.9130516778017737,-0.09335200560186732,-0.19223445930952296,1.448098741990747,-0.27928063253883567,-0.33213212822538024,1.6672107955308748,-0.2040093074477469,-0.37656373512212316,3
0.8943014957160725,2.5156997190258763,-0.27702741028012307,-0.3986836914865238,-0.4895152370825761,-0.6470573530235344,-0.9130516778017737,-0.09335200560186732,-0.19223445930952296,1.448098741990747,3.5806278112068637,-0.33213212822538024,-0.5998041775404763,-0.2040093074477469,-0.37656373512212316,4
0.8943014957160725,0.8288511022134494,-0.27702741028012307,2.5082540905333266,-0.4895152370825761,-0.6470573530235344,-0.9130516778017737,-0.09335200560186732,-0.19223445930952296,-0.6905606441072304,-0.27928063253883567,-0.33213212822538024,-0.5998041775404763,-0.2040093074477469,-0.37656373512212316,7
-0.8096556751338929,0.8288511022134494,-0.27702741028012307,-0.3986836914865238,-0.4895152370825761,1.4049121980031531,-0.9130516778017737,-0.09335200560186732,-0.19223445930952296,-0.6905606441072304,-0.27928063253883567,-0.33213212822538024,1.6672107955308748,-0.2040093074477469,-0.37656373512212316,3
0.8943014957160725,-0.8579975145989774,-0.27702741028012307,-0.3986836914865238,-0.4895152370825761,1.4049121980031531,-0.9130516778017737,-0.09335200560186732,-0.19223445930952296,1.448098741990747,-0.27928063253883567,-0.33213212822538024,-0.5998041775404763,-0.2040093074477469,2.655592949426451,4
0.8943014957160725,-0.8579975145989774,-0.27702741028012307,-0.3986836914865238,2.042837330171421,1.4049121980031531,1.0952282595959517,-0.09335200560186732,-0.19223445930952296,-0.6905606441072304,-0.27928063253883567,-0.33213212822538024,1.6672107955308748,-0.2040093074477469,-0.37656373512212316,6
-0.8096556751338929,0.8288511022134494,-0.27702741028012307,-0.3986836914865238,2.042837330171421,1.4049121980031531,1.0952282595959517,-0.09335200560186732,-0.19223445930952296,-0.6905606441072304,-0.27928063253883567,-0.33213212822538024,-0.5998041775404763,-0.2040093074477469,-0.37656373512212316,5
-0.8096556751338929,0.8288511022134494,-0.27702741028012307,-0.3986836914865238,-0.4895152370825761,-0.6470573530235344,-0.9130516778017737,-0.09335200560186732,-0.19223445930952296,1.448098741990747,3.5806278112068637,-0.33213212822538024,-0.5998041775404763,-0.2040093074477469,-0.37656373512212316,5
0.8943014957160725,2.5156997190258763,-0.27702741028012307,-0.3986836914865238,-0.4895152370825761,1.4049121980031531,1.0952282595959517,-0.09335200560186732,-0.19223445930952296,-0.6905606441072304,-0.27928063253883567,-0.33213212822538024,-0.5998041775404763,-0.2040093074477469,-0.37656373512212316,4
-0.8096556751338929,-0.8579975145989774,3.609751103650088,2.5082540905333266,2.042837330171421,-0.6470573530235344,1.0952282595959517,-0.09335200560186732,-0.19223445930952296,-0.6905606441072304,-0.27928063253883567,-0.33213212822538024,-0.5998041775404763,-0.2040093074477469,-0.37656373512212316,8
-0.8096556751338929,-0.8579975145989774,-0.27702741028012307,-0.3986836914865238,2.042837330171421,-0.6470573530235344,-0.9130516778017737,-0.09335200560186732,-0.19223445930952296,-0.6905606441072304,-0.27928063253883567,-0.33213212822538024,1.6672107955308748,-0.2040093074477469,-0.37656373512212316,8
0.8943014957160725,-0.8579975145989774,3.609751103650088,-0.3986836914865238,-0.4895152370825761,-0.6470573530235344,1.0952282595959517,-0.09335200560186732,-0.19223445930952296,-0.6905606441072304,-0.27928063253883567,-0.33213212822538024,-0.5998041775404763,-0.2040093074477469,-0.37656373512212316,6
-0.8096556751338929,-0.8579975145989774,-0.27702741028012307,-0.3986836914865238,-0.4895152370825761,-0.6470573530235344,-0.9130516778017737,-0.09335200560186732,-0.19223445930952296,-0.6905606441072304,-0.27928063253883567,3.0108499449996424,-0.5998041775404763,-0.2040093074477469,-0.37656373512212316,8
0.8943014957160725,-0.8579975145989774,-0.27702741028012307,-0.3986836914865238,-0.4895152370825761,1.4049121980031531,1.0952282595959517,-0.09335200560186732,-0.19223445930952296,-0.6905606441072304,-0.27928063253883567,3.0108499449996424,1.6672107955308748,-0.2040093074477469,-0.37656373512212316,3
-0.8096556751338929,-0.8579975145989774,3.609751103650088,-0.3986836914865238,-0.4895152370825761,-0.6470573530235344,-0.9130516778017737,-0.09335200560186732,-0.19223445930952296,-0.6905606441072304,-0.27928063253883567,-0.33213212822538024,-0.5998041775404763,-0.2040093074477469,-0.37656373512212316,6
-0.8096556751338929,-0.8579975145989774,-0.27702741028012307,-0.3986836914865238,2.042837330171421,-0.6470573530235344,1.0952282595959517,-0.09335200560186732,-0.19223445930952296,-0.6905606441072304,-0.27928063253883567,-0.33213212822538024,-0.5998041775404763,-0.2040093074477469,-0.37656373512212316,6
0.8943014957160725,0.8288511022134494,-0.27702741028012307,-0.3986836914865238,-0.4895152370825761,1.4049121980031531,-0.9130516778017737,-0.09335200560186732,-0.19223445930952296,-0.6905606441072304,-0.27928063253883567,3.0108499449996424,1.6672107955308748,-0.2040093074477469,-0.37656373512212316,4
-0.8096556751338929,0.8288511022134494,-0.27702741028012307,-0.3986836914865238,-0.4895152370825761,-0.6470573530235344,1.0952282595959517,-0.09335200560186732,-0.19223445930952296,-0.6905606441072304,-0.27928063253883567,-0.33213212822538024,-0.5998041775404763,-0.2040093074477469,-0.37656373512212316,8
-0.8096556751338929,0.8288511022134494,-0.27702741028012307,-0.3986836914865238,-0.4895152370825761,-0.6470573530235344,-0.9130516778017737,-0.09335200560186732,-0.19223445930952296,1.448098741990747,-0.27928063253883567,-0.33213212822538024,1.6672107955308748,-0.2040093074477469,2.655592949426451,6
-0.8096556751338929,-0.8579975145989774,-0.27702741028012307,2.5082540905333266,2.042837330171421,1.4049121980031531,-0.9130516778017737,-0.09335200560186732,-0.19223445930952296,-0.6905606441072304,-0.27928063253883567,-0.33213212822538024,-0.5998041775404763,-0.2040093074477469,-0.37656373512212316,5
0.8943014957160725,-0.8579975145989774,-0.27702741028012307,-0.3986836914865238,-0.4895152370825761,-0.6470573530235344,1.0952282595959517,-0.09335200560186732,-0.19223445930952296,-0.6905606441072304,-0.27928063253883567,-0.33213212822538024,-0.5998041775404763,-0.2040093074477469,-0.37656373512212316,7
-0.8096556751338929,-0.8579975145989774,3.609751103650088,-0.3986836914865238,-0.4895152370825761,-0.6470573530235344,-0.9130516778017737,-0.09335200560186732,-0.19223445930952296,-0.6905606441072304,3.5806278112068637,-0.33213212822538024,-0.5998041775404763,-0.2040093074477469,-0.37656373512212316,5
-0.8096556751338929,0.8288511022134494,-0.27702741028012307,-0.3986836914865238,-0.4895152370825761,-0.6470573530235344,-0.9130516778017737,-0.09335200560186732,-0.19223445930952296,1.448098741990747,-0.27928063253883567,-0.33213212822538024,1.6672107955308748,4.901737143812081,-0.37656373512212316,4
0.8943014957160725,-0.8579975145989774,-0.27702741028012307,-0.3986836914865238,-0.4895152370825761,-0.6470573530235344,1.0952282595959517,-0.09335200560186732,-0.19223445930952296,-0.6905606441072304,-0.27928063253883567,-0.33213212822538024,1.6672107955308748,-0.2040093074477469,-0.37656373512212316,7
-0.8096556751338929,0.8288511022134494,-0.27702741028012307,2.5082540905333266,-0.4895152370825761,-0.6470573530235344,-0.9130516778017737,-0.09335200560186732,-0.19223445930952296,-0.6905606441072304,-0.27928063253883567,-0.33213212822538024,-0.5998041775404763,-0.2040093074477469,-0.37656373512212316,7
0.8943014957160725,-0.8579975145989774,-0.27702741028012307,-0.3986836914865238,-0.4895152370825761,-0.6470573530235344,-0.9130516778017737,-0.09335200560186732,-0.19223445930952296,-0.6905606441072304,-0.27928063253883567,-0.33213212822538024,1.6672107955308748,4.901737143812081,-0.37656373512212316,6
-0.8096556751338929,-0.8579975145989774,-0.27702741028012307,-0.3986836914865238,2.042837330171421,-0.6470573530235344,1.0952282595959517,-0.09335200560186732,-0.19223445930952296,-0.6905606441072304,-0.27928063253883567,-0.33213212822538024,-0.5998041775404763,-0.2040093074477469,-0.37656373512212316,5
0.8943014957160725,0.8288511022134494,-0.27702741028012307,-0.3986836914865238,-0.4895152370825761,-0.6470573530235344,1.0952282595959517,-0.09335200560186732,-0.19223445930952296,1.448098741990747,3.5806278112068637,-0.33213212822538024,-0.5998041775404763,-0.2040093074477469,-0.37656373512212316,4
2.598258666566038,-0.8579975145989774,-0.27702741028012307,-0.3986836914865238,-0.4895152370825761,-0.6470573530235344,-0.9130516778017737,-0.09335200560186732,-0.19223445930952296,-0.6905606441072304,-0.27928063253883567,-0.33213212822538024,-0.5998041775404763,-0.2040093074477469,2.655592949426451,5
-0.8096556751338929,0.8288511022134494,-0.27702741028012307,2.5082540905333266,-0.4895152370825761,-0.6470573530235344,1.0952282595959517,-0.09335200560186732,-0.19223445930952296,1.448098741990747,-0.27928063253883567,-0.33213212822538024,-0.5998041775404763,-0.2040093074477469,-0.37656373512212316,4
0.8943014957160725,2.5156997190258763,-0.27702741028012307,-0.3986836914865238,-0.4895152370825761,-0.6470573530235344,-0.9130516778017737,-0.09335200560186732,-0.19223445930952296,1.448098741990747,-0.27928063253883567,-0.33213212822538024,-0.5998041775404763,4.901737143812081,-0.37656373512212316,3
0.8943014957160725,0.8288511022134494,-0.27702741028012307,-0.3986836914865238,-0.4895152370825761,-0.6470573530235344,-0.9130516778017737,-0.09335200560186732,-0.19223445930952296,1.448098741990747,-0.27928063253883567,-0.33213212822538024,1.6672107955308748,-0.2040093074477469,-0.37656373512212316,5
2.598258666566038,2.5156997190258763,-0.27702741028012307,-0.3986836914865238,-0.4895152370825761,1.4049121980031531,-0.9130516778017737,-0.09335200560186732,-0.19223445930952296,1.448098741990747,-0.27928063253883567,-0.33213212822538024,-0.5998041775404763,-0.2040093074477469,-0.37656373512212316,2
-0.8096556751338929,-0.8579975145989774,-0.27702741028012307,-0.3986836914865238,-0.4895152370825761,-0.6470573530235344,-0.9130516778017737,-0.09335200560186732,-0.19223445930952296,-0.6905606441072304,-0.27928063253883567,-0.33213212822538024,-0.5998041775404763,-0.2040093074477469,-0.37656373512212316,5
2.598258666566038,-0.8579975145989774,-0.27702741028012307,-0.3986836914865238,-0.4895152370825761,-0.6470573530235344,1.0952282595959517,-0.09335200560186732,-0.19223445930952296,-0.6905606441072304,-0.27928063253883567,-0.33213212822538024,1.6672107955308748,-0.2040093074477469,-0.37656373512212316,5
0.8943014957160725,-0.8579975145989774,-0.27702741028012307,-0.3986836914865238,-0.4895152370825761,-0.6470573530235344,-0.9130516778017737,-0.09335200560186732,-0.19223445930952296,-0.6905606441072304,-0.27928063253883567,-0.33213212822538024,1.6672107955308748,-0.2040093074477469,-0.37656373512212316,7
0.8943014957160725,0.8288511022134494,-0.27702741028012307,-0.3986836914865238,-0.4895152370825761,1.4049121980031531,-0.9130516778017737,-0.09335200560186732,-0.19223445930952296,-0.6905606441072304,-0.27928063253883567,3.0108499449996424,-0.5998041775404763,-0.2040093074477469,-0.37656373512212316,3
-0.8096556751338929,-0.8579975145989774,-0.27702741028012307,-0.3986836914865238,2.042837330171421,-0.6470573530235344,1.0952282595959517,-0.09335200560186732,5.201980974648606,-0.6905606441072304,-0.27928063253883567,-0.33213212822538024,-0.5998041775404763,-0.2040093074477469,-0.37656373512212316,9
-0.8096556751338929,-0.8579975145989774,3.609751103650088,-0.3986836914865238,-0.4895152370825761,-0.6470573530235344,-0.9130516778017737,-0.09335200560186732,-0.19223445930952296,-0.6905606441072304,-0.27928063253883567,-0.33213212822538024,-0.5998041775404763,-0.2040093074477469,-0.37656373512212316,7
-0.8096556751338929,0.8288511022134494,-0.27702741028012307,-0.3986836914865238,-0.4895152370825761,-0.6470573530235344,-0.9130516778017737,-0.09335200560186732,-0.19223445930952296,1.448098741990747,-0.27928063253883567,-0.33213212822538024,-0.5998041775404763,-0.2040093074477469,-0.37656373512212316,5
-0.8096556751338929,-0.8579975145989774,-0.27702741028012307,2.5082540905333266,2.042837330171421,-0.6470573530235344,1.0952282595959517,-0.09335200560186732,5.201980974648606,-0.6905606441072304,-0.27928063253883567,-0.33213212822538024,-0.5998041775404763,-0.2040093074477469,-0.37656373512212316,8
-0.8096556751338929,0.8288511022134494,-0.27702741028012307,-0.3986836914865238,-0.4895152370825761,1.4049121980031531,-0.9130516778017737,-0.09335200560186732,-0.19223445930952296,1.448098741990747,-0.27928063253883567,3.0108499449996424,1.6672107955308748,-0.2040093074477469,-0.37656373512212316,5
-0.8096556751338929,-0.8579975145989774,3.609751103650088,2.5082540905333266,-0.4895152370825761,-0.6470573530235344,1.0952282595959517,-0.09335200560186732,-0.19223445930952296,-0.6905606441072304,-0.27928063253883567,-0.33213212822538024,-0.5998041775404763,-0.2040093074477469,-0.37656373512212316,7
-0.8096556751338929,0.8288511022134494,-0.27702741028012307,-0.3986836914865238,-0.4895152370825761,-0.6470573530235344,-0.9130516778017737,-0.09335200560186732,-0.19223445930952296,-0.6905606441072304,3.5806278112068637,-0.33213212822538024,-0.5998041775404763,-0.2040093074477469,2.655592949426451,6
0.8943014957160725,0.8288511022134494,3.609751103650088,-0.3986836914865238,-0.4895152370825761,1.4049121980031531,-0.9130516778017737,-0.09335200560186732,-0.19223445930952296,-0.6905606441072304,-0.27928063253883567,-0.33213212822538024,-0.5998041775404763,-0.2040093074477469,-0.37656373512212316,7
-0.8096556751338929,-0.8579975145989774,-0.27702741028012307,-0.3986836914865238,-0.4895152370825761,1.4049121980031531,1.0952282595959517,-0.09335200560186732,-0.19223445930952296,-0.6905606441072304,-0.27928063253883567,-0.33213212822538024,1.6672107955308748,-0.2040093074477469,-0.37656373512212316,6
-0.8096556751338929,-0.8579975145989774,-0.27702741028012307,-0.3986836914865238,-0.4895152370825761,-0.6470573530235344,-0.9130516778017737,-0.09335200560186732,-0.19223445930952296,-0.6905606441072304,-0.27928063253883567,-0.33213212822538024,1.6672107955308748,-0.2040093074477469,-0.37656373512212316,7
-0.8096556751338929,2.5156997190258763,-0.27702741028012307,-0.3986836914865238,-0.4895152370825761,-0.6470573530235344,1.0952282595959517,-0.09335200560186732,-0.19223445930952296,1.448098741990747,-0.27928063253883567,-0.33213212822538024,1.6672107955308748,-0.2040093074477469,-0.37656373512212316,5
0.8943014957160725,-0.8579975145989774,-0.27702741028012307,-0.3986836914865238,-0.4895152370825761,1.4049121980031531,-0.9130516778017737,-0.09335200560186732,-0.19223445930952296,-0.6905606441072304,-0.27928063253883567,3.0108499449996424,-0.5998041775404763,-0.2040093074477469,-0.37656373512212316,5
-0.8096556751338929,2.5156997190258763,-0.27702741028012307,-0.3986836914865238,-0.4895152370825761,-0.6470573530235344,-0.9130516778017737,-0.09335200560186732,-0.19223445930952296,1.448098741990747,-0.27928063253883567,-0.33213212822538024,-0.5998041775404763,-0.2040093074477469,-0.37656373512212316,4
-0.8096556751338929,0.8288511022134494,-0.27702741028012307,-0.3986836914865238,-0.4895152370825761,-0.6470573530235344,-0.9130516778017737,-0.09335200560186732,-0.19223445930952296,-0.6905606441072304,-0.27928063253883567,-0.33213212822538024,1.6672107955308748,-0.2040093074477469,-0.37656373512212316,6
-0.8096556751338929,-0.8579975145989774,-0.27702741028012307,2.5082540905333266,-0.4895152370825761,-0.6470573530235344,1.0952282595959517,-0.09335200560186732,-0.19223445930952296,-0.6905606441072304,-0.27928063253883567,-0.33213212822538024,-0.5998041775404763,-0.2040093074477469,-0.37656373512212316,6
-0.8096556751338929,0.8288511022134494,-0.27702741028012307,-0.3986836914865238,-0.4895152370825761,1.4049121980031531,-0.9130516778017737,-0.09335200560186732,-0.19223445930952296,1.448098741990747,-0.27928063253883567,-0.33213212822538024,-0.5998041775404763,-0.2040093074477469,-0.37656373512212316,4
-0.8096556751338929,-0.8579975145989774,-0.27702741028012307,2.5082540905333266,-0.4895152370825761,-0.6470573530235344,1.0952282595959517,-0.09335200560186732,5.201980974648606,-0.6905606441072304,-0.27928063253883567,-0.33213212822538024,-0.5998041775404763,-0.2040093074477469,-0.37656373512212316,7
0.8943014957160725,0.8288511022134494,-0.27702741028012307,-0.3986836914865238,-0.4895152370825761,-0.6470573530235344,-0.9130516778017737,-0.09335200560186732,-0.19223445930952296,-0.6905606441072304,-0.27928063253883567,-0.33213212822538024,1.6672107955308748,-0.2040093074477469,-0.37656373512212316,5
-0.8096556751338929,-0.8579975145989774,-0.27702741028012307,-0.3986836914865238,-0.4895152370825761,1.4049121980031531,1.0952282595959517,-0.09335200560186732,-0.19223445930952296,-0.6905606441072304,-0.27928063253883567,-0.33213212822538024,1.6672107955308748,-0.2040093074477469,-0.37656373512212316,8
0.8943014957160725,-0.8579975145989774,-0.27702741028012307,-0.3986836914865238,-0.4895152370825761,1.4049121980031531,1.0952282595959517,-0.09335200560186732,-0.19223445930952296,1.448098741990747,-0.27928063253883567,-0.33213212822538024,-0.5998041775404763,-0.2040093074477469,-0.37656373512212316,6
-0.8096556751338929,-0.8579975145989774,-0.27702741028012307,-0.3986836914865238,-0.4895152370825761,-0.6470573530235344,-0.9130516778017737,-0.09335200560186732,-0.19223445930952296,-0.6905606441072304,3.5806278112068637,-0.33213212822538024,-0.5998041775404763,-0.2040093074477469,2.655592949426451,6
2.598258666566038,-0.8579975145989774,-0.27702741028012307,-0.3986836914865238,2.042837330171421,-0.6470573530235344,1.0952282595959517,-0.09335200560186732,-0.19223445930952296,-0.6905606441072304,-0.27928063253883567,-0.33213212822538024,-0.5998041775404763,-0.2040093074477469,-0.37656373512212316,5
0.8943014957160725,0.8288511022134494,-0.27702741028012307,-0.3986836914865238,-0.4895152370825761,1.4049121980031531,-0.9130516778017737,-0.09335200560186732,-0.19223445930952296,1.448098741990747,-0.27928063253883567,-0.33213212822538024,-0.5998041775404763,-0.2040093074477469,-0.37656373512212316,8
0.8943014957160725,0.8288511022134494,-0.27702741028012307,-0.3986836914865238,-0.4895152370825761,1.4049121980031531,-0.9130516778017737,-0.09335200560186732,-0.19223445930952296,-0.6905606441072304,-0.27928063253883567,-0.33213212822538024,1.6672107955308748,-0.2040093074477469,-0.37656373512212316,3
0.8943014957160725,0.8288511022134494,-0.27702741028012307,-0.3986836914865238,-0.4895152370825761,-0.6470573530235344,1.0952282595959517,-0.09335200560186732,-0.19223445930952296,1.448098741990747,-0.27928063253883567,-0.33213212822538024,-0.5998041775404763,-0.2040093074477469,2.655592949426451,6
2.598258666566038,-0.8579975145989774,-0.27702741028012307,-0.3986836914865238,-0.4895152370825761,1.4049121980031531,-0.9130516778017737,-0.09335200560186732,-0.19223445930952296,-0.6905606441072304,-0.27928063253883567,-0.33213212822538024,1.6672107955308748,-0.2040093074477469,-0.37656373512212316,4
0.8943014957160725,-0.8579975145989774,-0.27702741028012307,-0.3986836914865238,-0.4895152370825761,1.4049121980031531,1.0952282595959517,-0.09335200560186732,-0.19223445930952296,-0.6905606441072304,-0.27928063253883567,-0.33213212822538024,-0.5998041775404763,-0.2040093074477469,-0.37656373512212316,6
-0.8096556751338929,-0.8579975145989774,3.609751103650088,-0.3986836914865238,-0.4895152370825761,1.4049121980031531,-0.9130516778017737,-0.09335200560186732,-0.19223445930952296,-0.6905606441072304,-0.27928063253883567,-0.33213212822538024,-0.5998041775404763,-0.2040093074477469,-0.37656373512212316,5
-0.8096556751338929,0.8288511022134494,3.609751103650088,-0.3986836914865238,-0.4895152370825761,-0.6470573530235344,1.0952282595959517,-0.09335200560186732,-0.19223445930952296,-0.6905606441072304,-0.27928063253883567,-0.33213212822538024,-0.5998041775404763,-0.2040093074477469,-0.37656373512212316,7
-0.8096556751338929,-0.8579975145989774,-0.27702741028012307,-0.3986836914865238,-0.4895152370825761,-0.6470573530235344,-0.9130516778017737,-0.09335200560186732,-0.19223445930952296,1.448098741990747,-0.27928063253883567,-0.33213212822538024,1.6672107955308748,-0.2040093074477469,-0.37656373512212316,7
-0.8096556751338929,-0.8579975145989774,-0.27702741028012307,-0.3986836914865238,-0.4895152370825761,-0.6470573530235344,1.0952282595959517,-0.09335200560186732,-0.19223445930952296,-0.6905606441072304,-0.27928063253883567,-0.33213212822538024,-0.5998041775404763,-0.2040093074477469,-0.37656373512212316,8
0.8943014957160725,0.8288511022134494,-0.27702741028012307,-0.3986836914865238,-0.4895152370825761,1.4049121980031531,-0.9130516778017737,-0.09335200560186732,-0.19223445930952296,-0.6905606441072304,-0.27928063253883567,-0.33213212822538024,-0.5998041775404763,-0.2040093074477469,2.655592949426451,6
-0.8096556751338929,0.8288511022134494,-0.27702741028012307,-0.3986836914865238,-0.4895152370825761,1.4049121980031531,-0.9130516778017737,-0.09335200560186732,-0.19223445930952296,-0.6905606441072304,-0.27928063253883567,-0.33213212822538024,-0.5998041775404763,-0.2040093074477469,-0.37656373512212316,6
-0.8096556751338929,-0.8579975145989774,-0.27702741028012307,-0.3986836914865238,-0.4895152370825761,-0.6470573530235344,-0.9130516778017737,-0.09335200560186732,-0.19223445930952296,1.448098741990747,-0.27928063253883567,-0.33213212822538024,-0.5998041775404763,-0.2040093074477469,2.655592949426451,5
-0.8096556751338929,0.8288511022134494,-0.27702741028012307,-0.3986836914865238,-0.4895152370825761,-0.6470573530235344,1.0952282595959517,-0.09335200560186732,-0.19223445930952296,-0.6905606441072304,-0.27928063253883567,-0.33213212822538024,1.6672107955308748,-0.2040093074477469,-0.37656373512212316,4
0.8943014957160725,-0.8579975145989774,-0.27702741028012307,-0.3986836914865238,-0.4895152370825761,-0.6470573530235344,1.0952282595959517,-0.09335200560186732,-0.19223445930952296,-0.6905606441072304,-0.27928063253883567,-0.33213212822538024,1.6672107955308748,-0.2040093074477469,-0.37656373512212316,6
-0.8096556751338929,-0.8579975145989774,-0.27702741028012307,-0.3986836914865238,-0.4895152370825761,-0.6470573530235344,1.0952282595959517,-0.09335200560186732,-0.19223445930952296,-0.6905606441072304,-0.27928063253883567,-0.33213212822538024,1.6672107955308748,-0.2040093074477469,-0.37656373512212316,6
-0.8096556751338929,-0.8579975145989774,-0.27702741028012307,-0.3986836914865238,2.042837330171421,-0.6470573530235344,1.0952282595959517,-0.09335200560186732,-0.19223445930952296,-0.6905606441072304,-0.27928063253883567,-0.33213212822538024,-0.5998041775404763,-0.2040093074477469,-0.37656373512212316,6
0.8943014957160725,-0.8579975145989774,-0.27702741028012307,-0.3986836914865238,-0.4895152370825761,-0.6470573530235344,-0.9130516778017737,-0.09335200560186732,-0.19223445930952296,1.448098741990747,-0.27928063253883567,-0.33213212822538024,-0.5998041775404763,-0.2040093074477469,-0.37656373512212316,5
-0.8096556751338929,-0.8579975145989774,-0.27702741028012307,2.5082540905333266,2.042837330171421,-0.6470573530235344,-0.9130516778017737,-0.09335200560186732,-0.19223445930952296,-0.6905606441072304,-0.27928063253883567,-0.33213212822538024,-0.5998041775404763,-0.2040093074477469,-0.37656373512212316,6
-0.8096556751338929,0.8288511022134494,-0.27702741028012307,-0.3986836914865238,-0.4895152370825761,-0.6470573530235344,-0.9130516778017737,-0.09335200560186732,-0.19223445930952296,1.448098741990747,-0.27928063253883567,-0.33213212822538024,1.6672107955308748,-0.2040093074477469,-0.37656373512212316,5
-0.8096556751338929,0.8288511022134494,-0.27702741028012307,-0.3986836914865238,-0.4895152370825761,-0.6470573530235344,1.0952282595959517,-0.09335200560186732,-0.19223445930952296,-0.6905606441072304,-0.27928063253883567,-0.33213212822538024,-0.5998041775404763,-0.2040093074477469,-0.37656373512212316,4
0.8943014957160725,0.8288511022134494,-0.27702741028012307,-0.3986836914865238,-0.4895152370825761,-0.6470573530235344,1.0952282595959517,-0.09335200560186732,-0.19223445930952296,1.448098741990747,-0.27928063253883567,-0.33213212822538024,1.6672107955308748,-0.2040093074477469,-0.37656373512212316,4
0.8943014957160725,0.8288511022134494,-0.27702741028012307,-0.3986836914865238,-0.4895152370825761,-0.6470573530235344,-0.9130516778017737,-0.09335200560186732,-0.19223445930952296,1.448098741990747,3.5806278112068637,-0.33213212822538024,-0.5998041775404763,-0.2040093074477469,-0.37656373512212316,6
0.8943014957160725,0.8288511022134494,-0.27702741028012307,-0.3986836914865238,-0.4895152370825761,1.4049121980031531,-0.9130516778017737,-0.09335200560186732,-0.19223445930952296,1.448098741990747,-0.27928063253883567,-0.33213212822538024,-0.5998041775404763,-0.2040093074477469,-0.37656373512212316,4
-0.8096556751338929,0.8288511022134494,-0.27702741028012307,-0.3986836914865238,2.042837330171421,-0.6470573530235344,-0.9130516778017737,-0.09335200560186732,-0.19223445930952296,-0.6905606441072304,-0.27928063253883567,-0.33213212822538024,-0.5998041775404763,-0.2040093074477469,-0.37656373512212316,7
-0.8096556751338929,-0.8579975145989774,-0.27702741028012307,-0.3986836914865238,-0.4895152370825761,-0.6470573530235344,1.0952282595959517,-0.09335200560186732,-0.19223445930952296,-0.6905606441072304,3.5806278112068637,-0.33213212822538024,-0.5998041775404763,-0.2040093074477469,-0.37656373512212316,7
-0.8096556751338929,-0.8579975145989774,-0.27702741028012307,2.5082540905333266,2.042837330171421,-0.6470573530235344,1.0952282595959517,-0.09335200560186732,-0.19223445930952296,-0.6905606441072304,-0.27928063253883567,-0.33213212822538024,-0.5998041775404763,-0.2040093074477469,-0.37656373512212316,7
-0.8096556751338929,0.8288511022134494,-0.27702741028012307,-0.3986836914865238,-0.4895152370825761,-0.6470573530235344,-0.9130516778017737,-0.09335200560186732,-0.19223445930952296,1.448098741990747,-0.27928063253883567,3.0108499449996424,-0.5998041775404763,-0.2040093074477469,-0.37656373512212316,4
-0.8096556751338929,0.8288511022134494,-0.27702741028012307,-0.3986836914865238,-0.4895152370825761,-0.6470573530235344,-0.9130516778017737,-0.09335200560186732,-0.19223445930952296,1.448098741990747,-0.27928063253883567,-0.33213212822538024,1.6672107955308748,-0.2040093074477469,-0.37656373512212316,4
-0.8096556751338929,-0.8579975145989774,-0.27702741028012307,-0.3986836914865238,-0.4895152370825761,1.4049121980031531,1.0952282595959517,-0.09335200560186732,-0.19223445930952296,-0.6905606441072304,3.5806278112068637,-0.33213212822538024,-0.5998041775404763,-0.2040093074477469,-0.37656373512212316,8
0.8943014957160725,2.5156997190258763,-0.27702741028012307,-0.3986836914865238,2.042837330171421,-0.6470573530235344,-0.9130516778017737,-0.09335200560186732,-0.19223445930952296,1.448098741990747,-0.27928063253883567,-0.33213212822538024,-0.5998041775404763,-0.2040093074477469,-0.37656373512212316,6
-0.8096556751338929,-0.8579975145989774,3.609751103650088,-0.3986836914865238,-0.4895152370825761,-0.6470573530235344,-0.9130516778017737,-0.09335200560186732,-0.19223445930952296,-0.6905606441072304,3.5806278112068637,-0.33213212822538024,-0.5998041775404763,-0.2040093074477469,-0.37656373512212316,7
-0.8096556751338929,-0.8579975145989774,-0.27702741028012307,2.5082540905333266,2.042837330171421,-0.6470573530235344,1.0952282595959517,-0.09335200560186732,5.201980974648606,-0.6905606441072304,-0.27928063253883567,-0.33213212822538024,-0.5998041775404763,-0.2040093074477469,-0.37656373512212316,8
0.8943014957160725,2.5156997190258763,-0.27702741028012307,-0.3986836914865238,-0.4895152370825761,1.4049121980031531,-0.9130516778017737,-0.09335200560186732,-0.19223445930952296,-0.6905606441072304,-0.27928063253883567,-0.33213212822538024,1.6672107955308748,-0.2040093074477469,-0.37656373512212316,4
0.8943014957160725,-0.8579975145989774,-0.27702741028012307,2.5082540905333266,2.042837330171421,-0.6470573530235344,1.0952282595959517,-0.09335200560186732,-0.19223445930952296,-0.6905606441072304,-0.27928063253883567,-0.33213212822538024,-0.5998041775404763,-0.2040093074477469,-0.37656373512212316,7
-0.8096556751338929,0.8288511022134494,-0.27702741028012307,-0.3986836914865238,-0.4895152370825761,1.4049121980031531,-0.9130516778017737,-0.09335200560186732,-0.19223445930952296,1.448098741990747,3.5806278112068637,-0.33213212822538024,-0.5998041775404763,-0.2040093074477469,-0.37656373512212316,8
-0.8096556751338929,-0.8579975145989774,-0.27702741028012307,-0.3986836914865238,-0.4895152370825761,-0.6470573530235344,1.0952282595959517,-0.09335200560186732,-0.19223445930952296,-0.6905606441072304,-0.27928063253883567,-0.33213212822538024,-0.5998041775404763,-0.2040093074477469,-0.37656373512212316,6
0.8943014957160725,-0.8579975145989774,-0.27702741028012307,-0.3986836914865238,-0.4895152370825761,1.4049121980031531,-0.9130516778017737,-0.09335200560186732,-0.19223445930952296,-0.6905606441072304,-0.27928063253883567,-0.33213212822538024,-0.5998041775404763,-0.2040093074477469,-0.37656373512212316,5
0.8943014957160725,-0.8579975145989774,-0.27702741028012307,-0.3986836914865238,-0.4895152370825761,1.4049121980031531,1.0952282595959517,-0.09335200560186732,-0.19223445930952296,-0.6905606441072304,-0.27928063253883567,3.0108499449996424,1.6672107955308748,-0.2040093074477469,-0.37656373512212316,6
-0.8096556751338929,-0.8579975145989774,-0.27702741028012307,-0.3986836914865238,2.042837330171421,-0.6470573530235344,1.0952282595959517,-0.09335200560186732,-0.19223445930952296,-0.6905606441072304,-0.27928063253883567,-0.33213212822538024,-0.5998041775404763,-0.2040093074477469,-0.37656373512212316,8
0.8943014957160725,0.8288511022134494,-0.27702741028012307,-0.3986836914865238,-0.4895152370825761,1.4049121980031531,-0.9130516778017737,-0.09335200560186732,-0.19223445930952296,1.448098741990747,-0.27928063253883567,-0.33213212822538024,1.6672107955308748,-0.2040093074477469,-0.37656373512212316,3
-0.8096556751338929,0.8288511022134494,-0.27702741028012307,-0.3986836914865238,2.042837330171421,-0.6470573530235344,-0.9130516778017737,-0.09335200560186732,-0.19223445930952296,1.448098741990747,-0.27928063253883567,-0.33213212822538024,-0.5998041775404763,-0.2040093074477469,-0.37656373512212316,5
-0.8096556751338929,-0.8579975145989774,-0.27702741028012307,-0.3986836914865238,-0.4895152370825761,-0.6470573530235344,1.0952282595959517,-0.09335200560186732,-0.19223445930952296,-0.6905606441072304,-0.27928063253883567,-0.33213212822538024,-0.5998041775404763,-0.2040093074477469,-0.37656373512212316,6
-0.8096556751338929,0.8288511022134494,-0.27702741028012307,-0.3986836914865238,-0.4895152370825761,1.4049121980031531,-0.9130516778017737,-0.09335200560186732,-0.19223445930952296,1.448098741990747,3.5806278112068637,-0.33213212822538024,-0.5998041775404763,-0.2040093074477469,-0.37656373512212316,6
0.8943014957160725,2.5156997190258763,-0.27702741028012307,-0.3986836914865238,-0.4895152370825761,-0.6470573530235344,-0.9130516778017737,-0.09335200560186732,-0.19223445930952296,1.448098741990747,-0.27928063253883567,-0.33213212822538024,-0.5998041775404763,-0.2040093074477469,-0.37656373512212316,4
-0.8096556751338929,-0.8579975145989774,3.609751103650088,-0.3986836914865238,-0.4895152370825761,-0.6470573530235344,1.0952282595959517,-0.09335200560186732,-0.19223445930952296,-0.6905606441072304,-0.27928063253883567,-0.33213212822538024,1.6672107955308748,-0.2040093074477469,-0.37656373512212316,4
-0.8096556751338929,-0.8579975145989774,-0.27702741028012307,-0.3986836914865238,2.042837330171421,-0.6470573530235344,1.0952282595959517,-0.09335200560186732,5.201980974648606,-0.6905606441072304,-0.27928063253883567,-0.33213212822538024,-0.5998041775404763,-0.2040093074477469,-0.37656373512212316,8
0.8943014957160725,0.8288511022134494,-0.27702741028012307,-0.3986836914865238,-0.4895152370825761,-0.6470573530235344,-0.9130516778017737,-0.09335200560186732,-0.19223445930952296,-0.6905606441072304,-0.27928063253883567,-0.33213212822538024,-0.5998041775404763,-0.2040093074477469,-0.37656373512212316,5
-0.8096556751338929,-0.8579975145989774,-0.27702741028012307,-0.3986836914865238,-0.4895152370825761,1.4049121980031531,1.0952282595959517,-0.09335200560186732,-0.19223445930952296,-0.6905606441072304,-0.27928063253883567,-0.33213212822538024,-0.5998041775404763,-0.2040093074477469,-0.37656373512212316,8
-0.8096556751338929,0.8288511022134494,-0.27702741028012307,-0.3986836914865238,-0.4895152370825761,-0.6470573530235344,-0.9130516778017737,-0.09335200560186732,-0.19223445930952296,1.448098741990747,-0.27928063253883567,-0.33213212822538024,-0.5998041775404763,-0.2040093074477469,-0.37656373512212316,7
0.8943014957160725,-0.8579975145989774,-0.27702741028012307,-0.3986836914865238,2.042837330171421,-0.6470573530235344,1.0952282595959517,-0.09335200560186732,-0.19223445930952296,-0.6905606441072304,-0.27928063253883567,-0.33213212822538024,-0.5998041775404763,-0.2040093074477469,-0.37656373512212316,7
-0.8096556751338929,0.8288511022134494,-0.27702741028012307,-0.3986836914865238,2.042837330171421,1.4049121980031531,1.0952282595959517,-0.09335200560186732,-0.19223445930952296,-0.6905606441072304,-0.27928063253883567,-0.33213212822538024,-0.5998041775404763,-0.2040093074477469,-0.37656373512212316,5
0.8943014957160725,-0.8579975145989774,-0.27702741028012307,2.5082540905333266,-0.4895152370825761,-0.6470573530235344,1.0952282595959517,-0.09335200560186732,-0.19223445930952296,-0.6905606441072304,-0.27928063253883567,-0.33213212822538024,-0.5998041775404763,-0.2040093074477469,-0.37656373512212316,5
-0.8096556751338929,-0.8579975145989774,-0.27702741028012307,2.5082540905333266,2.042837330171421,-0.6470573530235344,1.0952282595959517,-0.09335200560186732,5.201980974648606,-0.6905606441072304,-0.27928063253883567,-0.33213212822538024,-0.5998041775404763,-0.2040093074477469,-0.37656373512212316,8
-0.8096556751338929,-0.8579975145989774,-0.27702741028012307,2.5082540905333266,-0.4895152370825761,-0.6470573530235344,1.0952282595959517,-0.09335200560186732,-0.19223445930952296,1.448098741990747,-0.27928063253883567,-0.33213212822538024,-0.5998041775404763,-0.2040093074477469,-0.37656373512212316,8
-0.8096556751338929,2.5156997190258763,-0.27702741028012307,-0.3986836914865238,-0.4895152370825761,-0.6470573530235344,-0.9130516778017737,-0.09335200560186732,-0.19223445930952296,1.448098741990747,-0.27928063253883567,-0.33213212822538024,-0.5998041775404763,-0.2040093074477469,-0.37656373512212316,4
-0.8096556751338929,0.8288511022134494,-0.27702741028012307,-0.3986836914865238,-0.4895152370825761,-0.6470573530235344,-0.9130516778017737,-0.09335200560186732,-0.19223445930952296,1.448098741990747,-0.27928063253883567,-0.33213212822538024,-0.5998041775404763,-0.2040093074477469,-0.37656373512212316,7
0.8943014957160725,-0.8579975145989774,3.609751103650088,-0.3986836914865238,-0.4895152370825761,1.4049121980031531,-0.9130516778017737,-0.09335200560186732,-0.19223445930952296,-0.6905606441072304,-0.27928063253883567,-0.33213212822538024,-0.5998041775404763,-0.2040093074477469,-0.37656373512212316,5
0.8943014957160725,0.8288511022134494,-0.27702741028012307,-0.3986836914865238,-0.4895152370825761,1.4049121980031531,-0.9130516778017737,-0.09335200560186732,-0.19223445930952296,-0.6905606441072304,-0.27928063253883567,-0.33213212822538024,-0.5998041775404763,-0.2040093074477469,2.655592949426451,6
-0.8096556751338929,-0.8579975145989774,-0.27702741028012307,-0.3986836914865238,-0.4895152370825761,-0.6470573530235344,-0.9130516778017737,-0.09335200560186732,-0.19223445930952296,-0.6905606441072304,-0.27928063253883567,3.0108499449996424,1.6672107955308748,-0.2040093074477469,-0.37656373512212316,5
-0.8096556751338929,-0.8579975145989774,-0.27702741028012307,-0.3986836914865238,-0.4895152370825761,-0.6470573530235344,1.0952282595959517,-0.09335200560186732,-0.19223445930952296,-0.6905606441072304,-0.27928063253883567,-0.33213212822538024,1.6672107955308748,-0.2040093074477469,-0.37656373512212316,7
-0.8096556751338929,-0.8579975145989774,-0.27702741028012307,2.5082540905333266,2.042837330171421,-0.6470573530235344,1.0952282595959517,-0.09335200560186732,-0.19223445930952296,-0.6905606441072304,-0.27928063253883567,-0.33213212822538024,-0.5998041775404763,-0.2040093074477469,-0.37656373512212316,6
-0.8096556751338929,0.8288511022134494,-0.27702741028012307,-0.3986836914865238,-0.4895152370825761,1.4049121980031531,-0.9130516778017737,-0.09335200560186732,-0.19223445930952296,1.448098741990747,-0.27928063253883567,-0.33213212822538024,-0.5998041775404763,4.901737143812081,-0.37656373512212316,4
-0.8096556751338929,0.8288511022134494,-0.27702741028012307,-0.3986836914865238,-0.4895152370825761,1.4049121980031531,1.0952282595959517,-0.09335200560186732,-0.19223445930952296,1.448098741990747,-0.27928063253883567,-0.33213212822538024,-0.5998041775404763,-0.2040093074477469,-0.37656373512212316,5
0.8943014957160725,0.8288511022134494,-0.27702741028012307,-0.3986836914865238,-0.4895152370825761,-0.6470573530235344,-0.9130516778017737,-0.09335200560186732,-0.19223445930952296,1.448098741990747,-0.27928063253883567,3.0108499449996424,-0.5998041775404763,-0.2040093074477469,-0.37656373512212316,3
-0.8096556751338929,0.8288511022134494,-0.27702741028012307,2.5082540905333266,-0.4895152370825761,-0.6470573530235344,1.0952282595959517,-0.09335200560186732,-0.19223445930952296,-0.6905606441072304,-0.27928063253883567,-0.33213212822538024,-0.5998041775404763,-0.2040093074477469,-0.37656373512212316,7
-0.8096556751338929,0.8288511022134494,-0.27702741028012307,-0.3986836914865238,-0.4895152370825761,1.4049121980031531,-0.9130516778017737,-0.09335200560186732,-0.19223445930952296,-0.6905606441072304,-0.27928063253883567,-0.33213212822538024,-0.5998041775404763,4.901737143812081,-0.37656373512212316,6
0.8943014957160725,-0.8579975145989774,-0.27702741028012307,-0.3986836914865238,-0.4895152370825761,-0.6470573530235344,1.0952282595959517,-0.09335200560186732,-0.19223445930952296,-0.6905606441072304,-0.27928063253883567,-0.33213212822538024,-0.5998041775404763,-0.2040093074477469,-0.37656373512212316,6
0.8943014957160725,0.8288511022134494,-0.27702741028012307,-0.3986836914865238,-0.4895152370825761,1.4049121980031531,-0.9130516778017737,-0.09335200560186732,-0.19223445930952296,1.448098741990747,-0.27928063253883567,-0.33213212822538024,-0.5998041775404763,-0.2040093074477469,-0.37656373512212316,4
-0.8096556751338929,-0.8579975145989774,-0.27702741028012307,-0.3986836914865238,-0.4895152370825761,-0.6470573530235344,-0.9130516778017737,-0.09335200560186732,-0.19223445930952296,1.448098741990747,-0.27928063253883567,-0.33213212822538024,-0.5998041775404763,-0.2040093074477469,2.655592949426451,8
-0.8096556751338929,-0.8579975145989774,-0.27702741028012307,-0.3986836914865238,2.042837330171421,-0.6470573530235344,-0.9130516778017737,-0.09335200560186732,-0.19223445930952296,-0.6905606441072304,-0.27928063253883567,-0.33213212822538024,-0.5998041775404763,-0.2040093074477469,-0.37656373512212316,7
-0.8096556751338929,-0.8579975145989774,-0.27702741028012307,-0.3986836914865238,-0.4895152370825761,-0.6470573530235344,-0.9130516778017737,-0.09335200560186732,-0.19223445930952296,1.448098741990747,-0.27928063253883567,-0.33213212822538024,1.6672107955308748,-0.2040093074477469,-0.37656373512212316,6
-0.8096556751338929,-0.8579975145989774,3.609751103650088,-0.3986836914865238,2.042837330171421,-0.6470573530235344,-0.9130516778017737,-0.09335200560186732,-0.19223445930952296,-0.6905606441072304,-0.27928063253883567,-0.33213212822538024,-0.5998041775404763,-0.2040093074477469,-0.37656373512212316,9
0.8943014957160725,-0.8579975145989774,-0.27702741028012307,-0.3986836914865238,-0.4895152370825761,1.4049121980031531,-0.9130516778017737,-0.09335200560186732,-0.19223445930952296,1.448098741990747,-0.27928063253883567,-0.33213212822538024,-0.5998041775404763,-0.2040093074477469,-0.37656373512212316,6
-0.8096556751338929,-0.8579975145989774,-0.27702741028012307,-0.3986836914865238,2.042837330171421,-0.6470573530235344,-0.9130516778017737,-0.09335200560186732,-0.19223445930952296,-0.6905606441072304,-0.27928063253883567,-0.33213212822538024,-0.5998041775404763,-0.2040093074477469,-0.37656373512212316,7
-0.8096556751338929,-0.8579975145989774,-0.27702741028012307,-0.3986836914865238,2.042837330171421,1.4049121980031531,1.0952282595959517,-0.09335200560186732,-0.19223445930952296,-0.6905606441072304,-0.27928063253883567,-0.33213212822538024,-0.5998041775404763,-0.2040093074477469,-0.37656373512212316,7
0.8943014957160725,0.8288511022134494,-0.27702741028012307,-0.3986836914865238,-0.4895152370825761,1.4049121980031531,-0.9130516778017737,-0.09335200560186732,-0.19223445930952296,1.448098741990747,-0.27928063253883567,-0.33213212822538024,1.6672107955308748,-0.2040093074477469,-0.37656373512212316,4
-0.8096556751338929,-0.8579975145989774,-0.27702741028012307,-0.3986836914865238,2.042837330171421,-0.6470573530235344,1.0952282595959517,-0.09335200560186732,-0.19223445930952296,-0.6905606441072304,-0.27928063253883567,-0.33213212822538024,1.6672107955308748,-0.2040093074477469,-0.37656373512212316,5
-0.8096556751338929,-0.8579975145989774,-0.27702741028012307,2.5082540905333266,2.042837330171421,-0.6470573530235344,1.0952282595959517,-0.09335200560186732,-0.19223445930952296,-0.6905606441072304,-0.27928063253883567,-0.33213212822538024,-0.5998041775404763,-0.2040093074477469,-0.37656373512212316,6
-0.8096556751338929,0.8288511022134494,-0.27702741028012307,-0.3986836914865238,-0.4895152370825761,1.4049121980031531,-0.9130516778017737,-0.09335200560186732,-0.19223445930952296,1.448098741990747,-0.27928063253883567,-0.33213212822538024,1.6672107955308748,-0.2040093074477469,-0.37656373512212316,6
-0.8096556751338929,-0.8579975145989774,-0.27702741028012307,2.5082540905333266,-0.4895152370825761,-0.6470573530235344,1.0952282595959517,-0.09335200560186732,-0.19223445930952296,-0.6905606441072304,-0.27928063253883567,-0.33213212822538024,-0.5998041775404763,-0.2040093074477469,-0.37656373512212316,6
0.8943014957160725,-0.8579975145989774,-0.27702741028012307,-0.3986836914865238,-0.4895152370825761,-0.6470573530235344,1.0952282595959517,-0.09335200560186732,-0.19223445930952296,1.448098741990747,-0.27928063253883567,-0.33213212822538024,-0.5998041775404763,-0.2040093074477469,-0.37656373512212316,4
0.8943014957160725,0.8288511022134494,-0.27702741028012307,-0.3986836914865238,2.042837330171421,-0.6470573530235344,1.0952282595959517,-0.09335200560186732,-0.19223445930952296,-0.6905606441072304,-0.27928063253883567,-0.33213212822538024,-0.5998041775404763,-0.2040093074477469,-0.37656373512212316,7
0.8943014957160725,0.8288511022134494,-0.27702741028012307,-0.3986836914865238,-0.4895152370825761,-0.6470573530235344,-0.9130516778017737,-0.09335200560186732,-0.19223445930952296,1.448098741990747,-0.27928063253883567,-0.33213212822538024,-0.5998041775404763,-0.2040093074477469,2.655592949426451,3
2.598258666566038,-0.8579975145989774,-0.27702741028012307,-0.3986836914865238,-0.4895152370825761,1.4049121980031531,-0.9130516778017737,-0.09335200560186732,-0.19223445930952296,-0.6905606441072304,-0.27928063253883567,-0.33213212822538024,1.6672107955308748,-0.2040093074477469,-0.37656373512212316,2
-0.8096556751338929,-0.8579975145989774,-0.27702741028012307,2.5082540905333266,-0.4895152370825761,-0.6470573530235344,1.0952282595959517,-0.09335200560186732,-0.19223445930952296,-0.6905606441072304,-0.27928063253883567,-0.33213212822538024,-0.5998041775404763,-0.2040093074477469,2.655592949426451,7
-0.8096556751338929,-0.8579975145989774,-0.27702741028012307,-0.3986836914865238,-0.4895152370825761,-0.6470573530235344,1.0952282595959517,-0.09335200560186732,-0.19223445930952296,-0.6905606441072304,-0.27928063253883567,-0.33213212822538024,1.6672107955308748,-0.2040093074477469,-0.37656373512212316,6
0.8943014957160725,-0.8579975145989774,-0.27702741028012307,2.5082540905333266,-0.4895152370825761,1.4049121980031531,1.0952282595959517,-0.09335200560186732,-0.19223445930952296,-0.6905606441072304,-0.27928063253883567,-0.33213212822538024,-0.5998041775404763,-0.2040093074477469,-0.37656373512212316,5
0.8943014957160725,0.8288511022134494,-0.27702741028012307,-0.3986836914865238,-0.4895152370825761,-0.6470573530235344,-0.9130516778017737,-0.09335200560186732,-0.19223445930952296,-0.6905606441072304,-0.27928063253883567,-0.33213212822538024,-0.5998041775404763,-0.2040093074477469,-0.37656373512212316,5
0.8943014957160725,0.8288511022134494,-0.27702741028012307,-0.3986836914865238,-0.4895152370825761,1.4049121980031531,-0.9130516778017737,-0.09335200560186732,-0.19223445930952296,1.448098741990747,-0.27928063253883567,-0.33213212822538024,1.6672107955308748,-0.2040093074477469,-0.37656373512212316,5
-0.8096556751338929,-0.8579975145989774,-0.27702741028012307,-0.3986836914865238,-0.4895152370825761,-0.6470573530235344,-0.9130516778017737,-0.09335200560186732,-0.19223445930952296,1.448098741990747,-0.27928063253883567,-0.33213212822538024,1.6672107955308748,-0.2040093074477469,-0.37656373512212316,5
-0.8096556751338929,0.8288511022134494,-0.27702741028012307,-0.3986836914865238,2.042837330171421,-0.6470573530235344,1.0952282595959517,-0.09335200560186732,-0.19223445930952296,-0.6905606441072304,-0.27928063253883567,-0.33213212822538024,1.6672107955308748,-0.2040093074477469,-0.37656373512212316,6
-0.8096556751338929,-0.8579975145989774,-0.27702741028012307,-0.3986836914865238,-0.4895152370825761,-0.6470573530235344,1.0952282595959517,-0.09335200560186732,-0.19223445930952296,-0.6905606441072304,-0.27928063253883567,-0.33213212822538024,-0.5998041775404763,-0.2040093074477469,-0.37656373512212316,8
0.8943014957160725,-0.8579975145989774,-0.27702741028012307,-0.3986836914865238,2.042837330171421,-0.6470573530235344,-0.9130516778017737,-0.09335200560186732,-0.19223445930952296,-0.6905606441072304,-0.27928063253883567,-0.33213212822538024,-0.5998041775404763,-0.2040093074477469,-0.37656373512212316,7
-0.8096556751338929,-0.8579975145989774,-0.27702741028012307,-0.3986836914865238,-0.4895152370825761,-0.6470573530235344,1.0952282595959517,-0.09335200560186732,-0.19223445930952296,-0.6905606441072304,-0.27928063253883567,-0.33213212822538024,1.6672107955308748,-0.2040093074477469,2.655592949426451,7
-0.8096556751338929,0.8288511022134494,-0.27702741028012307,2.5082540905333266,2.042837330171421,-0.6470573530235344,1.0952282595959517,-0.09335200560186732,-0.19223445930952296,-0.6905606441072304,-0.27928063253883567,-0.33213212822538024,-0.5998041775404763,-0.2040093074477469,-0.37656373512212316,8
-0.8096556751338929,-0.8579975145989774,3.609751103650088,-0.3986836914865238,2.042837330171421,-0.6470573530235344,1.0952282595959517,-0.09335200560186732,-0.19223445930952296,-0.6905606441072304,-0.27928063253883567,-0.33213212822538024,-0.5998041775404763,-0.2040093074477469,-0.37656373512212316,8
-0.8096556751338929,-0.8579975145989774,-0.27702741028012307,-0.3986836914865238,-0.4895152370825761,-0.6470573530235344,-0.9130516778017737,-0.09335200560186732,-0.19223445930952296,-0.6905606441072304,-0.27928063253883567,-0.33213212822538024,-0.5998041775404763,4.901737143812081,-0.37656373512212316,4
-0.8096556751338929,-0.8579975145989774,-0.27702741028012307,2.5082540905333266,-0.4895152370825761,-0.6470573530235344,1.0952282595959517,-0.09335200560186732,-0.19223445930952296,-0.6905606441072304,-0.27928063253883567,-0.33213212822538024,-0.5998041775404763,-0.2040093074477469,-0.37656373512212316,8
2.598258666566038,2.5156997190258763,-0.27702741028012307,-0.3986836914865238,-0.4895152370825761,-0.6470573530235344,-0.9130516778017737,-0.09335200560186732,-0.19223445930952296,1.448098741990747,-0.27928063253883567,-0.33213212822538024,-0.5998041775404763,-0.2040093074477469,-0.37656373512212316,3
0.8943014957160725,-0.8579975145989774,-0.27702741028012307,-0.3986836914865238,-0.4895152370825761,1.4049121980031531,-0.9130516778017737,-0.09335200560186732,-0.19223445930952296,-0.6905606441072304,-0.27928063253883567,-0.33213212822538024,-0.5998041775404763,-0.2040093074477469,2.655592949426451,5
-0.8096556751338929,0.8288511022134494,-0.27702741028012307,-0.3986836914865238,-0.4895152370825761,-0.6470573530235344,1.0952282595959517,-0.09335200560186732,-0.19223445930952296,1.448098741990747,-0.27928063253883567,-0.33213212822538024,-0.5998041775404763,-0.2040093074477469,-0.37656373512212316,5
-0.8096556751338929,-0.8579975145989774,-0.27702741028012307,-0.3986836914865238,2.042837330171421,-0.6470573530235344,1.0952282595959517,-0.09335200560186732,-0.19223445930952296,-0.6905606441072304,-0.27928063253883567,-0.33213212822538024,-0.5998041775404763,-0.2040093074477469,-0.37656373512212316,6
0.8943014957160725,-0.8579975145989774,-0.27702741028012307,-0.3986836914865238,-0.4895152370825761,1.4049121980031531,-0.9130516778017737,-0.09335200560186732,-0.19223445930952296,-0.6905606441072304,-0.27928063253883567,-0.33213212822538024,-0.5998041775404763,-0.2040093074477469,2.655592949426451,6
-0.8096556751338929,-0.8579975145989774,-0.27702741028012307,-0.3986836914865238,-0.4895152370825761,-0.6470573530235344,1.0952282595959517,-0.09335200560186732,-0.19223445930952296,-0.6905606441072304,-0.27928063253883567,-0.33213212822538024,-0.5998041775404763,-0.2040093074477469,-0.37656373512212316,8
-0.8096556751338929,0.8288511022134494,-0.27702741028012307,-0.3986836914865238,-0.4895152370825761,-0.6470573530235344,1.0952282595959517,-0.09335200560186732,-0.19223445930952296,-0.6905606441072304,-0.27928063253883567,-0.33213212822538024,-0.5998041775404763,-0.2040093074477469,-0.37656373512212316,8
0.8943014957160725,0.8288511022134494,-0.27702741028012307,-0.3986836914865238,-0.4895152370825761,-0.6470573530235344,-0.9130516778017737,-0.09335200560186732,-0.19223445930952296,1.448098741990747,-0.27928063253883567,-0.33213212822538024,-0.5998041775404763,-0.2040093074477469,2.655592949426451,3
-0.8096556751338929,0.8288511022134494,-0.27702741028012307,-0.3986836914865238,-0.4895152370825761,-0.6470573530235344,-0.9130516778017737,-0.09335200560186732,-0.19223445930952296,1.448098741990747,3.5806278112068637,-0.33213212822538024,-0.5998041775404763,-0.2040093074477469,2.655592949426451,6
-0.8096556751338929,-0.8579975145989774,3.609751103650088,-0.3986836914865238,-0.4895152370825761,-0.6470573530235344,-0.9130516778017737,-0.09335200560186732,-0.19223445930952296,-0.6905606441072304,-0.27928063253883567,-0.33213212822538024,-0.5998041775404763,-0.2040093074477469,2.655592949426451,7
0.8943014957160725,-0.8579975145989774,-0.27702741028012307,-0.3986836914865238,-0.4895152370825761,-0.6470573530235344,-0.9130516778017737,-0.09335200560186732,-0.19223445930952296,-0.6905606441072304,-0.27928063253883567,-0.33213212822538024,-0.5998041775404763,-0.2040093074477469,2.655592949426451,7
-0.8096556751338929,-0.8579975145989774,-0.27702741028012307,-0.3986836914865238,-0.4895152370825761,-0.6470573530235344,1.0952282595959517,-0.09335200560186732,-0.19223445930952296,-0.6905606441072304,-0.27928063253883567,-0.33213212822538024,1.6672107955308748,-0.2040093074477469,-0.37656373512212316,7
-0.8096556751338929,-0.8579975145989774,-0.27702741028012307,-0.3986836914865238,-0.4895152370825761,1.4049121980031531,1.0952282595959517,-0.09335200560186732,-0.19223445930952296,-0.6905606441072304,-0.27928063253883567,3.0108499449996424,1.6672107955308748,-0.2040093074477469,-0.37656373512212316,8
-0.8096556751338929,-0.8579975145989774,-0.27702741028012307,2.5082540905333266,-0.4895152370825761,-0.6470573530235344,1.0952282595959517,-0.09335200560186732,-0.19223445930952296,-0.6905606441072304,3.5806278112068637,-0.33213212822538024,-0.5998041775404763,-0.2040093074477469,-0.37656373512212316,8
-0.8096556751338929,-0.8579975145989774,3.609751103650088,2.5082540905333266,-0.4895152370825761,-0.6470573530235344,1.0952282595959517,-0.09335200560186732,-0.19223445930952296,-0.6905606441072304,-0.27928063253883567,-0.33213212822538024,-0.5998041775404763,-0.2040093074477469,-0.37656373512212316,8
0.8943014957160725,-0.8579975145989774,-0.27702741028012307,-0.3986836914865238,-0.4895152370825761,-0.6470573530235344,1.0952282595959517,-0.09335200560186732,-0.19223445930952296,-0.6905606441072304,-0.27928063253883567,3.0108499449996424,1.6672107955308748,-0.2040093074477469,-0.37656373512212316,6
-0.8096556751338929,-0.8579975145989774,-0.27702741028012307,2.5082540905333266,-0.4895152370825761,-0.6470573530235344,1.0952282595959517,-0.09335200560186732,-0.19223445930952296,-0.6905606441072304,-0.27928063253883567,-0.33213212822538024,-0.5998041775404763,-0.2040093074477469,-0.37656373512212316,8
-0.8096556751338929,-0.8579975145989774,-0.27702741028012307,2.5082540905333266,-0.4895152370825761,1.4049121980031531,1.0952282595959517,-0.09335200560186732,-0.19223445930952296,-0.6905606441072304,-0.27928063253883567,-0.33213212822538024,-0.5998041775404763,-0.2040093074477469,-0.37656373512212316,7
-0.8096556751338929,-0.8579975145989774,-0.27702741028012307,-0.3986836914865238,-0.4895152370825761,-0.6470573530235344,1.0952282595959517,-0.09335200560186732,-0.19223445930952296,1.448098741990747,-0.27928063253883567,-0.33213212822538024,-0.5998041775404763,-0.2040093074477469,2.655592949426451,8
-0.8096556751338929,0.8288511022134494,-0.27702741028012307,-0.3986836914865238,-0.4895152370825761,-0.6470573530235344,-0.9130516778017737,-0.09335200560186732,-0.19223445930952296,-0.6905606441072304,-0.27928063253883567,-0.33213212822538024,1.6672107955308748,-0.2040093074477469,-0.37656373512212316,7
0.8943014957160725,0.8288511022134494,-0.27702741028012307,-0.3986836914865238,-0.4895152370825761,1.4049121980031531,-0.9130516778017737,-0.09335200560186732,-0.19223445930952296,1.448098741990747,3.5806278112068637,-0.33213212822538024,-0.5998041775404763,-0.2040093074477469,-0.37656373512212316,7
0.8943014957160725,0.8288511022134494,-0.27702741028012307,-0.3986836914865238,-0.4895152370825761,-0.6470573530235344,1.0952282595959517,-0.09335200560186732,-0.19223445930952296,-0.6905606441072304,-0.27928063253883567,-0.33213212822538024,-0.5998041775404763,-0.2040093074477469,-0.37656373512212316,6
-0.8096556751338929,-0.8579975145989774,-0.27702741028012307,2.5082540905333266,-0.4895152370825761,1.4049121980031531,-0.9130516778017737,-0.09335200560186732,-0.19223445930952296,-0.6905606441072304,-0.27928063253883567,-0.33213212822538024,1.6672107955308748,-0.2040093074477469,-0.37656373512212316,6
0.8943014957160725,0.8288511022134494,-0.27702741028012307,-0.3986836914865238,-0.4895152370825761,1.4049121980031531,-0.9130516778017737,-0.09335200560186732,-0.19223445930952296,-0.6905606441072304,-0.27928063253883567,-0.33213212822538024,-0.5998041775404763,-0.2040093074477469,-0.37656373512212316,4
0.8943014957160725,0.8288511022134494,-0.27702741028012307,-0.3986836914865238,-0.4895152370825761,-0.6470573530235344,1.0952282595959517,-0.09335200560186732,-0.19223445930952296,-0.6905606441072304,-0.27928063253883567,3.0108499449996424,1.6672107955308748,-0.2040093074477469,-0.37656373512212316,4
-0.8096556751338929,-0.8579975145989774,-0.27702741028012307,-0.3986836914865238,-0.4895152370825761,1.4049121980031531,-0.9130516778017737,-0.09335200560186732,-0.19223445930952296,-0.6905606441072304,3.5806278112068637,-0.33213212822538024,-0.5998041775404763,-0.2040093074477469,-0.37656373512212316,7
0.8943014957160725,0.8288511022134494,-0.27702741028012307,-0.3986836914865238,-0.4895152370825761,-0.6470573530235344,1.0952282595959517,-0.09335200560186732,-0.19223445930952296,-0.6905606441072304,-0.27928063253883567,-0.33213212822538024,-0.5998041775404763,-0.2040093074477469,-0.37656373512212316,4
-0.8096556751338929,-0.8579975145989774,-0.27702741028012307,-0.3986836914865238,-0.4895152370825761,-0.6470573530235344,-0.9130516778017737,-0.09335200560186732,-0.19223445930952296,1.448098741990747,-0.27928063253883567,-0.33213212822538024,1.6672107955308748,-0.2040093074477469,-0.37656373512212316,5
0.8943014957160725,0.8288511022134494,-0.27702741028012307,-0.3986836914865238,-0.4895152370825761,-0.6470573530235344,1.0952282595959517,-0.09335200560186732,-0.19223445930952296,1.448098741990747,-0.27928063253883567,3.0108499449996424,1.6672107955308748,-0.2040093074477469,-0.37656373512212316,4
-0.8096556751338929,0.8288511022134494,-0.27702741028012307,-0.3986836914865238,-0.4895152370825761,-0.6470573530235344,1.0952282595959517,-0.09335200560186732,-0.19223445930952296,1.448098741990747,-0.27928063253883567,-0.33213212822538024,1.6672107955308748,-0.2040093074477469,-0.37656373512212316,4
-0.8096556751338929,-0.8579975145989774,-0.27702741028012307,-0.3986836914865238,-0.4895152370825761,1.4049121980031531,-0.9130516778017737,-0.09335200560186732,-0.19223445930952296,-0.6905606441072304,3.5806278112068637,-0.33213212822538024,-0.5998041775404763,-0.2040093074477469,2.655592949426451,8
0.8943014957160725,-0.8579975145989774,-0.27702741028012307,-0.3986836914865238,-0.4895152370825761,1.4049121980031531,1.0952282595959517,-0.09335200560186732,-0.19223445930952296,-0.6905606441072304,-0.27928063253883567,-0.33213212822538024,-0.5998041775404763,-0.2040093074477469,-0.37656373512212316,5
2.598258666566038,-0.8579975145989774,-0.27702741028012307,-0.3986836914865238,-0.4895152370825761,-0.6470573530235344,1.0952282595959517,-0.09335200560186732,-0.19223445930952296,-0.6905606441072304,-0.27928063253883567,-0.33213212822538024,1.6672107955308748,-0.2040093074477469,-0.37656373512212316,5
0.8943014957160725,0.8288511022134494,-0.27702741028012307,-0.3986836914865238,2.042837330171421,1.4049121980031531,1.0952282595959517,-0.09335200560186732,-0.19223445930952296,-0.6905606441072304,-0.27928063253883567,-0.33213212822538024,-0.5998041775404763,-0.2040093074477469,-0.37656373512212316,5
0.8943014957160725,0.8288511022134494,-0.27702741028012307,-0.3986836914865238,-0.4895152370825761,-0.6470573530235344,-0.9130516778017737,-0.09335200560186732,-0.19223445930952296,1.448098741990747,-0.27928063253883567,-0.33213212822538024,1.6672107955308748,4.901737143812081,-0.37656373512212316,3
-0.8096556751338929,0.8288511022134494,3.609751103650088,-0.3986836914865238,2.042837330171421,-0.6470573530235344,1.0952282595959517,-0.09335200560186732,-0.19223445930952296,-0.6905606441072304,-0.27928063253883567,-0.33213212822538024,-0.5998041775404763,-0.2040093074477469,-0.37656373512212316,7
-0.8096556751338929,0.8288511022134494,-0.27702741028012307,-0.3986836914865238,-0.4895152370825761,-0.6470573530235344,-0.9130516778017737,-0.09335200560186732,-0.19223445930952296,1.448098741990747,-0.27928063253883567,-0.33213212822538024,-0.5998041775404763,-0.2040093074477469,-0.37656373512212316,5
-0.8096556751338929,-0.8579975145989774,-0.27702741028012307,-0.3986836914865238,2.042837330171421,-0.6470573530235344,1.0952282595959517,-0.09335200560186732,-0.19223445930952296,-0.6905606441072304,-0.27928063253883567,-0.33213212822538024,-0.5998041775404763,-0.2040093074477469,-0.37656373512212316,5
-0.8096556751338929,0.8288511022134494,-0.27702741028012307,-0.3986836914865238,-0.4895152370825761,1.4049121980031531,1.0952282595959517,-0.09335200560186732,-0.19223445930952296,-0.6905606441072304,-0.27928063253883567,3.0108499449996424,1.6672107955308748,-0.2040093074477469,-0.37656373512212316,6
-0.8096556751338929,0.8288511022134494,-0.27702741028012307,-0.3986836914865238,-0.4895152370825761,-0.6470573530235344,-0.9130516778017737,-0.09335200560186732,-0.19223445930952296,1.448098741990747,-0.27928063253883567,-0.33213212822538024,-0.5998041775404763,-0.2040093074477469,-0.37656373512212316,5
-0.8096556751338929,-0.8579975145989774,3.609751103650088,2.5082540905333266,2.042837330171421,-0.6470573530235344,1.0952282595959517,-0.09335200560186732,-0.19223445930952296,-0.6905606441072304,-0.27928063253883567,-0.33213212822538024,-0.5998041775404763,-0.2040093074477469,-0.37656373512212316,8
0.8943014957160725,0.8288511022134494,-0.27702741028012307,-0.3986836914865238,-0.4895152370825761,1.4049121980031531,-0.9130516778017737,-0.09335200560186732,-0.19223445930952296,1.448098741990747,3.5806278112068637,-0.33213212822538024,-0.5998041775404763,-0.2040093074477469,-0.37656373512212316,7
0.8943014957160725,0.8288511022134494,-0.27702741028012307,-0.3986836914865238,-0.4895152370825761,1.4049121980031531,-0.9130516778017737,-0.09335200560186732,-0.19223445930952296,1.448098741990747,-0.27928063253883567,3.0108499449996424,-0.5998041775404763,-0.2040093074477469,-0.37656373512212316,3
-0.8096556751338929,-0.8579975145989774,3.609751103650088,-0.3986836914865238,2.042837330171421,-0.6470573530235344,1.0952282595959517,-0.09335200560186732,-0.19223445930952296,-0.6905606441072304,-0.27928063253883567,-0.33213212822538024,-0.5998041775404763,-0.2040093074477469,-0.37656373512212316,7
0.8943014957160725,-0.8579975145989774,-0.27702741028012307,-0.3986836914865238,2.042837330171421,-0.6470573530235344,1.0952282595959517,-0.09335200560186732,-0.19223445930952296,-0.6905606441072304,-0.27928063253883567,-0.33213212822538024,-0.5998041775404763,-0.2040093074477469,-0.37656373512212316,7
-0.8096556751338929,0.8288511022134494,-0.27702741028012307,-0.3986836914865238,2.042837330171421,-0.6470573530235344,1.0952282595959517,-0.09335200560186732,-0.19223445930952296,-0.6905606441072304,-0.27928063253883567,-0.33213212822538024,1.6672107955308748,-0.2040093074477469,-0.37656373512212316,6
-0.8096556751338929,-0.8579975145989774,-0.27702741028012307,-0.3986836914865238,2.042837330171421,-0.6470573530235344,-0.9130516778017737,-0.09335200560186732,-0.19223445930952296,-0.6905606441072304,-0.27928063253883567,-0.33213212822538024,-0.5998041775404763,-0.2040093074477469,-0.37656373512212316,7
0.8943014957160725,0.8288511022134494,-0.27702741028012307,-0.3986836914865238,-0.4895152370825761,1.4049121980031531,1.0952282595959517,-0.09335200560186732,-0.19223445930952296,1.448098741990747,-0.27928063253883567,-0.33213212822538024,-0.5998041775404763,-0.2040093074477469,-0.37656373512212316,6
-0.8096556751338929,-0.8579975145989774,-0.27702741028012307,-0.3986836914865238,-0.4895152370825761,-0.6470573530235344,1.0952282595959517,-0.09335200560186732,-0.19223445930952296,-0.6905606441072304,-0.27928063253883567,-0.33213212822538024,1.6672107955308748,-0.2040093074477469,-0.37656373512212316,6
-0.8096556751338929,0.8288511022134494,-0.27702741028012307,-0.3986836914865238,-0.4895152370825761,1.4049121980031531,-0.9130516778017737,-0.09335200560186732,-0.19223445930952296,1.448098741990747,-0.27928063253883567,-0.33213212822538024,-0.5998041775404763,-0.2040093074477469,-0.37656373512212316,4
-0.8096556751338929,0.8288511022134494,-0.27702741028012307,-0.3986836914865238,-0.4895152370825761,-0.6470573530235344,-0.9130516778017737,-0.09335200560186732,-0.19223445930952296,1.448098741990747,-0.27928063253883567,-0.33213212822538024,-0.5998041775404763,-0.2040093074477469,-0.37656373512212316,5
-0.8096556751338929,0.8288511022134494,-0.27702741028012307,-0.3986836914865238,-0.4895152370825761,-0.6470573530235344,-0.9130516778017737,-0.09335200560186732,-0.19223445930952296,1.448098741990747,-0.27928063253883567,-0.33213212822538024,-0.5998041775404763,-0.2040093074477469,2.655592949426451,4
-0.8096556751338929,0.8288511022134494,-0.27702741028012307,-0.3986836914865238,-0.4895152370825761,-0.6470573530235344,1.0952282595959517,-0.09335200560186732,-0.19223445930952296,1.448098741990747,-0.27928063253883567,3.0108499449996424,1.6672107955308748,-0.2040093074477469,-0.37656373512212316,5
0.8943014957160725,0.8288511022134494,-0.27702741028012307,-0.3986836914865238,-0.4895152370825761,-0.6470573530235344,-0.9130516778017737,-0.09335200560186732,-0.19223445930952296,-0.6905606441072304,-0.27928063253883567,-0.33213212822538024,1.6672107955308748,-0.2040093074477469,-0.37656373512212316,4
0.8943014957160725,0.8288511022134494,-0.27702741028012307,-0.3986836914865238,-0.4895152370825761,3.456881749029841,-0.9130516778017737,-0.09335200560186732,-0.19223445930952296,-0.6905606441072304,-0.27928063253883567,-0.33213212822538024,-0.5998041775404763,-0.2040093074477469,-0.37656373512212316,4
-0.8096556751338929,-0.8579975145989774,-0.27702741028012307,2.5082540905333266,2.042837330171421,-0.6470573530235344,1.0952282595959517,-0.09335200560186732,5.201980974648606,-0.6905606441072304,-0.27928063253883567,-0.33213212822538024,-0.5998041775404763,-0.2040093074477469,-0.37656373512212316,8
-0.8096556751338929,0.8288511022134494,-0.27702741028012307,-0.3986836914865238,-0.4895152370825761,-0.6470573530235344,1.0952282595959517,-0.09335200560186732,-0.19223445930952296,1.448098741990747,-0.27928063253883567,-0.33213212822538024,-0.5998041775404763,-0.2040093074477469,-0.37656373512212316,5
0.8943014957160725,-0.8579975145989774,-0.27702741028012307,-0.3986836914865238,-0.4895152370825761,-0.6470573530235344,-0.9130516778017737,-0.09335200560186732,-0.19223445930952296,1.448098741990747,-0.27928063253883567,-0.33213212822538024,1.6672107955308748,-0.2040093074477469,-0.37656373512212316,5
-0.8096556751338929,0.8288511022134494,-0.27702741028012307,-0.3986836914865238,-0.4895152370825761,1.4049121980031531,1.0952282595959517,-0.09335200560186732,-0.19223445930952296,-0.6905606441072304,-0.27928063253883567,-0.33213212822538024,-0.5998041775404763,-0.2040093074477469,-0.37656373512212316,6
0.8943014957160725,0.8288511022134494,-0.27702741028012307,-0.3986836914865238,2.042837330171421,1.4049121980031531,-0.9130516778017737,-0.09335200560186732,-0.19223445930952296,1.448098741990747,-0.27928063253883567,-0.33213212822538024,-0.5998041775404763,-0.2040093074477469,-0.37656373512212316,5
-0.8096556751338929,-0.8579975145989774,3.609751103650088,2.5082540905333266,2.042837330171421,-0.6470573530235344,1.0952282595959517,-0.09335200560186732,-0.19223445930952296,-0.6905606441072304,-0.27928063253883567,-0.33213212822538024,-0.5998041775404763,-0.2040093074477469,-0.37656373512212316,7
0.8943014957160725,0.8288511022134494,-0.27702741028012307,-0.3986836914865238,-0.4895152370825761,-0.6470573530235344,1.0952282595959517,-0.09335200560186732,-0.19223445930952296,1.448098741990747,-0.27928063253883567,-0.33213212822538024,1.6672107955308748,-0.2040093074477469,-0.37656373512212316,5
-0.8096556751338929,-0.8579975145989774,-0.27702741028012307,-0.3986836914865238,2.042837330171421,-0.6470573530235344,-0.9130516778017737,-0.09335200560186732,-0.19223445930952296,1.448098741990747,-0.27928063253883567,-0.33213212822538024,-0.5998041775404763,-0.2040093074477469,-0.37656373512212316,5
-0.8096556751338929,-0.8579975145989774,-0.27702741028012307,-0.3986836914865238,-0.4895152370825761,1.4049121980031531,-0.9130516778017737,-0.09335200560186732,-0.19223445930952296,-0.6905606441072304,3.5806278112068637,-0.33213212822538024,-0.5998041775404763,-0.2040093074477469,2.655592949426451,7
-0.8096556751338929,-0.8579975145989774,-0.27702741028012307,2.5082540905333266,-0.4895152370825761,-0.6470573530235344,1.0952282595959517,-0.09335200560186732,-0.19223445930952296,-0.6905606441072304,-0.27928063253883567,-0.33213212822538024,-0.5998041775404763,-0.2040093074477469,-0.37656373512212316,6
2.598258666566038,0.8288511022134494,-0.27702741028012307,-0.3986836914865238,-0.4895152370825761,-0.6470573530235344,-0.9130516778017737,-0.09335200560186732,-0.19223445930952296,-0.6905606441072304,-0.27928063253883567,-0.33213212822538024,1.6672107955308748,-0.2040093074477469,-0.37656373512212316,3
-0.8096556751338929,-0.8579975145989774,3.609751103650088,-0.3986836914865238,-0.4895152370825761,-0.6470573530235344,-0.9130516778017737,-0.09335200560186732,-0.19223445930952296,-0.6905606441072304,3.5806278112068637,-0.33213212822538024,-0.5998041775404763,-0.2040093074477469,-0.37656373512212316,8
-0.8096556751338929,-0.8579975145989774,-0.27702741028012307,2.5082540905333266,2.042837330171421,-0.6470573530235344,1.0952282595959517,-0.09335200560186732,-0.19223445930952296,-0.6905606441072304,-0.27928063253883567,-0.33213212822538024,-0.5998041775404763,-0.2040093074477469,-0.37656373512212316,8
-0.8096556751338929,0.8288511022134494,-0.27702741028012307,-0.3986836914865238,-0.4895152370825761,-0.6470573530235344,-0.9130516778017737,-0.09335200560186732,-0.19223445930952296,1.448098741990747,-0.27928063253883567,-0.33213212822538024,-0.5998041775404763,-0.2040093074477469,-0.37656373512212316,4
2.598258666566038,-0.8579975145989774,-0.27702741028012307,-0.3986836914865238,-0.4895152370825761,1.4049121980031531,-0.9130516778017737,-0.09335200560186732,-0.19223445930952296,-0.6905606441072304,-0.27928063253883567,-0.33213212822538024,1.6672107955308748,-0.2040093074477469,-0.37656373512212316,5
-0.8096556751338929,2.5156997190258763,-0.27702741028012307,-0.3986836914865238,-0.4895152370825761,-0.6470573530235344,1.0952282595959517,-0.09335200560186732,-0.19223445930952296,1.448098741990747,-0.27928063253883567,-0.33213212822538024,-0.5998041775404763,-0.2040093074477469,-0.37656373512212316,6
-0.8096556751338929,0.8288511022134494,-0.27702741028012307,-0.3986836914865238,-0.4895152370825761,1.4049121980031531,-0.9130516778017737,-0.09335200560186732,-0.19223445930952296,-0.6905606441072304,-0.27928063253883567,-0.33213212822538024,-0.5998041775404763,-0.2040093074477469,-0.37656373512212316,7
2.598258666566038,0.8288511022134494,-0.27702741028012307,-0.3986836914865238,-0.4895152370825761,-0.6470573530235344,1.0952282595959517,-0.09335200560186732,-0.19223445930952296,-0.6905606441072304,-0.27928063253883567,-0.33213212822538024,-0.5998041775404763,-0.2040093074477469,-0.37656373512212316,6
0.8943014957160725,-0.8579975145989774,-0.27702741028012307,-0.3986836914865238,-0.4895152370825761,-0.6470573530235344,-0.9130516778017737,-0.09335200560186732,-0.19223445930952296,1.448098741990747,-0.27928063253883567,-0.33213212822538024,1.6672107955308748,-0.2040093074477469,-0.37656373512212316,6
-0.8096556751338929,0.8288511022134494,-0.27702741028012307,-0.3986836914865238,-0.4895152370825761,-0.6470573530235344,-0.9130516778017737,-0.09335200560186732,-0.19223445930952296,1.448098741990747,-0.27928063253883567,3.0108499449996424,1.6672107955308748,-0.2040093074477469,-0.37656373512212316,8
-0.8096556751338929,0.8288511022134494,-0.27702741028012307,-0.3986836914865238,-0.4895152370825761,-0.6470573530235344,1.0952282595959517,-0.09335200560186732,-0.19223445930952296,-0.6905606441072304,-0.27928063253883567,-0.33213212822538024,1.6672107955308748,-0.2040093074477469,-0.37656373512212316,8
0.8943014957160725,-0.8579975145989774,-0.27702741028012307,-0.3986836914865238,2.042837330171421,1.4049121980031531,1.0952282595959517,-0.09335200560186732,-0.19223445930952296,-0.6905606441072304,-0.27928063253883567,-0.33213212822538024,-0.5998041775404763,-0.2040093074477469,-0.37656373512212316,6
0.8943014957160725,-0.8579975145989774,-0.27702741028012307,-0.3986836914865238,-0.4895152370825761,3.456881749029841,-0.9130516778017737,-0.09335200560186732,-0.19223445930952296,-0.6905606441072304,-0.27928063253883567,-0.33213212822538024,-0.5998041775404763,-0.2040093074477469,-0.37656373512212316,6
0.8943014957160725,0.8288511022134494,-0.27702741028012307,-0.3986836914865238,-0.4895152370825761,1.4049121980031531,1.0952282595959517,-0.09335200560186732,-0.19223445930952296,-0.6905606441072304,-0.27928063253883567,-0.33213212822538024,-0.5998041775404763,-0.2040093074477469,2.655592949426451,3
-0.8096556751338929,-0.8579975145989774,3.609751103650088,-0.3986836914865238,-0.4895152370825761,-0.6470573530235344,-0.9130516778017737,-0.09335200560186732,-0.19223445930952296,-0.6905606441072304,-0.27928063253883567,-0.33213212822538024,-0.5998041775404763,-0.2040093074477469,2.655592949426451,7
0.8943014957160725,-0.8579975145989774,3.609751103650088,-0.3986836914865238,-0.4895152370825761,1.4049121980031531,-0.9130516778017737,-0.09335200560186732,-0.19223445930952296,-0.6905606441072304,-0.27928063253883567,-0.33213212822538024,-0.5998041775404763,-0.2040093074477469,2.655592949426451,6
0.8943014957160725,0.8288511022134494,-0.27702741028012307,-0.3986836914865238,-0.4895152370825761,-0.6470573530235344,-0.9130516778017737,-0.09335200560186732,-0.19223445930952296,1.448098741990747,-0.27928063253883567,-0.33213212822538024,-0.5998041775404763,-0.2040093074477469,-0.37656373512212316,4
0.8943014957160725,-0.8579975145989774,-0.27702741028012307,-0.3986836914865238,-0.4895152370825761,-0.6470573530235344,-0.9130516778017737,-0.09335200560186732,-0.19223445930952296,-0.6905606441072304,-0.27928063253883567,-0.33213212822538024,1.6672107955308748,4.901737143812081,-0.37656373512212316,4
0.8943014957160725,-0.8579975145989774,-0.27702741028012307,-0.3986836914865238,-0.4895152370825761,-0.6470573530235344,-0.9130516778017737,-0.09335200560186732,-0.19223445930952296,-0.6905606441072304,-0.27928063253883567,-0.33213212822538024,-0.5998041775404763,-0.2040093074477469,2.655592949426451,6
-0.8096556751338929,0.8288511022134494,-0.27702741028012307,-0.3986836914865238,-0.4895152370825761,-0.6470573530235344,-0.9130516778017737,-0.09335200560186732,-0.19223445930952296,-0.6905606441072304,-0.27928063253883567,3.0108499449996424,1.6672107955308748,-0.2040093074477469,-0.37656373512212316,5
-0.8096556751338929,-0.8579975145989774,-0.27702741028012307,-0.3986836914865238,-0.4895152370825761,1.4049121980031531,1.0952282595959517,-0.09335200560186732,-0.19223445930952296,-0.6905606441072304,-0.27928063253883567,-0.33213212822538024,-0.5998041775404763,-0.2040093074477469,-0.37656373512212316,7
-0.8096556751338929,0.8288511022134494,-0.27702741028012307,-0.3986836914865238,-0.4895152370825761,-0.6470573530235344,-0.9130516778017737,-0.09335200560186732,-0.19223445930952296,1.448098741990747,3.5806278112068637,-0.33213212822538024,-0.5998041775404763,-0.2040093074477469,-0.37656373512212316,8
0.8943014957160725,-0.8579975145989774,-0.27702741028012307,-0.3986836914865238,-0.4895152370825761,-0.6470573530235344,-0.9130516778017737,-0.09335200560186732,-0.19223445930952296,-0.6905606441072304,-0.27928063253883567,-0.33213212822538024,-0.5998041775404763,-0.2040093074477469,2.655592949426451,6
2.598258666566038,2.5156997190258763,-0.27702741028012307,-0.3986836914865238,-0.4895152370825761,-0.6470573530235344,-0.9130516778017737,-0.09335200560186732,-0.19223445930952296,1.448098741990747,-0.27928063253883567,-0.33213212822538024,-0.5998041775404763,-0.2040093074477469,-0.37656373512212316,1
0.8943014957160725,0.8288511022134494,-0.27702741028012307,-0.3986836914865238,-0.4895152370825761,1.4049121980031531,-0.9130516778017737,-0.09335200560186732,-0.19223445930952296,-0.6905606441072304,-0.27928063253883567,-0.33213212822538024,-0.5998041775404763,-0.2040093074477469,2.655592949426451,6
-0.8096556751338929,0.8288511022134494,-0.27702741028012307,-0.3986836914865238,-0.4895152370825761,-0.6470573530235344,-0.9130516778017737,-0.09335200560186732,-0.19223445930952296,1.448098741990747,-0.27928063253883567,-0.33213212822538024,-0.5998041775404763,-0.2040093074477469,2.655592949426451,5
-0.8096556751338929,-0.8579975145989774,-0.27702741028012307,-0.3986836914865238,-0.4895152370825761,-0.6470573530235344,-0.9130516778017737,-0.09335200560186732,-0.19223445930952296,1.448098741990747,-0.27928063253883567,-0.33213212822538024,-0.5998041775404763,-0.2040093074477469,-0.37656373512212316,7
0.8943014957160725,-0.8579975145989774,-0.27702741028012307,2.5082540905333266,-0.4895152370825761,1.4049121980031531,1.0952282595959517,-0.09335200560186732,-0.19223445930952296,-0.6905606441072304,-0.27928063253883567,-0.33213212822538024,-0.5998041775404763,-0.2040093074477469,-0.37656373512212316,6
2.598258666566038,-0.8579975145989774,-0.27702741028012307,-0.3986836914865238,-0.4895152370825761,1.4049121980031531,-0.9130516778017737,-0.09335200560186732,-0.19223445930952296,1.448098741990747,-0.27928063253883567,-0.33213212822538024,1.6672107955308748,-0.2040093074477469,-0.37656373512212316,4
-0.8096556751338929,-0.8579975145989774,-0.27702741028012307,2.5082540905333266,2.042837330171421,-0.6470573530235344,1.0952282595959517,-0.09335200560186732,5.201980974648606,-0.6905606441072304,-0.27928063253883567,-0.33213212822538024,-0.5998041775404763,-0.2040093074477469,-0.37656373512212316,6
-0.8096556751338929,-0.8579975145989774,3.609751103650088,-0.3986836914865238,-0.4895152370825761,-0.6470573530235344,-0.9130516778017737,-0.09335200560186732,-0.19223445930952296,-0.6905606441072304,-0.27928063253883567,-0.33213212822538024,-0.5998041775404763,-0.2040093074477469,2.655592949426451,8
-0.8096556751338929,-0.8579975145989774,-0.27702741028012307,2.5082540905333266,-0.4895152370825761,-0.6470573530235344,-0.9130516778017737,-0.09335200560186732,-0.19223445930952296,-0.6905606441072304,-0.27928063253883567,-0.33213212822538024,-0.5998041775404763,-0.2040093074477469,-0.37656373512212316,6
-0.8096556751338929,0.8288511022134494,-0.27702741028012307,-0.3986836914865238,-0.4895152370825761,-0.6470573530235344,-0.9130516778017737,-0.09335200560186732,-0.19223445930952296,1.448098741990747,-0.27928063253883567,-0.33213212822538024,1.6672107955308748,-0.2040093074477469,-0.37656373512212316,5
-0.8096556751338929,0.8288511022134494,-0.27702741028012307,-0.3986836914865238,-0.4895152370825761,-0.6470573530235344,-0.9130516778017737,-0.09335200560186732,-0.19223445930952296,1.448098741990747,-0.27928063253883567,3.0108499449996424,1.6672107955308748,-0.2040093074477469,-0.37656373512212316,4
-0.8096556751338929,-0.8579975145989774,-0.27702741028012307,-0.3986836914865238,-0.4895152370825761,-0.6470573530235344,-0.9130516778017737,-0.09335200560186732,-0.19223445930952296,-0.6905606441072304,3.5806278112068637,-0.33213212822538024,-0.5998041775404763,-0.2040093074477469,2.655592949426451,8
0.8943014957160725,-0.8579975145989774,-0.27702741028012307,-0.3986836914865238,-0.4895152370825761,1.4049121980031531,-0.9130516778017737,-0.09335200560186732,-0.19223445930952296,-0.6905606441072304,3.5806278112068637,-0.33213212822538024,-0.5998041775404763,-0.2040093074477469,2.655592949426451,7
0.8943014957160725,-0.8579975145989774,-0.27702741028012307,-0.3986836914865238,-0.4895152370825761,-0.6470573530235344,1.0952282595959517,-0.09335200560186732,-0.19223445930952296,1.448098741990747,-0.27928063253883567,-0.33213212822538024,-0.5998041775404763,-0.2040093074477469,-0.37656373512212316,4
-0.8096556751338929,-0.8579975145989774,-0.27702741028012307,-0.3986836914865238,2.042837330171421,-0.6470573530235344,-0.9130516778017737,-0.09335200560186732,5.201980974648606,-0.6905606441072304,-0.27928063253883567,-0.33213212822538024,-0.5998041775404763,-0.2040093074477469,-0.37656373512212316,8
-0.8096556751338929,-0.8579975145989774,-0.27702741028012307,2.5082540905333266,-0.4895152370825761,-0.6470573530235344,1.0952282595959517,-0.09335200560186732,-0.19223445930952296,-0.6905606441072304,-0.27928063253883567,-0.33213212822538024,-0.5998041775404763,-0.2040093074477469,-0.37656373512212316,6
0.8943014957160725,0.8288511022134494,-0.27702741028012307,-0.3986836914865238,-0.4895152370825761,1.4049121980031531,-0.9130516778017737,-0.09335200560186732,-0.19223445930952296,-0.6905606441072304,-0.27928063253883567,-0.33213212822538024,-0.5998041775404763,-0.2040093074477469,-0.37656373512212316,4
0.8943014957160725,0.8288511022134494,-0.27702741028012307,-0.3986836914865238,-0.4895152370825761,1.4049121980031531,-0.9130516778017737,-0.09335200560186732,-0.19223445930952296,-0.6905606441072304,-0.27928063253883567,-0.33213212822538024,-0.5998041775404763,-0.2040093074477469,2.655592949426451,5
0.8943014957160725,-0.8579975145989774,-0.27702741028012307,-0.3986836914865238,-0.4895152370825761,1.4049121980031531,-0.9130516778017737,-0.09335200560186732,-0.19223445930952296,-0.6905606441072304,3.5806278112068637,-0.33213212822538024,1.6672107955308748,-0.2040093074477469,-0.37656373512212316,7
-0.8096556751338929,-0.8579975145989774,-0.27702741028012307,-0.3986836914865238,2.042837330171421,-0.6470573530235344,1.0952282595959517,-0.09335200560186732,-0.19223445930952296,-0.6905606441072304,-0.27928063253883567,-0.33213212822538024,-0.5998041775404763,-0.2040093074477469,-0.37656373512212316,6
-0.8096556751338929,-0.8579975145989774,-0.27702741028012307,-0.3986836914865238,2.042837330171421,-0.6470573530235344,1.0952282595959517,-0.09335200560186732,-0.19223445930952296,-0.6905606441072304,-0.27928063253883567,-0.33213212822538024,-0.5998041775404763,-0.2040093074477469,-0.37656373512212316,5
-0.8096556751338929,-0.8579975145989774,-0.27702741028012307,-0.3986836914865238,-0.4895152370825761,-0.6470573530235344,-0.9130516778017737,-0.09335200560186732,-0.19223445930952296,1.448098741990747,3.5806278112068637,-0.33213212822538024,-0.5998041775404763,-0.2040093074477469,-0.37656373512212316,4
-0.8096556751338929,-0.8579975145989774,-0.27702741028012307,-0.3986836914865238,-0.4895152370825761,1.4049121980031531,1.0952282595959517,-0.09335200560186732,-0.19223445930952296,-0.6905606441072304,-0.27928063253883567,-0.33213212822538024,-0.5998041775404763,-0.2040093074477469,-0.37656373512212316,6
0.8943014957160725,-0.8579975145989774,-0.27702741028012307,-0.3986836914865238,-0.4895152370825761,-0.6470573530235344,-0.9130516778017737,-0.09335200560186732,-0.19223445930952296,-0.6905606441072304,-0.27928063253883567,-0.33213212822538024,-0.5998041775404763,-0.2040093074477469,2.655592949426451,5
-0.8096556751338929,-0.8579975145989774,3.609751103650088,-0.3986836914865238,-0.4895152370825761,-0.6470573530235344,1.0952282595959517,-0.09335200560186732,-0.19223445930952296,-0.6905606441072304,-0.27928063253883567,-0.33213212822538024,-0.5998041775404763,-0.2040093074477469,-0.37656373512212316,8
-0.8096556751338929,-0.8579975145989774,-0.27702741028012307,-0.3986836914865238,-0.4895152370825761,-0.6470573530235344,-0.9130516778017737,-0.09335200560186732,-0.19223445930952296,1.448098741990747,-0.27928063253883567,-0.33213212822538024,1.6672107955308748,-0.2040093074477469,-0.37656373512212316,5
-0.8096556751338929,-0.8579975145989774,-0.27702741028012307,-0.3986836914865238,-0.4895152370825761,-0.6470573530235344,-0.9130516778017737,-0.09335200560186732,-0.19223445930952296,-0.6905606441072304,-0.27928063253883567,-0.33213212822538024,-0.5998041775404763,-0.2040093074477469,2.655592949426451,6
0.8943014957160725,0.8288511022134494,-0.27702741028012307,-0.3986836914865238,-0.4895152370825761,-0.6470573530235344,-0.9130516778017737,-0.09335200560186732,-0.19223445930952296,-0.6905606441072304,-0.27928063253883567,-0.33213212822538024,-0.5998041775404763,4.901737143812081,-0.37656373512212316,4
0.8943014957160725,-0.8579975145989774,-0.27702741028012307,-0.3986836914865238,-0.4895152370825761,1.4049121980031531,-0.9130516778017737,-0.09335200560186732,-0.19223445930952296,-0.6905606441072304,-0.27928063253883567,-0.33213212822538024,-0.5998041775404763,-0.2040093074477469,2.655592949426451,6
-0.8096556751338929,0.8288511022134494,-0.27702741028012307,-0.3986836914865238,-0.4895152370825761,-0.6470573530235344,1.0952282595959517,-0.09335200560186732,-0.19223445930952296,1.448098741990747,-0.27928063253883567,-0.33213212822538024,-0.5998041775404763,-0.2040093074477469,-0.37656373512212316,4
-0.8096556751338929,-0.8579975145989774,-0.27702741028012307,2.5082540905333266,-0.4895152370825761,-0.6470573530235344,1.0952282595959517,-0.09335200560186732,5.201980974648606,-0.6905606441072304,-0.27928063253883567,-0.33213212822538024,-0.5998041775404763,-0.2040093074477469,-0.37656373512212316,6
-0.8096556751338929,-0.8579975145989774,3.609751103650088,-0.3986836914865238,-0.4895152370825761,-0.6470573530235344,-0.9130516778017737,-0.09335200560186732,-0.19223445930952296,-0.6905606441072304,-0.27928063253883567,-0.33213212822538024,-0.5998041775404763,-0.2040093074477469,-0.37656373512212316,8
-0.8096556751338929,0.8288511022134494,-0.27702741028012307,-0.3986836914865238,-0.4895152370825761,-0.6470573530235344,-0.9130516778017737,-0.09335200560186732,-0.19223445930952296,1.448098741990747,3.5806278112068637,-0.33213212822538024,-0.5998041775404763,-0.2040093074477469,-0.37656373512212316,3
-0.8096556751338929,-0.8579975145989774,-0.27702741028012307,-0.3986836914865238,-0.4895152370825761,1.4049121980031531,1.0952282595959517,-0.09335200560186732,-0.19223445930952296,-0.6905606441072304,-0.27928063253883567,-0.33213212822538024,-0.5998041775404763,-0.2040093074477469,-0.37656373512212316,5
0.8943014957160725,0.8288511022134494,-0.27702741028012307,-0.3986836914865238,-0.4895152370825761,1.4049121980031531,1.0952282595959517,-0.09335200560186732,-0.19223445930952296,-0.6905606441072304,3.5806278112068637,-0.33213212822538024,-0.5998041775404763,-0.2040093074477469,-0.37656373512212316,6
0.8943014957160725,-0.8579975145989774,-0.27702741028012307,-0.3986836914865238,-0.4895152370825761,1.4049121980031531,-0.9130516778017737,-0.09335200560186732,-0.19223445930952296,-0.6905606441072304,-0.27928063253883567,-0.33213212822538024,-0.5998041775404763,-0.2040093074477469,-0.37656373512212316,5
-0.8096556751338929,0.8288511022134494,-0.27702741028012307,-0.3986836914865238,-0.4895152370825761,-0.6470573530235344,1.0952282595959517,-0.09335200560186732,-0.19223445930952296,-0.6905606441072304,-0.27928063253883567,-0.33213212822538024,-0.5998041775404763,4.901737143812081,-0.37656373512212316,7
-0.8096556751338929,-0.8579975145989774,-0.27702741028012307,-0.3986836914865238,2.042837330171421,-0.6470573530235344,1.0952282595959517,-0.09335200560186732,-0.19223445930952296,-0.6905606441072304,-0.27928063253883567,-0.33213212822538024,-0.5998041775404763,-0.2040093074477469,-0.37656373512212316,6
-0.8096556751338929,-0.8579975145989774,-0.27702741028012307,-0.3986836914865238,2.042837330171421,1.4049121980031531,-0.9130516778017737,-0.09335200560186732,-0.19223445930952296,-0.6905606441072304,-0.27928063253883567,-0.33213212822538024,-0.5998041775404763,-0.2040093074477469,-0.37656373512212316,6
-0.8096556751338929,-0.8579975145989774,-0.27702741028012307,-0.3986836914865238,-0.4895152370825761,-0.6470573530235344,1.0952282595959517,-0.09335200560186732,-0.19223445930952296,-0.6905606441072304,-0.27928063253883567,-0.33213212822538024,-0.5998041775404763,4.901737143812081,-0.37656373512212316,6
-0.8096556751338929,-0.8579975145989774,-0.27702741028012307,2.5082540905333266,-0.4895152370825761,1.4049121980031531,1.0952282595959517,-0.09335200560186732,-0.19223445930952296,-0.6905606441072304,-0.27928063253883567,-0.33213212822538024,1.6672107955308748,-0.2040093074477469,-0.37656373512212316,7
0.8943014957160725,-0.8579975145989774,-0.27702741028012307,-0.3986836914865238,2.042837330171421,1.4049121980031531,1.0952282595959517,-0.09335200560186732,-0.19223445930952296,-0.6905606441072304,-0.27928063253883567,-0.33213212822538024,-0.5998041775404763,-0.2040093074477469,-0.37656373512212316,5
-0.8096556751338929,0.8288511022134494,-0.27702741028012307,-0.3986836914865238,-0.4895152370825761,-0.6470573530235344,-0.9130516778017737,-0.09335200560186732,-0.19223445930952296,1.448098741990747,-0.27928063253883567,3.0108499449996424,1.6672107955308748,-0.2040093074477469,-0.37656373512212316,5
-0.8096556751338929,0.8288511022134494,3.609751103650088,-0.3986836914865238,-0.4895152370825761,-0.6470573530235344,1.0952282595959517,-0.09335200560186732,-0.19223445930952296,-0.6905606441072304,-0.27928063253883567,-0.33213212822538024,-0.5998041775404763,-0.2040093074477469,-0.37656373512212316,8
-0.8096556751338929,0.8288511022134494,-0.27702741028012307,-0.3986836914865238,-0.4895152370825761,-0.6470573530235344,-0.9130516778017737,10.712142642814275,-0.19223445930952296,1.448098741990747,-0.27928063253883567,-0.33213212822538024,-0.5998041775404763,-0.2040093074477469,-0.37656373512212316,5
0.8943014957160725,-0.8579975145989774,-0.27702741028012307,2.5082540905333266,-0.4895152370825761,-0.6470573530235344,1.0952282595959517,-0.09335200560186732,-0.19223445930952296,-0.6905606441072304,-0.27928063253883567,-0.33213212822538024,1.6672107955308748,-0.2040093074477469,-0.37656373512212316,7
-0.8096556751338929,-0.8579975145989774,-0.27702741028012307,2.5082540905333266,-0.4895152370825761,-0.6470573530235344,1.0952282595959517,-0.09335200560186732,-0.19223445930952296,1.448098741990747,-0.27928063253883567,-0.33213212822538024,-0.5998041775404763,-0.2040093074477469,-0.37656373512212316,6
0.8943014957160725,-0.8579975145989774,-0.27702741028012307,-0.3986836914865238,2.042837330171421,1.4049121980031531,-0.9130516778017737,-0.09335200560186732,-0.19223445930952296,-0.6905606441072304,-0.27928063253883567,-0.33213212822538024,-0.5998041775404763,-0.2040093074477469,2.655592949426451,5
-0.8096556751338929,0.8288511022134494,-0.27702741028012307,-0.3986836914865238,-0.4895152370825761,1.4049121980031531,1.0952282595959517,-0.09335200560186732,-0.19223445930952296,-0.6905606441072304,-0.27928063253883567,3.0108499449996424,-0.5998041775404763,-0.2040093074477469,-0.37656373512212316,6
-0.8096556751338929,0.8288511022134494,-0.27702741028012307,-0.3986836914865238,-0.4895152370825761,-0.6470573530235344,-0.9130516778017737,-0.09335200560186732,-0.19223445930952296,1.448098741990747,-0.27928063253883567,3.0108499449996424,-0.5998041775404763,-0.2040093074477469,-0.37656373512212316,4
0.8943014957160725,0.8288511022134494,-0.27702741028012307,-0.3986836914865238,-0.4895152370825761,1.4049121980031531,1.0952282595959517,-0.09335200560186732,-0.19223445930952296,-0.6905606441072304,-0.27928063253883567,-0.33213212822538024,-0.5998041775404763,-0.2040093074477469,-0.37656373512212316,5
0.8943014957160725,-0.8579975145989774,-0.27702741028012307,2.5082540905333266,-0.4895152370825761,-0.6470573530235344,-0.9130516778017737,-0.09335200560186732,-0.19223445930952296,-0.6905606441072304,-0.27928063253883567,-0.33213212822538024,1.6672107955308748,-0.2040093074477469,-0.37656373512212316,5
-0.8096556751338929,-0.8579975145989774,-0.27702741028012307,-0.3986836914865238,-0.4895152370825761,-0.6470573530235344,1.0952282595959517,-0.09335200560186732,-0.19223445930952296,-0.6905606441072304,-0.27928063253883567,-0.33213212822538024,-0.5998041775404763,-0.2040093074477469,2.655592949426451,6
0.8943014957160725,-0.8579975145989774,-0.27702741028012307,-0.3986836914865238,-0.4895152370825761,1.4049121980031531,1.0952282595959517,-0.09335200560186732,-0.19223445930952296,-0.6905606441072304,-0.27928063253883567,-0.33213212822538024,-0.5998041775404763,-0.2040093074477469,-0.37656373512212316,8
0.8943014957160725,0.8288511022134494,-0.27702741028012307,-0.3986836914865238,-0.4895152370825761,1.4049121980031531,-0.9130516778017737,-0.09335200560186732,-0.19223445930952296,1.448098741990747,3.5806278112068637,-0.33213212822538024,-0.5998041775404763,-0.2040093074477469,-0.37656373512212316,5
0.8943014957160725,2.5156997190258763,-0.27702741028012307,-0.3986836914865238,-0.4895152370825761,1.4049121980031531,-0.9130516778017737,-0.09335200560186732,-0.19223445930952296,1.448098741990747,-0.27928063253883567,-0.33213212822538024,1.6672107955308748,-0.2040093074477469,-0.37656373512212316,1
-0.8096556751338929,-0.8579975145989774,-0.27702741028012307,2.5082540905333266,-0.4895152370825761,-0.6470573530235344,1.0952282595959517,-0.09335200560186732,-0.19223445930952296,-0.6905606441072304,-0.27928063253883567,3.0108499449996424,-0.5998041775404763,-0.2040093074477469,-0.37656373512212316,6
2.598258666566038,-0.8579975145989774,-0.27702741028012307,-0.3986836914865238,-0.4895152370825761,-0.6470573530235344,-0.9130516778017737,-0.09335200560186732,-0.19223445930952296,-0.6905606441072304,-0.27928063253883567,-0.33213212822538024,-0.5998041775404763,-0.2040093074477469,2.655592949426451,6
-0.8096556751338929,0.8288511022134494,-0.27702741028012307,-0.3986836914865238,-0.4895152370825761,-0.6470573530235344,1.0952282595959517,-0.09335200560186732,-0.19223445930952296,1.448098741990747,-0.27928063253883567,-0.33213212822538024,1.6672107955308748,-0.2040093074477469,-0.37656373512212316,4
-0.8096556751338929,0.8288511022134494,-0.27702741028012307,-0.3986836914865238,-0.4895152370825761,1.4049121980031531,-0.9130516778017737,-0.09335200560186732,-0.19223445930952296,1.448098741990747,-0.27928063253883567,-0.33213212822538024,-0.5998041775404763,-0.2040093074477469,-0.37656373512212316,5
-0.8096556751338929,-0.8579975145989774,-0.27702741028012307,2.5082540905333266,-0.4895152370825761,-0.6470573530235344,1.0952282595959517,-0.09335200560186732,5.201980974648606,-0.6905606441072304,-0.27928063253883567,-0.33213212822538024,-0.5998041775404763,-0.2040093074477469,-0.37656373512212316,6
-0.8096556751338929,-0.8579975145989774,-0.27702741028012307,-0.3986836914865238,-0.4895152370825761,-0.6470573530235344,-0.9130516778017737,-0.09335200560186732,-0.19223445930952296,1.448098741990747,-0.27928063253883567,-0.33213212822538024,1.6672107955308748,-0.2040093074477469,-0.37656373512212316,5
0.8943014957160725,0.8288511022134494,-0.27702741028012307,-0.3986836914865238,-0.4895152370825761,1.4049121980031531,-0.9130516778017737,-0.09335200560186732,-0.19223445930952296,-0.6905606441072304,-0.27928063253883567,3.0108499449996424,1.6672107955308748,-0.2040093074477469,-0.37656373512212316,6
-0.8096556751338929,-0.8579975145989774,-0.27702741028012307,-0.3986836914865238,-0.4895152370825761,1.4049121980031531,1.0952282595959517,-0.09335200560186732,-0.19223445930952296,-0.6905606441072304,-0.27928063253883567,-0.33213212822538024,-0.5998041775404763,-0.2040093074477469,2.655592949426451,8
2.598258666566038,0.8288511022134494,-0.27702741028012307,-0.3986836914865238,-0.4895152370825761,1.4049121980031531,-0.9130516778017737,-0.09335200560186732,-0.19223445930952296,-0.6905606441072304,-0.27928063253883567,-0.33213212822538024,1.6672107955308748,-0.2040093074477469,-0.37656373512212316,3
-0.8096556751338929,-0.8579975145989774,-0.27702741028012307,-0.3986836914865238,-0.4895152370825761,-0.6470573530235344,-0.9130516778017737,-0.09335200560186732,-0.19223445930952296,1.448098741990747,-0.27928063253883567,-0.33213212822538024,-0.5998041775404763,-0.2040093074477469,-0.37656373512212316,6
0.8943014957160725,0.8288511022134494,-0.27702741028012307,-0.3986836914865238,-0.4895152370825761,-0.6470573530235344,-0.9130516778017737,-0.09335200560186732,-0.19223445930952296,1.448098741990747,-0.27928063253883567,-0.33213212822538024,1.6672107955308748,-0.2040093074477469,-0.37656373512212316,5
0.8943014957160725,-0.8579975145989774,-0.27702741028012307,-0.3986836914865238,-0.4895152370825761,-0.6470573530235344,-0.9130516778017737,-0.09335200560186732,-0.19223445930952296,-0.6905606441072304,-0.27928063253883567,3.0108499449996424,-0.5998041775404763,-0.2040093074477469,-0.37656373512212316,7
0.8943014957160725,0.8288511022134494,-0.27702741028012307,-0.3986836914865238,-0.4895152370825761,-0.6470573530235344,-0.9130516778017737,-0.09335200560186732,-0.19223445930952296,1.448098741990747,-0.27928063253883567,-0.33213212822538024,1.6672107955308748,-0.2040093074477469,-0.37656373512212316,3
-0.8096556751338929,-0.8579975145989774,-0.27702741028012307,-0.3986836914865238,-0.4895152370825761,-0.6470573530235344,1.0952282595959517,-0.09335200560186732,-0.19223445930952296,-0.6905606441072304,-0.27928063253883567,-0.33213212822538024,1.6672107955308748,-0.2040093074477469,-0.37656373512212316,5
0.8943014957160725,0.8288511022134494,-0.27702741028012307,-0.3986836914865238,2.042837330171421,1.4049121980031531,-0.9130516778017737,-0.09335200560186732,-0.19223445930952296,-0.6905606441072304,-0.27928063253883567,-0.33213212822538024,-0.5998041775404763,-0.2040093074477469,-0.37656373512212316,6
0.8943014957160725,0.8288511022134494,-0.27702741028012307,-0.3986836914865238,-0.4895152370825761,1.4049121980031531,-0.9130516778017737,-0.09335200560186732,-0.19223445930952296,-0.6905606441072304,-0.27928063253883567,-0.33213212822538024,-0.5998041775404763,-0.2040093074477469,2.655592949426451,6
-0.8096556751338929,-0.8579975145989774,-0.27702741028012307,2.5082540905333266,-0.4895152370825761,1.4049121980031531,1.0952282595959517,-0.09335200560186732,-0.19223445930952296,-0.6905606441072304,-0.27928063253883567,-0.33213212822538024,1.6672107955308748,-0.2040093074477469,-0.37656373512212316,6
-0.8096556751338929,0.8288511022134494,-0.27702741028012307,2.5082540905333266,-0.4895152370825761,-0.6470573530235344,-0.9130516778017737,-0.09335200560186732,-0.19223445930952296,-0.6905606441072304,-0.27928063253883567,-0.33213212822538024,-0.5998041775404763,-0.2040093074477469,-0.37656373512212316,7
-0.8096556751338929,0.8288511022134494,-0.27702741028012307,-0.3986836914865238,-0.4895152370825761,-0.6470573530235344,-0.9130516778017737,-0.09335200560186732,-0.19223445930952296,1.448098741990747,-0.27928063253883567,-0.33213212822538024,1.6672107955308748,-0.2040093074477469,-0.37656373512212316,4
-0.8096556751338929,0.8288511022134494,3.609751103650088,-0.3986836914865238,-0.4895152370825761,-0.6470573530235344,1.0952282595959517,-0.09335200560186732,-0.19223445930952296,-0.6905606441072304,-0.27928063253883567,-0.33213212822538024,-0.5998041775404763,-0.2040093074477469,-0.37656373512212316,8
0.8943014957160725,0.8288511022134494,-0.27702741028012307,-0.3986836914865238,-0.4895152370825761,-0.6470573530235344,1.0952282595959517,-0.09335200560186732,-0.19223445930952296,-0.6905606441072304,-0.27928063253883567,3.0108499449996424,1.6672107955308748,-0.2040093074477469,-0.37656373512212316,7
-0.8096556751338929,0.8288511022134494,-0.27702741028012307,-0.3986836914865238,-0.4895152370825761,-0.6470573530235344,-0.9130516778017737,-0.09335200560186732,-0.19223445930952296,1.448098741990747,-0.27928063253883567,-0.33213212822538024,-0.5998041775404763,-0.2040093074477469,2.655592949426451,4
0.8943014957160725,0.8288511022134494,-0.27702741028012307,-0.3986836914865238,-0.4895152370825761,-0.6470573530235344,-0.9130516778017737,-0.09335200560186732,-0.19223445930952296,1.448098741990747,-0.27928063253883567,3.0108499449996424,-0.5998041775404763,-0.2040093074477469,-0.37656373512212316,5
0.8943014957160725,0.8288511022134494,-0.27702741028012307,-0.3986836914865238,-0.4895152370825761,1.4049121980031531,-0.9130516778017737,-0.09335200560186732,-0.19223445930952296,-0.6905606441072304,-0.27928063253883567,-0.33213212822538024,1.6672107955308748,-0.2040093074477469,-0.37656373512212316,5
0.8943014957160725,-0.8579975145989774,-0.27702741028012307,-0.3986836914865238,-0.4895152370825761,-0.6470573530235344,1.0952282595959517,-0.09335200560186732,5.201980974648606,-0.6905606441072304,-0.27928063253883567,-0.33213212822538024,-0.5998041775404763,-0.2040093074477469,-0.37656373512212316,6
0.8943014957160725,0.8288511022134494,-0.27702741028012307,-0.3986836914865238,2.042837330171421,1.4049121980031531,-0.9130516778017737,-0.09335200560186732,-0.19223445930952296,-0.6905606441072304,-0.27928063253883567,-0.33213212822538024,1.6672107955308748,-0.2040093074477469,-0.37656373512212316,6
0.8943014957160725,0.8288511022134494,-0.27702741028012307,-0.3986836914865238,-0.4895152370825761,-0.6470573530235344,-0.9130516778017737,-0.09335200560186732,-0.19223445930952296,1.448098741990747,-0.27928063253883567,3.0108499449996424,1.6672107955308748,-0.2040093074477469,-0.37656373512212316,6
-0.8096556751338929,-0.8579975145989774,-0.27702741028012307,-0.3986836914865238,2.042837330171421,-0.6470573530235344,-0.9130516778017737,-0.09335200560186732,-0.19223445930952296,-0.6905606441072304,-0.27928063253883567,-0.33213212822538024,-0.5998041775404763,-0.2040093074477469,-0.37656373512212316,8
0.8943014957160725,-0.8579975145989774,-0.27702741028012307,-0.3986836914865238,-0.4895152370825761,-0.6470573530235344,-0.9130516778017737,-0.09335200560186732,-0.19223445930952296,1.448098741990747,-0.27928063253883567,-0.33213212822538024,-0.5998041775404763,-0.2040093074477469,-0.37656373512212316,7
0.8943014957160725,0.8288511022134494,-0.27702741028012307,-0.3986836914865238,-0.4895152370825761,-0.6470573530235344,-0.9130516778017737,-0.09335200560186732,-0.19223445930952296,1.448098741990747,-0.27928063253883567,-0.33213212822538024,1.6672107955308748,-0.2040093074477469,-0.37656373512212316,7
0.8943014957160725,0.8288511022134494,-0.27702741028012307,-0.3986836914865238,-0.4895152370825761,-0.6470573530235344,-0.9130516778017737,10.712142642814275,-0.19223445930952296,-0.6905606441072304,-0.27928063253883567,-0.33213212822538024,-0.5998041775404763,-0.2040093074477469,-0.37656373512212316,4
0.8943014957160725,0.8288511022134494,-0.27702741028012307,-0.3986836914865238,-0.4895152370825761,1.4049121980031531,-0.9130516778017737,-0.09335200560186732,-0.19223445930952296,-0.6905606441072304,-0.27928063253883567,3.0108499449996424,1.6672107955308748,-0.2040093074477469,-0.37656373512212316,2
0.8943014957160725,-0.8579975145989774,-0.27702741028012307,-0.3986836914865238,-0.4895152370825761,-0.6470573530235344,1.0952282595959517,-0.09335200560186732,-0.19223445930952296,-0.6905606441072304,-0.27928063253883567,-0.33213212822538024,-0.5998041775404763,-0.2040093074477469,-0.37656373512212316,4
0.8943014957160725,-0.8579975145989774,-0.27702741028012307,-0.3986836914865238,-0.4895152370825761,-0.6470573530235344,-0.9130516778017737,-0.09335200560186732,-0.19223445930952296,1.448098741990747,-0.27928063253883567,-0.33213212822538024,-0.5998041775404763,-0.2040093074477469,-0.37656373512212316,4
0.8943014957160725,-0.8579975145989774,-0.27702741028012307,-0.3986836914865238,-0.4895152370825761,-0.6470573530235344,1.0952282595959517,-0.09335200560186732,-0.19223445930952296,-0.6905606441072304,-0.27928063253883567,-0.33213212822538024,-0.5998041775404763,-0.2040093074477469,-0.37656373512212316,7
-0.8096556751338929,0.8288511022134494,-0.27702741028012307,-0.3986836914865238,-0.4895152370825761,-0.6470573530235344,-0.9130516778017737,-0.09335200560186732,-0.19223445930952296,1.448098741990747,-0.27928063253883567,-0.33213212822538024,-0.5998041775404763,-0.2040093074477469,-0.37656373512212316,4
0.8943014957160725,-0.8579975145989774,-0.27702741028012307,-0.3986836914865238,2.042837330171421,1.4049121980031531,1.0952282595959517,-0.09335200560186732,-0.19223445930952296,-0.6905606441072304,-0.27928063253883567,-0.33213212822538024,-0.5998041775404763,-0.2040093074477469,-0.37656373512212316,6
-0.8096556751338929,-0.8579975145989774,-0.27702741028012307,-0.3986836914865238,2.042837330171421,-0.6470573530235344,1.0952282595959517,-0.09335200560186732,-0.19223445930952296,-0.6905606441072304,-0.27928063253883567,-0.33213212822538024,-0.5998041775404763,-0.2040093074477469,-0.37656373512212316,8
0.8943014957160725,0.8288511022134494,-0.27702741028012307,-0.3986836914865238,-0.4895152370825761,-0.6470573530235344,1.0952282595959517,-0.09335200560186732,-0.19223445930952296,-0.6905606441072304,-0.27928063253883567,-0.33213212822538024,1.6672107955308748,4.901737143812081,-0.37656373512212316,4
-0.8096556751338929,-0.8579975145989774,-0.27702741028012307,-0.3986836914865238,-0.4895152370825761,-0.6470573530235344,-0.9130516778017737,-0.09335200560186732,-0.19223445930952296,1.448098741990747,-0.27928063253883567,-0.33213212822538024,-0.5998041775404763,-0.2040093074477469,-0.37656373512212316,5
-0.8096556751338929,-0.8579975145989774,-0.27702741028012307,-0.3986836914865238,2.042837330171421,-0.6470573530235344,1.0952282595959517,-0.09335200560186732,5.201980974648606,-0.6905606441072304,-0.27928063253883567,-0.33213212822538024,-0.5998041775404763,-0.2040093074477469,-0.37656373512212316,9
0.8943014957160725,-0.8579975145989774,-0.27702741028012307,-0.3986836914865238,-0.4895152370825761,1.4049121980031531,-0.9130516778017737,-0.09335200560186732,-0.19223445930952296,1.448098741990747,-0.27928063253883567,-0.33213212822538024,-0.5998041775404763,-0.2040093074477469,-0.37656373512212316,7
-0.8096556751338929,-0.8579975145989774,-0.27702741028012307,-0.3986836914865238,-0.4895152370825761,-0.6470573530235344,1.0952282595959517,-0.09335200560186732,-0.19223445930952296,1.448098741990747,-0.27928063253883567,-0.33213212822538024,1.6672107955308748,-0.2040093074477469,-0.37656373512212316,6
0.8943014957160725,0.8288511022134494,-0.27702741028012307,-0.3986836914865238,-0.4895152370825761,-0.6470573530235344,-0.9130516778017737,-0.09335200560186732,-0.19223445930952296,-0.6905606441072304,-0.27928063253883567,-0.33213212822538024,1.6672107955308748,4.901737143812081,-0.37656373512212316,4
-0.8096556751338929,-0.8579975145989774,-0.27702741028012307,-0.3986836914865238,-0.4895152370825761,-0.6470573530235344,-0.9130516778017737,-0.09335200560186732,-0.19223445930952296,-0.6905606441072304,-0.27928063253883567,-0.33213212822538024,1.6672107955308748,-0.2040093074477469,-0.37656373512212316,6
-0.8096556751338929,2.5156997190258763,-0.27702741028012307,-0.3986836914865238,-0.4895152370825761,-0.6470573530235344,1.0952282595959517,-0.09335200560186732,-0.19223445930952296,1.448098741990747,-0.27928063253883567,-0.33213212822538024,-0.5998041775404763,-0.2040093074477469,-0.37656373512212316,4
0.8943014957160725,-0.8579975145989774,-0.27702741028012307,-0.3986836914865238,-0.4895152370825761,-0.6470573530235344,1.0952282595959517,-0.09335200560186732,-0.19223445930952296,-0.6905606441072304,-0.27928063253883567,-0.33213212822538024,-0.5998041775404763,-0.2040093074477469,-0.37656373512212316,7
0.8943014957160725,0.8288511022134494,-0.27702741028012307,-0.3986836914865238,2.042837330171421,-0.6470573530235344,-0.9130516778017737,-0.09335200560186732,-0.19223445930952296,-0.6905606441072304,-0.27928063253883567,-0.33213212822538024,-0.5998041775404763,-0.2040093074477469,-0.37656373512212316,4
-0.8096556751338929,-0.8579975145989774,-0.27702741028012307,-0.3986836914865238,-0.4895152370825761,1.4049121980031531,1.0952282595959517,-0.09335200560186732,-0.19223445930952296,1.448098741990747,-0.27928063253883567,-0.33213212822538024,-0.5998041775404763,-0.2040093074477469,-0.37656373512212316,7
-0.8096556751338929,-0.8579975145989774,-0.27702741028012307,2.5082540905333266,-0.4895152370825761,-0.6470573530235344,1.0952282595959517,-0.09335200560186732,5.201980974648606,-0.6905606441072304,-0.27928063253883567,-0.33213212822538024,-0.5998041775404763,-0.2040093074477469,-0.37656373512212316,7
-0.8096556751338929,-0.8579975145989774,-0.27702741028012307,-0.3986836914865238,-0.4895152370825761,-0.6470573530235344,-0.9130516778017737,-0.09335200560186732,-0.19223445930952296,-0.6905606441072304,-0.27928063253883567,-0.33213212822538024,1.6672107955308748,-0.2040093074477469,-0.37656373512212316,4
-0.8096556751338929,-0.8579975145989774,-0.27702741028012307,-0.3986836914865238,-0.4895152370825761,-0.6470573530235344,1.0952282595959517,-0.09335200560186732,-0.19223445930952296,1.448098741990747,-0.27928063253883567,3.0108499449996424,-0.5998041775404763,-0.2040093074477469,-0.37656373512212316,6
0.8943014957160725,0.8288511022134494,-0.27702741028012307,-0.3986836914865238,-0.4895152370825761,1.4049121980031531,-0.9130516778017737,-0.09335200560186732,-0.19223445930952296,1.448098741990747,-0.27928063253883567,-0.33213212822538024,-0.5998041775404763,-0.2040093074477469,-0.37656373512212316,5
0.8943014957160725,0.8288511022134494,-0.27702741028012307,-0.3986836914865238,-0.4895152370825761,1.4049121980031531,-0.9130516778017737,-0.09335200560186732,-0.19223445930952296,1.448098741990747,-0.27928063253883567,-0.33213212822538024,-0.5998041775404763,4.901737143812081,-0.37656373512212316,6
-0.8096556751338929,-0.8579975145989774,3.609751103650088,2.5082540905333266,-0.4895152370825761,-0.6470573530235344,1.0952282595959517,-0.09335200560186732,-0.19223445930952296,-0.6905606441072304,-0.27928063253883567,-0.33213212822538024,-0.5998041775404763,-0.2040093074477469,-0.37656373512212316,9
-0.8096556751338929,-0.8579975145989774,-0.27702741028012307,-0.3986836914865238,2.042837330171421,-0.6470573530235344,-0.9130516778017737,-0.09335200560186732,-0.19223445930952296,1.448098741990747,-0.27928063253883567,-0.33213212822538024,-0.5998041775404763,-0.2040093074477469,-0.37656373512212316,4
-0.8096556751338929,-0.8579975145989774,-0.27702741028012307,2.5082540905333266,2.042837330171421,-0.6470573530235344,1.0952282595959517,-0.09335200560186732,-0.19223445930952296,-0.6905606441072304,-0.27928063253883567,-0.33213212822538024,-0.5998041775404763,-0.2040093074477469,-0.37656373512212316,9
0.8943014957160725,-0.8579975145989774,-0.27702741028012307,-0.3986836914865238,-0.4895152370825761,3.456881749029841,-0.9130516778017737,-0.09335200560186732,-0.19223445930952296,-0.6905606441072304,-0.27928063253883567,-0.33213212822538024,-0.5998041775404763,-0.2040093074477469,-0.37656373512212316,5
-0.8096556751338929,0.8288511022134494,-0.27702741028012307,-0.3986836914865238,-0.4895152370825761,-0.6470573530235344,1.0952282595959517,-0.09335200560186732,-0.19223445930952296,1.448098741990747,-0.27928063253883567,-0.33213212822538024,-0.5998041775404763,-0.2040093074477469,-0.37656373512212316,7
0.8943014957160725,0.8288511022134494,-0.27702741028012307,-0.3986836914865238,-0.4895152370825761,-0.6470573530235344,1.0952282595959517,-0.09335200560186732,-0.19223445930952296,1.448098741990747,-0.27928063253883567,-0.33213212822538024,-0.5998041775404763,-0.2040093074477469,-0.37656373512212316,4
0.8943014957160725,0.8288511022134494,-0.27702741028012307,-0.3986836914865238,-0.4895152370825761,1.4049121980031531,1.0952282595959517,-0.09335200560186732,-0.19223445930952296,1.448098741990747,-0.27928063253883567,-0.33213212822538024,1.6672107955308748,-0.2040093074477469,-0.37656373512212316,4
-0.8096556751338929,-0.8579975145989774,-0.27702741028012307,2.5082540905333266,-0.4895152370825761,-0.6470573530235344,1.0952282595959517,-0.09335200560186732,-0.19223445930952296,-0.6905606441072304,-0.27928063253883567,-0.33213212822538024,-0.5998041775404763,-0.2040093074477469,-0.37656373512212316,9
-0.8096556751338929,0.8288511022134494,-0.27702741028012307,-0.3986836914865238,2.042837330171421,-0.6470573530235344,1.0952282595959517,-0.09335200560186732,-0.19223445930952296,-0.6905606441072304,-0.27928063253883567,-0.33213212822538024,-0.5998041775404763,-0.2040093074477469,-0.37656373512212316,6
-0.8096556751338929,-0.8579975145989774,-0.27702741028012307,-0.3986836914865238,-0.4895152370825761,-0.6470573530235344,-0.9130516778017737,-0.09335200560186732,-0.19223445930952296,-0.6905606441072304,-0.27928063253883567,-0.33213212822538024,-0.5998041775404763,-0.2040093074477469,2.655592949426451,7
0.8943014957160725,-0.8579975145989774,-0.27702741028012307,-0.3986836914865238,-0.4895152370825761,-0.6470573530235344,-0.9130516778017737,-0.09335200560186732,-0.19223445930952296,-0.6905606441072304,-0.27928063253883567,-0.33213212822538024,-0.5998041775404763,-0.2040093074477469,2.655592949426451,7
0.8943014957160725,2.5156997190258763,-0.27702741028012307,-0.3986836914865238,-0.4895152370825761,1.4049121980031531,-0.9130516778017737,-0.09335200560186732,-0.19223445930952296,1.448098741990747,-0.27928063253883567,-0.33213212822538024,-0.5998041775404763,-0.2040093074477469,-0.37656373512212316,3
-0.8096556751338929,0.8288511022134494,-0.27702741028012307,-0.3986836914865238,-0.4895152370825761,-0.6470573530235344,-0.9130516778017737,-0.09335200560186732,-0.19223445930952296,-0.6905606441072304,-0.27928063253883567,-0.33213212822538024,-0.5998041775404763,4.901737143812081,-0.37656373512212316,6
-0.8096556751338929,-0.8579975145989774,3.609751103650088,-0.3986836914865238,-0.4895152370825761,-0.6470573530235344,-0.9130516778017737,-0.09335200560186732,-0.19223445930952296,-0.6905606441072304,-0.27928063253883567,-0.33213212822538024,-0.5998041775404763,-0.2040093074477469,2.655592949426451,7
-0.8096556751338929,-0.8579975145989774,-0.27702741028012307,-0.3986836914865238,-0.4895152370825761,-0.6470573530235344,-0.9130516778017737,-0.09335200560186732,-0.19223445930952296,-0.6905606441072304,-0.27928063253883567,-0.33213212822538024,-0.5998041775404763,-0.2040093074477469,2.655592949426451,8
-0.8096556751338929,-0.8579975145989774,-0.27702741028012307,-0.3986836914865238,-0.4895152370825761,-0.6470573530235344,-0.9130516778017737,-0.09335200560186732,-0.19223445930952296,-0.6905606441072304,-0.27928063253883567,-0.33213212822538024,-0.5998041775404763,-0.2040093074477469,-0.37656373512212316,8
-0.8096556751338929,0.8288511022134494,-0.27702741028012307,-0.3986836914865238,-0.4895152370825761,1.4049121980031531,1.0952282595959517,-0.09335200560186732,-0.19223445930952296,1.448098741990747,-0.27928063253883567,-0.33213212822538024,-0.5998041775404763,-0.2040093074477469,-0.37656373512212316,5
0.8943014957160725,-0.8579975145989774,-0.27702741028012307,-0.3986836914865238,-0.4895152370825761,1.4049121980031531,-0.9130516778017737,-0.09335200560186732,-0.19223445930952296,-0.6905606441072304,-0.27928063253883567,-0.33213212822538024,1.6672107955308748,-0.2040093074477469,-0.37656373512212316,6
0.8943014957160725,-0.8579975145989774,-0.27702741028012307,-0.3986836914865238,2.042837330171421,1.4049121980031531,-0.9130516778017737,-0.09335200560186732,-0.19223445930952296,-0.6905606441072304,-0.27928063253883567,-0.33213212822538024,-0.5998041775404763,-0.2040093074477469,-0.37656373512212316,5
0.8943014957160725,2.5156997190258763,-0.27702741028012307,-0.3986836914865238,-0.4895152370825761,-0.6470573530235344,-0.9130516778017737,-0.09335200560186732,-0.19223445930952296,1.448098741990747,-0.27928063253883567,-0.33213212822538024,-0.5998041775404763,-0.2040093074477469,-0.37656373512212316,5
0.8943014957160725,2.5156997190258763,-0.27702741028012307,-0.3986836914865238,-0.4895152370825761,1.4049121980031531,1.0952282595959517,-0.09335200560186732,-0.19223445930952296,1.448098741990747,-0.27928063253883567,-0.33213212822538024,-0.5998041775404763,-0.2040093074477469,-0.37656373512212316,3
0.8943014957160725,0.8288511022134494,-0.27702741028012307,-0.3986836914865238,-0.4895152370825761,-0.6470573530235344,1.0952282595959517,-0.09335200560186732,-0.19223445930952296,-0.6905606441072304,-0.27928063253883567,-0.33213212822538024,-0.5998041775404763,-0.2040093074477469,-0.37656373512212316,5
-0.8096556751338929,-0.8579975145989774,-0.27702741028012307,-0.3986836914865238,-0.4895152370825761,-0.6470573530235344,-0.9130516778017737,-0.09335200560186732,-0.19223445930952296,-0.6905606441072304,-0.27928063253883567,-0.33213212822538024,-0.5998041775404763,-0.2040093074477469,2.655592949426451,8
0.8943014957160725,-0.8579975145989774,-0.27702741028012307,-0.3986836914865238,-0.4895152370825761,-0.6470573530235344,1.0952282595959517,-0.09335200560186732,-0.19223445930952296,-0.6905606441072304,-0.27928063253883567,3.0108499449996424,1.6672107955308748,-0.2040093074477469,-0.37656373512212316,7
0.8943014957160725,-0.8579975145989774,-0.27702741028012307,-0.3986836914865238,-0.4895152370825761,-0.6470573530235344,-0.9130516778017737,-0.09335200560186732,-0.19223445930952296,1.448098741990747,-0.27928063253883567,3.0108499449996424,-0.5998041775404763,-0.2040093074477469,-0.37656373512212316,5
0.8943014957160725,0.8288511022134494,-0.27702741028012307,-0.3986836914865238,-0.4895152370825761,1.4049121980031531,1.0952282595959517,-0.09335200560186732,-0.19223445930952296,-0.6905606441072304,-0.27928063253883567,3.0108499449996424,1.6672107955308748,-0.2040093074477469,-0.37656373512212316,5
0.8943014957160725,-0.8579975145989774,-0.27702741028012307,-0.3986836914865238,-0.4895152370825761,-0.6470573530235344,-0.9130516778017737,-0.09335200560186732,-0.19223445930952296,-0.6905606441072304,-0.27928063253883567,-0.33213212822538024,1.6672107955308748,-0.2040093074477469,-0.37656373512212316,6
2.598258666566038,0.8288511022134494,-0.27702741028012307,-0.3986836914865238,-0.4895152370825761,1.4049121980031531,-0.9130516778017737,-0.09335200560186732,-0.19223445930952296,-0.6905606441072304,-0.27928063253883567,-0.33213212822538024,1.6672107955308748,-0.2040093074477469,-0.37656373512212316,2
0.8943014957160725,0.8288511022134494,-0.27702741028012307,-0.3986836914865238,-0.4895152370825761,1.4049121980031531,-0.9130516778017737,-0.09335200560186732,-0.19223445930952296,1.448098741990747,-0.27928063253883567,-0.33213212822538024,-0.5998041775404763,-0.2040093074477469,-0.37656373512212316,5
-0.8096556751338929,-0.8579975145989774,-0.27702741028012307,-0.3986836914865238,2.042837330171421,1.4049121980031531,-0.9130516778017737,-0.09335200560186732,-0.19223445930952296,-0.6905606441072304,-0.27928063253883567,-0.33213212822538024,1.6672107955308748,-0.2040093074477469,-0.37656373512212316,8
-0.8096556751338929,-0.8579975145989774,-0.27702741028012307,2.5082540905333266,-0.4895152370825761,-0.6470573530235344,1.0952282595959517,-0.09335200560186732,-0.19223445930952296,-0.6905606441072304,-0.27928063253883567,-0.33213212822538024,-0.5998041775404763,-0.2040093074477469,-0.37656373512212316,8
2.598258666566038,2.5156997190258763,-0.27702741028012307,-0.3986836914865238,-0.4895152370825761,-0.6470573530235344,-0.9130516778017737,-0.09335200560186732,-0.19223445930952296,1.448098741990747,-0.27928063253883567,-0.33213212822538024,-0.5998041775404763,-0.2040093074477469,-0.37656373512212316,1
-0.8096556751338929,-0.8579975145989774,-0.27702741028012307,2.5082540905333266,2.042837330171421,-0.6470573530235344,1.0952282595959517,-0.09335200560186732,-0.19223445930952296,-0.6905606441072304,-0.27928063253883567,-0.33213212822538024,-0.5998041775404763,-0.2040093074477469,-0.37656373512212316,8
0.8943014957160725,0.8288511022134494,-0.27702741028012307,-0.3986836914865238,-0.4895152370825761,-0.6470573530235344,-0.9130516778017737,-0.09335200560186732,-0.19223445930952296,1.448098741990747,-0.27928063253883567,-0.33213212822538024,-0.5998041775404763,-0.2040093074477469,-0.37656373512212316,5
-0.8096556751338929,-0.8579975145989774,-0.27702741028012307,2.5082540905333266,-0.4895152370825761,-0.6470573530235344,-0.9130516778017737,-0.09335200560186732,-0.19223445930952296,-0.6905606441072304,-0.27928063253883567,-0.33213212822538024,-0.5998041775404763,-0.2040093074477469,-0.37656373512212316,7
-0.8096556751338929,0.8288511022134494,-0.27702741028012307,-0.3986836914865238,-0.4895152370825761,-0.6470573530235344,1.0952282595959517,-0.09335200560186732,-0.19223445930952296,1.448098741990747,3.5806278112068637,-0.33213212822538024,-0.5998041775404763,-0.2040093074477469,-0.37656373512212316,6
-0.8096556751338929,-0.8579975145989774,3.609751103650088,-0.3986836914865238,-0.4895152370825761,-0.6470573530235344,1.0952282595959517,-0.09335200560186732,-0.19223445930952296,-0.6905606441072304,-0.27928063253883567,-0.33213212822538024,-0.5998041775404763,-0.2040093074477469,2.655592949426451,9
0.8943014957160725,0.8288511022134494,-0.27702741028012307,-0.3986836914865238,-0.4895152370825761,-0.6470573530235344,-0.9130516778017737,-0.09335200560186732,-0.19223445930952296,1.448098741990747,-0.27928063253883567,3.0108499449996424,-0.5998041775404763,-0.2040093074477469,-0.37656373512212316,7
2.598258666566038,2.5156997190258763,-0.27702741028012307,-0.3986836914865238,-0.4895152370825761,1.4049121980031531,-0.9130516778017737,-0.09335200560186732,-0.19223445930952296,-0.6905606441072304,-0.27928063253883567,-0.33213212822538024,-0.5998041775404763,-0.2040093074477469,-0.37656373512212316,3
-0.8096556751338929,-0.8579975145989774,-0.27702741028012307,-0.3986836914865238,2.042837330171421,-0.6470573530235344,1.0952282595959517,-0.09335200560186732,-0.19223445930952296,-0.6905606441072304,-0.27928063253883567,-0.33213212822538024,-0.5998041775404763,-0.2040093074477469,-0.37656373512212316,6
0.8943014957160725,0.8288511022134494,-0.27702741028012307,-0.3986836914865238,-0.4895152370825761,-0.6470573530235344,-0.9130516778017737,-0.09335200560186732,-0.19223445930952296,1.448098741990747,-0.27928063253883567,-0.33213212822538024,-0.5998041775404763,-0.2040093074477469,2.655592949426451,6
-0.8096556751338929,-0.8579975145989774,-0.27702741028012307,-0.3986836914865238,-0.4895152370825761,1.4049121980031531,1.0952282595959517,-0.09335200560186732,-0.19223445930952296,-0.6905606441072304,-0.27928063253883567,-0.33213212822538024,-0.5998041775404763,-0.2040093074477469,-0.37656373512212316,7
0.8943014957160725,0.8288511022134494,-0.27702741028012307,-0.3986836914865238,-0.4895152370825761,-0.6470573530235344,1.0952282595959517,-0.09335200560186732,-0.19223445930952296,1.448098741990747,-0.27928063253883567,-0.33213212822538024,-0.5998041775404763,-0.2040093074477469,-0.37656373512212316,5
-0.8096556751338929,-0.8579975145989774,3.609751103650088,-0.3986836914865238,2.042837330171421,-0.6470573530235344,1.0952282595959517,-0.09335200560186732,-0.19223445930952296,-0.6905606441072304,-0.27928063253883567,-0.33213212822538024,-0.5998041775404763,-0.2040093074477469,-0.37656373512212316,8
-0.8096556751338929,-0.8579975145989774,-0.27702741028012307,-0.3986836914865238,-0.4895152370825761,-0.6470573530235344,-0.9130516778017737,-0.09335200560186732,-0.19223445930952296,-0.6905606441072304,-0.27928063253883567,-0.33213212822538024,-0.5998041775404763,-0.2040093074477469,-0.37656373512212316,7
0.8943014957160725,-0.8579975145989774,-0.27702741028012307,-0.3986836914865238,2.042837330171421,-0.6470573530235344,-0.9130516778017737,-0.09335200560186732,-0.19223445930952296,-0.6905606441072304,-0.27928063253883567,-0.33213212822538024,1.6672107955308748,-0.2040093074477469,-0.37656373512212316,6
-0.8096556751338929,-0.8579975145989774,3.609751103650088,-0.3986836914865238,-0.4895152370825761,-0.6470573530235344,1.0952282595959517,-0.09335200560186732,-0.19223445930952296,-0.6905606441072304,-0.27928063253883567,-0.33213212822538024,-0.5998041775404763,-0.2040093074477469,-0.37656373512212316,7
-0.8096556751338929,-0.8579975145989774,-0.27702741028012307,-0.3986836914865238,-0.4895152370825761,1.4049121980031531,-0.9130516778017737,-0.09335200560186732,-0.19223445930952296,-0.6905606441072304,-0.27928063253883567,3.0108499449996424,1.6672107955308748,-0.2040093074477469,-0.37656373512212316,4
-0.8096556751338929,-0.8579975145989774,3.609751103650088,-0.3986836914865238,-0.4895152370825761,-0.6470573530235344,-0.9130516778017737,-0.09335200560186732,-0.19223445930952296,-0.6905606441072304,-0.27928063253883567,-0.33213212822538024,-0.5998041775404763,-0.2040093074477469,2.655592949426451,7
-0.8096556751338929,-0.8579975145989774,-0.27702741028012307,2.5082540905333266,2.042837330171421,-0.6470573530235344,1.0952282595959517,-0.09335200560186732,5.201980974648606,-0.6905606441072304,-0.27928063253883567,-0.33213212822538024,-0.5998041775404763,-0.2040093074477469,-0.37656373512212316,8
0.8943014957160725,0.8288511022134494,-0.27702741028012307,-0.3986836914865238,2.042837330171421,1.4049121980031531,-0.9130516778017737,-0.09335200560186732,-0.19223445930952296,1.448098741990747,-0.27928063253883567,-0.33213212822538024,-0.5998041775404763,-0.2040093074477469,-0.37656373512212316,4
-0.8096556751338929,0.8288511022134494,-0.27702741028012307,2.5082540905333266,-0.4895152370825761,-0.6470573530235344,-0.9130516778017737,-0.09335200560186732,-0.19223445930952296,-0.6905606441072304,-0.27928063253883567,-0.33213212822538024,1.6672107955308748,-0.2040093074477469,-0.37656373512212316,5
0.8943014957160725,-0.8579975145989774,-0.27702741028012307,-0.3986836914865238,2.042837330171421,-0.6470573530235344,1.0952282595959517,-0.09335200560186732,-0.19223445930952296,-0.6905606441072304,-0.27928063253883567,-0.33213212822538024,-0.5998041775404763,-0.2040093074477469,-0.37656373512212316,8
-0.8096556751338929,-0.8579975145989774,-0.27702741028012307,2.5082540905333266,-0.4895152370825761,-0.6470573530235344,1.0952282595959517,-0.09335200560186732,-0.19223445930952296,-0.6905606441072304,-0.27928063253883567,-0.33213212822538024,-0.5998041775404763,-0.2040093074477469,-0.37656373512212316,9
-0.8096556751338929,-0.8579975145989774,3.609751103650088,2.5082540905333266,-0.4895152370825761,-0.6470573530235344,1.0952282595959517,-0.09335200560186732,-0.19223445930952296,-0.6905606441072304,-0.27928063253883567,-0.33213212822538024,-0.5998041775404763,-0.2040093074477469,-0.37656373512212316,8
0.8943014957160725,0.8288511022134494,-0.27702741028012307,-0.3986836914865238,-0.4895152370825761,-0.6470573530235344,-0.9130516778017737,-0.09335200560186732,-0.19223445930952296,-0.6905606441072304,-0.27928063253883567,-0.33213212822538024,1.6672107955308748,-0.2040093074477469,-0.37656373512212316,5
0.8943014957160725,-0.8579975145989774,-0.27702741028012307,-0.3986836914865238,-0.4895152370825761,-0.6470573530235344,1.0952282595959517,-0.09335200560186732,-0.19223445930952296,-0.6905606441072304,-0.27928063253883567,-0.33213212822538024,-0.5998041775404763,-0.2040093074477469,-0.37656373512212316,5
-0.8096556751338929,0.8288511022134494,-0.27702741028012307,-0.3986836914865238,-0.4895152370825761,-0.6470573530235344,1.0952282595959517,-0.09335200560186732,-0.19223445930952296,-0.6905606441072304,-0.27928063253883567,3.0108499449996424,1.6672107955308748,-0.2040093074477469,-0.37656373512212316,5
-0.8096556751338929,0.8288511022134494,-0.27702741028012307,-0.3986836914865238,-0.4895152370825761,-0.6470573530235344,-0.9130516778017737,-0.09335200560186732,-0.19223445930952296,1.448098741990747,3.5806278112068637,-0.33213212822538024,-0.5998041775404763,-0.2040093074477469,2.655592949426451,6
-0.8096556751338929,2.5156997190258763,-0.27702741028012307,-0.3986836914865238,-0.4895152370825761,-0.6470573530235344,1.0952282595959517,-0.09335200560186732,-0.19223445930952296,1.448098741990747,-0.27928063253883567,-0.33213212822538024,-0.5998041775404763,-0.2040093074477469,-0.37656373512212316,3
-0.8096556751338929,-0.8579975145989774,-0.27702741028012307,2.5082540905333266,2.042837330171421,-0.6470573530235344,1.0952282595959517,-0.09335200560186732,5.201980974648606,-0.6905606441072304,-0.27928063253883567,-0.33213212822538024,-0.5998041775404763,-0.2040093074477469,-0.37656373512212316,8
0.8943014957160725,-0.8579975145989774,-0.27702741028012307,-0.3986836914865238,2.042837330171421,-0.6470573530235344,1.0952282595959517,-0.09335200560186732,-0.19223445930952296,-0.6905606441072304,-0.27928063253883567,-0.33213212822538024,-0.5998041775404763,-0.2040093074477469,-0.37656373512212316,5
2.598258666566038,-0.8579975145989774,-0.27702741028012307,-0.3986836914865238,-0.4895152370825761,1.4049121980031531,1.0952282595959517,-0.09335200560186732,-0.19223445930952296,-0.6905606441072304,-0.27928063253883567,-0.33213212822538024,-0.5998041775404763,-0.2040093074477469,-0.37656373512212316,5
-0.8096556751338929,0.8288511022134494,-0.27702741028012307,-0.3986836914865238,-0.4895152370825761,-0.6470573530235344,1.0952282595959517,-0.09335200560186732,-0.19223445930952296,-0.6905606441072304,-0.27928063253883567,-0.33213212822538024,-0.5998041775404763,-0.2040093074477469,2.655592949426451,7
-0.8096556751338929,-0.8579975145989774,-0.27702741028012307,-0.3986836914865238,-0.4895152370825761,-0.6470573530235344,1.0952282595959517,-0.09335200560186732,-0.19223445930952296,-0.6905606441072304,-0.27928063253883567,-0.33213212822538024,-0.5998041775404763,4.901737143812081,-0.37656373512212316,7
-0.8096556751338929,-0.8579975145989774,3.609751103650088,-0.3986836914865238,-0.4895152370825761,-0.6470573530235344,1.0952282595959517,-0.09335200560186732,-0.19223445930952296,-0.6905606441072304,-0.27928063253883567,-0.33213212822538024,-0.5998041775404763,-0.2040093074477469,2.655592949426451,8
-0.8096556751338929,-0.8579975145989774,-0.27702741028012307,2.5082540905333266,-0.4895152370825761,-0.6470573530235344,1.0952282595959517,-0.09335200560186732,-0.19223445930952296,-0.6905606441072304,-0.27928063253883567,-0.33213212822538024,1.6672107955308748,-0.2040093074477469,-0.37656373512212316,8
-0.8096556751338929,0.8288511022134494,-0.27702741028012307,-0.3986836914865238,-0.4895152370825761,-0.6470573530235344,1.0952282595959517,-0.09335200560186732,-0.19223445930952296,1.448098741990747,-0.27928063253883567,3.0108499449996424,-0.5998041775404763,-0.2040093074477469,-0.37656373512212316,6
-0.8096556751338929,-0.8579975145989774,-0.27702741028012307,-0.3986836914865238,-0.4895152370825761,-0.6470573530235344,-0.9130516778017737,-0.09335200560186732,-0.19223445930952296,-0.6905606441072304,-0.27928063253883567,-0.33213212822538024,-0.5998041775404763,-0.2040093074477469,-0.37656373512212316,7
-0.8096556751338929,0.8288511022134494,-0.27702741028012307,-0.3986836914865238,-0.4895152370825761,-0.6470573530235344,-0.9130516778017737,-0.09335200560186732,-0.19223445930952296,1.448098741990747,3.5806278112068637,-0.33213212822538024,-0.5998041775404763,-0.2040093074477469,-0.37656373512212316,5
0.8943014957160725,0.8288511022134494,-0.27702741028012307,-0.3986836914865238,-0.4895152370825761,1.4049121980031531,-0.9130516778017737,-0.09335200560186732,-0.19223445930952296,-0.6905606441072304,-0.27928063253883567,-0.33213212822538024,1.6672107955308748,-0.2040093074477469,2.655592949426451,5
0.8943014957160725,-0.8579975145989774,-0.27702741028012307,-0.3986836914865238,-0.4895152370825761,1.4049121980031531,1.0952282595959517,-0.09335200560186732,-0.19223445930952296,1.448098741990747,-0.27928063253883567,-0.33213212822538024,-0.5998041775404763,-0.2040093074477469,-0.37656373512212316,7
-0.8096556751338929,-0.8579975145989774,-0.27702741028012307,-0.3986836914865238,-0.4895152370825761,1.4049121980031531,1.0952282595959517,-0.09335200560186732,-0.19223445930952296,-0.6905606441072304,-0.27928063253883567,-0.33213212822538024,-0.5998041775404763,-0.2040093074477469,-0.37656373512212316,7
-0.8096556751338929,-0.8579975145989774,-0.27702741028012307,-0.3986836914865238,2.042837330171421,-0.6470573530235344,-0.9130516778017737,-0.09335200560186732,-0.19223445930952296,-0.6905606441072304,-0.27928063253883567,-0.33213212822538024,-0.5998041775404763,-0.2040093074477469,-0.37656373512212316,7
-0.8096556751338929,-0.8579975145989774,-0.27702741028012307,-0.3986836914865238,-0.4895152370825761,-0.6470573530235344,1.0952282595959517,-0.09335200560186732,-0.19223445930952296,-0.6905606441072304,-0.27928063253883567,-0.33213212822538024,-0.5998041775404763,-0.2040093074477469,-0.37656373512212316,6
0.8943014957160725,0.8288511022134494,-0.27702741028012307,-0.3986836914865238,-0.4895152370825761,-0.6470573530235344,-0.9130516778017737,-0.09335200560186732,-0.19223445930952296,-0.6905606441072304,-0.27928063253883567,3.0108499449996424,1.6672107955308748,-0.2040093074477469,-0.37656373512212316,6
-0.8096556751338929,2.5156997190258763,-0.27702741028012307,-0.3986836914865238,-0.4895152370825761,-0.6470573530235344,-0.9130516778017737,-0.09335200560186732,-0.19223445930952296,1.448098741990747,-0.27928063253883567,-0.33213212822538024,1.6672107955308748,-0.2040093074477469,-0.37656373512212316,5
-0.8096556751338929,-0.8579975145989774,-0.27702741028012307,2.5082540905333266,2.042837330171421,-0.6470573530235344,1.0952282595959517,-0.09335200560186732,-0.19223445930952296,-0.6905606441072304,-0.27928063253883567,-0.33213212822538024,-0.5998041775404763,-0.2040093074477469,-0.37656373512212316,9
-0.8096556751338929,-0.8579975145989774,3.609751103650088,-0.3986836914865238,-0.4895152370825761,-0.6470573530235344,-0.9130516778017737,-0.09335200560186732,-0.19223445930952296,-0.6905606441072304,-0.27928063253883567,-0.33213212822538024,-0.5998041775404763,-0.2040093074477469,-0.37656373512212316,7
0.8943014957160725,-0.8579975145989774,-0.27702741028012307,-0.3986836914865238,-0.4895152370825761,-0.6470573530235344,1.0952282595959517,-0.09335200560186732,-0.19223445930952296,-0.6905606441072304,-0.27928063253883567,-0.33213212822538024,-0.5998041775404763,-0.2040093074477469,-0.37656373512212316,6
-0.8096556751338929,-0.8579975145989774,-0.27702741028012307,-0.3986836914865238,2.042837330171421,1.4049121980031531,-0.9130516778017737,-0.09335200560186732,-0.19223445930952296,-0.6905606441072304,-0.27928063253883567,-0.33213212822538024,-0.5998041775404763,-0.2040093074477469,-0.37656373512212316,5
-0.8096556751338929,0.8288511022134494,-0.27702741028012307,-0.3986836914865238,-0.4895152370825761,-0.6470573530235344,-0.9130516778017737,-0.09335200560186732,-0.19223445930952296,-0.6905606441072304,-0.27928063253883567,-0.33213212822538024,-0.5998041775404763,4.901737143812081,-0.37656373512212316,7
0.8943014957160725,-0.8579975145989774,-0.27702741028012307,-0.3986836914865238,2.042837330171421,1.4049121980031531,-0.9130516778017737,-0.09335200560186732,-0.19223445930952296,-0.6905606441072304,-0.27928063253883567,-0.33213212822538024,-0.5998041775404763,-0.2040093074477469,-0.37656373512212316,5
-0.8096556751338929,0.8288511022134494,-0.27702741028012307,-0.3986836914865238,-0.4895152370825761,1.4049121980031531,-0.9130516778017737,-0.09335200560186732,-0.19223445930952296,-0.6905606441072304,-0.27928063253883567,3.0108499449996424,1.6672107955308748,-0.2040093074477469,-0.37656373512212316,6
-0.8096556751338929,0.8288511022134494,-0.27702741028012307,-0.3986836914865238,-0.4895152370825761,-0.6470573530235344,-0.9130516778017737,-0.09335200560186732,-0.19223445930952296,1.448098741990747,-0.27928063253883567,-0.33213212822538024,1.6672107955308748,-0.2040093074477469,-0.37656373512212316,5
0.8943014957160725,-0.8579975145989774,-0.27702741028012307,-0.3986836914865238,-0.4895152370825761,-0.6470573530235344,1.0952282595959517,-0.09335200560186732,-0.19223445930952296,-0.6905606441072304,-0.27928063253883567,-0.33213212822538024,1.6672107955308748,-0.2040093074477469,-0.37656373512212316,5
0.8943014957160725,-0.8579975145989774,-0.27702741028012307,2.5082540905333266,-0.4895152370825761,-0.6470573530235344,1.0952282595959517,-0.09335200560186732,-0.19223445930952296,1.448098741990747,-0.27928063253883567,-0.33213212822538024,-0.5998041775404763,-0.2040093074477469,-0.37656373512212316,6
-0.8096556751338929,-0.8579975145989774,3.609751103650088,-0.3986836914865238,2.042837330171421,-0.6470573530235344,1.0952282595959517,-0.09335200560186732,-0.19223445930952296,-0.6905606441072304,-0.27928063253883567,-0.33213212822538024,-0.5998041775404763,-0.2040093074477469,-0.37656373512212316,7
0.8943014957160725,0.8288511022134494,-0.27702741028012307,-0.3986836914865238,-0.4895152370825761,1.4049121980031531,-0.9130516778017737,-0.09335200560186732,-0.19223445930952296,-0.6905606441072304,-0.27928063253883567,-0.33213212822538024,-0.5998041775404763,4.901737143812081,-0.37656373512212316,5
-0.8096556751338929,0.8288511022134494,-0.27702741028012307,-0.3986836914865238,-0.4895152370825761,-0.6470573530235344,-0.9130516778017737,-0.09335200560186732,-0.19223445930952296,-0.6905606441072304,-0.27928063253883567,3.0108499449996424,1.6672107955308748,-0.2040093074477469,-0.37656373512212316,6
-0.8096556751338929,2.5156997190258763,-0.27702741028012307,-0.3986836914865238,-0.4895152370825761,-0.6470573530235344,-0.9130516778017737,-0.09335200560186732,-0.19223445930952296,1.448098741990747,-0.27928063253883567,-0.33213212822538024,-0.5998041775404763,-0.2040093074477469,-0.37656373512212316,4
-0.8096556751338929,-0.8579975145989774,-0.27702741028012307,-0.3986836914865238,2.042837330171421,-0.6470573530235344,1.0952282595959517,-0.09335200560186732,5.201980974648606,-0.6905606441072304,-0.27928063253883567,-0.33213212822538024,-0.5998041775404763,-0.2040093074477469,-0.37656373512212316,8
0.8943014957160725,0.8288511022134494,-0.27702741028012307,-0.3986836914865238,-0.4895152370825761,1.4049121980031531,-0.9130516778017737,-0.09335200560186732,-0.19223445930952296,1.448098741990747,-0.27928063253883567,-0.33213212822538024,-0.5998041775404763,-0.2040093074477469,-0.37656373512212316,3
-0.8096556751338929,-0.8579975145989774,-0.27702741028012307,-0.3986836914865238,-0.4895152370825761,-0.6470573530235344,1.0952282595959517,-0.09335200560186732,-0.19223445930952296,-0.6905606441072304,-0.27928063253883567,-0.33213212822538024,-0.5998041775404763,-0.2040093074477469,-0.37656373512212316,8
-0.8096556751338929,-0.8579975145989774,-0.27702741028012307,-0.3986836914865238,2.042837330171421,-0.6470573530235344,1.0952282595959517,-0.09335200560186732,5.201980974648606,-0.6905606441072304,-0.27928063253883567,-0.33213212822538024,-0.5998041775404763,-0.2040093074477469,-0.37656373512212316,8
-0.8096556751338929,-0.8579975145989774,3.609751103650088,-0.3986836914865238,-0.4895152370825761,-0.6470573530235344,-0.9130516778017737,-0.09335200560186732,-0.19223445930952296,-0.6905606441072304,-0.27928063253883567,-0.33213212822538024,-0.5998041775404763,-0.2040093074477469,2.655592949426451,7
0.8943014957160725,-0.8579975145989774,-0.27702741028012307,-0.3986836914865238,-0.4895152370825761,1.4049121980031531,-0.9130516778017737,-0.09335200560186732,-0.19223445930952296,1.448098741990747,-0.27928063253883567,-0.33213212822538024,-0.5998041775404763,-0.2040093074477469,-0.37656373512212316,5
0.8943014957160725,-0.8579975145989774,-0.27702741028012307,-0.3986836914865238,-0.4895152370825761,1.4049121980031531,1.0952282595959517,-0.09335200560186732,-0.19223445930952296,-0.6905606441072304,-0.27928063253883567,-0.33213212822538024,1.6672107955308748,-0.2040093074477469,-0.37656373512212316,7
0.8943014957160725,0.8288511022134494,-0.27702741028012307,-0.3986836914865238,-0.4895152370825761,-0.6470573530235344,-0.9130516778017737,-0.09335200560186732,-0.19223445930952296,1.448098741990747,-0.27928063253883567,-0.33213212822538024,1.6672107955308748,-0.2040093074477469,-0.37656373512212316,5
-0.8096556751338929,-0.8579975145989774,-0.27702741028012307,-0.3986836914865238,-0.4895152370825761,-0.6470573530235344,-0.9130516778017737,-0.09335200560186732,-0.19223445930952296,-0.6905606441072304,-0.27928063253883567,-0.33213212822538024,-0.5998041775404763,-0.2040093074477469,2.655592949426451,5
0.8943014957160725,0.8288511022134494,-0.27702741028012307,-0.3986836914865238,-0.4895152370825761,-0.6470573530235344,-0.9130516778017737,-0.09335200560186732,-0.19223445930952296,-0.6905606441072304,-0.27928063253883567,-0.33213212822538024,-0.5998041775404763,-0.2040093074477469,2.655592949426451,7
0.8943014957160725,-0.8579975145989774,-0.27702741028012307,-0.3986836914865238,-0.4895152370825761,-0.6470573530235344,-0.9130516778017737,-0.09335200560186732,-0.19223445930952296,1.448098741990747,-0.27928063253883567,-0.33213212822538024,1.6672107955308748,-0.2040093074477469,-0.37656373512212316,5
0.8943014957160725,0.8288511022134494,-0.27702741028012307,-0.3986836914865238,-0.4895152370825761,-0.6470573530235344,-0.9130516778017737,-0.09335200560186732,-0.19223445930952296,1.448098741990747,-0.27928063253883567,-0.33213212822538024,-0.5998041775404763,-0.2040093074477469,-0.37656373512212316,5
-0.8096556751338929,-0.8579975145989774,-0.27702741028012307,2.5082540905333266,-0.4895152370825761,-0.6470573530235344,1.0952282595959517,-0.09335200560186732,-0.19223445930952296,-0.6905606441072304,-0.27928063253883567,-0.33213212822538024,-0.5998041775404763,-0.2040093074477469,-0.37656373512212316,7
-0.8096556751338929,0.8288511022134494,-0.27702741028012307,-0.3986836914865238,-0.4895152370825761,1.4049121980031531,-0.9130516778017737,-0.09335200560186732,-0.19223445930952296,1.448098741990747,-0.27928063253883567,-0.33213212822538024,-0.5998041775404763,-0.2040093074477469,2.655592949426451,6
-0.8096556751338929,-0.8579975145989774,-0.27702741028012307,-0.3986836914865238,2.042837330171421,-0.6470573530235344,-0.9130516778017737,-0.09335200560186732,-0.19223445930952296,-0.6905606441072304,-0.27928063253883567,-0.33213212822538024,-0.5998041775404763,-0.2040093074477469,-0.37656373512212316,8
-0.8096556751338929,-0.8579975145989774,-0.27702741028012307,-0.3986836914865238,-0.4895152370825761,-0.6470573530235344,-0.9130516778017737,-0.09335200560186732,-0.19223445930952296,-0.6905606441072304,-0.27928063253883567,3.0108499449996424,1.6672107955308748,-0.2040093074477469,-0.37656373512212316,7
-0.8096556751338929,-0.8579975145989774,-0.27702741028012307,2.5082540905333266,-0.4895152370825761,-0.6470573530235344,-0.9130516778017737,-0.09335200560186732,-0.19223445930952296,-0.6905606441072304,-0.27928063253883567,-0.33213212822538024,-0.5998041775404763,-0.2040093074477469,-0.37656373512212316,8
-0.8096556751338929,-0.8579975145989774,-0.27702741028012307,-0.3986836914865238,2.042837330171421,-0.6470573530235344,-0.9130516778017737,-0.09335200560186732,-0.19223445930952296,-0.6905606441072304,-0.27928063253883567,-0.33213212822538024,1.6672107955308748,-0.2040093074477469,-0.37656373512212316,6
0.8943014957160725,-0.8579975145989774,-0.27702741028012307,-0.3986836914865238,-0.4895152370825761,1.4049121980031531,-0.9130516778017737,-0.09335200560186732,-0.19223445930952296,-0.6905606441072304,-0.27928063253883567,-0.33213212822538024,-0.5998041775404763,-0.2040093074477469,-0.37656373512212316,4
0.8943014957160725,0.8288511022134494,-0.27702741028012307,-0.3986836914865238,2.042837330171421,1.4049121980031531,-0.9130516778017737,-0.09335200560186732,-0.19223445930952296,1.448098741990747,-0.27928063253883567,-0.33213212822538024,-0.5998041775404763,-0.2040093074477469,-0.37656373512212316,6
2.598258666566038,0.8288511022134494,-0.27702741028012307,-0.3986836914865238,-0.4895152370825761,-0.6470573530235344,-0.9130516778017737,-0.09335200560186732,-0.19223445930952296,1.448098741990747,-0.27928063253883567,-0.33213212822538024,-0.5998041775404763,-0.2040093074477469,-0.37656373512212316,4
-0.8096556751338929,0.8288511022134494,-0.27702741028012307,-0.3986836914865238,-0.4895152370825761,-0.6470573530235344,1.0952282595959517,-0.09335200560186732,-0.19223445930952296,1.448098741990747,-0.27928063253883567,3.0108499449996424,1.6672107955308748,-0.2040093074477469,-0.37656373512212316,8
-0.8096556751338929,0.8288511022134494,-0.27702741028012307,-0.3986836914865238,-0.4895152370825761,-0.6470573530235344,1.0952282595959517,-0.09335200560186732,-0.19223445930952296,-0.6905606441072304,-0.27928063253883567,-0.33213212822538024,-0.5998041775404763,-0.2040093074477469,2.655592949426451,6
2.598258666566038,0.8288511022134494,-0.27702741028012307,-0.3986836914865238,-0.4895152370825761,3.456881749029841,-0.9130516778017737,-0.09335200560186732,-0.19223445930952296,-0.6905606441072304,-0.27928063253883567,-0.33213212822538024,-0.5998041775404763,-0.2040093074477469,-0.37656373512212316,4
0.8943014957160725,-0.8579975145989774,-0.27702741028012307,-0.3986836914865238,-0.4895152370825761,-0.6470573530235344,1.0952282595959517,-0.09335200560186732,-0.19223445930952296,-0.6905606441072304,-0.27928063253883567,-0.33213212822538024,-0.5998041775404763,-0.2040093074477469,-0.37656373512212316,6
0.8943014957160725,0.8288511022134494,-0.27702741028012307,-0.3986836914865238,-0.4895152370825761,-0.6470573530235344,-0.9130516778017737,-0.09335200560186732,-0.19223445930952296,1.448098741990747,-0.27928063253883567,-0.33213212822538024,-0.5998041775404763,-0.2040093074477469,-0.37656373512212316,6
-0.8096556751338929,-0.8579975145989774,-0.27702741028012307,2.5082540905333266,-0.4895152370825761,-0.6470573530235344,1.0952282595959517,-0.09335200560186732,-0.19223445930952296,-0.6905606441072304,-0.27928063253883567,-0.33213212822538024,1.6672107955308748,-0.2040093074477469,-0.37656373512212316,7
0.8943014957160725,-0.8579975145989774,-0.27702741028012307,-0.3986836914865238,-0.4895152370825761,3.456881749029841,-0.9130516778017737,-0.09335200560186732,-0.19223445930952296,-0.6905606441072304,-0.27928063253883567,-0.33213212822538024,-0.5998041775404763,-0.2040093074477469,-0.37656373512212316,6
0.8943014957160725,-0.8579975145989774,-0.27702741028012307,-0.3986836914865238,-0.4895152370825761,-0.6470573530235344,-0.9130516778017737,-0.09335200560186732,-0.19223445930952296,1.448098741990747,-0.27928063253883567,-0.33213212822538024,1.6672107955308748,-0.2040093074477469,-0.37656373512212316,4
-0.8096556751338929,-0.8579975145989774,-0.27702741028012307,-0.3986836914865238,-0.4895152370825761,1.4049121980031531,1.0952282595959517,-0.09335200560186732,-0.19223445930952296,-0.6905606441072304,-0.27928063253883567,-0.33213212822538024,1.6672107955308748,-0.2040093074477469,-0.37656373512212316,7
0.8943014957160725,0.8288511022134494,-0.27702741028012307,-0.3986836914865238,-0.4895152370825761,1.4049121980031531,1.0952282595959517,-0.09335200560186732,-0.19223445930952296,-0.6905606441072304,-0.27928063253883567,3.0108499449996424,1.6672107955308748,-0.2040093074477469,-0.37656373512212316,5
-0.8096556751338929,-0.8579975145989774,-0.27702741028012307,-0.3986836914865238,-0.4895152370825761,1.4049121980031531,1.0952282595959517,-0.09335200560186732,-0.19223445930952296,-0.6905606441072304,-0.27928063253883567,-0.33213212822538024,-0.5998041775404763,-0.2040093074477469,-0.37656373512212316,6
-0.8096556751338929,-0.8579975145989774,-0.27702741028012307,-0.3986836914865238,2.042837330171421,-0.6470573530235344,1.0952282595959517,-0.09335200560186732,-0.19223445930952296,-0.6905606441072304,-0.27928063253883567,-0.33213212822538024,-0.5998041775404763,-0.2040093074477469,-0.37656373512212316,7
-0.8096556751338929,-0.8579975145989774,-0.27702741028012307,-0.3986836914865238,-0.4895152370825761,1.4049121980031531,1.0952282595959517,-0.09335200560186732,-0.19223445930952296,1.448098741990747,-0.27928063253883567,-0.33213212822538024,-0.5998041775404763,-0.2040093074477469,-0.37656373512212316,5
-0.8096556751338929,0.8288511022134494,-0.27702741028012307,2.5082540905333266,-0.4895152370825761,-0.6470573530235344,-0.9130516778017737,-0.09335200560186732,-0.19223445930952296,-0.6905606441072304,-0.27928063253883567,-0.33213212822538024,-0.5998041775404763,-0.2040093074477469,-0.37656373512212316,7
-0.8096556751338929,0.8288511022134494,-0.27702741028012307,-0.3986836914865238,-0.4895152370825761,-0.6470573530235344,1.0952282595959517,-0.09335200560186732,-0.19223445930952296,-0.6905606441072304,-0.27928063253883567,3.0108499449996424,1.6672107955308748,-0.2040093074477469,-0.37656373512212316,7
0.8943014957160725,0.8288511022134494,-0.27702741028012307,-0.3986836914865238,-0.4895152370825761,-0.6470573530235344,1.0952282595959517,-0.09335200560186732,-0.19223445930952296,1.448098741990747,-0.27928063253883567,-0.33213212822538024,-0.5998041775404763,4.901737143812081,-0.37656373512212316,4
-0.8096556751338929,-0.8579975145989774,-0.27702741028012307,-0.3986836914865238,-0.4895152370825761,1.4049121980031531,-0.9130516778017737,-0.09335200560186732,-0.19223445930952296,1.448098741990747,-0.27928063253883567,-0.33213212822538024,-0.5998041775404763,-0.2040093074477469,2.655592949426451,5
2.598258666566038,0.8288511022134494,-0.27702741028012307,-0.3986836914865238,-0.4895152370825761,-0.6470573530235344,-0.9130516778017737,-0.09335200560186732,-0.19223445930952296,1.448098741990747,-0.27928063253883567,-0.33213212822538024,1.6672107955308748,-0.2040093074477469,-0.37656373512212316,4
0.8943014957160725,0.8288511022134494,-0.27702741028012307,-0.3986836914865238,-0.4895152370825761,-0.6470573530235344,-0.9130516778017737,-0.09335200560186732,-0.19223445930952296,1.448098741990747,-0.27928063253883567,-0.33213212822538024,-0.5998041775404763,-0.2040093074477469,-0.37656373512212316,5
0.8943014957160725,0.8288511022134494,-0.27702741028012307,-0.3986836914865238,-0.4895152370825761,-0.6470573530235344,-0.9130516778017737,10.712142642814275,-0.19223445930952296,1.448098741990747,-0.27928063253883567,-0.33213212822538024,-0.5998041775404763,-0.2040093074477469,-0.37656373512212316,3
2.598258666566038,0.8288511022134494,-0.27702741028012307,-0.3986836914865238,-0.4895152370825761,-0.6470573530235344,-0.9130516778017737,-0.09335200560186732,-0.19223445930952296,-0.6905606441072304,-0.27928063253883567,-0.33213212822538024,-0.5998041775404763,-0.2040093074477469,-0.37656373512212316,5
-0.8096556751338929,-0.8579975145989774,-0.27702741028012307,-0.3986836914865238,-0.4895152370825761,-0.6470573530235344,1.0952282595959517,-0.09335200560186732,-0.19223445930952296,-0.6905606441072304,-0.27928063253883567,-0.33213212822538024,-0.5998041775404763,-0.2040093074477469,-0.37656373512212316,7
-0.8096556751338929,-0.8579975145989774,-0.27702741028012307,-0.3986836914865238,-0.4895152370825761,-0.6470573530235344,-0.9130516778017737,-0.09335200560186732,-0.19223445930952296,-0.6905606441072304,-0.27928063253883567,3.0108499449996424,-0.5998041775404763,-0.2040093074477469,-0.37656373512212316,7
-0.8096556751338929,-0.8579975145989774,3.609751103650088,2.5082540905333266,-0.4895152370825761,-0.6470573530235344,1.0952282595959517,-0.09335200560186732,-0.19223445930952296,-0.6905606441072304,-0.27928063253883567,-0.33213212822538024,-0.5998041775404763,-0.2040093074477469,-0.37656373512212316,8
-0.8096556751338929,-0.8579975145989774,-0.27702741028012307,-0.3986836914865238,-0.4895152370825761,-0.6470573530235344,-0.9130516778017737,-0.09335200560186732,-0.19223445930952296,-0.6905606441072304,3.5806278112068637,-0.33213212822538024,-0.5998041775404763,-0.2040093074477469,2.655592949426451,8
-0.8096556751338929,-0.8579975145989774,-0.27702741028012307,-0.3986836914865238,2.042837330171421,1.4049121980031531,-0.9130516778017737,-0.09335200560186732,-0.19223445930952296,-0.6905606441072304,-0.27928063253883567,-0.33213212822538024,-0.5998041775404763,-0.2040093074477469,-0.37656373512212316,7
-0.8096556751338929,-0.8579975145989774,-0.27702741028012307,2.5082540905333266,-0.4895152370825761,-0.6470573530235344,1.0952282595959517,-0.09335200560186732,-0.19223445930952296,-0.6905606441072304,-0.27928063253883567,-0.33213212822538024,-0.5998041775404763,-0.2040093074477469,-0.37656373512212316,6
-0.8096556751338929,-0.8579975145989774,-0.27702741028012307,-0.3986836914865238,2.042837330171421,-0.6470573530235344,1.0952282595959517,-0.09335200560186732,-0.19223445930952296,1.448098741990747,-0.27928063253883567,-0.33213212822538024,-0.5998041775404763,-0.2040093074477469,-0.37656373512212316,8
-0.8096556751338929,0.8288511022134494,-0.27702741028012307,-0.3986836914865238,-0.4895152370825761,-0.6470573530235344,-0.9130516778017737,-0.09335200560186732,-0.19223445930952296,1.448098741990747,3.5806278112068637,-0.33213212822538024,-0.5998041775404763,-0.2040093074477469,-0.37656373512212316,7
2.598258666566038,2.5156997190258763,-0.27702741028012307,-0.3986836914865238,-0.4895152370825761,-0.6470573530235344,-0.9130516778017737,-0.09335200560186732,-0.19223445930952296,1.448098741990747,-0.27928063253883567,-0.33213212822538024,-0.5998041775404763,-0.2040093074477469,-0.37656373512212316,4
0.8943014957160725,-0.8579975145989774,-0.27702741028012307,-0.3986836914865238,2.042837330171421,1.4049121980031531,1.0952282595959517,-0.09335200560186732,-0.19223445930952296,-0.6905606441072304,-0.27928063253883567,-0.33213212822538024,-0.5998041775404763,-0.2040093074477469,-0.37656373512212316,6
-0.8096556751338929,-0.8579975145989774,-0.27702741028012307,-0.3986836914865238,-0.4895152370825761,1.4049121980031531,1.0952282595959517,-0.09335200560186732,-0.19223445930952296,-0.6905606441072304,-0.27928063253883567,-0.33213212822538024,-0.5998041775404763,-0.2040093074477469,-0.37656373512212316,7
-0.8096556751338929,0.8288511022134494,-0.27702741028012307,-0.3986836914865238,-0.4895152370825761,1.4049121980031531,-0.9130516778017737,-0.09335200560186732,-0.19223445930952296,1.448098741990747,-0.27928063253883567,-0.33213212822538024,-0.5998041775404763,-0.2040093074477469,-0.37656373512212316,7
-0.8096556751338929,0.8288511022134494,-0.27702741028012307,-0.3986836914865238,-0.4895152370825761,-0.6470573530235344,1.0952282595959517,-0.09335200560186732,-0.19223445930952296,1.448098741990747,-0.27928063253883567,3.0108499449996424,1.6672107955308748,-0.2040093074477469,-0.37656373512212316,5
-0.8096556751338929,0.8288511022134494,-0.27702741028012307,-0.3986836914865238,2.042837330171421,-0.6470573530235344,1.0952282595959517,-0.09335200560186732,-0.19223445930952296,1.448098741990747,-0.27928063253883567,-0.33213212822538024,-0.5998041775404763,-0.2040093074477469,-0.37656373512212316,7
-0.8096556751338929,-0.8579975145989774,-0.27702741028012307,-0.3986836914865238,-0.4895152370825761,1.4049121980031531,1.0952282595959517,-0.09335200560186732,-0.19223445930952296,-0.6905606441072304,-0.27928063253883567,3.0108499449996424,-0.5998041775404763,-0.2040093074477469,-0.37656373512212316,7
2.598258666566038,2.5156997190258763,-0.27702741028012307,-0.3986836914865238,-0.4895152370825761,-0.6470573530235344,-0.9130516778017737,-0.09335200560186732,-0.19223445930952296,1.448098741990747,-0.27928063253883567,-0.33213212822538024,-0.5998041775404763,-0.2040093074477469,-0.37656373512212316,4
-0.8096556751338929,0.8288511022134494,-0.27702741028012307,-0.3986836914865238,-0.4895152370825761,1.4049121980031531,1.0952282595959517,-0.09335200560186732,-0.19223445930952296,-0.6905606441072304,-0.27928063253883567,-0.33213212822538024,-0.5998041775404763,-0.2040093074477469,-0.37656373512212316,4
0.8943014957160725,-0.8579975145989774,-0.27702741028012307,-0.3986836914865238,-0.4895152370825761,1.4049121980031531,1.0952282595959517,-0.09335200560186732,-0.19223445930952296,-0.6905606441072304,-0.27928063253883567,-0.33213212822538024,-0.5998041775404763,-0.2040093074477469,2.655592949426451,6
-0.8096556751338929,-0.8579975145989774,-0.27702741028012307,-0.3986836914865238,-0.4895152370825761,-0.6470573530235344,-0.9130516778017737,-0.09335200560186732,-0.19223445930952296,-0.6905606441072304,-0.27928063253883567,-0.33213212822538024,-0.5998041775404763,4.901737143812081,-0.37656373512212316,8
0.8943014957160725,0.8288511022134494,-0.27702741028012307,2.5082540905333266,-0.4895152370825761,-0.6470573530235344,-0.9130516778017737,-0.09335200560186732,-0.19223445930952296,-0.6905606441072304,-0.27928063253883567,-0.33213212822538024,1.6672107955308748,-0.2040093074477469,-0.37656373512212316,6
0.8943014957160725,0.8288511022134494,-0.27702741028012307,-0.3986836914865238,-0.4895152370825761,-0.6470573530235344,1.0952282595959517,-0.09335200560186732,-0.19223445930952296,1.448098741990747,-0.27928063253883567,3.0108499449996424,1.6672107955308748,-0.2040093074477469,-0.37656373512212316,4
0.8943014957160725,0.8288511022134494,-0.27702741028012307,-0.3986836914865238,-0.4895152370825761,-0.6470573530235344,-0.9130516778017737,-0.09335200560186732,-0.19223445930952296,1.448098741990747,-0.27928063253883567,-0.33213212822538024,1.6672107955308748,-0.2040093074477469,2.655592949426451,6
0.8943014957160725,0.8288511022134494,-0.27702741028012307,2.5082540905333266,-0.4895152370825761,1.4049121980031531,1.0952282595959517,-0.09335200560186732,-0.19223445930952296,-0.6905606441072304,-0.27928063253883567,-0.33213212822538024,-0.5998041775404763,-0.2040093074477469,-0.37656373512212316,6
0.8943014957160725,-0.8579975145989774,3.609751103650088,-0.3986836914865238,-0.4895152370825761,1.4049121980031531,-0.9130516778017737,-0.09335200560186732,-0.19223445930952296,-0.6905606441072304,-0.27928063253883567,-0.33213212822538024,-0.5998041775404763,-0.2040093074477469,-0.37656373512212316,7
0.8943014957160725,-0.8579975145989774,-0.27702741028012307,2.5082540905333266,-0.4895152370825761,-0.6470573530235344,-0.9130516778017737,-0.09335200560186732,-0.19223445930952296,-0.6905606441072304,-0.27928063253883567,-0.33213212822538024,1.6672107955308748,-0.2040093074477469,-0.37656373512212316,5
0.8943014957160725,0.8288511022134494,-0.27702741028012307,-0.3986836914865238,-0.4895152370825761,-0.6470573530235344,-0.9130516778017737,-0.09335200560186732,-0.19223445930952296,1.448098741990747,3.5806278112068637,-0.33213212822538024,-0.5998041775404763,-0.2040093074477469,-0.37656373512212316,4
-0.8096556751338929,-0.8579975145989774,-0.27702741028012307,-0.3986836914865238,-0.4895152370825761,1.4049121980031531,-0.9130516778017737,-0.09335200560186732,-0.19223445930952296,1.448098741990747,-0.27928063253883567,-0.33213212822538024,-0.5998041775404763,-0.2040093074477469,-0.37656373512212316,5
-0.8096556751338929,0.8288511022134494,3.609751103650088,-0.3986836914865238,2.042837330171421,-0.6470573530235344,1.0952282595959517,-0.09335200560186732,-0.19223445930952296,-0.6905606441072304,-0.27928063253883567,-0.33213212822538024,-0.5998041775404763,-0.2040093074477469,-0.37656373512212316,7
0.8943014957160725,0.8288511022134494,-0.27702741028012307,-0.3986836914865238,-0.4895152370825761,-0.6470573530235344,-0.9130516778017737,-0.09335200560186732,-0.19223445930952296,1.448098741990747,-0.27928063253883567,-0.33213212822538024,-0.5998041775404763,4.901737143812081,-0.37656373512212316,4
0.8943014957160725,-0.8579975145989774,3.609751103650088,-0.3986836914865238,-0.4895152370825761,1.4049121980031531,-0.9130516778017737,-0.09335200560186732,-0.19223445930952296,-0.6905606441072304,-0.27928063253883567,-0.33213212822538024,-0.5998041775404763,-0.2040093074477469,-0.37656373512212316,5
2.598258666566038,2.5156997190258763,-0.27702741028012307,-0.3986836914865238,-0.4895152370825761,1.4049121980031531,-0.9130516778017737,-0.09335200560186732,-0.19223445930952296,1.448098741990747,-0.27928063253883567,-0.33213212822538024,-0.5998041775404763,-0.2040093074477469,-0.37656373512212316,1
0.8943014957160725,-0.8579975145989774,-0.27702741028012307,-0.3986836914865238,-0.4895152370825761,1.4049121980031531,1.0952282595959517,-0.09335200560186732,-0.19223445930952296,-0.6905606441072304,-0.27928063253883567,-0.33213212822538024,1.6672107955308748,-0.2040093074477469,-0.37656373512212316,3
-0.8096556751338929,0.8288511022134494,-0.27702741028012307,-0.3986836914865238,2.042837330171421,-0.6470573530235344,1.0952282595959517,-0.09335200560186732,-0.19223445930952296,-0.6905606441072304,-0.27928063253883567,-0.33213212822538024,-0.5998041775404763,-0.2040093074477469,-0.37656373512212316,8
0.8943014957160725,-0.8579975145989774,-0.27702741028012307,-0.3986836914865238,2.042837330171421,-0.6470573530235344,1.0952282595959517,-0.09335200560186732,-0.19223445930952296,-0.6905606441072304,-0.27928063253883567,-0.33213212822538024,1.6672107955308748,-0.2040093074477469,-0.37656373512212316,7
-0.8096556751338929,0.8288511022134494,-0.27702741028012307,-0.3986836914865238,-0.4895152370825761,1.4049121980031531,-0.9130516778017737,-0.09335200560186732,-0.19223445930952296,1.448098741990747,-0.27928063253883567,-0.33213212822538024,-0.5998041775404763,-0.2040093074477469,-0.37656373512212316,4
0.8943014957160725,-0.8579975145989774,-0.27702741028012307,-0.3986836914865238,-0.4895152370825761,1.4049121980031531,1.0952282595959517,-0.09335200560186732,-0.19223445930952296,-0.6905606441072304,-0.27928063253883567,-0.33213212822538024,1.6672107955308748,-0.2040093074477469,-0.37656373512212316,4
-0.8096556751338929,-0.8579975145989774,-0.27702741028012307,2.5082540905333266,-0.4895152370825761,-0.6470573530235344,-0.9130516778017737,-0.09335200560186732,-0.19223445930952296,-0.6905606441072304,-0.27928063253883567,-0.33213212822538024,1.6672107955308748,-0.2040093074477469,-0.37656373512212316,5
2.598258666566038,0.8288511022134494,-0.27702741028012307,-0.3986836914865238,-0.4895152370825761,1.4049121980031531,-0.9130516778017737,-0.09335200560186732,-0.19223445930952296,1.448098741990747,-0.27928063253883567,-0.33213212822538024,-0.5998041775404763,-0.2040093074477469,-0.37656373512212316,6
0.8943014957160725,0.8288511022134494,-0.27702741028012307,-0.3986836914865238,2.042837330171421,-0.6470573530235344,1.0952282595959517,-0.09335200560186732,-0.19223445930952296,-0.6905606441072304,-0.27928063253883567,-0.33213212822538024,1.6672107955308748,-0.2040093074477469,-0.37656373512212316,8
-0.8096556751338929,-0.8579975145989774,3.609751103650088,2.5082540905333266,-0.4895152370825761,-0.6470573530235344,1.0952282595959517,-0.09335200560186732,-0.19223445930952296,-0.6905606441072304,-0.27928063253883567,-0.33213212822538024,-0.5998041775404763,-0.2040093074477469,-0.37656373512212316,9
-0.8096556751338929,-0.8579975145989774,-0.27702741028012307,2.5082540905333266,2.042837330171421,-0.6470573530235344,-0.9130516778017737,-0.09335200560186732,-0.19223445930952296,-0.6905606441072304,-0.27928063253883567,-0.33213212822538024,-0.5998041775404763,-0.2040093074477469,-0.37656373512212316,8
-0.8096556751338929,0.8288511022134494,-0.27702741028012307,-0.3986836914865238,-0.4895152370825761,-0.6470573530235344,-0.9130516778017737,-0.09335200560186732,-0.19223445930952296,-0.6905606441072304,-0.27928063253883567,-0.33213212822538024,-0.5998041775404763,-0.2040093074477469,-0.37656373512212316,4
-0.8096556751338929,0.8288511022134494,-0.27702741028012307,-0.3986836914865238,-0.4895152370825761,-0.6470573530235344,1.0952282595959517,-0.09335200560186732,-0.19223445930952296,-0.6905606441072304,-0.27928063253883567,-0.33213212822538024,1.6672107955308748,-0.2040093074477469,-0.37656373512212316,6
-0.8096556751338929,0.8288511022134494,-0.27702741028012307,-0.3986836914865238,-0.4895152370825761,1.4049121980031531,-0.9130516778017737,-0.09335200560186732,-0.19223445930952296,1.448098741990747,-0.27928063253883567,-0.33213212822538024,1.6672107955308748,-0.2040093074477469,-0.37656373512212316,4
-0.8096556751338929,2.5156997190258763,-0.27702741028012307,-0.3986836914865238,-0.4895152370825761,-0.6470573530235344,-0.9130516778017737,-0.09335200560186732,-0.19223445930952296,1.448098741990747,-0.27928063253883567,-0.33213212822538024,1.6672107955308748,-0.2040093074477469,-0.37656373512212316,4
-0.8096556751338929,0.8288511022134494,-0.27702741028012307,-0.3986836914865238,-0.4895152370825761,-0.6470573530235344,-0.9130516778017737,10.712142642814275,-0.19223445930952296,1.448098741990747,-0.27928063253883567,-0.33213212822538024,-0.5998041775404763,-0.2040093074477469,-0.37656373512212316,2
0.8943014957160725,-0.8579975145989774,-0.27702741028012307,-0.3986836914865238,2.042837330171421,-0.6470573530235344,1.0952282595959517,-0.09335200560186732,-0.19223445930952296,-0.6905606441072304,-0.27928063253883567,-0.33213212822538024,-0.5998041775404763,-0.2040093074477469,-0.37656373512212316,7
-0.8096556751338929,-0.8579975145989774,-0.27702741028012307,-0.3986836914865238,-0.4895152370825761,-0.6470573530235344,1.0952282595959517,-0.09335200560186732,-0.19223445930952296,-0.6905606441072304,3.5806278112068637,-0.33213212822538024,-0.5998041775404763,-0.2040093074477469,2.655592949426451,7
-0.8096556751338929,0.8288511022134494,-0.27702741028012307,-0.3986836914865238,-0.4895152370825761,-0.6470573530235344,-0.9130516778017737,-0.09335200560186732,-0.19223445930952296,-0.6905606441072304,-0.27928063253883567,-0.33213212822538024,-0.5998041775404763,-0.2040093074477469,2.655592949426451,6
-0.8096556751338929,0.8288511022134494,-0.27702741028012307,-0.3986836914865238,-0.4895152370825761,-0.6470573530235344,1.0952282595959517,-0.09335200560186732,-0.19223445930952296,1.448098741990747,-0.27928063253883567,3.0108499449996424,-0.5998041775404763,-0.2040093074477469,-0.37656373512212316,3
0.8943014957160725,-0.8579975145989774,-0.27702741028012307,-0.3986836914865238,-0.4895152370825761,-0.6470573530235344,1.0952282595959517,-0.09335200560186732,5.201980974648606,-0.6905606441072304,-0.27928063253883567,-0.33213212822538024,-0.5998041775404763,-0.2040093074477469,-0.37656373512212316,7
-0.8096556751338929,0.8288511022134494,-0.27702741028012307,-0.3986836914865238,-0.4895152370825761,-0.6470573530235344,1.0952282595959517,-0.09335200560186732,-0.19223445930952296,1.448098741990747,-0.27928063253883567,-0.33213212822538024,-0.5998041775404763,4.901737143812081,-0.37656373512212316,5
0.8943014957160725,2.5156997190258763,-0.27702741028012307,-0.3986836914865238,-0.4895152370825761,-0.6470573530235344,1.0952282595959517,-0.09335200560186732,-0.19223445930952296,-0.6905606441072304,-0.27928063253883567,-0.33213212822538024,-0.5998041775404763,-0.2040093074477469,-0.37656373512212316,4
0.8943014957160725,-0.8579975145989774,-0.27702741028012307,-0.3986836914865238,2.042837330171421,-0.6470573530235344,-0.9130516778017737,-0.09335200560186732,-0.19223445930952296,-0.6905606441072304,-0.27928063253883567,-0.33213212822538024,-0.5998041775404763,-0.2040093074477469,-0.37656373512212316,5
-0.8096556751338929,-0.8579975145989774,-0.27702741028012307,-0.3986836914865238,-0.4895152370825761,1.4049121980031531,-0.9130516778017737,-0.09335200560186732,-0.19223445930952296,-0.6905606441072304,-0.27928063253883567,-0.33213212822538024,-0.5998041775404763,4.901737143812081,-0.37656373512212316,5
2.598258666566038,-0.8579975145989774,-0.27702741028012307,-0.3986836914865238,-0.4895152370825761,1.4049121980031531,-0.9130516778017737,-0.09335200560186732,-0.19223445930952296,1.448098741990747,-0.27928063253883567,-0.33213212822538024,-0.5998041775404763,-0.2040093074477469,-0.37656373512212316,5
0.8943014957160725,0.8288511022134494,-0.27702741028012307,-0.3986836914865238,-0.4895152370825761,-0.6470573530235344,-0.9130516778017737,-0.09335200560186732,-0.19223445930952296,-0.6905606441072304,-0.27928063253883567,-0.33213212822538024,-0.5998041775404763,-0.2040093074477469,-0.37656373512212316,6
0.8943014957160725,-0.8579975145989774,-0.27702741028012307,-0.3986836914865238,-0.4895152370825761,-0.6470573530235344,1.0952282595959517,-0.09335200560186732,-0.19223445930952296,-0.6905606441072304,3.5806278112068637,-0.33213212822538024,-0.5998041775404763,-0.2040093074477469,-0.37656373512212316,4
-0.8096556751338929,0.8288511022134494,-0.27702741028012307,-0.3986836914865238,-0.4895152370825761,1.4049121980031531,-0.9130516778017737,-0.09335200560186732,-0.19223445930952296,-0.6905606441072304,-0.27928063253883567,-0.33213212822538024,1.6672107955308748,-0.2040093074477469,2.655592949426451,7
-0.8096556751338929,0.8288511022134494,-0.27702741028012307,-0.3986836914865238,2.042837330171421,-0.6470573530235344,1.0952282595959517,-0.09335200560186732,-0.19223445930952296,-0.6905606441072304,-0.27928063253883567,-0.33213212822538024,-0.5998041775404763,-0.2040093074477469,-0.37656373512212316,7
-0.8096556751338929,-0.8579975145989774,-0.27702741028012307,-0.3986836914865238,-0.4895152370825761,1.4049121980031531,-0.9130516778017737,-0.09335200560186732,-0.19223445930952296,-0.6905606441072304,-0.27928063253883567,-0.33213212822538024,-0.5998041775404763,-0.2040093074477469,-0.37656373512212316,7
-0.8096556751338929,-0.8579975145989774,-0.27702741028012307,-0.3986836914865238,-0.4895152370825761,-0.6470573530235344,1.0952282595959517,-0.09335200560186732,-0.19223445930952296,-0.6905606441072304,-0.27928063253883567,-0.33213212822538024,-0.5998041775404763,-0.2040093074477469,-0.37656373512212316,6
-0.8096556751338929,0.8288511022134494,-0.27702741028012307,-0.3986836914865238,-0.4895152370825761,1.4049121980031531,-0.9130516778017737,-0.09335200560186732,-0.19223445930952296,1.448098741990747,3.5806278112068637,-0.33213212822538024,-0.5998041775404763,-0.2040093074477469,-0.37656373512212316,6
-0.8096556751338929,0.8288511022134494,-0.27702741028012307,-0.3986836914865238,-0.4895152370825761,-0.6470573530235344,-0.9130516778017737,-0.09335200560186732,-0.19223445930952296,1.448098741990747,-0.27928063253883567,-0.33213212822538024,1.6672107955308748,-0.2040093074477469,-0.37656373512212316,5
-0.8096556751338929,0.8288511022134494,-0.27702741028012307,-0.3986836914865238,-0.4895152370825761,1.4049121980031531,-0.9130516778017737,-0.09335200560186732,-0.19223445930952296,1.448098741990747,-0.27928063253883567,-0.33213212822538024,-0.5998041775404763,-0.2040093074477469,-0.37656373512212316,5
0.8943014957160725,-0.8579975145989774,-0.27702741028012307,-0.3986836914865238,-0.4895152370825761,-0.6470573530235344,-0.9130516778017737,-0.09335200560186732,-0.19223445930952296,1.448098741990747,-0.27928063253883567,3.0108499449996424,1.6672107955308748,-0.2040093074477469,-0.37656373512212316,5
0.8943014957160725,0.8288511022134494,-0.27702741028012307,-0.3986836914865238,-0.4895152370825761,-0.6470573530235344,-0.9130516778017737,-0.09335200560186732,-0.19223445930952296,-0.6905606441072304,-0.27928063253883567,-0.33213212822538024,-0.5998041775404763,-0.2040093074477469,-0.37656373512212316,6
-0.8096556751338929,-0.8579975145989774,-0.27702741028012307,-0.3986836914865238,2.042837330171421,-0.6470573530235344,1.0952282595959517,-0.09335200560186732,-0.19223445930952296,-0.6905606441072304,-0.27928063253883567,-0.33213212822538024,-0.5998041775404763,4.901737143812081,-0.37656373512212316,9
0.8943014957160725,-0.8579975145989774,-0.27702741028012307,-0.3986836914865238,-0.4895152370825761,1.4049121980031531,-0.9130516778017737,-0.09335200560186732,-0.19223445930952296,-0.6905606441072304,-0.27928063253883567,-0.33213212822538024,-0.5998041775404763,-0.2040093074477469,2.655592949426451,6
0.8943014957160725,0.8288511022134494,-0.27702741028012307,-0.3986836914865238,-0.4895152370825761,-0.6470573530235344,-0.9130516778017737,-0.09335200560186732,-0.19223445930952296,1.448098741990747,-0.27928063253883567,-0.33213212822538024,-0.5998041775404763,-0.2040093074477469,-0.37656373512212316,4
0.8943014957160725,0.8288511022134494,-0.27702741028012307,-0.3986836914865238,-0.4895152370825761,3.456881749029841,-0.9130516778017737,-0.09335200560186732,-0.19223445930952296,-0.6905606441072304,-0.27928063253883567,-0.33213212822538024,-0.5998041775404763,-0.2040093074477469,-0.37656373512212316,4
0.8943014957160725,0.8288511022134494,-0.27702741028012307,-0.3986836914865238,-0.4895152370825761,-0.6470573530235344,1.0952282595959517,-0.09335200560186732,-0.19223445930952296,-0.6905606441072304,-0.27928063253883567,-0.33213212822538024,-0.5998041775404763,-0.2040093074477469,-0.37656373512212316,6
-0.8096556751338929,-0.8579975145989774,-0.27702741028012307,-0.3986836914865238,2.042837330171421,-0.6470573530235344,1.0952282595959517,-0.09335200560186732,-0.19223445930952296,-0.6905606441072304,-0.27928063253883567,-0.33213212822538024,-0.5998041775404763,-0.2040093074477469,-0.37656373512212316,8
0.8943014957160725,0.8288511022134494,-0.27702741028012307,-0.3986836914865238,-0.4895152370825761,-0.6470573530235344,-0.9130516778017737,-0.09335200560186732,-0.19223445930952296,1.448098741990747,-0.27928063253883567,-0.33213212822538024,-0.5998041775404763,-0.2040093074477469,-0.37656373512212316,4
0.8943014957160725,0.8288511022134494,-0.27702741028012307,-0.3986836914865238,-0.4895152370825761,1.4049121980031531,-0.9130516778017737,-0.09335200560186732,-0.19223445930952296,1.448098741990747,-0.27928063253883567,3.0108499449996424,1.6672107955308748,-0.2040093074477469,-0.37656373512212316,7
0.8943014957160725,-0.8579975145989774,-0.27702741028012307,-0.3986836914865238,-0.4895152370825761,1.4049121980031531,1.0952282595959517,-0.09335200560186732,-0.19223445930952296,1.448098741990747,-0.27928063253883567,-0.33213212822538024,1.6672107955308748,-0.2040093074477469,-0.37656373512212316,7
0.8943014957160725,0.8288511022134494,-0.27702741028012307,-0.3986836914865238,-0.4895152370825761,-0.6470573530235344,-0.9130516778017737,-0.09335200560186732,-0.19223445930952296,-0.6905606441072304,-0.27928063253883567,-0.33213212822538024,-0.5998041775404763,-0.2040093074477469,2.655592949426451,8
0.8943014957160725,0.8288511022134494,-0.27702741028012307,-0.3986836914865238,2.042837330171421,-0.6470573530235344,1.0952282595959517,-0.09335200560186732,-0.19223445930952296,1.448098741990747,-0.27928063253883567,-0.33213212822538024,1.6672107955308748,-0.2040093074477469,-0.37656373512212316,6
-0.8096556751338929,-0.8579975145989774,-0.27702741028012307,-0.3986836914865238,-0.4895152370825761,-0.6470573530235344,1.0952282595959517,-0.09335200560186732,-0.19223445930952296,-0.6905606441072304,-0.27928063253883567,-0.33213212822538024,-0.5998041775404763,4.901737143812081,-0.37656373512212316,6
0.8943014957160725,-0.8579975145989774,-0.27702741028012307,-0.3986836914865238,-0.4895152370825761,-0.6470573530235344,-0.9130516778017737,-0.09335200560186732,-0.19223445930952296,1.448098741990747,-0.27928063253883567,-0.33213212822538024,-0.5998041775404763,-0.2040093074477469,-0.37656373512212316,6
-0.8096556751338929,-0.8579975145989774,3.609751103650088,-0.3986836914865238,-0.4895152370825761,-0.6470573530235344,-0.9130516778017737,-0.09335200560186732,-0.19223445930952296,-0.6905606441072304,-0.27928063253883567,-0.33213212822538024,-0.5998041775404763,-0.2040093074477469,2.655592949426451,8
-0.8096556751338929,-0.8579975145989774,3.609751103650088,2.5082540905333266,2.042837330171421,-0.6470573530235344,1.0952282595959517,-0.09335200560186732,-0.19223445930952296,-0.6905606441072304,-0.27928063253883567,-0.33213212822538024,-0.5998041775404763,-0.2040093074477469,-0.37656373512212316,9
0.8943014957160725,-0.8579975145989774,3.609751103650088,-0.3986836914865238,-0.4895152370825761,-0.6470573530235344,-0.9130516778017737,-0.09335200560186732,-0.19223445930952296,-0.6905606441072304,-0.27928063253883567,-0.33213212822538024,-0.5998041775404763,-0.2040093074477469,2.655592949426451,7
0.8943014957160725,-0.8579975145989774,-0.27702741028012307,-0.3986836914865238,-0.4895152370825761,1.4049121980031531,1.0952282595959517,-0.09335200560186732,-0.19223445930952296,1.448098741990747,-0.27928063253883567,-0.33213212822538024,-0.5998041775404763,-0.2040093074477469,-0.37656373512212316,5
-0.8096556751338929,0.8288511022134494,-0.27702741028012307,-0.3986836914865238,2.042837330171421,-0.6470573530235344,1.0952282595959517,-0.09335200560186732,-0.19223445930952296,-0.6905606441072304,-0.27928063253883567,-0.33213212822538024,-0.5998041775404763,-0.2040093074477469,-0.37656373512212316,7
0.8943014957160725,0.8288511022134494,-0.27702741028012307,-0.3986836914865238,-0.4895152370825761,-0.6470573530235344,-0.9130516778017737,-0.09335200560186732,-0.19223445930952296,-0.6905606441072304,-0.27928063253883567,-0.33213212822538024,1.6672107955308748,4.901737143812081,-0.37656373512212316,4
0.8943014957160725,-0.8579975145989774,-0.27702741028012307,-0.3986836914865238,-0.4895152370825761,-0.6470573530235344,-0.9130516778017737,-0.09335200560186732,-0.19223445930952296,1.448098741990747,-0.27928063253883567,-0.33213212822538024,1.6672107955308748,-0.2040093074477469,-0.37656373512212316,3
0.8943014957160725,2.5156997190258763,-0.27702741028012307,-0.3986836914865238,-0.4895152370825761,-0.6470573530235344,-0.9130516778017737,-0.09335200560186732,-0.19223445930952296,1.448098741990747,-0.27928063253883567,-0.33213212822538024,-0.5998041775404763,-0.2040093074477469,-0.37656373512212316,4
0.8943014957160725,0.8288511022134494,-0.27702741028012307,-0.3986836914865238,-0.4895152370825761,-0.6470573530235344,-0.9130516778017737,-0.09335200560186732,-0.19223445930952296,1.448098741990747,-0.27928063253883567,-0.33213212822538024,1.6672107955308748,-0.2040093074477469,-0.37656373512212316,6
-0.8096556751338929,-0.8579975145989774,-0.27702741028012307,-0.3986836914865238,2.042837330171421,-0.6470573530235344,-0.9130516778017737,-0.09335200560186732,-0.19223445930952296,-0.6905606441072304,-0.27928063253883567,-0.33213212822538024,1.6672107955308748,-0.2040093074477469,-0.37656373512212316,7
-0.8096556751338929,0.8288511022134494,-0.27702741028012307,-0.3986836914865238,-0.4895152370825761,-0.6470573530235344,1.0952282595959517,-0.09335200560186732,-0.19223445930952296,-0.6905606441072304,-0.27928063253883567,-0.33213212822538024,-0.5998041775404763,-0.2040093074477469,2.655592949426451,7
-0.8096556751338929,-0.8579975145989774,-0.27702741028012307,-0.3986836914865238,-0.4895152370825761,-0.6470573530235344,1.0952282595959517,-0.09335200560186732,-0.19223445930952296,-0.6905606441072304,3.5806278112068637,-0.33213212822538024,-0.5998041775404763,-0.2040093074477469,-0.37656373512212316,8
0.8943014957160725,-0.8579975145989774,-0.27702741028012307,-0.3986836914865238,-0.4895152370825761,1.4049121980031531,1.0952282595959517,-0.09335200560186732,-0.19223445930952296,-0.6905606441072304,3.5806278112068637,-0.33213212822538024,-0.5998041775404763,-0.2040093074477469,-0.37656373512212316,7
-0.8096556751338929,-0.8579975145989774,-0.27702741028012307,-0.3986836914865238,-0.4895152370825761,1.4049121980031531,-0.9130516778017737,-0.09335200560186732,-0.19223445930952296,1.448098741990747,-0.27928063253883567,-0.33213212822538024,1.6672107955308748,-0.2040093074477469,-0.37656373512212316,7
-0.8096556751338929,-0.8579975145989774,-0.27702741028012307,-0.3986836914865238,2.042837330171421,-0.6470573530235344,1.0952282595959517,-0.09335200560186732,-0.19223445930952296,-0.6905606441072304,-0.27928063253883567,3.0108499449996424,-0.5998041775404763,-0.2040093074477469,-0.37656373512212316,6
-0.8096556751338929,0.8288511022134494,-0.27702741028012307,-0.3986836914865238,-0.4895152370825761,-0.6470573530235344,-0.9130516778017737,-0.09335200560186732,-0.19223445930952296,1.448098741990747,-0.27928063253883567,-0.33213212822538024,-0.5998041775404763,-0.2040093074477469,-0.37656373512212316,7
-0.8096556751338929,-0.8579975145989774,-0.27702741028012307,2.5082540905333266,2.042837330171421,-0.6470573530235344,1.0952282595959517,-0.09335200560186732,5.201980974648606,-0.6905606441072304,-0.27928063253883567,-0.33213212822538024,-0.5998041775404763,-0.2040093074477469,-0.37656373512212316,8
0.8943014957160725,-0.8579975145989774,-0.27702741028012307,-0.3986836914865238,-0.4895152370825761,-0.6470573530235344,1.0952282595959517,-0.09335200560186732,-0.19223445930952296,-0.6905606441072304,-0.27928063253883567,-0.33213212822538024,-0.5998041775404763,-0.2040093074477469,-0.37656373512212316,6
0.8943014957160725,-0.8579975145989774,-0.27702741028012307,-0.3986836914865238,-0.4895152370825761,1.4049121980031531,-0.9130516778017737,-0.09335200560186732,-0.19223445930952296,-0.6905606441072304,-0.27928063253883567,-0.33213212822538024,-0.5998041775404763,-0.2040093074477469,-0.37656373512212316,5
0.8943014957160725,0.8288511022134494,-0.27702741028012307,-0.3986836914865238,-0.4895152370825761,1.4049121980031531,-0.9130516778017737,-0.09335200560186732,-0.19223445930952296,1.448098741990747,-0.27928063253883567,-0.33213212822538024,1.6672107955308748,-0.2040093074477469,-0.37656373512212316,3
2.598258666566038,-0.8579975145989774,-0.27702741028012307,-0.3986836914865238,-0.4895152370825761,-0.6470573530235344,-0.9130516778017737,-0.09335200560186732,-0.19223445930952296,-0.6905606441072304,-0.27928063253883567,-0.33213212822538024,1.6672107955308748,-0.2040093074477469,-0.37656373512212316,4
0.8943014957160725,0.8288511022134494,-0.27702741028012307,-0.3986836914865238,2.042837330171421,-0.6470573530235344,-0.9130516778017737,-0.09335200560186732,-0.19223445930952296,-0.6905606441072304,-0.27928063253883567,-0.33213212822538024,-0.5998041775404763,-0.2040093074477469,-0.37656373512212316,4
-0.8096556751338929,0.8288511022134494,-0.27702741028012307,-0.3986836914865238,2.042837330171421,-0.6470573530235344,1.0952282595959517,-0.09335200560186732,-0.19223445930952296,-0.6905606441072304,-0.27928063253883567,-0.33213212822538024,-0.5998041775404763,-0.2040093074477469,-0.37656373512212316,8
-0.8096556751338929,-0.8579975145989774,3.609751103650088,-0.3986836914865238,2.042837330171421,-0.6470573530235344,1.0952282595959517,-0.09335200560186732,-0.19223445930952296,-0.6905606441072304,-0.27928063253883567,-0.33213212822538024,-0.5998041775404763,-0.2040093074477469,-0.37656373512212316,7
-0.8096556751338929,-0.8579975145989774,-0.27702741028012307,-0.3986836914865238,-0.4895152370825761,1.4049121980031531,1.0952282595959517,-0.09335200560186732,-0.19223445930952296,1.448098741990747,-0.27928063253883567,-0.33213212822538024,1.6672107955308748,-0.2040093074477469,-0.37656373512212316,6
-0.8096556751338929,-0.8579975145989774,-0.27702741028012307,2.5082540905333266,-0.4895152370825761,-0.6470573530235344,1.0952282595959517,-0.09335200560186732,-0.19223445930952296,1.448098741990747,-0.27928063253883567,-0.33213212822538024,-0.5998041775404763,-0.2040093074477469,-0.37656373512212316,7
2.598258666566038,2.5156997190258763,-0.27702741028012307,-0.3986836914865238,-0.4895152370825761,1.4049121980031531,-0.9130516778017737,-0.09335200560186732,-0.19223445930952296,1.448098741990747,-0.27928063253883567,-0.33213212822538024,-0.5998041775404763,-0.2040093074477469,-0.37656373512212316,1
0.8943014957160725,-0.8579975145989774,-0.27702741028012307,-0.3986836914865238,-0.4895152370825761,1.4049121980031531,-0.9130516778017737,-0.09335200560186732,-0.19223445930952296,-0.6905606441072304,3.5806278112068637,-0.33213212822538024,-0.5998041775404763,-0.2040093074477469,-0.37656373512212316,6
-0.8096556751338929,0.8288511022134494,-0.27702741028012307,-0.3986836914865238,-0.4895152370825761,1.4049121980031531,1.0952282595959517,-0.09335200560186732,-0.19223445930952296,1.448098741990747,-0.27928063253883567,-0.33213212822538024,-0.5998041775404763,-0.2040093074477469,-0.37656373512212316,4
-0.8096556751338929,-0.8579975145989774,-0.27702741028012307,-0.3986836914865238,-0.4895152370825761,-0.6470573530235344,1.0952282595959517,-0.09335200560186732,-0.19223445930952296,-0.6905606441072304,3.5806278112068637,-0.33213212822538024,-0.5998041775404763,-0.2040093074477469,2.655592949426451,8
-0.8096556751338929,-0.8579975145989774,-0.27702741028012307,-0.3986836914865238,2.042837330171421,-0.6470573530235344,1.0952282595959517,-0.09335200560186732,5.201980974648606,-0.6905606441072304,-0.27928063253883567,-0.33213212822538024,-0.5998041775404763,-0.2040093074477469,-0.37656373512212316,8
-0.8096556751338929,0.8288511022134494,-0.27702741028012307,2.5082540905333266,-0.4895152370825761,-0.6470573530235344,1.0952282595959517,-0.09335200560186732,-0.19223445930952296,-0.6905606441072304,-0.27928063253883567,-0.33213212822538024,-0.5998041775404763,-0.2040093074477469,-0.37656373512212316,7
-0.8096556751338929,-0.8579975145989774,-0.27702741028012307,-0.3986836914865238,2.042837330171421,-0.6470573530235344,1.0952282595959517,-0.09335200560186732,-0.19223445930952296,1.448098741990747,-0.27928063253883567,-0.33213212822538024,-0.5998041775404763,-0.2040093074477469,-0.37656373512212316,6
-0.8096556751338929,-0.8579975145989774,-0.27702741028012307,-0.3986836914865238,-0.4895152370825761,-0.6470573530235344,1.0952282595959517,-0.09335200560186732,-0.19223445930952296,1.448098741990747,-0.27928063253883567,-0.33213212822538024,1.6672107955308748,-0.2040093074477469,-0.37656373512212316,4
0.8943014957160725,0.8288511022134494,-0.27702741028012307,-0.3986836914865238,-0.4895152370825761,3.456881749029841,-0.9130516778017737,-0.09335200560186732,-0.19223445930952296,-0.6905606441072304,-0.27928063253883567,-0.33213212822538024,1.6672107955308748,-0.2040093074477469,-0.37656373512212316,7
-0.8096556751338929,-0.8579975145989774,-0.27702741028012307,-0.3986836914865238,-0.4895152370825761,1.4049121980031531,1.0952282595959517,-0.09335200560186732,-0.19223445930952296,-0.6905606441072304,-0.27928063253883567,-0.33213212822538024,-0.5998041775404763,-0.2040093074477469,-0.37656373512212316,4
0.8943014957160725,2.5156997190258763,-0.27702741028012307,-0.3986836914865238,-0.4895152370825761,1.4049121980031531,-0.9130516778017737,-0.09335200560186732,-0.19223445930952296,-0.6905606441072304,-0.27928063253883567,-0.33213212822538024,-0.5998041775404763,-0.2040093074477469,2.655592949426451,8
-0.8096556751338929,0.8288511022134494,-0.27702741028012307,-0.3986836914865238,-0.4895152370825761,-0.6470573530235344,1.0952282595959517,-0.09335200560186732,-0.19223445930952296,1.448098741990747,-0.27928063253883567,-0.33213212822538024,-0.5998041775404763,-0.2040093074477469,-0.37656373512212316,5
0.8943014957160725,-0.8579975145989774,-0.27702741028012307,-0.3986836914865238,-0.4895152370825761,-0.6470573530235344,1.0952282595959517,-0.09335200560186732,-0.19223445930952296,-0.6905606441072304,-0.27928063253883567,-0.33213212822538024,1.6672107955308748,-0.2040093074477469,-0.37656373512212316,7
-0.8096556751338929,0.8288511022134494,-0.27702741028012307,-0.3986836914865238,-0.4895152370825761,-0.6470573530235344,-0.9130516778017737,-0.09335200560186732,-0.19223445930952296,1.448098741990747,-0.27928063253883567,-0.33213212822538024,-0.5998041775404763,-0.2040093074477469,-0.37656373512212316,4
-0.8096556751338929,-0.8579975145989774,3.609751103650088,-0.3986836914865238,-0.4895152370825761,1.4049121980031531,-0.9130516778017737,-0.09335200560186732,-0.19223445930952296,-0.6905606441072304,-0.27928063253883567,-0.33213212822538024,-0.5998041775404763,-0.2040093074477469,2.655592949426451,6
-0.8096556751338929,-0.8579975145989774,-0.27702741028012307,2.5082540905333266,-0.4895152370825761,-0.6470573530235344,1.0952282595959517,-0.09335200560186732,-0.19223445930952296,-0.6905606441072304,-0.27928063253883567,-0.33213212822538024,-0.5998041775404763,-0.2040093074477469,-0.37656373512212316,6
-0.8096556751338929,0.8288511022134494,-0.27702741028012307,-0.3986836914865238,-0.4895152370825761,-0.6470573530235344,-0.9130516778017737,-0.09335200560186732,-0.19223445930952296,1.448098741990747,-0.27928063253883567,3.0108499449996424,1.6672107955308748,-0.2040093074477469,-0.37656373512212316,4
0.8943014957160725,0.8288511022134494,-0.27702741028012307,-0.3986836914865238,-0.4895152370825761,-0.6470573530235344,1.0952282595959517,-0.09335200560186732,-0.19223445930952296,-0.6905606441072304,-0.27928063253883567,-0.33213212822538024,1.6672107955308748,-0.2040093074477469,-0.37656373512212316,5
-0.8096556751338929,-0.8579975145989774,-0.27702741028012307,2.5082540905333266,2.042837330171421,-0.6470573530235344,1.0952282595959517,-0.09335200560186732,5.201980974648606,-0.6905606441072304,-0.27928063253883567,-0.33213212822538024,-0.5998041775404763,-0.2040093074477469,-0.37656373512212316,7
0.8943014957160725,0.8288511022134494,-0.27702741028012307,-0.3986836914865238,-0.4895152370825761,1.4049121980031531,-0.9130516778017737,-0.09335200560186732,-0.19223445930952296,1.448098741990747,-0.27928063253883567,-0.33213212822538024,-0.5998041775404763,-0.2040093074477469,2.655592949426451,3
0.8943014957160725,-0.8579975145989774,-0.27702741028012307,-0.3986836914865238,-0.4895152370825761,1.4049121980031531,-0.9130516778017737,-0.09335200560186732,-0.19223445930952296,-0.6905606441072304,-0.27928063253883567,-0.33213212822538024,-0.5998041775404763,-0.2040093074477469,-0.37656373512212316,4
-0.8096556751338929,-0.8579975145989774,-0.27702741028012307,2.5082540905333266,2.042837330171421,-0.6470573530235344,1.0952282595959517,-0.09335200560186732,5.201980974648606,-0.6905606441072304,-0.27928063253883567,-0.33213212822538024,-0.5998041775404763,-0.2040093074477469,-0.37656373512212316,7
-0.8096556751338929,-0.8579975145989774,-0.27702741028012307,2.5082540905333266,2.042837330171421,-0.6470573530235344,-0.9130516778017737,-0.09335200560186732,-0.19223445930952296,-0.6905606441072304,-0.27928063253883567,-0.33213212822538024,-0.5998041775404763,-0.2040093074477469,-0.37656373512212316,8
0.8943014957160725,0.8288511022134494,-0.27702741028012307,-0.3986836914865238,-0.4895152370825761,1.4049121980031531,-0.9130516778017737,-0.09335200560186732,-0.19223445930952296,-0.6905606441072304,-0.27928063253883567,-0.33213212822538024,-0.5998041775404763,-0.2040093074477469,2.655592949426451,6
-0.8096556751338929,-0.8579975145989774,-0.27702741028012307,-0.3986836914865238,-0.4895152370825761,-0.6470573530235344,1.0952282595959517,-0.09335200560186732,-0.19223445930952296,-0.6905606441072304,3.5806278112068637,-0.33213212822538024,-0.5998041775404763,-0.2040093074477469,2.655592949426451,9
0.8943014957160725,-0.8579975145989774,-0.27702741028012307,-0.3986836914865238,-0.4895152370825761,-0.6470573530235344,-0.9130516778017737,-0.09335200560186732,-0.19223445930952296,-0.6905606441072304,-0.27928063253883567,3.0108499449996424,-0.5998041775404763,-0.2040093074477469,-0.37656373512212316,6
-0.8096556751338929,-0.8579975145989774,-0.27702741028012307,2.5082540905333266,2.042837330171421,-0.6470573530235344,1.0952282595959517,-0.09335200560186732,-0.19223445930952296,-0.6905606441072304,-0.27928063253883567,-0.33213212822538024,-0.5998041775404763,-0.2040093074477469,-0.37656373512212316,7
0.8943014957160725,-0.8579975145989774,-0.27702741028012307,-0.3986836914865238,-0.4895152370825761,1.4049121980031531,-0.9130516778017737,-0.09335200560186732,-0.19223445930952296,-0.6905606441072304,-0.27928063253883567,3.0108499449996424,1.6672107955308748,-0.2040093074477469,-0.37656373512212316,4
0.8943014957160725,2.5156997190258763,-0.27702741028012307,-0.3986836914865238,2.042837330171421,1.4049121980031531,-0.9130516778017737,-0.09335200560186732,-0.19223445930952296,-0.6905606441072304,-0.27928063253883567,-0.33213212822538024,-0.5998041775404763,-0.2040093074477469,-0.37656373512212316,6
-0.8096556751338929,-0.8579975145989774,-0.27702741028012307,-0.3986836914865238,-0.4895152370825761,1.4049121980031531,-0.9130516778017737,-0.09335200560186732,-0.19223445930952296,1.448098741990747,3.5806278112068637,-0.33213212822538024,-0.5998041775404763,-0.2040093074477469,-0.37656373512212316,8
-0.8096556751338929,-0.8579975145989774,-0.27702741028012307,-0.3986836914865238,-0.4895152370825761,1.4049121980031531,-0.9130516778017737,-0.09335200560186732,-0.19223445930952296,-0.6905606441072304,-0.27928063253883567,-0.33213212822538024,-0.5998041775404763,-0.2040093074477469,2.655592949426451,6
0.8943014957160725,0.8288511022134494,-0.27702741028012307,-0.3986836914865238,-0.4895152370825761,-0.6470573530235344,-0.9130516778017737,-0.09335200560186732,-0.19223445930952296,1.448098741990747,-0.27928063253883567,-0.33213212822538024,-0.5998041775404763,-0.2040093074477469,2.655592949426451,3
0.8943014957160725,0.8288511022134494,-0.27702741028012307,2.5082540905333266,-0.4895152370825761,-0.6470573530235344,1.0952282595959517,-0.09335200560186732,-0.19223445930952296,-0.6905606441072304,-0.27928063253883567,-0.33213212822538024,-0.5998041775404763,-0.2040093074477469,-0.37656373512212316,6
-0.8096556751338929,-0.8579975145989774,-0.27702741028012307,-0.3986836914865238,-0.4895152370825761,-0.6470573530235344,1.0952282595959517,-0.09335200560186732,-0.19223445930952296,-0.6905606441072304,-0.27928063253883567,-0.33213212822538024,1.6672107955308748,-0.2040093074477469,-0.37656373512212316,6
-0.8096556751338929,-0.8579975145989774,-0.27702741028012307,2.5082540905333266,-0.4895152370825761,-0.6470573530235344,1.0952282595959517,-0.09335200560186732,5.201980974648606,-0.6905606441072304,-0.27928063253883567,-0.33213212822538024,-0.5998041775404763,-0.2040093074477469,-0.37656373512212316,8
-0.8096556751338929,-0.8579975145989774,3.609751103650088,-0.3986836914865238,2.042837330171421,-0.6470573530235344,1.0952282595959517,-0.09335200560186732,-0.19223445930952296,-0.6905606441072304,-0.27928063253883567,-0.33213212822538024,-0.5998041775404763,-0.2040093074477469,-0.37656373512212316,8
2.598258666566038,0.8288511022134494,-0.27702741028012307,-0.3986836914865238,-0.4895152370825761,-0.6470573530235344,-0.9130516778017737,-0.09335200560186732,-0.19223445930952296,-0.6905606441072304,-0.27928063253883567,-0.33213212822538024,-0.5998041775404763,-0.2040093074477469,-0.37656373512212316,3
-0.8096556751338929,0.8288511022134494,-0.27702741028012307,-0.3986836914865238,-0.4895152370825761,-0.6470573530235344,-0.9130516778017737,-0.09335200560186732,-0.19223445930952296,-0.6905606441072304,3.5806278112068637,-0.33213212822538024,-0.5998041775404763,-0.2040093074477469,2.655592949426451,7
-0.8096556751338929,0.8288511022134494,-0.27702741028012307,-0.3986836914865238,-0.4895152370825761,-0.6470573530235344,-0.9130516778017737,-0.09335200560186732,-0.19223445930952296,-0.6905606441072304,-0.27928063253883567,3.0108499449996424,1.6672107955308748,-0.2040093074477469,-0.37656373512212316,7
0.8943014957160725,-0.8579975145989774,-0.27702741028012307,-0.3986836914865238,-0.4895152370825761,-0.6470573530235344,1.0952282595959517,-0.09335200560186732,-0.19223445930952296,-0.6905606441072304,-0.27928063253883567,3.0108499449996424,1.6672107955308748,-0.2040093074477469,-0.37656373512212316,6
0.8943014957160725,-0.8579975145989774,-0.27702741028012307,-0.3986836914865238,-0.4895152370825761,1.4049121980031531,-0.9130516778017737,-0.09335200560186732,-0.19223445930952296,-0.6905606441072304,-0.27928063253883567,-0.33213212822538024,1.6672107955308748,-0.2040093074477469,-0.37656373512212316,5
0.8943014957160725,-0.8579975145989774,-0.27702741028012307,-0.3986836914865238,-0.4895152370825761,1.4049121980031531,1.0952282595959517,-0.09335200560186732,-0.19223445930952296,-0.6905606441072304,-0.27928063253883567,-0.33213212822538024,-0.5998041775404763,-0.2040093074477469,2.655592949426451,5
-0.8096556751338929,-0.8579975145989774,-0.27702741028012307,2.5082540905333266,-0.4895152370825761,-0.6470573530235344,1.0952282595959517,-0.09335200560186732,-0.19223445930952296,-0.6905606441072304,-0.27928063253883567,-0.33213212822538024,-0.5998041775404763,-0.2040093074477469,-0.37656373512212316,8
-0.8096556751338929,-0.8579975145989774,-0.27702741028012307,-0.3986836914865238,-0.4895152370825761,-0.6470573530235344,1.0952282595959517,-0.09335200560186732,-0.19223445930952296,1.448098741990747,-0.27928063253883567,-0.33213212822538024,-0.5998041775404763,-0.2040093074477469,-0.37656373512212316,6
0.8943014957160725,-0.8579975145989774,-0.27702741028012307,-0.3986836914865238,2.042837330171421,-0.6470573530235344,-0.9130516778017737,-0.09335200560186732,-0.19223445930952296,1.448098741990747,-0.27928063253883567,-0.33213212822538024,-0.5998041775404763,-0.2040093074477469,-0.37656373512212316,5
0.8943014957160725,0.8288511022134494,-0.27702741028012307,-0.3986836914865238,2.042837330171421,1.4049121980031531,1.0952282595959517,-0.09335200560186732,-0.19223445930952296,1.448098741990747,-0.27928063253883567,-0.33213212822538024,-0.5998041775404763,-0.2040093074477469,-0.37656373512212316,4
-0.8096556751338929,-0.8579975145989774,-0.27702741028012307,-0.3986836914865238,-0.4895152370825761,-0.6470573530235344,1.0952282595959517,-0.09335200560186732,-0.19223445930952296,1.448098741990747,-0.27928063253883567,-0.33213212822538024,-0.5998041775404763,-0.2040093074477469,-0.37656373512212316,7
-0.8096556751338929,-0.8579975145989774,-0.27702741028012307,2.5082540905333266,2.042837330171421,-0.6470573530235344,1.0952282595959517,-0.09335200560186732,5.201980974648606,-0.6905606441072304,-0.27928063253883567,-0.33213212822538024,-0.5998041775404763,-0.2040093074477469,-0.37656373512212316,9
0.8943014957160725,-0.8579975145989774,-0.27702741028012307,-0.3986836914865238,2.042837330171421,-0.6470573530235344,-0.9130516778017737,-0.09335200560186732,-0.19223445930952296,-0.6905606441072304,-0.27928063253883567,-0.33213212822538024,-0.5998041775404763,-0.2040093074477469,-0.37656373512212316,5
-0.8096556751338929,0.8288511022134494,-0.27702741028012307,-0.3986836914865238,-0.4895152370825761,-0.6470573530235344,-0.9130516778017737,-0.09335200560186732,-0.19223445930952296,1.448098741990747,-0.27928063253883567,-0.33213212822538024,1.6672107955308748,-0.2040093074477469,-0.37656373512212316,5
-0.8096556751338929,-0.8579975145989774,-0.27702741028012307,-0.3986836914865238,-0.4895152370825761,-0.6470573530235344,1.0952282595959517,-0.09335200560186732,-0.19223445930952296,-0.6905606441072304,-0.27928063253883567,3.0108499449996424,1.6672107955308748,-0.2040093074477469,-0.37656373512212316,4
0.8943014957160725,0.8288511022134494,-0.27702741028012307,-0.3986836914865238,-0.4895152370825761,-0.6470573530235344,-0.9130516778017737,-0.09335200560186732,-0.19223445930952296,1.448098741990747,-0.27928063253883567,-0.33213212822538024,-0.5998041775404763,-0.2040093074477469,-0.37656373512212316,6
2.598258666566038,0.8288511022134494,-0.27702741028012307,-0.3986836914865238,-0.4895152370825761,1.4049121980031531,-0.9130516778017737,-0.09335200560186732,-0.19223445930952296,-0.6905606441072304,-0.27928063253883567,-0.33213212822538024,-0.5998041775404763,-0.2040093074477469,-0.37656373512212316,3
-0.8096556751338929,-0.8579975145989774,-0.27702741028012307,2.5082540905333266,-0.4895152370825761,-0.6470573530235344,-0.9130516778017737,-0.09335200560186732,-0.19223445930952296,-0.6905606441072304,-0.27928063253883567,-0.33213212822538024,1.6672107955308748,-0.2040093074477469,-0.37656373512212316,8
-0.8096556751338929,-0.8579975145989774,-0.27702741028012307,-0.3986836914865238,-0.4895152370825761,1.4049121980031531,-0.9130516778017737,-0.09335200560186732,-0.19223445930952296,-0.6905606441072304,-0.27928063253883567,3.0108499449996424,1.6672107955308748,-0.2040093074477469,-0.37656373512212316,7
-0.8096556751338929,0.8288511022134494,-0.27702741028012307,-0.3986836914865238,-0.4895152370825761,-0.6470573530235344,1.0952282595959517,-0.09335200560186732,-0.19223445930952296,-0.6905606441072304,-0.27928063253883567,3.0108499449996424,1.6672107955308748,-0.2040093074477469,-0.37656373512212316,4
-0.8096556751338929,0.8288511022134494,-0.27702741028012307,-0.3986836914865238,-0.4895152370825761,-0.6470573530235344,-0.9130516778017737,-0.09335200560186732,-0.19223445930952296,-0.6905606441072304,-0.27928063253883567,-0.33213212822538024,-0.5998041775404763,-0.2040093074477469,-0.37656373512212316,7
0.8943014957160725,0.8288511022134494,-0.27702741028012307,-0.3986836914865238,-0.4895152370825761,-0.6470573530235344,-0.9130516778017737,-0.09335200560186732,-0.19223445930952296,1.448098741990747,-0.27928063253883567,3.0108499449996424,-0.5998041775404763,-0.2040093074477469,-0.37656373512212316,3
-0.8096556751338929,-0.8579975145989774,3.609751103650088,-0.3986836914865238,-0.4895152370825761,-0.6470573530235344,1.0952282595959517,-0.09335200560186732,-0.19223445930952296,-0.6905606441072304,-0.27928063253883567,-0.33213212822538024,-0.5998041775404763,-0.2040093074477469,2.655592949426451,8
-0.8096556751338929,0.8288511022134494,-0.27702741028012307,-0.3986836914865238,-0.4895152370825761,-0.6470573530235344,1.0952282595959517,-0.09335200560186732,-0.19223445930952296,1.448098741990747,-0.27928063253883567,-0.33213212822538024,-0.5998041775404763,-0.2040093074477469,-0.37656373512212316,8
0.8943014957160725,0.8288511022134494,-0.27702741028012307,-0.3986836914865238,-0.4895152370825761,-0.6470573530235344,-0.9130516778017737,-0.09335200560186732,-0.19223445930952296,-0.6905606441072304,-0.27928063253883567,-0.33213212822538024,-0.5998041775404763,-0.2040093074477469,-0.37656373512212316,7
-0.8096556751338929,0.8288511022134494,-0.27702741028012307,-0.3986836914865238,-0.4895152370825761,-0.6470573530235344,-0.9130516778017737,-0.09335200560186732,-0.19223445930952296,1.448098741990747,-0.27928063253883567,-0.33213212822538024,-0.5998041775404763,-0.2040093074477469,-0.37656373512212316,5
-0.8096556751338929,0.8288511022134494,-0.27702741028012307,-0.3986836914865238,-0.4895152370825761,-0.6470573530235344,-0.9130516778017737,-0.09335200560186732,-0.19223445930952296,-0.6905606441072304,-0.27928063253883567,3.0108499449996424,1.6672107955308748,-0.2040093074477469,-0.37656373512212316,7
-0.8096556751338929,-0.8579975145989774,-0.27702741028012307,-0.3986836914865238,-0.4895152370825761,-0.6470573530235344,1.0952282595959517,-0.09335200560186732,-0.19223445930952296,1.448098741990747,-0.27928063253883567,-0.33213212822538024,1.6672107955308748,-0.2040093074477469,-0.37656373512212316,5
0.8943014957160725,-0.8579975145989774,-0.27702741028012307,-0.3986836914865238,2.042837330171421,-0.6470573530235344,-0.9130516778017737,-0.09335200560186732,-0.19223445930952296,-0.6905606441072304,-0.27928063253883567,-0.33213212822538024,-0.5998041775404763,-0.2040093074477469,-0.37656373512212316,7
-0.8096556751338929,-0.8579975145989774,-0.27702741028012307,-0.3986836914865238,-0.4895152370825761,-0.6470573530235344,-0.9130516778017737,-0.09335200560186732,-0.19223445930952296,-0.6905606441072304,-0.27928063253883567,3.0108499449996424,1.6672107955308748,-0.2040093074477469,-0.37656373512212316,7
0.8943014957160725,-0.8579975145989774,-0.27702741028012307,-0.3986836914865238,-0.4895152370825761,1.4049121980031531,-0.9130516778017737,-0.09335200560186732,-0.19223445930952296,-0.6905606441072304,-0.27928063253883567,-0.33213212822538024,1.6672107955308748,-0.2040093074477469,-0.37656373512212316,6
-0.8096556751338929,-0.8579975145989774,-0.27702741028012307,-0.3986836914865238,-0.4895152370825761,-0.6470573530235344,-0.9130516778017737,-0.09335200560186732,-0.19223445930952296,-0.6905606441072304,-0.27928063253883567,-0.33213212822538024,-0.5998041775404763,-0.2040093074477469,-0.37656373512212316,7
-0.8096556751338929,-0.8579975145989774,-0.27702741028012307,-0.3986836914865238,2.042837330171421,-0.6470573530235344,-0.9130516778017737,-0.09335200560186732,-0.19223445930952296,1.448098741990747,-0.27928063253883567,-0.33213212822538024,-0.5998041775404763,-0.2040093074477469,-0.37656373512212316,6
0.8943014957160725,0.8288511022134494,-0.27702741028012307,2.5082540905333266,-0.4895152370825761,1.4049121980031531,-0.9130516778017737,-0.09335200560186732,-0.19223445930952296,1.448098741990747,-0.27928063253883567,-0.33213212822538024,-0.5998041775404763,-0.2040093074477469,-0.37656373512212316,6
0.8943014957160725,2.5156997190258763,-0.27702741028012307,-0.3986836914865238,-0.4895152370825761,1.4049121980031531,-0.9130516778017737,-0.09335200560186732,-0.19223445930952296,1.448098741990747,-0.27928063253883567,-0.33213212822538024,-0.5998041775404763,-0.2040093074477469,-0.37656373512212316,4
-0.8096556751338929,-0.8579975145989774,3.609751103650088,-0.3986836914865238,-0.4895152370825761,-0.6470573530235344,-0.9130516778017737,-0.09335200560186732,-0.19223445930952296,-0.6905606441072304,-0.27928063253883567,-0.33213212822538024,-0.5998041775404763,-0.2040093074477469,-0.37656373512212316,6
0.8943014957160725,0.8288511022134494,-0.27702741028012307,-0.3986836914865238,-0.4895152370825761,1.4049121980031531,1.0952282595959517,-0.09335200560186732,-0.19223445930952296,1.448098741990747,-0.27928063253883567,3.0108499449996424,1.6672107955308748,-0.2040093074477469,-0.37656373512212316,4
0.8943014957160725,0.8288511022134494,-0.27702741028012307,-0.3986836914865238,2.042837330171421,-0.6470573530235344,1.0952282595959517,-0.09335200560186732,-0.19223445930952296,1.448098741990747,-0.27928063253883567,-0.33213212822538024,-0.5998041775404763,-0.2040093074477469,-0.37656373512212316,6
-0.8096556751338929,-0.8579975145989774,-0.27702741028012307,-0.3986836914865238,-0.4895152370825761,-0.6470573530235344,-0.9130516778017737,-0.09335200560186732,-0.19223445930952296,-0.6905606441072304,-0.27928063253883567,-0.33213212822538024,-0.5998041775404763,-0.2040093074477469,-0.37656373512212316,7
-0.8096556751338929,0.8288511022134494,-0.27702741028012307,-0.3986836914865238,-0.4895152370825761,1.4049121980031531,-0.9130516778017737,-0.09335200560186732,-0.19223445930952296,1.448098741990747,-0.27928063253883567,-0.33213212822538024,-0.5998041775404763,-0.2040093074477469,-0.37656373512212316,6
0.8943014957160725,-0.8579975145989774,-0.27702741028012307,-0.3986836914865238,-0.4895152370825761,1.4049121980031531,-0.9130516778017737,10.712142642814275,-0.19223445930952296,-0.6905606441072304,-0.27928063253883567,-0.33213212822538024,-0.5998041775404763,-0.2040093074477469,-0.37656373512212316,6
0.8943014957160725,-0.8579975145989774,-0.27702741028012307,2.5082540905333266,-0.4895152370825761,1.4049121980031531,1.0952282595959517,-0.09335200560186732,-0.19223445930952296,-0.6905606441072304,-0.27928063253883567,-0.33213212822538024,-0.5998041775404763,-0.2040093074477469,-0.37656373512212316,6
-0.8096556751338929,0.8288511022134494,-0.27702741028012307,-0.3986836914865238,-0.4895152370825761,-0.6470573530235344,-0.9130516778017737,-0.09335200560186732,-0.19223445930952296,1.448098741990747,-0.27928063253883567,3.0108499449996424,1.6672107955308748,-0.2040093074477469,-0.37656373512212316,5
-0.8096556751338929,0.8288511022134494,-0.27702741028012307,2.5082540905333266,-0.4895152370825761,-0.6470573530235344,1.0952282595959517,-0.09335200560186732,-0.19223445930952296,-0.6905606441072304,-0.27928063253883567,-0.33213212822538024,-0.5998041775404763,-0.2040093074477469,-0.37656373512212316,6
-0.8096556751338929,-0.8579975145989774,-0.27702741028012307,2.5082540905333266,-0.4895152370825761,-0.6470573530235344,1.0952282595959517,-0.09335200560186732,5.201980974648606,-0.6905606441072304,-0.27928063253883567,-0.33213212822538024,-0.5998041775404763,-0.2040093074477469,-0.37656373512212316,7
0.8943014957160725,-0.8579975145989774,-0.27702741028012307,-0.3986836914865238,-0.4895152370825761,1.4049121980031531,1.0952282595959517,-0.09335200560186732,-0.19223445930952296,1.448098741990747,-0.27928063253883567,-0.33213212822538024,-0.5998041775404763,-0.2040093074477469,-0.37656373512212316,6
-0.8096556751338929,-0.8579975145989774,-0.27702741028012307,-0.3986836914865238,2.042837330171421,-0.6470573530235344,1.0952282595959517,-0.09335200560186732,-0.19223445930952296,-0.6905606441072304,-0.27928063253883567,-0.33213212822538024,1.6672107955308748,-0.2040093074477469,-0.37656373512212316,7
-0.8096556751338929,-0.8579975145989774,-0.27702741028012307,2.5082540905333266,-0.4895152370825761,-0.6470573530235344,1.0952282595959517,-0.09335200560186732,-0.19223445930952296,-0.6905606441072304,-0.27928063253883567,-0.33213212822538024,-0.5998041775404763,-0.2040093074477469,-0.37656373512212316,6
0.8943014957160725,0.8288511022134494,-0.27702741028012307,-0.3986836914865238,-0.4895152370825761,-0.6470573530235344,-0.9130516778017737,-0.09335200560186732,-0.19223445930952296,1.448098741990747,3.5806278112068637,-0.33213212822538024,-0.5998041775404763,-0.2040093074477469,-0.37656373512212316,4
0.8943014957160725,-0.8579975145989774,-0.27702741028012307,-0.3986836914865238,-0.4895152370825761,-0.6470573530235344,-0.9130516778017737,-0.09335200560186732,-0.19223445930952296,1.448098741990747,-0.27928063253883567,-0.33213212822538024,-0.5998041775404763,4.901737143812081,-0.37656373512212316,7
0.8943014957160725,0.8288511022134494,-0.27702741028012307,-0.3986836914865238,2.042837330171421,1.4049121980031531,-0.9130516778017737,-0.09335200560186732,-0.19223445930952296,-0.6905606441072304,-0.27928063253883567,-0.33213212822538024,-0.5998041775404763,-0.2040093074477469,-0.37656373512212316,6
-0.8096556751338929,0.8288511022134494,-0.27702741028012307,-0.3986836914865238,-0.4895152370825761,-0.6470573530235344,1.0952282595959517,-0.09335200560186732,-0.19223445930952296,1.448098741990747,-0.27928063253883567,-0.33213212822538024,-0.5998041775404763,4.901737143812081,-0.37656373512212316,6
-0.8096556751338929,0.8288511022134494,-0.27702741028012307,-0.3986836914865238,-0.4895152370825761,-0.6470573530235344,-0.9130516778017737,-0.09335200560186732,-0.19223445930952296,-0.6905606441072304,-0.27928063253883567,-0.33213212822538024,-0.5998041775404763,-0.2040093074477469,-0.37656373512212316,6
-0.8096556751338929,-0.8579975145989774,-0.27702741028012307,-0.3986836914865238,-0.4895152370825761,-0.6470573530235344,-0.9130516778017737,-0.09335200560186732,-0.19223445930952296,-0.6905606441072304,-0.27928063253883567,-0.33213212822538024,1.6672107955308748,-0.2040093074477469,-0.37656373512212316,5
-0.8096556751338929,-0.8579975145989774,-0.27702741028012307,-0.3986836914865238,2.042837330171421,-0.6470573530235344,1.0952282595959517,-0.09335200560186732,-0.19223445930952296,1.448098741990747,-0.27928063253883567,-0.33213212822538024,1.6672107955308748,-0.2040093074477469,-0.37656373512212316,6
-0.8096556751338929,-0.8579975145989774,3.609751103650088,-0.3986836914865238,2.042837330171421,-0.6470573530235344,-0.9130516778017737,-0.09335200560186732,-0.19223445930952296,-0.6905606441072304,-0.27928063253883567,-0.33213212822538024,-0.5998041775404763,-0.2040093074477469,-0.37656373512212316,8
-0.8096556751338929,0.8288511022134494,-0.27702741028012307,-0.3986836914865238,-0.4895152370825761,-0.6470573530235344,-0.9130516778017737,10.712142642814275,-0.19223445930952296,1.448098741990747,-0.27928063253883567,-0.33213212822538024,-0.5998041775404763,-0.2040093074477469,-0.37656373512212316,5
0.8943014957160725,-0.8579975145989774,-0.27702741028012307,-0.3986836914865238,2.042837330171421,1.4049121980031531,1.0952282595959517,-0.09335200560186732,-0.19223445930952296,-0.6905606441072304,-0.27928063253883567,-0.33213212822538024,-0.5998041775404763,-0.2040093074477469,-0.37656373512212316,8
2.598258666566038,2.5156997190258763,-0.27702741028012307,-0.3986836914865238,-0.4895152370825761,-0.6470573530235344,-0.9130516778017737,-0.09335200560186732,-0.19223445930952296,1.448098741990747,-0.27928063253883567,-0.33213212822538024,-0.5998041775404763,-0.2040093074477469,-0.37656373512212316,3
-0.8096556751338929,0.8288511022134494,-0.27702741028012307,-0.3986836914865238,-0.4895152370825761,-0.6470573530235344,1.0952282595959517,-0.09335200560186732,-0.19223445930952296,-0.6905606441072304,-0.27928063253883567,-0.33213212822538024,1.6672107955308748,-0.2040093074477469,-0.37656373512212316,6
-0.8096556751338929,0.8288511022134494,-0.27702741028012307,-0.3986836914865238,-0.4895152370825761,-0.6470573530235344,-0.9130516778017737,-0.09335200560186732,-0.19223445930952296,1.448098741990747,-0.27928063253883567,-0.33213212822538024,-0.5998041775404763,-0.2040093074477469,-0.37656373512212316,4
-0.8096556751338929,0.8288511022134494,-0.27702741028012307,-0.3986836914865238,-0.4895152370825761,-0.6470573530235344,-0.9130516778017737,-0.09335200560186732,-0.19223445930952296,-0.6905606441072304,3.5806278112068637,-0.33213212822538024,-0.5998041775404763,-0.2040093074477469,-0.37656373512212316,4
-0.8096556751338929,-0.8579975145989774,-0.27702741028012307,2.5082540905333266,-0.4895152370825761,-0.6470573530235344,1.0952282595959517,-0.09335200560186732,5.201980974648606,-0.6905606441072304,-0.27928063253883567,-0.33213212822538024,-0.5998041775404763,-0.2040093074477469,-0.37656373512212316,8
-0.8096556751338929,-0.8579975145989774,-0.27702741028012307,-0.3986836914865238,-0.4895152370825761,-0.6470573530235344,1.0952282595959517,-0.09335200560186732,-0.19223445930952296,-0.6905606441072304,-0.27928063253883567,-0.33213212822538024,1.6672107955308748,-0.2040093074477469,-0.37656373512212316,5
-0.8096556751338929,0.8288511022134494,-0.27702741028012307,-0.3986836914865238,-0.4895152370825761,-0.6470573530235344,1.0952282595959517,-0.09335200560186732,-0.19223445930952296,-0.6905606441072304,-0.27928063253883567,-0.33213212822538024,-0.5998041775404763,-0.2040093074477469,-0.37656373512212316,6
-0.8096556751338929,-0.8579975145989774,-0.27702741028012307,2.5082540905333266,2.042837330171421,-0.6470573530235344,-0.9130516778017737,-0.09335200560186732,-0.19223445930952296,-0.6905606441072304,-0.27928063253883567,-0.33213212822538024,-0.5998041775404763,-0.2040093074477469,-0.37656373512212316,8
0.8943014957160725,-0.8579975145989774,-0.27702741028012307,2.5082540905333266,-0.4895152370825761,-0.6470573530235344,-0.9130516778017737,-0.09335200560186732,-0.19223445930952296,-0.6905606441072304,-0.27928063253883567,-0.33213212822538024,-0.5998041775404763,-0.2040093074477469,-0.37656373512212316,7
-0.8096556751338929,-0.8579975145989774,-0.27702741028012307,-0.3986836914865238,-0.4895152370825761,-0.6470573530235344,-0.9130516778017737,-0.09335200560186732,-0.19223445930952296,1.448098741990747,-0.27928063253883567,-0.33213212822538024,-0.5998041775404763,-0.2040093074477469,-0.37656373512212316,5
-0.8096556751338929,-0.8579975145989774,-0.27702741028012307,-0.3986836914865238,2.042837330171421,-0.6470573530235344,1.0952282595959517,-0.09335200560186732,-0.19223445930952296,-0.6905606441072304,-0.27928063253883567,3.0108499449996424,-0.5998041775404763,-0.2040093074477469,-0.37656373512212316,7
-0.8096556751338929,0.8288511022134494,-0.27702741028012307,-0.3986836914865238,-0.4895152370825761,-0.6470573530235344,-0.9130516778017737,-0.09335200560186732,-0.19223445930952296,1.448098741990747,-0.27928063253883567,3.0108499449996424,1.6672107955308748,-0.2040093074477469,-0.37656373512212316,3
-0.8096556751338929,-0.8579975145989774,-0.27702741028012307,-0.3986836914865238,-0.4895152370825761,-0.6470573530235344,1.0952282595959517,-0.09335200560186732,-0.19223445930952296,-0.6905606441072304,-0.27928063253883567,3.0108499449996424,1.6672107955308748,-0.2040093074477469,-0.37656373512212316,7
0.8943014957160725,0.8288511022134494,-0.27702741028012307,-0.3986836914865238,-0.4895152370825761,-0.6470573530235344,-0.9130516778017737,-0.09335200560186732,-0.19223445930952296,1.448098741990747,3.5806278112068637,-0.33213212822538024,-0.5998041775404763,-0.2040093074477469,-0.37656373512212316,5
-0.8096556751338929,0.8288511022134494,-0.27702741028012307,-0.3986836914865238,-0.4895152370825761,1.4049121980031531,-0.9130516778017737,-0.09335200560186732,-0.19223445930952296,-0.6905606441072304,-0.27928063253883567,-0.33213212822538024,-0.5998041775404763,-0.2040093074477469,2.655592949426451,5
-0.8096556751338929,-0.8579975145989774,-0.27702741028012307,-0.3986836914865238,2.042837330171421,-0.6470573530235344,1.0952282595959517,-0.09335200560186732,-0.19223445930952296,-0.6905606441072304,-0.27928063253883567,-0.33213212822538024,-0.5998041775404763,4.901737143812081,-0.37656373512212316,7
-0.8096556751338929,-0.8579975145989774,-0.27702741028012307,2.5082540905333266,-0.4895152370825761,-0.6470573530235344,1.0952282595959517,-0.09335200560186732,-0.19223445930952296,-0.6905606441072304,-0.27928063253883567,-0.33213212822538024,1.6672107955308748,-0.2040093074477469,-0.37656373512212316,7
-0.8096556751338929,-0.8579975145989774,-0.27702741028012307,-0.3986836914865238,-0.4895152370825761,-0.6470573530235344,1.0952282595959517,-0.09335200560186732,-0.19223445930952296,-0.6905606441072304,-0.27928063253883567,-0.33213212822538024,1.6672107955308748,-0.2040093074477469,2.655592949426451,7
0.8943014957160725,2.5156997190258763,-0.27702741028012307,-0.3986836914865238,-0.4895152370825761,1.4049121980031531,-0.9130516778017737,-0.09335200560186732,-0.19223445930952296,1.448098741990747,-0.27928063253883567,-0.33213212822538024,-0.5998041775404763,-0.2040093074477469,-0.37656373512212316,6
-0.8096556751338929,2.5156997190258763,-0.27702741028012307,-0.3986836914865238,-0.4895152370825761,-0.6470573530235344,-0.9130516778017737,-0.09335200560186732,-0.19223445930952296,1.448098741990747,-0.27928063253883567,-0.33213212822538024,-0.5998041775404763,-0.2040093074477469,-0.37656373512212316,2
2.598258666566038,0.8288511022134494,-0.27702741028012307,-0.3986836914865238,-0.4895152370825761,-0.6470573530235344,-0.9130516778017737,-0.09335200560186732,-0.19223445930952296,-0.6905606441072304,-0.27928063253883567,-0.33213212822538024,1.6672107955308748,-0.2040093074477469,-0.37656373512212316,3
-0.8096556751338929,-0.8579975145989774,-0.27702741028012307,2.5082540905333266,2.042837330171421,-0.6470573530235344,1.0952282595959517,-0.09335200560186732,-0.19223445930952296,-0.6905606441072304,-0.27928063253883567,-0.33213212822538024,-0.5998041775404763,-0.2040093074477469,-0.37656373512212316,8
0.8943014957160725,0.8288511022134494,-0.27702741028012307,-0.3986836914865238,-0.4895152370825761,1.4049121980031531,-0.9130516778017737,-0.09335200560186732,-0.19223445930952296,-0.6905606441072304,-0.27928063253883567,-0.33213212822538024,-0.5998041775404763,-0.2040093074477469,-0.37656373512212316,5
-0.8096556751338929,0.8288511022134494,-0.27702741028012307,-0.3986836914865238,-0.4895152370825761,-0.6470573530235344,-0.9130516778017737,-0.09335200560186732,-0.19223445930952296,-0.6905606441072304,-0.27928063253883567,-0.33213212822538024,-0.5998041775404763,-0.2040093074477469,-0.37656373512212316,6
-0.8096556751338929,-0.8579975145989774,3.609751103650088,-0.3986836914865238,2.042837330171421,-0.6470573530235344,1.0952282595959517,-0.09335200560186732,-0.19223445930952296,-0.6905606441072304,-0.27928063253883567,-0.33213212822538024,-0.5998041775404763,-0.2040093074477469,-0.37656373512212316,8
-0.8096556751338929,-0.8579975145989774,-0.27702741028012307,-0.3986836914865238,-0.4895152370825761,1.4049121980031531,-0.9130516778017737,-0.09335200560186732,-0.19223445930952296,1.448098741990747,3.5806278112068637,-0.33213212822538024,-0.5998041775404763,-0.2040093074477469,-0.37656373512212316,8
-0.8096556751338929,-0.8579975145989774,-0.27702741028012307,-0.3986836914865238,-0.4895152370825761,-0.6470573530235344,1.0952282595959517,-0.09335200560186732,-0.19223445930952296,-0.6905606441072304,-0.27928063253883567,-0.33213212822538024,-0.5998041775404763,-0.2040093074477469,-0.37656373512212316,8
0.8943014957160725,0.8288511022134494,-0.27702741028012307,-0.3986836914865238,-0.4895152370825761,-0.6470573530235344,-0.9130516778017737,-0.09335200560186732,-0.19223445930952296,-0.6905606441072304,-0.27928063253883567,3.0108499449996424,1.6672107955308748,-0.2040093074477469,-0.37656373512212316,7
-0.8096556751338929,0.8288511022134494,-0.27702741028012307,-0.3986836914865238,-0.4895152370825761,-0.6470573530235344,1.0952282595959517,-0.09335200560186732,-0.19223445930952296,-0.6905606441072304,3.5806278112068637,-0.33213212822538024,-0.5998041775404763,-0.2040093074477469,-0.37656373512212316,6
-0.8096556751338929,-0.8579975145989774,-0.27702741028012307,-0.3986836914865238,-0.4895152370825761,1.4049121980031531,-0.9130516778017737,-0.09335200560186732,-0.19223445930952296,-0.6905606441072304,-0.27928063253883567,-0.33213212822538024,1.6672107955308748,-0.2040093074477469,-0.37656373512212316,6
-0.8096556751338929,-0.8579975145989774,3.609751103650088,-0.3986836914865238,-0.4895152370825761,-0.6470573530235344,-0.9130516778017737,-0.09335200560186732,-0.19223445930952296,-0.6905606441072304,3.5806278112068637,-0.33213212822538024,-0.5998041775404763,-0.2040093074477469,-0.37656373512212316,8
-0.8096556751338929,-0.8579975145989774,3.609751103650088,2.5082540905333266,-0.4895152370825761,-0.6470573530235344,1.0952282595959517,-0.09335200560186732,-0.19223445930952296,-0.6905606441072304,-0.27928063253883567,-0.33213212822538024,-0.5998041775404763,-0.2040093074477469,-0.37656373512212316,7
-0.8096556751338929,-0.8579975145989774,3.609751103650088,-0.3986836914865238,-0.4895152370825761,-0.6470573530235344,-0.9130516778017737,-0.09335200560186732,-0.19223445930952296,-0.6905606441072304,-0.27928063253883567,-0.33213212822538024,-0.5998041775404763,-0.2040093074477469,-0.37656373512212316,4
2.598258666566038,2.5156997190258763,-0.27702741028012307,-0.3986836914865238,-0.4895152370825761,1.4049121980031531,-0.9130516778017737,-0.09335200560186732,-0.19223445930952296,-0.6905606441072304,-0.27928063253883567,-0.33213212822538024,-0.5998041775404763,-0.2040093074477469,-0.37656373512212316,5
-0.8096556751338929,-0.8579975145989774,-0.27702741028012307,-0.3986836914865238,2.042837330171421,-0.6470573530235344,1.0952282595959517,-0.09335200560186732,-0.19223445930952296,-0.6905606441072304,-0.27928063253883567,-0.33213212822538024,-0.5998041775404763,4.901737143812081,-0.37656373512212316,8
-0.8096556751338929,0.8288511022134494,-0.27702741028012307,-0.3986836914865238,-0.4895152370825761,1.4049121980031531,-0.9130516778017737,-0.09335200560186732,-0.19223445930952296,-0.6905606441072304,-0.27928063253883567,-0.33213212822538024,-0.5998041775404763,4.901737143812081,-0.37656373512212316,6
-0.8096556751338929,0.8288511022134494,-0.27702741028012307,2.5082540905333266,2.042837330171421,-0.6470573530235344,1.0952282595959517,-0.09335200560186732,-0.19223445930952296,-0.6905606441072304,-0.27928063253883567,-0.33213212822538024,-0.5998041775404763,-0.2040093074477469,-0.37656373512212316,8
-0.8096556751338929,0.8288511022134494,-0.27702741028012307,-0.3986836914865238,-0.4895152370825761,-0.6470573530235344,-0.9130516778017737,-0.09335200560186732,-0.19223445930952296,1.448098741990747,-0.27928063253883567,-0.33213212822538024,-0.5998041775404763,-0.2040093074477469,-0.37656373512212316,4
0.8943014957160725,0.8288511022134494,-0.27702741028012307,-0.3986836914865238,2.042837330171421,-0.6470573530235344,-0.9130516778017737,-0.09335200560186732,-0.19223445930952296,-0.6905606441072304,-0.27928063253883567,-0.33213212822538024,-0.5998041775404763,-0.2040093074477469,-0.37656373512212316,4
-0.8096556751338929,0.8288511022134494,-0.27702741028012307,-0.3986836914865238,-0.4895152370825761,-0.6470573530235344,-0.9130516778017737,10.712142642814275,-0.19223445930952296,1.448098741990747,-0.27928063253883567,-0.33213212822538024,-0.5998041775404763,-0.2040093074477469,-0.37656373512212316,6
-0.8096556751338929,-0.8579975145989774,-0.27702741028012307,2.5082540905333266,2.042837330171421,-0.6470573530235344,1.0952282595959517,-0.09335200560186732,-0.19223445930952296,-0.6905606441072304,-0.27928063253883567,-0.33213212822538024,-0.5998041775404763,-0.2040093074477469,-0.37656373512212316,8
0.8943014957160725,-0.8579975145989774,-0.27702741028012307,-0.3986836914865238,-0.4895152370825761,1.4049121980031531,1.0952282595959517,-0.09335200560186732,-0.19223445930952296,-0.6905606441072304,-0.27928063253883567,-0.33213212822538024,1.6672107955308748,-0.2040093074477469,-0.37656373512212316,7
2.598258666566038,0.8288511022134494,-0.27702741028012307,-0.3986836914865238,-0.4895152370825761,3.456881749029841,-0.9130516778017737,-0.09335200560186732,-0.19223445930952296,-0.6905606441072304,-0.27928063253883567,-0.33213212822538024,-0.5998041775404763,-0.2040093074477469,-0.37656373512212316,4
2.598258666566038,2.5156997190258763,-0.27702741028012307,-0.3986836914865238,-0.4895152370825761,1.4049121980031531,-0.9130516778017737,-0.09335200560186732,-0.19223445930952296,-0.6905606441072304,-0.27928063253883567,-0.33213212822538024,-0.5998041775404763,-0.2040093074477469,-0.37656373512212316,3
-0.8096556751338929,-0.8579975145989774,-0.27702741028012307,-0.3986836914865238,-0.4895152370825761,-0.6470573530235344,-0.9130516778017737,-0.09335200560186732,-0.19223445930952296,1.448098741990747,-0.27928063253883567,-0.33213212822538024,1.6672107955308748,-0.2040093074477469,-0.37656373512212316,6
-0.8096556751338929,0.8288511022134494,-0.27702741028012307,2.5082540905333266,-0.4895152370825761,-0.6470573530235344,1.0952282595959517,-0.09335200560186732,-0.19223445930952296,-0.6905606441072304,-0.27928063253883567,-0.33213212822538024,1.6672107955308748,-0.2040093074477469,-0.37656373512212316,7
-0.8096556751338929,-0.8579975145989774,-0.27702741028012307,-0.3986836914865238,-0.4895152370825761,-0.6470573530235344,1.0952282595959517,-0.09335200560186732,-0.19223445930952296,-0.6905606441072304,-0.27928063253883567,-0.33213212822538024,-0.5998041775404763,-0.2040093074477469,2.655592949426451,7
0.8943014957160725,-0.8579975145989774,3.609751103650088,-0.3986836914865238,-0.4895152370825761,1.4049121980031531,-0.9130516778017737,-0.09335200560186732,-0.19223445930952296,-0.6905606441072304,-0.27928063253883567,-0.33213212822538024,-0.5998041775404763,-0.2040093074477469,2.655592949426451,6
-0.8096556751338929,-0.8579975145989774,-0.27702741028012307,-0.3986836914865238,-0.4895152370825761,-0.6470573530235344,-0.9130516778017737,-0.09335200560186732,-0.19223445930952296,-0.6905606441072304,3.5806278112068637,-0.33213212822538024,-0.5998041775404763,-0.2040093074477469,2.655592949426451,6
-0.8096556751338929,-0.8579975145989774,-0.27702741028012307,-0.3986836914865238,2.042837330171421,-0.6470573530235344,1.0952282595959517,-0.09335200560186732,-0.19223445930952296,-0.6905606441072304,-0.27928063253883567,-0.33213212822538024,-0.5998041775404763,-0.2040093074477469,-0.37656373512212316,9
-0.8096556751338929,0.8288511022134494,-0.27702741028012307,-0.3986836914865238,-0.4895152370825761,-0.6470573530235344,-0.9130516778017737,-0.09335200560186732,-0.19223445930952296,-0.6905606441072304,-0.27928063253883567,-0.33213212822538024,1.6672107955308748,-0.2040093074477469,-0.37656373512212316,5
-0.8096556751338929,0.8288511022134494,-0.27702741028012307,-0.3986836914865238,2.042837330171421,-0.6470573530235344,-0.9130516778017737,-0.09335200560186732,-0.19223445930952296,-0.6905606441072304,-0.27928063253883567,-0.33213212822538024,1.6672107955308748,-0.2040093074477469,-0.37656373512212316,5
0.8943014957160725,-0.8579975145989774,-0.27702741028012307,2.5082540905333266,-0.4895152370825761,-0.6470573530235344,1.0952282595959517,-0.09335200560186732,-0.19223445930952296,1.448098741990747,-0.27928063253883567,-0.33213212822538024,-0.5998041775404763,-0.2040093074477469,-0.37656373512212316,5
0.8943014957160725,-0.8579975145989774,-0.27702741028012307,-0.3986836914865238,-0.4895152370825761,-0.6470573530235344,-0.9130516778017737,-0.09335200560186732,-0.19223445930952296,-0.6905606441072304,-0.27928063253883567,-0.33213212822538024,1.6672107955308748,4.901737143812081,-0.37656373512212316,6
0.8943014957160725,0.8288511022134494,-0.27702741028012307,-0.3986836914865238,-0.4895152370825761,1.4049121980031531,-0.9130516778017737,-0.09335200560186732,-0.19223445930952296,-0.6905606441072304,-0.27928063253883567,-0.33213212822538024,-0.5998041775404763,-0.2040093074477469,2.655592949426451,6
0.8943014957160725,-0.8579975145989774,-0.27702741028012307,-0.3986836914865238,-0.4895152370825761,1.4049121980031531,-0.9130516778017737,-0.09335200560186732,-0.19223445930952296,-0.6905606441072304,-0.27928063253883567,-0.33213212822538024,-0.5998041775404763,-0.2040093074477469,2.655592949426451,6
-0.8096556751338929,-0.8579975145989774,-0.27702741028012307,-0.3986836914865238,-0.4895152370825761,-0.6470573530235344,-0.9130516778017737,-0.09335200560186732,-0.19223445930952296,-0.6905606441072304,3.5806278112068637,-0.33213212822538024,-0.5998041775404763,-0.2040093074477469,-0.37656373512212316,7
-0.8096556751338929,-0.8579975145989774,-0.27702741028012307,-0.3986836914865238,-0.4895152370825761,-0.6470573530235344,1.0952282595959517,-0.09335200560186732,-0.19223445930952296,1.448098741990747,-0.27928063253883567,-0.33213212822538024,-0.5998041775404763,-0.2040093074477469,-0.37656373512212316,6
0.8943014957160725,-0.8579975145989774,-0.27702741028012307,-0.3986836914865238,-0.4895152370825761,-0.6470573530235344,-0.9130516778017737,-0.09335200560186732,-0.19223445930952296,-0.6905606441072304,-0.27928063253883567,-0.33213212822538024,-0.5998041775404763,-0.2040093074477469,2.655592949426451,5
0.8943014957160725,0.8288511022134494,-0.27702741028012307,-0.3986836914865238,-0.4895152370825761,1.4049121980031531,1.0952282595959517,-0.09335200560186732,-0.19223445930952296,-0.6905606441072304,-0.27928063253883567,3.0108499449996424,1.6672107955308748,-0.2040093074477469,-0.37656373512212316,4
0.8943014957160725,-0.8579975145989774,-0.27702741028012307,2.5082540905333266,-0.4895152370825761,-0.6470573530235344,-0.9130516778017737,-0.09335200560186732,-0.19223445930952296,-0.6905606441072304,-0.27928063253883567,-0.33213212822538024,-0.5998041775404763,-0.2040093074477469,-0.37656373512212316,7
2.598258666566038,-0.8579975145989774,-0.27702741028012307,-0.3986836914865238,-0.4895152370825761,1.4049121980031531,-0.9130516778017737,-0.09335200560186732,-0.19223445930952296,-0.6905606441072304,-0.27928063253883567,-0.33213212822538024,-0.5998041775404763,-0.2040093074477469,2.655592949426451,4
-0.8096556751338929,0.8288511022134494,-0.27702741028012307,-0.3986836914865238,-0.4895152370825761,-0.6470573530235344,-0.9130516778017737,-0.09335200560186732,-0.19223445930952296,1.448098741990747,-0.27928063253883567,-0.33213212822538024,-0.5998041775404763,-0.2040093074477469,2.655592949426451,5
0.8943014957160725,0.8288511022134494,-0.27702741028012307,-0.3986836914865238,-0.4895152370825761,-0.6470573530235344,-0.9130516778017737,-0.09335200560186732,-0.19223445930952296,-0.6905606441072304,-0.27928063253883567,-0.33213212822538024,1.6672107955308748,-0.2040093074477469,-0.37656373512212316,6
-0.8096556751338929,0.8288511022134494,-0.27702741028012307,-0.3986836914865238,-0.4895152370825761,1.4049121980031531,-0.9130516778017737,-0.09335200560186732,-0.19223445930952296,1.448098741990747,-0.27928063253883567,-0.33213212822538024,-0.5998041775404763,-0.2040093074477469,-0.37656373512212316,5
0.8943014957160725,0.8288511022134494,-0.27702741028012307,-0.3986836914865238,-0.4895152370825761,1.4049121980031531,-0.9130516778017737,-0.09335200560186732,-0.19223445930952296,-0.6905606441072304,-0.27928063253883567,3.0108499449996424,1.6672107955308748,-0.2040093074477469,-0.37656373512212316,4
-0.8096556751338929,-0.8579975145989774,-0.27702741028012307,-0.3986836914865238,-0.4895152370825761,-0.6470573530235344,1.0952282595959517,-0.09335200560186732,5.201980974648606,-0.6905606441072304,-0.27928063253883567,-0.33213212822538024,-0.5998041775404763,-0.2040093074477469,-0.37656373512212316,8
0.8943014957160725,-0.8579975145989774,-0.27702741028012307,-0.3986836914865238,-0.4895152370825761,-0.6470573530235344,-0.9130516778017737,-0.09335200560186732,-0.19223445930952296,1.448098741990747,-0.27928063253883567,-0.33213212822538024,1.6672107955308748,-0.2040093074477469,-0.37656373512212316,4
-0.8096556751338929,0.8288511022134494,-0.27702741028012307,-0.3986836914865238,-0.4895152370825761,-0.6470573530235344,-0.9130516778017737,-0.09335200560186732,-0.19223445930952296,1.448098741990747,-0.27928063253883567,-0.33213212822538024,-0.5998041775404763,-0.2040093074477469,-0.37656373512212316,4
0.8943014957160725,0.8288511022134494,-0.27702741028012307,-0.3986836914865238,-0.4895152370825761,-0.6470573530235344,-0.9130516778017737,-0.09335200560186732,-0.19223445930952296,-0.6905606441072304,3.5806278112068637,-0.33213212822538024,-0.5998041775404763,-0.2040093074477469,-0.37656373512212316,5
-0.8096556751338929,-0.8579975145989774,-0.27702741028012307,2.5082540905333266,-0.4895152370825761,-0.6470573530235344,1.0952282595959517,-0.09335200560186732,-0.19223445930952296,-0.6905606441072304,-0.27928063253883567,-0.33213212822538024,-0.5998041775404763,-0.2040093074477469,-0.37656373512212316,8
-0.8096556751338929,-0.8579975145989774,-0.27702741028012307,2.5082540905333266,2.042837330171421,-0.6470573530235344,1.0952282595959517,-0.09335200560186732,-0.19223445930952296,-0.6905606441072304,-0.27928063253883567,-0.33213212822538024,-0.5998041775404763,-0.2040093074477469,-0.37656373512212316,8
-0.8096556751338929,0.8288511022134494,-0.27702741028012307,-0.3986836914865238,-0.4895152370825761,1.4049121980031531,-0.9130516778017737,-0.09335200560186732,-0.19223445930952296,-0.6905606441072304,-0.27928063253883567,-0.33213212822538024,-0.5998041775404763,4.901737143812081,-0.37656373512212316,3
-0.8096556751338929,-0.8579975145989774,3.609751103650088,-0.3986836914865238,2.042837330171421,-0.6470573530235344,1.0952282595959517,-0.09335200560186732,-0.19223445930952296,-0.6905606441072304,-0.27928063253883567,-0.33213212822538024,-0.5998041775404763,-0.2040093074477469,-0.37656373512212316,8
-0.8096556751338929,0.8288511022134494,-0.27702741028012307,-0.3986836914865238,2.042837330171421,1.4049121980031531,1.0952282595959517,-0.09335200560186732,-0.19223445930952296,-0.6905606441072304,-0.27928063253883567,-0.33213212822538024,-0.5998041775404763,-0.2040093074477469,-0.37656373512212316,7
2.598258666566038,2.5156997190258763,-0.27702741028012307,-0.3986836914865238,-0.4895152370825761,-0.6470573530235344,-0.9130516778017737,-0.09335200560186732,-0.19223445930952296,1.448098741990747,-0.27928063253883567,-0.33213212822538024,-0.5998041775404763,-0.2040093074477469,-0.37656373512212316,2
-0.8096556751338929,-0.8579975145989774,-0.27702741028012307,-0.3986836914865238,2.042837330171421,-0.6470573530235344,1.0952282595959517,-0.09335200560186732,-0.19223445930952296,-0.6905606441072304,-0.27928063253883567,-0.33213212822538024,1.6672107955308748,-0.2040093074477469,-0.37656373512212316,5
-0.8096556751338929,-0.8579975145989774,-0.27702741028012307,-0.3986836914865238,-0.4895152370825761,-0.6470573530235344,1.0952282595959517,-0.09335200560186732,5.201980974648606,-0.6905606441072304,-0.27928063253883567,-0.33213212822538024,-0.5998041775404763,-0.2040093074477469,-0.37656373512212316,7
-0.8096556751338929,-0.8579975145989774,-0.27702741028012307,2.5082540905333266,2.042837330171421,-0.6470573530235344,1.0952282595959517,-0.09335200560186732,-0.19223445930952296,-0.6905606441072304,-0.27928063253883567,-0.33213212822538024,-0.5998041775404763,-0.2040093074477469,-0.37656373512212316,8
0.8943014957160725,-0.8579975145989774,-0.27702741028012307,-0.3986836914865238,-0.4895152370825761,1.4049121980031531,-0.9130516778017737,-0.09335200560186732,-0.19223445930952296,1.448098741990747,-0.27928063253883567,-0.33213212822538024,1.6672107955308748,-0.2040093074477469,-0.37656373512212316,7
0.8943014957160725,0.8288511022134494,-0.27702741028012307,-0.3986836914865238,2.042837330171421,1.4049121980031531,1.0952282595959517,-0.09335200560186732,-0.19223445930952296,-0.6905606441072304,-0.27928063253883567,-0.33213212822538024,-0.5998041775404763,-0.2040093074477469,-0.37656373512212316,7
-0.8096556751338929,-0.8579975145989774,-0.27702741028012307,-0.3986836914865238,-0.4895152370825761,-0.6470573530235344,1.0952282595959517,-0.09335200560186732,-0.19223445930952296,-0.6905606441072304,-0.27928063253883567,-0.33213212822538024,-0.5998041775404763,-0.2040093074477469,-0.37656373512212316,8
0.8943014957160725,0.8288511022134494,-0.27702741028012307,-0.3986836914865238,-0.4895152370825761,1.4049121980031531,-0.9130516778017737,-0.09335200560186732,-0.19223445930952296,-0.6905606441072304,-0.27928063253883567,-0.33213212822538024,-0.5998041775404763,-0.2040093074477469,-0.37656373512212316,5
-0.8096556751338929,0.8288511022134494,-0.27702741028012307,2.5082540905333266,-0.4895152370825761,-0.6470573530235344,1.0952282595959517,-0.09335200560186732,-0.19223445930952296,1.448098741990747,-0.27928063253883567,-0.33213212822538024,-0.5998041775404763,-0.2040093074477469,-0.37656373512212316,7
-0.8096556751338929,-0.8579975145989774,-0.27702741028012307,-0.3986836914865238,-0.4895152370825761,-0.6470573530235344,-0.9130516778017737,-0.09335200560186732,-0.19223445930952296,1.448098741990747,-0.27928063253883567,-0.33213212822538024,-0.5998041775404763,-0.2040093074477469,2.655592949426451,5
-0.8096556751338929,0.8288511022134494,-0.27702741028012307,-0.3986836914865238,-0.4895152370825761,1.4049121980031531,-0.9130516778017737,-0.09335200560186732,-0.19223445930952296,-0.6905606441072304,-0.27928063253883567,-0.33213212822538024,1.6672107955308748,-0.2040093074477469,2.655592949426451,7
-0.8096556751338929,0.8288511022134494,-0.27702741028012307,-0.3986836914865238,2.042837330171421,-0.6470573530235344,1.0952282595959517,-0.09335200560186732,-0.19223445930952296,-0.6905606441072304,-0.27928063253883567,-0.33213212822538024,1.6672107955308748,-0.2040093074477469,-0.37656373512212316,6
0.8943014957160725,0.8288511022134494,-0.27702741028012307,-0.3986836914865238,-0.4895152370825761,-0.6470573530235344,-0.9130516778017737,-0.09335200560186732,-0.19223445930952296,-0.6905606441072304,-0.27928063253883567,-0.33213212822538024,1.6672107955308748,-0.2040093074477469,2.655592949426451,5
-0.8096556751338929,2.5156997190258763,-0.27702741028012307,-0.3986836914865238,-0.4895152370825761,-0.6470573530235344,-0.9130516778017737,-0.09335200560186732,-0.19223445930952296,1.448098741990747,-0.27928063253883567,-0.33213212822538024,-0.5998041775404763,-0.2040093074477469,-0.37656373512212316,4
-0.8096556751338929,-0.8579975145989774,-0.27702741028012307,2.5082540905333266,-0.4895152370825761,-0.6470573530235344,-0.9130516778017737,-0.09335200560186732,-0.19223445930952296,-0.6905606441072304,-0.27928063253883567,-0.33213212822538024,1.6672107955308748,-0.2040093074477469,-0.37656373512212316,8
-0.8096556751338929,0.8288511022134494,-0.27702741028012307,-0.3986836914865238,-0.4895152370825761,-0.6470573530235344,-0.9130516778017737,-0.09335200560186732,-0.19223445930952296,1.448098741990747,-0.27928063253883567,3.0108499449996424,1.6672107955308748,-0.2040093074477469,-0.37656373512212316,5
-0.8096556751338929,-0.8579975145989774,-0.27702741028012307,-0.3986836914865238,2.042837330171421,-0.6470573530235344,1.0952282595959517,-0.09335200560186732,5.201980974648606,-0.6905606441072304,-0.27928063253883567,-0.33213212822538024,-0.5998041775404763,-0.2040093074477469,-0.37656373512212316,8
0.8943014957160725,0.8288511022134494,-0.27702741028012307,-0.3986836914865238,2.042837330171421,-0.6470573530235344,-0.9130516778017737,-0.09335200560186732,-0.19223445930952296,-0.6905606441072304,-0.27928063253883567,-0.33213212822538024,-0.5998041775404763,-0.2040093074477469,-0.37656373512212316,4
0.8943014957160725,0.8288511022134494,-0.27702741028012307,-0.3986836914865238,-0.4895152370825761,1.4049121980031531,-0.9130516778017737,-0.09335200560186732,-0.19223445930952296,1.448098741990747,-0.27928063253883567,-0.33213212822538024,1.6672107955308748,-0.2040093074477469,-0.37656373512212316,5
-0.8096556751338929,-0.8579975145989774,-0.27702741028012307,-0.3986836914865238,2.042837330171421,-0.6470573530235344,1.0952282595959517,-0.09335200560186732,5.201980974648606,-0.6905606441072304,-0.27928063253883567,-0.33213212822538024,-0.5998041775404763,-0.2040093074477469,-0.37656373512212316,8
0.8943014957160725,-0.8579975145989774,-0.27702741028012307,-0.3986836914865238,2.042837330171421,1.4049121980031531,-0.9130516778017737,-0.09335200560186732,-0.19223445930952296,-0.6905606441072304,-0.27928063253883567,-0.33213212822538024,-0.5998041775404763,-0.2040093074477469,-0.37656373512212316,6
-0.8096556751338929,0.8288511022134494,-0.27702741028012307,-0.3986836914865238,-0.4895152370825761,-0.6470573530235344,-0.9130516778017737,-0.09335200560186732,-0.19223445930952296,1.448098741990747,-0.27928063253883567,-0.33213212822538024,-0.5998041775404763,4.901737143812081,-0.37656373512212316,4
-0.8096556751338929,2.5156997190258763,-0.27702741028012307,-0.3986836914865238,-0.4895152370825761,-0.6470573530235344,-0.9130516778017737,-0.09335200560186732,-0.19223445930952296,1.448098741990747,-0.27928063253883567,-0.33213212822538024,-0.5998041775404763,-0.2040093074477469,-0.37656373512212316,3
0.8943014957160725,-0.8579975145989774,-0.27702741028012307,-0.3986836914865238,-0.4895152370825761,1.4049121980031531,-0.9130516778017737,-0.09335200560186732,-0.19223445930952296,1.448098741990747,-0.27928063253883567,-0.33213212822538024,1.6672107955308748,-0.2040093074477469,-0.37656373512212316,5
-0.8096556751338929,0.8288511022134494,-0.27702741028012307,-0.3986836914865238,-0.4895152370825761,-0.6470573530235344,1.0952282595959517,-0.09335200560186732,-0.19223445930952296,-0.6905606441072304,-0.27928063253883567,-0.33213212822538024,1.6672107955308748,-0.2040093074477469,-0.37656373512212316,7
-0.8096556751338929,0.8288511022134494,-0.27702741028012307,-0.3986836914865238,-0.4895152370825761,-0.6470573530235344,-0.9130516778017737,-0.09335200560186732,-0.19223445930952296,1.448098741990747,-0.27928063253883567,-0.33213212822538024,1.6672107955308748,-0.2040093074477469,-0.37656373512212316,5
0.8943014957160725,-0.8579975145989774,-0.27702741028012307,-0.3986836914865238,-0.4895152370825761,1.4049121980031531,1.0952282595959517,-0.09335200560186732,-0.19223445930952296,-0.6905606441072304,-0.27928063253883567,-0.33213212822538024,-0.5998041775404763,-0.2040093074477469,-0.37656373512212316,7
-0.8096556751338929,0.8288511022134494,-0.27702741028012307,-0.3986836914865238,-0.4895152370825761,-0.6470573530235344,1.0952282595959517,-0.09335200560186732,-0.19223445930952296,-0.6905606441072304,-0.27928063253883567,-0.33213212822538024,-0.5998041775404763,-0.2040093074477469,-0.37656373512212316,7
-0.8096556751338929,-0.8579975145989774,-0.27702741028012307,-0.3986836914865238,-0.4895152370825761,-0.6470573530235344,1.0952282595959517,-0.09335200560186732,-0.19223445930952296,-0.6905606441072304,-0.27928063253883567,-0.33213212822538024,1.6672107955308748,-0.2040093074477469,-0.37656373512212316,7
0.8943014957160725,0.8288511022134494,-0.27702741028012307,-0.3986836914865238,2.042837330171421,-0.6470573530235344,1.0952282595959517,-0.09335200560186732,-0.19223445930952296,-0.6905606441072304,-0.27928063253883567,-0.33213212822538024,1.6672107955308748,-0.2040093074477469,-0.37656373512212316,4
-0.8096556751338929,0.8288511022134494,-0.27702741028012307,-0.3986836914865238,-0.4895152370825761,-0.6470573530235344,-0.9130516778017737,-0.09335200560186732,-0.19223445930952296,1.448098741990747,3.5806278112068637,-0.33213212822538024,-0.5998041775404763,-0.2040093074477469,2.655592949426451,7
0.8943014957160725,0.8288511022134494,-0.27702741028012307,-0.3986836914865238,-0.4895152370825761,1.4049121980031531,-0.9130516778017737,-0.09335200560186732,-0.19223445930952296,1.448098741990747,-0.27928063253883567,-0.33213212822538024,-0.5998041775404763,-0.2040093074477469,-0.37656373512212316,4
0.8943014957160725,0.8288511022134494,-0.27702741028012307,-0.3986836914865238,-0.4895152370825761,-0.6470573530235344,-0.9130516778017737,-0.09335200560186732,-0.19223445930952296,-0.6905606441072304,3.5806278112068637,-0.33213212822538024,1.6672107955308748,-0.2040093074477469,-0.37656373512212316,6
-0.8096556751338929,-0.8579975145989774,-0.27702741028012307,-0.3986836914865238,-0.4895152370825761,-0.6470573530235344,-0.9130516778017737,-0.09335200560186732,-0.19223445930952296,-0.6905606441072304,-0.27928063253883567,-0.33213212822538024,-0.5998041775404763,4.901737143812081,-0.37656373512212316,4
0.8943014957160725,0.8288511022134494,-0.27702741028012307,-0.3986836914865238,-0.4895152370825761,1.4049121980031531,-0.9130516778017737,-0.09335200560186732,-0.19223445930952296,-0.6905606441072304,-0.27928063253883567,-0.33213212822538024,1.6672107955308748,-0.2040093074477469,-0.37656373512212316,7
0.8943014957160725,-0.8579975145989774,-0.27702741028012307,-0.3986836914865238,-0.4895152370825761,1.4049121980031531,-0.9130516778017737,-0.09335200560186732,-0.19223445930952296,1.448098741990747,3.5806278112068637,-0.33213212822538024,-0.5998041775404763,-0.2040093074477469,-0.37656373512212316,8
-0.8096556751338929,-0.8579975145989774,-0.27702741028012307,-0.3986836914865238,-0.4895152370825761,-0.6470573530235344,1.0952282595959517,-0.09335200560186732,-0.19223445930952296,-0.6905606441072304,-0.27928063253883567,3.0108499449996424,-0.5998041775404763,-0.2040093074477469,-0.37656373512212316,6
0.8943014957160725,0.8288511022134494,-0.27702741028012307,-0.3986836914865238,-0.4895152370825761,1.4049121980031531,1.0952282595959517,-0.09335200560186732,-0.19223445930952296,-0.6905606441072304,-0.27928063253883567,-0.33213212822538024,1.6672107955308748,-0.2040093074477469,-0.37656373512212316,7
0.8943014957160725,0.8288511022134494,-0.27702741028012307,-0.3986836914865238,-0.4895152370825761,-0.6470573530235344,1.0952282595959517,-0.09335200560186732,-0.19223445930952296,-0.6905606441072304,-0.27928063253883567,-0.33213212822538024,1.6672107955308748,-0.2040093074477469,-0.37656373512212316,7
-0.8096556751338929,0.8288511022134494,-0.27702741028012307,-0.3986836914865238,-0.4895152370825761,-0.6470573530235344,1.0952282595959517,-0.09335200560186732,-0.19223445930952296,1.448098741990747,-0.27928063253883567,-0.33213212822538024,-0.5998041775404763,-0.2040093074477469,2.655592949426451,7
-0.8096556751338929,-0.8579975145989774,-0.27702741028012307,-0.3986836914865238,-0.4895152370825761,-0.6470573530235344,1.0952282595959517,-0.09335200560186732,-0.19223445930952296,-0.6905606441072304,-0.27928063253883567,3.0108499449996424,-0.5998041775404763,-0.2040093074477469,-0.37656373512212316,5
-0.8096556751338929,-0.8579975145989774,-0.27702741028012307,-0.3986836914865238,2.042837330171421,1.4049121980031531,-0.9130516778017737,-0.09335200560186732,-0.19223445930952296,-0.6905606441072304,-0.27928063253883567,-0.33213212822538024,-0.5998041775404763,-0.2040093074477469,2.655592949426451,7
0.8943014957160725,0.8288511022134494,-0.27702741028012307,-0.3986836914865238,-0.4895152370825761,-0.6470573530235344,1.0952282595959517,-0.09335200560186732,-0.19223445930952296,-0.6905606441072304,-0.27928063253883567,-0.33213212822538024,-0.5998041775404763,-0.2040093074477469,2.655592949426451,7
-0.8096556751338929,-0.8579975145989774,3.609751103650088,-0.3986836914865238,2.042837330171421,-0.6470573530235344,1.0952282595959517,-0.09335200560186732,-0.19223445930952296,-0.6905606441072304,-0.27928063253883567,-0.33213212822538024,-0.5998041775404763,-0.2040093074477469,-0.37656373512212316,7
0.8943014957160725,0.8288511022134494,-0.27702741028012307,-0.3986836914865238,2.042837330171421,1.4049121980031531,1.0952282595959517,-0.09335200560186732,-0.19223445930952296,-0.6905606441072304,-0.27928063253883567,-0.33213212822538024,-0.5998041775404763,-0.2040093074477469,-0.37656373512212316,5
0.8943014957160725,-0.8579975145989774,-0.27702741028012307,-0.3986836914865238,-0.4895152370825761,-0.6470573530235344,-0.9130516778017737,-0.09335200560186732,-0.19223445930952296,-0.6905606441072304,-0.27928063253883567,-0.33213212822538024,-0.5998041775404763,-0.2040093074477469,2.655592949426451,7
-0.8096556751338929,-0.8579975145989774,-0.27702741028012307,-0.3986836914865238,-0.4895152370825761,-0.6470573530235344,1.0952282595959517,-0.09335200560186732,-0.19223445930952296,-0.6905606441072304,-0.27928063253883567,-0.33213212822538024,-0.5998041775404763,-0.2040093074477469,-0.37656373512212316,8
0.8943014957160725,-0.8579975145989774,-0.27702741028012307,-0.3986836914865238,-0.4895152370825761,1.4049121980031531,-0.9130516778017737,-0.09335200560186732,-0.19223445930952296,-0.6905606441072304,-0.27928063253883567,-0.33213212822538024,-0.5998041775404763,-0.2040093074477469,2.655592949426451,5
0.8943014957160725,-0.8579975145989774,-0.27702741028012307,-0.3986836914865238,-0.4895152370825761,1.4049121980031531,1.0952282595959517,-0.09335200560186732,-0.19223445930952296,-0.6905606441072304,-0.27928063253883567,-0.33213212822538024,-0.5998041775404763,-0.2040093074477469,-0.37656373512212316,7
-0.8096556751338929,-0.8579975145989774,-0.27702741028012307,-0.3986836914865238,2.042837330171421,-0.6470573530235344,1.0952282595959517,-0.09335200560186732,-0.19223445930952296,-0.6905606441072304,-0.27928063253883567,-0.33213212822538024,-0.5998041775404763,-0.2040093074477469,-0.37656373512212316,7
-0.8096556751338929,0.8288511022134494,-0.27702741028012307,-0.3986836914865238,2.042837330171421,-0.6470573530235344,1.0952282595959517,-0.09335200560186732,-0.19223445930952296,1.448098741990747,-0.27928063253883567,-0.33213212822538024,-0.5998041775404763,-0.2040093074477469,-0.37656373512212316,6
-0.8096556751338929,-0.8579975145989774,-0.27702741028012307,-0.3986836914865238,2.042837330171421,-0.6470573530235344,-0.9130516778017737,-0.09335200560186732,-0.19223445930952296,-0.6905606441072304,3.5806278112068637,-0.33213212822538024,-0.5998041775404763,-0.2040093074477469,-0.37656373512212316,8
0.8943014957160725,0.8288511022134494,-0.27702741028012307,-0.3986836914865238,-0.4895152370825761,1.4049121980031531,-0.9130516778017737,10.712142642814275,-0.19223445930952296,-0.6905606441072304,-0.27928063253883567,-0.33213212822538024,-0.5998041775404763,-0.2040093074477469,-0.37656373512212316,4
-0.8096556751338929,-0.8579975145989774,-0.27702741028012307,-0.3986836914865238,2.042837330171421,-0.6470573530235344,1.0952282595959517,-0.09335200560186732,5.201980974648606,-0.6905606441072304,-0.27928063253883567,-0.33213212822538024,-0.5998041775404763,-0.2040093074477469,-0.37656373512212316,8
0.8943014957160725,0.8288511022134494,-0.27702741028012307,-0.3986836914865238,-0.4895152370825761,-0.6470573530235344,-0.9130516778017737,-0.09335200560186732,-0.19223445930952296,1.448098741990747,3.5806278112068637,-0.33213212822538024,-0.5998041775404763,-0.2040093074477469,-0.37656373512212316,4
-0.8096556751338929,0.8288511022134494,-0.27702741028012307,-0.3986836914865238,-0.4895152370825761,1.4049121980031531,-0.9130516778017737,-0.09335200560186732,-0.19223445930952296,-0.6905606441072304,-0.27928063253883567,3.0108499449996424,-0.5998041775404763,-0.2040093074477469,-0.37656373512212316,7
0.8943014957160725,0.8288511022134494,-0.27702741028012307,-0.3986836914865238,-0.4895152370825761,-0.6470573530235344,-0.9130516778017737,-0.09335200560186732,-0.19223445930952296,-0.6905606441072304,-0.27928063253883567,-0.33213212822538024,-0.5998041775404763,4.901737143812081,-0.37656373512212316,4
0.8943014957160725,-0.8579975145989774,-0.27702741028012307,2.5082540905333266,-0.4895152370825761,-0.6470573530235344,1.0952282595959517,-0.09335200560186732,-0.19223445930952296,-0.6905606441072304,-0.27928063253883567,-0.33213212822538024,-0.5998041775404763,-0.2040093074477469,-0.37656373512212316,6
0.8943014957160725,-0.8579975145989774,-0.27702741028012307,-0.3986836914865238,-0.4895152370825761,-0.6470573530235344,1.0952282595959517,-0.09335200560186732,-0.19223445930952296,-0.6905606441072304,-0.27928063253883567,3.0108499449996424,1.6672107955308748,-0.2040093074477469,-0.37656373512212316,3
0.8943014957160725,-0.8579975145989774,-0.27702741028012307,-0.3986836914865238,-0.4895152370825761,-0.6470573530235344,1.0952282595959517,-0.09335200560186732,-0.19223445930952296,-0.6905606441072304,-0.27928063253883567,3.0108499449996424,1.6672107955308748,-0.2040093074477469,-0.37656373512212316,3
-0.8096556751338929,0.8288511022134494,-0.27702741028012307,-0.3986836914865238,-0.4895152370825761,1.4049121980031531,-0.9130516778017737,-0.09335200560186732,-0.19223445930952296,-0.6905606441072304,-0.27928063253883567,-0.33213212822538024,-0.5998041775404763,-0.2040093074477469,-0.37656373512212316,6
0.8943014957160725,-0.8579975145989774,-0.27702741028012307,-0.3986836914865238,-0.4895152370825761,-0.6470573530235344,1.0952282595959517,-0.09335200560186732,-0.19223445930952296,-0.6905606441072304,-0.27928063253883567,3.0108499449996424,1.6672107955308748,-0.2040093074477469,-0.37656373512212316,6
0.8943014957160725,-0.8579975145989774,-0.27702741028012307,-0.3986836914865238,-0.4895152370825761,-0.6470573530235344,-0.9130516778017737,-0.09335200560186732,-0.19223445930952296,-0.6905606441072304,3.5806278112068637,-0.33213212822538024,-0.5998041775404763,-0.2040093074477469,2.655592949426451,9
0.8943014957160725,-0.8579975145989774,-0.27702741028012307,-0.3986836914865238,-0.4895152370825761,1.4049121980031531,-0.9130516778017737,-0.09335200560186732,-0.19223445930952296,1.448098741990747,-0.27928063253883567,-0.33213212822538024,-0.5998041775404763,-0.2040093074477469,-0.37656373512212316,5
0.8943014957160725,0.8288511022134494,-0.27702741028012307,-0.3986836914865238,-0.4895152370825761,-0.6470573530235344,-0.9130516778017737,-0.09335200560186732,-0.19223445930952296,1.448098741990747,3.5806278112068637,-0.33213212822538024,-0.5998041775404763,-0.2040093074477469,-0.37656373512212316,7
-0.8096556751338929,-0.8579975145989774,-0.27702741028012307,2.5082540905333266,-0.4895152370825761,-0.6470573530235344,1.0952282595959517,-0.09335200560186732,-0.19223445930952296,-0.6905606441072304,3.5806278112068637,-0.33213212822538024,-0.5998041775404763,-0.2040093074477469,-0.37656373512212316,8
0.8943014957160725,0.8288511022134494,-0.27702741028012307,-0.3986836914865238,-0.4895152370825761,1.4049121980031531,1.0952282595959517,-0.09335200560186732,-0.19223445930952296,1.448098741990747,-0.27928063253883567,3.0108499449996424,-0.5998041775404763,-0.2040093074477469,-0.37656373512212316,7
0.8943014957160725,-0.8579975145989774,-0.27702741028012307,-0.3986836914865238,2.042837330171421,-0.6470573530235344,1.0952282595959517,-0.09335200560186732,-0.19223445930952296,-0.6905606441072304,-0.27928063253883567,-0.33213212822538024,-0.5998041775404763,-0.2040093074477469,-0.37656373512212316,6
0.8943014957160725,0.8288511022134494,-0.27702741028012307,-0.3986836914865238,-0.4895152370825761,1.4049121980031531,1.0952282595959517,-0.09335200560186732,-0.19223445930952296,-0.6905606441072304,-0.27928063253883567,3.0108499449996424,1.6672107955308748,-0.2040093074477469,-0.37656373512212316,3
2.598258666566038,2.5156997190258763,-0.27702741028012307,-0.3986836914865238,-0.4895152370825761,1.4049121980031531,-0.9130516778017737,-0.09335200560186732,-0.19223445930952296,-0.6905606441072304,-0.27928063253883567,-0.33213212822538024,-0.5998041775404763,-0.2040093074477469,-0.37656373512212316,5
0.8943014957160725,-0.8579975145989774,-0.27702741028012307,-0.3986836914865238,-0.4895152370825761,-0.6470573530235344,-0.9130516778017737,-0.09335200560186732,-0.19223445930952296,1.448098741990747,-0.27928063253883567,3.0108499449996424,1.6672107955308748,-0.2040093074477469,-0.37656373512212316,4
-0.8096556751338929,0.8288511022134494,-0.27702741028012307,-0.3986836914865238,-0.4895152370825761,-0.6470573530235344,-0.9130516778017737,-0.09335200560186732,-0.19223445930952296,1.448098741990747,-0.27928063253883567,-0.33213212822538024,-0.5998041775404763,-0.2040093074477469,-0.37656373512212316,5
-0.8096556751338929,0.8288511022134494,-0.27702741028012307,-0.3986836914865238,-0.4895152370825761,-0.6470573530235344,1.0952282595959517,-0.09335200560186732,-0.19223445930952296,-0.6905606441072304,-0.27928063253883567,-0.33213212822538024,1.6672107955308748,-0.2040093074477469,-0.37656373512212316,8
2.598258666566038,0.8288511022134494,-0.27702741028012307,-0.3986836914865238,-0.4895152370825761,3.456881749029841,-0.9130516778017737,-0.09335200560186732,-0.19223445930952296,-0.6905606441072304,-0.27928063253883567,-0.33213212822538024,-0.5998041775404763,-0.2040093074477469,-0.37656373512212316,4
0.8943014957160725,0.8288511022134494,-0.27702741028012307,-0.3986836914865238,-0.4895152370825761,-0.6470573530235344,-0.9130516778017737,-0.09335200560186732,-0.19223445930952296,-0.6905606441072304,-0.27928063253883567,-0.33213212822538024,-0.5998041775404763,-0.2040093074477469,-0.37656373512212316,7
-0.8096556751338929,-0.8579975145989774,-0.27702741028012307,-0.3986836914865238,2.042837330171421,1.4049121980031531,1.0952282595959517,-0.09335200560186732,-0.19223445930952296,-0.6905606441072304,-0.27928063253883567,-0.33213212822538024,-0.5998041775404763,-0.2040093074477469,-0.37656373512212316,6
-0.8096556751338929,2.5156997190258763,-0.27702741028012307,-0.3986836914865238,-0.4895152370825761,-0.6470573530235344,-0.9130516778017737,-0.09335200560186732,-0.19223445930952296,1.448098741990747,-0.27928063253883567,-0.33213212822538024,-0.5998041775404763,-0.2040093074477469,-0.37656373512212316,5
0.8943014957160725,0.8288511022134494,-0.27702741028012307,-0.3986836914865238,-0.4895152370825761,-0.6470573530235344,-0.9130516778017737,-0.09335200560186732,-0.19223445930952296,1.448098741990747,-0.27928063253883567,-0.33213212822538024,1.6672107955308748,-0.2040093074477469,2.655592949426451,6
-0.8096556751338929,0.8288511022134494,-0.27702741028012307,-0.3986836914865238,-0.4895152370825761,-0.6470573530235344,1.0952282595959517,-0.09335200560186732,-0.19223445930952296,-0.6905606441072304,-0.27928063253883567,-0.33213212822538024,-0.5998041775404763,-0.2040093074477469,2.655592949426451,5
-0.8096556751338929,-0.8579975145989774,-0.27702741028012307,2.5082540905333266,-0.4895152370825761,1.4049121980031531,1.0952282595959517,-0.09335200560186732,-0.19223445930952296,-0.6905606441072304,-0.27928063253883567,-0.33213212822538024,-0.5998041775404763,-0.2040093074477469,-0.37656373512212316,7
-0.8096556751338929,-0.8579975145989774,-0.27702741028012307,-0.3986836914865238,2.042837330171421,-0.6470573530235344,1.0952282595959517,-0.09335200560186732,-0.19223445930952296,-0.6905606441072304,-0.27928063253883567,-0.33213212822538024,-0.5998041775404763,-0.2040093074477469,-0.37656373512212316,5
-0.8096556751338929,-0.8579975145989774,-0.27702741028012307,2.5082540905333266,2.042837330171421,-0.6470573530235344,1.0952282595959517,-0.09335200560186732,-0.19223445930952296,-0.6905606441072304,-0.27928063253883567,-0.33213212822538024,-0.5998041775404763,-0.2040093074477469,-0.37656373512212316,9
-0.8096556751338929,-0.8579975145989774,-0.27702741028012307,-0.3986836914865238,-0.4895152370825761,1.4049121980031531,-0.9130516778017737,-0.09335200560186732,-0.19223445930952296,-0.6905606441072304,3.5806278112068637,-0.33213212822538024,-0.5998041775404763,-0.2040093074477469,2.655592949426451,5
0.8943014957160725,0.8288511022134494,-0.27702741028012307,-0.3986836914865238,-0.4895152370825761,-0.6470573530235344,1.0952282595959517,-0.09335200560186732,-0.19223445930952296,-0.6905606441072304,-0.27928063253883567,-0.33213212822538024,1.6672107955308748,-0.2040093074477469,-0.37656373512212316,5
0.8943014957160725,0.8288511022134494,-0.27702741028012307,-0.3986836914865238,-0.4895152370825761,1.4049121980031531,-0.9130516778017737,-0.09335200560186732,-0.19223445930952296,-0.6905606441072304,-0.27928063253883567,3.0108499449996424,1.6672107955308748,-0.2040093074477469,-0.37656373512212316,7
0.8943014957160725,2.5156997190258763,-0.27702741028012307,-0.3986836914865238,-0.4895152370825761,1.4049121980031531,-0.9130516778017737,-0.09335200560186732,-0.19223445930952296,1.448098741990747,-0.27928063253883567,-0.33213212822538024,1.6672107955308748,-0.2040093074477469,-0.37656373512212316,4
0.8943014957160725,-0.8579975145989774,-0.27702741028012307,-0.3986836914865238,-0.4895152370825761,-0.6470573530235344,1.0952282595959517,-0.09335200560186732,-0.19223445930952296,-0.6905606441072304,-0.27928063253883567,-0.33213212822538024,-0.5998041775404763,-0.2040093074477469,-0.37656373512212316,6
-0.8096556751338929,0.8288511022134494,-0.27702741028012307,-0.3986836914865238,2.042837330171421,1.4049121980031531,1.0952282595959517,-0.09335200560186732,-0.19223445930952296,-0.6905606441072304,-0.27928063253883567,-0.33213212822538024,1.6672107955308748,-0.2040093074477469,-0.37656373512212316,3
-0.8096556751338929,-0.8579975145989774,-0.27702741028012307,-0.3986836914865238,2.042837330171421,-0.6470573530235344,1.0952282595959517,-0.09335200560186732,-0.19223445930952296,-0.6905606441072304,-0.27928063253883567,-0.33213212822538024,-0.5998041775404763,-0.2040093074477469,2.655592949426451,6
0.8943014957160725,-0.8579975145989774,-0.27702741028012307,-0.3986836914865238,-0.4895152370825761,1.4049121980031531,1.0952282595959517,-0.09335200560186732,-0.19223445930952296,-0.6905606441072304,-0.27928063253883567,-0.33213212822538024,-0.5998041775404763,-0.2040093074477469,-0.37656373512212316,4
0.8943014957160725,0.8288511022134494,-0.27702741028012307,-0.3986836914865238,-0.4895152370825761,1.4049121980031531,-0.9130516778017737,-0.09335200560186732,-0.19223445930952296,1.448098741990747,-0.27928063253883567,-0.33213212822538024,-0.5998041775404763,-0.2040093074477469,-0.37656373512212316,4
-0.8096556751338929,-0.8579975145989774,-0.27702741028012307,2.5082540905333266,2.042837330171421,-0.6470573530235344,1.0952282595959517,-0.09335200560186732,5.201980974648606,-0.6905606441072304,-0.27928063253883567,-0.33213212822538024,-0.5998041775404763,-0.2040093074477469,-0.37656373512212316,9
-0.8096556751338929,-0.8579975145989774,-0.27702741028012307,-0.3986836914865238,-0.4895152370825761,-0.6470573530235344,1.0952282595959517,-0.09335200560186732,-0.19223445930952296,-0.6905606441072304,-0.27928063253883567,3.0108499449996424,1.6672107955308748,-0.2040093074477469,-0.37656373512212316,4
-0.8096556751338929,-0.8579975145989774,-0.27702741028012307,-0.3986836914865238,-0.4895152370825761,-0.6470573530235344,1.0952282595959517,-0.09335200560186732,-0.19223445930952296,-0.6905606441072304,3.5806278112068637,-0.33213212822538024,-0.5998041775404763,-0.2040093074477469,-0.37656373512212316,8
-0.8096556751338929,0.8288511022134494,-0.27702741028012307,-0.3986836914865238,-0.4895152370825761,-0.6470573530235344,-0.9130516778017737,-0.09335200560186732,-0.19223445930952296,1.448098741990747,-0.27928063253883567,-0.33213212822538024,1.6672107955308748,-0.2040093074477469,-0.37656373512212316,5
0.8943014957160725,0.8288511022134494,-0.27702741028012307,-0.3986836914865238,-0.4895152370825761,1.4049121980031531,-0.9130516778017737,-0.09335200560186732,-0.19223445930952296,-0.6905606441072304,-0.27928063253883567,3.0108499449996424,1.6672107955308748,-0.2040093074477469,-0.37656373512212316,4
-0.8096556751338929,0.8288511022134494,-0.27702741028012307,-0.3986836914865238,-0.4895152370825761,1.4049121980031531,-0.9130516778017737,-0.09335200560186732,-0.19223445930952296,1.448098741990747,-0.27928063253883567,3.0108499449996424,-0.5998041775404763,-0.2040093074477469,-0.37656373512212316,6
-0.8096556751338929,0.8288511022134494,-0.27702741028012307,-0.3986836914865238,-0.4895152370825761,-0.6470573530235344,1.0952282595959517,-0.09335200560186732,-0.19223445930952296,1.448098741990747,-0.27928063253883567,-0.33213212822538024,1.6672107955308748,-0.2040093074477469,-0.37656373512212316,5
-0.8096556751338929,0.8288511022134494,-0.27702741028012307,2.5082540905333266,-0.4895152370825761,-0.6470573530235344,1.0952282595959517,-0.09335200560186732,-0.19223445930952296,-0.6905606441072304,-0.27928063253883567,-0.33213212822538024,-0.5998041775404763,-0.2040093074477469,-0.37656373512212316,6
-0.8096556751338929,0.8288511022134494,-0.27702741028012307,-0.3986836914865238,-0.4895152370825761,-0.6470573530235344,1.0952282595959517,-0.09335200560186732,-0.19223445930952296,-0.6905606441072304,3.5806278112068637,-0.33213212822538024,-0.5998041775404763,-0.2040093074477469,-0.37656373512212316,6
-0.8096556751338929,-0.8579975145989774,-0.27702741028012307,-0.3986836914865238,2.042837330171421,-0.6470573530235344,1.0952282595959517,-0.09335200560186732,-0.19223445930952296,-0.6905606441072304,-0.27928063253883567,-0.33213212822538024,-0.5998041775404763,-0.2040093074477469,-0.37656373512212316,5
0.8943014957160725,-0.8579975145989774,-0.27702741028012307,-0.3986836914865238,-0.4895152370825761,-0.6470573530235344,1.0952282595959517,-0.09335200560186732,-0.19223445930952296,-0.6905606441072304,-0.27928063253883567,-0.33213212822538024,-0.5998041775404763,-0.2040093074477469,2.655592949426451,7
-0.8096556751338929,-0.8579975145989774,3.609751103650088,-0.3986836914865238,2.042837330171421,1.4049121980031531,1.0952282595959517,-0.09335200560186732,-0.19223445930952296,-0.6905606441072304,-0.27928063253883567,-0.33213212822538024,-0.5998041775404763,-0.2040093074477469,-0.37656373512212316,6
-0.8096556751338929,-0.8579975145989774,3.609751103650088,-0.3986836914865238,-0.4895152370825761,-0.6470573530235344,1.0952282595959517,-0.09335200560186732,-0.19223445930952296,-0.6905606441072304,-0.27928063253883567,-0.33213212822538024,1.6672107955308748,-0.2040093074477469,-0.37656373512212316,7
-0.8096556751338929,0.8288511022134494,-0.27702741028012307,-0.3986836914865238,-0.4895152370825761,1.4049121980031531,-0.9130516778017737,-0.09335200560186732,-0.19223445930952296,1.448098741990747,-0.27928063253883567,-0.33213212822538024,-0.5998041775404763,-0.2040093074477469,-0.37656373512212316,5
0.8943014957160725,-0.8579975145989774,-0.27702741028012307,-0.3986836914865238,2.042837330171421,-0.6470573530235344,1.0952282595959517,-0.09335200560186732,-0.19223445930952296,-0.6905606441072304,-0.27928063253883567,-0.33213212822538024,-0.5998041775404763,-0.2040093074477469,-0.37656373512212316,5
0.8943014957160725,0.8288511022134494,-0.27702741028012307,-0.3986836914865238,-0.4895152370825761,-0.6470573530235344,-0.9130516778017737,-0.09335200560186732,-0.19223445930952296,-0.6905606441072304,-0.27928063253883567,-0.33213212822538024,-0.5998041775404763,-0.2040093074477469,-0.37656373512212316,3
0.8943014957160725,0.8288511022134494,-0.27702741028012307,-0.3986836914865238,-0.4895152370825761,-0.6470573530235344,-0.9130516778017737,-0.09335200560186732,-0.19223445930952296,1.448098741990747,-0.27928063253883567,-0.33213212822538024,-0.5998041775404763,-0.2040093074477469,-0.37656373512212316,5
-0.8096556751338929,-0.8579975145989774,-0.27702741028012307,2.5082540905333266,-0.4895152370825761,-0.6470573530235344,-0.9130516778017737,-0.09335200560186732,-0.19223445930952296,-0.6905606441072304,3.5806278112068637,-0.33213212822538024,-0.5998041775404763,-0.2040093074477469,-0.37656373512212316,7
-0.8096556751338929,-0.8579975145989774,-0.27702741028012307,-0.3986836914865238,-0.4895152370825761,-0.6470573530235344,-0.9130516778017737,-0.09335200560186732,-0.19223445930952296,-0.6905606441072304,-0.27928063253883567,-0.33213212822538024,-0.5998041775404763,-0.2040093074477469,2.655592949426451,6
0.8943014957160725,0.8288511022134494,-0.27702741028012307,-0.3986836914865238,-0.4895152370825761,-0.6470573530235344,-0.9130516778017737,-0.09335200560186732,-0.19223445930952296,-0.6905606441072304,-0.27928063253883567,-0.33213212822538024,-0.5998041775404763,-0.2040093074477469,-0.37656373512212316,6
-0.8096556751338929,0.8288511022134494,-0.27702741028012307,-0.3986836914865238,-0.4895152370825761,-0.6470573530235344,1.0952282595959517,-0.09335200560186732,-0.19223445930952296,-0.6905606441072304,-0.27928063253883567,-0.33213212822538024,-0.5998041775404763,-0.2040093074477469,-0.37656373512212316,6
-0.8096556751338929,0.8288511022134494,-0.27702741028012307,2.5082540905333266,-0.4895152370825761,-0.6470573530235344,-0.9130516778017737,-0.09335200560186732,-0.19223445930952296,1.448098741990747,-0.27928063253883567,-0.33213212822538024,-0.5998041775404763,-0.2040093074477469,-0.37656373512212316,5
0.8943014957160725,-0.8579975145989774,-0.27702741028012307,-0.3986836914865238,-0.4895152370825761,1.4049121980031531,-0.9130516778017737,-0.09335200560186732,-0.19223445930952296,1.448098741990747,-0.27928063253883567,-0.33213212822538024,1.6672107955308748,-0.2040093074477469,-0.37656373512212316,6
0.8943014957160725,0.8288511022134494,-0.27702741028012307,-0.3986836914865238,-0.4895152370825761,1.4049121980031531,-0.9130516778017737,-0.09335200560186732,-0.19223445930952296,1.448098741990747,-0.27928063253883567,-0.33213212822538024,1.6672107955308748,4.901737143812081,-0.37656373512212316,4
-0.8096556751338929,0.8288511022134494,-0.27702741028012307,-0.3986836914865238,-0.4895152370825761,-0.6470573530235344,1.0952282595959517,-0.09335200560186732,-0.19223445930952296,1.448098741990747,-0.27928063253883567,-0.33213212822538024,1.6672107955308748,-0.2040093074477469,-0.37656373512212316,5
-0.8096556751338929,-0.8579975145989774,-0.27702741028012307,-0.3986836914865238,2.042837330171421,1.4049121980031531,1.0952282595959517,-0.09335200560186732,-0.19223445930952296,-0.6905606441072304,-0.27928063253883567,-0.33213212822538024,-0.5998041775404763,-0.2040093074477469,-0.37656373512212316,6
0.8943014957160725,2.5156997190258763,-0.27702741028012307,-0.3986836914865238,-0.4895152370825761,1.4049121980031531,1.0952282595959517,-0.09335200560186732,-0.19223445930952296,-0.6905606441072304,-0.27928063253883567,-0.33213212822538024,1.6672107955308748,-0.2040093074477469,-0.37656373512212316,4
0.8943014957160725,-0.8579975145989774,-0.27702741028012307,-0.3986836914865238,-0.4895152370825761,1.4049121980031531,1.0952282595959517,-0.09335200560186732,-0.19223445930952296,-0.6905606441072304,-0.27928063253883567,-0.33213212822538024,1.6672107955308748,-0.2040093074477469,-0.37656373512212316,6
0.8943014957160725,-0.8579975145989774,-0.27702741028012307,-0.3986836914865238,-0.4895152370825761,-0.6470573530235344,1.0952282595959517,-0.09335200560186732,-0.19223445930952296,-0.6905606441072304,-0.27928063253883567,-0.33213212822538024,-0.5998041775404763,-0.2040093074477469,-0.37656373512212316,6
-0.8096556751338929,-0.8579975145989774,-0.27702741028012307,-0.3986836914865238,-0.4895152370825761,-0.6470573530235344,1.0952282595959517,-0.09335200560186732,-0.19223445930952296,-0.6905606441072304,-0.27928063253883567,-0.33213212822538024,1.6672107955308748,-0.2040093074477469,-0.37656373512212316,5
-0.8096556751338929,0.8288511022134494,-0.27702741028012307,2.5082540905333266,-0.4895152370825761,1.4049121980031531,1.0952282595959517,-0.09335200560186732,-0.19223445930952296,-0.6905606441072304,-0.27928063253883567,-0.33213212822538024,-0.5998041775404763,-0.2040093074477469,-0.37656373512212316,5
-0.8096556751338929,0.8288511022134494,-0.27702741028012307,-0.3986836914865238,-0.4895152370825761,-0.6470573530235344,1.0952282595959517,-0.09335200560186732,-0.19223445930952296,1.448098741990747,-0.27928063253883567,-0.33213212822538024,-0.5998041775404763,-0.2040093074477469,-0.37656373512212316,6
0.8943014957160725,-0.8579975145989774,-0.27702741028012307,-0.3986836914865238,-0.4895152370825761,1.4049121980031531,1.0952282595959517,-0.09335200560186732,-0.19223445930952296,-0.6905606441072304,-0.27928063253883567,3.0108499449996424,-0.5998041775404763,-0.2040093074477469,-0.37656373512212316,7
-0.8096556751338929,-0.8579975145989774,3.609751103650088,2.5082540905333266,-0.4895152370825761,-0.6470573530235344,-0.9130516778017737,-0.09335200560186732,-0.19223445930952296,-0.6905606441072304,-0.27928063253883567,-0.33213212822538024,-0.5998041775404763,-0.2040093074477469,-0.37656373512212316,9
-0.8096556751338929,-0.8579975145989774,-0.27702741028012307,2.5082540905333266,-0.4895152370825761,-0.6470573530235344,-0.9130516778017737,-0.09335200560186732,-0.19223445930952296,1.448098741990747,-0.27928063253883567,-0.33213212822538024,-0.5998041775404763,-0.2040093074477469,-0.37656373512212316,6
0.8943014957160725,0.8288511022134494,-0.27702741028012307,-0.3986836914865238,-0.4895152370825761,-0.6470573530235344,-0.9130516778017737,-0.09335200560186732,-0.19223445930952296,-0.6905606441072304,-0.27928063253883567,-0.33213212822538024,1.6672107955308748,-0.2040093074477469,-0.37656373512212316,6
0.8943014957160725,0.8288511022134494,-0.27702741028012307,-0.3986836914865238,-0.4895152370825761,-0.6470573530235344,1.0952282595959517,-0.09335200560186732,-0.19223445930952296,-0.6905606441072304,-0.27928063253883567,3.0108499449996424,-0.5998041775404763,-0.2040093074477469,-0.37656373512212316,6
-0.8096556751338929,-0.8579975145989774,3.609751103650088,2.5082540905333266,-0.4895152370825761,-0.6470573530235344,-0.9130516778017737,-0.09335200560186732,-0.19223445930952296,-0.6905606441072304,-0.27928063253883567,-0.33213212822538024,-0.5998041775404763,-0.2040093074477469,-0.37656373512212316,6
-0.8096556751338929,0.8288511022134494,-0.27702741028012307,-0.3986836914865238,-0.4895152370825761,-0.6470573530235344,-0.9130516778017737,-0.09335200560186732,-0.19223445930952296,1.448098741990747,-0.27928063253883567,-0.33213212822538024,1.6672107955308748,-0.2040093074477469,-0.37656373512212316,8
-0.8096556751338929,0.8288511022134494,-0.27702741028012307,-0.3986836914865238,2.042837330171421,-0.6470573530235344,-0.9130516778017737,-0.09335200560186732,-0.19223445930952296,1.448098741990747,-0.27928063253883567,-0.33213212822538024,-0.5998041775404763,-0.2040093074477469,-0.37656373512212316,3
2.598258666566038,2.5156997190258763,-0.27702741028012307,-0.3986836914865238,-0.4895152370825761,1.4049121980031531,-0.9130516778017737,-0.09335200560186732,-0.19223445930952296,-0.6905606441072304,-0.27928063253883567,-0.33213212822538024,-0.5998041775404763,-0.2040093074477469,-0.37656373512212316,3
0.8943014957160725,-0.8579975145989774,-0.27702741028012307,2.5082540905333266,-0.4895152370825761,1.4049121980031531,1.0952282595959517,-0.09335200560186732,-0.19223445930952296,-0.6905606441072304,-0.27928063253883567,-0.33213212822538024,-0.5998041775404763,-0.2040093074477469,-0.37656373512212316,6
-0.8096556751338929,-0.8579975145989774,-0.27702741028012307,-0.3986836914865238,-0.4895152370825761,-0.6470573530235344,1.0952282595959517,-0.09335200560186732,-0.19223445930952296,-0.6905606441072304,-0.27928063253883567,-0.33213212822538024,-0.5998041775404763,-0.2040093074477469,2.655592949426451,9
-0.8096556751338929,0.8288511022134494,-0.27702741028012307,-0.3986836914865238,-0.4895152370825761,1.4049121980031531,-0.9130516778017737,-0.09335200560186732,-0.19223445930952296,1.448098741990747,-0.27928063253883567,-0.33213212822538024,-0.5998041775404763,-0.2040093074477469,-0.37656373512212316,5
0.8943014957160725,-0.8579975145989774,-0.27702741028012307,-0.3986836914865238,-0.4895152370825761,1.4049121980031531,-0.9130516778017737,-0.09335200560186732,-0.19223445930952296,1.448098741990747,-0.27928063253883567,-0.33213212822538024,-0.5998041775404763,-0.2040093074477469,-0.37656373512212316,4
0.8943014957160725,0.8288511022134494,-0.27702741028012307,-0.3986836914865238,-0.4895152370825761,-0.6470573530235344,-0.9130516778017737,-0.09335200560186732,-0.19223445930952296,1.448098741990747,3.5806278112068637,-0.33213212822538024,-0.5998041775404763,-0.2040093074477469,-0.37656373512212316,4
-0.8096556751338929,0.8288511022134494,-0.27702741028012307,2.5082540905333266,-0.4895152370825761,-0.6470573530235344,1.0952282595959517,-0.09335200560186732,-0.19223445930952296,1.448098741990747,-0.27928063253883567,-0.33213212822538024,-0.5998041775404763,-0.2040093074477469,-0.37656373512212316,6
2.598258666566038,0.8288511022134494,-0.27702741028012307,-0.3986836914865238,-0.4895152370825761,3.456881749029841,-0.9130516778017737,-0.09335200560186732,-0.19223445930952296,-0.6905606441072304,-0.27928063253883567,-0.33213212822538024,-0.5998041775404763,-0.2040093074477469,-0.37656373512212316,2
0.8943014957160725,0.8288511022134494,-0.27702741028012307,-0.3986836914865238,-0.4895152370825761,-0.6470573530235344,1.0952282595959517,-0.09335200560186732,-0.19223445930952296,-0.6905606441072304,-0.27928063253883567,-0.33213212822538024,-0.5998041775404763,-0.2040093074477469,2.655592949426451,5
-0.8096556751338929,-0.8579975145989774,-0.27702741028012307,-0.3986836914865238,2.042837330171421,-0.6470573530235344,-0.9130516778017737,-0.09335200560186732,-0.19223445930952296,-0.6905606441072304,-0.27928063253883567,-0.33213212822538024,1.6672107955308748,-0.2040093074477469,-0.37656373512212316,7
-0.8096556751338929,-0.8579975145989774,-0.27702741028012307,-0.3986836914865238,-0.4895152370825761,1.4049121980031531,1.0952282595959517,-0.09335200560186732,-0.19223445930952296,-0.6905606441072304,-0.27928063253883567,-0.33213212822538024,-0.5998041775404763,-0.2040093074477469,2.655592949426451,7
0.8943014957160725,-0.8579975145989774,-0.27702741028012307,-0.3986836914865238,2.042837330171421,1.4049121980031531,-0.9130516778017737,-0.09335200560186732,-0.19223445930952296,-0.6905606441072304,-0.27928063253883567,-0.33213212822538024,-0.5998041775404763,-0.2040093074477469,-0.37656373512212316,6
-0.8096556751338929,-0.8579975145989774,-0.27702741028012307,2.5082540905333266,2.042837330171421,-0.6470573530235344,1.0952282595959517,-0.09335200560186732,-0.19223445930952296,-0.6905606441072304,-0.27928063253883567,-0.33213212822538024,-0.5998041775404763,-0.2040093074477469,-0.37656373512212316,8
0.8943014957160725,-0.8579975145989774,-0.27702741028012307,-0.3986836914865238,-0.4895152370825761,-0.6470573530235344,-0.9130516778017737,-0.09335200560186732,-0.19223445930952296,-0.6905606441072304,-0.27928063253883567,-0.33213212822538024,-0.5998041775404763,-0.2040093074477469,2.655592949426451,7
0.8943014957160725,0.8288511022134494,-0.27702741028012307,-0.3986836914865238,-0.4895152370825761,1.4049121980031531,1.0952282595959517,-0.09335200560186732,-0.19223445930952296,-0.6905606441072304,-0.27928063253883567,-0.33213212822538024,-0.5998041775404763,-0.2040093074477469,-0.37656373512212316,6
-0.8096556751338929,-0.8579975145989774,-0.27702741028012307,2.5082540905333266,-0.4895152370825761,-0.6470573530235344,-0.9130516778017737,-0.09335200560186732,-0.19223445930952296,-0.6905606441072304,3.5806278112068637,-0.33213212822538024,-0.5998041775404763,-0.2040093074477469,-0.37656373512212316,8
0.8943014957160725,2.5156997190258763,-0.27702741028012307,-0.3986836914865238,-0.4895152370825761,1.4049121980031531,-0.9130516778017737,-0.09335200560186732,-0.19223445930952296,1.448098741990747,-0.27928063253883567,-0.33213212822538024,-0.5998041775404763,-0.2040093074477469,-0.37656373512212316,2
