split0_test_tn,split1_test_tn,split2_test_tn,split3_test_tn,split4_test_tn,split0_train_tn,split1_train_tn,split2_train_tn,split3_train_tn,split4_train_tn,split0_test_fp,split1_test_fp,split2_test_fp,split3_test_fp,split4_test_fp,split0_train_fp,split1_train_fp,split2_train_fp,split3_train_fp,split4_train_fp,split0_test_fn,split1_test_fn,split2_test_fn,split3_test_fn,split4_test_fn,split0_train_fn,split1_train_fn,split2_train_fn,split3_train_fn,split4_train_fn,split0_test_tp,split1_test_tp,split2_test_tp,split3_test_tp,split4_test_tp,split0_train_tp,split1_train_tp,split2_train_tp,split3_train_tp,split4_train_tp,split0_test_f1,split1_test_f1,split2_test_f1,split3_test_f1,split4_test_f1,split0_train_f1,split1_train_f1,split2_train_f1,split3_train_f1,split4_train_f1,split0_test_accuracy,split1_test_accuracy,split2_test_accuracy,split3_test_accuracy,split4_test_accuracy,split0_train_accuracy,split1_train_accuracy,split2_train_accuracy,split3_train_accuracy,split4_train_accuracy,split0_test_precision,split1_test_precision,split2_test_precision,split3_test_precision,split4_test_precision,split0_train_precision,split1_train_precision,split2_train_precision,split3_train_precision,split4_train_precision,split0_test_recall,split1_test_recall,split2_test_recall,split3_test_recall,split4_test_recall,split0_train_recall,split1_train_recall,split2_train_recall,split3_train_recall,split4_train_recall,split0_test_roc_auc,split1_test_roc_auc,split2_test_roc_auc,split3_test_roc_auc,split4_test_roc_auc,split0_train_roc_auc,split1_train_roc_auc,split2_train_roc_auc,split3_train_roc_auc,split4_train_roc_auc,params,cls_method,od_method,mvi_method,fs_method,os_method,mean_test_f1
90.0,91.0,68.0,76.0,81.0,317.0,316.0,339.0,328.0,323.0,68.0,64.0,69.0,67.0,60.0,259.0,263.0,258.0,263.0,270.0,37.0,27.0,41.0,45.0,32.0,146.0,156.0,142.0,136.0,149.0,207.0,220.0,224.0,213.0,228.0,884.0,871.0,867.0,880.0,865.0,0.7976878612716763,0.8286252354048965,0.8028673835125449,0.7918215613382898,0.832116788321168,0.8136217211228717,0.8061082832022212,0.8125585754451734,0.8151922186197313,0.8050255932992089,0.7388059701492538,0.7736318407960199,0.7263681592039801,0.7206982543640897,0.770573566084788,0.7478206724782067,0.7391033623910336,0.75093399750934,0.7517112632233977,0.7392657125077785,0.7527272727272727,0.7746478873239436,0.764505119453925,0.7607142857142857,0.7916666666666666,0.773403324584427,0.7680776014109347,0.7706666666666667,0.7699037620297463,0.762114537444934,0.8483606557377049,0.8906882591093117,0.8452830188679246,0.8255813953488372,0.8769230769230769,0.858252427184466,0.8481012658227848,0.8592666005946482,0.8661417322834646,0.8530571992110454,0.708990454451131,0.7388925166514301,0.670816691915714,0.6785249634086844,0.7256955810147301,0.7042998247033442,0.69693491615837,0.7135528982872739,0.710566636023289,0.6988726130962478,"{'cls__hidden_layer_sizes': (100,), 'cls__learning_rate': 'adaptive', 'cls__learning_rate_init': 0.001, 'cls__max_iter': 1000, 'cls__n_iter_no_change': 5, 'cls__random_state': 42}",mlp,none,simple,minmax,none,0.8106237659697151
91.0,71.0,74.0,77.0,86.0,308.0,328.0,325.0,322.0,313.0,65.0,67.0,65.0,55.0,73.0,260.0,258.0,260.0,270.0,252.0,37.0,36.0,41.0,38.0,29.0,144.0,145.0,140.0,143.0,152.0,205.0,224.0,218.0,228.0,209.0,879.0,860.0,866.0,856.0,875.0,0.80078125,0.8130671506352088,0.8044280442804428,0.8306010928961748,0.8038461538461538,0.8131359851988899,0.8101742816768724,0.8123827392120074,0.8056470588235294,0.8124419684308264,0.7437185929648241,0.7412060301507538,0.7336683417085427,0.7663316582914573,0.743073047858942,0.7460716530483973,0.7467001885606537,0.748585795097423,0.7404148334380892,0.7462311557788944,0.7592592592592593,0.7697594501718213,0.7703180212014135,0.8056537102473498,0.7411347517730497,0.771729587357331,0.7692307692307693,0.7690941385435168,0.7602131438721137,0.7763975155279503,0.8471074380165289,0.8615384615384616,0.8416988416988417,0.8571428571428571,0.8781512605042017,0.8592375366568915,0.8557213930348259,0.8608349900596421,0.8568568568568569,0.8519961051606622,0.7152203856749311,0.688015607580825,0.6870364712091331,0.7202380952380952,0.7095158818244278,0.7007455288918261,0.7077241777460819,0.7081952728075989,0.7003878878878878,0.702989203022809,"{'cls__algorithm': 'SAMME', 'cls__learning_rate': 1.0, 'cls__n_estimators': 50, 'cls__random_state': 42}",ada,lof,simple,none,none,0.810544738331596
91.0,71.0,74.0,77.0,86.0,308.0,328.0,325.0,322.0,313.0,65.0,67.0,65.0,55.0,73.0,260.0,258.0,260.0,270.0,252.0,37.0,36.0,41.0,38.0,29.0,144.0,145.0,140.0,143.0,152.0,205.0,224.0,218.0,228.0,209.0,879.0,860.0,866.0,856.0,875.0,0.80078125,0.8130671506352088,0.8044280442804428,0.8306010928961748,0.8038461538461538,0.8131359851988899,0.8101742816768724,0.8123827392120074,0.8056470588235294,0.8124419684308264,0.7437185929648241,0.7412060301507538,0.7336683417085427,0.7663316582914573,0.743073047858942,0.7460716530483973,0.7467001885606537,0.748585795097423,0.7404148334380892,0.7462311557788944,0.7592592592592593,0.7697594501718213,0.7703180212014135,0.8056537102473498,0.7411347517730497,0.771729587357331,0.7692307692307693,0.7690941385435168,0.7602131438721137,0.7763975155279503,0.8471074380165289,0.8615384615384616,0.8416988416988417,0.8571428571428571,0.8781512605042017,0.8592375366568915,0.8557213930348259,0.8608349900596421,0.8568568568568569,0.8519961051606622,0.7152203856749311,0.688015607580825,0.6870364712091331,0.7202380952380952,0.7095158818244278,0.7007455288918261,0.7077241777460819,0.7081952728075989,0.7003878878878878,0.702989203022809,"{'cls__C': 0.1, 'cls__probability': True, 'cls__random_state': 42}",svc,lof,simple,standard,none,0.810544738331596
91.0,71.0,74.0,77.0,86.0,308.0,328.0,325.0,322.0,313.0,65.0,67.0,65.0,55.0,73.0,260.0,258.0,260.0,270.0,252.0,37.0,36.0,41.0,38.0,29.0,144.0,145.0,140.0,143.0,152.0,205.0,224.0,218.0,228.0,209.0,879.0,860.0,866.0,856.0,875.0,0.80078125,0.8130671506352088,0.8044280442804428,0.8306010928961748,0.8038461538461538,0.8131359851988899,0.8101742816768724,0.8123827392120074,0.8056470588235294,0.8124419684308264,0.7437185929648241,0.7412060301507538,0.7336683417085427,0.7663316582914573,0.743073047858942,0.7460716530483973,0.7467001885606537,0.748585795097423,0.7404148334380892,0.7462311557788944,0.7592592592592593,0.7697594501718213,0.7703180212014135,0.8056537102473498,0.7411347517730497,0.771729587357331,0.7692307692307693,0.7690941385435168,0.7602131438721137,0.7763975155279503,0.8471074380165289,0.8615384615384616,0.8416988416988417,0.8571428571428571,0.8781512605042017,0.8592375366568915,0.8557213930348259,0.8608349900596421,0.8568568568568569,0.8519961051606622,0.7152203856749311,0.688015607580825,0.6870364712091331,0.7202380952380952,0.7095158818244278,0.7007455288918261,0.7077241777460819,0.7081952728075989,0.7003878878878878,0.702989203022809,"{'cls__criterion': 'entropy', 'cls__max_depth': 4, 'cls__max_features': 'log2', 'cls__random_state': 42}",rf,lof,simple,none,none,0.810544738331596
91.0,71.0,74.0,77.0,86.0,308.0,328.0,325.0,322.0,313.0,65.0,67.0,65.0,55.0,73.0,260.0,258.0,260.0,270.0,252.0,37.0,36.0,41.0,38.0,29.0,144.0,145.0,140.0,143.0,152.0,205.0,224.0,218.0,228.0,209.0,879.0,860.0,866.0,856.0,875.0,0.80078125,0.8130671506352088,0.8044280442804428,0.8306010928961748,0.8038461538461538,0.8131359851988899,0.8101742816768724,0.8123827392120074,0.8056470588235294,0.8124419684308264,0.7437185929648241,0.7412060301507538,0.7336683417085427,0.7663316582914573,0.743073047858942,0.7460716530483973,0.7467001885606537,0.748585795097423,0.7404148334380892,0.7462311557788944,0.7592592592592593,0.7697594501718213,0.7703180212014135,0.8056537102473498,0.7411347517730497,0.771729587357331,0.7692307692307693,0.7690941385435168,0.7602131438721137,0.7763975155279503,0.8471074380165289,0.8615384615384616,0.8416988416988417,0.8571428571428571,0.8781512605042017,0.8592375366568915,0.8557213930348259,0.8608349900596421,0.8568568568568569,0.8519961051606622,0.7152203856749311,0.688015607580825,0.6870364712091331,0.7202380952380952,0.7095158818244278,0.7007455288918261,0.7077241777460819,0.7081952728075989,0.7003878878878878,0.702989203022809,"{'cls__C': 10, 'cls__probability': True, 'cls__random_state': 42}",svc,lof,simple,none,none,0.810544738331596
91.0,71.0,74.0,77.0,86.0,308.0,328.0,325.0,322.0,313.0,65.0,67.0,65.0,55.0,73.0,260.0,258.0,260.0,270.0,252.0,37.0,36.0,41.0,38.0,29.0,144.0,145.0,140.0,143.0,152.0,205.0,224.0,218.0,228.0,209.0,879.0,860.0,866.0,856.0,875.0,0.80078125,0.8130671506352088,0.8044280442804428,0.8306010928961748,0.8038461538461538,0.8131359851988899,0.8101742816768724,0.8123827392120074,0.8056470588235294,0.8124419684308264,0.7437185929648241,0.7412060301507538,0.7336683417085427,0.7663316582914573,0.743073047858942,0.7460716530483973,0.7467001885606537,0.748585795097423,0.7404148334380892,0.7462311557788944,0.7592592592592593,0.7697594501718213,0.7703180212014135,0.8056537102473498,0.7411347517730497,0.771729587357331,0.7692307692307693,0.7690941385435168,0.7602131438721137,0.7763975155279503,0.8471074380165289,0.8615384615384616,0.8416988416988417,0.8571428571428571,0.8781512605042017,0.8592375366568915,0.8557213930348259,0.8608349900596421,0.8568568568568569,0.8519961051606622,0.7152203856749311,0.688015607580825,0.6870364712091331,0.7202380952380952,0.7095158818244278,0.7007455288918261,0.7077241777460819,0.7081952728075989,0.7003878878878878,0.702989203022809,"{'cls__C': 1, 'cls__probability': True, 'cls__random_state': 42}",svc,lof,simple,none,none,0.810544738331596
91.0,71.0,74.0,77.0,86.0,308.0,328.0,325.0,322.0,313.0,65.0,67.0,65.0,55.0,73.0,260.0,258.0,260.0,270.0,252.0,37.0,36.0,41.0,38.0,29.0,144.0,145.0,140.0,143.0,152.0,205.0,224.0,218.0,228.0,209.0,879.0,860.0,866.0,856.0,875.0,0.80078125,0.8130671506352088,0.8044280442804428,0.8306010928961748,0.8038461538461538,0.8131359851988899,0.8101742816768724,0.8123827392120074,0.8056470588235294,0.8124419684308264,0.7437185929648241,0.7412060301507538,0.7336683417085427,0.7663316582914573,0.743073047858942,0.7460716530483973,0.7467001885606537,0.748585795097423,0.7404148334380892,0.7462311557788944,0.7592592592592593,0.7697594501718213,0.7703180212014135,0.8056537102473498,0.7411347517730497,0.771729587357331,0.7692307692307693,0.7690941385435168,0.7602131438721137,0.7763975155279503,0.8471074380165289,0.8615384615384616,0.8416988416988417,0.8571428571428571,0.8781512605042017,0.8592375366568915,0.8557213930348259,0.8608349900596421,0.8568568568568569,0.8519961051606622,0.7152203856749311,0.688015607580825,0.6870364712091331,0.7202380952380952,0.7095158818244278,0.7007455288918261,0.7077241777460819,0.7081952728075989,0.7003878878878878,0.702989203022809,"{'cls__C': 0.1, 'cls__probability': True, 'cls__random_state': 42}",svc,lof,simple,none,none,0.810544738331596
91.0,71.0,74.0,77.0,86.0,308.0,328.0,325.0,322.0,313.0,65.0,67.0,65.0,55.0,73.0,260.0,258.0,260.0,270.0,252.0,37.0,36.0,41.0,38.0,29.0,144.0,145.0,140.0,143.0,152.0,205.0,224.0,218.0,228.0,209.0,879.0,860.0,866.0,856.0,875.0,0.80078125,0.8130671506352088,0.8044280442804428,0.8306010928961748,0.8038461538461538,0.8131359851988899,0.8101742816768724,0.8123827392120074,0.8056470588235294,0.8124419684308264,0.7437185929648241,0.7412060301507538,0.7336683417085427,0.7663316582914573,0.743073047858942,0.7460716530483973,0.7467001885606537,0.748585795097423,0.7404148334380892,0.7462311557788944,0.7592592592592593,0.7697594501718213,0.7703180212014135,0.8056537102473498,0.7411347517730497,0.771729587357331,0.7692307692307693,0.7690941385435168,0.7602131438721137,0.7763975155279503,0.8471074380165289,0.8615384615384616,0.8416988416988417,0.8571428571428571,0.8781512605042017,0.8592375366568915,0.8557213930348259,0.8608349900596421,0.8568568568568569,0.8519961051606622,0.7152203856749311,0.688015607580825,0.6870364712091331,0.7202380952380952,0.7095158818244278,0.7007455288918261,0.7077241777460819,0.7081952728075989,0.7003878878878878,0.702989203022809,"{'cls__algorithm': 'SAMME', 'cls__learning_rate': 1.0, 'cls__n_estimators': 100, 'cls__random_state': 42}",ada,lof,simple,none,none,0.810544738331596
91.0,71.0,74.0,77.0,86.0,308.0,328.0,325.0,322.0,313.0,65.0,67.0,65.0,55.0,73.0,260.0,258.0,260.0,270.0,252.0,37.0,36.0,41.0,38.0,29.0,144.0,145.0,140.0,143.0,152.0,205.0,224.0,218.0,228.0,209.0,879.0,860.0,866.0,856.0,875.0,0.80078125,0.8130671506352088,0.8044280442804428,0.8306010928961748,0.8038461538461538,0.8131359851988899,0.8101742816768724,0.8123827392120074,0.8056470588235294,0.8124419684308264,0.7437185929648241,0.7412060301507538,0.7336683417085427,0.7663316582914573,0.743073047858942,0.7460716530483973,0.7467001885606537,0.748585795097423,0.7404148334380892,0.7462311557788944,0.7592592592592593,0.7697594501718213,0.7703180212014135,0.8056537102473498,0.7411347517730497,0.771729587357331,0.7692307692307693,0.7690941385435168,0.7602131438721137,0.7763975155279503,0.8471074380165289,0.8615384615384616,0.8416988416988417,0.8571428571428571,0.8781512605042017,0.8592375366568915,0.8557213930348259,0.8608349900596421,0.8568568568568569,0.8519961051606622,0.7152203856749311,0.688015607580825,0.6870364712091331,0.7202380952380952,0.7095158818244278,0.7007455288918261,0.7077241777460819,0.7081952728075989,0.7003878878878878,0.702989203022809,"{'cls__criterion': 'entropy', 'cls__max_depth': None, 'cls__max_features': 'log2', 'cls__random_state': 42}",rf,lof,simple,none,none,0.810544738331596
91.0,71.0,74.0,77.0,86.0,308.0,328.0,325.0,322.0,313.0,65.0,67.0,65.0,55.0,73.0,260.0,258.0,260.0,270.0,252.0,37.0,36.0,41.0,38.0,29.0,144.0,145.0,140.0,143.0,152.0,205.0,224.0,218.0,228.0,209.0,879.0,860.0,866.0,856.0,875.0,0.80078125,0.8130671506352088,0.8044280442804428,0.8306010928961748,0.8038461538461538,0.8131359851988899,0.8101742816768724,0.8123827392120074,0.8056470588235294,0.8124419684308264,0.7437185929648241,0.7412060301507538,0.7336683417085427,0.7663316582914573,0.743073047858942,0.7460716530483973,0.7467001885606537,0.748585795097423,0.7404148334380892,0.7462311557788944,0.7592592592592593,0.7697594501718213,0.7703180212014135,0.8056537102473498,0.7411347517730497,0.771729587357331,0.7692307692307693,0.7690941385435168,0.7602131438721137,0.7763975155279503,0.8471074380165289,0.8615384615384616,0.8416988416988417,0.8571428571428571,0.8781512605042017,0.8592375366568915,0.8557213930348259,0.8608349900596421,0.8568568568568569,0.8519961051606622,0.7152203856749311,0.688015607580825,0.6870364712091331,0.7202380952380952,0.7095158818244278,0.7007455288918261,0.7077241777460819,0.7081952728075989,0.7003878878878878,0.702989203022809,"{'cls__hidden_layer_sizes': (100,), 'cls__learning_rate': 'adaptive', 'cls__learning_rate_init': 0.001, 'cls__max_iter': 1000, 'cls__n_iter_no_change': 5, 'cls__random_state': 42}",mlp,lof,simple,standard,none,0.810544738331596
91.0,71.0,74.0,77.0,86.0,308.0,328.0,325.0,322.0,313.0,65.0,67.0,65.0,55.0,73.0,260.0,258.0,260.0,270.0,252.0,37.0,36.0,41.0,38.0,29.0,144.0,145.0,140.0,143.0,152.0,205.0,224.0,218.0,228.0,209.0,879.0,860.0,866.0,856.0,875.0,0.80078125,0.8130671506352088,0.8044280442804428,0.8306010928961748,0.8038461538461538,0.8131359851988899,0.8101742816768724,0.8123827392120074,0.8056470588235294,0.8124419684308264,0.7437185929648241,0.7412060301507538,0.7336683417085427,0.7663316582914573,0.743073047858942,0.7460716530483973,0.7467001885606537,0.748585795097423,0.7404148334380892,0.7462311557788944,0.7592592592592593,0.7697594501718213,0.7703180212014135,0.8056537102473498,0.7411347517730497,0.771729587357331,0.7692307692307693,0.7690941385435168,0.7602131438721137,0.7763975155279503,0.8471074380165289,0.8615384615384616,0.8416988416988417,0.8571428571428571,0.8781512605042017,0.8592375366568915,0.8557213930348259,0.8608349900596421,0.8568568568568569,0.8519961051606622,0.7152203856749311,0.688015607580825,0.6870364712091331,0.7202380952380952,0.7095158818244278,0.7007455288918261,0.7077241777460819,0.7081952728075989,0.7003878878878878,0.702989203022809,"{'cls__hidden_layer_sizes': (100,), 'cls__learning_rate': 'adaptive', 'cls__learning_rate_init': 0.0001, 'cls__max_iter': 1000, 'cls__n_iter_no_change': 5, 'cls__random_state': 42}",mlp,lof,simple,standard,none,0.810544738331596
91.0,71.0,74.0,77.0,86.0,308.0,328.0,325.0,322.0,313.0,65.0,67.0,65.0,55.0,73.0,260.0,258.0,260.0,270.0,252.0,37.0,36.0,41.0,38.0,29.0,144.0,145.0,140.0,143.0,152.0,205.0,224.0,218.0,228.0,209.0,879.0,860.0,866.0,856.0,875.0,0.80078125,0.8130671506352088,0.8044280442804428,0.8306010928961748,0.8038461538461538,0.8131359851988899,0.8101742816768724,0.8123827392120074,0.8056470588235294,0.8124419684308264,0.7437185929648241,0.7412060301507538,0.7336683417085427,0.7663316582914573,0.743073047858942,0.7460716530483973,0.7467001885606537,0.748585795097423,0.7404148334380892,0.7462311557788944,0.7592592592592593,0.7697594501718213,0.7703180212014135,0.8056537102473498,0.7411347517730497,0.771729587357331,0.7692307692307693,0.7690941385435168,0.7602131438721137,0.7763975155279503,0.8471074380165289,0.8615384615384616,0.8416988416988417,0.8571428571428571,0.8781512605042017,0.8592375366568915,0.8557213930348259,0.8608349900596421,0.8568568568568569,0.8519961051606622,0.7152203856749311,0.688015607580825,0.6870364712091331,0.7202380952380952,0.7095158818244278,0.7007455288918261,0.7077241777460819,0.7081952728075989,0.7003878878878878,0.702989203022809,"{'cls__criterion': 'gini', 'cls__max_depth': None, 'cls__max_features': 'log2', 'cls__random_state': 42}",rf,lof,simple,none,none,0.810544738331596
91.0,71.0,74.0,77.0,86.0,308.0,328.0,325.0,322.0,313.0,65.0,67.0,65.0,55.0,73.0,260.0,258.0,260.0,270.0,252.0,37.0,36.0,41.0,38.0,29.0,144.0,145.0,140.0,143.0,152.0,205.0,224.0,218.0,228.0,209.0,879.0,860.0,866.0,856.0,875.0,0.80078125,0.8130671506352088,0.8044280442804428,0.8306010928961748,0.8038461538461538,0.8131359851988899,0.8101742816768724,0.8123827392120074,0.8056470588235294,0.8124419684308264,0.7437185929648241,0.7412060301507538,0.7336683417085427,0.7663316582914573,0.743073047858942,0.7460716530483973,0.7467001885606537,0.748585795097423,0.7404148334380892,0.7462311557788944,0.7592592592592593,0.7697594501718213,0.7703180212014135,0.8056537102473498,0.7411347517730497,0.771729587357331,0.7692307692307693,0.7690941385435168,0.7602131438721137,0.7763975155279503,0.8471074380165289,0.8615384615384616,0.8416988416988417,0.8571428571428571,0.8781512605042017,0.8592375366568915,0.8557213930348259,0.8608349900596421,0.8568568568568569,0.8519961051606622,0.7152203856749311,0.688015607580825,0.6870364712091331,0.7202380952380952,0.7095158818244278,0.7007455288918261,0.7077241777460819,0.7081952728075989,0.7003878878878878,0.702989203022809,"{'cls__C': 10, 'cls__probability': True, 'cls__random_state': 42}",svc,lof,simple,standard,none,0.810544738331596
91.0,71.0,74.0,77.0,86.0,308.0,328.0,325.0,322.0,313.0,65.0,67.0,65.0,55.0,73.0,260.0,258.0,260.0,270.0,252.0,37.0,36.0,41.0,38.0,29.0,144.0,145.0,140.0,143.0,152.0,205.0,224.0,218.0,228.0,209.0,879.0,860.0,866.0,856.0,875.0,0.80078125,0.8130671506352088,0.8044280442804428,0.8306010928961748,0.8038461538461538,0.8131359851988899,0.8101742816768724,0.8123827392120074,0.8056470588235294,0.8124419684308264,0.7437185929648241,0.7412060301507538,0.7336683417085427,0.7663316582914573,0.743073047858942,0.7460716530483973,0.7467001885606537,0.748585795097423,0.7404148334380892,0.7462311557788944,0.7592592592592593,0.7697594501718213,0.7703180212014135,0.8056537102473498,0.7411347517730497,0.771729587357331,0.7692307692307693,0.7690941385435168,0.7602131438721137,0.7763975155279503,0.8471074380165289,0.8615384615384616,0.8416988416988417,0.8571428571428571,0.8781512605042017,0.8592375366568915,0.8557213930348259,0.8608349900596421,0.8568568568568569,0.8519961051606622,0.7152203856749311,0.688015607580825,0.6870364712091331,0.7202380952380952,0.7095158818244278,0.7007455288918261,0.7077241777460819,0.7081952728075989,0.7003878878878878,0.702989203022809,"{'cls__C': 1, 'cls__probability': True, 'cls__random_state': 42}",svc,lof,simple,standard,none,0.810544738331596
91.0,71.0,74.0,77.0,86.0,308.0,328.0,325.0,322.0,313.0,65.0,67.0,65.0,55.0,73.0,260.0,258.0,260.0,270.0,252.0,37.0,36.0,41.0,38.0,29.0,144.0,145.0,140.0,143.0,152.0,205.0,224.0,218.0,228.0,209.0,879.0,860.0,866.0,856.0,875.0,0.80078125,0.8130671506352088,0.8044280442804428,0.8306010928961748,0.8038461538461538,0.8131359851988899,0.8101742816768724,0.8123827392120074,0.8056470588235294,0.8124419684308264,0.7437185929648241,0.7412060301507538,0.7336683417085427,0.7663316582914573,0.743073047858942,0.7460716530483973,0.7467001885606537,0.748585795097423,0.7404148334380892,0.7462311557788944,0.7592592592592593,0.7697594501718213,0.7703180212014135,0.8056537102473498,0.7411347517730497,0.771729587357331,0.7692307692307693,0.7690941385435168,0.7602131438721137,0.7763975155279503,0.8471074380165289,0.8615384615384616,0.8416988416988417,0.8571428571428571,0.8781512605042017,0.8592375366568915,0.8557213930348259,0.8608349900596421,0.8568568568568569,0.8519961051606622,0.7152203856749311,0.688015607580825,0.6870364712091331,0.7202380952380952,0.7095158818244278,0.7007455288918261,0.7077241777460819,0.7081952728075989,0.7003878878878878,0.702989203022809,"{'cls__criterion': 'gini', 'cls__max_depth': 4, 'cls__max_features': 'log2', 'cls__random_state': 42}",rf,lof,simple,none,none,0.810544738331596
91.0,71.0,74.0,77.0,86.0,308.0,328.0,325.0,322.0,313.0,65.0,67.0,65.0,55.0,73.0,260.0,258.0,260.0,270.0,252.0,37.0,36.0,41.0,38.0,29.0,144.0,145.0,140.0,143.0,152.0,205.0,224.0,218.0,228.0,209.0,879.0,860.0,866.0,856.0,875.0,0.80078125,0.8130671506352088,0.8044280442804428,0.8306010928961748,0.8038461538461538,0.8131359851988899,0.8101742816768724,0.8123827392120074,0.8056470588235294,0.8124419684308264,0.7437185929648241,0.7412060301507538,0.7336683417085427,0.7663316582914573,0.743073047858942,0.7460716530483973,0.7467001885606537,0.748585795097423,0.7404148334380892,0.7462311557788944,0.7592592592592593,0.7697594501718213,0.7703180212014135,0.8056537102473498,0.7411347517730497,0.771729587357331,0.7692307692307693,0.7690941385435168,0.7602131438721137,0.7763975155279503,0.8471074380165289,0.8615384615384616,0.8416988416988417,0.8571428571428571,0.8781512605042017,0.8592375366568915,0.8557213930348259,0.8608349900596421,0.8568568568568569,0.8519961051606622,0.7152203856749311,0.688015607580825,0.6870364712091331,0.7202380952380952,0.7095158818244278,0.7007455288918261,0.7077241777460819,0.7081952728075989,0.7003878878878878,0.702989203022809,"{'cls__algorithm': 'SAMME', 'cls__learning_rate': 0.5, 'cls__n_estimators': 50, 'cls__random_state': 42}",ada,lof,simple,none,none,0.810544738331596
91.0,71.0,74.0,77.0,86.0,308.0,328.0,325.0,322.0,313.0,65.0,67.0,65.0,55.0,73.0,260.0,258.0,260.0,270.0,252.0,37.0,36.0,41.0,38.0,29.0,144.0,145.0,140.0,143.0,152.0,205.0,224.0,218.0,228.0,209.0,879.0,860.0,866.0,856.0,875.0,0.80078125,0.8130671506352088,0.8044280442804428,0.8306010928961748,0.8038461538461538,0.8131359851988899,0.8101742816768724,0.8123827392120074,0.8056470588235294,0.8124419684308264,0.7437185929648241,0.7412060301507538,0.7336683417085427,0.7663316582914573,0.743073047858942,0.7460716530483973,0.7467001885606537,0.748585795097423,0.7404148334380892,0.7462311557788944,0.7592592592592593,0.7697594501718213,0.7703180212014135,0.8056537102473498,0.7411347517730497,0.771729587357331,0.7692307692307693,0.7690941385435168,0.7602131438721137,0.7763975155279503,0.8471074380165289,0.8615384615384616,0.8416988416988417,0.8571428571428571,0.8781512605042017,0.8592375366568915,0.8557213930348259,0.8608349900596421,0.8568568568568569,0.8519961051606622,0.7152203856749311,0.688015607580825,0.6870364712091331,0.7202380952380952,0.7095158818244278,0.7007455288918261,0.7077241777460819,0.7081952728075989,0.7003878878878878,0.702989203022809,"{'cls__hidden_layer_sizes': (100,), 'cls__learning_rate': 'adaptive', 'cls__learning_rate_init': 0.001, 'cls__max_iter': 1000, 'cls__n_iter_no_change': 5, 'cls__random_state': 42}",mlp,lof,simple,minmax,none,0.810544738331596
91.0,71.0,74.0,77.0,86.0,308.0,328.0,325.0,322.0,313.0,65.0,67.0,65.0,55.0,73.0,260.0,258.0,260.0,270.0,252.0,37.0,36.0,41.0,38.0,29.0,144.0,145.0,140.0,143.0,152.0,205.0,224.0,218.0,228.0,209.0,879.0,860.0,866.0,856.0,875.0,0.80078125,0.8130671506352088,0.8044280442804428,0.8306010928961748,0.8038461538461538,0.8131359851988899,0.8101742816768724,0.8123827392120074,0.8056470588235294,0.8124419684308264,0.7437185929648241,0.7412060301507538,0.7336683417085427,0.7663316582914573,0.743073047858942,0.7460716530483973,0.7467001885606537,0.748585795097423,0.7404148334380892,0.7462311557788944,0.7592592592592593,0.7697594501718213,0.7703180212014135,0.8056537102473498,0.7411347517730497,0.771729587357331,0.7692307692307693,0.7690941385435168,0.7602131438721137,0.7763975155279503,0.8471074380165289,0.8615384615384616,0.8416988416988417,0.8571428571428571,0.8781512605042017,0.8592375366568915,0.8557213930348259,0.8608349900596421,0.8568568568568569,0.8519961051606622,0.7152203856749311,0.688015607580825,0.6870364712091331,0.7202380952380952,0.7095158818244278,0.7007455288918261,0.7077241777460819,0.7081952728075989,0.7003878878878878,0.702989203022809,"{'cls__C': 10, 'cls__probability': True, 'cls__random_state': 42}",svc,lof,simple,minmax,none,0.810544738331596
91.0,71.0,74.0,77.0,86.0,308.0,328.0,325.0,322.0,313.0,65.0,67.0,65.0,55.0,73.0,260.0,258.0,260.0,270.0,252.0,37.0,36.0,41.0,38.0,29.0,144.0,145.0,140.0,143.0,152.0,205.0,224.0,218.0,228.0,209.0,879.0,860.0,866.0,856.0,875.0,0.80078125,0.8130671506352088,0.8044280442804428,0.8306010928961748,0.8038461538461538,0.8131359851988899,0.8101742816768724,0.8123827392120074,0.8056470588235294,0.8124419684308264,0.7437185929648241,0.7412060301507538,0.7336683417085427,0.7663316582914573,0.743073047858942,0.7460716530483973,0.7467001885606537,0.748585795097423,0.7404148334380892,0.7462311557788944,0.7592592592592593,0.7697594501718213,0.7703180212014135,0.8056537102473498,0.7411347517730497,0.771729587357331,0.7692307692307693,0.7690941385435168,0.7602131438721137,0.7763975155279503,0.8471074380165289,0.8615384615384616,0.8416988416988417,0.8571428571428571,0.8781512605042017,0.8592375366568915,0.8557213930348259,0.8608349900596421,0.8568568568568569,0.8519961051606622,0.7152203856749311,0.688015607580825,0.6870364712091331,0.7202380952380952,0.7095158818244278,0.7007455288918261,0.7077241777460819,0.7081952728075989,0.7003878878878878,0.702989203022809,"{'cls__C': 1, 'cls__probability': True, 'cls__random_state': 42}",svc,lof,simple,minmax,none,0.810544738331596
91.0,71.0,74.0,77.0,86.0,308.0,328.0,325.0,322.0,313.0,65.0,67.0,65.0,55.0,73.0,260.0,258.0,260.0,270.0,252.0,37.0,36.0,41.0,38.0,29.0,144.0,145.0,140.0,143.0,152.0,205.0,224.0,218.0,228.0,209.0,879.0,860.0,866.0,856.0,875.0,0.80078125,0.8130671506352088,0.8044280442804428,0.8306010928961748,0.8038461538461538,0.8131359851988899,0.8101742816768724,0.8123827392120074,0.8056470588235294,0.8124419684308264,0.7437185929648241,0.7412060301507538,0.7336683417085427,0.7663316582914573,0.743073047858942,0.7460716530483973,0.7467001885606537,0.748585795097423,0.7404148334380892,0.7462311557788944,0.7592592592592593,0.7697594501718213,0.7703180212014135,0.8056537102473498,0.7411347517730497,0.771729587357331,0.7692307692307693,0.7690941385435168,0.7602131438721137,0.7763975155279503,0.8471074380165289,0.8615384615384616,0.8416988416988417,0.8571428571428571,0.8781512605042017,0.8592375366568915,0.8557213930348259,0.8608349900596421,0.8568568568568569,0.8519961051606622,0.7152203856749311,0.688015607580825,0.6870364712091331,0.7202380952380952,0.7095158818244278,0.7007455288918261,0.7077241777460819,0.7081952728075989,0.7003878878878878,0.702989203022809,"{'cls__algorithm': 'SAMME', 'cls__learning_rate': 0.5, 'cls__n_estimators': 100, 'cls__random_state': 42}",ada,lof,simple,none,none,0.810544738331596
91.0,71.0,74.0,77.0,86.0,308.0,328.0,325.0,322.0,313.0,65.0,67.0,65.0,55.0,73.0,260.0,258.0,260.0,270.0,252.0,37.0,36.0,41.0,38.0,29.0,144.0,145.0,140.0,143.0,152.0,205.0,224.0,218.0,228.0,209.0,879.0,860.0,866.0,856.0,875.0,0.80078125,0.8130671506352088,0.8044280442804428,0.8306010928961748,0.8038461538461538,0.8131359851988899,0.8101742816768724,0.8123827392120074,0.8056470588235294,0.8124419684308264,0.7437185929648241,0.7412060301507538,0.7336683417085427,0.7663316582914573,0.743073047858942,0.7460716530483973,0.7467001885606537,0.748585795097423,0.7404148334380892,0.7462311557788944,0.7592592592592593,0.7697594501718213,0.7703180212014135,0.8056537102473498,0.7411347517730497,0.771729587357331,0.7692307692307693,0.7690941385435168,0.7602131438721137,0.7763975155279503,0.8471074380165289,0.8615384615384616,0.8416988416988417,0.8571428571428571,0.8781512605042017,0.8592375366568915,0.8557213930348259,0.8608349900596421,0.8568568568568569,0.8519961051606622,0.7152203856749311,0.688015607580825,0.6870364712091331,0.7202380952380952,0.7095158818244278,0.7007455288918261,0.7077241777460819,0.7081952728075989,0.7003878878878878,0.702989203022809,"{'cls__hidden_layer_sizes': (100,), 'cls__learning_rate': 'adaptive', 'cls__learning_rate_init': 0.001, 'cls__max_iter': 1000, 'cls__n_iter_no_change': 5, 'cls__random_state': 42}",mlp,lof,simple,none,none,0.810544738331596
91.0,71.0,74.0,77.0,86.0,308.0,328.0,325.0,322.0,313.0,65.0,67.0,65.0,55.0,73.0,260.0,258.0,260.0,270.0,252.0,37.0,36.0,41.0,38.0,29.0,144.0,145.0,140.0,143.0,152.0,205.0,224.0,218.0,228.0,209.0,879.0,860.0,866.0,856.0,875.0,0.80078125,0.8130671506352088,0.8044280442804428,0.8306010928961748,0.8038461538461538,0.8131359851988899,0.8101742816768724,0.8123827392120074,0.8056470588235294,0.8124419684308264,0.7437185929648241,0.7412060301507538,0.7336683417085427,0.7663316582914573,0.743073047858942,0.7460716530483973,0.7467001885606537,0.748585795097423,0.7404148334380892,0.7462311557788944,0.7592592592592593,0.7697594501718213,0.7703180212014135,0.8056537102473498,0.7411347517730497,0.771729587357331,0.7692307692307693,0.7690941385435168,0.7602131438721137,0.7763975155279503,0.8471074380165289,0.8615384615384616,0.8416988416988417,0.8571428571428571,0.8781512605042017,0.8592375366568915,0.8557213930348259,0.8608349900596421,0.8568568568568569,0.8519961051606622,0.7152203856749311,0.688015607580825,0.6870364712091331,0.7202380952380952,0.7095158818244278,0.7007455288918261,0.7077241777460819,0.7081952728075989,0.7003878878878878,0.702989203022809,"{'cls__hidden_layer_sizes': (100,), 'cls__learning_rate': 'adaptive', 'cls__learning_rate_init': 0.0001, 'cls__max_iter': 1000, 'cls__n_iter_no_change': 5, 'cls__random_state': 42}",mlp,lof,simple,minmax,none,0.810544738331596
91.0,71.0,74.0,77.0,86.0,308.0,328.0,325.0,322.0,313.0,65.0,67.0,65.0,55.0,73.0,260.0,258.0,260.0,270.0,252.0,37.0,36.0,41.0,38.0,29.0,144.0,145.0,140.0,143.0,152.0,205.0,224.0,218.0,228.0,209.0,879.0,860.0,866.0,856.0,875.0,0.80078125,0.8130671506352088,0.8044280442804428,0.8306010928961748,0.8038461538461538,0.8131359851988899,0.8101742816768724,0.8123827392120074,0.8056470588235294,0.8124419684308264,0.7437185929648241,0.7412060301507538,0.7336683417085427,0.7663316582914573,0.743073047858942,0.7460716530483973,0.7467001885606537,0.748585795097423,0.7404148334380892,0.7462311557788944,0.7592592592592593,0.7697594501718213,0.7703180212014135,0.8056537102473498,0.7411347517730497,0.771729587357331,0.7692307692307693,0.7690941385435168,0.7602131438721137,0.7763975155279503,0.8471074380165289,0.8615384615384616,0.8416988416988417,0.8571428571428571,0.8781512605042017,0.8592375366568915,0.8557213930348259,0.8608349900596421,0.8568568568568569,0.8519961051606622,0.7152203856749311,0.688015607580825,0.6870364712091331,0.7202380952380952,0.7095158818244278,0.7007455288918261,0.7077241777460819,0.7081952728075989,0.7003878878878878,0.702989203022809,"{'cls__hidden_layer_sizes': (100,), 'cls__learning_rate': 'adaptive', 'cls__learning_rate_init': 0.0001, 'cls__max_iter': 1000, 'cls__n_iter_no_change': 5, 'cls__random_state': 42}",mlp,lof,simple,none,none,0.810544738331596
90.0,91.0,68.0,77.0,81.0,317.0,316.0,339.0,330.0,326.0,68.0,64.0,69.0,66.0,60.0,259.0,263.0,258.0,261.0,267.0,37.0,27.0,41.0,46.0,32.0,146.0,156.0,142.0,137.0,151.0,207.0,220.0,224.0,212.0,228.0,884.0,871.0,867.0,879.0,863.0,0.7976878612716763,0.8286252354048965,0.8028673835125449,0.791044776119403,0.832116788321168,0.8136217211228717,0.8061082832022212,0.8125585754451734,0.8153988868274582,0.8050373134328359,0.7388059701492538,0.7736318407960199,0.7263681592039801,0.7206982543640897,0.770573566084788,0.7478206724782067,0.7391033623910336,0.75093399750934,0.7523335407591786,0.7398879900435594,0.7527272727272727,0.7746478873239436,0.764505119453925,0.762589928057554,0.7916666666666666,0.773403324584427,0.7680776014109347,0.7706666666666667,0.7710526315789473,0.763716814159292,0.8483606557377049,0.8906882591093117,0.8452830188679246,0.8217054263565892,0.8769230769230769,0.858252427184466,0.8481012658227848,0.8592666005946482,0.8651574803149606,0.8510848126232742,0.708990454451131,0.7388925166514301,0.670816691915714,0.6800834824090638,0.7256955810147301,0.7042998247033442,0.69693491615837,0.7135528982872739,0.7117665574163635,0.7004159307635764,"{'cls__hidden_layer_sizes': (100,), 'cls__learning_rate': 'adaptive', 'cls__learning_rate_init': 1e-05, 'cls__max_iter': 1000, 'cls__n_iter_no_change': 5, 'cls__random_state': 42, 'os__random_state': 42}",mlp,none,simple,standard,smote,0.810468408925938
90.0,91.0,68.0,77.0,81.0,317.0,316.0,339.0,330.0,326.0,68.0,64.0,69.0,66.0,60.0,259.0,263.0,258.0,261.0,267.0,37.0,27.0,41.0,46.0,32.0,146.0,156.0,142.0,137.0,151.0,207.0,220.0,224.0,212.0,228.0,884.0,871.0,867.0,879.0,863.0,0.7976878612716763,0.8286252354048965,0.8028673835125449,0.791044776119403,0.832116788321168,0.8136217211228717,0.8061082832022212,0.8125585754451734,0.8153988868274582,0.8050373134328359,0.7388059701492538,0.7736318407960199,0.7263681592039801,0.7206982543640897,0.770573566084788,0.7478206724782067,0.7391033623910336,0.75093399750934,0.7523335407591786,0.7398879900435594,0.7527272727272727,0.7746478873239436,0.764505119453925,0.762589928057554,0.7916666666666666,0.773403324584427,0.7680776014109347,0.7706666666666667,0.7710526315789473,0.763716814159292,0.8483606557377049,0.8906882591093117,0.8452830188679246,0.8217054263565892,0.8769230769230769,0.858252427184466,0.8481012658227848,0.8592666005946482,0.8651574803149606,0.8510848126232742,0.708990454451131,0.7388925166514301,0.670816691915714,0.6800834824090638,0.7256955810147301,0.7042998247033442,0.69693491615837,0.7135528982872739,0.7117665574163635,0.7004159307635764,"{'cls__hidden_layer_sizes': (100,), 'cls__learning_rate': 'adaptive', 'cls__learning_rate_init': 0.001, 'cls__max_iter': 1000, 'cls__n_iter_no_change': 5, 'cls__random_state': 42}",mlp,none,simple,standard,none,0.810468408925938
90.0,91.0,68.0,77.0,81.0,317.0,316.0,339.0,330.0,326.0,68.0,64.0,69.0,66.0,60.0,259.0,263.0,258.0,261.0,267.0,37.0,27.0,41.0,46.0,32.0,146.0,156.0,142.0,137.0,151.0,207.0,220.0,224.0,212.0,228.0,884.0,871.0,867.0,879.0,863.0,0.7976878612716763,0.8286252354048965,0.8028673835125449,0.791044776119403,0.832116788321168,0.8136217211228717,0.8061082832022212,0.8125585754451734,0.8153988868274582,0.8050373134328359,0.7388059701492538,0.7736318407960199,0.7263681592039801,0.7206982543640897,0.770573566084788,0.7478206724782067,0.7391033623910336,0.75093399750934,0.7523335407591786,0.7398879900435594,0.7527272727272727,0.7746478873239436,0.764505119453925,0.762589928057554,0.7916666666666666,0.773403324584427,0.7680776014109347,0.7706666666666667,0.7710526315789473,0.763716814159292,0.8483606557377049,0.8906882591093117,0.8452830188679246,0.8217054263565892,0.8769230769230769,0.858252427184466,0.8481012658227848,0.8592666005946482,0.8651574803149606,0.8510848126232742,0.708990454451131,0.7388925166514301,0.670816691915714,0.6800834824090638,0.7256955810147301,0.7042998247033442,0.69693491615837,0.7135528982872739,0.7117665574163635,0.7004159307635764,"{'cls__hidden_layer_sizes': (100,), 'cls__learning_rate': 'adaptive', 'cls__learning_rate_init': 0.001, 'cls__max_iter': 1000, 'cls__n_iter_no_change': 5, 'cls__random_state': 42}",mlp,none,simple,none,none,0.810468408925938
90.0,90.0,67.0,76.0,81.0,314.0,314.0,337.0,328.0,323.0,68.0,65.0,70.0,67.0,60.0,262.0,265.0,260.0,263.0,270.0,37.0,27.0,40.0,45.0,32.0,144.0,154.0,141.0,136.0,149.0,207.0,220.0,225.0,213.0,228.0,886.0,873.0,868.0,880.0,865.0,0.7976878612716763,0.8270676691729323,0.8035714285714285,0.7918215613382898,0.832116788321168,0.8135904499540864,0.8064665127020786,0.8123537669630322,0.8151922186197313,0.8050255932992089,0.7388059701492538,0.7711442786069652,0.7263681592039801,0.7206982543640897,0.770573566084788,0.7471980074719801,0.7391033623910336,0.7503113325031133,0.7517112632233977,0.7392657125077785,0.7527272727272727,0.7719298245614035,0.7627118644067796,0.7607142857142857,0.7916666666666666,0.7717770034843205,0.7671353251318102,0.7695035460992907,0.7699037620297463,0.762114537444934,0.8483606557377049,0.8906882591093117,0.8490566037735849,0.8255813953488372,0.8769230769230769,0.8601941747572815,0.8500486854917235,0.8602576808721506,0.8661417322834646,0.8530571992110454,0.708990454451131,0.7356667101998171,0.6690538493320479,0.6785249634086844,0.7256955810147301,0.7026665318230851,0.6961815102760863,0.7123733965499781,0.710566636023289,0.6988726130962478,"{'cls__hidden_layer_sizes': (100,), 'cls__learning_rate': 'adaptive', 'cls__learning_rate_init': 0.0001, 'cls__max_iter': 1000, 'cls__n_iter_no_change': 5, 'cls__random_state': 42}",mlp,none,simple,minmax,none,0.8104530617350989
90.0,91.0,67.0,76.0,81.0,316.0,315.0,339.0,328.0,325.0,68.0,64.0,70.0,67.0,60.0,260.0,264.0,258.0,263.0,268.0,37.0,27.0,41.0,45.0,32.0,145.0,155.0,141.0,136.0,150.0,207.0,220.0,224.0,213.0,228.0,885.0,872.0,868.0,880.0,864.0,0.7976878612716763,0.8286252354048965,0.8014311270125223,0.7918215613382898,0.832116788321168,0.8137931034482758,0.8062875635691169,0.8131147540983606,0.8151922186197313,0.8052190121155638,0.7388059701492538,0.7736318407960199,0.7238805970149254,0.7206982543640897,0.770573566084788,0.7478206724782067,0.7391033623910336,0.7515566625155666,0.7517112632233977,0.7398879900435594,0.7527272727272727,0.7746478873239436,0.7619047619047619,0.7607142857142857,0.7916666666666666,0.7729257641921398,0.7676056338028169,0.7708703374777975,0.7699037620297463,0.7632508833922261,0.8483606557377049,0.8906882591093117,0.8452830188679246,0.8255813953488372,0.8769230769230769,0.8592233009708737,0.8490749756572541,0.8602576808721506,0.8661417322834646,0.8520710059171598,0.708990454451131,0.7388925166514301,0.6671670568792177,0.6785249634086844,0.7256955810147301,0.7039172060409924,0.696558213217228,0.714048438426025,0.710566636023289,0.7000658570901144,"{'cls__algorithm': 'SAMME', 'cls__learning_rate': 1.0, 'cls__n_estimators': 50, 'cls__random_state': 42}",ada,none,simple,none,none,0.8103365146697106
90.0,91.0,67.0,76.0,81.0,316.0,315.0,339.0,328.0,325.0,68.0,64.0,70.0,67.0,60.0,260.0,264.0,258.0,263.0,268.0,37.0,27.0,41.0,45.0,32.0,145.0,155.0,141.0,136.0,150.0,207.0,220.0,224.0,213.0,228.0,885.0,872.0,868.0,880.0,864.0,0.7976878612716763,0.8286252354048965,0.8014311270125223,0.7918215613382898,0.832116788321168,0.8137931034482758,0.8062875635691169,0.8131147540983606,0.8151922186197313,0.8052190121155638,0.7388059701492538,0.7736318407960199,0.7238805970149254,0.7206982543640897,0.770573566084788,0.7478206724782067,0.7391033623910336,0.7515566625155666,0.7517112632233977,0.7398879900435594,0.7527272727272727,0.7746478873239436,0.7619047619047619,0.7607142857142857,0.7916666666666666,0.7729257641921398,0.7676056338028169,0.7708703374777975,0.7699037620297463,0.7632508833922261,0.8483606557377049,0.8906882591093117,0.8452830188679246,0.8255813953488372,0.8769230769230769,0.8592233009708737,0.8490749756572541,0.8602576808721506,0.8661417322834646,0.8520710059171598,0.708990454451131,0.7388925166514301,0.6671670568792177,0.6785249634086844,0.7256955810147301,0.7039172060409924,0.696558213217228,0.714048438426025,0.710566636023289,0.7000658570901144,"{'cls__algorithm': 'SAMME', 'cls__learning_rate': 1.0, 'cls__n_estimators': 100, 'cls__random_state': 42}",ada,none,simple,none,none,0.8103365146697106
90.0,91.0,67.0,76.0,81.0,316.0,315.0,339.0,328.0,325.0,68.0,64.0,70.0,67.0,60.0,260.0,264.0,258.0,263.0,268.0,37.0,27.0,41.0,45.0,32.0,145.0,155.0,141.0,136.0,150.0,207.0,220.0,224.0,213.0,228.0,885.0,872.0,868.0,880.0,864.0,0.7976878612716763,0.8286252354048965,0.8014311270125223,0.7918215613382898,0.832116788321168,0.8137931034482758,0.8062875635691169,0.8131147540983606,0.8151922186197313,0.8052190121155638,0.7388059701492538,0.7736318407960199,0.7238805970149254,0.7206982543640897,0.770573566084788,0.7478206724782067,0.7391033623910336,0.7515566625155666,0.7517112632233977,0.7398879900435594,0.7527272727272727,0.7746478873239436,0.7619047619047619,0.7607142857142857,0.7916666666666666,0.7729257641921398,0.7676056338028169,0.7708703374777975,0.7699037620297463,0.7632508833922261,0.8483606557377049,0.8906882591093117,0.8452830188679246,0.8255813953488372,0.8769230769230769,0.8592233009708737,0.8490749756572541,0.8602576808721506,0.8661417322834646,0.8520710059171598,0.708990454451131,0.7388925166514301,0.6671670568792177,0.6785249634086844,0.7256955810147301,0.7039172060409924,0.696558213217228,0.714048438426025,0.710566636023289,0.7000658570901144,"{'cls__algorithm': 'SAMME', 'cls__learning_rate': 0.5, 'cls__n_estimators': 100, 'cls__random_state': 42}",ada,none,simple,none,none,0.8103365146697106
90.0,91.0,67.0,76.0,81.0,316.0,315.0,339.0,328.0,325.0,68.0,64.0,70.0,67.0,60.0,260.0,264.0,258.0,263.0,268.0,37.0,27.0,41.0,45.0,32.0,145.0,155.0,141.0,136.0,150.0,207.0,220.0,224.0,213.0,228.0,885.0,872.0,868.0,880.0,864.0,0.7976878612716763,0.8286252354048965,0.8014311270125223,0.7918215613382898,0.832116788321168,0.8137931034482758,0.8062875635691169,0.8131147540983606,0.8151922186197313,0.8052190121155638,0.7388059701492538,0.7736318407960199,0.7238805970149254,0.7206982543640897,0.770573566084788,0.7478206724782067,0.7391033623910336,0.7515566625155666,0.7517112632233977,0.7398879900435594,0.7527272727272727,0.7746478873239436,0.7619047619047619,0.7607142857142857,0.7916666666666666,0.7729257641921398,0.7676056338028169,0.7708703374777975,0.7699037620297463,0.7632508833922261,0.8483606557377049,0.8906882591093117,0.8452830188679246,0.8255813953488372,0.8769230769230769,0.8592233009708737,0.8490749756572541,0.8602576808721506,0.8661417322834646,0.8520710059171598,0.708990454451131,0.7388925166514301,0.6671670568792177,0.6785249634086844,0.7256955810147301,0.7039172060409924,0.696558213217228,0.714048438426025,0.710566636023289,0.7000658570901144,"{'cls__algorithm': 'SAMME', 'cls__learning_rate': 0.5, 'cls__n_estimators': 50, 'cls__random_state': 42}",ada,none,simple,none,none,0.8103365146697106
90.0,90.0,68.0,76.0,81.0,317.0,315.0,339.0,329.0,326.0,68.0,65.0,69.0,67.0,60.0,259.0,264.0,258.0,262.0,267.0,37.0,27.0,41.0,46.0,32.0,146.0,155.0,142.0,136.0,151.0,207.0,220.0,224.0,212.0,228.0,884.0,872.0,867.0,880.0,863.0,0.7976878612716763,0.8270676691729323,0.8028673835125449,0.7895716945996275,0.832116788321168,0.8136217211228717,0.8062875635691169,0.8125585754451734,0.8155699721964782,0.8050373134328359,0.7388059701492538,0.7711442786069652,0.7263681592039801,0.7182044887780549,0.770573566084788,0.7478206724782067,0.7391033623910336,0.75093399750934,0.7523335407591786,0.7398879900435594,0.7527272727272727,0.7719298245614035,0.764505119453925,0.7598566308243727,0.7916666666666666,0.773403324584427,0.7676056338028169,0.7706666666666667,0.7705779334500875,0.763716814159292,0.8483606557377049,0.8906882591093117,0.8452830188679246,0.8217054263565892,0.8769230769230769,0.858252427184466,0.8490749756572541,0.8592666005946482,0.8661417322834646,0.8510848126232742,0.708990454451131,0.7356667101998171,0.670816691915714,0.6765869789125604,0.7256955810147301,0.7042998247033442,0.696558213217228,0.7135528982872739,0.7114126597119522,0.7004159307635764,"{'cls__hidden_layer_sizes': (100,), 'cls__learning_rate': 'adaptive', 'cls__learning_rate_init': 0.0001, 'cls__max_iter': 1000, 'cls__n_iter_no_change': 5, 'cls__random_state': 42}",mlp,none,simple,standard,none,0.8098622793755897
90.0,90.0,68.0,76.0,81.0,317.0,314.0,339.0,329.0,326.0,68.0,65.0,69.0,67.0,60.0,259.0,265.0,258.0,262.0,267.0,37.0,27.0,41.0,46.0,32.0,146.0,154.0,142.0,136.0,151.0,207.0,220.0,224.0,212.0,228.0,884.0,873.0,867.0,880.0,863.0,0.7976878612716763,0.8270676691729323,0.8028673835125449,0.7895716945996275,0.832116788321168,0.8136217211228717,0.8064665127020786,0.8125585754451734,0.8155699721964782,0.8050373134328359,0.7388059701492538,0.7711442786069652,0.7263681592039801,0.7182044887780549,0.770573566084788,0.7478206724782067,0.7391033623910336,0.75093399750934,0.7523335407591786,0.7398879900435594,0.7527272727272727,0.7719298245614035,0.764505119453925,0.7598566308243727,0.7916666666666666,0.773403324584427,0.7671353251318102,0.7706666666666667,0.7705779334500875,0.763716814159292,0.8483606557377049,0.8906882591093117,0.8452830188679246,0.8217054263565892,0.8769230769230769,0.858252427184466,0.8500486854917235,0.8592666005946482,0.8661417322834646,0.8510848126232742,0.708990454451131,0.7356667101998171,0.670816691915714,0.6765869789125604,0.7256955810147301,0.7042998247033442,0.6961815102760863,0.7135528982872739,0.7114126597119522,0.7004159307635764,"{'cls__hidden_layer_sizes': (100,), 'cls__learning_rate': 'adaptive', 'cls__learning_rate_init': 0.0001, 'cls__max_iter': 1000, 'cls__n_iter_no_change': 5, 'cls__random_state': 42}",mlp,none,simple,none,none,0.8098622793755897
90.0,90.0,67.0,76.0,81.0,317.0,314.0,339.0,329.0,323.0,68.0,65.0,70.0,67.0,60.0,259.0,265.0,258.0,262.0,270.0,37.0,27.0,41.0,46.0,32.0,146.0,154.0,141.0,136.0,149.0,207.0,220.0,224.0,212.0,228.0,884.0,873.0,868.0,880.0,865.0,0.7976878612716763,0.8270676691729323,0.8014311270125223,0.7895716945996275,0.832116788321168,0.8136217211228717,0.8064665127020786,0.8131147540983606,0.8155699721964782,0.8050255932992089,0.7388059701492538,0.7711442786069652,0.7238805970149254,0.7182044887780549,0.770573566084788,0.7478206724782067,0.7391033623910336,0.7515566625155666,0.7523335407591786,0.7392657125077785,0.7527272727272727,0.7719298245614035,0.7619047619047619,0.7598566308243727,0.7916666666666666,0.773403324584427,0.7671353251318102,0.7708703374777975,0.7705779334500875,0.762114537444934,0.8483606557377049,0.8906882591093117,0.8452830188679246,0.8217054263565892,0.8769230769230769,0.858252427184466,0.8500486854917235,0.8602576808721506,0.8661417322834646,0.8530571992110454,0.708990454451131,0.7356667101998171,0.6671670568792177,0.6765869789125604,0.7256955810147301,0.7042998247033442,0.6961815102760863,0.714048438426025,0.7114126597119522,0.6988726130962478,"{'cls__C': 0.1, 'cls__probability': True, 'cls__random_state': 42}",svc,none,simple,standard,none,0.8095750280755853
90.0,91.0,67.0,77.0,81.0,317.0,316.0,339.0,331.0,326.0,68.0,64.0,70.0,66.0,60.0,259.0,263.0,258.0,260.0,267.0,37.0,27.0,41.0,49.0,32.0,146.0,156.0,141.0,137.0,151.0,207.0,220.0,224.0,209.0,228.0,884.0,871.0,868.0,879.0,863.0,0.7976878612716763,0.8286252354048965,0.8014311270125223,0.7842401500938087,0.832116788321168,0.8136217211228717,0.8061082832022212,0.8131147540983606,0.8157772621809746,0.8050373134328359,0.7388059701492538,0.7736318407960199,0.7238805970149254,0.713216957605985,0.770573566084788,0.7478206724782067,0.7391033623910336,0.7515566625155666,0.7529558182949595,0.7398879900435594,0.7527272727272727,0.7746478873239436,0.7619047619047619,0.76,0.7916666666666666,0.773403324584427,0.7680776014109347,0.7708703374777975,0.771729587357331,0.763716814159292,0.8483606557377049,0.8906882591093117,0.8452830188679246,0.810077519379845,0.8769230769230769,0.858252427184466,0.8481012658227848,0.8602576808721506,0.8651574803149606,0.8510848126232742,0.708990454451131,0.7388925166514301,0.6671670568792177,0.6742695289206917,0.7256955810147301,0.7042998247033442,0.69693491615837,0.714048438426025,0.7126125811050269,0.7004159307635764,"{'cls__criterion': 'gini', 'cls__max_depth': 4, 'cls__max_features': 'log2', 'cls__random_state': 42}",rf,none,simple,none,none,0.8088202324208144
90.0,91.0,67.0,77.0,81.0,317.0,316.0,339.0,331.0,326.0,68.0,64.0,70.0,66.0,60.0,259.0,263.0,258.0,260.0,267.0,37.0,27.0,41.0,49.0,32.0,146.0,156.0,141.0,137.0,151.0,207.0,220.0,224.0,209.0,228.0,884.0,871.0,868.0,879.0,863.0,0.7976878612716763,0.8286252354048965,0.8014311270125223,0.7842401500938087,0.832116788321168,0.8136217211228717,0.8061082832022212,0.8131147540983606,0.8157772621809746,0.8050373134328359,0.7388059701492538,0.7736318407960199,0.7238805970149254,0.713216957605985,0.770573566084788,0.7478206724782067,0.7391033623910336,0.7515566625155666,0.7529558182949595,0.7398879900435594,0.7527272727272727,0.7746478873239436,0.7619047619047619,0.76,0.7916666666666666,0.773403324584427,0.7680776014109347,0.7708703374777975,0.771729587357331,0.763716814159292,0.8483606557377049,0.8906882591093117,0.8452830188679246,0.810077519379845,0.8769230769230769,0.858252427184466,0.8481012658227848,0.8602576808721506,0.8651574803149606,0.8510848126232742,0.708990454451131,0.7388925166514301,0.6671670568792177,0.6742695289206917,0.7256955810147301,0.7042998247033442,0.69693491615837,0.714048438426025,0.7126125811050269,0.7004159307635764,"{'cls__criterion': 'entropy', 'cls__max_depth': 4, 'cls__max_features': 'log2', 'cls__random_state': 42}",rf,none,simple,none,none,0.8088202324208144
91.0,71.0,74.0,77.0,79.0,308.0,328.0,325.0,322.0,292.0,65.0,67.0,65.0,55.0,80.0,260.0,258.0,260.0,270.0,273.0,37.0,36.0,41.0,38.0,29.0,144.0,145.0,140.0,143.0,139.0,205.0,224.0,218.0,228.0,209.0,879.0,860.0,866.0,856.0,888.0,0.80078125,0.8130671506352088,0.8044280442804428,0.8306010928961748,0.793168880455408,0.8131359851988899,0.8101742816768724,0.8123827392120074,0.8056470588235294,0.8117001828153565,0.7437185929648241,0.7412060301507538,0.7336683417085427,0.7663316582914573,0.72544080604534,0.7460716530483973,0.7467001885606537,0.748585795097423,0.7404148334380892,0.7412060301507538,0.7592592592592593,0.7697594501718213,0.7703180212014135,0.8056537102473498,0.7231833910034602,0.771729587357331,0.7692307692307693,0.7690941385435168,0.7602131438721137,0.7648578811369509,0.8471074380165289,0.8615384615384616,0.8416988416988417,0.8571428571428571,0.8781512605042017,0.8592375366568915,0.8557213930348259,0.8608349900596421,0.8568568568568569,0.8646543330087634,0.7152203856749311,0.688015607580825,0.6870364712091331,0.7202380952380952,0.6875033032080756,0.7007455288918261,0.7077241777460819,0.7081952728075989,0.7003878878878878,0.6907342461503995,"{'cls__C': 0.1, 'cls__probability': True, 'cls__random_state': 42}",svc,lof,simple,minmax,none,0.8084092836534469
90.0,90.0,67.0,76.0,81.0,317.0,314.0,339.0,330.0,325.0,68.0,65.0,70.0,67.0,60.0,259.0,265.0,258.0,261.0,268.0,37.0,27.0,41.0,49.0,32.0,146.0,154.0,141.0,136.0,150.0,207.0,220.0,224.0,209.0,228.0,884.0,873.0,868.0,880.0,864.0,0.7976878612716763,0.8270676691729323,0.8014311270125223,0.7827715355805244,0.832116788321168,0.8136217211228717,0.8064665127020786,0.8131147540983606,0.8159480760315253,0.8052190121155638,0.7388059701492538,0.7711442786069652,0.7238805970149254,0.7107231920199502,0.770573566084788,0.7478206724782067,0.7391033623910336,0.7515566625155666,0.7529558182949595,0.7398879900435594,0.7527272727272727,0.7719298245614035,0.7619047619047619,0.7572463768115942,0.7916666666666666,0.773403324584427,0.7671353251318102,0.7708703374777975,0.7712532865907099,0.7632508833922261,0.8483606557377049,0.8906882591093117,0.8452830188679246,0.810077519379845,0.8769230769230769,0.858252427184466,0.8500486854917235,0.8602576808721506,0.8661417322834646,0.8520710059171598,0.708990454451131,0.7356667101998171,0.6671670568792177,0.6707730254241883,0.7256955810147301,0.7042998247033442,0.6961815102760863,0.714048438426025,0.7122586834006155,0.7000658570901144,"{'cls__C': 1, 'cls__probability': True, 'cls__random_state': 42}",svc,none,simple,standard,none,0.8082149962717647
90.0,90.0,67.0,76.0,81.0,316.0,314.0,339.0,330.0,325.0,68.0,65.0,70.0,67.0,60.0,260.0,265.0,258.0,261.0,268.0,37.0,27.0,41.0,49.0,32.0,145.0,154.0,141.0,136.0,150.0,207.0,220.0,224.0,209.0,228.0,885.0,873.0,868.0,880.0,864.0,0.7976878612716763,0.8270676691729323,0.8014311270125223,0.7827715355805244,0.832116788321168,0.8137931034482758,0.8064665127020786,0.8131147540983606,0.8159480760315253,0.8052190121155638,0.7388059701492538,0.7711442786069652,0.7238805970149254,0.7107231920199502,0.770573566084788,0.7478206724782067,0.7391033623910336,0.7515566625155666,0.7529558182949595,0.7398879900435594,0.7527272727272727,0.7719298245614035,0.7619047619047619,0.7572463768115942,0.7916666666666666,0.7729257641921398,0.7671353251318102,0.7708703374777975,0.7712532865907099,0.7632508833922261,0.8483606557377049,0.8906882591093117,0.8452830188679246,0.810077519379845,0.8769230769230769,0.8592233009708737,0.8500486854917235,0.8602576808721506,0.8661417322834646,0.8520710059171598,0.708990454451131,0.7356667101998171,0.6671670568792177,0.6707730254241883,0.7256955810147301,0.7039172060409924,0.6961815102760863,0.714048438426025,0.7122586834006155,0.7000658570901144,"{'cls__C': 1, 'cls__probability': True, 'cls__random_state': 42}",svc,none,simple,minmax,none,0.8082149962717647
90.0,88.0,61.0,76.0,81.0,314.0,311.0,315.0,328.0,323.0,68.0,67.0,76.0,67.0,60.0,262.0,268.0,282.0,263.0,270.0,37.0,27.0,40.0,45.0,32.0,144.0,154.0,128.0,136.0,149.0,207.0,220.0,225.0,213.0,228.0,886.0,873.0,881.0,880.0,865.0,0.7976878612716763,0.8239700374531836,0.7950530035335688,0.7918215613382898,0.832116788321168,0.8135904499540864,0.8053505535055351,0.8112338858195212,0.8151922186197313,0.8050255932992089,0.7388059701492538,0.7661691542288557,0.7114427860696517,0.7206982543640897,0.770573566084788,0.7471980074719801,0.7372353673723536,0.7447073474470735,0.7517112632233977,0.7392657125077785,0.7527272727272727,0.7665505226480837,0.7475083056478405,0.7607142857142857,0.7916666666666666,0.7717770034843205,0.7651183172655566,0.7575236457437661,0.7699037620297463,0.762114537444934,0.8483606557377049,0.8906882591093117,0.8490566037735849,0.8255813953488372,0.8769230769230769,0.8601941747572815,0.8500486854917235,0.8731417244796829,0.8661417322834646,0.8530571992110454,0.708990454451131,0.7292150972965914,0.6471560391130698,0.6785249634086844,0.7256955810147301,0.7026665318230851,0.6935908367009568,0.7003899577172283,0.710566636023289,0.6988726130962478,"{'cls__C': 0.1, 'cls__probability': True, 'cls__random_state': 42}",svc,none,simple,minmax,none,0.8081298503835773
83.0,66.0,69.0,74.0,79.0,288.0,305.0,302.0,297.0,292.0,73.0,72.0,70.0,58.0,80.0,280.0,281.0,283.0,295.0,273.0,31.0,33.0,40.0,35.0,29.0,137.0,135.0,128.0,133.0,139.0,211.0,227.0,219.0,231.0,209.0,886.0,870.0,878.0,866.0,888.0,0.8022813688212928,0.8121645796064401,0.7992700729927007,0.8324324324324325,0.793168880455408,0.8095020557332115,0.8070500927643784,0.8103368712505769,0.8018518518518518,0.8117001828153565,0.7386934673366834,0.7361809045226131,0.7236180904522613,0.7663316582914573,0.72544080604534,0.7379006913890634,0.73852922690132,0.7416719044626021,0.7309868007542426,0.7412060301507538,0.7429577464788732,0.7591973244147158,0.7577854671280276,0.7993079584775087,0.7231833910034602,0.7598627787307033,0.7558644656820156,0.756244616709733,0.7459086993970715,0.7648578811369509,0.871900826446281,0.8730769230769231,0.8455598455598455,0.868421052631579,0.8781512605042017,0.8660801564027371,0.8656716417910447,0.8727634194831014,0.8668668668668669,0.8646543330087634,0.7019760542487815,0.6756688963210703,0.6709813616288436,0.7145135566188198,0.6875033032080756,0.686561204961932,0.6930747287453518,0.6945013678612089,0.6842780280280281,0.6907342461503995,"{'cls__hidden_layer_sizes': (100,), 'cls__learning_rate': 'adaptive', 'cls__learning_rate_init': 1e-05, 'cls__max_iter': 1000, 'cls__n_iter_no_change': 5, 'cls__random_state': 42}",mlp,lof,simple,standard,none,0.8078634668616548
84.0,83.0,62.0,73.0,75.0,293.0,293.0,315.0,304.0,302.0,74.0,72.0,75.0,70.0,66.0,283.0,286.0,282.0,287.0,291.0,35.0,22.0,40.0,42.0,30.0,134.0,146.0,129.0,127.0,139.0,209.0,225.0,225.0,216.0,230.0,896.0,881.0,880.0,889.0,875.0,0.7931688804554081,0.8272058823529412,0.7964601769911505,0.7941176470588236,0.8273381294964028,0.8112267994567677,0.8030993618960803,0.8106863196683555,0.8111313868613138,0.8027522935779816,0.7288557213930348,0.7661691542288557,0.7139303482587065,0.7206982543640897,0.7605985037406484,0.7403486924034869,0.7310087173100872,0.7440846824408468,0.7423771001866832,0.7324206596141879,0.7385159010600707,0.7575757575757576,0.75,0.7552447552447552,0.777027027027027,0.7599660729431722,0.7549271636675235,0.7573149741824441,0.7559523809523809,0.7504288164665524,0.8565573770491803,0.9109311740890689,0.8490566037735849,0.8372093023255814,0.8846153846153846,0.8699029126213592,0.857838364167478,0.8721506442021804,0.875,0.8629191321499013,0.6941014733347167,0.7232075225284054,0.6508056741495662,0.6738494064075459,0.7082651391162029,0.6892917340884575,0.6819416345880568,0.6998944175784771,0.6946912013536379,0.6860970028371767,"{'cls__hidden_layer_sizes': (100,), 'cls__learning_rate': 'adaptive', 'cls__learning_rate_init': 1e-05, 'cls__max_iter': 1000, 'cls__n_iter_no_change': 5, 'cls__random_state': 42}",mlp,none,simple,standard,none,0.8076581432709453
83.0,66.0,69.0,74.0,74.0,288.0,305.0,302.0,297.0,267.0,73.0,72.0,70.0,58.0,85.0,280.0,281.0,283.0,295.0,298.0,31.0,33.0,40.0,35.0,28.0,137.0,135.0,128.0,133.0,131.0,211.0,227.0,219.0,231.0,210.0,886.0,870.0,878.0,866.0,896.0,0.8022813688212928,0.8121645796064401,0.7992700729927007,0.8324324324324325,0.7879924953095685,0.8095020557332115,0.8070500927643784,0.8103368712505769,0.8018518518518518,0.8068437640702387,0.7386934673366834,0.7361809045226131,0.7236180904522613,0.7663316582914573,0.7153652392947103,0.7379006913890634,0.73852922690132,0.7416719044626021,0.7309868007542426,0.7305276381909548,0.7429577464788732,0.7591973244147158,0.7577854671280276,0.7993079584775087,0.711864406779661,0.7598627787307033,0.7558644656820156,0.756244616709733,0.7459086993970715,0.7504187604690117,0.871900826446281,0.8730769230769231,0.8455598455598455,0.868421052631579,0.8823529411764706,0.8660801564027371,0.8656716417910447,0.8727634194831014,0.8668668668668669,0.872444011684518,0.7019760542487815,0.6756688963210703,0.6709813616288436,0.7145135566188198,0.6738808731039585,0.686561204961932,0.6930747287453518,0.6945013678612089,0.6842780280280281,0.672505191682967,"{'cls__hidden_layer_sizes': (100,), 'cls__learning_rate': 'adaptive', 'cls__learning_rate_init': 1e-05, 'cls__max_iter': 1000, 'cls__n_iter_no_change': 5, 'cls__random_state': 42}",mlp,lof,simple,none,none,0.8068281898324869
86.0,61.0,74.0,71.0,81.0,283.0,308.0,325.0,298.0,288.0,70.0,77.0,65.0,61.0,78.0,285.0,278.0,260.0,294.0,277.0,33.0,34.0,41.0,37.0,28.0,139.0,138.0,140.0,135.0,144.0,209.0,226.0,218.0,229.0,210.0,884.0,867.0,866.0,864.0,883.0,0.8023032629558541,0.8028419182948491,0.8044280442804428,0.8237410071942446,0.7984790874524715,0.8065693430656935,0.8065116279069767,0.8123827392120074,0.8011126564673158,0.807498856881573,0.7412060301507538,0.7211055276381909,0.7336683417085427,0.7537688442211056,0.7329974811083123,0.7335009428032684,0.73852922690132,0.748585795097423,0.7303582652419862,0.7355527638190955,0.7491039426523297,0.7458745874587459,0.7703180212014135,0.7896551724137931,0.7291666666666666,0.756201881950385,0.7572052401746725,0.7690941385435168,0.7461139896373057,0.7612068965517241,0.8636363636363636,0.8692307692307693,0.8416988416988417,0.8609022556390977,0.8823529411764706,0.8641251221896383,0.8626865671641791,0.8608349900596421,0.8648648648648649,0.8597857838364168,0.7074592074592074,0.6556298773690078,0.6870364712091331,0.6993905217589427,0.6958934517203108,0.6811822794046783,0.6941419183943763,0.7081952728075989,0.6841216216216217,0.6847601485553765,"{'cls__algorithm': 'SAMME', 'cls__learning_rate': 1.0, 'cls__n_estimators': 10, 'cls__random_state': 42}",ada,lof,simple,none,none,0.8063586640355723
90.0,91.0,67.0,76.0,81.0,328.0,315.0,339.0,330.0,325.0,68.0,64.0,70.0,67.0,60.0,248.0,264.0,258.0,261.0,268.0,43.0,27.0,41.0,49.0,32.0,157.0,155.0,141.0,136.0,150.0,201.0,220.0,224.0,209.0,228.0,873.0,872.0,868.0,880.0,864.0,0.783625730994152,0.8286252354048965,0.8014311270125223,0.7827715355805244,0.832116788321168,0.8117154811715481,0.8062875635691169,0.8131147540983606,0.8159480760315253,0.8052190121155638,0.7238805970149254,0.7736318407960199,0.7238805970149254,0.7107231920199502,0.770573566084788,0.7478206724782067,0.7391033623910336,0.7515566625155666,0.7529558182949595,0.7398879900435594,0.7472118959107806,0.7746478873239436,0.7619047619047619,0.7572463768115942,0.7916666666666666,0.7787689562890276,0.7676056338028169,0.7708703374777975,0.7712532865907099,0.7632508833922261,0.8237704918032787,0.8906882591093117,0.8452830188679246,0.810077519379845,0.8769230769230769,0.8475728155339806,0.8490749756572541,0.8602576808721506,0.8661417322834646,0.8520710059171598,0.6966953724839178,0.7388925166514301,0.6671670568792177,0.6707730254241883,0.7256955810147301,0.7085086299892125,0.696558213217228,0.714048438426025,0.7122586834006155,0.7000658570901144,"{'cls__criterion': 'gini', 'cls__max_depth': None, 'cls__max_features': 'log2', 'cls__random_state': 42}",rf,none,simple,none,none,0.8057140834626526
90.0,91.0,67.0,76.0,81.0,328.0,315.0,339.0,330.0,325.0,68.0,64.0,70.0,67.0,60.0,248.0,264.0,258.0,261.0,268.0,43.0,27.0,41.0,49.0,32.0,157.0,155.0,141.0,136.0,150.0,201.0,220.0,224.0,209.0,228.0,873.0,872.0,868.0,880.0,864.0,0.783625730994152,0.8286252354048965,0.8014311270125223,0.7827715355805244,0.832116788321168,0.8117154811715481,0.8062875635691169,0.8131147540983606,0.8159480760315253,0.8052190121155638,0.7238805970149254,0.7736318407960199,0.7238805970149254,0.7107231920199502,0.770573566084788,0.7478206724782067,0.7391033623910336,0.7515566625155666,0.7529558182949595,0.7398879900435594,0.7472118959107806,0.7746478873239436,0.7619047619047619,0.7572463768115942,0.7916666666666666,0.7787689562890276,0.7676056338028169,0.7708703374777975,0.7712532865907099,0.7632508833922261,0.8237704918032787,0.8906882591093117,0.8452830188679246,0.810077519379845,0.8769230769230769,0.8475728155339806,0.8490749756572541,0.8602576808721506,0.8661417322834646,0.8520710059171598,0.6966953724839178,0.7388925166514301,0.6671670568792177,0.6707730254241883,0.7256955810147301,0.7085086299892125,0.696558213217228,0.714048438426025,0.7122586834006155,0.7000658570901144,"{'cls__criterion': 'entropy', 'cls__max_depth': None, 'cls__max_features': 'log2', 'cls__random_state': 42}",rf,none,simple,none,none,0.8057140834626526
86.0,61.0,70.0,71.0,81.0,283.0,308.0,299.0,298.0,288.0,70.0,77.0,69.0,61.0,78.0,285.0,278.0,286.0,294.0,277.0,33.0,34.0,40.0,37.0,28.0,139.0,138.0,132.0,135.0,144.0,209.0,226.0,219.0,229.0,210.0,884.0,867.0,874.0,864.0,883.0,0.8023032629558541,0.8028419182948491,0.8007312614259597,0.8237410071942446,0.7984790874524715,0.8065693430656935,0.8065116279069767,0.8070175438596491,0.8011126564673158,0.807498856881573,0.7412060301507538,0.7211055276381909,0.7261306532663316,0.7537688442211056,0.7329974811083123,0.7335009428032684,0.73852922690132,0.7372721558768071,0.7303582652419862,0.7355527638190955,0.7491039426523297,0.7458745874587459,0.7604166666666666,0.7896551724137931,0.7291666666666666,0.756201881950385,0.7572052401746725,0.753448275862069,0.7461139896373057,0.7612068965517241,0.8636363636363636,0.8692307692307693,0.8455598455598455,0.8609022556390977,0.8823529411764706,0.8641251221896383,0.8626865671641791,0.8687872763419483,0.8648648648648649,0.8597857838364168,0.7074592074592074,0.6556298773690078,0.6745784839310018,0.6993905217589427,0.6958934517203108,0.6811822794046783,0.6941419183943763,0.6899491937265296,0.6841216216216217,0.6847601485553765,"{'cls__algorithm': 'SAMME', 'cls__learning_rate': 0.1, 'cls__n_estimators': 100, 'cls__random_state': 42}",ada,lof,simple,none,none,0.8056193074646758
90.0,90.0,67.0,76.0,81.0,328.0,314.0,339.0,330.0,325.0,68.0,65.0,70.0,67.0,60.0,248.0,265.0,258.0,261.0,268.0,43.0,27.0,41.0,49.0,32.0,157.0,154.0,141.0,136.0,150.0,201.0,220.0,224.0,209.0,228.0,873.0,873.0,868.0,880.0,864.0,0.783625730994152,0.8270676691729323,0.8014311270125223,0.7827715355805244,0.832116788321168,0.8117154811715481,0.8064665127020786,0.8131147540983606,0.8159480760315253,0.8052190121155638,0.7238805970149254,0.7711442786069652,0.7238805970149254,0.7107231920199502,0.770573566084788,0.7478206724782067,0.7391033623910336,0.7515566625155666,0.7529558182949595,0.7398879900435594,0.7472118959107806,0.7719298245614035,0.7619047619047619,0.7572463768115942,0.7916666666666666,0.7787689562890276,0.7671353251318102,0.7708703374777975,0.7712532865907099,0.7632508833922261,0.8237704918032787,0.8906882591093117,0.8452830188679246,0.810077519379845,0.8769230769230769,0.8475728155339806,0.8500486854917235,0.8602576808721506,0.8661417322834646,0.8520710059171598,0.6966953724839178,0.7356667101998171,0.6671670568792177,0.6707730254241883,0.7256955810147301,0.7085086299892125,0.6961815102760863,0.714048438426025,0.7122586834006155,0.7000658570901144,"{'cls__C': 10, 'cls__probability': True, 'cls__random_state': 42}",svc,none,simple,minmax,none,0.8054025702162597
90.0,90.0,67.0,76.0,81.0,328.0,314.0,339.0,330.0,325.0,68.0,65.0,70.0,67.0,60.0,248.0,265.0,258.0,261.0,268.0,43.0,27.0,41.0,49.0,32.0,157.0,154.0,141.0,136.0,150.0,201.0,220.0,224.0,209.0,228.0,873.0,873.0,868.0,880.0,864.0,0.783625730994152,0.8270676691729323,0.8014311270125223,0.7827715355805244,0.832116788321168,0.8117154811715481,0.8064665127020786,0.8131147540983606,0.8159480760315253,0.8052190121155638,0.7238805970149254,0.7711442786069652,0.7238805970149254,0.7107231920199502,0.770573566084788,0.7478206724782067,0.7391033623910336,0.7515566625155666,0.7529558182949595,0.7398879900435594,0.7472118959107806,0.7719298245614035,0.7619047619047619,0.7572463768115942,0.7916666666666666,0.7787689562890276,0.7671353251318102,0.7708703374777975,0.7712532865907099,0.7632508833922261,0.8237704918032787,0.8906882591093117,0.8452830188679246,0.810077519379845,0.8769230769230769,0.8475728155339806,0.8500486854917235,0.8602576808721506,0.8661417322834646,0.8520710059171598,0.6966953724839178,0.7356667101998171,0.6671670568792177,0.6707730254241883,0.7256955810147301,0.7085086299892125,0.6961815102760863,0.714048438426025,0.7122586834006155,0.7000658570901144,"{'cls__C': 10, 'cls__probability': True, 'cls__random_state': 42}",svc,none,simple,standard,none,0.8054025702162597
90.0,90.0,67.0,76.0,81.0,328.0,314.0,339.0,330.0,325.0,68.0,65.0,70.0,67.0,60.0,248.0,265.0,258.0,261.0,268.0,43.0,27.0,41.0,49.0,32.0,157.0,154.0,141.0,136.0,150.0,201.0,220.0,224.0,209.0,228.0,873.0,873.0,868.0,880.0,864.0,0.783625730994152,0.8270676691729323,0.8014311270125223,0.7827715355805244,0.832116788321168,0.8117154811715481,0.8064665127020786,0.8131147540983606,0.8159480760315253,0.8052190121155638,0.7238805970149254,0.7711442786069652,0.7238805970149254,0.7107231920199502,0.770573566084788,0.7478206724782067,0.7391033623910336,0.7515566625155666,0.7529558182949595,0.7398879900435594,0.7472118959107806,0.7719298245614035,0.7619047619047619,0.7572463768115942,0.7916666666666666,0.7787689562890276,0.7671353251318102,0.7708703374777975,0.7712532865907099,0.7632508833922261,0.8237704918032787,0.8906882591093117,0.8452830188679246,0.810077519379845,0.8769230769230769,0.8475728155339806,0.8500486854917235,0.8602576808721506,0.8661417322834646,0.8520710059171598,0.6966953724839178,0.7356667101998171,0.6671670568792177,0.6707730254241883,0.7256955810147301,0.7085086299892125,0.6961815102760863,0.714048438426025,0.7122586834006155,0.7000658570901144,"{'cls__C': 10, 'cls__probability': True, 'cls__random_state': 42}",svc,none,simple,none,none,0.8054025702162597
90.0,90.0,67.0,76.0,81.0,328.0,314.0,339.0,330.0,325.0,68.0,65.0,70.0,67.0,60.0,248.0,265.0,258.0,261.0,268.0,43.0,27.0,41.0,49.0,32.0,157.0,154.0,141.0,136.0,150.0,201.0,220.0,224.0,209.0,228.0,873.0,873.0,868.0,880.0,864.0,0.783625730994152,0.8270676691729323,0.8014311270125223,0.7827715355805244,0.832116788321168,0.8117154811715481,0.8064665127020786,0.8131147540983606,0.8159480760315253,0.8052190121155638,0.7238805970149254,0.7711442786069652,0.7238805970149254,0.7107231920199502,0.770573566084788,0.7478206724782067,0.7391033623910336,0.7515566625155666,0.7529558182949595,0.7398879900435594,0.7472118959107806,0.7719298245614035,0.7619047619047619,0.7572463768115942,0.7916666666666666,0.7787689562890276,0.7671353251318102,0.7708703374777975,0.7712532865907099,0.7632508833922261,0.8237704918032787,0.8906882591093117,0.8452830188679246,0.810077519379845,0.8769230769230769,0.8475728155339806,0.8500486854917235,0.8602576808721506,0.8661417322834646,0.8520710059171598,0.6966953724839178,0.7356667101998171,0.6671670568792177,0.6707730254241883,0.7256955810147301,0.7085086299892125,0.6961815102760863,0.714048438426025,0.7122586834006155,0.7000658570901144,"{'cls__C': 1, 'cls__probability': True, 'cls__random_state': 42}",svc,none,simple,none,none,0.8054025702162597
90.0,91.0,68.0,77.0,81.0,329.0,317.0,340.0,331.0,326.0,68.0,64.0,69.0,66.0,60.0,247.0,262.0,257.0,260.0,267.0,45.0,27.0,41.0,49.0,32.0,159.0,159.0,145.0,137.0,151.0,199.0,220.0,224.0,209.0,228.0,871.0,868.0,864.0,879.0,863.0,0.7788649706457926,0.8286252354048965,0.8028673835125449,0.7842401500938087,0.832116788321168,0.8109869646182495,0.8048215113583681,0.8112676056338028,0.8157772621809746,0.8050373134328359,0.7189054726368159,0.7736318407960199,0.7263681592039801,0.713216957605985,0.770573566084788,0.7471980074719801,0.7378580323785803,0.7496886674968867,0.7529558182949595,0.7398879900435594,0.7453183520599251,0.7746478873239436,0.764505119453925,0.76,0.7916666666666666,0.7790697674418605,0.768141592920354,0.7707404103479036,0.771729587357331,0.763716814159292,0.8155737704918032,0.8906882591093117,0.8452830188679246,0.810077519379845,0.8769230769230769,0.845631067961165,0.8451801363193768,0.8562933597621407,0.8651574803149606,0.8510848126232742,0.6925970118281801,0.7388925166514301,0.670816691915714,0.6742695289206917,0.7256955810147301,0.7084058117583603,0.6963379092650425,0.7129037988090435,0.7126125811050269,0.7004159307635764,"{'cls__C': 0.1, 'cls__probability': True, 'cls__random_state': 42}",svc,none,simple,none,none,0.8053429055956421
78.0,84.0,64.0,72.0,68.0,298.0,292.0,312.0,274.0,278.0,80.0,71.0,73.0,71.0,73.0,278.0,287.0,285.0,317.0,315.0,35.0,24.0,39.0,39.0,30.0,138.0,149.0,134.0,120.0,129.0,209.0,223.0,226.0,219.0,230.0,892.0,878.0,875.0,896.0,885.0,0.7842401500938087,0.8243992606284658,0.801418439716312,0.7992700729927006,0.817051509769094,0.8109090909090909,0.801094890510949,0.8068234209313047,0.8039479587258861,0.7994579945799457,0.7139303482587065,0.763681592039801,0.7213930348258707,0.7256857855361596,0.743142144638404,0.7409713574097135,0.7285180572851806,0.7391033623910336,0.7280647168637212,0.7237087741132545,0.7231833910034602,0.7585034013605442,0.7558528428093646,0.7551724137931034,0.759075907590759,0.7623931623931623,0.7536480686695279,0.7543103448275862,0.7386644682605111,0.7375,0.8565573770491803,0.902834008097166,0.8528301886792453,0.8488372093023255,0.8846153846153846,0.8660194174757282,0.8549172346640701,0.867195242814668,0.8818897637795275,0.8727810650887574,0.6751141315625648,0.722384745984067,0.6599917366753891,0.6761668563994145,0.683442444080742,0.6916902642934197,0.6796175119779764,0.6949041540706506,0.6727553725835032,0.6707918816168913,"{'cls__algorithm': 'SAMME', 'cls__learning_rate': 0.5, 'cls__n_estimators': 10, 'cls__random_state': 42}",ada,none,simple,none,none,0.8052758866400762
78.0,84.0,67.0,76.0,74.0,298.0,292.0,337.0,328.0,302.0,80.0,71.0,70.0,67.0,67.0,278.0,287.0,260.0,263.0,291.0,35.0,24.0,40.0,45.0,32.0,138.0,149.0,141.0,136.0,141.0,209.0,223.0,225.0,213.0,228.0,892.0,878.0,868.0,880.0,873.0,0.7842401500938087,0.8243992606284658,0.8035714285714285,0.7918215613382898,0.8216216216216217,0.8109090909090909,0.801094890510949,0.8123537669630322,0.8151922186197313,0.8016528925619836,0.7139303482587065,0.763681592039801,0.7263681592039801,0.7206982543640897,0.7531172069825436,0.7409713574097135,0.7285180572851806,0.7503113325031133,0.7517112632233977,0.731176104542626,0.7231833910034602,0.7585034013605442,0.7627118644067796,0.7607142857142857,0.7728813559322034,0.7623931623931623,0.7536480686695279,0.7695035460992907,0.7699037620297463,0.75,0.8565573770491803,0.902834008097166,0.8490566037735849,0.8255813953488372,0.8769230769230769,0.8660194174757282,0.8549172346640701,0.8602576808721506,0.8661417322834646,0.8609467455621301,0.6751141315625648,0.722384745984067,0.6690538493320479,0.6785249634086844,0.700872885979269,0.6916902642934197,0.6796175119779764,0.7123733965499781,0.710566636023289,0.685110809543291,"{'cls__algorithm': 'SAMME', 'cls__learning_rate': 1.0, 'cls__n_estimators': 10, 'cls__random_state': 42}",ada,none,simple,none,none,0.8051308044507228
86.0,61.0,65.0,68.0,81.0,283.0,308.0,276.0,273.0,288.0,70.0,77.0,74.0,64.0,78.0,285.0,278.0,309.0,319.0,277.0,33.0,34.0,39.0,34.0,28.0,139.0,138.0,120.0,125.0,144.0,209.0,226.0,220.0,232.0,210.0,884.0,867.0,886.0,874.0,883.0,0.8023032629558541,0.8028419182948491,0.7956600361663653,0.8256227758007118,0.7984790874524715,0.8065693430656935,0.8065116279069767,0.8050885960926852,0.7974452554744527,0.807498856881573,0.7412060301507538,0.7211055276381909,0.7160804020100503,0.7537688442211056,0.7329974811083123,0.7335009428032684,0.73852922690132,0.7303582652419862,0.7209302325581395,0.7355527638190955,0.7491039426523297,0.7458745874587459,0.7482993197278912,0.7837837837837838,0.7291666666666666,0.756201881950385,0.7572052401746725,0.7414225941422594,0.732606873428332,0.7612068965517241,0.8636363636363636,0.8692307692307693,0.8494208494208494,0.8721804511278195,0.8823529411764706,0.8641251221896383,0.8626865671641791,0.8807157057654076,0.8748748748748749,0.8597857838364168,0.7074592074592074,0.6556298773690078,0.6585233743507125,0.6936659831396673,0.6958934517203108,0.6811822794046783,0.6941419183943763,0.6762552887801396,0.6680117617617618,0.6847601485553765,"{'cls__algorithm': 'SAMME', 'cls__learning_rate': 0.1, 'cls__n_estimators': 50, 'cls__random_state': 42}",ada,lof,simple,none,none,0.8049814161340503
78.0,83.0,67.0,76.0,74.0,298.0,291.0,337.0,328.0,300.0,80.0,72.0,70.0,67.0,67.0,278.0,288.0,260.0,263.0,293.0,35.0,24.0,40.0,45.0,32.0,138.0,148.0,141.0,136.0,140.0,209.0,223.0,225.0,213.0,228.0,892.0,879.0,868.0,880.0,874.0,0.7842401500938087,0.8228782287822878,0.8035714285714285,0.7918215613382898,0.8216216216216217,0.8109090909090909,0.8012762078395624,0.8123537669630322,0.8151922186197313,0.801467216872994,0.7139303482587065,0.7611940298507462,0.7263681592039801,0.7206982543640897,0.7531172069825436,0.7409713574097135,0.7285180572851806,0.7503113325031133,0.7517112632233977,0.730553827006845,0.7231833910034602,0.7559322033898305,0.7627118644067796,0.7607142857142857,0.7728813559322034,0.7623931623931623,0.7532133676092545,0.7695035460992907,0.7699037620297463,0.7489288774635818,0.8565573770491803,0.902834008097166,0.8490566037735849,0.8255813953488372,0.8769230769230769,0.8660194174757282,0.8558909444985394,0.8602576808721506,0.8661417322834646,0.8619329388560157,0.6751141315625648,0.7191589395324539,0.6690538493320479,0.6785249634086844,0.700872885979269,0.6916902642934197,0.6792408090368345,0.7123733965499781,0.710566636023289,0.6839175655494244,"{'cls__algorithm': 'SAMME', 'cls__learning_rate': 0.1, 'cls__n_estimators': 100, 'cls__random_state': 42}",ada,none,simple,none,none,0.8048265980814872
78.0,81.0,64.0,75.0,72.0,298.0,288.0,310.0,294.0,297.0,80.0,74.0,73.0,68.0,69.0,278.0,291.0,287.0,297.0,296.0,35.0,24.0,38.0,43.0,32.0,138.0,148.0,134.0,129.0,140.0,209.0,223.0,227.0,215.0,228.0,892.0,879.0,875.0,887.0,874.0,0.7842401500938087,0.8198529411764706,0.8035398230088495,0.7948243992606284,0.8186714542190304,0.8109090909090909,0.8001820664542557,0.8060801473975125,0.8063636363636365,0.8003663003663004,0.7139303482587065,0.7562189054726368,0.7238805970149254,0.7231920199501247,0.7481296758104738,0.7409713574097135,0.7266500622665006,0.7378580323785803,0.7349097697573118,0.7286869943995021,0.7231833910034602,0.7508417508417509,0.7566666666666667,0.7597173144876325,0.7676767676767676,0.7623931623931623,0.7512820512820513,0.7530120481927711,0.7491554054054054,0.747008547008547,0.8565573770491803,0.902834008097166,0.8566037735849057,0.8333333333333334,0.8769230769230769,0.8660194174757282,0.8558909444985394,0.867195242814668,0.8730314960629921,0.8619329388560157,0.6751141315625648,0.7127073266292281,0.6618785291282192,0.678904428904429,0.6937806873977087,0.6916902642934197,0.6766501354617049,0.6932291121946036,0.6852467124985011,0.6813880545882103,"{'cls__algorithm': 'SAMME', 'cls__learning_rate': 0.1, 'cls__n_estimators': 50, 'cls__random_state': 42}",ada,none,simple,none,none,0.8042257535517574
72.0,76.0,62.0,73.0,75.0,275.0,271.0,315.0,304.0,302.0,86.0,79.0,75.0,70.0,66.0,301.0,308.0,282.0,287.0,291.0,33.0,19.0,40.0,42.0,30.0,127.0,141.0,129.0,127.0,139.0,211.0,228.0,225.0,216.0,230.0,903.0,886.0,880.0,889.0,875.0,0.7800369685767098,0.8231046931407943,0.7964601769911505,0.7941176470588236,0.8273381294964028,0.8084153983885407,0.7978388113462404,0.8106863196683555,0.8111313868613138,0.8027522935779816,0.7039800995024875,0.7562189054726368,0.7139303482587065,0.7206982543640897,0.7605985037406484,0.7334993773349938,0.7204234122042341,0.7440846824408468,0.7423771001866832,0.7324206596141879,0.7104377104377104,0.742671009771987,0.75,0.7552447552447552,0.777027027027027,0.75,0.7420435510887772,0.7573149741824441,0.7559523809523809,0.7504288164665524,0.8647540983606558,0.9230769230769231,0.8490566037735849,0.8372093023255814,0.8846153846153846,0.8766990291262136,0.8627069133398247,0.8721506442021804,0.875,0.8629191321499013,0.6602251504461506,0.7066997518610423,0.6508056741495662,0.6738494064075459,0.7082651391162029,0.6770647923408846,0.665377636289947,0.6998944175784771,0.6946912013536379,0.6860970028371767,"{'cls__hidden_layer_sizes': (100,), 'cls__learning_rate': 'adaptive', 'cls__learning_rate_init': 1e-05, 'cls__max_iter': 1000, 'cls__n_iter_no_change': 5, 'cls__random_state': 42}",mlp,none,simple,none,none,0.8042115230527763
30.0,36.0,23.0,34.0,27.0,120.0,114.0,127.0,116.0,123.0,128.0,119.0,114.0,109.0,114.0,456.0,465.0,470.0,475.0,470.0,4.0,5.0,8.0,4.0,4.0,21.0,20.0,17.0,21.0,21.0,240.0,242.0,257.0,254.0,256.0,1009.0,1007.0,992.0,995.0,993.0,0.7843137254901961,0.7960526315789475,0.8081761006289307,0.8180354267310789,0.8126984126984128,0.8088176352705411,0.805922368947579,0.8029138000809388,0.8004827031375704,0.8017763423496164,0.6716417910447762,0.6915422885572139,0.6965174129353234,0.7182044887780549,0.7057356608478803,0.702988792029888,0.6980074719800747,0.6967621419676214,0.6913503422526447,0.6944617299315494,0.6521739130434783,0.6703601108033241,0.692722371967655,0.699724517906336,0.6918918918918919,0.6887372013651877,0.6841032608695652,0.6785225718194254,0.6768707482993197,0.6787423103212576,0.9836065573770492,0.979757085020243,0.969811320754717,0.9844961240310077,0.9846153846153847,0.9796116504854369,0.9805258033106135,0.9831516352824579,0.9793307086614174,0.9792899408284024,0.5867399875492841,0.606007574768186,0.5688472662167746,0.6111291808966228,0.5880523731587561,0.5939724919093852,0.588708497510229,0.5979409767702071,0.5878041022156495,0.593354919823982,"{'cls__hidden_layer_sizes': (100,), 'cls__learning_rate': 'adaptive', 'cls__learning_rate_init': 1e-05, 'cls__max_iter': 1000, 'cls__n_iter_no_change': 5, 'cls__random_state': 42}",mlp,none,simple,minmax,none,0.8038552594255132
78.0,56.0,65.0,68.0,74.0,263.0,285.0,276.0,273.0,267.0,78.0,82.0,74.0,64.0,85.0,305.0,301.0,309.0,319.0,298.0,27.0,31.0,39.0,34.0,28.0,132.0,128.0,120.0,125.0,131.0,215.0,229.0,220.0,232.0,210.0,891.0,877.0,886.0,874.0,896.0,0.8037383177570094,0.8021015761821366,0.7956600361663653,0.8256227758007118,0.7879924953095685,0.8030644434429924,0.8034814475492441,0.8050885960926852,0.7974452554744527,0.8068437640702387,0.7361809045226131,0.7160804020100503,0.7160804020100503,0.7537688442211056,0.7153652392947103,0.7253299811439347,0.7303582652419862,0.7303582652419862,0.7209302325581395,0.7305276381909548,0.7337883959044369,0.7363344051446945,0.7482993197278912,0.7837837837837838,0.711864406779661,0.7449832775919732,0.7444821731748726,0.7414225941422594,0.732606873428332,0.7504187604690117,0.8884297520661157,0.8807692307692307,0.8494208494208494,0.8721804511278195,0.8823529411764706,0.8709677419354839,0.872636815920398,0.8807157057654076,0.8748748748748749,0.872444011684518,0.6942148760330579,0.6432831661092531,0.6585233743507125,0.6936659831396673,0.6738808731039585,0.6669979554747842,0.6794924693936462,0.6762552887801396,0.6680117617617618,0.672505191682967,"{'cls__criterion': 'entropy', 'cls__max_depth': 2, 'cls__max_features': 'log2', 'cls__random_state': 42}",rf,lof,simple,none,none,0.8030230402431583
78.0,56.0,65.0,68.0,74.0,263.0,285.0,276.0,273.0,267.0,78.0,82.0,74.0,64.0,85.0,305.0,301.0,309.0,319.0,298.0,27.0,31.0,39.0,34.0,28.0,132.0,128.0,120.0,125.0,131.0,215.0,229.0,220.0,232.0,210.0,891.0,877.0,886.0,874.0,896.0,0.8037383177570094,0.8021015761821366,0.7956600361663653,0.8256227758007118,0.7879924953095685,0.8030644434429924,0.8034814475492441,0.8050885960926852,0.7974452554744527,0.8068437640702387,0.7361809045226131,0.7160804020100503,0.7160804020100503,0.7537688442211056,0.7153652392947103,0.7253299811439347,0.7303582652419862,0.7303582652419862,0.7209302325581395,0.7305276381909548,0.7337883959044369,0.7363344051446945,0.7482993197278912,0.7837837837837838,0.711864406779661,0.7449832775919732,0.7444821731748726,0.7414225941422594,0.732606873428332,0.7504187604690117,0.8884297520661157,0.8807692307692307,0.8494208494208494,0.8721804511278195,0.8823529411764706,0.8709677419354839,0.872636815920398,0.8807157057654076,0.8748748748748749,0.872444011684518,0.6942148760330579,0.6432831661092531,0.6585233743507125,0.6936659831396673,0.6738808731039585,0.6669979554747842,0.6794924693936462,0.6762552887801396,0.6680117617617618,0.672505191682967,"{'cls__criterion': 'gini', 'cls__max_depth': 2, 'cls__max_features': 'log2', 'cls__random_state': 42}",rf,lof,simple,none,none,0.8030230402431583
32.0,27.0,69.0,36.0,26.0,118.0,123.0,302.0,114.0,124.0,124.0,111.0,70.0,96.0,133.0,450.0,463.0,283.0,478.0,441.0,6.0,4.0,40.0,5.0,3.0,19.0,21.0,128.0,20.0,22.0,236.0,256.0,219.0,261.0,235.0,1004.0,984.0,878.0,979.0,1005.0,0.7840531561461793,0.8165869218500796,0.7992700729927007,0.8378812199036917,0.7755775577557755,0.8106580540976988,0.8026101141924958,0.8103368712505769,0.7972312703583061,0.8127780024262029,0.6733668341708543,0.7110552763819096,0.7236180904522613,0.7462311557788944,0.6574307304785895,0.7052168447517285,0.6957888120678818,0.7416719044626021,0.6869893148962917,0.7091708542713567,0.6555555555555556,0.6975476839237057,0.7577854671280276,0.7310924369747899,0.6385869565217391,0.6905089408528198,0.6800276434001382,0.756244616709733,0.6719286204529856,0.6950207468879668,0.9752066115702479,0.9846153846153847,0.8455598455598455,0.981203007518797,0.9873949579831933,0.9814271749755621,0.9791044776119403,0.8727634194831014,0.97997997997998,0.9785783836416748,0.5901674083492265,0.5901337792642141,0.6709813616288436,0.6269651401230348,0.5754584852809048,0.5945868269244008,0.594501044266721,0.6945013678612089,0.5862737737737738,0.5990237050951738,"{'cls__hidden_layer_sizes': (100,), 'cls__learning_rate': 'adaptive', 'cls__learning_rate_init': 1e-05, 'cls__max_iter': 1000, 'cls__n_iter_no_change': 5, 'cls__random_state': 42}",mlp,lof,simple,minmax,none,0.8026737857296855
86.0,61.0,65.0,71.0,74.0,283.0,308.0,276.0,298.0,267.0,70.0,77.0,74.0,61.0,85.0,285.0,278.0,309.0,294.0,298.0,33.0,34.0,39.0,37.0,28.0,139.0,138.0,120.0,135.0,131.0,209.0,226.0,220.0,229.0,210.0,884.0,867.0,886.0,864.0,896.0,0.8023032629558541,0.8028419182948491,0.7956600361663653,0.8237410071942446,0.7879924953095685,0.8065693430656935,0.8065116279069767,0.8050885960926852,0.8011126564673158,0.8068437640702387,0.7412060301507538,0.7211055276381909,0.7160804020100503,0.7537688442211056,0.7153652392947103,0.7335009428032684,0.73852922690132,0.7303582652419862,0.7303582652419862,0.7305276381909548,0.7491039426523297,0.7458745874587459,0.7482993197278912,0.7896551724137931,0.711864406779661,0.756201881950385,0.7572052401746725,0.7414225941422594,0.7461139896373057,0.7504187604690117,0.8636363636363636,0.8692307692307693,0.8494208494208494,0.8609022556390977,0.8823529411764706,0.8641251221896383,0.8626865671641791,0.8807157057654076,0.8648648648648649,0.872444011684518,0.7074592074592074,0.6556298773690078,0.6585233743507125,0.6993905217589427,0.6738808731039585,0.6811822794046783,0.6941419183943763,0.6762552887801396,0.6841216216216217,0.672505191682967,"{'cls__algorithm': 'SAMME', 'cls__learning_rate': 0.5, 'cls__n_estimators': 10, 'cls__random_state': 42}",ada,lof,simple,none,none,0.8025077439841762
72.0,76.0,58.0,73.0,66.0,274.0,270.0,290.0,303.0,275.0,86.0,79.0,79.0,70.0,75.0,302.0,309.0,307.0,288.0,318.0,33.0,19.0,39.0,41.0,30.0,126.0,140.0,121.0,127.0,129.0,211.0,228.0,226.0,217.0,230.0,904.0,887.0,888.0,889.0,885.0,0.7800369685767098,0.8231046931407943,0.7929824561403509,0.7963302752293578,0.8141592920353982,0.8085867620751342,0.7980206927575348,0.8058076225045373,0.8107615139078886,0.7983761840324763,0.7039800995024875,0.7562189054726368,0.7064676616915423,0.7231920199501247,0.7381546134663342,0.7334993773349938,0.7204234122042341,0.7334993773349938,0.7417548226509023,0.7218419415059116,0.7104377104377104,0.742671009771987,0.740983606557377,0.7560975609756098,0.7540983606557377,0.7495854063018242,0.7416387959866221,0.7430962343096235,0.7553101104502974,0.7356608478802993,0.8647540983606558,0.9230769230769231,0.8528301886792453,0.8410852713178295,0.8846153846153846,0.8776699029126214,0.8636806231742941,0.8800792864222002,0.875,0.8727810650887574,0.6602251504461506,0.7066997518610423,0.6380939264564109,0.67578739090367,0.6763502454991817,0.6766821736785329,0.665000933348805,0.6829207152379008,0.6938451776649746,0.6682623706556772,"{'cls__criterion': 'gini', 'cls__max_depth': 2, 'cls__max_features': 'log2', 'cls__random_state': 42}",rf,none,simple,none,none,0.8013227370245222
72.0,74.0,58.0,72.0,66.0,274.0,267.0,290.0,274.0,275.0,86.0,81.0,79.0,71.0,75.0,302.0,312.0,307.0,317.0,318.0,33.0,19.0,39.0,39.0,30.0,126.0,140.0,121.0,120.0,129.0,211.0,228.0,226.0,219.0,230.0,904.0,887.0,888.0,896.0,885.0,0.7800369685767098,0.8201438848920864,0.7929824561403509,0.7992700729927006,0.8141592920353982,0.8085867620751342,0.7969451931716083,0.8058076225045373,0.8039479587258861,0.7983761840324763,0.7039800995024875,0.7512437810945274,0.7064676616915423,0.7256857855361596,0.7381546134663342,0.7334993773349938,0.7185554171855542,0.7334993773349938,0.7280647168637212,0.7218419415059116,0.7104377104377104,0.7378640776699029,0.740983606557377,0.7551724137931034,0.7540983606557377,0.7495854063018242,0.7397831526271893,0.7430962343096235,0.7386644682605111,0.7356608478802993,0.8647540983606558,0.9230769230769231,0.8528301886792453,0.8488372093023255,0.8846153846153846,0.8776699029126214,0.8636806231742941,0.8800792864222002,0.8818897637795275,0.8727810650887574,0.6602251504461506,0.7002481389578163,0.6380939264564109,0.6761668563994145,0.6763502454991817,0.6766821736785329,0.6624102597736755,0.6829207152379008,0.6727553725835032,0.6682623706556772,"{'cls__criterion': 'entropy', 'cls__max_depth': 2, 'cls__max_features': 'log2', 'cls__random_state': 42}",rf,none,simple,none,none,0.8013185349274492
18.0,60.0,67.0,69.0,75.0,88.0,292.0,285.0,283.0,277.0,138.0,78.0,72.0,63.0,84.0,480.0,294.0,300.0,309.0,288.0,3.0,35.0,42.0,38.0,31.0,7.0,141.0,134.0,138.0,145.0,239.0,225.0,217.0,228.0,207.0,1016.0,864.0,872.0,861.0,882.0,0.7722132471728594,0.7992895204262878,0.7919708029197079,0.8186714542190305,0.7826086956521738,0.8066693132195316,0.7988904299583911,0.800734618916437,0.7939142461964039,0.8029130632680929,0.6457286432160804,0.7160804020100503,0.7135678391959799,0.7462311557788944,0.7103274559193955,0.6939032055311125,0.7265870521684475,0.7272155876807039,0.7190446260213702,0.7280150753768844,0.6339522546419099,0.7425742574257426,0.7508650519031141,0.7835051546391752,0.711340206185567,0.679144385026738,0.7461139896373057,0.7440273037542662,0.735897435897436,0.7538461538461538,0.987603305785124,0.8653846153846154,0.8378378378378378,0.8571428571428571,0.8697478991596639,0.9931573802541545,0.8597014925373134,0.8667992047713717,0.8618618618618619,0.8588120740019474,0.5514939605848697,0.6500836120401339,0.6599261131635232,0.6899350649350648,0.6707230061836056,0.5740434788594716,0.6789975039478375,0.6769893459754295,0.6699512012012012,0.6745387803638055,"{'cls__algorithm': 'SAMME', 'cls__learning_rate': 0.1, 'cls__n_estimators': 10, 'cls__random_state': 42}",ada,lof,simple,none,none,0.7929507440780119
91.0,71.0,91.0,77.0,86.0,308.0,328.0,420.0,322.0,313.0,65.0,67.0,48.0,55.0,73.0,260.0,258.0,165.0,270.0,252.0,37.0,36.0,89.0,38.0,29.0,144.0,145.0,278.0,143.0,152.0,205.0,224.0,170.0,228.0,209.0,879.0,860.0,728.0,856.0,875.0,0.80078125,0.8130671506352088,0.7127882599580713,0.8306010928961748,0.8038461538461538,0.8131359851988899,0.8101742816768724,0.7667193259610321,0.8056470588235294,0.8124419684308264,0.7437185929648241,0.7412060301507538,0.6557788944723618,0.7663316582914573,0.743073047858942,0.7460716530483973,0.7467001885606537,0.721558768070396,0.7404148334380892,0.7462311557788944,0.7592592592592593,0.7697594501718213,0.7798165137614679,0.8056537102473498,0.7411347517730497,0.771729587357331,0.7692307692307693,0.8152295632698768,0.7602131438721137,0.7763975155279503,0.8471074380165289,0.8615384615384616,0.6563706563706564,0.8571428571428571,0.8781512605042017,0.8592375366568915,0.8557213930348259,0.7236580516898609,0.8568568568568569,0.8519961051606622,0.7152203856749311,0.688015607580825,0.6555234576817309,0.7202380952380952,0.7095158818244278,0.7007455288918261,0.7077241777460819,0.7208033848192893,0.7003878878878878,0.702989203022809,"{'cls__hidden_layer_sizes': (100,), 'cls__learning_rate': 'adaptive', 'cls__learning_rate_init': 1e-05, 'cls__max_iter': 1000, 'cls__n_iter_no_change': 5, 'cls__random_state': 42, 'os__random_state': 42}",mlp,lof,simple,standard,smote,0.7922167814671217
78.0,28.0,62.0,77.0,69.0,311.0,85.0,298.0,283.0,291.0,80.0,127.0,75.0,66.0,72.0,265.0,494.0,299.0,308.0,302.0,43.0,3.0,42.0,42.0,33.0,152.0,8.0,136.0,136.0,145.0,201.0,244.0,223.0,216.0,227.0,878.0,1019.0,873.0,880.0,869.0,0.7657142857142857,0.7896440129449839,0.7921847246891652,0.8,0.8121645796064401,0.8080994017487345,0.8023622047244093,0.8005502063273727,0.7985480943738656,0.7954233409610985,0.6940298507462687,0.6766169154228856,0.7089552238805971,0.7306733167082294,0.7381546134663342,0.7403486924034869,0.6874221668742216,0.7291407222914073,0.7237087741132545,0.7218419415059116,0.7153024911032029,0.6576819407008087,0.7483221476510067,0.7659574468085106,0.7591973244147158,0.7681539807524059,0.6734963648380701,0.7448805460750854,0.7407407407407407,0.7421007685738685,0.8237704918032787,0.9878542510121457,0.8415094339622642,0.8372093023255814,0.8730769230769231,0.8524271844660194,0.9922103213242454,0.865213082259663,0.8661417322834646,0.8570019723865878,0.658720688939614,0.5842497061512342,0.6470320892439059,0.6878354203935599,0.6812193126022913,0.6961788700107874,0.5695075786241262,0.6821877806608196,0.6724955700334412,0.673863549431068,"{'cls__algorithm': 'SAMME', 'cls__learning_rate': 0.1, 'cls__n_estimators': 10, 'cls__random_state': 42}",ada,none,simple,none,none,0.791941520590975
111.0,91.0,68.0,99.0,100.0,408.0,316.0,339.0,422.0,421.0,47.0,64.0,69.0,44.0,41.0,168.0,263.0,258.0,169.0,172.0,63.0,27.0,41.0,71.0,81.0,306.0,156.0,142.0,286.0,276.0,181.0,220.0,224.0,187.0,179.0,724.0,871.0,867.0,730.0,738.0,0.766949152542373,0.8286252354048965,0.8028673835125449,0.7648261758691206,0.7458333333333332,0.7533818938605619,0.8061082832022212,0.8125585754451734,0.7624020887728459,0.7671517671517671,0.7263681592039801,0.7736318407960199,0.7263681592039801,0.713216957605985,0.6957605985037406,0.7048567870485679,0.7391033623910336,0.75093399750934,0.716863721219664,0.7212196639701307,0.793859649122807,0.7746478873239436,0.764505119453925,0.8095238095238095,0.8136363636363636,0.8116591928251121,0.7680776014109347,0.7706666666666667,0.8120133481646273,0.810989010989011,0.7418032786885246,0.8906882591093117,0.8452830188679246,0.7248062015503876,0.6884615384615385,0.7029126213592233,0.8481012658227848,0.8592666005946482,0.718503937007874,0.727810650887574,0.7221674621290725,0.7388925166514301,0.670816691915714,0.7085569469290399,0.6988406983087834,0.7056229773462782,0.69693491615837,0.7135528982872739,0.7162739651198423,0.7188800303341748,"{'cls__algorithm': 'SAMME', 'cls__learning_rate': 0.5, 'cls__n_estimators': 50, 'cls__random_state': 42, 'os__random_state': 42}",ada,none,simple,none,smote,0.7818202561324535
111.0,91.0,67.0,99.0,100.0,407.0,315.0,339.0,422.0,421.0,47.0,64.0,70.0,44.0,41.0,169.0,264.0,258.0,169.0,172.0,63.0,27.0,41.0,71.0,81.0,305.0,155.0,141.0,286.0,276.0,181.0,220.0,224.0,187.0,179.0,725.0,872.0,868.0,730.0,738.0,0.766949152542373,0.8286252354048965,0.8014311270125223,0.7648261758691206,0.7458333333333332,0.7536382536382535,0.8062875635691169,0.8131147540983606,0.7624020887728459,0.7671517671517671,0.7263681592039801,0.7736318407960199,0.7238805970149254,0.713216957605985,0.6957605985037406,0.7048567870485679,0.7391033623910336,0.7515566625155666,0.716863721219664,0.7212196639701307,0.793859649122807,0.7746478873239436,0.7619047619047619,0.8095238095238095,0.8136363636363636,0.8109619686800895,0.7676056338028169,0.7708703374777975,0.8120133481646273,0.810989010989011,0.7418032786885246,0.8906882591093117,0.8452830188679246,0.7248062015503876,0.6884615384615385,0.7038834951456311,0.8490749756572541,0.8602576808721506,0.718503937007874,0.727810650887574,0.7221674621290725,0.7388925166514301,0.6671670568792177,0.7085569469290399,0.6988406983087834,0.7052403586839266,0.696558213217228,0.714048438426025,0.7162739651198423,0.7188800303341748,"{'cls__algorithm': 'SAMME', 'cls__learning_rate': 0.1, 'cls__n_estimators': 100, 'cls__random_state': 42, 'os__random_state': 42}",ada,none,simple,none,smote,0.7815330048324491
0.0,0.0,0.0,0.0,0.0,0.0,0.0,0.0,0.0,0.0,101.0,103.0,94.0,99.0,94.0,390.0,388.0,397.0,392.0,397.0,0.0,0.0,0.0,0.0,0.0,0.0,0.0,0.0,0.0,0.0,172.0,170.0,179.0,174.0,178.0,701.0,703.0,694.0,699.0,695.0,0.7730337078651686,0.7674943566591422,0.7920353982300885,0.7785234899328859,0.7911111111111112,0.7823660714285715,0.7837235228539576,0.7775910364145658,0.7810055865921788,0.7778399552322328,0.63003663003663,0.6227106227106227,0.6556776556776557,0.6373626373626373,0.6544117647058824,0.6425297891842346,0.6443629697525206,0.6361136571952337,0.6406966086159487,0.6364468864468864,0.63003663003663,0.6227106227106227,0.6556776556776557,0.6373626373626373,0.6544117647058824,0.6425297891842346,0.6443629697525206,0.6361136571952337,0.6406966086159487,0.6364468864468864,1.0,1.0,1.0,1.0,1.0,1.0,1.0,1.0,1.0,1.0,0.5,0.5,0.5,0.5,0.5,0.5,0.5,0.5,0.5,0.5,"{'cls__hidden_layer_sizes': (100,), 'cls__learning_rate': 'adaptive', 'cls__learning_rate_init': 1e-05, 'cls__max_iter': 1000, 'cls__n_iter_no_change': 5, 'cls__random_state': 42}",mlp,iforest,simple,none,none,0.7804396127596794
0.0,0.0,0.0,0.0,0.0,0.0,0.0,0.0,0.0,0.0,101.0,103.0,94.0,99.0,94.0,390.0,388.0,397.0,392.0,397.0,0.0,0.0,0.0,0.0,0.0,0.0,0.0,0.0,0.0,0.0,172.0,170.0,179.0,174.0,178.0,701.0,703.0,694.0,699.0,695.0,0.7730337078651686,0.7674943566591422,0.7920353982300885,0.7785234899328859,0.7911111111111112,0.7823660714285715,0.7837235228539576,0.7775910364145658,0.7810055865921788,0.7778399552322328,0.63003663003663,0.6227106227106227,0.6556776556776557,0.6373626373626373,0.6544117647058824,0.6425297891842346,0.6443629697525206,0.6361136571952337,0.6406966086159487,0.6364468864468864,0.63003663003663,0.6227106227106227,0.6556776556776557,0.6373626373626373,0.6544117647058824,0.6425297891842346,0.6443629697525206,0.6361136571952337,0.6406966086159487,0.6364468864468864,1.0,1.0,1.0,1.0,1.0,1.0,1.0,1.0,1.0,1.0,0.5,0.5,0.5,0.5,0.5,0.5,0.5,0.5,0.5,0.5,"{'cls__hidden_layer_sizes': (100,), 'cls__learning_rate': 'adaptive', 'cls__learning_rate_init': 1e-05, 'cls__max_iter': 1000, 'cls__n_iter_no_change': 5, 'cls__random_state': 42}",mlp,iforest,simple,minmax,none,0.7804396127596794
0.0,0.0,0.0,0.0,0.0,0.0,0.0,0.0,0.0,0.0,101.0,103.0,94.0,99.0,94.0,390.0,388.0,397.0,392.0,397.0,0.0,0.0,0.0,0.0,0.0,0.0,0.0,0.0,0.0,0.0,172.0,170.0,179.0,174.0,178.0,701.0,703.0,694.0,699.0,695.0,0.7730337078651686,0.7674943566591422,0.7920353982300885,0.7785234899328859,0.7911111111111112,0.7823660714285715,0.7837235228539576,0.7775910364145658,0.7810055865921788,0.7778399552322328,0.63003663003663,0.6227106227106227,0.6556776556776557,0.6373626373626373,0.6544117647058824,0.6425297891842346,0.6443629697525206,0.6361136571952337,0.6406966086159487,0.6364468864468864,0.63003663003663,0.6227106227106227,0.6556776556776557,0.6373626373626373,0.6544117647058824,0.6425297891842346,0.6443629697525206,0.6361136571952337,0.6406966086159487,0.6364468864468864,1.0,1.0,1.0,1.0,1.0,1.0,1.0,1.0,1.0,1.0,0.5,0.5,0.5,0.5,0.5,0.5,0.5,0.5,0.5,0.5,"{'cls__hidden_layer_sizes': (100,), 'cls__learning_rate': 'adaptive', 'cls__learning_rate_init': 1e-05, 'cls__max_iter': 1000, 'cls__n_iter_no_change': 5, 'cls__random_state': 42}",mlp,iforest,simple,standard,none,0.7804396127596794
44.0,38.0,38.0,34.0,37.0,147.0,153.0,153.0,157.0,154.0,57.0,65.0,56.0,65.0,57.0,243.0,235.0,244.0,235.0,243.0,20.0,22.0,32.0,31.0,29.0,114.0,112.0,102.0,103.0,105.0,152.0,148.0,147.0,143.0,149.0,587.0,591.0,592.0,596.0,590.0,0.7979002624671917,0.7728459530026109,0.7696335078534031,0.7486910994764397,0.7760416666666666,0.766819072501633,0.7730542838456507,0.7738562091503268,0.7790849673202616,0.7722513089005235,0.717948717948718,0.6813186813186813,0.6776556776556777,0.6483516483516484,0.6838235294117647,0.6727772685609532,0.6819431714023831,0.6828597616865261,0.69019248395967,0.6813186813186813,0.7272727272727273,0.6948356807511737,0.7241379310344828,0.6875,0.7233009708737864,0.7072289156626506,0.715496368038741,0.7081339712918661,0.717208182912154,0.7082833133253301,0.8837209302325582,0.8705882352941177,0.8212290502793296,0.8218390804597702,0.8370786516853933,0.8373751783166904,0.8406827880512091,0.8530259365994236,0.8526466380543634,0.8489208633093526,0.659682247294497,0.6197601370645345,0.6127421847141329,0.5826367119470568,0.6153478364809944,0.6071491276198837,0.6175063424792129,0.6192081824055051,0.626578421067998,0.6184150916042985,{},nb,iforest,simple,none,none,0.7730224978932625
44.0,38.0,38.0,34.0,37.0,147.0,153.0,153.0,157.0,154.0,57.0,65.0,56.0,65.0,57.0,243.0,235.0,244.0,235.0,243.0,20.0,22.0,32.0,31.0,29.0,114.0,112.0,102.0,103.0,105.0,152.0,148.0,147.0,143.0,149.0,587.0,591.0,592.0,596.0,590.0,0.7979002624671917,0.7728459530026109,0.7696335078534031,0.7486910994764397,0.7760416666666666,0.766819072501633,0.7730542838456507,0.7738562091503268,0.7790849673202616,0.7722513089005235,0.717948717948718,0.6813186813186813,0.6776556776556777,0.6483516483516484,0.6838235294117647,0.6727772685609532,0.6819431714023831,0.6828597616865261,0.69019248395967,0.6813186813186813,0.7272727272727273,0.6948356807511737,0.7241379310344828,0.6875,0.7233009708737864,0.7072289156626506,0.715496368038741,0.7081339712918661,0.717208182912154,0.7082833133253301,0.8837209302325582,0.8705882352941177,0.8212290502793296,0.8218390804597702,0.8370786516853933,0.8373751783166904,0.8406827880512091,0.8530259365994236,0.8526466380543634,0.8489208633093526,0.659682247294497,0.6197601370645345,0.6127421847141329,0.5826367119470568,0.6153478364809944,0.6071491276198837,0.6175063424792129,0.6192081824055051,0.626578421067998,0.6184150916042985,"{'cls__algorithm': 'SAMME', 'cls__learning_rate': 1.0, 'cls__n_estimators': 100, 'cls__random_state': 42}",ada,iforest,simple,none,none,0.7730224978932625
44.0,38.0,38.0,34.0,37.0,147.0,153.0,153.0,157.0,154.0,57.0,65.0,56.0,65.0,57.0,243.0,235.0,244.0,235.0,243.0,20.0,22.0,32.0,31.0,29.0,114.0,112.0,102.0,103.0,105.0,152.0,148.0,147.0,143.0,149.0,587.0,591.0,592.0,596.0,590.0,0.7979002624671917,0.7728459530026109,0.7696335078534031,0.7486910994764397,0.7760416666666666,0.766819072501633,0.7730542838456507,0.7738562091503268,0.7790849673202616,0.7722513089005235,0.717948717948718,0.6813186813186813,0.6776556776556777,0.6483516483516484,0.6838235294117647,0.6727772685609532,0.6819431714023831,0.6828597616865261,0.69019248395967,0.6813186813186813,0.7272727272727273,0.6948356807511737,0.7241379310344828,0.6875,0.7233009708737864,0.7072289156626506,0.715496368038741,0.7081339712918661,0.717208182912154,0.7082833133253301,0.8837209302325582,0.8705882352941177,0.8212290502793296,0.8218390804597702,0.8370786516853933,0.8373751783166904,0.8406827880512091,0.8530259365994236,0.8526466380543634,0.8489208633093526,0.659682247294497,0.6197601370645345,0.6127421847141329,0.5826367119470568,0.6153478364809944,0.6071491276198837,0.6175063424792129,0.6192081824055051,0.626578421067998,0.6184150916042985,"{'cls__hidden_layer_sizes': (100,), 'cls__learning_rate': 'adaptive', 'cls__learning_rate_init': 1e-05, 'cls__max_iter': 1000, 'cls__n_iter_no_change': 5, 'cls__random_state': 42, 'os__random_state': 42}",mlp,iforest,simple,standard,smote,0.7730224978932625
44.0,38.0,38.0,34.0,37.0,147.0,153.0,153.0,157.0,154.0,57.0,65.0,56.0,65.0,57.0,243.0,235.0,244.0,235.0,243.0,20.0,22.0,32.0,31.0,29.0,114.0,112.0,102.0,103.0,105.0,152.0,148.0,147.0,143.0,149.0,587.0,591.0,592.0,596.0,590.0,0.7979002624671917,0.7728459530026109,0.7696335078534031,0.7486910994764397,0.7760416666666666,0.766819072501633,0.7730542838456507,0.7738562091503268,0.7790849673202616,0.7722513089005235,0.717948717948718,0.6813186813186813,0.6776556776556777,0.6483516483516484,0.6838235294117647,0.6727772685609532,0.6819431714023831,0.6828597616865261,0.69019248395967,0.6813186813186813,0.7272727272727273,0.6948356807511737,0.7241379310344828,0.6875,0.7233009708737864,0.7072289156626506,0.715496368038741,0.7081339712918661,0.717208182912154,0.7082833133253301,0.8837209302325582,0.8705882352941177,0.8212290502793296,0.8218390804597702,0.8370786516853933,0.8373751783166904,0.8406827880512091,0.8530259365994236,0.8526466380543634,0.8489208633093526,0.659682247294497,0.6197601370645345,0.6127421847141329,0.5826367119470568,0.6153478364809944,0.6071491276198837,0.6175063424792129,0.6192081824055051,0.626578421067998,0.6184150916042985,"{'cls__C': 0.1, 'cls__probability': True, 'cls__random_state': 42}",svc,iforest,simple,none,none,0.7730224978932625
44.0,38.0,38.0,34.0,37.0,147.0,153.0,153.0,157.0,154.0,57.0,65.0,56.0,65.0,57.0,243.0,235.0,244.0,235.0,243.0,20.0,22.0,32.0,31.0,29.0,114.0,112.0,102.0,103.0,105.0,152.0,148.0,147.0,143.0,149.0,587.0,591.0,592.0,596.0,590.0,0.7979002624671917,0.7728459530026109,0.7696335078534031,0.7486910994764397,0.7760416666666666,0.766819072501633,0.7730542838456507,0.7738562091503268,0.7790849673202616,0.7722513089005235,0.717948717948718,0.6813186813186813,0.6776556776556777,0.6483516483516484,0.6838235294117647,0.6727772685609532,0.6819431714023831,0.6828597616865261,0.69019248395967,0.6813186813186813,0.7272727272727273,0.6948356807511737,0.7241379310344828,0.6875,0.7233009708737864,0.7072289156626506,0.715496368038741,0.7081339712918661,0.717208182912154,0.7082833133253301,0.8837209302325582,0.8705882352941177,0.8212290502793296,0.8218390804597702,0.8370786516853933,0.8373751783166904,0.8406827880512091,0.8530259365994236,0.8526466380543634,0.8489208633093526,0.659682247294497,0.6197601370645345,0.6127421847141329,0.5826367119470568,0.6153478364809944,0.6071491276198837,0.6175063424792129,0.6192081824055051,0.626578421067998,0.6184150916042985,"{'cls__C': 1, 'cls__probability': True, 'cls__random_state': 42}",svc,iforest,simple,none,none,0.7730224978932625
44.0,38.0,38.0,34.0,37.0,147.0,153.0,153.0,157.0,154.0,57.0,65.0,56.0,65.0,57.0,243.0,235.0,244.0,235.0,243.0,20.0,22.0,32.0,31.0,29.0,114.0,112.0,102.0,103.0,105.0,152.0,148.0,147.0,143.0,149.0,587.0,591.0,592.0,596.0,590.0,0.7979002624671917,0.7728459530026109,0.7696335078534031,0.7486910994764397,0.7760416666666666,0.766819072501633,0.7730542838456507,0.7738562091503268,0.7790849673202616,0.7722513089005235,0.717948717948718,0.6813186813186813,0.6776556776556777,0.6483516483516484,0.6838235294117647,0.6727772685609532,0.6819431714023831,0.6828597616865261,0.69019248395967,0.6813186813186813,0.7272727272727273,0.6948356807511737,0.7241379310344828,0.6875,0.7233009708737864,0.7072289156626506,0.715496368038741,0.7081339712918661,0.717208182912154,0.7082833133253301,0.8837209302325582,0.8705882352941177,0.8212290502793296,0.8218390804597702,0.8370786516853933,0.8373751783166904,0.8406827880512091,0.8530259365994236,0.8526466380543634,0.8489208633093526,0.659682247294497,0.6197601370645345,0.6127421847141329,0.5826367119470568,0.6153478364809944,0.6071491276198837,0.6175063424792129,0.6192081824055051,0.626578421067998,0.6184150916042985,"{'cls__C': 10, 'cls__probability': True, 'cls__random_state': 42}",svc,iforest,simple,none,none,0.7730224978932625
44.0,38.0,38.0,34.0,37.0,147.0,153.0,153.0,157.0,154.0,57.0,65.0,56.0,65.0,57.0,243.0,235.0,244.0,235.0,243.0,20.0,22.0,32.0,31.0,29.0,114.0,112.0,102.0,103.0,105.0,152.0,148.0,147.0,143.0,149.0,587.0,591.0,592.0,596.0,590.0,0.7979002624671917,0.7728459530026109,0.7696335078534031,0.7486910994764397,0.7760416666666666,0.766819072501633,0.7730542838456507,0.7738562091503268,0.7790849673202616,0.7722513089005235,0.717948717948718,0.6813186813186813,0.6776556776556777,0.6483516483516484,0.6838235294117647,0.6727772685609532,0.6819431714023831,0.6828597616865261,0.69019248395967,0.6813186813186813,0.7272727272727273,0.6948356807511737,0.7241379310344828,0.6875,0.7233009708737864,0.7072289156626506,0.715496368038741,0.7081339712918661,0.717208182912154,0.7082833133253301,0.8837209302325582,0.8705882352941177,0.8212290502793296,0.8218390804597702,0.8370786516853933,0.8373751783166904,0.8406827880512091,0.8530259365994236,0.8526466380543634,0.8489208633093526,0.659682247294497,0.6197601370645345,0.6127421847141329,0.5826367119470568,0.6153478364809944,0.6071491276198837,0.6175063424792129,0.6192081824055051,0.626578421067998,0.6184150916042985,"{'cls__criterion': 'gini', 'cls__max_depth': 2, 'cls__max_features': 'log2', 'cls__random_state': 42}",rf,iforest,simple,none,none,0.7730224978932625
44.0,38.0,38.0,34.0,37.0,147.0,153.0,153.0,157.0,154.0,57.0,65.0,56.0,65.0,57.0,243.0,235.0,244.0,235.0,243.0,20.0,22.0,32.0,31.0,29.0,114.0,112.0,102.0,103.0,105.0,152.0,148.0,147.0,143.0,149.0,587.0,591.0,592.0,596.0,590.0,0.7979002624671917,0.7728459530026109,0.7696335078534031,0.7486910994764397,0.7760416666666666,0.766819072501633,0.7730542838456507,0.7738562091503268,0.7790849673202616,0.7722513089005235,0.717948717948718,0.6813186813186813,0.6776556776556777,0.6483516483516484,0.6838235294117647,0.6727772685609532,0.6819431714023831,0.6828597616865261,0.69019248395967,0.6813186813186813,0.7272727272727273,0.6948356807511737,0.7241379310344828,0.6875,0.7233009708737864,0.7072289156626506,0.715496368038741,0.7081339712918661,0.717208182912154,0.7082833133253301,0.8837209302325582,0.8705882352941177,0.8212290502793296,0.8218390804597702,0.8370786516853933,0.8373751783166904,0.8406827880512091,0.8530259365994236,0.8526466380543634,0.8489208633093526,0.659682247294497,0.6197601370645345,0.6127421847141329,0.5826367119470568,0.6153478364809944,0.6071491276198837,0.6175063424792129,0.6192081824055051,0.626578421067998,0.6184150916042985,"{'cls__criterion': 'gini', 'cls__max_depth': 4, 'cls__max_features': 'log2', 'cls__random_state': 42}",rf,iforest,simple,none,none,0.7730224978932625
44.0,38.0,38.0,34.0,37.0,147.0,153.0,153.0,157.0,154.0,57.0,65.0,56.0,65.0,57.0,243.0,235.0,244.0,235.0,243.0,20.0,22.0,32.0,31.0,29.0,114.0,112.0,102.0,103.0,105.0,152.0,148.0,147.0,143.0,149.0,587.0,591.0,592.0,596.0,590.0,0.7979002624671917,0.7728459530026109,0.7696335078534031,0.7486910994764397,0.7760416666666666,0.766819072501633,0.7730542838456507,0.7738562091503268,0.7790849673202616,0.7722513089005235,0.717948717948718,0.6813186813186813,0.6776556776556777,0.6483516483516484,0.6838235294117647,0.6727772685609532,0.6819431714023831,0.6828597616865261,0.69019248395967,0.6813186813186813,0.7272727272727273,0.6948356807511737,0.7241379310344828,0.6875,0.7233009708737864,0.7072289156626506,0.715496368038741,0.7081339712918661,0.717208182912154,0.7082833133253301,0.8837209302325582,0.8705882352941177,0.8212290502793296,0.8218390804597702,0.8370786516853933,0.8373751783166904,0.8406827880512091,0.8530259365994236,0.8526466380543634,0.8489208633093526,0.659682247294497,0.6197601370645345,0.6127421847141329,0.5826367119470568,0.6153478364809944,0.6071491276198837,0.6175063424792129,0.6192081824055051,0.626578421067998,0.6184150916042985,"{'cls__hidden_layer_sizes': (100,), 'cls__learning_rate': 'adaptive', 'cls__learning_rate_init': 0.001, 'cls__max_iter': 1000, 'cls__n_iter_no_change': 5, 'cls__random_state': 42}",mlp,iforest,simple,none,none,0.7730224978932625
44.0,38.0,38.0,34.0,37.0,147.0,153.0,153.0,157.0,154.0,57.0,65.0,56.0,65.0,57.0,243.0,235.0,244.0,235.0,243.0,20.0,22.0,32.0,31.0,29.0,114.0,112.0,102.0,103.0,105.0,152.0,148.0,147.0,143.0,149.0,587.0,591.0,592.0,596.0,590.0,0.7979002624671917,0.7728459530026109,0.7696335078534031,0.7486910994764397,0.7760416666666666,0.766819072501633,0.7730542838456507,0.7738562091503268,0.7790849673202616,0.7722513089005235,0.717948717948718,0.6813186813186813,0.6776556776556777,0.6483516483516484,0.6838235294117647,0.6727772685609532,0.6819431714023831,0.6828597616865261,0.69019248395967,0.6813186813186813,0.7272727272727273,0.6948356807511737,0.7241379310344828,0.6875,0.7233009708737864,0.7072289156626506,0.715496368038741,0.7081339712918661,0.717208182912154,0.7082833133253301,0.8837209302325582,0.8705882352941177,0.8212290502793296,0.8218390804597702,0.8370786516853933,0.8373751783166904,0.8406827880512091,0.8530259365994236,0.8526466380543634,0.8489208633093526,0.659682247294497,0.6197601370645345,0.6127421847141329,0.5826367119470568,0.6153478364809944,0.6071491276198837,0.6175063424792129,0.6192081824055051,0.626578421067998,0.6184150916042985,"{'cls__criterion': 'entropy', 'cls__max_depth': 2, 'cls__max_features': 'log2', 'cls__random_state': 42}",rf,iforest,simple,none,none,0.7730224978932625
44.0,38.0,38.0,34.0,37.0,147.0,153.0,153.0,157.0,154.0,57.0,65.0,56.0,65.0,57.0,243.0,235.0,244.0,235.0,243.0,20.0,22.0,32.0,31.0,29.0,114.0,112.0,102.0,103.0,105.0,152.0,148.0,147.0,143.0,149.0,587.0,591.0,592.0,596.0,590.0,0.7979002624671917,0.7728459530026109,0.7696335078534031,0.7486910994764397,0.7760416666666666,0.766819072501633,0.7730542838456507,0.7738562091503268,0.7790849673202616,0.7722513089005235,0.717948717948718,0.6813186813186813,0.6776556776556777,0.6483516483516484,0.6838235294117647,0.6727772685609532,0.6819431714023831,0.6828597616865261,0.69019248395967,0.6813186813186813,0.7272727272727273,0.6948356807511737,0.7241379310344828,0.6875,0.7233009708737864,0.7072289156626506,0.715496368038741,0.7081339712918661,0.717208182912154,0.7082833133253301,0.8837209302325582,0.8705882352941177,0.8212290502793296,0.8218390804597702,0.8370786516853933,0.8373751783166904,0.8406827880512091,0.8530259365994236,0.8526466380543634,0.8489208633093526,0.659682247294497,0.6197601370645345,0.6127421847141329,0.5826367119470568,0.6153478364809944,0.6071491276198837,0.6175063424792129,0.6192081824055051,0.626578421067998,0.6184150916042985,"{'cls__criterion': 'entropy', 'cls__max_depth': 4, 'cls__max_features': 'log2', 'cls__random_state': 42}",rf,iforest,simple,none,none,0.7730224978932625
44.0,38.0,38.0,34.0,37.0,147.0,153.0,153.0,157.0,154.0,57.0,65.0,56.0,65.0,57.0,243.0,235.0,244.0,235.0,243.0,20.0,22.0,32.0,31.0,29.0,114.0,112.0,102.0,103.0,105.0,152.0,148.0,147.0,143.0,149.0,587.0,591.0,592.0,596.0,590.0,0.7979002624671917,0.7728459530026109,0.7696335078534031,0.7486910994764397,0.7760416666666666,0.766819072501633,0.7730542838456507,0.7738562091503268,0.7790849673202616,0.7722513089005235,0.717948717948718,0.6813186813186813,0.6776556776556777,0.6483516483516484,0.6838235294117647,0.6727772685609532,0.6819431714023831,0.6828597616865261,0.69019248395967,0.6813186813186813,0.7272727272727273,0.6948356807511737,0.7241379310344828,0.6875,0.7233009708737864,0.7072289156626506,0.715496368038741,0.7081339712918661,0.717208182912154,0.7082833133253301,0.8837209302325582,0.8705882352941177,0.8212290502793296,0.8218390804597702,0.8370786516853933,0.8373751783166904,0.8406827880512091,0.8530259365994236,0.8526466380543634,0.8489208633093526,0.659682247294497,0.6197601370645345,0.6127421847141329,0.5826367119470568,0.6153478364809944,0.6071491276198837,0.6175063424792129,0.6192081824055051,0.626578421067998,0.6184150916042985,"{'cls__criterion': 'entropy', 'cls__max_depth': None, 'cls__max_features': 'log2', 'cls__random_state': 42}",rf,iforest,simple,none,none,0.7730224978932625
44.0,38.0,38.0,34.0,37.0,147.0,153.0,153.0,157.0,154.0,57.0,65.0,56.0,65.0,57.0,243.0,235.0,244.0,235.0,243.0,20.0,22.0,32.0,31.0,29.0,114.0,112.0,102.0,103.0,105.0,152.0,148.0,147.0,143.0,149.0,587.0,591.0,592.0,596.0,590.0,0.7979002624671917,0.7728459530026109,0.7696335078534031,0.7486910994764397,0.7760416666666666,0.766819072501633,0.7730542838456507,0.7738562091503268,0.7790849673202616,0.7722513089005235,0.717948717948718,0.6813186813186813,0.6776556776556777,0.6483516483516484,0.6838235294117647,0.6727772685609532,0.6819431714023831,0.6828597616865261,0.69019248395967,0.6813186813186813,0.7272727272727273,0.6948356807511737,0.7241379310344828,0.6875,0.7233009708737864,0.7072289156626506,0.715496368038741,0.7081339712918661,0.717208182912154,0.7082833133253301,0.8837209302325582,0.8705882352941177,0.8212290502793296,0.8218390804597702,0.8370786516853933,0.8373751783166904,0.8406827880512091,0.8530259365994236,0.8526466380543634,0.8489208633093526,0.659682247294497,0.6197601370645345,0.6127421847141329,0.5826367119470568,0.6153478364809944,0.6071491276198837,0.6175063424792129,0.6192081824055051,0.626578421067998,0.6184150916042985,"{'cls__algorithm': 'SAMME', 'cls__learning_rate': 0.1, 'cls__n_estimators': 10, 'cls__random_state': 42}",ada,iforest,simple,none,none,0.7730224978932625
44.0,38.0,38.0,34.0,37.0,147.0,153.0,153.0,157.0,154.0,57.0,65.0,56.0,65.0,57.0,243.0,235.0,244.0,235.0,243.0,20.0,22.0,32.0,31.0,29.0,114.0,112.0,102.0,103.0,105.0,152.0,148.0,147.0,143.0,149.0,587.0,591.0,592.0,596.0,590.0,0.7979002624671917,0.7728459530026109,0.7696335078534031,0.7486910994764397,0.7760416666666666,0.766819072501633,0.7730542838456507,0.7738562091503268,0.7790849673202616,0.7722513089005235,0.717948717948718,0.6813186813186813,0.6776556776556777,0.6483516483516484,0.6838235294117647,0.6727772685609532,0.6819431714023831,0.6828597616865261,0.69019248395967,0.6813186813186813,0.7272727272727273,0.6948356807511737,0.7241379310344828,0.6875,0.7233009708737864,0.7072289156626506,0.715496368038741,0.7081339712918661,0.717208182912154,0.7082833133253301,0.8837209302325582,0.8705882352941177,0.8212290502793296,0.8218390804597702,0.8370786516853933,0.8373751783166904,0.8406827880512091,0.8530259365994236,0.8526466380543634,0.8489208633093526,0.659682247294497,0.6197601370645345,0.6127421847141329,0.5826367119470568,0.6153478364809944,0.6071491276198837,0.6175063424792129,0.6192081824055051,0.626578421067998,0.6184150916042985,"{'cls__algorithm': 'SAMME', 'cls__learning_rate': 0.1, 'cls__n_estimators': 50, 'cls__random_state': 42}",ada,iforest,simple,none,none,0.7730224978932625
44.0,38.0,38.0,34.0,37.0,147.0,153.0,153.0,157.0,154.0,57.0,65.0,56.0,65.0,57.0,243.0,235.0,244.0,235.0,243.0,20.0,22.0,32.0,31.0,29.0,114.0,112.0,102.0,103.0,105.0,152.0,148.0,147.0,143.0,149.0,587.0,591.0,592.0,596.0,590.0,0.7979002624671917,0.7728459530026109,0.7696335078534031,0.7486910994764397,0.7760416666666666,0.766819072501633,0.7730542838456507,0.7738562091503268,0.7790849673202616,0.7722513089005235,0.717948717948718,0.6813186813186813,0.6776556776556777,0.6483516483516484,0.6838235294117647,0.6727772685609532,0.6819431714023831,0.6828597616865261,0.69019248395967,0.6813186813186813,0.7272727272727273,0.6948356807511737,0.7241379310344828,0.6875,0.7233009708737864,0.7072289156626506,0.715496368038741,0.7081339712918661,0.717208182912154,0.7082833133253301,0.8837209302325582,0.8705882352941177,0.8212290502793296,0.8218390804597702,0.8370786516853933,0.8373751783166904,0.8406827880512091,0.8530259365994236,0.8526466380543634,0.8489208633093526,0.659682247294497,0.6197601370645345,0.6127421847141329,0.5826367119470568,0.6153478364809944,0.6071491276198837,0.6175063424792129,0.6192081824055051,0.626578421067998,0.6184150916042985,"{'cls__algorithm': 'SAMME', 'cls__learning_rate': 0.1, 'cls__n_estimators': 100, 'cls__random_state': 42}",ada,iforest,simple,none,none,0.7730224978932625
44.0,38.0,38.0,34.0,37.0,147.0,153.0,153.0,157.0,154.0,57.0,65.0,56.0,65.0,57.0,243.0,235.0,244.0,235.0,243.0,20.0,22.0,32.0,31.0,29.0,114.0,112.0,102.0,103.0,105.0,152.0,148.0,147.0,143.0,149.0,587.0,591.0,592.0,596.0,590.0,0.7979002624671917,0.7728459530026109,0.7696335078534031,0.7486910994764397,0.7760416666666666,0.766819072501633,0.7730542838456507,0.7738562091503268,0.7790849673202616,0.7722513089005235,0.717948717948718,0.6813186813186813,0.6776556776556777,0.6483516483516484,0.6838235294117647,0.6727772685609532,0.6819431714023831,0.6828597616865261,0.69019248395967,0.6813186813186813,0.7272727272727273,0.6948356807511737,0.7241379310344828,0.6875,0.7233009708737864,0.7072289156626506,0.715496368038741,0.7081339712918661,0.717208182912154,0.7082833133253301,0.8837209302325582,0.8705882352941177,0.8212290502793296,0.8218390804597702,0.8370786516853933,0.8373751783166904,0.8406827880512091,0.8530259365994236,0.8526466380543634,0.8489208633093526,0.659682247294497,0.6197601370645345,0.6127421847141329,0.5826367119470568,0.6153478364809944,0.6071491276198837,0.6175063424792129,0.6192081824055051,0.626578421067998,0.6184150916042985,"{'cls__hidden_layer_sizes': (100,), 'cls__learning_rate': 'adaptive', 'cls__learning_rate_init': 0.0001, 'cls__max_iter': 1000, 'cls__n_iter_no_change': 5, 'cls__random_state': 42}",mlp,iforest,simple,none,none,0.7730224978932625
44.0,38.0,38.0,34.0,37.0,147.0,153.0,153.0,157.0,154.0,57.0,65.0,56.0,65.0,57.0,243.0,235.0,244.0,235.0,243.0,20.0,22.0,32.0,31.0,29.0,114.0,112.0,102.0,103.0,105.0,152.0,148.0,147.0,143.0,149.0,587.0,591.0,592.0,596.0,590.0,0.7979002624671917,0.7728459530026109,0.7696335078534031,0.7486910994764397,0.7760416666666666,0.766819072501633,0.7730542838456507,0.7738562091503268,0.7790849673202616,0.7722513089005235,0.717948717948718,0.6813186813186813,0.6776556776556777,0.6483516483516484,0.6838235294117647,0.6727772685609532,0.6819431714023831,0.6828597616865261,0.69019248395967,0.6813186813186813,0.7272727272727273,0.6948356807511737,0.7241379310344828,0.6875,0.7233009708737864,0.7072289156626506,0.715496368038741,0.7081339712918661,0.717208182912154,0.7082833133253301,0.8837209302325582,0.8705882352941177,0.8212290502793296,0.8218390804597702,0.8370786516853933,0.8373751783166904,0.8406827880512091,0.8530259365994236,0.8526466380543634,0.8489208633093526,0.659682247294497,0.6197601370645345,0.6127421847141329,0.5826367119470568,0.6153478364809944,0.6071491276198837,0.6175063424792129,0.6192081824055051,0.626578421067998,0.6184150916042985,"{'cls__algorithm': 'SAMME', 'cls__learning_rate': 0.5, 'cls__n_estimators': 10, 'cls__random_state': 42}",ada,iforest,simple,none,none,0.7730224978932625
44.0,38.0,38.0,34.0,37.0,147.0,153.0,153.0,157.0,154.0,57.0,65.0,56.0,65.0,57.0,243.0,235.0,244.0,235.0,243.0,20.0,22.0,32.0,31.0,29.0,114.0,112.0,102.0,103.0,105.0,152.0,148.0,147.0,143.0,149.0,587.0,591.0,592.0,596.0,590.0,0.7979002624671917,0.7728459530026109,0.7696335078534031,0.7486910994764397,0.7760416666666666,0.766819072501633,0.7730542838456507,0.7738562091503268,0.7790849673202616,0.7722513089005235,0.717948717948718,0.6813186813186813,0.6776556776556777,0.6483516483516484,0.6838235294117647,0.6727772685609532,0.6819431714023831,0.6828597616865261,0.69019248395967,0.6813186813186813,0.7272727272727273,0.6948356807511737,0.7241379310344828,0.6875,0.7233009708737864,0.7072289156626506,0.715496368038741,0.7081339712918661,0.717208182912154,0.7082833133253301,0.8837209302325582,0.8705882352941177,0.8212290502793296,0.8218390804597702,0.8370786516853933,0.8373751783166904,0.8406827880512091,0.8530259365994236,0.8526466380543634,0.8489208633093526,0.659682247294497,0.6197601370645345,0.6127421847141329,0.5826367119470568,0.6153478364809944,0.6071491276198837,0.6175063424792129,0.6192081824055051,0.626578421067998,0.6184150916042985,"{'cls__algorithm': 'SAMME', 'cls__learning_rate': 0.5, 'cls__n_estimators': 50, 'cls__random_state': 42}",ada,iforest,simple,none,none,0.7730224978932625
44.0,38.0,38.0,34.0,37.0,147.0,153.0,153.0,157.0,154.0,57.0,65.0,56.0,65.0,57.0,243.0,235.0,244.0,235.0,243.0,20.0,22.0,32.0,31.0,29.0,114.0,112.0,102.0,103.0,105.0,152.0,148.0,147.0,143.0,149.0,587.0,591.0,592.0,596.0,590.0,0.7979002624671917,0.7728459530026109,0.7696335078534031,0.7486910994764397,0.7760416666666666,0.766819072501633,0.7730542838456507,0.7738562091503268,0.7790849673202616,0.7722513089005235,0.717948717948718,0.6813186813186813,0.6776556776556777,0.6483516483516484,0.6838235294117647,0.6727772685609532,0.6819431714023831,0.6828597616865261,0.69019248395967,0.6813186813186813,0.7272727272727273,0.6948356807511737,0.7241379310344828,0.6875,0.7233009708737864,0.7072289156626506,0.715496368038741,0.7081339712918661,0.717208182912154,0.7082833133253301,0.8837209302325582,0.8705882352941177,0.8212290502793296,0.8218390804597702,0.8370786516853933,0.8373751783166904,0.8406827880512091,0.8530259365994236,0.8526466380543634,0.8489208633093526,0.659682247294497,0.6197601370645345,0.6127421847141329,0.5826367119470568,0.6153478364809944,0.6071491276198837,0.6175063424792129,0.6192081824055051,0.626578421067998,0.6184150916042985,"{'cls__algorithm': 'SAMME', 'cls__learning_rate': 0.5, 'cls__n_estimators': 100, 'cls__random_state': 42}",ada,iforest,simple,none,none,0.7730224978932625
44.0,38.0,38.0,34.0,37.0,147.0,153.0,153.0,157.0,154.0,57.0,65.0,56.0,65.0,57.0,243.0,235.0,244.0,235.0,243.0,20.0,22.0,32.0,31.0,29.0,114.0,112.0,102.0,103.0,105.0,152.0,148.0,147.0,143.0,149.0,587.0,591.0,592.0,596.0,590.0,0.7979002624671917,0.7728459530026109,0.7696335078534031,0.7486910994764397,0.7760416666666666,0.766819072501633,0.7730542838456507,0.7738562091503268,0.7790849673202616,0.7722513089005235,0.717948717948718,0.6813186813186813,0.6776556776556777,0.6483516483516484,0.6838235294117647,0.6727772685609532,0.6819431714023831,0.6828597616865261,0.69019248395967,0.6813186813186813,0.7272727272727273,0.6948356807511737,0.7241379310344828,0.6875,0.7233009708737864,0.7072289156626506,0.715496368038741,0.7081339712918661,0.717208182912154,0.7082833133253301,0.8837209302325582,0.8705882352941177,0.8212290502793296,0.8218390804597702,0.8370786516853933,0.8373751783166904,0.8406827880512091,0.8530259365994236,0.8526466380543634,0.8489208633093526,0.659682247294497,0.6197601370645345,0.6127421847141329,0.5826367119470568,0.6153478364809944,0.6071491276198837,0.6175063424792129,0.6192081824055051,0.626578421067998,0.6184150916042985,"{'cls__algorithm': 'SAMME', 'cls__learning_rate': 1.0, 'cls__n_estimators': 10, 'cls__random_state': 42}",ada,iforest,simple,none,none,0.7730224978932625
44.0,38.0,38.0,34.0,37.0,147.0,153.0,153.0,157.0,154.0,57.0,65.0,56.0,65.0,57.0,243.0,235.0,244.0,235.0,243.0,20.0,22.0,32.0,31.0,29.0,114.0,112.0,102.0,103.0,105.0,152.0,148.0,147.0,143.0,149.0,587.0,591.0,592.0,596.0,590.0,0.7979002624671917,0.7728459530026109,0.7696335078534031,0.7486910994764397,0.7760416666666666,0.766819072501633,0.7730542838456507,0.7738562091503268,0.7790849673202616,0.7722513089005235,0.717948717948718,0.6813186813186813,0.6776556776556777,0.6483516483516484,0.6838235294117647,0.6727772685609532,0.6819431714023831,0.6828597616865261,0.69019248395967,0.6813186813186813,0.7272727272727273,0.6948356807511737,0.7241379310344828,0.6875,0.7233009708737864,0.7072289156626506,0.715496368038741,0.7081339712918661,0.717208182912154,0.7082833133253301,0.8837209302325582,0.8705882352941177,0.8212290502793296,0.8218390804597702,0.8370786516853933,0.8373751783166904,0.8406827880512091,0.8530259365994236,0.8526466380543634,0.8489208633093526,0.659682247294497,0.6197601370645345,0.6127421847141329,0.5826367119470568,0.6153478364809944,0.6071491276198837,0.6175063424792129,0.6192081824055051,0.626578421067998,0.6184150916042985,"{'cls__hidden_layer_sizes': (100,), 'cls__learning_rate': 'adaptive', 'cls__learning_rate_init': 0.001, 'cls__max_iter': 1000, 'cls__n_iter_no_change': 5, 'cls__random_state': 42}",mlp,iforest,simple,standard,none,0.7730224978932625
44.0,38.0,38.0,34.0,37.0,147.0,153.0,153.0,157.0,154.0,57.0,65.0,56.0,65.0,57.0,243.0,235.0,244.0,235.0,243.0,20.0,22.0,32.0,31.0,29.0,114.0,112.0,102.0,103.0,105.0,152.0,148.0,147.0,143.0,149.0,587.0,591.0,592.0,596.0,590.0,0.7979002624671917,0.7728459530026109,0.7696335078534031,0.7486910994764397,0.7760416666666666,0.766819072501633,0.7730542838456507,0.7738562091503268,0.7790849673202616,0.7722513089005235,0.717948717948718,0.6813186813186813,0.6776556776556777,0.6483516483516484,0.6838235294117647,0.6727772685609532,0.6819431714023831,0.6828597616865261,0.69019248395967,0.6813186813186813,0.7272727272727273,0.6948356807511737,0.7241379310344828,0.6875,0.7233009708737864,0.7072289156626506,0.715496368038741,0.7081339712918661,0.717208182912154,0.7082833133253301,0.8837209302325582,0.8705882352941177,0.8212290502793296,0.8218390804597702,0.8370786516853933,0.8373751783166904,0.8406827880512091,0.8530259365994236,0.8526466380543634,0.8489208633093526,0.659682247294497,0.6197601370645345,0.6127421847141329,0.5826367119470568,0.6153478364809944,0.6071491276198837,0.6175063424792129,0.6192081824055051,0.626578421067998,0.6184150916042985,"{'cls__algorithm': 'SAMME', 'cls__learning_rate': 1.0, 'cls__n_estimators': 50, 'cls__random_state': 42}",ada,iforest,simple,none,none,0.7730224978932625
44.0,38.0,38.0,34.0,37.0,147.0,153.0,153.0,157.0,154.0,57.0,65.0,56.0,65.0,57.0,243.0,235.0,244.0,235.0,243.0,20.0,22.0,32.0,31.0,29.0,114.0,112.0,102.0,103.0,105.0,152.0,148.0,147.0,143.0,149.0,587.0,591.0,592.0,596.0,590.0,0.7979002624671917,0.7728459530026109,0.7696335078534031,0.7486910994764397,0.7760416666666666,0.766819072501633,0.7730542838456507,0.7738562091503268,0.7790849673202616,0.7722513089005235,0.717948717948718,0.6813186813186813,0.6776556776556777,0.6483516483516484,0.6838235294117647,0.6727772685609532,0.6819431714023831,0.6828597616865261,0.69019248395967,0.6813186813186813,0.7272727272727273,0.6948356807511737,0.7241379310344828,0.6875,0.7233009708737864,0.7072289156626506,0.715496368038741,0.7081339712918661,0.717208182912154,0.7082833133253301,0.8837209302325582,0.8705882352941177,0.8212290502793296,0.8218390804597702,0.8370786516853933,0.8373751783166904,0.8406827880512091,0.8530259365994236,0.8526466380543634,0.8489208633093526,0.659682247294497,0.6197601370645345,0.6127421847141329,0.5826367119470568,0.6153478364809944,0.6071491276198837,0.6175063424792129,0.6192081824055051,0.626578421067998,0.6184150916042985,"{'cls__criterion': 'gini', 'cls__max_depth': None, 'cls__max_features': 'log2', 'cls__random_state': 42}",rf,iforest,simple,none,none,0.7730224978932625
44.0,38.0,38.0,34.0,37.0,147.0,153.0,153.0,157.0,154.0,57.0,65.0,56.0,65.0,57.0,243.0,235.0,244.0,235.0,243.0,20.0,22.0,32.0,31.0,29.0,114.0,112.0,102.0,103.0,105.0,152.0,148.0,147.0,143.0,149.0,587.0,591.0,592.0,596.0,590.0,0.7979002624671917,0.7728459530026109,0.7696335078534031,0.7486910994764397,0.7760416666666666,0.766819072501633,0.7730542838456507,0.7738562091503268,0.7790849673202616,0.7722513089005235,0.717948717948718,0.6813186813186813,0.6776556776556777,0.6483516483516484,0.6838235294117647,0.6727772685609532,0.6819431714023831,0.6828597616865261,0.69019248395967,0.6813186813186813,0.7272727272727273,0.6948356807511737,0.7241379310344828,0.6875,0.7233009708737864,0.7072289156626506,0.715496368038741,0.7081339712918661,0.717208182912154,0.7082833133253301,0.8837209302325582,0.8705882352941177,0.8212290502793296,0.8218390804597702,0.8370786516853933,0.8373751783166904,0.8406827880512091,0.8530259365994236,0.8526466380543634,0.8489208633093526,0.659682247294497,0.6197601370645345,0.6127421847141329,0.5826367119470568,0.6153478364809944,0.6071491276198837,0.6175063424792129,0.6192081824055051,0.626578421067998,0.6184150916042985,"{'cls__hidden_layer_sizes': (100,), 'cls__learning_rate': 'adaptive', 'cls__learning_rate_init': 0.0001, 'cls__max_iter': 1000, 'cls__n_iter_no_change': 5, 'cls__random_state': 42}",mlp,iforest,simple,standard,none,0.7730224978932625
44.0,38.0,38.0,34.0,37.0,147.0,153.0,153.0,157.0,154.0,57.0,65.0,56.0,65.0,57.0,243.0,235.0,244.0,235.0,243.0,20.0,22.0,32.0,31.0,29.0,114.0,112.0,102.0,103.0,105.0,152.0,148.0,147.0,143.0,149.0,587.0,591.0,592.0,596.0,590.0,0.7979002624671917,0.7728459530026109,0.7696335078534031,0.7486910994764397,0.7760416666666666,0.766819072501633,0.7730542838456507,0.7738562091503268,0.7790849673202616,0.7722513089005235,0.717948717948718,0.6813186813186813,0.6776556776556777,0.6483516483516484,0.6838235294117647,0.6727772685609532,0.6819431714023831,0.6828597616865261,0.69019248395967,0.6813186813186813,0.7272727272727273,0.6948356807511737,0.7241379310344828,0.6875,0.7233009708737864,0.7072289156626506,0.715496368038741,0.7081339712918661,0.717208182912154,0.7082833133253301,0.8837209302325582,0.8705882352941177,0.8212290502793296,0.8218390804597702,0.8370786516853933,0.8373751783166904,0.8406827880512091,0.8530259365994236,0.8526466380543634,0.8489208633093526,0.659682247294497,0.6197601370645345,0.6127421847141329,0.5826367119470568,0.6153478364809944,0.6071491276198837,0.6175063424792129,0.6192081824055051,0.626578421067998,0.6184150916042985,"{'cls__C': 10, 'cls__probability': True, 'cls__random_state': 42}",svc,iforest,simple,standard,none,0.7730224978932625
44.0,38.0,38.0,34.0,37.0,147.0,153.0,153.0,157.0,154.0,57.0,65.0,56.0,65.0,57.0,243.0,235.0,244.0,235.0,243.0,20.0,22.0,32.0,31.0,29.0,114.0,112.0,102.0,103.0,105.0,152.0,148.0,147.0,143.0,149.0,587.0,591.0,592.0,596.0,590.0,0.7979002624671917,0.7728459530026109,0.7696335078534031,0.7486910994764397,0.7760416666666666,0.766819072501633,0.7730542838456507,0.7738562091503268,0.7790849673202616,0.7722513089005235,0.717948717948718,0.6813186813186813,0.6776556776556777,0.6483516483516484,0.6838235294117647,0.6727772685609532,0.6819431714023831,0.6828597616865261,0.69019248395967,0.6813186813186813,0.7272727272727273,0.6948356807511737,0.7241379310344828,0.6875,0.7233009708737864,0.7072289156626506,0.715496368038741,0.7081339712918661,0.717208182912154,0.7082833133253301,0.8837209302325582,0.8705882352941177,0.8212290502793296,0.8218390804597702,0.8370786516853933,0.8373751783166904,0.8406827880512091,0.8530259365994236,0.8526466380543634,0.8489208633093526,0.659682247294497,0.6197601370645345,0.6127421847141329,0.5826367119470568,0.6153478364809944,0.6071491276198837,0.6175063424792129,0.6192081824055051,0.626578421067998,0.6184150916042985,"{'cls__C': 10, 'cls__probability': True, 'cls__random_state': 42}",svc,iforest,simple,minmax,none,0.7730224978932625
44.0,38.0,38.0,34.0,37.0,147.0,153.0,153.0,157.0,154.0,57.0,65.0,56.0,65.0,57.0,243.0,235.0,244.0,235.0,243.0,20.0,22.0,32.0,31.0,29.0,114.0,112.0,102.0,103.0,105.0,152.0,148.0,147.0,143.0,149.0,587.0,591.0,592.0,596.0,590.0,0.7979002624671917,0.7728459530026109,0.7696335078534031,0.7486910994764397,0.7760416666666666,0.766819072501633,0.7730542838456507,0.7738562091503268,0.7790849673202616,0.7722513089005235,0.717948717948718,0.6813186813186813,0.6776556776556777,0.6483516483516484,0.6838235294117647,0.6727772685609532,0.6819431714023831,0.6828597616865261,0.69019248395967,0.6813186813186813,0.7272727272727273,0.6948356807511737,0.7241379310344828,0.6875,0.7233009708737864,0.7072289156626506,0.715496368038741,0.7081339712918661,0.717208182912154,0.7082833133253301,0.8837209302325582,0.8705882352941177,0.8212290502793296,0.8218390804597702,0.8370786516853933,0.8373751783166904,0.8406827880512091,0.8530259365994236,0.8526466380543634,0.8489208633093526,0.659682247294497,0.6197601370645345,0.6127421847141329,0.5826367119470568,0.6153478364809944,0.6071491276198837,0.6175063424792129,0.6192081824055051,0.626578421067998,0.6184150916042985,{},nb,iforest,simple,minmax,none,0.7730224978932625
44.0,38.0,38.0,34.0,37.0,147.0,153.0,153.0,157.0,154.0,57.0,65.0,56.0,65.0,57.0,243.0,235.0,244.0,235.0,243.0,20.0,22.0,32.0,31.0,29.0,114.0,112.0,102.0,103.0,105.0,152.0,148.0,147.0,143.0,149.0,587.0,591.0,592.0,596.0,590.0,0.7979002624671917,0.7728459530026109,0.7696335078534031,0.7486910994764397,0.7760416666666666,0.766819072501633,0.7730542838456507,0.7738562091503268,0.7790849673202616,0.7722513089005235,0.717948717948718,0.6813186813186813,0.6776556776556777,0.6483516483516484,0.6838235294117647,0.6727772685609532,0.6819431714023831,0.6828597616865261,0.69019248395967,0.6813186813186813,0.7272727272727273,0.6948356807511737,0.7241379310344828,0.6875,0.7233009708737864,0.7072289156626506,0.715496368038741,0.7081339712918661,0.717208182912154,0.7082833133253301,0.8837209302325582,0.8705882352941177,0.8212290502793296,0.8218390804597702,0.8370786516853933,0.8373751783166904,0.8406827880512091,0.8530259365994236,0.8526466380543634,0.8489208633093526,0.659682247294497,0.6197601370645345,0.6127421847141329,0.5826367119470568,0.6153478364809944,0.6071491276198837,0.6175063424792129,0.6192081824055051,0.626578421067998,0.6184150916042985,"{'cls__hidden_layer_sizes': (100,), 'cls__learning_rate': 'adaptive', 'cls__learning_rate_init': 0.0001, 'cls__max_iter': 1000, 'cls__n_iter_no_change': 5, 'cls__random_state': 42}",mlp,iforest,simple,minmax,none,0.7730224978932625
44.0,38.0,38.0,34.0,37.0,147.0,153.0,153.0,157.0,154.0,57.0,65.0,56.0,65.0,57.0,243.0,235.0,244.0,235.0,243.0,20.0,22.0,32.0,31.0,29.0,114.0,112.0,102.0,103.0,105.0,152.0,148.0,147.0,143.0,149.0,587.0,591.0,592.0,596.0,590.0,0.7979002624671917,0.7728459530026109,0.7696335078534031,0.7486910994764397,0.7760416666666666,0.766819072501633,0.7730542838456507,0.7738562091503268,0.7790849673202616,0.7722513089005235,0.717948717948718,0.6813186813186813,0.6776556776556777,0.6483516483516484,0.6838235294117647,0.6727772685609532,0.6819431714023831,0.6828597616865261,0.69019248395967,0.6813186813186813,0.7272727272727273,0.6948356807511737,0.7241379310344828,0.6875,0.7233009708737864,0.7072289156626506,0.715496368038741,0.7081339712918661,0.717208182912154,0.7082833133253301,0.8837209302325582,0.8705882352941177,0.8212290502793296,0.8218390804597702,0.8370786516853933,0.8373751783166904,0.8406827880512091,0.8530259365994236,0.8526466380543634,0.8489208633093526,0.659682247294497,0.6197601370645345,0.6127421847141329,0.5826367119470568,0.6153478364809944,0.6071491276198837,0.6175063424792129,0.6192081824055051,0.626578421067998,0.6184150916042985,"{'cls__hidden_layer_sizes': (100,), 'cls__learning_rate': 'adaptive', 'cls__learning_rate_init': 0.001, 'cls__max_iter': 1000, 'cls__n_iter_no_change': 5, 'cls__random_state': 42}",mlp,iforest,simple,minmax,none,0.7730224978932625
44.0,38.0,38.0,34.0,37.0,147.0,153.0,153.0,157.0,154.0,57.0,65.0,56.0,65.0,57.0,243.0,235.0,244.0,235.0,243.0,20.0,22.0,32.0,31.0,29.0,114.0,112.0,102.0,103.0,105.0,152.0,148.0,147.0,143.0,149.0,587.0,591.0,592.0,596.0,590.0,0.7979002624671917,0.7728459530026109,0.7696335078534031,0.7486910994764397,0.7760416666666666,0.766819072501633,0.7730542838456507,0.7738562091503268,0.7790849673202616,0.7722513089005235,0.717948717948718,0.6813186813186813,0.6776556776556777,0.6483516483516484,0.6838235294117647,0.6727772685609532,0.6819431714023831,0.6828597616865261,0.69019248395967,0.6813186813186813,0.7272727272727273,0.6948356807511737,0.7241379310344828,0.6875,0.7233009708737864,0.7072289156626506,0.715496368038741,0.7081339712918661,0.717208182912154,0.7082833133253301,0.8837209302325582,0.8705882352941177,0.8212290502793296,0.8218390804597702,0.8370786516853933,0.8373751783166904,0.8406827880512091,0.8530259365994236,0.8526466380543634,0.8489208633093526,0.659682247294497,0.6197601370645345,0.6127421847141329,0.5826367119470568,0.6153478364809944,0.6071491276198837,0.6175063424792129,0.6192081824055051,0.626578421067998,0.6184150916042985,"{'cls__C': 1, 'cls__probability': True, 'cls__random_state': 42}",svc,iforest,simple,minmax,none,0.7730224978932625
44.0,38.0,38.0,34.0,37.0,147.0,153.0,153.0,157.0,154.0,57.0,65.0,56.0,65.0,57.0,243.0,235.0,244.0,235.0,243.0,20.0,22.0,32.0,31.0,29.0,114.0,112.0,102.0,103.0,105.0,152.0,148.0,147.0,143.0,149.0,587.0,591.0,592.0,596.0,590.0,0.7979002624671917,0.7728459530026109,0.7696335078534031,0.7486910994764397,0.7760416666666666,0.766819072501633,0.7730542838456507,0.7738562091503268,0.7790849673202616,0.7722513089005235,0.717948717948718,0.6813186813186813,0.6776556776556777,0.6483516483516484,0.6838235294117647,0.6727772685609532,0.6819431714023831,0.6828597616865261,0.69019248395967,0.6813186813186813,0.7272727272727273,0.6948356807511737,0.7241379310344828,0.6875,0.7233009708737864,0.7072289156626506,0.715496368038741,0.7081339712918661,0.717208182912154,0.7082833133253301,0.8837209302325582,0.8705882352941177,0.8212290502793296,0.8218390804597702,0.8370786516853933,0.8373751783166904,0.8406827880512091,0.8530259365994236,0.8526466380543634,0.8489208633093526,0.659682247294497,0.6197601370645345,0.6127421847141329,0.5826367119470568,0.6153478364809944,0.6071491276198837,0.6175063424792129,0.6192081824055051,0.626578421067998,0.6184150916042985,"{'cls__C': 0.1, 'cls__probability': True, 'cls__random_state': 42}",svc,iforest,simple,standard,none,0.7730224978932625
44.0,38.0,38.0,34.0,37.0,147.0,153.0,153.0,157.0,154.0,57.0,65.0,56.0,65.0,57.0,243.0,235.0,244.0,235.0,243.0,20.0,22.0,32.0,31.0,29.0,114.0,112.0,102.0,103.0,105.0,152.0,148.0,147.0,143.0,149.0,587.0,591.0,592.0,596.0,590.0,0.7979002624671917,0.7728459530026109,0.7696335078534031,0.7486910994764397,0.7760416666666666,0.766819072501633,0.7730542838456507,0.7738562091503268,0.7790849673202616,0.7722513089005235,0.717948717948718,0.6813186813186813,0.6776556776556777,0.6483516483516484,0.6838235294117647,0.6727772685609532,0.6819431714023831,0.6828597616865261,0.69019248395967,0.6813186813186813,0.7272727272727273,0.6948356807511737,0.7241379310344828,0.6875,0.7233009708737864,0.7072289156626506,0.715496368038741,0.7081339712918661,0.717208182912154,0.7082833133253301,0.8837209302325582,0.8705882352941177,0.8212290502793296,0.8218390804597702,0.8370786516853933,0.8373751783166904,0.8406827880512091,0.8530259365994236,0.8526466380543634,0.8489208633093526,0.659682247294497,0.6197601370645345,0.6127421847141329,0.5826367119470568,0.6153478364809944,0.6071491276198837,0.6175063424792129,0.6192081824055051,0.626578421067998,0.6184150916042985,"{'cls__C': 1, 'cls__probability': True, 'cls__random_state': 42}",svc,iforest,simple,standard,none,0.7730224978932625
44.0,38.0,38.0,34.0,37.0,147.0,153.0,153.0,157.0,154.0,57.0,65.0,56.0,65.0,57.0,243.0,235.0,244.0,235.0,243.0,20.0,22.0,32.0,31.0,29.0,114.0,112.0,102.0,103.0,105.0,152.0,148.0,147.0,143.0,149.0,587.0,591.0,592.0,596.0,590.0,0.7979002624671917,0.7728459530026109,0.7696335078534031,0.7486910994764397,0.7760416666666666,0.766819072501633,0.7730542838456507,0.7738562091503268,0.7790849673202616,0.7722513089005235,0.717948717948718,0.6813186813186813,0.6776556776556777,0.6483516483516484,0.6838235294117647,0.6727772685609532,0.6819431714023831,0.6828597616865261,0.69019248395967,0.6813186813186813,0.7272727272727273,0.6948356807511737,0.7241379310344828,0.6875,0.7233009708737864,0.7072289156626506,0.715496368038741,0.7081339712918661,0.717208182912154,0.7082833133253301,0.8837209302325582,0.8705882352941177,0.8212290502793296,0.8218390804597702,0.8370786516853933,0.8373751783166904,0.8406827880512091,0.8530259365994236,0.8526466380543634,0.8489208633093526,0.659682247294497,0.6197601370645345,0.6127421847141329,0.5826367119470568,0.6153478364809944,0.6071491276198837,0.6175063424792129,0.6192081824055051,0.626578421067998,0.6184150916042985,"{'cls__C': 0.1, 'cls__probability': True, 'cls__random_state': 42}",svc,iforest,simple,minmax,none,0.7730224978932625
44.0,38.0,38.0,34.0,37.0,147.0,153.0,153.0,157.0,154.0,57.0,65.0,56.0,65.0,57.0,243.0,235.0,244.0,235.0,243.0,20.0,22.0,32.0,31.0,29.0,114.0,112.0,102.0,103.0,105.0,152.0,148.0,147.0,143.0,149.0,587.0,591.0,592.0,596.0,590.0,0.7979002624671917,0.7728459530026109,0.7696335078534031,0.7486910994764397,0.7760416666666666,0.766819072501633,0.7730542838456507,0.7738562091503268,0.7790849673202616,0.7722513089005235,0.717948717948718,0.6813186813186813,0.6776556776556777,0.6483516483516484,0.6838235294117647,0.6727772685609532,0.6819431714023831,0.6828597616865261,0.69019248395967,0.6813186813186813,0.7272727272727273,0.6948356807511737,0.7241379310344828,0.6875,0.7233009708737864,0.7072289156626506,0.715496368038741,0.7081339712918661,0.717208182912154,0.7082833133253301,0.8837209302325582,0.8705882352941177,0.8212290502793296,0.8218390804597702,0.8370786516853933,0.8373751783166904,0.8406827880512091,0.8530259365994236,0.8526466380543634,0.8489208633093526,0.659682247294497,0.6197601370645345,0.6127421847141329,0.5826367119470568,0.6153478364809944,0.6071491276198837,0.6175063424792129,0.6192081824055051,0.626578421067998,0.6184150916042985,{},nb,iforest,simple,standard,none,0.7730224978932625
90.0,109.0,68.0,123.0,101.0,317.0,413.0,339.0,510.0,418.0,68.0,46.0,69.0,20.0,40.0,259.0,166.0,258.0,81.0,175.0,37.0,63.0,41.0,105.0,75.0,146.0,295.0,142.0,438.0,294.0,207.0,184.0,224.0,153.0,185.0,884.0,732.0,867.0,578.0,720.0,0.7976878612716763,0.7714884696016772,0.8028673835125449,0.7099767981438515,0.7628865979381444,0.8136217211228717,0.7605194805194805,0.8125585754451734,0.6901492537313433,0.754321634363541,0.7388059701492538,0.7288557213930348,0.7263681592039801,0.6882793017456359,0.713216957605985,0.7478206724782067,0.7129514321295143,0.75093399750934,0.6770379589296827,0.7081518357187305,0.7527272727272727,0.8,0.764505119453925,0.884393063583815,0.8222222222222222,0.773403324584427,0.8151447661469933,0.7706666666666667,0.8770864946889226,0.8044692737430168,0.8483606557377049,0.7449392712550608,0.8452830188679246,0.5930232558139535,0.7115384615384616,0.858252427184466,0.7127555988315482,0.8592666005946482,0.5688976377952756,0.7100591715976331,0.708990454451131,0.7240825388533368,0.670816691915714,0.7265815579769068,0.7139252591380252,0.7042998247033442,0.7130271949252732,0.7135528982872739,0.7159209001159118,0.7074747797279903,"{'cls__algorithm': 'SAMME', 'cls__learning_rate': 1.0, 'cls__n_estimators': 10, 'cls__random_state': 42, 'os__random_state': 42}",ada,none,simple,none,smote,0.7689814220935789
0.0,38.0,38.0,34.0,37.0,0.0,153.0,153.0,157.0,154.0,101.0,65.0,56.0,65.0,57.0,390.0,235.0,244.0,235.0,243.0,0.0,22.0,32.0,31.0,29.0,0.0,112.0,102.0,103.0,105.0,172.0,148.0,147.0,143.0,149.0,701.0,591.0,592.0,596.0,590.0,0.7730337078651686,0.7728459530026109,0.7696335078534031,0.7486910994764397,0.7760416666666666,0.7823660714285715,0.7730542838456507,0.7738562091503268,0.7790849673202616,0.7722513089005235,0.63003663003663,0.6813186813186813,0.6776556776556777,0.6483516483516484,0.6838235294117647,0.6425297891842346,0.6819431714023831,0.6828597616865261,0.69019248395967,0.6813186813186813,0.63003663003663,0.6948356807511737,0.7241379310344828,0.6875,0.7233009708737864,0.6425297891842346,0.715496368038741,0.7081339712918661,0.717208182912154,0.7082833133253301,1.0,0.8705882352941177,0.8212290502793296,0.8218390804597702,0.8370786516853933,1.0,0.8406827880512091,0.8530259365994236,0.8526466380543634,0.8489208633093526,0.5,0.6197601370645345,0.6127421847141329,0.5826367119470568,0.6153478364809944,0.5,0.6175063424792129,0.6192081824055051,0.626578421067998,0.6184150916042985,"{'cls__hidden_layer_sizes': (100,), 'cls__learning_rate': 'adaptive', 'cls__learning_rate_init': 1e-05, 'cls__max_iter': 1000, 'cls__n_iter_no_change': 5, 'cls__random_state': 42, 'os__random_state': 42}",mlp,iforest,simple,none,smote,0.7680491869728578
0.0,38.0,38.0,34.0,37.0,0.0,153.0,153.0,157.0,154.0,101.0,65.0,56.0,65.0,57.0,390.0,235.0,244.0,235.0,243.0,0.0,22.0,32.0,31.0,29.0,0.0,112.0,102.0,103.0,105.0,172.0,148.0,147.0,143.0,149.0,701.0,591.0,592.0,596.0,590.0,0.7730337078651686,0.7728459530026109,0.7696335078534031,0.7486910994764397,0.7760416666666666,0.7823660714285715,0.7730542838456507,0.7738562091503268,0.7790849673202616,0.7722513089005235,0.63003663003663,0.6813186813186813,0.6776556776556777,0.6483516483516484,0.6838235294117647,0.6425297891842346,0.6819431714023831,0.6828597616865261,0.69019248395967,0.6813186813186813,0.63003663003663,0.6948356807511737,0.7241379310344828,0.6875,0.7233009708737864,0.6425297891842346,0.715496368038741,0.7081339712918661,0.717208182912154,0.7082833133253301,1.0,0.8705882352941177,0.8212290502793296,0.8218390804597702,0.8370786516853933,1.0,0.8406827880512091,0.8530259365994236,0.8526466380543634,0.8489208633093526,0.5,0.6197601370645345,0.6127421847141329,0.5826367119470568,0.6153478364809944,0.5,0.6175063424792129,0.6192081824055051,0.626578421067998,0.6184150916042985,"{'cls__hidden_layer_sizes': (100,), 'cls__learning_rate': 'adaptive', 'cls__learning_rate_init': 1e-05, 'cls__max_iter': 1000, 'cls__n_iter_no_change': 5, 'cls__random_state': 42, 'os__random_state': 42}",mlp,iforest,simple,minmax,smote,0.7680491869728578
90.0,109.0,94.0,99.0,100.0,317.0,413.0,428.0,423.0,422.0,68.0,46.0,43.0,44.0,41.0,259.0,166.0,169.0,168.0,171.0,37.0,63.0,78.0,72.0,81.0,146.0,295.0,280.0,286.0,277.0,207.0,184.0,187.0,186.0,179.0,884.0,732.0,729.0,730.0,737.0,0.7976878612716763,0.7714884696016772,0.7555555555555554,0.7622950819672131,0.7458333333333332,0.8136217211228717,0.7605194805194805,0.7645516518091243,0.7628004179728318,0.7669094693028097,0.7388059701492538,0.7288557213930348,0.6990049751243781,0.7107231920199502,0.6957605985037406,0.7478206724782067,0.7129514321295143,0.7204234122042341,0.7174859987554449,0.7212196639701307,0.7527272727272727,0.8,0.8130434782608695,0.808695652173913,0.8136363636363636,0.773403324584427,0.8151447661469933,0.811804008908686,0.8129175946547884,0.8116740088105727,0.8483606557377049,0.7449392712550608,0.7056603773584905,0.7209302325581395,0.6884615384615385,0.858252427184466,0.7127555988315482,0.7224975222993062,0.718503937007874,0.7268244575936884,0.708990454451131,0.7240825388533368,0.6958958821099023,0.706618962432916,0.6988406983087834,0.7042998247033442,0.7130271949252732,0.7197077226236901,0.7171199888085056,0.7192301040076368,"{'cls__hidden_layer_sizes': (100,), 'cls__learning_rate': 'adaptive', 'cls__learning_rate_init': 0.001, 'cls__max_iter': 1000, 'cls__n_iter_no_change': 5, 'cls__random_state': 42, 'os__random_state': 42}",mlp,none,simple,minmax,smote,0.766572060345891
111.0,119.0,94.0,99.0,100.0,408.0,400.0,428.0,422.0,421.0,47.0,36.0,43.0,44.0,41.0,168.0,179.0,169.0,169.0,172.0,63.0,71.0,78.0,71.0,81.0,306.0,298.0,280.0,286.0,276.0,181.0,176.0,187.0,187.0,179.0,724.0,729.0,729.0,730.0,738.0,0.766949152542373,0.766884531590414,0.7555555555555554,0.7648261758691206,0.7458333333333332,0.7533818938605619,0.7534883720930232,0.7645516518091243,0.7624020887728459,0.7671517671517671,0.7263681592039801,0.7338308457711443,0.6990049751243781,0.713216957605985,0.6957605985037406,0.7048567870485679,0.702988792029888,0.7204234122042341,0.716863721219664,0.7212196639701307,0.793859649122807,0.8301886792452831,0.8130434782608695,0.8095238095238095,0.8136363636363636,0.8116591928251121,0.802863436123348,0.811804008908686,0.8120133481646273,0.810989010989011,0.7418032786885246,0.7125506072874493,0.7056603773584905,0.7248062015503876,0.6884615384615385,0.7029126213592233,0.7098344693281402,0.7224975222993062,0.718503937007874,0.727810650887574,0.7221674621290725,0.7401462713856601,0.6958958821099023,0.7085569469290399,0.6988406983087834,0.7056229773462782,0.7003403780146746,0.7197077226236901,0.7162739651198423,0.7188800303341748,"{'cls__algorithm': 'SAMME', 'cls__learning_rate': 0.5, 'cls__n_estimators': 100, 'cls__random_state': 42, 'os__random_state': 42}",ada,none,simple,none,smote,0.7600097497781593
111.0,119.0,94.0,99.0,100.0,408.0,400.0,428.0,422.0,421.0,47.0,36.0,43.0,44.0,41.0,168.0,179.0,169.0,169.0,172.0,63.0,71.0,78.0,71.0,81.0,306.0,298.0,280.0,286.0,276.0,181.0,176.0,187.0,187.0,179.0,724.0,729.0,729.0,730.0,738.0,0.766949152542373,0.766884531590414,0.7555555555555554,0.7648261758691206,0.7458333333333332,0.7533818938605619,0.7534883720930232,0.7645516518091243,0.7624020887728459,0.7671517671517671,0.7263681592039801,0.7338308457711443,0.6990049751243781,0.713216957605985,0.6957605985037406,0.7048567870485679,0.702988792029888,0.7204234122042341,0.716863721219664,0.7212196639701307,0.793859649122807,0.8301886792452831,0.8130434782608695,0.8095238095238095,0.8136363636363636,0.8116591928251121,0.802863436123348,0.811804008908686,0.8120133481646273,0.810989010989011,0.7418032786885246,0.7125506072874493,0.7056603773584905,0.7248062015503876,0.6884615384615385,0.7029126213592233,0.7098344693281402,0.7224975222993062,0.718503937007874,0.727810650887574,0.7221674621290725,0.7401462713856601,0.6958958821099023,0.7085569469290399,0.6988406983087834,0.7056229773462782,0.7003403780146746,0.7197077226236901,0.7162739651198423,0.7188800303341748,"{'cls__algorithm': 'SAMME', 'cls__learning_rate': 1.0, 'cls__n_estimators': 50, 'cls__random_state': 42, 'os__random_state': 42}",ada,none,simple,none,smote,0.7600097497781593
111.0,119.0,94.0,99.0,100.0,408.0,400.0,428.0,422.0,421.0,47.0,36.0,43.0,44.0,41.0,168.0,179.0,169.0,169.0,172.0,63.0,71.0,78.0,71.0,81.0,306.0,298.0,280.0,286.0,276.0,181.0,176.0,187.0,187.0,179.0,724.0,729.0,729.0,730.0,738.0,0.766949152542373,0.766884531590414,0.7555555555555554,0.7648261758691206,0.7458333333333332,0.7533818938605619,0.7534883720930232,0.7645516518091243,0.7624020887728459,0.7671517671517671,0.7263681592039801,0.7338308457711443,0.6990049751243781,0.713216957605985,0.6957605985037406,0.7048567870485679,0.702988792029888,0.7204234122042341,0.716863721219664,0.7212196639701307,0.793859649122807,0.8301886792452831,0.8130434782608695,0.8095238095238095,0.8136363636363636,0.8116591928251121,0.802863436123348,0.811804008908686,0.8120133481646273,0.810989010989011,0.7418032786885246,0.7125506072874493,0.7056603773584905,0.7248062015503876,0.6884615384615385,0.7029126213592233,0.7098344693281402,0.7224975222993062,0.718503937007874,0.727810650887574,0.7221674621290725,0.7401462713856601,0.6958958821099023,0.7085569469290399,0.6988406983087834,0.7056229773462782,0.7003403780146746,0.7197077226236901,0.7162739651198423,0.7188800303341748,"{'cls__algorithm': 'SAMME', 'cls__learning_rate': 1.0, 'cls__n_estimators': 100, 'cls__random_state': 42, 'os__random_state': 42}",ada,none,simple,none,smote,0.7600097497781593
110.0,95.0,91.0,97.0,110.0,404.0,419.0,420.0,417.0,404.0,46.0,43.0,48.0,35.0,49.0,164.0,167.0,165.0,175.0,161.0,69.0,71.0,89.0,71.0,66.0,287.0,285.0,278.0,285.0,290.0,173.0,189.0,170.0,195.0,172.0,736.0,720.0,728.0,714.0,737.0,0.7505422993492407,0.7682926829268292,0.7127882599580713,0.7862903225806451,0.7494553376906318,0.765470618824753,0.7610993657505285,0.7667193259610321,0.7563559322033899,0.7657142857142857,0.7110552763819096,0.7135678391959799,0.6557788944723618,0.7336683417085427,0.7103274559193955,0.7165304839723444,0.715901948460088,0.721558768070396,0.7108736643620365,0.7167085427135679,0.7899543378995434,0.8146551724137931,0.7798165137614679,0.8478260869565217,0.7782805429864253,0.8177777777777778,0.8117249154453213,0.8152295632698768,0.8031496062992126,0.8207126948775055,0.7148760330578512,0.7269230769230769,0.6563706563706564,0.7330827067669173,0.7226890756302521,0.7194525904203324,0.7164179104477612,0.7236580516898609,0.7147147147147147,0.7176241480038948,0.7100021190930281,0.7076644370122631,0.6555234576817309,0.7339655958077012,0.7072564875006607,0.7153600980270676,0.7157174876470888,0.7208033848192893,0.7095533033033034,0.7163341978957527,"{'cls__algorithm': 'SAMME', 'cls__learning_rate': 0.5, 'cls__n_estimators': 50, 'cls__random_state': 42, 'os__random_state': 42}",ada,lof,simple,none,smote,0.7534737805010836
89.0,106.0,86.0,122.0,98.0,310.0,408.0,425.0,504.0,416.0,69.0,49.0,51.0,21.0,43.0,266.0,171.0,172.0,87.0,177.0,37.0,63.0,79.0,105.0,81.0,144.0,293.0,288.0,437.0,275.0,207.0,184.0,186.0,153.0,179.0,886.0,734.0,721.0,579.0,739.0,0.7961538461538461,0.7666666666666667,0.7410358565737051,0.7083333333333334,0.7427385892116182,0.8120989917506874,0.7598343685300206,0.7581493165089379,0.6884661117717005,0.7658031088082902,0.736318407960199,0.7213930348258707,0.6766169154228856,0.685785536159601,0.6907730673316709,0.7447073474470735,0.7110834371108343,0.7135740971357409,0.6739265712507778,0.7187305538270068,0.75,0.7896995708154506,0.7848101265822784,0.8793103448275862,0.8063063063063063,0.7690972222222222,0.8110497237569061,0.8073908174692049,0.8693693693693694,0.8067685589519651,0.8483606557377049,0.7449392712550608,0.7018867924528301,0.5930232558139535,0.6884615384615385,0.8601941747572815,0.7147030185004869,0.7145688800792864,0.5698818897637795,0.7287968441814595,0.7058258974891056,0.7144051194984979,0.6648120093651011,0.7230850544804034,0.6917484997272232,0.6991943096008629,0.7096831154678601,0.7132308386996097,0.7113368839681843,0.715157275379094,{},nb,none,simple,standard,none,0.7509856583878339
89.0,106.0,86.0,122.0,98.0,310.0,408.0,425.0,504.0,416.0,69.0,49.0,51.0,21.0,43.0,266.0,171.0,172.0,87.0,177.0,37.0,63.0,79.0,105.0,81.0,144.0,293.0,288.0,437.0,275.0,207.0,184.0,186.0,153.0,179.0,886.0,734.0,721.0,579.0,739.0,0.7961538461538461,0.7666666666666667,0.7410358565737051,0.7083333333333334,0.7427385892116182,0.8120989917506874,0.7598343685300206,0.7581493165089379,0.6884661117717005,0.7658031088082902,0.736318407960199,0.7213930348258707,0.6766169154228856,0.685785536159601,0.6907730673316709,0.7447073474470735,0.7110834371108343,0.7135740971357409,0.6739265712507778,0.7187305538270068,0.75,0.7896995708154506,0.7848101265822784,0.8793103448275862,0.8063063063063063,0.7690972222222222,0.8110497237569061,0.8073908174692049,0.8693693693693694,0.8067685589519651,0.8483606557377049,0.7449392712550608,0.7018867924528301,0.5930232558139535,0.6884615384615385,0.8601941747572815,0.7147030185004869,0.7145688800792864,0.5698818897637795,0.7287968441814595,0.7058258974891056,0.7144051194984979,0.6648120093651011,0.7230850544804034,0.6917484997272232,0.6991943096008629,0.7096831154678601,0.7132308386996097,0.7113368839681843,0.715157275379094,{},nb,none,simple,none,none,0.7509856583878339
89.0,106.0,86.0,122.0,98.0,310.0,408.0,425.0,504.0,416.0,69.0,49.0,51.0,21.0,43.0,266.0,171.0,172.0,87.0,177.0,37.0,63.0,79.0,105.0,81.0,144.0,293.0,288.0,437.0,275.0,207.0,184.0,186.0,153.0,179.0,886.0,734.0,721.0,579.0,739.0,0.7961538461538461,0.7666666666666667,0.7410358565737051,0.7083333333333334,0.7427385892116182,0.8120989917506874,0.7598343685300206,0.7581493165089379,0.6884661117717005,0.7658031088082902,0.736318407960199,0.7213930348258707,0.6766169154228856,0.685785536159601,0.6907730673316709,0.7447073474470735,0.7110834371108343,0.7135740971357409,0.6739265712507778,0.7187305538270068,0.75,0.7896995708154506,0.7848101265822784,0.8793103448275862,0.8063063063063063,0.7690972222222222,0.8110497237569061,0.8073908174692049,0.8693693693693694,0.8067685589519651,0.8483606557377049,0.7449392712550608,0.7018867924528301,0.5930232558139535,0.6884615384615385,0.8601941747572815,0.7147030185004869,0.7145688800792864,0.5698818897637795,0.7287968441814595,0.7058258974891056,0.7144051194984979,0.6648120093651011,0.7230850544804034,0.6917484997272232,0.6991943096008629,0.7096831154678601,0.7132308386996097,0.7113368839681843,0.715157275379094,{},nb,none,simple,minmax,none,0.7509856583878339
90.0,137.0,94.0,99.0,100.0,317.0,497.0,428.0,423.0,422.0,68.0,18.0,43.0,44.0,41.0,259.0,82.0,169.0,168.0,171.0,37.0,107.0,78.0,72.0,81.0,146.0,437.0,280.0,286.0,277.0,207.0,140.0,187.0,186.0,179.0,884.0,590.0,729.0,730.0,737.0,0.7976878612716763,0.6913580246913581,0.7555555555555554,0.7622950819672131,0.7458333333333332,0.8136217211228717,0.6945261918775751,0.7645516518091243,0.7628004179728318,0.7669094693028097,0.7388059701492538,0.6890547263681592,0.6990049751243781,0.7107231920199502,0.6957605985037406,0.7478206724782067,0.6768368617683687,0.7204234122042341,0.7174859987554449,0.7212196639701307,0.7527272727272727,0.8860759493670886,0.8130434782608695,0.808695652173913,0.8136363636363636,0.773403324584427,0.8779761904761905,0.811804008908686,0.8129175946547884,0.8116740088105727,0.8483606557377049,0.5668016194331984,0.7056603773584905,0.7209302325581395,0.6884615384615385,0.858252427184466,0.5744888023369036,0.7224975222993062,0.718503937007874,0.7268244575936884,0.708990454451131,0.7253362935875669,0.6958958821099023,0.706618962432916,0.6988406983087834,0.7042998247033442,0.7164326567815779,0.7197077226236901,0.7171199888085056,0.7192301040076368,"{'cls__hidden_layer_sizes': (100,), 'cls__learning_rate': 'adaptive', 'cls__learning_rate_init': 0.0001, 'cls__max_iter': 1000, 'cls__n_iter_no_change': 5, 'cls__random_state': 42, 'os__random_state': 42}",mlp,none,simple,none,smote,0.7505459713638272
91.0,118.0,91.0,97.0,110.0,308.0,508.0,420.0,417.0,404.0,65.0,20.0,48.0,35.0,49.0,260.0,78.0,165.0,175.0,161.0,37.0,111.0,89.0,71.0,66.0,144.0,431.0,278.0,285.0,290.0,205.0,149.0,170.0,195.0,172.0,879.0,574.0,728.0,714.0,737.0,0.80078125,0.6946386946386945,0.7127882599580713,0.7862903225806451,0.7494553376906318,0.8131359851988899,0.6928183464091732,0.7667193259610321,0.7563559322033899,0.7657142857142857,0.7437185929648241,0.6708542713567839,0.6557788944723618,0.7336683417085427,0.7103274559193955,0.7460716530483973,0.6800754242614707,0.721558768070396,0.7108736643620365,0.7167085427135679,0.7592592592592593,0.8816568047337278,0.7798165137614679,0.8478260869565217,0.7782805429864253,0.771729587357331,0.8803680981595092,0.8152295632698768,0.8031496062992126,0.8207126948775055,0.8471074380165289,0.573076923076923,0.6563706563706564,0.7330827067669173,0.7226890756302521,0.8592375366568915,0.5711442786069652,0.7236580516898609,0.7147147147147147,0.7176241480038948,0.7152203856749311,0.7140746934225195,0.6555234576817309,0.7339655958077012,0.7072564875006607,0.7007455288918261,0.7190192382795918,0.7208033848192893,0.7095533033033034,0.7163341978957527,"{'cls__algorithm': 'SAMME', 'cls__learning_rate': 0.1, 'cls__n_estimators': 100, 'cls__random_state': 42, 'os__random_state': 42}",ada,lof,simple,none,smote,0.7487907729736085
110.0,95.0,119.0,97.0,110.0,404.0,419.0,507.0,417.0,404.0,46.0,43.0,20.0,35.0,49.0,164.0,167.0,78.0,175.0,161.0,69.0,71.0,127.0,71.0,66.0,287.0,285.0,415.0,285.0,290.0,173.0,189.0,132.0,195.0,172.0,736.0,720.0,591.0,714.0,737.0,0.7505422993492407,0.7682926829268292,0.6423357664233575,0.7862903225806451,0.7494553376906318,0.765470618824753,0.7610993657505285,0.7056716417910448,0.7563559322033899,0.7657142857142857,0.7110552763819096,0.7135678391959799,0.6306532663316583,0.7336683417085427,0.7103274559193955,0.7165304839723444,0.715901948460088,0.6901319924575738,0.7108736643620365,0.7167085427135679,0.7899543378995434,0.8146551724137931,0.868421052631579,0.8478260869565217,0.7782805429864253,0.8177777777777778,0.8117249154453213,0.8834080717488789,0.8031496062992126,0.8207126948775055,0.7148760330578512,0.7269230769230769,0.5096525096525096,0.7330827067669173,0.7226890756302521,0.7194525904203324,0.7164179104477612,0.5874751491053678,0.7147147147147147,0.7176241480038948,0.7100021190930281,0.7076644370122631,0.6828838087830893,0.7339655958077012,0.7072564875006607,0.7153600980270676,0.7157174876470888,0.7270709078860172,0.7095533033033034,0.7163341978957527,"{'cls__hidden_layer_sizes': (100,), 'cls__learning_rate': 'adaptive', 'cls__learning_rate_init': 0.0001, 'cls__max_iter': 1000, 'cls__n_iter_no_change': 5, 'cls__random_state': 42, 'os__random_state': 42}",mlp,lof,simple,none,smote,0.7393832817941408
110.0,95.0,119.0,97.0,110.0,404.0,419.0,507.0,417.0,404.0,46.0,43.0,20.0,35.0,49.0,164.0,167.0,78.0,175.0,161.0,69.0,71.0,127.0,71.0,66.0,287.0,285.0,415.0,285.0,290.0,173.0,189.0,132.0,195.0,172.0,736.0,720.0,591.0,714.0,737.0,0.7505422993492407,0.7682926829268292,0.6423357664233575,0.7862903225806451,0.7494553376906318,0.765470618824753,0.7610993657505285,0.7056716417910448,0.7563559322033899,0.7657142857142857,0.7110552763819096,0.7135678391959799,0.6306532663316583,0.7336683417085427,0.7103274559193955,0.7165304839723444,0.715901948460088,0.6901319924575738,0.7108736643620365,0.7167085427135679,0.7899543378995434,0.8146551724137931,0.868421052631579,0.8478260869565217,0.7782805429864253,0.8177777777777778,0.8117249154453213,0.8834080717488789,0.8031496062992126,0.8207126948775055,0.7148760330578512,0.7269230769230769,0.5096525096525096,0.7330827067669173,0.7226890756302521,0.7194525904203324,0.7164179104477612,0.5874751491053678,0.7147147147147147,0.7176241480038948,0.7100021190930281,0.7076644370122631,0.6828838087830893,0.7339655958077012,0.7072564875006607,0.7153600980270676,0.7157174876470888,0.7270709078860172,0.7095533033033034,0.7163341978957527,"{'cls__algorithm': 'SAMME', 'cls__learning_rate': 1.0, 'cls__n_estimators': 50, 'cls__random_state': 42, 'os__random_state': 42}",ada,lof,simple,none,smote,0.7393832817941408
110.0,95.0,119.0,97.0,110.0,404.0,419.0,507.0,417.0,404.0,46.0,43.0,20.0,35.0,49.0,164.0,167.0,78.0,175.0,161.0,69.0,71.0,127.0,71.0,66.0,287.0,285.0,415.0,285.0,290.0,173.0,189.0,132.0,195.0,172.0,736.0,720.0,591.0,714.0,737.0,0.7505422993492407,0.7682926829268292,0.6423357664233575,0.7862903225806451,0.7494553376906318,0.765470618824753,0.7610993657505285,0.7056716417910448,0.7563559322033899,0.7657142857142857,0.7110552763819096,0.7135678391959799,0.6306532663316583,0.7336683417085427,0.7103274559193955,0.7165304839723444,0.715901948460088,0.6901319924575738,0.7108736643620365,0.7167085427135679,0.7899543378995434,0.8146551724137931,0.868421052631579,0.8478260869565217,0.7782805429864253,0.8177777777777778,0.8117249154453213,0.8834080717488789,0.8031496062992126,0.8207126948775055,0.7148760330578512,0.7269230769230769,0.5096525096525096,0.7330827067669173,0.7226890756302521,0.7194525904203324,0.7164179104477612,0.5874751491053678,0.7147147147147147,0.7176241480038948,0.7100021190930281,0.7076644370122631,0.6828838087830893,0.7339655958077012,0.7072564875006607,0.7153600980270676,0.7157174876470888,0.7270709078860172,0.7095533033033034,0.7163341978957527,"{'cls__algorithm': 'SAMME', 'cls__learning_rate': 1.0, 'cls__n_estimators': 100, 'cls__random_state': 42, 'os__random_state': 42}",ada,lof,simple,none,smote,0.7393832817941408
110.0,95.0,119.0,97.0,110.0,404.0,419.0,507.0,417.0,404.0,46.0,43.0,20.0,35.0,49.0,164.0,167.0,78.0,175.0,161.0,69.0,71.0,127.0,71.0,66.0,287.0,285.0,415.0,285.0,290.0,173.0,189.0,132.0,195.0,172.0,736.0,720.0,591.0,714.0,737.0,0.7505422993492407,0.7682926829268292,0.6423357664233575,0.7862903225806451,0.7494553376906318,0.765470618824753,0.7610993657505285,0.7056716417910448,0.7563559322033899,0.7657142857142857,0.7110552763819096,0.7135678391959799,0.6306532663316583,0.7336683417085427,0.7103274559193955,0.7165304839723444,0.715901948460088,0.6901319924575738,0.7108736643620365,0.7167085427135679,0.7899543378995434,0.8146551724137931,0.868421052631579,0.8478260869565217,0.7782805429864253,0.8177777777777778,0.8117249154453213,0.8834080717488789,0.8031496062992126,0.8207126948775055,0.7148760330578512,0.7269230769230769,0.5096525096525096,0.7330827067669173,0.7226890756302521,0.7194525904203324,0.7164179104477612,0.5874751491053678,0.7147147147147147,0.7176241480038948,0.7100021190930281,0.7076644370122631,0.6828838087830893,0.7339655958077012,0.7072564875006607,0.7153600980270676,0.7157174876470888,0.7270709078860172,0.7095533033033034,0.7163341978957527,"{'cls__algorithm': 'SAMME', 'cls__learning_rate': 0.5, 'cls__n_estimators': 100, 'cls__random_state': 42, 'os__random_state': 42}",ada,lof,simple,none,smote,0.7393832817941408
90.0,137.0,113.0,99.0,100.0,317.0,497.0,521.0,423.0,422.0,68.0,18.0,24.0,44.0,41.0,259.0,82.0,76.0,168.0,171.0,37.0,107.0,117.0,72.0,81.0,146.0,437.0,427.0,286.0,277.0,207.0,140.0,148.0,186.0,179.0,884.0,590.0,582.0,730.0,737.0,0.7976878612716763,0.6913580246913581,0.677345537757437,0.7622950819672131,0.7458333333333332,0.8136217211228717,0.6945261918775751,0.6982603479304139,0.7628004179728318,0.7669094693028097,0.7388059701492538,0.6890547263681592,0.6492537313432836,0.7107231920199502,0.6957605985037406,0.7478206724782067,0.6768368617683687,0.686799501867995,0.7174859987554449,0.7212196639701307,0.7527272727272727,0.8860759493670886,0.8604651162790697,0.808695652173913,0.8136363636363636,0.773403324584427,0.8779761904761905,0.8844984802431611,0.8129175946547884,0.8116740088105727,0.8483606557377049,0.5668016194331984,0.5584905660377358,0.7209302325581395,0.6884615384615385,0.858252427184466,0.5744888023369036,0.576808721506442,0.718503937007874,0.7268244575936884,0.708990454451131,0.7253362935875669,0.6916540421429554,0.706618962432916,0.6988406983087834,0.7042998247033442,0.7164326567815779,0.7247527694634387,0.7171199888085056,0.7192301040076368,"{'cls__hidden_layer_sizes': (100,), 'cls__learning_rate': 'adaptive', 'cls__learning_rate_init': 0.0001, 'cls__max_iter': 1000, 'cls__n_iter_no_change': 5, 'cls__random_state': 42, 'os__random_state': 42}",mlp,none,simple,standard,smote,0.7349039678042035
91.0,118.0,91.0,116.0,138.0,308.0,508.0,420.0,510.0,488.0,65.0,20.0,48.0,16.0,21.0,260.0,78.0,165.0,82.0,77.0,37.0,111.0,89.0,103.0,98.0,144.0,431.0,278.0,439.0,444.0,205.0,149.0,170.0,163.0,140.0,879.0,574.0,728.0,560.0,583.0,0.80078125,0.6946386946386945,0.7127882599580713,0.7325842696629213,0.7017543859649124,0.8131359851988899,0.6928183464091732,0.7667193259610321,0.6825106642291286,0.6911677534084173,0.7437185929648241,0.6708542713567839,0.6557788944723618,0.7010050251256281,0.7002518891687658,0.7460716530483973,0.6800754242614707,0.721558768070396,0.6725329981143935,0.6727386934673367,0.7592592592592593,0.8816568047337278,0.7798165137614679,0.9106145251396648,0.8695652173913043,0.771729587357331,0.8803680981595092,0.8152295632698768,0.8722741433021807,0.8833333333333333,0.8471074380165289,0.573076923076923,0.6563706563706564,0.6127819548872181,0.5882352941176471,0.8592375366568915,0.5711442786069652,0.7236580516898609,0.5605605605605606,0.5676728334956183,0.7152203856749311,0.7140746934225195,0.6555234576817309,0.7457849168375484,0.728079911209767,0.7007455288918261,0.7190192382795918,0.7208033848192893,0.7110235235235236,0.7156948238274552,"{'cls__algorithm': 'SAMME', 'cls__learning_rate': 0.5, 'cls__n_estimators': 10, 'cls__random_state': 42, 'os__random_state': 42}",ada,lof,simple,none,smote,0.7285093720449198
135.0,95.0,119.0,97.0,110.0,491.0,419.0,507.0,417.0,404.0,21.0,43.0,20.0,35.0,49.0,77.0,167.0,78.0,175.0,161.0,103.0,71.0,127.0,71.0,66.0,439.0,285.0,415.0,285.0,290.0,139.0,189.0,132.0,195.0,172.0,584.0,720.0,591.0,714.0,737.0,0.691542288557214,0.7682926829268292,0.6423357664233575,0.7862903225806451,0.7494553376906318,0.6935866983372921,0.7610993657505285,0.7056716417910448,0.7563559322033899,0.7657142857142857,0.6884422110552764,0.7135678391959799,0.6306532663316583,0.7336683417085427,0.7103274559193955,0.6756756756756757,0.715901948460088,0.6901319924575738,0.7108736643620365,0.7167085427135679,0.86875,0.8146551724137931,0.868421052631579,0.8478260869565217,0.7782805429864253,0.8835098335854765,0.8117249154453213,0.8834080717488789,0.8031496062992126,0.8207126948775055,0.5743801652892562,0.7269230769230769,0.5096525096525096,0.7330827067669173,0.7226890756302521,0.570869990224829,0.7164179104477612,0.5874751491053678,0.7147147147147147,0.7176241480038948,0.7198823903369359,0.7076644370122631,0.6828838087830893,0.7339655958077012,0.7072564875006607,0.7176533049715694,0.7157174876470888,0.7270709078860172,0.7095533033033034,0.7163341978957527,"{'cls__hidden_layer_sizes': (100,), 'cls__learning_rate': 'adaptive', 'cls__learning_rate_init': 0.0001, 'cls__max_iter': 1000, 'cls__n_iter_no_change': 5, 'cls__random_state': 42, 'os__random_state': 42}",mlp,lof,simple,standard,smote,0.7275832796357355
110.0,118.0,119.0,97.0,110.0,404.0,508.0,507.0,417.0,404.0,46.0,20.0,20.0,35.0,49.0,164.0,78.0,78.0,175.0,161.0,69.0,111.0,127.0,71.0,66.0,287.0,431.0,415.0,285.0,290.0,173.0,149.0,132.0,195.0,172.0,736.0,574.0,591.0,714.0,737.0,0.7505422993492407,0.6946386946386945,0.6423357664233575,0.7862903225806451,0.7494553376906318,0.765470618824753,0.6928183464091732,0.7056716417910448,0.7563559322033899,0.7657142857142857,0.7110552763819096,0.6708542713567839,0.6306532663316583,0.7336683417085427,0.7103274559193955,0.7165304839723444,0.6800754242614707,0.6901319924575738,0.7108736643620365,0.7167085427135679,0.7899543378995434,0.8816568047337278,0.868421052631579,0.8478260869565217,0.7782805429864253,0.8177777777777778,0.8803680981595092,0.8834080717488789,0.8031496062992126,0.8207126948775055,0.7148760330578512,0.573076923076923,0.5096525096525096,0.7330827067669173,0.7226890756302521,0.7194525904203324,0.5711442786069652,0.5874751491053678,0.7147147147147147,0.7176241480038948,0.7100021190930281,0.7140746934225195,0.6828838087830893,0.7339655958077012,0.7072564875006607,0.7153600980270676,0.7190192382795918,0.7270709078860172,0.7095533033033034,0.7163341978957527,"{'cls__hidden_layer_sizes': (100,), 'cls__learning_rate': 'adaptive', 'cls__learning_rate_init': 0.001, 'cls__max_iter': 1000, 'cls__n_iter_no_change': 5, 'cls__random_state': 42, 'os__random_state': 42}",mlp,lof,simple,minmax,smote,0.724652484136514
141.0,137.0,94.0,99.0,120.0,493.0,497.0,428.0,423.0,514.0,17.0,18.0,43.0,44.0,21.0,83.0,82.0,169.0,168.0,79.0,90.0,107.0,78.0,72.0,124.0,454.0,437.0,280.0,286.0,420.0,154.0,140.0,187.0,186.0,136.0,576.0,590.0,729.0,730.0,594.0,0.7421686746987951,0.6913580246913581,0.7555555555555554,0.7622950819672131,0.6522781774580335,0.6820603907637656,0.6945261918775751,0.7645516518091243,0.7628004179728318,0.7042086544161231,0.7338308457711443,0.6890547263681592,0.6990049751243781,0.7107231920199502,0.6384039900249376,0.6656288916562889,0.6768368617683687,0.7204234122042341,0.7174859987554449,0.6894835096453018,0.9005847953216374,0.8860759493670886,0.8130434782608695,0.808695652173913,0.8662420382165605,0.874051593323217,0.8779761904761905,0.811804008908686,0.8129175946547884,0.8826151560178306,0.6311475409836066,0.5668016194331984,0.7056603773584905,0.7209302325581395,0.5230769230769231,0.5592233009708738,0.5744888023369036,0.7224975222993062,0.718503937007874,0.5857988165680473,0.7617763021373729,0.7253362935875669,0.6958958821099023,0.706618962432916,0.6870703764320785,0.7075630393743259,0.7164326567815779,0.7197077226236901,0.7171199888085056,0.7262889529720506,"{'cls__hidden_layer_sizes': (100,), 'cls__learning_rate': 'adaptive', 'cls__learning_rate_init': 0.0001, 'cls__max_iter': 1000, 'cls__n_iter_no_change': 5, 'cls__random_state': 42, 'os__random_state': 42}",mlp,none,simple,minmax,smote,0.720731102874191
135.0,118.0,91.0,116.0,110.0,491.0,508.0,420.0,510.0,404.0,21.0,20.0,48.0,16.0,49.0,77.0,78.0,165.0,82.0,161.0,103.0,111.0,89.0,103.0,66.0,439.0,431.0,278.0,439.0,290.0,139.0,149.0,170.0,163.0,172.0,584.0,574.0,728.0,560.0,737.0,0.691542288557214,0.6946386946386945,0.7127882599580713,0.7325842696629213,0.7494553376906318,0.6935866983372921,0.6928183464091732,0.7667193259610321,0.6825106642291286,0.7657142857142857,0.6884422110552764,0.6708542713567839,0.6557788944723618,0.7010050251256281,0.7103274559193955,0.6756756756756757,0.6800754242614707,0.721558768070396,0.6725329981143935,0.7167085427135679,0.86875,0.8816568047337278,0.7798165137614679,0.9106145251396648,0.7782805429864253,0.8835098335854765,0.8803680981595092,0.8152295632698768,0.8722741433021807,0.8207126948775055,0.5743801652892562,0.573076923076923,0.6563706563706564,0.6127819548872181,0.7226890756302521,0.570869990224829,0.5711442786069652,0.7236580516898609,0.5605605605605606,0.7176241480038948,0.7198823903369359,0.7140746934225195,0.6555234576817309,0.7457849168375484,0.7072564875006607,0.7176533049715694,0.7190192382795918,0.7208033848192893,0.7110235235235236,0.7163341978957527,"{'cls__algorithm': 'SAMME', 'cls__learning_rate': 1.0, 'cls__n_estimators': 10, 'cls__random_state': 42, 'os__random_state': 42}",ada,lof,simple,none,smote,0.7162017701015067
110.0,118.0,119.0,97.0,138.0,404.0,508.0,507.0,417.0,488.0,46.0,20.0,20.0,35.0,21.0,164.0,78.0,78.0,175.0,77.0,69.0,111.0,127.0,71.0,98.0,287.0,431.0,415.0,285.0,444.0,173.0,149.0,132.0,195.0,140.0,736.0,574.0,591.0,714.0,583.0,0.7505422993492407,0.6946386946386945,0.6423357664233575,0.7862903225806451,0.7017543859649124,0.765470618824753,0.6928183464091732,0.7056716417910448,0.7563559322033899,0.6911677534084173,0.7110552763819096,0.6708542713567839,0.6306532663316583,0.7336683417085427,0.7002518891687658,0.7165304839723444,0.6800754242614707,0.6901319924575738,0.7108736643620365,0.6727386934673367,0.7899543378995434,0.8816568047337278,0.868421052631579,0.8478260869565217,0.8695652173913043,0.8177777777777778,0.8803680981595092,0.8834080717488789,0.8031496062992126,0.8833333333333333,0.7148760330578512,0.573076923076923,0.5096525096525096,0.7330827067669173,0.5882352941176471,0.7194525904203324,0.5711442786069652,0.5874751491053678,0.7147147147147147,0.5676728334956183,0.7100021190930281,0.7140746934225195,0.6828838087830893,0.7339655958077012,0.728079911209767,0.7153600980270676,0.7190192382795918,0.7270709078860172,0.7095533033033034,0.7156948238274552,"{'cls__C': 0.1, 'cls__probability': True, 'cls__random_state': 42, 'os__random_state': 42}",svc,lof,simple,none,smote,0.7151122937913701
110.0,118.0,119.0,97.0,138.0,404.0,508.0,507.0,417.0,488.0,46.0,20.0,20.0,35.0,21.0,164.0,78.0,78.0,175.0,77.0,69.0,111.0,127.0,71.0,98.0,287.0,431.0,415.0,285.0,444.0,173.0,149.0,132.0,195.0,140.0,736.0,574.0,591.0,714.0,583.0,0.7505422993492407,0.6946386946386945,0.6423357664233575,0.7862903225806451,0.7017543859649124,0.765470618824753,0.6928183464091732,0.7056716417910448,0.7563559322033899,0.6911677534084173,0.7110552763819096,0.6708542713567839,0.6306532663316583,0.7336683417085427,0.7002518891687658,0.7165304839723444,0.6800754242614707,0.6901319924575738,0.7108736643620365,0.6727386934673367,0.7899543378995434,0.8816568047337278,0.868421052631579,0.8478260869565217,0.8695652173913043,0.8177777777777778,0.8803680981595092,0.8834080717488789,0.8031496062992126,0.8833333333333333,0.7148760330578512,0.573076923076923,0.5096525096525096,0.7330827067669173,0.5882352941176471,0.7194525904203324,0.5711442786069652,0.5874751491053678,0.7147147147147147,0.5676728334956183,0.7100021190930281,0.7140746934225195,0.6828838087830893,0.7339655958077012,0.728079911209767,0.7153600980270676,0.7190192382795918,0.7270709078860172,0.7095533033033034,0.7156948238274552,"{'cls__hidden_layer_sizes': (100,), 'cls__learning_rate': 'adaptive', 'cls__learning_rate_init': 0.001, 'cls__max_iter': 1000, 'cls__n_iter_no_change': 5, 'cls__random_state': 42, 'os__random_state': 42}",mlp,lof,simple,none,smote,0.7151122937913701
135.0,118.0,119.0,97.0,110.0,491.0,508.0,507.0,417.0,404.0,21.0,20.0,20.0,35.0,49.0,77.0,78.0,78.0,175.0,161.0,103.0,111.0,127.0,71.0,66.0,439.0,431.0,415.0,285.0,290.0,139.0,149.0,132.0,195.0,172.0,584.0,574.0,591.0,714.0,737.0,0.691542288557214,0.6946386946386945,0.6423357664233575,0.7862903225806451,0.7494553376906318,0.6935866983372921,0.6928183464091732,0.7056716417910448,0.7563559322033899,0.7657142857142857,0.6884422110552764,0.6708542713567839,0.6306532663316583,0.7336683417085427,0.7103274559193955,0.6756756756756757,0.6800754242614707,0.6901319924575738,0.7108736643620365,0.7167085427135679,0.86875,0.8816568047337278,0.868421052631579,0.8478260869565217,0.7782805429864253,0.8835098335854765,0.8803680981595092,0.8834080717488789,0.8031496062992126,0.8207126948775055,0.5743801652892562,0.573076923076923,0.5096525096525096,0.7330827067669173,0.7226890756302521,0.570869990224829,0.5711442786069652,0.5874751491053678,0.7147147147147147,0.7176241480038948,0.7198823903369359,0.7140746934225195,0.6828838087830893,0.7339655958077012,0.7072564875006607,0.7176533049715694,0.7190192382795918,0.7270709078860172,0.7095533033033034,0.7163341978957527,"{'cls__hidden_layer_sizes': (100,), 'cls__learning_rate': 'adaptive', 'cls__learning_rate_init': 0.0001, 'cls__max_iter': 1000, 'cls__n_iter_no_change': 5, 'cls__random_state': 42, 'os__random_state': 42}",mlp,lof,simple,minmax,smote,0.7128524819781086
110.0,118.0,121.0,98.0,139.0,404.0,508.0,516.0,427.0,498.0,46.0,20.0,18.0,34.0,20.0,164.0,78.0,69.0,165.0,67.0,69.0,111.0,130.0,75.0,101.0,287.0,431.0,429.0,298.0,458.0,173.0,149.0,129.0,191.0,137.0,736.0,574.0,577.0,701.0,569.0,0.7505422993492407,0.6946386946386945,0.6354679802955665,0.7780040733197556,0.6936708860759493,0.765470618824753,0.6928183464091732,0.698547215496368,0.7517426273458445,0.6843054720384847,0.7110552763819096,0.6708542713567839,0.628140703517588,0.7261306532663316,0.6952141057934509,0.7165304839723444,0.6800754242614707,0.6869893148962917,0.7089880578252671,0.6702261306532663,0.7899543378995434,0.8816568047337278,0.8775510204081632,0.8488888888888889,0.8726114649681529,0.8177777777777778,0.8803680981595092,0.8931888544891641,0.8094688221709007,0.8946540880503144,0.7148760330578512,0.573076923076923,0.4980694980694981,0.7180451127819549,0.5756302521008403,0.7194525904203324,0.5711442786069652,0.5735586481113321,0.7017017017017017,0.5540408958130477,0.7100021190930281,0.7140746934225195,0.6842865475959002,0.7302346776030987,0.7249220442894139,0.7153600980270676,0.7190192382795918,0.727804965081307,0.7114927427427427,0.7177284125082939,"{'cls__C': 10, 'cls__probability': True, 'cls__random_state': 42, 'os__random_state': 42}",svc,lof,simple,standard,smote,0.7104647867358415
110.0,118.0,121.0,98.0,139.0,404.0,508.0,516.0,427.0,498.0,46.0,20.0,18.0,34.0,20.0,164.0,78.0,69.0,165.0,67.0,69.0,111.0,130.0,75.0,101.0,287.0,431.0,429.0,298.0,458.0,173.0,149.0,129.0,191.0,137.0,736.0,574.0,577.0,701.0,569.0,0.7505422993492407,0.6946386946386945,0.6354679802955665,0.7780040733197556,0.6936708860759493,0.765470618824753,0.6928183464091732,0.698547215496368,0.7517426273458445,0.6843054720384847,0.7110552763819096,0.6708542713567839,0.628140703517588,0.7261306532663316,0.6952141057934509,0.7165304839723444,0.6800754242614707,0.6869893148962917,0.7089880578252671,0.6702261306532663,0.7899543378995434,0.8816568047337278,0.8775510204081632,0.8488888888888889,0.8726114649681529,0.8177777777777778,0.8803680981595092,0.8931888544891641,0.8094688221709007,0.8946540880503144,0.7148760330578512,0.573076923076923,0.4980694980694981,0.7180451127819549,0.5756302521008403,0.7194525904203324,0.5711442786069652,0.5735586481113321,0.7017017017017017,0.5540408958130477,0.7100021190930281,0.7140746934225195,0.6842865475959002,0.7302346776030987,0.7249220442894139,0.7153600980270676,0.7190192382795918,0.727804965081307,0.7114927427427427,0.7177284125082939,"{'cls__C': 1, 'cls__probability': True, 'cls__random_state': 42, 'os__random_state': 42}",svc,lof,simple,standard,smote,0.7104647867358415
113.0,118.0,121.0,98.0,139.0,412.0,508.0,516.0,427.0,498.0,43.0,20.0,18.0,34.0,20.0,156.0,78.0,69.0,165.0,67.0,72.0,111.0,130.0,75.0,101.0,301.0,431.0,429.0,298.0,458.0,170.0,149.0,129.0,191.0,137.0,722.0,574.0,577.0,701.0,569.0,0.7472527472527472,0.6946386946386945,0.6354679802955665,0.7780040733197556,0.6936708860759493,0.7596002104155708,0.6928183464091732,0.698547215496368,0.7517426273458445,0.6843054720384847,0.7110552763819096,0.6708542713567839,0.628140703517588,0.7261306532663316,0.6952141057934509,0.7127592708988058,0.6800754242614707,0.6869893148962917,0.7089880578252671,0.6702261306532663,0.7981220657276995,0.8816568047337278,0.8775510204081632,0.8488888888888889,0.8726114649681529,0.8223234624145785,0.8803680981595092,0.8931888544891641,0.8094688221709007,0.8946540880503144,0.7024793388429752,0.573076923076923,0.4980694980694981,0.7180451127819549,0.5756302521008403,0.7057673509286413,0.5711442786069652,0.5735586481113321,0.7017017017017017,0.5540408958130477,0.7134191566009748,0.7140746934225195,0.6842865475959002,0.7302346776030987,0.7249220442894139,0.7155597318023488,0.7190192382795918,0.727804965081307,0.7114927427427427,0.7177284125082939,"{'cls__C': 10, 'cls__probability': True, 'cls__random_state': 42, 'os__random_state': 42}",svc,lof,simple,minmax,smote,0.7098068763165427
111.0,137.0,113.0,99.0,120.0,408.0,497.0,521.0,424.0,514.0,47.0,18.0,24.0,44.0,21.0,168.0,82.0,76.0,167.0,79.0,63.0,107.0,117.0,75.0,124.0,306.0,437.0,427.0,286.0,420.0,181.0,140.0,148.0,183.0,136.0,724.0,590.0,582.0,730.0,594.0,0.766949152542373,0.6913580246913581,0.677345537757437,0.7546391752577318,0.6522781774580335,0.7533818938605619,0.6945261918775751,0.6982603479304139,0.763199163617355,0.7042086544161231,0.7263681592039801,0.6890547263681592,0.6492537313432836,0.7032418952618454,0.6384039900249376,0.7048567870485679,0.6768368617683687,0.686799501867995,0.7181082762912259,0.6894835096453018,0.793859649122807,0.8860759493670886,0.8604651162790697,0.8061674008810573,0.8662420382165605,0.8116591928251121,0.8779761904761905,0.8844984802431611,0.8138238573021181,0.8826151560178306,0.7418032786885246,0.5668016194331984,0.5584905660377358,0.7093023255813954,0.5230769230769231,0.7029126213592233,0.5744888023369036,0.576808721506442,0.718503937007874,0.5857988165680473,0.7221674621290725,0.7253362935875669,0.6916540421429554,0.7008050089445438,0.6870703764320785,0.7056229773462782,0.7164326567815779,0.7247527694634387,0.7179660124971688,0.7262889529720506,"{'cls__C': 0.1, 'cls__probability': True, 'cls__random_state': 42, 'os__random_state': 42}",svc,none,simple,standard,smote,0.7085140135413867
141.0,137.0,113.0,98.0,120.0,493.0,497.0,521.0,422.0,514.0,17.0,18.0,24.0,45.0,21.0,83.0,82.0,76.0,169.0,79.0,90.0,107.0,117.0,72.0,124.0,454.0,437.0,427.0,285.0,420.0,154.0,140.0,148.0,186.0,136.0,576.0,590.0,582.0,731.0,594.0,0.7421686746987951,0.6913580246913581,0.677345537757437,0.7607361963190185,0.6522781774580335,0.6820603907637656,0.6945261918775751,0.6982603479304139,0.7630480167014614,0.7042086544161231,0.7338308457711443,0.6890547263681592,0.6492537313432836,0.7082294264339152,0.6384039900249376,0.6656288916562889,0.6768368617683687,0.686799501867995,0.7174859987554449,0.6894835096453018,0.9005847953216374,0.8860759493670886,0.8604651162790697,0.8051948051948052,0.8662420382165605,0.874051593323217,0.8779761904761905,0.8844984802431611,0.8122222222222222,0.8826151560178306,0.6311475409836066,0.5668016194331984,0.5584905660377358,0.7209302325581395,0.5230769230769231,0.5592233009708738,0.5744888023369036,0.576808721506442,0.719488188976378,0.5857988165680473,0.7617763021373729,0.7253362935875669,0.6916540421429554,0.7031224589364123,0.6870703764320785,0.7075630393743259,0.7164326567815779,0.7247527694634387,0.7167660911040944,0.7262889529720506,"{'cls__C': 0.1, 'cls__probability': True, 'cls__random_state': 42, 'os__random_state': 42}",svc,none,simple,minmax,smote,0.7047773221849284
111.0,137.0,113.0,99.0,120.0,420.0,497.0,521.0,424.0,514.0,47.0,18.0,24.0,44.0,21.0,156.0,82.0,76.0,167.0,79.0,71.0,107.0,117.0,75.0,124.0,319.0,437.0,427.0,286.0,420.0,173.0,140.0,148.0,183.0,136.0,711.0,590.0,582.0,730.0,594.0,0.7456896551724138,0.6913580246913581,0.677345537757437,0.7546391752577318,0.6522781774580335,0.7496046389035318,0.6945261918775751,0.6982603479304139,0.763199163617355,0.7042086544161231,0.7064676616915423,0.6890547263681592,0.6492537313432836,0.7032418952618454,0.6384039900249376,0.7042341220423413,0.6768368617683687,0.686799501867995,0.7181082762912259,0.6894835096453018,0.7863636363636364,0.8860759493670886,0.8604651162790697,0.8061674008810573,0.8662420382165605,0.8200692041522492,0.8779761904761905,0.8844984802431611,0.8138238573021181,0.8826151560178306,0.7090163934426229,0.5668016194331984,0.5584905660377358,0.7093023255813954,0.5230769230769231,0.6902912621359223,0.5744888023369036,0.576808721506442,0.718503937007874,0.5857988165680473,0.7057740195061216,0.7253362935875669,0.6916540421429554,0.7008050089445438,0.6870703764320785,0.7097289644012945,0.7164326567815779,0.7247527694634387,0.7179660124971688,0.7262889529720506,"{'cls__C': 0.1, 'cls__probability': True, 'cls__random_state': 42, 'os__random_state': 42}",svc,none,simple,none,smote,0.7042621140673948
111.0,140.0,112.0,99.0,120.0,419.0,505.0,521.0,424.0,513.0,47.0,15.0,25.0,44.0,21.0,157.0,74.0,76.0,167.0,80.0,69.0,110.0,117.0,75.0,124.0,317.0,451.0,426.0,286.0,419.0,175.0,137.0,148.0,183.0,136.0,713.0,576.0,583.0,730.0,595.0,0.7510729613733904,0.68671679197995,0.6757990867579908,0.7546391752577318,0.6522781774580335,0.7505263157894737,0.6869409660107335,0.6990407673860911,0.763199163617355,0.7045589105979869,0.7114427860696517,0.6890547263681592,0.6467661691542289,0.7032418952618454,0.6384039900249376,0.7048567870485679,0.6731008717310087,0.6874221668742216,0.7181082762912259,0.6894835096453018,0.7882882882882883,0.9013157894736842,0.8554913294797688,0.8061674008810573,0.8662420382165605,0.8195402298850575,0.8861538461538462,0.8846737481031867,0.8138238573021181,0.8814814814814815,0.7172131147540983,0.5546558704453441,0.5584905660377358,0.7093023255813954,0.5230769230769231,0.6922330097087379,0.560856864654333,0.5777998017839445,0.718503937007874,0.5867850098619329,0.7098723801618593,0.7289408384484785,0.6880044071064592,0.7008050089445438,0.6870703764320785,0.7098317826321467,0.7165251508073047,0.72524830960219,0.7179660124971688,0.7259388792985888,"{'cls__C': 10, 'cls__probability': True, 'cls__random_state': 42, 'os__random_state': 42}",svc,none,simple,standard,smote,0.7041012385654193
111.0,140.0,112.0,99.0,120.0,419.0,505.0,521.0,424.0,514.0,47.0,15.0,25.0,44.0,21.0,157.0,74.0,76.0,167.0,79.0,69.0,110.0,117.0,75.0,124.0,317.0,451.0,426.0,286.0,420.0,175.0,137.0,148.0,183.0,136.0,713.0,576.0,583.0,730.0,594.0,0.7510729613733904,0.68671679197995,0.6757990867579908,0.7546391752577318,0.6522781774580335,0.7505263157894737,0.6869409660107335,0.6990407673860911,0.763199163617355,0.7042086544161231,0.7114427860696517,0.6890547263681592,0.6467661691542289,0.7032418952618454,0.6384039900249376,0.7048567870485679,0.6731008717310087,0.6874221668742216,0.7181082762912259,0.6894835096453018,0.7882882882882883,0.9013157894736842,0.8554913294797688,0.8061674008810573,0.8662420382165605,0.8195402298850575,0.8861538461538462,0.8846737481031867,0.8138238573021181,0.8826151560178306,0.7172131147540983,0.5546558704453441,0.5584905660377358,0.7093023255813954,0.5230769230769231,0.6922330097087379,0.560856864654333,0.5777998017839445,0.718503937007874,0.5857988165680473,0.7098723801618593,0.7289408384484785,0.6880044071064592,0.7008050089445438,0.6870703764320785,0.7098317826321467,0.7165251508073047,0.72524830960219,0.7179660124971688,0.7262889529720506,"{'cls__C': 1, 'cls__probability': True, 'cls__random_state': 42, 'os__random_state': 42}",svc,none,simple,standard,smote,0.7041012385654193
111.0,140.0,112.0,99.0,120.0,419.0,504.0,521.0,424.0,513.0,47.0,15.0,25.0,44.0,21.0,157.0,75.0,76.0,167.0,80.0,69.0,110.0,117.0,75.0,124.0,317.0,450.0,426.0,286.0,419.0,175.0,137.0,148.0,183.0,136.0,713.0,577.0,583.0,730.0,595.0,0.7510729613733904,0.68671679197995,0.6757990867579908,0.7546391752577318,0.6522781774580335,0.7505263157894737,0.6873138773079214,0.6990407673860911,0.763199163617355,0.7045589105979869,0.7114427860696517,0.6890547263681592,0.6467661691542289,0.7032418952618454,0.6384039900249376,0.7048567870485679,0.6731008717310087,0.6874221668742216,0.7181082762912259,0.6894835096453018,0.7882882882882883,0.9013157894736842,0.8554913294797688,0.8061674008810573,0.8662420382165605,0.8195402298850575,0.8849693251533742,0.8846737481031867,0.8138238573021181,0.8814814814814815,0.7172131147540983,0.5546558704453441,0.5584905660377358,0.7093023255813954,0.5230769230769231,0.6922330097087379,0.5618305744888024,0.5777998017839445,0.718503937007874,0.5867850098619329,0.7098723801618593,0.7289408384484785,0.6880044071064592,0.7008050089445438,0.6870703764320785,0.7098317826321467,0.7161484478661628,0.72524830960219,0.7179660124971688,0.7259388792985888,"{'cls__criterion': 'entropy', 'cls__max_depth': None, 'cls__max_features': 'log2', 'cls__random_state': 42, 'os__random_state': 42}",rf,none,simple,none,smote,0.7041012385654193
111.0,140.0,112.0,99.0,120.0,419.0,505.0,521.0,424.0,513.0,47.0,15.0,25.0,44.0,21.0,157.0,74.0,76.0,167.0,80.0,69.0,110.0,117.0,75.0,124.0,317.0,451.0,426.0,286.0,419.0,175.0,137.0,148.0,183.0,136.0,713.0,576.0,583.0,730.0,595.0,0.7510729613733904,0.68671679197995,0.6757990867579908,0.7546391752577318,0.6522781774580335,0.7505263157894737,0.6869409660107335,0.6990407673860911,0.763199163617355,0.7045589105979869,0.7114427860696517,0.6890547263681592,0.6467661691542289,0.7032418952618454,0.6384039900249376,0.7048567870485679,0.6731008717310087,0.6874221668742216,0.7181082762912259,0.6894835096453018,0.7882882882882883,0.9013157894736842,0.8554913294797688,0.8061674008810573,0.8662420382165605,0.8195402298850575,0.8861538461538462,0.8846737481031867,0.8138238573021181,0.8814814814814815,0.7172131147540983,0.5546558704453441,0.5584905660377358,0.7093023255813954,0.5230769230769231,0.6922330097087379,0.560856864654333,0.5777998017839445,0.718503937007874,0.5867850098619329,0.7098723801618593,0.7289408384484785,0.6880044071064592,0.7008050089445438,0.6870703764320785,0.7098317826321467,0.7165251508073047,0.72524830960219,0.7179660124971688,0.7259388792985888,"{'cls__C': 10, 'cls__probability': True, 'cls__random_state': 42, 'os__random_state': 42}",svc,none,simple,minmax,smote,0.7041012385654193
141.0,137.0,113.0,99.0,120.0,494.0,497.0,521.0,423.0,514.0,17.0,18.0,24.0,44.0,21.0,82.0,82.0,76.0,168.0,79.0,92.0,107.0,117.0,72.0,124.0,456.0,437.0,427.0,286.0,420.0,152.0,140.0,148.0,186.0,136.0,574.0,590.0,582.0,730.0,594.0,0.7360774818401938,0.6913580246913581,0.677345537757437,0.7622950819672131,0.6522781774580335,0.6809015421115067,0.6945261918775751,0.6982603479304139,0.7628004179728318,0.7042086544161231,0.7288557213930348,0.6890547263681592,0.6492537313432836,0.7107231920199502,0.6384039900249376,0.6650062266500623,0.6768368617683687,0.686799501867995,0.7174859987554449,0.6894835096453018,0.8994082840236687,0.8860759493670886,0.8604651162790697,0.808695652173913,0.8662420382165605,0.875,0.8779761904761905,0.8844984802431611,0.8129175946547884,0.8826151560178306,0.6229508196721312,0.5668016194331984,0.5584905660377358,0.7209302325581395,0.5230769230769231,0.5572815533980583,0.5744888023369036,0.576808721506442,0.718503937007874,0.5857988165680473,0.7576779414816353,0.7253362935875669,0.6916540421429554,0.706618962432916,0.6870703764320785,0.7074602211434735,0.7164326567815779,0.7247527694634387,0.7171199888085056,0.7262889529720506,"{'cls__hidden_layer_sizes': (100,), 'cls__learning_rate': 'adaptive', 'cls__learning_rate_init': 0.001, 'cls__max_iter': 1000, 'cls__n_iter_no_change': 5, 'cls__random_state': 42, 'os__random_state': 42}",mlp,none,simple,none,smote,0.7038708607428471
111.0,140.0,112.0,98.0,120.0,419.0,505.0,521.0,423.0,514.0,47.0,15.0,25.0,45.0,21.0,157.0,74.0,76.0,168.0,79.0,69.0,110.0,117.0,75.0,124.0,317.0,451.0,426.0,285.0,420.0,175.0,137.0,148.0,183.0,136.0,713.0,576.0,583.0,731.0,594.0,0.7510729613733904,0.68671679197995,0.6757990867579908,0.7530864197530864,0.6522781774580335,0.7505263157894737,0.6869409660107335,0.6990407673860911,0.7634464751958225,0.7042086544161231,0.7114427860696517,0.6890547263681592,0.6467661691542289,0.7007481296758105,0.6384039900249376,0.7048567870485679,0.6731008717310087,0.6874221668742216,0.7181082762912259,0.6894835096453018,0.7882882882882883,0.9013157894736842,0.8554913294797688,0.8026315789473685,0.8662420382165605,0.8195402298850575,0.8861538461538462,0.8846737481031867,0.8131256952169077,0.8826151560178306,0.7172131147540983,0.5546558704453441,0.5584905660377358,0.7093023255813954,0.5230769230769231,0.6922330097087379,0.560856864654333,0.5777998017839445,0.719488188976378,0.5857988165680473,0.7098723801618593,0.7289408384484785,0.6880044071064592,0.6973085054480402,0.6870703764320785,0.7098317826321467,0.7165251508073047,0.72524830960219,0.7176121147927575,0.7262889529720506,"{'cls__C': 1, 'cls__probability': True, 'cls__random_state': 42, 'os__random_state': 42}",svc,none,simple,minmax,smote,0.7037906874644902
111.0,139.0,112.0,99.0,120.0,419.0,503.0,521.0,424.0,513.0,47.0,16.0,25.0,44.0,21.0,157.0,76.0,76.0,167.0,80.0,69.0,110.0,117.0,75.0,124.0,317.0,449.0,426.0,286.0,419.0,175.0,137.0,148.0,183.0,136.0,713.0,578.0,583.0,730.0,595.0,0.7510729613733904,0.685,0.6757990867579908,0.7546391752577318,0.6522781774580335,0.7505263157894737,0.6876859012492563,0.6990407673860911,0.763199163617355,0.7045589105979869,0.7114427860696517,0.6865671641791045,0.6467661691542289,0.7032418952618454,0.6384039900249376,0.7048567870485679,0.6731008717310087,0.6874221668742216,0.7181082762912259,0.6894835096453018,0.7882882882882883,0.8954248366013072,0.8554913294797688,0.8061674008810573,0.8662420382165605,0.8195402298850575,0.8837920489296636,0.8846737481031867,0.8138238573021181,0.8814814814814815,0.7172131147540983,0.5546558704453441,0.5584905660377358,0.7093023255813954,0.5230769230769231,0.6922330097087379,0.5628042843232717,0.5777998017839445,0.718503937007874,0.5867850098619329,0.7098723801618593,0.7257150319968656,0.6880044071064592,0.7008050089445438,0.6870703764320785,0.7098317826321467,0.715771744925021,0.72524830960219,0.7179660124971688,0.7259388792985888,"{'cls__criterion': 'gini', 'cls__max_depth': None, 'cls__max_features': 'log2', 'cls__random_state': 42, 'os__random_state': 42}",rf,none,simple,none,smote,0.7037578801694294
135.0,118.0,119.0,97.0,138.0,491.0,508.0,507.0,417.0,488.0,21.0,20.0,20.0,35.0,21.0,77.0,78.0,78.0,175.0,77.0,103.0,111.0,127.0,71.0,98.0,439.0,431.0,415.0,285.0,444.0,139.0,149.0,132.0,195.0,140.0,584.0,574.0,591.0,714.0,583.0,0.691542288557214,0.6946386946386945,0.6423357664233575,0.7862903225806451,0.7017543859649124,0.6935866983372921,0.6928183464091732,0.7056716417910448,0.7563559322033899,0.6911677534084173,0.6884422110552764,0.6708542713567839,0.6306532663316583,0.7336683417085427,0.7002518891687658,0.6756756756756757,0.6800754242614707,0.6901319924575738,0.7108736643620365,0.6727386934673367,0.86875,0.8816568047337278,0.868421052631579,0.8478260869565217,0.8695652173913043,0.8835098335854765,0.8803680981595092,0.8834080717488789,0.8031496062992126,0.8833333333333333,0.5743801652892562,0.573076923076923,0.5096525096525096,0.7330827067669173,0.5882352941176471,0.570869990224829,0.5711442786069652,0.5874751491053678,0.7147147147147147,0.5676728334956183,0.7198823903369359,0.7140746934225195,0.6828838087830893,0.7339655958077012,0.728079911209767,0.7176533049715694,0.7190192382795918,0.7270709078860172,0.7095533033033034,0.7156948238274552,"{'cls__C': 0.1, 'cls__probability': True, 'cls__random_state': 42, 'os__random_state': 42}",svc,lof,simple,minmax,smote,0.7033122916329646
135.0,118.0,119.0,97.0,138.0,491.0,508.0,507.0,417.0,488.0,21.0,20.0,20.0,35.0,21.0,77.0,78.0,78.0,175.0,77.0,103.0,111.0,127.0,71.0,98.0,439.0,431.0,415.0,285.0,444.0,139.0,149.0,132.0,195.0,140.0,584.0,574.0,591.0,714.0,583.0,0.691542288557214,0.6946386946386945,0.6423357664233575,0.7862903225806451,0.7017543859649124,0.6935866983372921,0.6928183464091732,0.7056716417910448,0.7563559322033899,0.6911677534084173,0.6884422110552764,0.6708542713567839,0.6306532663316583,0.7336683417085427,0.7002518891687658,0.6756756756756757,0.6800754242614707,0.6901319924575738,0.7108736643620365,0.6727386934673367,0.86875,0.8816568047337278,0.868421052631579,0.8478260869565217,0.8695652173913043,0.8835098335854765,0.8803680981595092,0.8834080717488789,0.8031496062992126,0.8833333333333333,0.5743801652892562,0.573076923076923,0.5096525096525096,0.7330827067669173,0.5882352941176471,0.570869990224829,0.5711442786069652,0.5874751491053678,0.7147147147147147,0.5676728334956183,0.7198823903369359,0.7140746934225195,0.6828838087830893,0.7339655958077012,0.728079911209767,0.7176533049715694,0.7190192382795918,0.7270709078860172,0.7095533033033034,0.7156948238274552,"{'cls__C': 0.1, 'cls__probability': True, 'cls__random_state': 42, 'os__random_state': 42}",svc,lof,simple,standard,smote,0.7033122916329646
111.0,140.0,112.0,99.0,120.0,420.0,505.0,521.0,424.0,513.0,47.0,15.0,25.0,44.0,21.0,156.0,74.0,76.0,167.0,80.0,71.0,110.0,117.0,75.0,124.0,319.0,451.0,426.0,286.0,419.0,173.0,137.0,148.0,183.0,136.0,711.0,576.0,583.0,730.0,595.0,0.7456896551724138,0.68671679197995,0.6757990867579908,0.7546391752577318,0.6522781774580335,0.7496046389035318,0.6869409660107335,0.6990407673860911,0.763199163617355,0.7045589105979869,0.7064676616915423,0.6890547263681592,0.6467661691542289,0.7032418952618454,0.6384039900249376,0.7042341220423413,0.6731008717310087,0.6874221668742216,0.7181082762912259,0.6894835096453018,0.7863636363636364,0.9013157894736842,0.8554913294797688,0.8061674008810573,0.8662420382165605,0.8200692041522492,0.8861538461538462,0.8846737481031867,0.8138238573021181,0.8814814814814815,0.7090163934426229,0.5546558704453441,0.5584905660377358,0.7093023255813954,0.5230769230769231,0.6902912621359223,0.560856864654333,0.5777998017839445,0.718503937007874,0.5867850098619329,0.7057740195061216,0.7289408384484785,0.6880044071064592,0.7008050089445438,0.6870703764320785,0.7097289644012945,0.7165251508073047,0.72524830960219,0.7179660124971688,0.7259388792985888,"{'cls__C': 10, 'cls__probability': True, 'cls__random_state': 42, 'os__random_state': 42}",svc,none,simple,none,smote,0.703024577325224
111.0,140.0,112.0,99.0,120.0,420.0,505.0,521.0,424.0,513.0,47.0,15.0,25.0,44.0,21.0,156.0,74.0,76.0,167.0,80.0,71.0,110.0,117.0,75.0,124.0,319.0,451.0,426.0,286.0,419.0,173.0,137.0,148.0,183.0,136.0,711.0,576.0,583.0,730.0,595.0,0.7456896551724138,0.68671679197995,0.6757990867579908,0.7546391752577318,0.6522781774580335,0.7496046389035318,0.6869409660107335,0.6990407673860911,0.763199163617355,0.7045589105979869,0.7064676616915423,0.6890547263681592,0.6467661691542289,0.7032418952618454,0.6384039900249376,0.7042341220423413,0.6731008717310087,0.6874221668742216,0.7181082762912259,0.6894835096453018,0.7863636363636364,0.9013157894736842,0.8554913294797688,0.8061674008810573,0.8662420382165605,0.8200692041522492,0.8861538461538462,0.8846737481031867,0.8138238573021181,0.8814814814814815,0.7090163934426229,0.5546558704453441,0.5584905660377358,0.7093023255813954,0.5230769230769231,0.6902912621359223,0.560856864654333,0.5777998017839445,0.718503937007874,0.5867850098619329,0.7057740195061216,0.7289408384484785,0.6880044071064592,0.7008050089445438,0.6870703764320785,0.7097289644012945,0.7165251508073047,0.72524830960219,0.7179660124971688,0.7259388792985888,"{'cls__C': 1, 'cls__probability': True, 'cls__random_state': 42, 'os__random_state': 42}",svc,none,simple,none,smote,0.703024577325224
135.0,118.0,119.0,116.0,110.0,491.0,508.0,507.0,510.0,404.0,21.0,20.0,20.0,16.0,49.0,77.0,78.0,78.0,82.0,161.0,103.0,111.0,127.0,103.0,66.0,439.0,431.0,415.0,439.0,290.0,139.0,149.0,132.0,163.0,172.0,584.0,574.0,591.0,560.0,737.0,0.691542288557214,0.6946386946386945,0.6423357664233575,0.7325842696629213,0.7494553376906318,0.6935866983372921,0.6928183464091732,0.7056716417910448,0.6825106642291286,0.7657142857142857,0.6884422110552764,0.6708542713567839,0.6306532663316583,0.7010050251256281,0.7103274559193955,0.6756756756756757,0.6800754242614707,0.6901319924575738,0.6725329981143935,0.7167085427135679,0.86875,0.8816568047337278,0.868421052631579,0.9106145251396648,0.7782805429864253,0.8835098335854765,0.8803680981595092,0.8834080717488789,0.8722741433021807,0.8207126948775055,0.5743801652892562,0.573076923076923,0.5096525096525096,0.6127819548872181,0.7226890756302521,0.570869990224829,0.5711442786069652,0.5874751491053678,0.5605605605605606,0.7176241480038948,0.7198823903369359,0.7140746934225195,0.6828838087830893,0.7457849168375484,0.7072564875006607,0.7176533049715694,0.7190192382795918,0.7270709078860172,0.7110235235235236,0.7163341978957527,{},nb,lof,simple,minmax,none,0.7021112713945639
135.0,118.0,119.0,116.0,110.0,491.0,508.0,507.0,510.0,404.0,21.0,20.0,20.0,16.0,49.0,77.0,78.0,78.0,82.0,161.0,103.0,111.0,127.0,103.0,66.0,439.0,431.0,415.0,439.0,290.0,139.0,149.0,132.0,163.0,172.0,584.0,574.0,591.0,560.0,737.0,0.691542288557214,0.6946386946386945,0.6423357664233575,0.7325842696629213,0.7494553376906318,0.6935866983372921,0.6928183464091732,0.7056716417910448,0.6825106642291286,0.7657142857142857,0.6884422110552764,0.6708542713567839,0.6306532663316583,0.7010050251256281,0.7103274559193955,0.6756756756756757,0.6800754242614707,0.6901319924575738,0.6725329981143935,0.7167085427135679,0.86875,0.8816568047337278,0.868421052631579,0.9106145251396648,0.7782805429864253,0.8835098335854765,0.8803680981595092,0.8834080717488789,0.8722741433021807,0.8207126948775055,0.5743801652892562,0.573076923076923,0.5096525096525096,0.6127819548872181,0.7226890756302521,0.570869990224829,0.5711442786069652,0.5874751491053678,0.5605605605605606,0.7176241480038948,0.7198823903369359,0.7140746934225195,0.6828838087830893,0.7457849168375484,0.7072564875006607,0.7176533049715694,0.7190192382795918,0.7270709078860172,0.7110235235235236,0.7163341978957527,{},nb,lof,simple,standard,none,0.7021112713945639
135.0,118.0,119.0,116.0,110.0,491.0,508.0,507.0,510.0,404.0,21.0,20.0,20.0,16.0,49.0,77.0,78.0,78.0,82.0,161.0,103.0,111.0,127.0,103.0,66.0,439.0,431.0,415.0,439.0,290.0,139.0,149.0,132.0,163.0,172.0,584.0,574.0,591.0,560.0,737.0,0.691542288557214,0.6946386946386945,0.6423357664233575,0.7325842696629213,0.7494553376906318,0.6935866983372921,0.6928183464091732,0.7056716417910448,0.6825106642291286,0.7657142857142857,0.6884422110552764,0.6708542713567839,0.6306532663316583,0.7010050251256281,0.7103274559193955,0.6756756756756757,0.6800754242614707,0.6901319924575738,0.6725329981143935,0.7167085427135679,0.86875,0.8816568047337278,0.868421052631579,0.9106145251396648,0.7782805429864253,0.8835098335854765,0.8803680981595092,0.8834080717488789,0.8722741433021807,0.8207126948775055,0.5743801652892562,0.573076923076923,0.5096525096525096,0.6127819548872181,0.7226890756302521,0.570869990224829,0.5711442786069652,0.5874751491053678,0.5605605605605606,0.7176241480038948,0.7198823903369359,0.7140746934225195,0.6828838087830893,0.7457849168375484,0.7072564875006607,0.7176533049715694,0.7190192382795918,0.7270709078860172,0.7110235235235236,0.7163341978957527,{},nb,lof,simple,none,none,0.7021112713945639
135.0,118.0,121.0,97.0,138.0,491.0,508.0,516.0,417.0,488.0,21.0,20.0,18.0,35.0,21.0,77.0,78.0,69.0,175.0,77.0,103.0,111.0,130.0,71.0,98.0,439.0,431.0,429.0,285.0,444.0,139.0,149.0,129.0,195.0,140.0,584.0,574.0,577.0,714.0,583.0,0.691542288557214,0.6946386946386945,0.6354679802955665,0.7862903225806451,0.7017543859649124,0.6935866983372921,0.6928183464091732,0.698547215496368,0.7563559322033899,0.6911677534084173,0.6884422110552764,0.6708542713567839,0.628140703517588,0.7336683417085427,0.7002518891687658,0.6756756756756757,0.6800754242614707,0.6869893148962917,0.7108736643620365,0.6727386934673367,0.86875,0.8816568047337278,0.8775510204081632,0.8478260869565217,0.8695652173913043,0.8835098335854765,0.8803680981595092,0.8931888544891641,0.8031496062992126,0.8833333333333333,0.5743801652892562,0.573076923076923,0.4980694980694981,0.7330827067669173,0.5882352941176471,0.570869990224829,0.5711442786069652,0.5735586481113321,0.7147147147147147,0.5676728334956183,0.7198823903369359,0.7140746934225195,0.6842865475959002,0.7339655958077012,0.728079911209767,0.7176533049715694,0.7190192382795918,0.727804965081307,0.7095533033033034,0.7156948238274552,"{'cls__C': 1, 'cls__probability': True, 'cls__random_state': 42, 'os__random_state': 42}",svc,lof,simple,minmax,smote,0.7019387344074064
135.0,118.0,121.0,97.0,138.0,491.0,508.0,516.0,417.0,488.0,21.0,20.0,18.0,35.0,21.0,77.0,78.0,69.0,175.0,77.0,103.0,111.0,130.0,71.0,98.0,439.0,431.0,429.0,285.0,444.0,139.0,149.0,129.0,195.0,140.0,584.0,574.0,577.0,714.0,583.0,0.691542288557214,0.6946386946386945,0.6354679802955665,0.7862903225806451,0.7017543859649124,0.6935866983372921,0.6928183464091732,0.698547215496368,0.7563559322033899,0.6911677534084173,0.6884422110552764,0.6708542713567839,0.628140703517588,0.7336683417085427,0.7002518891687658,0.6756756756756757,0.6800754242614707,0.6869893148962917,0.7108736643620365,0.6727386934673367,0.86875,0.8816568047337278,0.8775510204081632,0.8478260869565217,0.8695652173913043,0.8835098335854765,0.8803680981595092,0.8931888544891641,0.8031496062992126,0.8833333333333333,0.5743801652892562,0.573076923076923,0.4980694980694981,0.7330827067669173,0.5882352941176471,0.570869990224829,0.5711442786069652,0.5735586481113321,0.7147147147147147,0.5676728334956183,0.7198823903369359,0.7140746934225195,0.6842865475959002,0.7339655958077012,0.728079911209767,0.7176533049715694,0.7190192382795918,0.727804965081307,0.7095533033033034,0.7156948238274552,"{'cls__hidden_layer_sizes': (100,), 'cls__learning_rate': 'adaptive', 'cls__learning_rate_init': 0.001, 'cls__max_iter': 1000, 'cls__n_iter_no_change': 5, 'cls__random_state': 42, 'os__random_state': 42}",mlp,lof,simple,standard,smote,0.7019387344074064
135.0,118.0,121.0,98.0,138.0,491.0,508.0,516.0,427.0,488.0,21.0,20.0,18.0,34.0,21.0,77.0,78.0,69.0,165.0,77.0,103.0,111.0,130.0,75.0,98.0,439.0,431.0,429.0,298.0,444.0,139.0,149.0,129.0,191.0,140.0,584.0,574.0,577.0,701.0,583.0,0.691542288557214,0.6946386946386945,0.6354679802955665,0.7780040733197556,0.7017543859649124,0.6935866983372921,0.6928183464091732,0.698547215496368,0.7517426273458445,0.6911677534084173,0.6884422110552764,0.6708542713567839,0.628140703517588,0.7261306532663316,0.7002518891687658,0.6756756756756757,0.6800754242614707,0.6869893148962917,0.7089880578252671,0.6727386934673367,0.86875,0.8816568047337278,0.8775510204081632,0.8488888888888889,0.8695652173913043,0.8835098335854765,0.8803680981595092,0.8931888544891641,0.8094688221709007,0.8833333333333333,0.5743801652892562,0.573076923076923,0.4980694980694981,0.7180451127819549,0.5882352941176471,0.570869990224829,0.5711442786069652,0.5735586481113321,0.7017017017017017,0.5676728334956183,0.7198823903369359,0.7140746934225195,0.6842865475959002,0.7302346776030987,0.728079911209767,0.7176533049715694,0.7190192382795918,0.727804965081307,0.7114927427427427,0.7156948238274552,"{'cls__C': 10, 'cls__probability': True, 'cls__random_state': 42, 'os__random_state': 42}",svc,lof,simple,none,smote,0.7002814845552285
135.0,118.0,121.0,98.0,138.0,491.0,508.0,516.0,427.0,488.0,21.0,20.0,18.0,34.0,21.0,77.0,78.0,69.0,165.0,77.0,103.0,111.0,130.0,75.0,98.0,439.0,431.0,429.0,298.0,444.0,139.0,149.0,129.0,191.0,140.0,584.0,574.0,577.0,701.0,583.0,0.691542288557214,0.6946386946386945,0.6354679802955665,0.7780040733197556,0.7017543859649124,0.6935866983372921,0.6928183464091732,0.698547215496368,0.7517426273458445,0.6911677534084173,0.6884422110552764,0.6708542713567839,0.628140703517588,0.7261306532663316,0.7002518891687658,0.6756756756756757,0.6800754242614707,0.6869893148962917,0.7089880578252671,0.6727386934673367,0.86875,0.8816568047337278,0.8775510204081632,0.8488888888888889,0.8695652173913043,0.8835098335854765,0.8803680981595092,0.8931888544891641,0.8094688221709007,0.8833333333333333,0.5743801652892562,0.573076923076923,0.4980694980694981,0.7180451127819549,0.5882352941176471,0.570869990224829,0.5711442786069652,0.5735586481113321,0.7017017017017017,0.5676728334956183,0.7198823903369359,0.7140746934225195,0.6842865475959002,0.7302346776030987,0.728079911209767,0.7176533049715694,0.7190192382795918,0.727804965081307,0.7114927427427427,0.7156948238274552,"{'cls__C': 1, 'cls__probability': True, 'cls__random_state': 42, 'os__random_state': 42}",svc,lof,simple,none,smote,0.7002814845552285
111.0,137.0,112.0,123.0,120.0,407.0,496.0,521.0,510.0,513.0,47.0,18.0,25.0,20.0,21.0,169.0,83.0,76.0,81.0,80.0,63.0,107.0,117.0,105.0,124.0,305.0,436.0,426.0,438.0,419.0,181.0,140.0,148.0,153.0,136.0,725.0,591.0,583.0,578.0,595.0,0.766949152542373,0.6913580246913581,0.6757990867579908,0.7099767981438515,0.6522781774580335,0.7536382536382535,0.6948853615520282,0.6990407673860911,0.6901492537313433,0.7045589105979869,0.7263681592039801,0.6890547263681592,0.6467661691542289,0.6882793017456359,0.6384039900249376,0.7048567870485679,0.6768368617683687,0.6874221668742216,0.6770379589296827,0.6894835096453018,0.793859649122807,0.8860759493670886,0.8554913294797688,0.884393063583815,0.8662420382165605,0.8109619686800895,0.8768545994065282,0.8846737481031867,0.8770864946889226,0.8814814814814815,0.7418032786885246,0.5668016194331984,0.5584905660377358,0.5930232558139535,0.5230769230769231,0.7038834951456311,0.5754625121713729,0.5777998017839445,0.5688976377952756,0.5867850098619329,0.7221674621290725,0.7253362935875669,0.6880044071064592,0.7265815579769068,0.6870703764320785,0.7052403586839266,0.716055953840436,0.72524830960219,0.7159209001159118,0.7259388792985888,"{'cls__algorithm': 'SAMME', 'cls__learning_rate': 0.5, 'cls__n_estimators': 10, 'cls__random_state': 42, 'os__random_state': 42}",ada,none,simple,none,smote,0.6992722479187214
141.0,137.0,113.0,99.0,120.0,505.0,498.0,522.0,423.0,515.0,17.0,18.0,24.0,44.0,21.0,71.0,81.0,75.0,168.0,78.0,98.0,107.0,118.0,72.0,125.0,467.0,441.0,430.0,286.0,423.0,146.0,140.0,147.0,186.0,135.0,563.0,586.0,579.0,730.0,591.0,0.7174447174447175,0.6913580246913581,0.6743119266055045,0.7622950819672131,0.6490384615384617,0.6766826923076923,0.6918536009445101,0.6963319302465425,0.7628004179728318,0.7023172905525845,0.7139303482587065,0.6890547263681592,0.6467661691542289,0.7107231920199502,0.6359102244389028,0.6650062266500623,0.6749688667496887,0.6855541718555417,0.7174859987554449,0.6882389545737398,0.8957055214723927,0.8860759493670886,0.8596491228070176,0.808695652173913,0.8653846153846154,0.88801261829653,0.8785607196401799,0.8853211009174312,0.8129175946547884,0.8834080717488789,0.5983606557377049,0.5668016194331984,0.5547169811320755,0.7209302325581395,0.5192307692307693,0.5466019417475728,0.5705939629990263,0.5738354806739346,0.718503937007874,0.5828402366863905,0.7453828595144221,0.7253362935875669,0.6897672496901254,0.706618962432916,0.6851472995090017,0.7116690264293419,0.7153487949710158,0.7241036699852086,0.7171199888085056,0.725652833351627,"{'cls__hidden_layer_sizes': (100,), 'cls__learning_rate': 'adaptive', 'cls__learning_rate_init': 0.001, 'cls__max_iter': 1000, 'cls__n_iter_no_change': 5, 'cls__random_state': 42, 'os__random_state': 42}",mlp,none,simple,standard,smote,0.698889642449451
135.0,118.0,121.0,98.0,139.0,491.0,508.0,516.0,427.0,498.0,21.0,20.0,18.0,34.0,20.0,77.0,78.0,69.0,165.0,67.0,103.0,111.0,130.0,75.0,101.0,439.0,431.0,429.0,298.0,458.0,139.0,149.0,129.0,191.0,137.0,584.0,574.0,577.0,701.0,569.0,0.691542288557214,0.6946386946386945,0.6354679802955665,0.7780040733197556,0.6936708860759493,0.6935866983372921,0.6928183464091732,0.698547215496368,0.7517426273458445,0.6843054720384847,0.6884422110552764,0.6708542713567839,0.628140703517588,0.7261306532663316,0.6952141057934509,0.6756756756756757,0.6800754242614707,0.6869893148962917,0.7089880578252671,0.6702261306532663,0.86875,0.8816568047337278,0.8775510204081632,0.8488888888888889,0.8726114649681529,0.8835098335854765,0.8803680981595092,0.8931888544891641,0.8094688221709007,0.8946540880503144,0.5743801652892562,0.573076923076923,0.4980694980694981,0.7180451127819549,0.5756302521008403,0.570869990224829,0.5711442786069652,0.5735586481113321,0.7017017017017017,0.5540408958130477,0.7198823903369359,0.7140746934225195,0.6842865475959002,0.7302346776030987,0.7249220442894139,0.7176533049715694,0.7190192382795918,0.727804965081307,0.7114927427427427,0.7177284125082939,"{'cls__criterion': 'entropy', 'cls__max_depth': None, 'cls__max_features': 'log2', 'cls__random_state': 42, 'os__random_state': 42}",rf,lof,simple,none,smote,0.6986647845774361
135.0,118.0,121.0,98.0,139.0,491.0,508.0,516.0,427.0,498.0,21.0,20.0,18.0,34.0,20.0,77.0,78.0,69.0,165.0,67.0,103.0,111.0,130.0,75.0,101.0,439.0,431.0,429.0,298.0,458.0,139.0,149.0,129.0,191.0,137.0,584.0,574.0,577.0,701.0,569.0,0.691542288557214,0.6946386946386945,0.6354679802955665,0.7780040733197556,0.6936708860759493,0.6935866983372921,0.6928183464091732,0.698547215496368,0.7517426273458445,0.6843054720384847,0.6884422110552764,0.6708542713567839,0.628140703517588,0.7261306532663316,0.6952141057934509,0.6756756756756757,0.6800754242614707,0.6869893148962917,0.7089880578252671,0.6702261306532663,0.86875,0.8816568047337278,0.8775510204081632,0.8488888888888889,0.8726114649681529,0.8835098335854765,0.8803680981595092,0.8931888544891641,0.8094688221709007,0.8946540880503144,0.5743801652892562,0.573076923076923,0.4980694980694981,0.7180451127819549,0.5756302521008403,0.570869990224829,0.5711442786069652,0.5735586481113321,0.7017017017017017,0.5540408958130477,0.7198823903369359,0.7140746934225195,0.6842865475959002,0.7302346776030987,0.7249220442894139,0.7176533049715694,0.7190192382795918,0.727804965081307,0.7114927427427427,0.7177284125082939,"{'cls__criterion': 'gini', 'cls__max_depth': None, 'cls__max_features': 'log2', 'cls__random_state': 42, 'os__random_state': 42}",rf,lof,simple,none,smote,0.6986647845774361
141.0,140.0,112.0,99.0,120.0,504.0,505.0,521.0,424.0,514.0,17.0,15.0,25.0,44.0,21.0,72.0,74.0,76.0,167.0,79.0,96.0,110.0,117.0,75.0,124.0,465.0,451.0,426.0,286.0,420.0,148.0,137.0,148.0,183.0,136.0,565.0,576.0,583.0,730.0,594.0,0.7237163814180929,0.68671679197995,0.6757990867579908,0.7546391752577318,0.6522781774580335,0.6778644271145771,0.6869409660107335,0.6990407673860911,0.763199163617355,0.7042086544161231,0.7189054726368159,0.6890547263681592,0.6467661691542289,0.7032418952618454,0.6384039900249376,0.6656288916562889,0.6731008717310087,0.6874221668742216,0.7181082762912259,0.6894835096453018,0.896969696969697,0.9013157894736842,0.8554913294797688,0.8061674008810573,0.8662420382165605,0.8869701726844584,0.8861538461538462,0.8846737481031867,0.8138238573021181,0.8826151560178306,0.6065573770491803,0.5546558704453441,0.5584905660377358,0.7093023255813954,0.5230769230769231,0.5485436893203883,0.560856864654333,0.5777998017839445,0.718503937007874,0.5857988165680473,0.7494812201701597,0.7289408384484785,0.6880044071064592,0.7008050089445438,0.6870703764320785,0.7117718446601942,0.7165251508073047,0.72524830960219,0.7179660124971688,0.7262889529720506,"{'cls__criterion': 'gini', 'cls__max_depth': 4, 'cls__max_features': 'log2', 'cls__random_state': 42, 'os__random_state': 42}",rf,none,simple,none,smote,0.6986299225743597
138.0,118.0,121.0,98.0,139.0,499.0,508.0,516.0,427.0,498.0,18.0,20.0,18.0,34.0,20.0,69.0,78.0,69.0,165.0,67.0,106.0,111.0,130.0,75.0,101.0,453.0,431.0,429.0,298.0,458.0,136.0,149.0,129.0,191.0,137.0,570.0,574.0,577.0,701.0,569.0,0.6868686868686869,0.6946386946386945,0.6354679802955665,0.7780040733197556,0.6936708860759493,0.6859205776173285,0.6928183464091732,0.698547215496368,0.7517426273458445,0.6843054720384847,0.6884422110552764,0.6708542713567839,0.628140703517588,0.7261306532663316,0.6952141057934509,0.671904462602137,0.6800754242614707,0.6869893148962917,0.7089880578252671,0.6702261306532663,0.8831168831168831,0.8816568047337278,0.8775510204081632,0.8488888888888889,0.8726114649681529,0.892018779342723,0.8803680981595092,0.8931888544891641,0.8094688221709007,0.8946540880503144,0.5619834710743802,0.573076923076923,0.4980694980694981,0.7180451127819549,0.5756302521008403,0.5571847507331378,0.5711442786069652,0.5735586481113321,0.7017017017017017,0.5540408958130477,0.7232994278448823,0.7140746934225195,0.6842865475959002,0.7302346776030987,0.7249220442894139,0.7178529387468506,0.7190192382795918,0.727804965081307,0.7114927427427427,0.7177284125082939,"{'cls__criterion': 'gini', 'cls__max_depth': 4, 'cls__max_features': 'log2', 'cls__random_state': 42, 'os__random_state': 42}",rf,lof,simple,none,smote,0.6977300642397306
111.0,137.0,113.0,123.0,121.0,409.0,498.0,522.0,512.0,514.0,47.0,18.0,24.0,20.0,20.0,167.0,81.0,75.0,79.0,79.0,63.0,107.0,117.0,109.0,124.0,309.0,440.0,430.0,438.0,423.0,181.0,140.0,148.0,149.0,136.0,721.0,587.0,579.0,578.0,591.0,0.766949152542373,0.6913580246913581,0.677345537757437,0.6978922716627635,0.6538461538461539,0.7518248175182481,0.6926253687315636,0.6963319302465425,0.6909742976688582,0.7019002375296911,0.7263681592039801,0.6890547263681592,0.6492537313432836,0.6783042394014963,0.6408977556109726,0.7036114570361146,0.6755915317559154,0.6855541718555417,0.6782825140012445,0.6876166770379589,0.793859649122807,0.8860759493670886,0.8604651162790697,0.8816568047337278,0.8717948717948718,0.8119369369369369,0.8787425149700598,0.8853211009174312,0.8797564687975646,0.8820895522388059,0.7418032786885246,0.5668016194331984,0.5584905660377358,0.5775193798449613,0.5230769230769231,0.7,0.5715676728334956,0.5738354806739346,0.5688976377952756,0.5828402366863905,0.7221674621290725,0.7253362935875669,0.6916540421429554,0.7188296199924107,0.6906164757228587,0.7050347222222222,0.7158356498882503,0.7241036699852086,0.7176129474932385,0.7248096630312223,"{'cls__hidden_layer_sizes': (100,), 'cls__learning_rate': 'adaptive', 'cls__learning_rate_init': 1e-05, 'cls__max_iter': 1000, 'cls__n_iter_no_change': 5, 'cls__random_state': 42, 'os__random_state': 42}",mlp,none,simple,none,smote,0.697478228100017
141.0,137.0,112.0,123.0,120.0,492.0,496.0,521.0,510.0,513.0,17.0,18.0,25.0,20.0,21.0,84.0,83.0,76.0,81.0,80.0,90.0,107.0,117.0,105.0,124.0,453.0,436.0,426.0,438.0,419.0,154.0,140.0,148.0,153.0,136.0,577.0,591.0,583.0,578.0,595.0,0.7421686746987951,0.6913580246913581,0.6757990867579908,0.7099767981438515,0.6522781774580335,0.6824364281490242,0.6948853615520282,0.6990407673860911,0.6901492537313433,0.7045589105979869,0.7338308457711443,0.6890547263681592,0.6467661691542289,0.6882793017456359,0.6384039900249376,0.6656288916562889,0.6768368617683687,0.6874221668742216,0.6770379589296827,0.6894835096453018,0.9005847953216374,0.8860759493670886,0.8554913294797688,0.884393063583815,0.8662420382165605,0.8729198184568835,0.8768545994065282,0.8846737481031867,0.8770864946889226,0.8814814814814815,0.6311475409836066,0.5668016194331984,0.5584905660377358,0.5930232558139535,0.5230769230769231,0.5601941747572815,0.5754625121713729,0.5777998017839445,0.5688976377952756,0.5867850098619329,0.7617763021373729,0.7253362935875669,0.6880044071064592,0.7265815579769068,0.6870703764320785,0.7071804207119741,0.716055953840436,0.72524830960219,0.7159209001159118,0.7259388792985888,"{'cls__algorithm': 'SAMME', 'cls__learning_rate': 0.1, 'cls__n_estimators': 50, 'cls__random_state': 42, 'os__random_state': 42}",ada,none,simple,none,smote,0.6943161523500059
141.0,137.0,112.0,122.0,120.0,493.0,496.0,521.0,509.0,513.0,17.0,18.0,25.0,21.0,21.0,83.0,83.0,76.0,82.0,80.0,90.0,107.0,117.0,105.0,124.0,454.0,436.0,426.0,437.0,419.0,154.0,140.0,148.0,153.0,136.0,576.0,591.0,583.0,579.0,595.0,0.7421686746987951,0.6913580246913581,0.6757990867579908,0.7083333333333334,0.6522781774580335,0.6820603907637656,0.6948853615520282,0.6990407673860911,0.6905187835420393,0.7045589105979869,0.7338308457711443,0.6890547263681592,0.6467661691542289,0.685785536159601,0.6384039900249376,0.6656288916562889,0.6768368617683687,0.6874221668742216,0.6770379589296827,0.6894835096453018,0.9005847953216374,0.8860759493670886,0.8554913294797688,0.8793103448275862,0.8662420382165605,0.874051593323217,0.8768545994065282,0.8846737481031867,0.875945537065053,0.8814814814814815,0.6311475409836066,0.5668016194331984,0.5584905660377358,0.5930232558139535,0.5230769230769231,0.5592233009708738,0.5754625121713729,0.5777998017839445,0.5698818897637795,0.5867850098619329,0.7617763021373729,0.7253362935875669,0.6880044071064592,0.7230850544804034,0.6870703764320785,0.7075630393743259,0.716055953840436,0.72524830960219,0.7155670024115006,0.7259388792985888,"{'cls__criterion': 'entropy', 'cls__max_depth': 2, 'cls__max_features': 'log2', 'cls__random_state': 42, 'os__random_state': 42}",rf,none,simple,none,smote,0.6939874593879022
141.0,136.0,113.0,122.0,120.0,493.0,496.0,519.0,510.0,512.0,17.0,19.0,24.0,21.0,21.0,83.0,83.0,78.0,81.0,81.0,90.0,107.0,116.0,106.0,124.0,454.0,436.0,427.0,437.0,419.0,154.0,140.0,149.0,152.0,136.0,576.0,591.0,582.0,579.0,595.0,0.7421686746987951,0.6896551724137931,0.680365296803653,0.7053364269141531,0.6522781774580335,0.6820603907637656,0.6948853615520282,0.6974236069502697,0.6909307875894988,0.7041420118343195,0.7338308457711443,0.6865671641791045,0.6517412935323383,0.683291770573566,0.6384039900249376,0.6656288916562889,0.6768368617683687,0.6855541718555417,0.6776602364654636,0.6888612321095209,0.9005847953216374,0.8805031446540881,0.861271676300578,0.8786127167630058,0.8662420382165605,0.874051593323217,0.8768545994065282,0.8818181818181818,0.8772727272727273,0.8801775147928994,0.6311475409836066,0.5668016194331984,0.5622641509433962,0.5891472868217055,0.5230769230769231,0.5592233009708738,0.5754625121713729,0.576808721506442,0.5698818897637795,0.5867850098619329,0.7617763021373729,0.722110487135954,0.6935408345957857,0.7211470699842792,0.6870703764320785,0.7075630393743259,0.716055953840436,0.7230777275873919,0.716413026100164,0.725095708978184,"{'cls__hidden_layer_sizes': (100,), 'cls__learning_rate': 'adaptive', 'cls__learning_rate_init': 1e-05, 'cls__max_iter': 1000, 'cls__n_iter_no_change': 5, 'cls__random_state': 42, 'os__random_state': 42}",mlp,none,simple,minmax,smote,0.6939607496576856
141.0,137.0,112.0,122.0,120.0,493.0,496.0,521.0,510.0,513.0,17.0,18.0,25.0,21.0,21.0,83.0,83.0,76.0,81.0,80.0,90.0,107.0,117.0,106.0,124.0,454.0,436.0,426.0,437.0,419.0,154.0,140.0,148.0,152.0,136.0,576.0,591.0,583.0,579.0,595.0,0.7421686746987951,0.6913580246913581,0.6757990867579908,0.7053364269141531,0.6522781774580335,0.6820603907637656,0.6948853615520282,0.6990407673860911,0.6909307875894988,0.7045589105979869,0.7338308457711443,0.6890547263681592,0.6467661691542289,0.683291770573566,0.6384039900249376,0.6656288916562889,0.6768368617683687,0.6874221668742216,0.6776602364654636,0.6894835096453018,0.9005847953216374,0.8860759493670886,0.8554913294797688,0.8786127167630058,0.8662420382165605,0.874051593323217,0.8768545994065282,0.8846737481031867,0.8772727272727273,0.8814814814814815,0.6311475409836066,0.5668016194331984,0.5584905660377358,0.5891472868217055,0.5230769230769231,0.5592233009708738,0.5754625121713729,0.5777998017839445,0.5698818897637795,0.5867850098619329,0.7617763021373729,0.7253362935875669,0.6880044071064592,0.7211470699842792,0.6870703764320785,0.7075630393743259,0.716055953840436,0.72524830960219,0.716413026100164,0.7259388792985888,"{'cls__criterion': 'gini', 'cls__max_depth': 2, 'cls__max_features': 'log2', 'cls__random_state': 42, 'os__random_state': 42}",rf,none,simple,none,smote,0.6933880781040661
140.0,134.0,112.0,122.0,118.0,486.0,492.0,514.0,504.0,508.0,18.0,21.0,25.0,21.0,23.0,90.0,87.0,83.0,87.0,85.0,90.0,107.0,116.0,105.0,124.0,452.0,435.0,426.0,437.0,418.0,154.0,140.0,149.0,153.0,136.0,578.0,592.0,583.0,579.0,596.0,0.7403846153846154,0.6862745098039216,0.6788154897494305,0.7083333333333334,0.6491646778042959,0.6808009422850412,0.694021101992966,0.6961194029850747,0.6884661117717005,0.7032448377581121,0.7313432835820896,0.681592039800995,0.6492537313432836,0.685785536159601,0.6334164588528678,0.6625155666251556,0.6749688667496887,0.6830635118306351,0.6739265712507778,0.686994399502178,0.8953488372093024,0.8695652173913043,0.8563218390804598,0.8793103448275862,0.8553459119496856,0.8652694610778443,0.8718703976435935,0.8753753753753754,0.8693693693693694,0.8751835535976505,0.6311475409836066,0.5668016194331984,0.5622641509433962,0.5930232558139535,0.5230769230769231,0.5611650485436893,0.5764362220058422,0.5777998017839445,0.5698818897637795,0.5877712031558185,0.7586117451753478,0.7156588742327282,0.6898911995592893,0.7230850544804034,0.6799781778505183,0.7024575242718447,0.7130885773241646,0.7193856630360258,0.7113368839681843,0.7222161243435078,{'os__random_state': 42},nb,none,simple,none,smote,0.6925945252151193
140.0,134.0,112.0,122.0,118.0,486.0,492.0,514.0,504.0,508.0,18.0,21.0,25.0,21.0,23.0,90.0,87.0,83.0,87.0,85.0,90.0,107.0,116.0,105.0,124.0,452.0,435.0,426.0,437.0,418.0,154.0,140.0,149.0,153.0,136.0,578.0,592.0,583.0,579.0,596.0,0.7403846153846154,0.6862745098039216,0.6788154897494305,0.7083333333333334,0.6491646778042959,0.6808009422850412,0.694021101992966,0.6961194029850747,0.6884661117717005,0.7032448377581121,0.7313432835820896,0.681592039800995,0.6492537313432836,0.685785536159601,0.6334164588528678,0.6625155666251556,0.6749688667496887,0.6830635118306351,0.6739265712507778,0.686994399502178,0.8953488372093024,0.8695652173913043,0.8563218390804598,0.8793103448275862,0.8553459119496856,0.8652694610778443,0.8718703976435935,0.8753753753753754,0.8693693693693694,0.8751835535976505,0.6311475409836066,0.5668016194331984,0.5622641509433962,0.5930232558139535,0.5230769230769231,0.5611650485436893,0.5764362220058422,0.5777998017839445,0.5698818897637795,0.5877712031558185,0.7586117451753478,0.7156588742327282,0.6898911995592893,0.7230850544804034,0.6799781778505183,0.7024575242718447,0.7130885773241646,0.7193856630360258,0.7113368839681843,0.7222161243435078,{'os__random_state': 42},nb,none,simple,standard,smote,0.6925945252151193
140.0,134.0,112.0,122.0,118.0,486.0,492.0,514.0,504.0,508.0,18.0,21.0,25.0,21.0,23.0,90.0,87.0,83.0,87.0,85.0,90.0,107.0,116.0,105.0,124.0,452.0,435.0,426.0,437.0,418.0,154.0,140.0,149.0,153.0,136.0,578.0,592.0,583.0,579.0,596.0,0.7403846153846154,0.6862745098039216,0.6788154897494305,0.7083333333333334,0.6491646778042959,0.6808009422850412,0.694021101992966,0.6961194029850747,0.6884661117717005,0.7032448377581121,0.7313432835820896,0.681592039800995,0.6492537313432836,0.685785536159601,0.6334164588528678,0.6625155666251556,0.6749688667496887,0.6830635118306351,0.6739265712507778,0.686994399502178,0.8953488372093024,0.8695652173913043,0.8563218390804598,0.8793103448275862,0.8553459119496856,0.8652694610778443,0.8718703976435935,0.8753753753753754,0.8693693693693694,0.8751835535976505,0.6311475409836066,0.5668016194331984,0.5622641509433962,0.5930232558139535,0.5230769230769231,0.5611650485436893,0.5764362220058422,0.5777998017839445,0.5698818897637795,0.5877712031558185,0.7586117451753478,0.7156588742327282,0.6898911995592893,0.7230850544804034,0.6799781778505183,0.7024575242718447,0.7130885773241646,0.7193856630360258,0.7113368839681843,0.7222161243435078,{'os__random_state': 42},nb,none,simple,minmax,smote,0.6925945252151193
135.0,118.0,119.0,116.0,138.0,491.0,508.0,507.0,510.0,488.0,21.0,20.0,20.0,16.0,21.0,77.0,78.0,78.0,82.0,77.0,103.0,111.0,127.0,103.0,98.0,439.0,431.0,415.0,439.0,444.0,139.0,149.0,132.0,163.0,140.0,584.0,574.0,591.0,560.0,583.0,0.691542288557214,0.6946386946386945,0.6423357664233575,0.7325842696629213,0.7017543859649124,0.6935866983372921,0.6928183464091732,0.7056716417910448,0.6825106642291286,0.6911677534084173,0.6884422110552764,0.6708542713567839,0.6306532663316583,0.7010050251256281,0.7002518891687658,0.6756756756756757,0.6800754242614707,0.6901319924575738,0.6725329981143935,0.6727386934673367,0.86875,0.8816568047337278,0.868421052631579,0.9106145251396648,0.8695652173913043,0.8835098335854765,0.8803680981595092,0.8834080717488789,0.8722741433021807,0.8833333333333333,0.5743801652892562,0.573076923076923,0.5096525096525096,0.6127819548872181,0.5882352941176471,0.570869990224829,0.5711442786069652,0.5874751491053678,0.5605605605605606,0.5676728334956183,0.7198823903369359,0.7140746934225195,0.6828838087830893,0.7457849168375484,0.728079911209767,0.7176533049715694,0.7190192382795918,0.7270709078860172,0.7110235235235236,0.7156948238274552,{'os__random_state': 42},nb,lof,simple,none,smote,0.6925710810494199
135.0,118.0,119.0,116.0,138.0,491.0,508.0,507.0,510.0,488.0,21.0,20.0,20.0,16.0,21.0,77.0,78.0,78.0,82.0,77.0,103.0,111.0,127.0,103.0,98.0,439.0,431.0,415.0,439.0,444.0,139.0,149.0,132.0,163.0,140.0,584.0,574.0,591.0,560.0,583.0,0.691542288557214,0.6946386946386945,0.6423357664233575,0.7325842696629213,0.7017543859649124,0.6935866983372921,0.6928183464091732,0.7056716417910448,0.6825106642291286,0.6911677534084173,0.6884422110552764,0.6708542713567839,0.6306532663316583,0.7010050251256281,0.7002518891687658,0.6756756756756757,0.6800754242614707,0.6901319924575738,0.6725329981143935,0.6727386934673367,0.86875,0.8816568047337278,0.868421052631579,0.9106145251396648,0.8695652173913043,0.8835098335854765,0.8803680981595092,0.8834080717488789,0.8722741433021807,0.8833333333333333,0.5743801652892562,0.573076923076923,0.5096525096525096,0.6127819548872181,0.5882352941176471,0.570869990224829,0.5711442786069652,0.5874751491053678,0.5605605605605606,0.5676728334956183,0.7198823903369359,0.7140746934225195,0.6828838087830893,0.7457849168375484,0.728079911209767,0.7176533049715694,0.7190192382795918,0.7270709078860172,0.7110235235235236,0.7156948238274552,"{'cls__algorithm': 'SAMME', 'cls__learning_rate': 0.1, 'cls__n_estimators': 50, 'cls__random_state': 42, 'os__random_state': 42}",ada,lof,simple,none,smote,0.6925710810494199
135.0,118.0,119.0,116.0,138.0,491.0,508.0,507.0,510.0,488.0,21.0,20.0,20.0,16.0,21.0,77.0,78.0,78.0,82.0,77.0,103.0,111.0,127.0,103.0,98.0,439.0,431.0,415.0,439.0,444.0,139.0,149.0,132.0,163.0,140.0,584.0,574.0,591.0,560.0,583.0,0.691542288557214,0.6946386946386945,0.6423357664233575,0.7325842696629213,0.7017543859649124,0.6935866983372921,0.6928183464091732,0.7056716417910448,0.6825106642291286,0.6911677534084173,0.6884422110552764,0.6708542713567839,0.6306532663316583,0.7010050251256281,0.7002518891687658,0.6756756756756757,0.6800754242614707,0.6901319924575738,0.6725329981143935,0.6727386934673367,0.86875,0.8816568047337278,0.868421052631579,0.9106145251396648,0.8695652173913043,0.8835098335854765,0.8803680981595092,0.8834080717488789,0.8722741433021807,0.8833333333333333,0.5743801652892562,0.573076923076923,0.5096525096525096,0.6127819548872181,0.5882352941176471,0.570869990224829,0.5711442786069652,0.5874751491053678,0.5605605605605606,0.5676728334956183,0.7198823903369359,0.7140746934225195,0.6828838087830893,0.7457849168375484,0.728079911209767,0.7176533049715694,0.7190192382795918,0.7270709078860172,0.7110235235235236,0.7156948238274552,{'os__random_state': 42},nb,lof,simple,standard,smote,0.6925710810494199
135.0,118.0,119.0,116.0,138.0,491.0,508.0,507.0,510.0,488.0,21.0,20.0,20.0,16.0,21.0,77.0,78.0,78.0,82.0,77.0,103.0,111.0,127.0,103.0,98.0,439.0,431.0,415.0,439.0,444.0,139.0,149.0,132.0,163.0,140.0,584.0,574.0,591.0,560.0,583.0,0.691542288557214,0.6946386946386945,0.6423357664233575,0.7325842696629213,0.7017543859649124,0.6935866983372921,0.6928183464091732,0.7056716417910448,0.6825106642291286,0.6911677534084173,0.6884422110552764,0.6708542713567839,0.6306532663316583,0.7010050251256281,0.7002518891687658,0.6756756756756757,0.6800754242614707,0.6901319924575738,0.6725329981143935,0.6727386934673367,0.86875,0.8816568047337278,0.868421052631579,0.9106145251396648,0.8695652173913043,0.8835098335854765,0.8803680981595092,0.8834080717488789,0.8722741433021807,0.8833333333333333,0.5743801652892562,0.573076923076923,0.5096525096525096,0.6127819548872181,0.5882352941176471,0.570869990224829,0.5711442786069652,0.5874751491053678,0.5605605605605606,0.5676728334956183,0.7198823903369359,0.7140746934225195,0.6828838087830893,0.7457849168375484,0.728079911209767,0.7176533049715694,0.7190192382795918,0.7270709078860172,0.7110235235235236,0.7156948238274552,"{'cls__criterion': 'gini', 'cls__max_depth': 2, 'cls__max_features': 'log2', 'cls__random_state': 42, 'os__random_state': 42}",rf,lof,simple,none,smote,0.6925710810494199
135.0,118.0,119.0,116.0,138.0,491.0,508.0,507.0,510.0,488.0,21.0,20.0,20.0,16.0,21.0,77.0,78.0,78.0,82.0,77.0,103.0,111.0,127.0,103.0,98.0,439.0,431.0,415.0,439.0,444.0,139.0,149.0,132.0,163.0,140.0,584.0,574.0,591.0,560.0,583.0,0.691542288557214,0.6946386946386945,0.6423357664233575,0.7325842696629213,0.7017543859649124,0.6935866983372921,0.6928183464091732,0.7056716417910448,0.6825106642291286,0.6911677534084173,0.6884422110552764,0.6708542713567839,0.6306532663316583,0.7010050251256281,0.7002518891687658,0.6756756756756757,0.6800754242614707,0.6901319924575738,0.6725329981143935,0.6727386934673367,0.86875,0.8816568047337278,0.868421052631579,0.9106145251396648,0.8695652173913043,0.8835098335854765,0.8803680981595092,0.8834080717488789,0.8722741433021807,0.8833333333333333,0.5743801652892562,0.573076923076923,0.5096525096525096,0.6127819548872181,0.5882352941176471,0.570869990224829,0.5711442786069652,0.5874751491053678,0.5605605605605606,0.5676728334956183,0.7198823903369359,0.7140746934225195,0.6828838087830893,0.7457849168375484,0.728079911209767,0.7176533049715694,0.7190192382795918,0.7270709078860172,0.7110235235235236,0.7156948238274552,{'os__random_state': 42},nb,lof,simple,minmax,smote,0.6925710810494199
135.0,118.0,119.0,116.0,138.0,491.0,508.0,507.0,510.0,488.0,21.0,20.0,20.0,16.0,21.0,77.0,78.0,78.0,82.0,77.0,103.0,111.0,127.0,103.0,98.0,439.0,431.0,415.0,439.0,444.0,139.0,149.0,132.0,163.0,140.0,584.0,574.0,591.0,560.0,583.0,0.691542288557214,0.6946386946386945,0.6423357664233575,0.7325842696629213,0.7017543859649124,0.6935866983372921,0.6928183464091732,0.7056716417910448,0.6825106642291286,0.6911677534084173,0.6884422110552764,0.6708542713567839,0.6306532663316583,0.7010050251256281,0.7002518891687658,0.6756756756756757,0.6800754242614707,0.6901319924575738,0.6725329981143935,0.6727386934673367,0.86875,0.8816568047337278,0.868421052631579,0.9106145251396648,0.8695652173913043,0.8835098335854765,0.8803680981595092,0.8834080717488789,0.8722741433021807,0.8833333333333333,0.5743801652892562,0.573076923076923,0.5096525096525096,0.6127819548872181,0.5882352941176471,0.570869990224829,0.5711442786069652,0.5874751491053678,0.5605605605605606,0.5676728334956183,0.7198823903369359,0.7140746934225195,0.6828838087830893,0.7457849168375484,0.728079911209767,0.7176533049715694,0.7190192382795918,0.7270709078860172,0.7110235235235236,0.7156948238274552,"{'cls__criterion': 'entropy', 'cls__max_depth': 2, 'cls__max_features': 'log2', 'cls__random_state': 42, 'os__random_state': 42}",rf,lof,simple,none,smote,0.6925710810494199
135.0,118.0,119.0,116.0,138.0,491.0,508.0,507.0,510.0,488.0,21.0,20.0,20.0,16.0,21.0,77.0,78.0,78.0,82.0,77.0,103.0,111.0,127.0,103.0,98.0,439.0,431.0,415.0,439.0,444.0,139.0,149.0,132.0,163.0,140.0,584.0,574.0,591.0,560.0,583.0,0.691542288557214,0.6946386946386945,0.6423357664233575,0.7325842696629213,0.7017543859649124,0.6935866983372921,0.6928183464091732,0.7056716417910448,0.6825106642291286,0.6911677534084173,0.6884422110552764,0.6708542713567839,0.6306532663316583,0.7010050251256281,0.7002518891687658,0.6756756756756757,0.6800754242614707,0.6901319924575738,0.6725329981143935,0.6727386934673367,0.86875,0.8816568047337278,0.868421052631579,0.9106145251396648,0.8695652173913043,0.8835098335854765,0.8803680981595092,0.8834080717488789,0.8722741433021807,0.8833333333333333,0.5743801652892562,0.573076923076923,0.5096525096525096,0.6127819548872181,0.5882352941176471,0.570869990224829,0.5711442786069652,0.5874751491053678,0.5605605605605606,0.5676728334956183,0.7198823903369359,0.7140746934225195,0.6828838087830893,0.7457849168375484,0.728079911209767,0.7176533049715694,0.7190192382795918,0.7270709078860172,0.7110235235235236,0.7156948238274552,"{'cls__hidden_layer_sizes': (100,), 'cls__learning_rate': 'adaptive', 'cls__learning_rate_init': 1e-05, 'cls__max_iter': 1000, 'cls__n_iter_no_change': 5, 'cls__random_state': 42, 'os__random_state': 42}",mlp,lof,simple,minmax,smote,0.6925710810494199
135.0,118.0,119.0,116.0,138.0,491.0,508.0,507.0,510.0,488.0,21.0,20.0,20.0,16.0,21.0,77.0,78.0,78.0,82.0,77.0,103.0,111.0,127.0,103.0,98.0,439.0,431.0,415.0,439.0,444.0,139.0,149.0,132.0,163.0,140.0,584.0,574.0,591.0,560.0,583.0,0.691542288557214,0.6946386946386945,0.6423357664233575,0.7325842696629213,0.7017543859649124,0.6935866983372921,0.6928183464091732,0.7056716417910448,0.6825106642291286,0.6911677534084173,0.6884422110552764,0.6708542713567839,0.6306532663316583,0.7010050251256281,0.7002518891687658,0.6756756756756757,0.6800754242614707,0.6901319924575738,0.6725329981143935,0.6727386934673367,0.86875,0.8816568047337278,0.868421052631579,0.9106145251396648,0.8695652173913043,0.8835098335854765,0.8803680981595092,0.8834080717488789,0.8722741433021807,0.8833333333333333,0.5743801652892562,0.573076923076923,0.5096525096525096,0.6127819548872181,0.5882352941176471,0.570869990224829,0.5711442786069652,0.5874751491053678,0.5605605605605606,0.5676728334956183,0.7198823903369359,0.7140746934225195,0.6828838087830893,0.7457849168375484,0.728079911209767,0.7176533049715694,0.7190192382795918,0.7270709078860172,0.7110235235235236,0.7156948238274552,"{'cls__hidden_layer_sizes': (100,), 'cls__learning_rate': 'adaptive', 'cls__learning_rate_init': 1e-05, 'cls__max_iter': 1000, 'cls__n_iter_no_change': 5, 'cls__random_state': 42, 'os__random_state': 42}",mlp,lof,simple,none,smote,0.6925710810494199
135.0,118.0,121.0,117.0,139.0,491.0,508.0,516.0,520.0,498.0,21.0,20.0,18.0,15.0,20.0,77.0,78.0,69.0,72.0,67.0,103.0,111.0,130.0,107.0,101.0,439.0,431.0,429.0,452.0,458.0,139.0,149.0,129.0,159.0,137.0,584.0,574.0,577.0,547.0,569.0,0.691542288557214,0.6946386946386945,0.6354679802955665,0.7227272727272729,0.6936708860759493,0.6935866983372921,0.6928183464091732,0.698547215496368,0.6761433868974043,0.6843054720384847,0.6884422110552764,0.6708542713567839,0.628140703517588,0.6934673366834171,0.6952141057934509,0.6756756756756757,0.6800754242614707,0.6869893148962917,0.6706473915776241,0.6702261306532663,0.86875,0.8816568047337278,0.8775510204081632,0.9137931034482759,0.8726114649681529,0.8835098335854765,0.8803680981595092,0.8931888544891641,0.8836833602584814,0.8946540880503144,0.5743801652892562,0.573076923076923,0.4980694980694981,0.5977443609022557,0.5756302521008403,0.570869990224829,0.5711442786069652,0.5735586481113321,0.5475475475475475,0.5540408958130477,0.7198823903369359,0.7140746934225195,0.6842865475959002,0.742053998632946,0.7249220442894139,0.7176533049715694,0.7190192382795918,0.727804965081307,0.712962962962963,0.7177284125082939,"{'cls__criterion': 'entropy', 'cls__max_depth': 4, 'cls__max_features': 'log2', 'cls__random_state': 42, 'os__random_state': 42}",rf,lof,simple,none,smote,0.6876094244589395
141.0,140.0,112.0,123.0,120.0,504.0,505.0,521.0,512.0,514.0,17.0,15.0,25.0,20.0,21.0,72.0,74.0,76.0,79.0,79.0,96.0,110.0,117.0,109.0,124.0,465.0,451.0,426.0,438.0,420.0,148.0,137.0,148.0,149.0,136.0,565.0,576.0,583.0,578.0,594.0,0.7237163814180929,0.68671679197995,0.6757990867579908,0.6978922716627635,0.6522781774580335,0.6778644271145771,0.6869409660107335,0.6990407673860911,0.6909742976688582,0.7042086544161231,0.7189054726368159,0.6890547263681592,0.6467661691542289,0.6783042394014963,0.6384039900249376,0.6656288916562889,0.6731008717310087,0.6874221668742216,0.6782825140012445,0.6894835096453018,0.896969696969697,0.9013157894736842,0.8554913294797688,0.8816568047337278,0.8662420382165605,0.8869701726844584,0.8861538461538462,0.8846737481031867,0.8797564687975646,0.8826151560178306,0.6065573770491803,0.5546558704453441,0.5584905660377358,0.5775193798449613,0.5230769230769231,0.5485436893203883,0.560856864654333,0.5777998017839445,0.5688976377952756,0.5857988165680473,0.7494812201701597,0.7289408384484785,0.6880044071064592,0.7188296199924107,0.6870703764320785,0.7117718446601942,0.7165251508073047,0.72524830960219,0.7176129474932385,0.7262889529720506,"{'cls__criterion': 'entropy', 'cls__max_depth': 4, 'cls__max_features': 'log2', 'cls__random_state': 42, 'os__random_state': 42}",rf,none,simple,none,smote,0.687280541855366
141.0,140.0,116.0,127.0,121.0,504.0,505.0,529.0,518.0,524.0,17.0,15.0,21.0,16.0,20.0,72.0,74.0,68.0,73.0,69.0,96.0,110.0,120.0,108.0,127.0,465.0,451.0,441.0,453.0,434.0,148.0,137.0,145.0,150.0,133.0,565.0,576.0,568.0,563.0,580.0,0.7237163814180929,0.68671679197995,0.6728538283062645,0.7075471698113207,0.6440677966101694,0.6778644271145771,0.6869409660107335,0.6905775075987841,0.6815980629539952,0.6975345760673483,0.7189054726368159,0.6890547263681592,0.6492537313432836,0.6907730673316709,0.6334164588528678,0.6656288916562889,0.6731008717310087,0.6830635118306351,0.672682016179216,0.686994399502178,0.896969696969697,0.9013157894736842,0.8734939759036144,0.9036144578313253,0.869281045751634,0.8869701726844584,0.8861538461538462,0.8930817610062893,0.8852201257861635,0.8936825885978429,0.6065573770491803,0.5546558704453441,0.5471698113207547,0.5813953488372093,0.5115384615384615,0.5485436893203883,0.560856864654333,0.5629335976214074,0.5541338582677166,0.571992110453649,0.7494812201701597,0.7289408384484785,0.696942569893954,0.7347536184745488,0.6848472449536279,0.7117718446601942,0.7165251508073047,0.724515375025109,0.7153071998614386,0.7278173031188988,"{'cls__algorithm': 'SAMME', 'cls__learning_rate': 0.1, 'cls__n_estimators': 10, 'cls__random_state': 42, 'os__random_state': 42}",ada,none,simple,none,smote,0.6869803936251595
138.0,122.0,121.0,117.0,139.0,499.0,515.0,516.0,520.0,498.0,18.0,16.0,18.0,15.0,20.0,69.0,71.0,69.0,72.0,67.0,106.0,115.0,130.0,107.0,101.0,453.0,444.0,429.0,452.0,458.0,136.0,145.0,129.0,159.0,137.0,570.0,561.0,577.0,547.0,569.0,0.6868686868686869,0.6888361045130641,0.6354679802955665,0.7227272727272729,0.6936708860759493,0.6859205776173285,0.6854001221747098,0.698547215496368,0.6761433868974043,0.6843054720384847,0.6884422110552764,0.6708542713567839,0.628140703517588,0.6934673366834171,0.6952141057934509,0.671904462602137,0.6763042111879322,0.6869893148962917,0.6706473915776241,0.6702261306532663,0.8831168831168831,0.9006211180124224,0.8775510204081632,0.9137931034482759,0.8726114649681529,0.892018779342723,0.8876582278481012,0.8931888544891641,0.8836833602584814,0.8946540880503144,0.5619834710743802,0.5576923076923077,0.4980694980694981,0.5977443609022557,0.5756302521008403,0.5571847507331378,0.5582089552238806,0.5735586481113321,0.5475475475475475,0.5540408958130477,0.7232994278448823,0.7208751393534003,0.6842865475959002,0.742053998632946,0.7249220442894139,0.7178529387468506,0.7185242728337832,0.727804965081307,0.712962962962963,0.7177284125082939,"{'cls__algorithm': 'SAMME', 'cls__learning_rate': 0.1, 'cls__n_estimators': 10, 'cls__random_state': 42, 'os__random_state': 42}",ada,lof,simple,none,smote,0.685514186096108
59.0,60.0,55.0,58.0,54.0,244.0,243.0,251.0,248.0,252.0,42.0,43.0,39.0,41.0,40.0,146.0,145.0,146.0,144.0,145.0,59.0,64.0,66.0,71.0,58.0,261.0,256.0,243.0,238.0,251.0,113.0,106.0,113.0,103.0,120.0,440.0,447.0,451.0,461.0,444.0,0.691131498470948,0.6645768025078369,0.6827794561933535,0.6477987421383649,0.7100591715976332,0.6837606837606838,0.6903474903474903,0.6986831913245546,0.7070552147239264,0.6915887850467289,0.63003663003663,0.608058608058608,0.6153846153846154,0.5897435897435898,0.6397058823529411,0.6269477543538039,0.6324472960586618,0.6434463794683777,0.6498625114573785,0.6373626373626373,0.7290322580645161,0.7114093959731543,0.743421052631579,0.7152777777777778,0.75,0.7508532423208191,0.7550675675675675,0.7554438860971524,0.7619834710743801,0.7538200339558574,0.6569767441860465,0.6235294117647059,0.6312849162011173,0.5919540229885057,0.6741573033707865,0.6276747503566333,0.635846372688478,0.6498559077809798,0.6595135908440629,0.6388489208633094,0.6205675800138153,0.603026841804683,0.6081956495899203,0.5889063044235457,0.6243126942385847,0.6266578879988295,0.6310675162411462,0.6410488606914975,0.6460833260342764,0.636804813076491,"{'cls__algorithm': 'SAMME', 'cls__learning_rate': 0.5, 'cls__n_estimators': 10, 'cls__random_state': 42, 'os__random_state': 42}",ada,iforest,simple,none,smote,0.6792691341816273
59.0,60.0,55.0,58.0,54.0,244.0,243.0,251.0,248.0,252.0,42.0,43.0,39.0,41.0,40.0,146.0,145.0,146.0,144.0,145.0,59.0,64.0,66.0,71.0,58.0,261.0,256.0,243.0,238.0,251.0,113.0,106.0,113.0,103.0,120.0,440.0,447.0,451.0,461.0,444.0,0.691131498470948,0.6645768025078369,0.6827794561933535,0.6477987421383649,0.7100591715976332,0.6837606837606838,0.6903474903474903,0.6986831913245546,0.7070552147239264,0.6915887850467289,0.63003663003663,0.608058608058608,0.6153846153846154,0.5897435897435898,0.6397058823529411,0.6269477543538039,0.6324472960586618,0.6434463794683777,0.6498625114573785,0.6373626373626373,0.7290322580645161,0.7114093959731543,0.743421052631579,0.7152777777777778,0.75,0.7508532423208191,0.7550675675675675,0.7554438860971524,0.7619834710743801,0.7538200339558574,0.6569767441860465,0.6235294117647059,0.6312849162011173,0.5919540229885057,0.6741573033707865,0.6276747503566333,0.635846372688478,0.6498559077809798,0.6595135908440629,0.6388489208633094,0.6205675800138153,0.603026841804683,0.6081956495899203,0.5889063044235457,0.6243126942385847,0.6266578879988295,0.6310675162411462,0.6410488606914975,0.6460833260342764,0.636804813076491,"{'cls__hidden_layer_sizes': (100,), 'cls__learning_rate': 'adaptive', 'cls__learning_rate_init': 0.0001, 'cls__max_iter': 1000, 'cls__n_iter_no_change': 5, 'cls__random_state': 42, 'os__random_state': 42}",mlp,iforest,simple,none,smote,0.6792691341816273
59.0,60.0,55.0,58.0,54.0,244.0,243.0,251.0,248.0,252.0,42.0,43.0,39.0,41.0,40.0,146.0,145.0,146.0,144.0,145.0,59.0,64.0,66.0,71.0,58.0,261.0,256.0,243.0,238.0,251.0,113.0,106.0,113.0,103.0,120.0,440.0,447.0,451.0,461.0,444.0,0.691131498470948,0.6645768025078369,0.6827794561933535,0.6477987421383649,0.7100591715976332,0.6837606837606838,0.6903474903474903,0.6986831913245546,0.7070552147239264,0.6915887850467289,0.63003663003663,0.608058608058608,0.6153846153846154,0.5897435897435898,0.6397058823529411,0.6269477543538039,0.6324472960586618,0.6434463794683777,0.6498625114573785,0.6373626373626373,0.7290322580645161,0.7114093959731543,0.743421052631579,0.7152777777777778,0.75,0.7508532423208191,0.7550675675675675,0.7554438860971524,0.7619834710743801,0.7538200339558574,0.6569767441860465,0.6235294117647059,0.6312849162011173,0.5919540229885057,0.6741573033707865,0.6276747503566333,0.635846372688478,0.6498559077809798,0.6595135908440629,0.6388489208633094,0.6205675800138153,0.603026841804683,0.6081956495899203,0.5889063044235457,0.6243126942385847,0.6266578879988295,0.6310675162411462,0.6410488606914975,0.6460833260342764,0.636804813076491,"{'cls__hidden_layer_sizes': (100,), 'cls__learning_rate': 'adaptive', 'cls__learning_rate_init': 0.0001, 'cls__max_iter': 1000, 'cls__n_iter_no_change': 5, 'cls__random_state': 42, 'os__random_state': 42}",mlp,iforest,simple,standard,smote,0.6792691341816273
59.0,60.0,55.0,58.0,54.0,244.0,243.0,251.0,248.0,252.0,42.0,43.0,39.0,41.0,40.0,146.0,145.0,146.0,144.0,145.0,59.0,64.0,66.0,71.0,58.0,261.0,256.0,243.0,238.0,251.0,113.0,106.0,113.0,103.0,120.0,440.0,447.0,451.0,461.0,444.0,0.691131498470948,0.6645768025078369,0.6827794561933535,0.6477987421383649,0.7100591715976332,0.6837606837606838,0.6903474903474903,0.6986831913245546,0.7070552147239264,0.6915887850467289,0.63003663003663,0.608058608058608,0.6153846153846154,0.5897435897435898,0.6397058823529411,0.6269477543538039,0.6324472960586618,0.6434463794683777,0.6498625114573785,0.6373626373626373,0.7290322580645161,0.7114093959731543,0.743421052631579,0.7152777777777778,0.75,0.7508532423208191,0.7550675675675675,0.7554438860971524,0.7619834710743801,0.7538200339558574,0.6569767441860465,0.6235294117647059,0.6312849162011173,0.5919540229885057,0.6741573033707865,0.6276747503566333,0.635846372688478,0.6498559077809798,0.6595135908440629,0.6388489208633094,0.6205675800138153,0.603026841804683,0.6081956495899203,0.5889063044235457,0.6243126942385847,0.6266578879988295,0.6310675162411462,0.6410488606914975,0.6460833260342764,0.636804813076491,"{'cls__algorithm': 'SAMME', 'cls__learning_rate': 0.5, 'cls__n_estimators': 50, 'cls__random_state': 42, 'os__random_state': 42}",ada,iforest,simple,none,smote,0.6792691341816273
59.0,60.0,55.0,58.0,54.0,244.0,243.0,251.0,248.0,252.0,42.0,43.0,39.0,41.0,40.0,146.0,145.0,146.0,144.0,145.0,59.0,64.0,66.0,71.0,58.0,261.0,256.0,243.0,238.0,251.0,113.0,106.0,113.0,103.0,120.0,440.0,447.0,451.0,461.0,444.0,0.691131498470948,0.6645768025078369,0.6827794561933535,0.6477987421383649,0.7100591715976332,0.6837606837606838,0.6903474903474903,0.6986831913245546,0.7070552147239264,0.6915887850467289,0.63003663003663,0.608058608058608,0.6153846153846154,0.5897435897435898,0.6397058823529411,0.6269477543538039,0.6324472960586618,0.6434463794683777,0.6498625114573785,0.6373626373626373,0.7290322580645161,0.7114093959731543,0.743421052631579,0.7152777777777778,0.75,0.7508532423208191,0.7550675675675675,0.7554438860971524,0.7619834710743801,0.7538200339558574,0.6569767441860465,0.6235294117647059,0.6312849162011173,0.5919540229885057,0.6741573033707865,0.6276747503566333,0.635846372688478,0.6498559077809798,0.6595135908440629,0.6388489208633094,0.6205675800138153,0.603026841804683,0.6081956495899203,0.5889063044235457,0.6243126942385847,0.6266578879988295,0.6310675162411462,0.6410488606914975,0.6460833260342764,0.636804813076491,"{'cls__algorithm': 'SAMME', 'cls__learning_rate': 0.5, 'cls__n_estimators': 100, 'cls__random_state': 42, 'os__random_state': 42}",ada,iforest,simple,none,smote,0.6792691341816273
59.0,60.0,55.0,58.0,54.0,244.0,243.0,251.0,248.0,252.0,42.0,43.0,39.0,41.0,40.0,146.0,145.0,146.0,144.0,145.0,59.0,64.0,66.0,71.0,58.0,261.0,256.0,243.0,238.0,251.0,113.0,106.0,113.0,103.0,120.0,440.0,447.0,451.0,461.0,444.0,0.691131498470948,0.6645768025078369,0.6827794561933535,0.6477987421383649,0.7100591715976332,0.6837606837606838,0.6903474903474903,0.6986831913245546,0.7070552147239264,0.6915887850467289,0.63003663003663,0.608058608058608,0.6153846153846154,0.5897435897435898,0.6397058823529411,0.6269477543538039,0.6324472960586618,0.6434463794683777,0.6498625114573785,0.6373626373626373,0.7290322580645161,0.7114093959731543,0.743421052631579,0.7152777777777778,0.75,0.7508532423208191,0.7550675675675675,0.7554438860971524,0.7619834710743801,0.7538200339558574,0.6569767441860465,0.6235294117647059,0.6312849162011173,0.5919540229885057,0.6741573033707865,0.6276747503566333,0.635846372688478,0.6498559077809798,0.6595135908440629,0.6388489208633094,0.6205675800138153,0.603026841804683,0.6081956495899203,0.5889063044235457,0.6243126942385847,0.6266578879988295,0.6310675162411462,0.6410488606914975,0.6460833260342764,0.636804813076491,"{'cls__algorithm': 'SAMME', 'cls__learning_rate': 1.0, 'cls__n_estimators': 10, 'cls__random_state': 42, 'os__random_state': 42}",ada,iforest,simple,none,smote,0.6792691341816273
59.0,60.0,55.0,58.0,54.0,244.0,243.0,251.0,248.0,252.0,42.0,43.0,39.0,41.0,40.0,146.0,145.0,146.0,144.0,145.0,59.0,64.0,66.0,71.0,58.0,261.0,256.0,243.0,238.0,251.0,113.0,106.0,113.0,103.0,120.0,440.0,447.0,451.0,461.0,444.0,0.691131498470948,0.6645768025078369,0.6827794561933535,0.6477987421383649,0.7100591715976332,0.6837606837606838,0.6903474903474903,0.6986831913245546,0.7070552147239264,0.6915887850467289,0.63003663003663,0.608058608058608,0.6153846153846154,0.5897435897435898,0.6397058823529411,0.6269477543538039,0.6324472960586618,0.6434463794683777,0.6498625114573785,0.6373626373626373,0.7290322580645161,0.7114093959731543,0.743421052631579,0.7152777777777778,0.75,0.7508532423208191,0.7550675675675675,0.7554438860971524,0.7619834710743801,0.7538200339558574,0.6569767441860465,0.6235294117647059,0.6312849162011173,0.5919540229885057,0.6741573033707865,0.6276747503566333,0.635846372688478,0.6498559077809798,0.6595135908440629,0.6388489208633094,0.6205675800138153,0.603026841804683,0.6081956495899203,0.5889063044235457,0.6243126942385847,0.6266578879988295,0.6310675162411462,0.6410488606914975,0.6460833260342764,0.636804813076491,"{'cls__algorithm': 'SAMME', 'cls__learning_rate': 1.0, 'cls__n_estimators': 50, 'cls__random_state': 42, 'os__random_state': 42}",ada,iforest,simple,none,smote,0.6792691341816273
59.0,60.0,55.0,58.0,54.0,244.0,243.0,251.0,248.0,252.0,42.0,43.0,39.0,41.0,40.0,146.0,145.0,146.0,144.0,145.0,59.0,64.0,66.0,71.0,58.0,261.0,256.0,243.0,238.0,251.0,113.0,106.0,113.0,103.0,120.0,440.0,447.0,451.0,461.0,444.0,0.691131498470948,0.6645768025078369,0.6827794561933535,0.6477987421383649,0.7100591715976332,0.6837606837606838,0.6903474903474903,0.6986831913245546,0.7070552147239264,0.6915887850467289,0.63003663003663,0.608058608058608,0.6153846153846154,0.5897435897435898,0.6397058823529411,0.6269477543538039,0.6324472960586618,0.6434463794683777,0.6498625114573785,0.6373626373626373,0.7290322580645161,0.7114093959731543,0.743421052631579,0.7152777777777778,0.75,0.7508532423208191,0.7550675675675675,0.7554438860971524,0.7619834710743801,0.7538200339558574,0.6569767441860465,0.6235294117647059,0.6312849162011173,0.5919540229885057,0.6741573033707865,0.6276747503566333,0.635846372688478,0.6498559077809798,0.6595135908440629,0.6388489208633094,0.6205675800138153,0.603026841804683,0.6081956495899203,0.5889063044235457,0.6243126942385847,0.6266578879988295,0.6310675162411462,0.6410488606914975,0.6460833260342764,0.636804813076491,"{'cls__algorithm': 'SAMME', 'cls__learning_rate': 1.0, 'cls__n_estimators': 100, 'cls__random_state': 42, 'os__random_state': 42}",ada,iforest,simple,none,smote,0.6792691341816273
59.0,60.0,55.0,58.0,54.0,244.0,243.0,251.0,248.0,252.0,42.0,43.0,39.0,41.0,40.0,146.0,145.0,146.0,144.0,145.0,59.0,64.0,66.0,71.0,58.0,261.0,256.0,243.0,238.0,251.0,113.0,106.0,113.0,103.0,120.0,440.0,447.0,451.0,461.0,444.0,0.691131498470948,0.6645768025078369,0.6827794561933535,0.6477987421383649,0.7100591715976332,0.6837606837606838,0.6903474903474903,0.6986831913245546,0.7070552147239264,0.6915887850467289,0.63003663003663,0.608058608058608,0.6153846153846154,0.5897435897435898,0.6397058823529411,0.6269477543538039,0.6324472960586618,0.6434463794683777,0.6498625114573785,0.6373626373626373,0.7290322580645161,0.7114093959731543,0.743421052631579,0.7152777777777778,0.75,0.7508532423208191,0.7550675675675675,0.7554438860971524,0.7619834710743801,0.7538200339558574,0.6569767441860465,0.6235294117647059,0.6312849162011173,0.5919540229885057,0.6741573033707865,0.6276747503566333,0.635846372688478,0.6498559077809798,0.6595135908440629,0.6388489208633094,0.6205675800138153,0.603026841804683,0.6081956495899203,0.5889063044235457,0.6243126942385847,0.6266578879988295,0.6310675162411462,0.6410488606914975,0.6460833260342764,0.636804813076491,"{'cls__algorithm': 'SAMME', 'cls__learning_rate': 0.1, 'cls__n_estimators': 50, 'cls__random_state': 42, 'os__random_state': 42}",ada,iforest,simple,none,smote,0.6792691341816273
59.0,60.0,55.0,58.0,54.0,244.0,243.0,251.0,248.0,252.0,42.0,43.0,39.0,41.0,40.0,146.0,145.0,146.0,144.0,145.0,59.0,64.0,66.0,71.0,58.0,261.0,256.0,243.0,238.0,251.0,113.0,106.0,113.0,103.0,120.0,440.0,447.0,451.0,461.0,444.0,0.691131498470948,0.6645768025078369,0.6827794561933535,0.6477987421383649,0.7100591715976332,0.6837606837606838,0.6903474903474903,0.6986831913245546,0.7070552147239264,0.6915887850467289,0.63003663003663,0.608058608058608,0.6153846153846154,0.5897435897435898,0.6397058823529411,0.6269477543538039,0.6324472960586618,0.6434463794683777,0.6498625114573785,0.6373626373626373,0.7290322580645161,0.7114093959731543,0.743421052631579,0.7152777777777778,0.75,0.7508532423208191,0.7550675675675675,0.7554438860971524,0.7619834710743801,0.7538200339558574,0.6569767441860465,0.6235294117647059,0.6312849162011173,0.5919540229885057,0.6741573033707865,0.6276747503566333,0.635846372688478,0.6498559077809798,0.6595135908440629,0.6388489208633094,0.6205675800138153,0.603026841804683,0.6081956495899203,0.5889063044235457,0.6243126942385847,0.6266578879988295,0.6310675162411462,0.6410488606914975,0.6460833260342764,0.636804813076491,"{'cls__algorithm': 'SAMME', 'cls__learning_rate': 0.1, 'cls__n_estimators': 10, 'cls__random_state': 42, 'os__random_state': 42}",ada,iforest,simple,none,smote,0.6792691341816273
59.0,60.0,55.0,58.0,54.0,244.0,243.0,251.0,248.0,252.0,42.0,43.0,39.0,41.0,40.0,146.0,145.0,146.0,144.0,145.0,59.0,64.0,66.0,71.0,58.0,261.0,256.0,243.0,238.0,251.0,113.0,106.0,113.0,103.0,120.0,440.0,447.0,451.0,461.0,444.0,0.691131498470948,0.6645768025078369,0.6827794561933535,0.6477987421383649,0.7100591715976332,0.6837606837606838,0.6903474903474903,0.6986831913245546,0.7070552147239264,0.6915887850467289,0.63003663003663,0.608058608058608,0.6153846153846154,0.5897435897435898,0.6397058823529411,0.6269477543538039,0.6324472960586618,0.6434463794683777,0.6498625114573785,0.6373626373626373,0.7290322580645161,0.7114093959731543,0.743421052631579,0.7152777777777778,0.75,0.7508532423208191,0.7550675675675675,0.7554438860971524,0.7619834710743801,0.7538200339558574,0.6569767441860465,0.6235294117647059,0.6312849162011173,0.5919540229885057,0.6741573033707865,0.6276747503566333,0.635846372688478,0.6498559077809798,0.6595135908440629,0.6388489208633094,0.6205675800138153,0.603026841804683,0.6081956495899203,0.5889063044235457,0.6243126942385847,0.6266578879988295,0.6310675162411462,0.6410488606914975,0.6460833260342764,0.636804813076491,"{'cls__algorithm': 'SAMME', 'cls__learning_rate': 0.1, 'cls__n_estimators': 100, 'cls__random_state': 42, 'os__random_state': 42}",ada,iforest,simple,none,smote,0.6792691341816273
59.0,60.0,55.0,58.0,54.0,244.0,243.0,251.0,248.0,252.0,42.0,43.0,39.0,41.0,40.0,146.0,145.0,146.0,144.0,145.0,59.0,64.0,66.0,71.0,58.0,261.0,256.0,243.0,238.0,251.0,113.0,106.0,113.0,103.0,120.0,440.0,447.0,451.0,461.0,444.0,0.691131498470948,0.6645768025078369,0.6827794561933535,0.6477987421383649,0.7100591715976332,0.6837606837606838,0.6903474903474903,0.6986831913245546,0.7070552147239264,0.6915887850467289,0.63003663003663,0.608058608058608,0.6153846153846154,0.5897435897435898,0.6397058823529411,0.6269477543538039,0.6324472960586618,0.6434463794683777,0.6498625114573785,0.6373626373626373,0.7290322580645161,0.7114093959731543,0.743421052631579,0.7152777777777778,0.75,0.7508532423208191,0.7550675675675675,0.7554438860971524,0.7619834710743801,0.7538200339558574,0.6569767441860465,0.6235294117647059,0.6312849162011173,0.5919540229885057,0.6741573033707865,0.6276747503566333,0.635846372688478,0.6498559077809798,0.6595135908440629,0.6388489208633094,0.6205675800138153,0.603026841804683,0.6081956495899203,0.5889063044235457,0.6243126942385847,0.6266578879988295,0.6310675162411462,0.6410488606914975,0.6460833260342764,0.636804813076491,"{'cls__hidden_layer_sizes': (100,), 'cls__learning_rate': 'adaptive', 'cls__learning_rate_init': 0.0001, 'cls__max_iter': 1000, 'cls__n_iter_no_change': 5, 'cls__random_state': 42, 'os__random_state': 42}",mlp,iforest,simple,minmax,smote,0.6792691341816273
72.0,89.0,55.0,58.0,54.0,234.0,329.0,251.0,248.0,252.0,29.0,14.0,39.0,41.0,40.0,156.0,59.0,146.0,144.0,145.0,60.0,96.0,66.0,71.0,58.0,249.0,399.0,243.0,238.0,251.0,112.0,74.0,113.0,103.0,120.0,452.0,304.0,451.0,461.0,444.0,0.7156549520766774,0.5736434108527132,0.6827794561933535,0.6477987421383649,0.7100591715976332,0.690603514132926,0.5703564727954972,0.6986831913245546,0.7070552147239264,0.6915887850467289,0.673992673992674,0.5970695970695971,0.6153846153846154,0.5897435897435898,0.6397058823529411,0.6287809349220899,0.5802016498625114,0.6434463794683777,0.6498625114573785,0.6373626373626373,0.7943262411347518,0.8409090909090909,0.743421052631579,0.7152777777777778,0.75,0.743421052631579,0.837465564738292,0.7554438860971524,0.7619834710743801,0.7538200339558574,0.6511627906976745,0.43529411764705883,0.6312849162011173,0.5919540229885057,0.6741573033707865,0.644793152639087,0.43243243243243246,0.6498559077809798,0.6595135908440629,0.6388489208633094,0.6820170389131937,0.6496858937749858,0.6081956495899203,0.5889063044235457,0.6243126942385847,0.6223965763195435,0.6401852883811646,0.6410488606914975,0.6460833260342764,0.636804813076491,"{'cls__hidden_layer_sizes': (100,), 'cls__learning_rate': 'adaptive', 'cls__learning_rate_init': 0.001, 'cls__max_iter': 1000, 'cls__n_iter_no_change': 5, 'cls__random_state': 42, 'os__random_state': 42}",mlp,iforest,simple,minmax,smote,0.6659871465717484
72.0,89.0,55.0,58.0,54.0,234.0,329.0,251.0,248.0,252.0,29.0,14.0,39.0,41.0,40.0,156.0,59.0,146.0,144.0,145.0,60.0,96.0,66.0,71.0,58.0,249.0,399.0,243.0,238.0,251.0,112.0,74.0,113.0,103.0,120.0,452.0,304.0,451.0,461.0,444.0,0.7156549520766774,0.5736434108527132,0.6827794561933535,0.6477987421383649,0.7100591715976332,0.690603514132926,0.5703564727954972,0.6986831913245546,0.7070552147239264,0.6915887850467289,0.673992673992674,0.5970695970695971,0.6153846153846154,0.5897435897435898,0.6397058823529411,0.6287809349220899,0.5802016498625114,0.6434463794683777,0.6498625114573785,0.6373626373626373,0.7943262411347518,0.8409090909090909,0.743421052631579,0.7152777777777778,0.75,0.743421052631579,0.837465564738292,0.7554438860971524,0.7619834710743801,0.7538200339558574,0.6511627906976745,0.43529411764705883,0.6312849162011173,0.5919540229885057,0.6741573033707865,0.644793152639087,0.43243243243243246,0.6498559077809798,0.6595135908440629,0.6388489208633094,0.6820170389131937,0.6496858937749858,0.6081956495899203,0.5889063044235457,0.6243126942385847,0.6223965763195435,0.6401852883811646,0.6410488606914975,0.6460833260342764,0.636804813076491,"{'cls__hidden_layer_sizes': (100,), 'cls__learning_rate': 'adaptive', 'cls__learning_rate_init': 0.001, 'cls__max_iter': 1000, 'cls__n_iter_no_change': 5, 'cls__random_state': 42, 'os__random_state': 42}",mlp,iforest,simple,none,smote,0.6659871465717484
87.0,89.0,55.0,58.0,54.0,331.0,329.0,251.0,248.0,252.0,14.0,14.0,39.0,41.0,40.0,59.0,59.0,146.0,144.0,145.0,99.0,96.0,66.0,71.0,58.0,396.0,399.0,243.0,238.0,251.0,73.0,74.0,113.0,103.0,120.0,305.0,304.0,451.0,461.0,444.0,0.5637065637065637,0.5736434108527132,0.6827794561933535,0.6477987421383649,0.7100591715976332,0.5727699530516432,0.5703564727954972,0.6986831913245546,0.7070552147239264,0.6915887850467289,0.5860805860805861,0.5970695970695971,0.6153846153846154,0.5897435897435898,0.6397058823529411,0.5829514207149404,0.5802016498625114,0.6434463794683777,0.6498625114573785,0.6373626373626373,0.8390804597701149,0.8409090909090909,0.743421052631579,0.7152777777777778,0.75,0.8379120879120879,0.837465564738292,0.7554438860971524,0.7619834710743801,0.7538200339558574,0.42441860465116277,0.43529411764705883,0.6312849162011173,0.5919540229885057,0.6741573033707865,0.43509272467902993,0.43243243243243246,0.6498559077809798,0.6595135908440629,0.6388489208633094,0.642902371632512,0.6496858937749858,0.6081956495899203,0.5889063044235457,0.6243126942385847,0.6419053366984893,0.6401852883811646,0.6410488606914975,0.6460833260342764,0.636804813076491,{'os__random_state': 42},nb,iforest,simple,minmax,smote,0.6355974688977256
87.0,89.0,55.0,58.0,54.0,331.0,329.0,251.0,248.0,252.0,14.0,14.0,39.0,41.0,40.0,59.0,59.0,146.0,144.0,145.0,99.0,96.0,66.0,71.0,58.0,396.0,399.0,243.0,238.0,251.0,73.0,74.0,113.0,103.0,120.0,305.0,304.0,451.0,461.0,444.0,0.5637065637065637,0.5736434108527132,0.6827794561933535,0.6477987421383649,0.7100591715976332,0.5727699530516432,0.5703564727954972,0.6986831913245546,0.7070552147239264,0.6915887850467289,0.5860805860805861,0.5970695970695971,0.6153846153846154,0.5897435897435898,0.6397058823529411,0.5829514207149404,0.5802016498625114,0.6434463794683777,0.6498625114573785,0.6373626373626373,0.8390804597701149,0.8409090909090909,0.743421052631579,0.7152777777777778,0.75,0.8379120879120879,0.837465564738292,0.7554438860971524,0.7619834710743801,0.7538200339558574,0.42441860465116277,0.43529411764705883,0.6312849162011173,0.5919540229885057,0.6741573033707865,0.43509272467902993,0.43243243243243246,0.6498559077809798,0.6595135908440629,0.6388489208633094,0.642902371632512,0.6496858937749858,0.6081956495899203,0.5889063044235457,0.6243126942385847,0.6419053366984893,0.6401852883811646,0.6410488606914975,0.6460833260342764,0.636804813076491,{'os__random_state': 42},nb,iforest,simple,standard,smote,0.6355974688977256
87.0,89.0,55.0,58.0,54.0,331.0,329.0,251.0,248.0,252.0,14.0,14.0,39.0,41.0,40.0,59.0,59.0,146.0,144.0,145.0,99.0,96.0,66.0,71.0,58.0,396.0,399.0,243.0,238.0,251.0,73.0,74.0,113.0,103.0,120.0,305.0,304.0,451.0,461.0,444.0,0.5637065637065637,0.5736434108527132,0.6827794561933535,0.6477987421383649,0.7100591715976332,0.5727699530516432,0.5703564727954972,0.6986831913245546,0.7070552147239264,0.6915887850467289,0.5860805860805861,0.5970695970695971,0.6153846153846154,0.5897435897435898,0.6397058823529411,0.5829514207149404,0.5802016498625114,0.6434463794683777,0.6498625114573785,0.6373626373626373,0.8390804597701149,0.8409090909090909,0.743421052631579,0.7152777777777778,0.75,0.8379120879120879,0.837465564738292,0.7554438860971524,0.7619834710743801,0.7538200339558574,0.42441860465116277,0.43529411764705883,0.6312849162011173,0.5919540229885057,0.6741573033707865,0.43509272467902993,0.43243243243243246,0.6498559077809798,0.6595135908440629,0.6388489208633094,0.642902371632512,0.6496858937749858,0.6081956495899203,0.5889063044235457,0.6243126942385847,0.6419053366984893,0.6401852883811646,0.6410488606914975,0.6460833260342764,0.636804813076491,{'os__random_state': 42},nb,iforest,simple,none,smote,0.6355974688977256
87.0,89.0,55.0,58.0,79.0,331.0,329.0,251.0,248.0,339.0,14.0,14.0,39.0,41.0,15.0,59.0,59.0,146.0,144.0,58.0,99.0,96.0,66.0,71.0,97.0,396.0,399.0,243.0,238.0,398.0,73.0,74.0,113.0,103.0,81.0,305.0,304.0,451.0,461.0,297.0,0.5637065637065637,0.5736434108527132,0.6827794561933535,0.6477987421383649,0.5912408759124088,0.5727699530516432,0.5703564727954972,0.6986831913245546,0.7070552147239264,0.5657142857142857,0.5860805860805861,0.5970695970695971,0.6153846153846154,0.5897435897435898,0.5882352941176471,0.5829514207149404,0.5802016498625114,0.6434463794683777,0.6498625114573785,0.5824175824175825,0.8390804597701149,0.8409090909090909,0.743421052631579,0.7152777777777778,0.84375,0.8379120879120879,0.837465564738292,0.7554438860971524,0.7619834710743801,0.8366197183098592,0.42441860465116277,0.43529411764705883,0.6312849162011173,0.5919540229885057,0.4550561797752809,0.43509272467902993,0.43243243243243246,0.6498559077809798,0.6595135908440629,0.4273381294964029,0.642902371632512,0.6496858937749858,0.6081956495899203,0.5889063044235457,0.6477408558450872,0.6419053366984893,0.6401852883811646,0.6410488606914975,0.6460833260342764,0.6406212058061359,"{'cls__hidden_layer_sizes': (100,), 'cls__learning_rate': 'adaptive', 'cls__learning_rate_init': 0.001, 'cls__max_iter': 1000, 'cls__n_iter_no_change': 5, 'cls__random_state': 42, 'os__random_state': 42}",mlp,iforest,simple,standard,smote,0.6118338097606808
87.0,89.0,81.0,58.0,79.0,331.0,329.0,337.0,248.0,339.0,14.0,14.0,13.0,41.0,15.0,59.0,59.0,60.0,144.0,58.0,99.0,96.0,104.0,71.0,97.0,396.0,399.0,391.0,238.0,398.0,73.0,74.0,75.0,103.0,81.0,305.0,304.0,303.0,461.0,297.0,0.5637065637065637,0.5736434108527132,0.5617977528089888,0.6477987421383649,0.5912408759124088,0.5727699530516432,0.5703564727954972,0.5733207190160833,0.7070552147239264,0.5657142857142857,0.5860805860805861,0.5970695970695971,0.5714285714285714,0.5897435897435898,0.5882352941176471,0.5829514207149404,0.5802016498625114,0.5866177818515124,0.6498625114573785,0.5824175824175825,0.8390804597701149,0.8409090909090909,0.8522727272727273,0.7152777777777778,0.84375,0.8379120879120879,0.837465564738292,0.8347107438016529,0.7619834710743801,0.8366197183098592,0.42441860465116277,0.43529411764705883,0.41899441340782123,0.5919540229885057,0.4550561797752809,0.43509272467902993,0.43243243243243246,0.4365994236311239,0.6595135908440629,0.4273381294964029,0.642902371632512,0.6496858937749858,0.6403482705336978,0.5889063044235457,0.6477408558450872,0.6419053366984893,0.6401852883811646,0.6427329611858389,0.6460833260342764,0.6406212058061359,"{'cls__C': 10, 'cls__probability': True, 'cls__random_state': 42, 'os__random_state': 42}",svc,iforest,simple,minmax,smote,0.5876374690838079
87.0,89.0,81.0,58.0,79.0,331.0,329.0,337.0,248.0,339.0,14.0,14.0,13.0,41.0,15.0,59.0,59.0,60.0,144.0,58.0,99.0,96.0,104.0,71.0,97.0,396.0,399.0,391.0,238.0,398.0,73.0,74.0,75.0,103.0,81.0,305.0,304.0,303.0,461.0,297.0,0.5637065637065637,0.5736434108527132,0.5617977528089888,0.6477987421383649,0.5912408759124088,0.5727699530516432,0.5703564727954972,0.5733207190160833,0.7070552147239264,0.5657142857142857,0.5860805860805861,0.5970695970695971,0.5714285714285714,0.5897435897435898,0.5882352941176471,0.5829514207149404,0.5802016498625114,0.5866177818515124,0.6498625114573785,0.5824175824175825,0.8390804597701149,0.8409090909090909,0.8522727272727273,0.7152777777777778,0.84375,0.8379120879120879,0.837465564738292,0.8347107438016529,0.7619834710743801,0.8366197183098592,0.42441860465116277,0.43529411764705883,0.41899441340782123,0.5919540229885057,0.4550561797752809,0.43509272467902993,0.43243243243243246,0.4365994236311239,0.6595135908440629,0.4273381294964029,0.642902371632512,0.6496858937749858,0.6403482705336978,0.5889063044235457,0.6477408558450872,0.6419053366984893,0.6401852883811646,0.6427329611858389,0.6460833260342764,0.6406212058061359,"{'cls__criterion': 'gini', 'cls__max_depth': 2, 'cls__max_features': 'log2', 'cls__random_state': 42, 'os__random_state': 42}",rf,iforest,simple,none,smote,0.5876374690838079
87.0,89.0,81.0,58.0,79.0,331.0,329.0,337.0,248.0,339.0,14.0,14.0,13.0,41.0,15.0,59.0,59.0,60.0,144.0,58.0,99.0,96.0,104.0,71.0,97.0,396.0,399.0,391.0,238.0,398.0,73.0,74.0,75.0,103.0,81.0,305.0,304.0,303.0,461.0,297.0,0.5637065637065637,0.5736434108527132,0.5617977528089888,0.6477987421383649,0.5912408759124088,0.5727699530516432,0.5703564727954972,0.5733207190160833,0.7070552147239264,0.5657142857142857,0.5860805860805861,0.5970695970695971,0.5714285714285714,0.5897435897435898,0.5882352941176471,0.5829514207149404,0.5802016498625114,0.5866177818515124,0.6498625114573785,0.5824175824175825,0.8390804597701149,0.8409090909090909,0.8522727272727273,0.7152777777777778,0.84375,0.8379120879120879,0.837465564738292,0.8347107438016529,0.7619834710743801,0.8366197183098592,0.42441860465116277,0.43529411764705883,0.41899441340782123,0.5919540229885057,0.4550561797752809,0.43509272467902993,0.43243243243243246,0.4365994236311239,0.6595135908440629,0.4273381294964029,0.642902371632512,0.6496858937749858,0.6403482705336978,0.5889063044235457,0.6477408558450872,0.6419053366984893,0.6401852883811646,0.6427329611858389,0.6460833260342764,0.6406212058061359,"{'cls__criterion': 'gini', 'cls__max_depth': 4, 'cls__max_features': 'log2', 'cls__random_state': 42, 'os__random_state': 42}",rf,iforest,simple,none,smote,0.5876374690838079
87.0,89.0,81.0,58.0,79.0,331.0,329.0,337.0,248.0,339.0,14.0,14.0,13.0,41.0,15.0,59.0,59.0,60.0,144.0,58.0,99.0,96.0,104.0,71.0,97.0,396.0,399.0,391.0,238.0,398.0,73.0,74.0,75.0,103.0,81.0,305.0,304.0,303.0,461.0,297.0,0.5637065637065637,0.5736434108527132,0.5617977528089888,0.6477987421383649,0.5912408759124088,0.5727699530516432,0.5703564727954972,0.5733207190160833,0.7070552147239264,0.5657142857142857,0.5860805860805861,0.5970695970695971,0.5714285714285714,0.5897435897435898,0.5882352941176471,0.5829514207149404,0.5802016498625114,0.5866177818515124,0.6498625114573785,0.5824175824175825,0.8390804597701149,0.8409090909090909,0.8522727272727273,0.7152777777777778,0.84375,0.8379120879120879,0.837465564738292,0.8347107438016529,0.7619834710743801,0.8366197183098592,0.42441860465116277,0.43529411764705883,0.41899441340782123,0.5919540229885057,0.4550561797752809,0.43509272467902993,0.43243243243243246,0.4365994236311239,0.6595135908440629,0.4273381294964029,0.642902371632512,0.6496858937749858,0.6403482705336978,0.5889063044235457,0.6477408558450872,0.6419053366984893,0.6401852883811646,0.6427329611858389,0.6460833260342764,0.6406212058061359,"{'cls__criterion': 'gini', 'cls__max_depth': None, 'cls__max_features': 'log2', 'cls__random_state': 42, 'os__random_state': 42}",rf,iforest,simple,none,smote,0.5876374690838079
87.0,89.0,81.0,58.0,79.0,331.0,329.0,337.0,248.0,339.0,14.0,14.0,13.0,41.0,15.0,59.0,59.0,60.0,144.0,58.0,99.0,96.0,104.0,71.0,97.0,396.0,399.0,391.0,238.0,398.0,73.0,74.0,75.0,103.0,81.0,305.0,304.0,303.0,461.0,297.0,0.5637065637065637,0.5736434108527132,0.5617977528089888,0.6477987421383649,0.5912408759124088,0.5727699530516432,0.5703564727954972,0.5733207190160833,0.7070552147239264,0.5657142857142857,0.5860805860805861,0.5970695970695971,0.5714285714285714,0.5897435897435898,0.5882352941176471,0.5829514207149404,0.5802016498625114,0.5866177818515124,0.6498625114573785,0.5824175824175825,0.8390804597701149,0.8409090909090909,0.8522727272727273,0.7152777777777778,0.84375,0.8379120879120879,0.837465564738292,0.8347107438016529,0.7619834710743801,0.8366197183098592,0.42441860465116277,0.43529411764705883,0.41899441340782123,0.5919540229885057,0.4550561797752809,0.43509272467902993,0.43243243243243246,0.4365994236311239,0.6595135908440629,0.4273381294964029,0.642902371632512,0.6496858937749858,0.6403482705336978,0.5889063044235457,0.6477408558450872,0.6419053366984893,0.6401852883811646,0.6427329611858389,0.6460833260342764,0.6406212058061359,"{'cls__criterion': 'entropy', 'cls__max_depth': 2, 'cls__max_features': 'log2', 'cls__random_state': 42, 'os__random_state': 42}",rf,iforest,simple,none,smote,0.5876374690838079
87.0,89.0,81.0,58.0,79.0,331.0,329.0,337.0,248.0,339.0,14.0,14.0,13.0,41.0,15.0,59.0,59.0,60.0,144.0,58.0,99.0,96.0,104.0,71.0,97.0,396.0,399.0,391.0,238.0,398.0,73.0,74.0,75.0,103.0,81.0,305.0,304.0,303.0,461.0,297.0,0.5637065637065637,0.5736434108527132,0.5617977528089888,0.6477987421383649,0.5912408759124088,0.5727699530516432,0.5703564727954972,0.5733207190160833,0.7070552147239264,0.5657142857142857,0.5860805860805861,0.5970695970695971,0.5714285714285714,0.5897435897435898,0.5882352941176471,0.5829514207149404,0.5802016498625114,0.5866177818515124,0.6498625114573785,0.5824175824175825,0.8390804597701149,0.8409090909090909,0.8522727272727273,0.7152777777777778,0.84375,0.8379120879120879,0.837465564738292,0.8347107438016529,0.7619834710743801,0.8366197183098592,0.42441860465116277,0.43529411764705883,0.41899441340782123,0.5919540229885057,0.4550561797752809,0.43509272467902993,0.43243243243243246,0.4365994236311239,0.6595135908440629,0.4273381294964029,0.642902371632512,0.6496858937749858,0.6403482705336978,0.5889063044235457,0.6477408558450872,0.6419053366984893,0.6401852883811646,0.6427329611858389,0.6460833260342764,0.6406212058061359,"{'cls__criterion': 'entropy', 'cls__max_depth': 4, 'cls__max_features': 'log2', 'cls__random_state': 42, 'os__random_state': 42}",rf,iforest,simple,none,smote,0.5876374690838079
87.0,89.0,81.0,58.0,79.0,331.0,329.0,337.0,248.0,339.0,14.0,14.0,13.0,41.0,15.0,59.0,59.0,60.0,144.0,58.0,99.0,96.0,104.0,71.0,97.0,396.0,399.0,391.0,238.0,398.0,73.0,74.0,75.0,103.0,81.0,305.0,304.0,303.0,461.0,297.0,0.5637065637065637,0.5736434108527132,0.5617977528089888,0.6477987421383649,0.5912408759124088,0.5727699530516432,0.5703564727954972,0.5733207190160833,0.7070552147239264,0.5657142857142857,0.5860805860805861,0.5970695970695971,0.5714285714285714,0.5897435897435898,0.5882352941176471,0.5829514207149404,0.5802016498625114,0.5866177818515124,0.6498625114573785,0.5824175824175825,0.8390804597701149,0.8409090909090909,0.8522727272727273,0.7152777777777778,0.84375,0.8379120879120879,0.837465564738292,0.8347107438016529,0.7619834710743801,0.8366197183098592,0.42441860465116277,0.43529411764705883,0.41899441340782123,0.5919540229885057,0.4550561797752809,0.43509272467902993,0.43243243243243246,0.4365994236311239,0.6595135908440629,0.4273381294964029,0.642902371632512,0.6496858937749858,0.6403482705336978,0.5889063044235457,0.6477408558450872,0.6419053366984893,0.6401852883811646,0.6427329611858389,0.6460833260342764,0.6406212058061359,"{'cls__C': 0.1, 'cls__probability': True, 'cls__random_state': 42, 'os__random_state': 42}",svc,iforest,simple,none,smote,0.5876374690838079
87.0,89.0,81.0,58.0,79.0,331.0,329.0,337.0,248.0,339.0,14.0,14.0,13.0,41.0,15.0,59.0,59.0,60.0,144.0,58.0,99.0,96.0,104.0,71.0,97.0,396.0,399.0,391.0,238.0,398.0,73.0,74.0,75.0,103.0,81.0,305.0,304.0,303.0,461.0,297.0,0.5637065637065637,0.5736434108527132,0.5617977528089888,0.6477987421383649,0.5912408759124088,0.5727699530516432,0.5703564727954972,0.5733207190160833,0.7070552147239264,0.5657142857142857,0.5860805860805861,0.5970695970695971,0.5714285714285714,0.5897435897435898,0.5882352941176471,0.5829514207149404,0.5802016498625114,0.5866177818515124,0.6498625114573785,0.5824175824175825,0.8390804597701149,0.8409090909090909,0.8522727272727273,0.7152777777777778,0.84375,0.8379120879120879,0.837465564738292,0.8347107438016529,0.7619834710743801,0.8366197183098592,0.42441860465116277,0.43529411764705883,0.41899441340782123,0.5919540229885057,0.4550561797752809,0.43509272467902993,0.43243243243243246,0.4365994236311239,0.6595135908440629,0.4273381294964029,0.642902371632512,0.6496858937749858,0.6403482705336978,0.5889063044235457,0.6477408558450872,0.6419053366984893,0.6401852883811646,0.6427329611858389,0.6460833260342764,0.6406212058061359,"{'cls__C': 10, 'cls__probability': True, 'cls__random_state': 42, 'os__random_state': 42}",svc,iforest,simple,standard,smote,0.5876374690838079
87.0,89.0,81.0,58.0,79.0,331.0,329.0,337.0,248.0,339.0,14.0,14.0,13.0,41.0,15.0,59.0,59.0,60.0,144.0,58.0,99.0,96.0,104.0,71.0,97.0,396.0,399.0,391.0,238.0,398.0,73.0,74.0,75.0,103.0,81.0,305.0,304.0,303.0,461.0,297.0,0.5637065637065637,0.5736434108527132,0.5617977528089888,0.6477987421383649,0.5912408759124088,0.5727699530516432,0.5703564727954972,0.5733207190160833,0.7070552147239264,0.5657142857142857,0.5860805860805861,0.5970695970695971,0.5714285714285714,0.5897435897435898,0.5882352941176471,0.5829514207149404,0.5802016498625114,0.5866177818515124,0.6498625114573785,0.5824175824175825,0.8390804597701149,0.8409090909090909,0.8522727272727273,0.7152777777777778,0.84375,0.8379120879120879,0.837465564738292,0.8347107438016529,0.7619834710743801,0.8366197183098592,0.42441860465116277,0.43529411764705883,0.41899441340782123,0.5919540229885057,0.4550561797752809,0.43509272467902993,0.43243243243243246,0.4365994236311239,0.6595135908440629,0.4273381294964029,0.642902371632512,0.6496858937749858,0.6403482705336978,0.5889063044235457,0.6477408558450872,0.6419053366984893,0.6401852883811646,0.6427329611858389,0.6460833260342764,0.6406212058061359,"{'cls__C': 1, 'cls__probability': True, 'cls__random_state': 42, 'os__random_state': 42}",svc,iforest,simple,standard,smote,0.5876374690838079
87.0,89.0,81.0,58.0,79.0,331.0,329.0,337.0,248.0,339.0,14.0,14.0,13.0,41.0,15.0,59.0,59.0,60.0,144.0,58.0,99.0,96.0,104.0,71.0,97.0,396.0,399.0,391.0,238.0,398.0,73.0,74.0,75.0,103.0,81.0,305.0,304.0,303.0,461.0,297.0,0.5637065637065637,0.5736434108527132,0.5617977528089888,0.6477987421383649,0.5912408759124088,0.5727699530516432,0.5703564727954972,0.5733207190160833,0.7070552147239264,0.5657142857142857,0.5860805860805861,0.5970695970695971,0.5714285714285714,0.5897435897435898,0.5882352941176471,0.5829514207149404,0.5802016498625114,0.5866177818515124,0.6498625114573785,0.5824175824175825,0.8390804597701149,0.8409090909090909,0.8522727272727273,0.7152777777777778,0.84375,0.8379120879120879,0.837465564738292,0.8347107438016529,0.7619834710743801,0.8366197183098592,0.42441860465116277,0.43529411764705883,0.41899441340782123,0.5919540229885057,0.4550561797752809,0.43509272467902993,0.43243243243243246,0.4365994236311239,0.6595135908440629,0.4273381294964029,0.642902371632512,0.6496858937749858,0.6403482705336978,0.5889063044235457,0.6477408558450872,0.6419053366984893,0.6401852883811646,0.6427329611858389,0.6460833260342764,0.6406212058061359,"{'cls__C': 1, 'cls__probability': True, 'cls__random_state': 42, 'os__random_state': 42}",svc,iforest,simple,none,smote,0.5876374690838079
87.0,89.0,81.0,58.0,79.0,331.0,329.0,337.0,248.0,339.0,14.0,14.0,13.0,41.0,15.0,59.0,59.0,60.0,144.0,58.0,99.0,96.0,104.0,71.0,97.0,396.0,399.0,391.0,238.0,398.0,73.0,74.0,75.0,103.0,81.0,305.0,304.0,303.0,461.0,297.0,0.5637065637065637,0.5736434108527132,0.5617977528089888,0.6477987421383649,0.5912408759124088,0.5727699530516432,0.5703564727954972,0.5733207190160833,0.7070552147239264,0.5657142857142857,0.5860805860805861,0.5970695970695971,0.5714285714285714,0.5897435897435898,0.5882352941176471,0.5829514207149404,0.5802016498625114,0.5866177818515124,0.6498625114573785,0.5824175824175825,0.8390804597701149,0.8409090909090909,0.8522727272727273,0.7152777777777778,0.84375,0.8379120879120879,0.837465564738292,0.8347107438016529,0.7619834710743801,0.8366197183098592,0.42441860465116277,0.43529411764705883,0.41899441340782123,0.5919540229885057,0.4550561797752809,0.43509272467902993,0.43243243243243246,0.4365994236311239,0.6595135908440629,0.4273381294964029,0.642902371632512,0.6496858937749858,0.6403482705336978,0.5889063044235457,0.6477408558450872,0.6419053366984893,0.6401852883811646,0.6427329611858389,0.6460833260342764,0.6406212058061359,"{'cls__C': 0.1, 'cls__probability': True, 'cls__random_state': 42, 'os__random_state': 42}",svc,iforest,simple,standard,smote,0.5876374690838079
87.0,89.0,81.0,58.0,79.0,331.0,329.0,337.0,248.0,339.0,14.0,14.0,13.0,41.0,15.0,59.0,59.0,60.0,144.0,58.0,99.0,96.0,104.0,71.0,97.0,396.0,399.0,391.0,238.0,398.0,73.0,74.0,75.0,103.0,81.0,305.0,304.0,303.0,461.0,297.0,0.5637065637065637,0.5736434108527132,0.5617977528089888,0.6477987421383649,0.5912408759124088,0.5727699530516432,0.5703564727954972,0.5733207190160833,0.7070552147239264,0.5657142857142857,0.5860805860805861,0.5970695970695971,0.5714285714285714,0.5897435897435898,0.5882352941176471,0.5829514207149404,0.5802016498625114,0.5866177818515124,0.6498625114573785,0.5824175824175825,0.8390804597701149,0.8409090909090909,0.8522727272727273,0.7152777777777778,0.84375,0.8379120879120879,0.837465564738292,0.8347107438016529,0.7619834710743801,0.8366197183098592,0.42441860465116277,0.43529411764705883,0.41899441340782123,0.5919540229885057,0.4550561797752809,0.43509272467902993,0.43243243243243246,0.4365994236311239,0.6595135908440629,0.4273381294964029,0.642902371632512,0.6496858937749858,0.6403482705336978,0.5889063044235457,0.6477408558450872,0.6419053366984893,0.6401852883811646,0.6427329611858389,0.6460833260342764,0.6406212058061359,"{'cls__C': 0.1, 'cls__probability': True, 'cls__random_state': 42, 'os__random_state': 42}",svc,iforest,simple,minmax,smote,0.5876374690838079
87.0,89.0,81.0,58.0,79.0,331.0,329.0,337.0,248.0,339.0,14.0,14.0,13.0,41.0,15.0,59.0,59.0,60.0,144.0,58.0,99.0,96.0,104.0,71.0,97.0,396.0,399.0,391.0,238.0,398.0,73.0,74.0,75.0,103.0,81.0,305.0,304.0,303.0,461.0,297.0,0.5637065637065637,0.5736434108527132,0.5617977528089888,0.6477987421383649,0.5912408759124088,0.5727699530516432,0.5703564727954972,0.5733207190160833,0.7070552147239264,0.5657142857142857,0.5860805860805861,0.5970695970695971,0.5714285714285714,0.5897435897435898,0.5882352941176471,0.5829514207149404,0.5802016498625114,0.5866177818515124,0.6498625114573785,0.5824175824175825,0.8390804597701149,0.8409090909090909,0.8522727272727273,0.7152777777777778,0.84375,0.8379120879120879,0.837465564738292,0.8347107438016529,0.7619834710743801,0.8366197183098592,0.42441860465116277,0.43529411764705883,0.41899441340782123,0.5919540229885057,0.4550561797752809,0.43509272467902993,0.43243243243243246,0.4365994236311239,0.6595135908440629,0.4273381294964029,0.642902371632512,0.6496858937749858,0.6403482705336978,0.5889063044235457,0.6477408558450872,0.6419053366984893,0.6401852883811646,0.6427329611858389,0.6460833260342764,0.6406212058061359,"{'cls__criterion': 'entropy', 'cls__max_depth': None, 'cls__max_features': 'log2', 'cls__random_state': 42, 'os__random_state': 42}",rf,iforest,simple,none,smote,0.5876374690838079
87.0,89.0,81.0,58.0,79.0,331.0,329.0,337.0,248.0,339.0,14.0,14.0,13.0,41.0,15.0,59.0,59.0,60.0,144.0,58.0,99.0,96.0,104.0,71.0,97.0,396.0,399.0,391.0,238.0,398.0,73.0,74.0,75.0,103.0,81.0,305.0,304.0,303.0,461.0,297.0,0.5637065637065637,0.5736434108527132,0.5617977528089888,0.6477987421383649,0.5912408759124088,0.5727699530516432,0.5703564727954972,0.5733207190160833,0.7070552147239264,0.5657142857142857,0.5860805860805861,0.5970695970695971,0.5714285714285714,0.5897435897435898,0.5882352941176471,0.5829514207149404,0.5802016498625114,0.5866177818515124,0.6498625114573785,0.5824175824175825,0.8390804597701149,0.8409090909090909,0.8522727272727273,0.7152777777777778,0.84375,0.8379120879120879,0.837465564738292,0.8347107438016529,0.7619834710743801,0.8366197183098592,0.42441860465116277,0.43529411764705883,0.41899441340782123,0.5919540229885057,0.4550561797752809,0.43509272467902993,0.43243243243243246,0.4365994236311239,0.6595135908440629,0.4273381294964029,0.642902371632512,0.6496858937749858,0.6403482705336978,0.5889063044235457,0.6477408558450872,0.6419053366984893,0.6401852883811646,0.6427329611858389,0.6460833260342764,0.6406212058061359,"{'cls__C': 10, 'cls__probability': True, 'cls__random_state': 42, 'os__random_state': 42}",svc,iforest,simple,none,smote,0.5876374690838079
87.0,89.0,81.0,58.0,79.0,331.0,329.0,337.0,248.0,339.0,14.0,14.0,13.0,41.0,15.0,59.0,59.0,60.0,144.0,58.0,99.0,96.0,104.0,71.0,97.0,396.0,399.0,391.0,238.0,398.0,73.0,74.0,75.0,103.0,81.0,305.0,304.0,303.0,461.0,297.0,0.5637065637065637,0.5736434108527132,0.5617977528089888,0.6477987421383649,0.5912408759124088,0.5727699530516432,0.5703564727954972,0.5733207190160833,0.7070552147239264,0.5657142857142857,0.5860805860805861,0.5970695970695971,0.5714285714285714,0.5897435897435898,0.5882352941176471,0.5829514207149404,0.5802016498625114,0.5866177818515124,0.6498625114573785,0.5824175824175825,0.8390804597701149,0.8409090909090909,0.8522727272727273,0.7152777777777778,0.84375,0.8379120879120879,0.837465564738292,0.8347107438016529,0.7619834710743801,0.8366197183098592,0.42441860465116277,0.43529411764705883,0.41899441340782123,0.5919540229885057,0.4550561797752809,0.43509272467902993,0.43243243243243246,0.4365994236311239,0.6595135908440629,0.4273381294964029,0.642902371632512,0.6496858937749858,0.6403482705336978,0.5889063044235457,0.6477408558450872,0.6419053366984893,0.6401852883811646,0.6427329611858389,0.6460833260342764,0.6406212058061359,"{'cls__C': 1, 'cls__probability': True, 'cls__random_state': 42, 'os__random_state': 42}",svc,iforest,simple,minmax,smote,0.5876374690838079
