scaler_0__Flavor intensity (adj),scaler_1__Acidity (adj),scaler_2__Sweet,scaler_3__Dark.chocolate,scaler_4__Nutty,scaler_5__Mouthfeel (adj),scaler_6__Roasted,scaler_7__Rubber,scaler_8__Caramel,scaler_9__Sour,scaler_10__Fruit,scaler_11__Burnt,scaler_12__Bitter,scaler_13__Astringent,scaler_14__Tea.floral,liking
-0.8475909091005751,-0.8792252755243076,-0.3303339540111468,-0.41972110157675935,-0.5473740225939545,-0.706116439430379,1.013304354222222,-0.06651901052377394,-0.1827126569856663,-0.6815542010964778,-0.24647041110730084,2.8425340807103785,1.5453348185725115,-0.133929906036485,-0.33847641687280183,7
0.9284380419686301,-0.8792252755243076,-0.3303339540111468,-0.41972110157675935,-0.5473740225939545,-0.706116439430379,1.013304354222222,-0.06651901052377394,-0.1827126569856663,-0.6815542010964778,-0.24647041110730084,-0.35179877236514584,-0.6471089552772393,-0.133929906036485,2.9544155815611703,7
-0.8475909091005751,-0.8792252755243076,-0.3303339540111468,-0.41972110157675935,-0.5473740225939545,-0.706116439430379,1.013304354222222,-0.06651901052377394,-0.1827126569856663,1.467234738471584,-0.24647041110730084,-0.35179877236514584,1.5453348185725115,-0.133929906036485,-0.33847641687280183,5
-0.8475909091005751,2.738614075726771,-0.3303339540111468,-0.41972110157675935,-0.5473740225939545,-0.706116439430379,-0.9868703275903381,-0.06651901052377394,-0.1827126569856663,1.467234738471584,-0.24647041110730084,-0.35179877236514584,1.5453348185725115,-0.133929906036485,-0.33847641687280183,2
-0.8475909091005751,0.9296944001012316,-0.3303339540111468,-0.41972110157675935,1.826904381141606,-0.706116439430379,-0.9868703275903381,-0.06651901052377394,-0.1827126569856663,-0.6815542010964778,-0.24647041110730084,-0.35179877236514584,-0.6471089552772393,-0.133929906036485,-0.33847641687280183,7
0.9284380419686301,-0.8792252755243076,-0.3303339540111468,-0.41972110157675935,-0.5473740225939545,-0.706116439430379,1.013304354222222,-0.06651901052377394,-0.1827126569856663,-0.6815542010964778,-0.24647041110730084,2.8425340807103785,1.5453348185725115,-0.133929906036485,-0.33847641687280183,6
-0.8475909091005751,0.9296944001012316,-0.3303339540111468,-0.41972110157675935,-0.5473740225939545,-0.706116439430379,-0.9868703275903381,-0.06651901052377394,-0.1827126569856663,1.467234738471584,-0.24647041110730084,-0.35179877236514584,-0.6471089552772393,-0.133929906036485,2.9544155815611703,4
-0.8475909091005751,-0.8792252755243076,-0.3303339540111468,2.3825344883621926,-0.5473740225939545,-0.706116439430379,-0.9868703275903381,-0.06651901052377394,-0.1827126569856663,-0.6815542010964778,-0.24647041110730084,-0.35179877236514584,-0.6471089552772393,-0.133929906036485,-0.33847641687280183,7
-0.8475909091005751,-0.8792252755243076,-0.3303339540111468,-0.41972110157675935,1.826904381141606,-0.706116439430379,1.013304354222222,-0.06651901052377394,-0.1827126569856663,-0.6815542010964778,-0.24647041110730084,-0.35179877236514584,-0.6471089552772393,-0.133929906036485,-0.33847641687280183,7
0.9284380419686301,-0.8792252755243076,-0.3303339540111468,2.3825344883621926,-0.5473740225939545,-0.706116439430379,1.013304354222222,-0.06651901052377394,-0.1827126569856663,-0.6815542010964778,-0.24647041110730084,-0.35179877236514584,-0.6471089552772393,-0.133929906036485,-0.33847641687280183,7
-0.8475909091005751,0.9296944001012316,-0.3303339540111468,-0.41972110157675935,-0.5473740225939545,-0.706116439430379,1.013304354222222,-0.06651901052377394,-0.1827126569856663,-0.6815542010964778,-0.24647041110730084,-0.35179877236514584,1.5453348185725115,-0.133929906036485,-0.33847641687280183,6
0.9284380419686301,-0.8792252755243076,-0.3303339540111468,-0.41972110157675935,-0.5473740225939545,1.3143259775952012,1.013304354222222,-0.06651901052377394,-0.1827126569856663,-0.6815542010964778,-0.24647041110730084,-0.35179877236514584,-0.6471089552772393,-0.133929906036485,-0.33847641687280183,9
0.9284380419686301,0.9296944001012316,-0.3303339540111468,-0.41972110157675935,-0.5473740225939545,1.3143259775952012,1.013304354222222,-0.06651901052377394,-0.1827126569856663,-0.6815542010964778,-0.24647041110730084,-0.35179877236514584,-0.6471089552772393,-0.133929906036485,-0.33847641687280183,5
-0.8475909091005751,0.9296944001012316,-0.3303339540111468,-0.41972110157675935,-0.5473740225939545,-0.706116439430379,1.013304354222222,-0.06651901052377394,-0.1827126569856663,-0.6815542010964778,-0.24647041110730084,-0.35179877236514584,1.5453348185725115,-0.133929906036485,-0.33847641687280183,7
-0.8475909091005751,0.9296944001012316,-0.3303339540111468,-0.41972110157675935,-0.5473740225939545,1.3143259775952012,-0.9868703275903381,-0.06651901052377394,-0.1827126569856663,-0.6815542010964778,-0.24647041110730084,-0.35179877236514584,-0.6471089552772393,-0.133929906036485,-0.33847641687280183,7
2.704466993037835,-0.8792252755243076,-0.3303339540111468,-0.41972110157675935,1.826904381141606,-0.706116439430379,-0.9868703275903381,-0.06651901052377394,-0.1827126569856663,-0.6815542010964778,-0.24647041110730084,-0.35179877236514584,-0.6471089552772393,-0.133929906036485,-0.33847641687280183,5
-0.8475909091005751,-0.8792252755243076,-0.3303339540111468,2.3825344883621926,-0.5473740225939545,-0.706116439430379,1.013304354222222,-0.06651901052377394,-0.1827126569856663,-0.6815542010964778,-0.24647041110730084,-0.35179877236514584,-0.6471089552772393,-0.133929906036485,-0.33847641687280183,8
0.9284380419686301,0.9296944001012316,-0.3303339540111468,-0.41972110157675935,-0.5473740225939545,-0.706116439430379,1.013304354222222,-0.06651901052377394,-0.1827126569856663,-0.6815542010964778,-0.24647041110730084,2.8425340807103785,1.5453348185725115,-0.133929906036485,-0.33847641687280183,2
0.9284380419686301,0.9296944001012316,-0.3303339540111468,-0.41972110157675935,-0.5473740225939545,1.3143259775952012,-0.9868703275903381,-0.06651901052377394,-0.1827126569856663,-0.6815542010964778,-0.24647041110730084,2.8425340807103785,1.5453348185725115,-0.133929906036485,-0.33847641687280183,7
-0.8475909091005751,-0.8792252755243076,-0.3303339540111468,2.3825344883621926,1.826904381141606,-0.706116439430379,1.013304354222222,-0.06651901052377394,-0.1827126569856663,-0.6815542010964778,-0.24647041110730084,-0.35179877236514584,-0.6471089552772393,-0.133929906036485,-0.33847641687280183,8
0.9284380419686301,0.9296944001012316,-0.3303339540111468,-0.41972110157675935,-0.5473740225939545,-0.706116439430379,-0.9868703275903381,-0.06651901052377394,-0.1827126569856663,1.467234738471584,-0.24647041110730084,-0.35179877236514584,1.5453348185725115,-0.133929906036485,-0.33847641687280183,6
-0.8475909091005751,0.9296944001012316,-0.3303339540111468,-0.41972110157675935,-0.5473740225939545,-0.706116439430379,-0.9868703275903381,-0.06651901052377394,-0.1827126569856663,-0.6815542010964778,-0.24647041110730084,2.8425340807103785,1.5453348185725115,-0.133929906036485,-0.33847641687280183,6
-0.8475909091005751,0.9296944001012316,-0.3303339540111468,2.3825344883621926,-0.5473740225939545,-0.706116439430379,-0.9868703275903381,-0.06651901052377394,-0.1827126569856663,1.467234738471584,-0.24647041110730084,-0.35179877236514584,-0.6471089552772393,-0.133929906036485,-0.33847641687280183,5
-0.8475909091005751,0.9296944001012316,-0.3303339540111468,-0.41972110157675935,-0.5473740225939545,1.3143259775952012,1.013304354222222,-0.06651901052377394,-0.1827126569856663,1.467234738471584,-0.24647041110730084,-0.35179877236514584,-0.6471089552772393,-0.133929906036485,-0.33847641687280183,4
-0.8475909091005751,0.9296944001012316,-0.3303339540111468,-0.41972110157675935,-0.5473740225939545,1.3143259775952012,-0.9868703275903381,-0.06651901052377394,-0.1827126569856663,1.467234738471584,-0.24647041110730084,-0.35179877236514584,-0.6471089552772393,-0.133929906036485,-0.33847641687280183,4
-0.8475909091005751,0.9296944001012316,-0.3303339540111468,-0.41972110157675935,-0.5473740225939545,-0.706116439430379,-0.9868703275903381,-0.06651901052377394,-0.1827126569856663,-0.6815542010964778,-0.24647041110730084,-0.35179877236514584,1.5453348185725115,-0.133929906036485,-0.33847641687280183,5
-0.8475909091005751,-0.8792252755243076,-0.3303339540111468,-0.41972110157675935,-0.5473740225939545,-0.706116439430379,1.013304354222222,-0.06651901052377394,-0.1827126569856663,-0.6815542010964778,-0.24647041110730084,-0.35179877236514584,-0.6471089552772393,-0.133929906036485,-0.33847641687280183,8
0.9284380419686301,0.9296944001012316,-0.3303339540111468,-0.41972110157675935,-0.5473740225939545,1.3143259775952012,-0.9868703275903381,-0.06651901052377394,-0.1827126569856663,-0.6815542010964778,-0.24647041110730084,-0.35179877236514584,-0.6471089552772393,-0.133929906036485,2.9544155815611703,6
0.9284380419686301,-0.8792252755243076,-0.3303339540111468,-0.41972110157675935,-0.5473740225939545,-0.706116439430379,1.013304354222222,-0.06651901052377394,-0.1827126569856663,-0.6815542010964778,-0.24647041110730084,-0.35179877236514584,1.5453348185725115,-0.133929906036485,-0.33847641687280183,7
0.9284380419686301,-0.8792252755243076,-0.3303339540111468,-0.41972110157675935,-0.5473740225939545,-0.706116439430379,-0.9868703275903381,-0.06651901052377394,-0.1827126569856663,1.467234738471584,-0.24647041110730084,-0.35179877236514584,-0.6471089552772393,-0.133929906036485,-0.33847641687280183,7
-0.8475909091005751,-0.8792252755243076,-0.3303339540111468,-0.41972110157675935,-0.5473740225939545,-0.706116439430379,1.013304354222222,-0.06651901052377394,-0.1827126569856663,-0.6815542010964778,-0.24647041110730084,-0.35179877236514584,-0.6471089552772393,-0.133929906036485,2.9544155815611703,9
-0.8475909091005751,0.9296944001012316,-0.3303339540111468,2.3825344883621926,-0.5473740225939545,-0.706116439430379,-0.9868703275903381,-0.06651901052377394,-0.1827126569856663,-0.6815542010964778,-0.24647041110730084,-0.35179877236514584,-0.6471089552772393,-0.133929906036485,-0.33847641687280183,7
-0.8475909091005751,0.9296944001012316,-0.3303339540111468,-0.41972110157675935,-0.5473740225939545,1.3143259775952012,-0.9868703275903381,-0.06651901052377394,-0.1827126569856663,1.467234738471584,-0.24647041110730084,2.8425340807103785,-0.6471089552772393,-0.133929906036485,-0.33847641687280183,6
-0.8475909091005751,-0.8792252755243076,-0.3303339540111468,-0.41972110157675935,1.826904381141606,-0.706116439430379,-0.9868703275903381,-0.06651901052377394,-0.1827126569856663,-0.6815542010964778,-0.24647041110730084,-0.35179877236514584,-0.6471089552772393,-0.133929906036485,2.9544155815611703,7
0.9284380419686301,0.9296944001012316,-0.3303339540111468,-0.41972110157675935,1.826904381141606,1.3143259775952012,1.013304354222222,-0.06651901052377394,-0.1827126569856663,-0.6815542010964778,-0.24647041110730084,-0.35179877236514584,-0.6471089552772393,-0.133929906036485,-0.33847641687280183,7
0.9284380419686301,-0.8792252755243076,-0.3303339540111468,2.3825344883621926,-0.5473740225939545,1.3143259775952012,1.013304354222222,-0.06651901052377394,-0.1827126569856663,-0.6815542010964778,-0.24647041110730084,-0.35179877236514584,-0.6471089552772393,-0.133929906036485,-0.33847641687280183,7
-0.8475909091005751,-0.8792252755243076,3.0272395188484196,-0.41972110157675935,1.826904381141606,-0.706116439430379,1.013304354222222,-0.06651901052377394,-0.1827126569856663,-0.6815542010964778,4.057282152074029,-0.35179877236514584,-0.6471089552772393,-0.133929906036485,-0.33847641687280183,8
0.9284380419686301,-0.8792252755243076,-0.3303339540111468,-0.41972110157675935,1.826904381141606,-0.706116439430379,1.013304354222222,-0.06651901052377394,-0.1827126569856663,1.467234738471584,-0.24647041110730084,-0.35179877236514584,-0.6471089552772393,-0.133929906036485,-0.33847641687280183,7
-0.8475909091005751,-0.8792252755243076,3.0272395188484196,-0.41972110157675935,-0.5473740225939545,-0.706116439430379,1.013304354222222,-0.06651901052377394,-0.1827126569856663,-0.6815542010964778,-0.24647041110730084,-0.35179877236514584,-0.6471089552772393,-0.133929906036485,2.9544155815611703,9
0.9284380419686301,-0.8792252755243076,-0.3303339540111468,-0.41972110157675935,1.826904381141606,1.3143259775952012,-0.9868703275903381,-0.06651901052377394,-0.1827126569856663,-0.6815542010964778,-0.24647041110730084,-0.35179877236514584,-0.6471089552772393,-0.133929906036485,-0.33847641687280183,5
-0.8475909091005751,-0.8792252755243076,-0.3303339540111468,-0.41972110157675935,-0.5473740225939545,-0.706116439430379,1.013304354222222,-0.06651901052377394,-0.1827126569856663,-0.6815542010964778,4.057282152074029,-0.35179877236514584,-0.6471089552772393,-0.133929906036485,2.9544155815611703,9
0.9284380419686301,0.9296944001012316,-0.3303339540111468,-0.41972110157675935,1.826904381141606,-0.706116439430379,1.013304354222222,-0.06651901052377394,-0.1827126569856663,1.467234738471584,-0.24647041110730084,-0.35179877236514584,-0.6471089552772393,-0.133929906036485,-0.33847641687280183,7
0.9284380419686301,-0.8792252755243076,-0.3303339540111468,-0.41972110157675935,1.826904381141606,-0.706116439430379,1.013304354222222,-0.06651901052377394,-0.1827126569856663,-0.6815542010964778,-0.24647041110730084,-0.35179877236514584,-0.6471089552772393,-0.133929906036485,-0.33847641687280183,7
0.9284380419686301,0.9296944001012316,-0.3303339540111468,-0.41972110157675935,-0.5473740225939545,-0.706116439430379,-0.9868703275903381,-0.06651901052377394,-0.1827126569856663,1.467234738471584,4.057282152074029,-0.35179877236514584,-0.6471089552772393,-0.133929906036485,-0.33847641687280183,4
-0.8475909091005751,-0.8792252755243076,-0.3303339540111468,-0.41972110157675935,-0.5473740225939545,-0.706116439430379,1.013304354222222,-0.06651901052377394,-0.1827126569856663,-0.6815542010964778,4.057282152074029,-0.35179877236514584,-0.6471089552772393,-0.133929906036485,2.9544155815611703,7
0.9284380419686301,0.9296944001012316,-0.3303339540111468,-0.41972110157675935,1.826904381141606,-0.706116439430379,1.013304354222222,-0.06651901052377394,-0.1827126569856663,-0.6815542010964778,-0.24647041110730084,-0.35179877236514584,1.5453348185725115,-0.133929906036485,-0.33847641687280183,8
-0.8475909091005751,0.9296944001012316,-0.3303339540111468,-0.41972110157675935,-0.5473740225939545,-0.706116439430379,-0.9868703275903381,-0.06651901052377394,-0.1827126569856663,1.467234738471584,-0.24647041110730084,-0.35179877236514584,-0.6471089552772393,-0.133929906036485,-0.33847641687280183,3
-0.8475909091005751,0.9296944001012316,-0.3303339540111468,-0.41972110157675935,1.826904381141606,-0.706116439430379,1.013304354222222,-0.06651901052377394,-0.1827126569856663,-0.6815542010964778,-0.24647041110730084,-0.35179877236514584,1.5453348185725115,-0.133929906036485,-0.33847641687280183,6
-0.8475909091005751,0.9296944001012316,-0.3303339540111468,-0.41972110157675935,1.826904381141606,-0.706116439430379,1.013304354222222,-0.06651901052377394,-0.1827126569856663,-0.6815542010964778,-0.24647041110730084,-0.35179877236514584,1.5453348185725115,-0.133929906036485,-0.33847641687280183,6
0.9284380419686301,-0.8792252755243076,-0.3303339540111468,-0.41972110157675935,1.826904381141606,-0.706116439430379,1.013304354222222,-0.06651901052377394,-0.1827126569856663,-0.6815542010964778,-0.24647041110730084,-0.35179877236514584,-0.6471089552772393,-0.133929906036485,-0.33847641687280183,5
-0.8475909091005751,-0.8792252755243076,-0.3303339540111468,-0.41972110157675935,1.826904381141606,-0.706116439430379,1.013304354222222,-0.06651901052377394,-0.1827126569856663,-0.6815542010964778,-0.24647041110730084,-0.35179877236514584,-0.6471089552772393,-0.133929906036485,-0.33847641687280183,8
0.9284380419686301,-0.8792252755243076,-0.3303339540111468,-0.41972110157675935,1.826904381141606,-0.706116439430379,-0.9868703275903381,-0.06651901052377394,-0.1827126569856663,1.467234738471584,-0.24647041110730084,-0.35179877236514584,-0.6471089552772393,-0.133929906036485,-0.33847641687280183,4
-0.8475909091005751,0.9296944001012316,-0.3303339540111468,-0.41972110157675935,-0.5473740225939545,-0.706116439430379,1.013304354222222,-0.06651901052377394,-0.1827126569856663,-0.6815542010964778,-0.24647041110730084,-0.35179877236514584,1.5453348185725115,-0.133929906036485,-0.33847641687280183,7
0.9284380419686301,0.9296944001012316,-0.3303339540111468,-0.41972110157675935,-0.5473740225939545,-0.706116439430379,1.013304354222222,-0.06651901052377394,-0.1827126569856663,-0.6815542010964778,-0.24647041110730084,-0.35179877236514584,-0.6471089552772393,-0.133929906036485,2.9544155815611703,5
-0.8475909091005751,-0.8792252755243076,-0.3303339540111468,-0.41972110157675935,-0.5473740225939545,-0.706116439430379,-0.9868703275903381,-0.06651901052377394,-0.1827126569856663,1.467234738471584,-0.24647041110730084,2.8425340807103785,1.5453348185725115,-0.133929906036485,-0.33847641687280183,6
-0.8475909091005751,-0.8792252755243076,-0.3303339540111468,-0.41972110157675935,-0.5473740225939545,-0.706116439430379,-0.9868703275903381,-0.06651901052377394,-0.1827126569856663,1.467234738471584,4.057282152074029,-0.35179877236514584,-0.6471089552772393,-0.133929906036485,-0.33847641687280183,8
-0.8475909091005751,-0.8792252755243076,-0.3303339540111468,-0.41972110157675935,-0.5473740225939545,1.3143259775952012,-0.9868703275903381,-0.06651901052377394,-0.1827126569856663,-0.6815542010964778,-0.24647041110730084,-0.35179877236514584,-0.6471089552772393,-0.133929906036485,2.9544155815611703,6
0.9284380419686301,-0.8792252755243076,-0.3303339540111468,-0.41972110157675935,-0.5473740225939545,-0.706116439430379,1.013304354222222,-0.06651901052377394,-0.1827126569856663,-0.6815542010964778,-0.24647041110730084,-0.35179877236514584,-0.6471089552772393,-0.133929906036485,-0.33847641687280183,7
-0.8475909091005751,-0.8792252755243076,-0.3303339540111468,2.3825344883621926,-0.5473740225939545,-0.706116439430379,-0.9868703275903381,-0.06651901052377394,-0.1827126569856663,-0.6815542010964778,-0.24647041110730084,-0.35179877236514584,-0.6471089552772393,-0.133929906036485,-0.33847641687280183,6
-0.8475909091005751,-0.8792252755243076,-0.3303339540111468,-0.41972110157675935,1.826904381141606,-0.706116439430379,1.013304354222222,-0.06651901052377394,-0.1827126569856663,-0.6815542010964778,-0.24647041110730084,-0.35179877236514584,-0.6471089552772393,-0.133929906036485,-0.33847641687280183,5
-0.8475909091005751,-0.8792252755243076,3.0272395188484196,-0.41972110157675935,1.826904381141606,-0.706116439430379,1.013304354222222,-0.06651901052377394,-0.1827126569856663,-0.6815542010964778,-0.24647041110730084,-0.35179877236514584,-0.6471089552772393,-0.133929906036485,-0.33847641687280183,8
0.9284380419686301,0.9296944001012316,-0.3303339540111468,-0.41972110157675935,-0.5473740225939545,1.3143259775952012,1.013304354222222,-0.06651901052377394,-0.1827126569856663,1.467234738471584,-0.24647041110730084,-0.35179877236514584,1.5453348185725115,-0.133929906036485,-0.33847641687280183,4
0.9284380419686301,-0.8792252755243076,-0.3303339540111468,-0.41972110157675935,-0.5473740225939545,1.3143259775952012,1.013304354222222,-0.06651901052377394,-0.1827126569856663,-0.6815542010964778,-0.24647041110730084,-0.35179877236514584,1.5453348185725115,-0.133929906036485,-0.33847641687280183,5
-0.8475909091005751,0.9296944001012316,-0.3303339540111468,-0.41972110157675935,-0.5473740225939545,1.3143259775952012,-0.9868703275903381,-0.06651901052377394,-0.1827126569856663,-0.6815542010964778,-0.24647041110730084,2.8425340807103785,1.5453348185725115,-0.133929906036485,-0.33847641687280183,2
0.9284380419686301,0.9296944001012316,-0.3303339540111468,-0.41972110157675935,1.826904381141606,-0.706116439430379,-0.9868703275903381,-0.06651901052377394,-0.1827126569856663,-0.6815542010964778,-0.24647041110730084,-0.35179877236514584,-0.6471089552772393,-0.133929906036485,-0.33847641687280183,4
0.9284380419686301,0.9296944001012316,-0.3303339540111468,-0.41972110157675935,-0.5473740225939545,-0.706116439430379,-0.9868703275903381,-0.06651901052377394,-0.1827126569856663,1.467234738471584,-0.24647041110730084,-0.35179877236514584,1.5453348185725115,-0.133929906036485,-0.33847641687280183,7
0.9284380419686301,0.9296944001012316,-0.3303339540111468,-0.41972110157675935,-0.5473740225939545,1.3143259775952012,-0.9868703275903381,-0.06651901052377394,-0.1827126569856663,1.467234738471584,-0.24647041110730084,-0.35179877236514584,-0.6471089552772393,-0.133929906036485,-0.33847641687280183,6
0.9284380419686301,-0.8792252755243076,-0.3303339540111468,-0.41972110157675935,1.826904381141606,1.3143259775952012,1.013304354222222,-0.06651901052377394,-0.1827126569856663,-0.6815542010964778,-0.24647041110730084,-0.35179877236514584,1.5453348185725115,-0.133929906036485,-0.33847641687280183,6
-0.8475909091005751,-0.8792252755243076,-0.3303339540111468,-0.41972110157675935,-0.5473740225939545,-0.706116439430379,1.013304354222222,-0.06651901052377394,-0.1827126569856663,-0.6815542010964778,-0.24647041110730084,-0.35179877236514584,-0.6471089552772393,-0.133929906036485,-0.33847641687280183,7
0.9284380419686301,-0.8792252755243076,-0.3303339540111468,-0.41972110157675935,-0.5473740225939545,1.3143259775952012,1.013304354222222,-0.06651901052377394,-0.1827126569856663,-0.6815542010964778,-0.24647041110730084,-0.35179877236514584,-0.6471089552772393,-0.133929906036485,-0.33847641687280183,6
-0.8475909091005751,-0.8792252755243076,-0.3303339540111468,-0.41972110157675935,1.826904381141606,-0.706116439430379,1.013304354222222,-0.06651901052377394,-0.1827126569856663,-0.6815542010964778,-0.24647041110730084,-0.35179877236514584,-0.6471089552772393,-0.133929906036485,-0.33847641687280183,5
-0.8475909091005751,-0.8792252755243076,-0.3303339540111468,-0.41972110157675935,-0.5473740225939545,-0.706116439430379,1.013304354222222,-0.06651901052377394,-0.1827126569856663,-0.6815542010964778,-0.24647041110730084,-0.35179877236514584,1.5453348185725115,-0.133929906036485,-0.33847641687280183,5
-0.8475909091005751,0.9296944001012316,-0.3303339540111468,-0.41972110157675935,-0.5473740225939545,-0.706116439430379,-0.9868703275903381,-0.06651901052377394,-0.1827126569856663,-0.6815542010964778,-0.24647041110730084,-0.35179877236514584,-0.6471089552772393,-0.133929906036485,-0.33847641687280183,6
0.9284380419686301,-0.8792252755243076,-0.3303339540111468,-0.41972110157675935,-0.5473740225939545,-0.706116439430379,-0.9868703275903381,-0.06651901052377394,-0.1827126569856663,-0.6815542010964778,-0.24647041110730084,-0.35179877236514584,-0.6471089552772393,-0.133929906036485,2.9544155815611703,7
-0.8475909091005751,-0.8792252755243076,-0.3303339540111468,2.3825344883621926,-0.5473740225939545,-0.706116439430379,1.013304354222222,-0.06651901052377394,-0.1827126569856663,-0.6815542010964778,-0.24647041110730084,-0.35179877236514584,-0.6471089552772393,-0.133929906036485,-0.33847641687280183,8
0.9284380419686301,0.9296944001012316,-0.3303339540111468,-0.41972110157675935,-0.5473740225939545,-0.706116439430379,-0.9868703275903381,-0.06651901052377394,-0.1827126569856663,1.467234738471584,-0.24647041110730084,-0.35179877236514584,1.5453348185725115,-0.133929906036485,2.9544155815611703,6
0.9284380419686301,0.9296944001012316,-0.3303339540111468,-0.41972110157675935,-0.5473740225939545,1.3143259775952012,1.013304354222222,-0.06651901052377394,-0.1827126569856663,1.467234738471584,-0.24647041110730084,-0.35179877236514584,-0.6471089552772393,-0.133929906036485,-0.33847641687280183,6
-0.8475909091005751,-0.8792252755243076,3.0272395188484196,-0.41972110157675935,-0.5473740225939545,-0.706116439430379,-0.9868703275903381,-0.06651901052377394,-0.1827126569856663,1.467234738471584,-0.24647041110730084,-0.35179877236514584,-0.6471089552772393,-0.133929906036485,-0.33847641687280183,6
-0.8475909091005751,-0.8792252755243076,3.0272395188484196,-0.41972110157675935,1.826904381141606,-0.706116439430379,1.013304354222222,-0.06651901052377394,-0.1827126569856663,-0.6815542010964778,4.057282152074029,-0.35179877236514584,-0.6471089552772393,-0.133929906036485,-0.33847641687280183,6
0.9284380419686301,0.9296944001012316,-0.3303339540111468,-0.41972110157675935,1.826904381141606,-0.706116439430379,1.013304354222222,-0.06651901052377394,-0.1827126569856663,1.467234738471584,-0.24647041110730084,-0.35179877236514584,-0.6471089552772393,-0.133929906036485,-0.33847641687280183,8
-0.8475909091005751,-0.8792252755243076,3.0272395188484196,-0.41972110157675935,1.826904381141606,-0.706116439430379,1.013304354222222,-0.06651901052377394,-0.1827126569856663,-0.6815542010964778,4.057282152074029,-0.35179877236514584,-0.6471089552772393,-0.133929906036485,-0.33847641687280183,6
0.9284380419686301,0.9296944001012316,-0.3303339540111468,-0.41972110157675935,-0.5473740225939545,-0.706116439430379,-0.9868703275903381,-0.06651901052377394,-0.1827126569856663,1.467234738471584,-0.24647041110730084,2.8425340807103785,-0.6471089552772393,-0.133929906036485,-0.33847641687280183,8
-0.8475909091005751,0.9296944001012316,-0.3303339540111468,-0.41972110157675935,-0.5473740225939545,1.3143259775952012,1.013304354222222,-0.06651901052377394,-0.1827126569856663,1.467234738471584,-0.24647041110730084,-0.35179877236514584,-0.6471089552772393,-0.133929906036485,-0.33847641687280183,5
0.9284380419686301,-0.8792252755243076,-0.3303339540111468,-0.41972110157675935,-0.5473740225939545,1.3143259775952012,1.013304354222222,-0.06651901052377394,-0.1827126569856663,-0.6815542010964778,-0.24647041110730084,-0.35179877236514584,1.5453348185725115,-0.133929906036485,-0.33847641687280183,4
-0.8475909091005751,-0.8792252755243076,3.0272395188484196,-0.41972110157675935,1.826904381141606,-0.706116439430379,-0.9868703275903381,-0.06651901052377394,-0.1827126569856663,-0.6815542010964778,-0.24647041110730084,-0.35179877236514584,-0.6471089552772393,-0.133929906036485,-0.33847641687280183,6
-0.8475909091005751,-0.8792252755243076,-0.3303339540111468,-0.41972110157675935,-0.5473740225939545,-0.706116439430379,1.013304354222222,-0.06651901052377394,-0.1827126569856663,-0.6815542010964778,-0.24647041110730084,-0.35179877236514584,1.5453348185725115,-0.133929906036485,2.9544155815611703,7
-0.8475909091005751,0.9296944001012316,-0.3303339540111468,-0.41972110157675935,-0.5473740225939545,1.3143259775952012,-0.9868703275903381,-0.06651901052377394,-0.1827126569856663,1.467234738471584,-0.24647041110730084,-0.35179877236514584,-0.6471089552772393,-0.133929906036485,-0.33847641687280183,6
-0.8475909091005751,-0.8792252755243076,-0.3303339540111468,-0.41972110157675935,-0.5473740225939545,1.3143259775952012,-0.9868703275903381,-0.06651901052377394,-0.1827126569856663,1.467234738471584,-0.24647041110730084,-0.35179877236514584,-0.6471089552772393,-0.133929906036485,-0.33847641687280183,6
0.9284380419686301,0.9296944001012316,-0.3303339540111468,-0.41972110157675935,-0.5473740225939545,-0.706116439430379,-0.9868703275903381,-0.06651901052377394,-0.1827126569856663,1.467234738471584,-0.24647041110730084,-0.35179877236514584,-0.6471089552772393,-0.133929906036485,-0.33847641687280183,5
2.704466993037835,0.9296944001012316,-0.3303339540111468,-0.41972110157675935,-0.5473740225939545,1.3143259775952012,1.013304354222222,-0.06651901052377394,-0.1827126569856663,-0.6815542010964778,-0.24647041110730084,-0.35179877236514584,1.5453348185725115,-0.133929906036485,-0.33847641687280183,4
0.9284380419686301,-0.8792252755243076,-0.3303339540111468,-0.41972110157675935,-0.5473740225939545,1.3143259775952012,-0.9868703275903381,-0.06651901052377394,-0.1827126569856663,1.467234738471584,-0.24647041110730084,-0.35179877236514584,-0.6471089552772393,-0.133929906036485,-0.33847641687280183,4
-0.8475909091005751,-0.8792252755243076,3.0272395188484196,2.3825344883621926,1.826904381141606,-0.706116439430379,1.013304354222222,-0.06651901052377394,-0.1827126569856663,-0.6815542010964778,-0.24647041110730084,-0.35179877236514584,-0.6471089552772393,-0.133929906036485,-0.33847641687280183,7
0.9284380419686301,0.9296944001012316,-0.3303339540111468,-0.41972110157675935,1.826904381141606,-0.706116439430379,-0.9868703275903381,-0.06651901052377394,-0.1827126569856663,-0.6815542010964778,-0.24647041110730084,-0.35179877236514584,-0.6471089552772393,-0.133929906036485,-0.33847641687280183,4
0.9284380419686301,0.9296944001012316,-0.3303339540111468,-0.41972110157675935,1.826904381141606,-0.706116439430379,1.013304354222222,-0.06651901052377394,-0.1827126569856663,-0.6815542010964778,-0.24647041110730084,-0.35179877236514584,1.5453348185725115,-0.133929906036485,-0.33847641687280183,5
-0.8475909091005751,0.9296944001012316,-0.3303339540111468,-0.41972110157675935,-0.5473740225939545,-0.706116439430379,-0.9868703275903381,-0.06651901052377394,-0.1827126569856663,1.467234738471584,4.057282152074029,-0.35179877236514584,-0.6471089552772393,-0.133929906036485,-0.33847641687280183,6
0.9284380419686301,0.9296944001012316,-0.3303339540111468,-0.41972110157675935,-0.5473740225939545,1.3143259775952012,-0.9868703275903381,-0.06651901052377394,-0.1827126569856663,1.467234738471584,-0.24647041110730084,2.8425340807103785,1.5453348185725115,-0.133929906036485,-0.33847641687280183,4
0.9284380419686301,-0.8792252755243076,-0.3303339540111468,-0.41972110157675935,-0.5473740225939545,-0.706116439430379,1.013304354222222,-0.06651901052377394,-0.1827126569856663,1.467234738471584,-0.24647041110730084,-0.35179877236514584,1.5453348185725115,-0.133929906036485,-0.33847641687280183,6
-0.8475909091005751,-0.8792252755243076,-0.3303339540111468,-0.41972110157675935,-0.5473740225939545,1.3143259775952012,-0.9868703275903381,-0.06651901052377394,-0.1827126569856663,-0.6815542010964778,-0.24647041110730084,-0.35179877236514584,1.5453348185725115,-0.133929906036485,-0.33847641687280183,8
-0.8475909091005751,-0.8792252755243076,-0.3303339540111468,2.3825344883621926,-0.5473740225939545,-0.706116439430379,1.013304354222222,-0.06651901052377394,-0.1827126569856663,-0.6815542010964778,-0.24647041110730084,-0.35179877236514584,-0.6471089552772393,-0.133929906036485,-0.33847641687280183,8
0.9284380419686301,-0.8792252755243076,-0.3303339540111468,-0.41972110157675935,1.826904381141606,1.3143259775952012,-0.9868703275903381,-0.06651901052377394,-0.1827126569856663,-0.6815542010964778,-0.24647041110730084,-0.35179877236514584,-0.6471089552772393,-0.133929906036485,-0.33847641687280183,5
-0.8475909091005751,-0.8792252755243076,-0.3303339540111468,2.3825344883621926,1.826904381141606,-0.706116439430379,1.013304354222222,-0.06651901052377394,-0.1827126569856663,-0.6815542010964778,-0.24647041110730084,-0.35179877236514584,-0.6471089552772393,-0.133929906036485,-0.33847641687280183,8
-0.8475909091005751,0.9296944001012316,-0.3303339540111468,-0.41972110157675935,1.826904381141606,-0.706116439430379,-0.9868703275903381,-0.06651901052377394,-0.1827126569856663,-0.6815542010964778,-0.24647041110730084,-0.35179877236514584,-0.6471089552772393,-0.133929906036485,-0.33847641687280183,6
0.9284380419686301,0.9296944001012316,-0.3303339540111468,-0.41972110157675935,1.826904381141606,1.3143259775952012,1.013304354222222,-0.06651901052377394,-0.1827126569856663,-0.6815542010964778,-0.24647041110730084,-0.35179877236514584,-0.6471089552772393,-0.133929906036485,-0.33847641687280183,3
0.9284380419686301,-0.8792252755243076,-0.3303339540111468,-0.41972110157675935,-0.5473740225939545,1.3143259775952012,-0.9868703275903381,15.033296378372908,-0.1827126569856663,-0.6815542010964778,-0.24647041110730084,-0.35179877236514584,-0.6471089552772393,-0.133929906036485,-0.33847641687280183,6
-0.8475909091005751,-0.8792252755243076,-0.3303339540111468,-0.41972110157675935,-0.5473740225939545,-0.706116439430379,1.013304354222222,-0.06651901052377394,-0.1827126569856663,-0.6815542010964778,-0.24647041110730084,-0.35179877236514584,1.5453348185725115,-0.133929906036485,-0.33847641687280183,6
0.9284380419686301,-0.8792252755243076,-0.3303339540111468,-0.41972110157675935,1.826904381141606,1.3143259775952012,1.013304354222222,-0.06651901052377394,-0.1827126569856663,-0.6815542010964778,-0.24647041110730084,-0.35179877236514584,-0.6471089552772393,-0.133929906036485,-0.33847641687280183,6
-0.8475909091005751,-0.8792252755243076,-0.3303339540111468,-0.41972110157675935,1.826904381141606,-0.706116439430379,1.013304354222222,-0.06651901052377394,-0.1827126569856663,-0.6815542010964778,-0.24647041110730084,-0.35179877236514584,-0.6471089552772393,-0.133929906036485,-0.33847641687280183,6
-0.8475909091005751,-0.8792252755243076,3.0272395188484196,-0.41972110157675935,-0.5473740225939545,-0.706116439430379,1.013304354222222,-0.06651901052377394,-0.1827126569856663,-0.6815542010964778,-0.24647041110730084,-0.35179877236514584,-0.6471089552772393,-0.133929906036485,-0.33847641687280183,7
0.9284380419686301,0.9296944001012316,-0.3303339540111468,-0.41972110157675935,-0.5473740225939545,1.3143259775952012,-0.9868703275903381,-0.06651901052377394,-0.1827126569856663,1.467234738471584,-0.24647041110730084,-0.35179877236514584,-0.6471089552772393,-0.133929906036485,-0.33847641687280183,4
-0.8475909091005751,-0.8792252755243076,-0.3303339540111468,2.3825344883621926,-0.5473740225939545,-0.706116439430379,-0.9868703275903381,-0.06651901052377394,-0.1827126569856663,-0.6815542010964778,-0.24647041110730084,-0.35179877236514584,-0.6471089552772393,-0.133929906036485,-0.33847641687280183,8
-0.8475909091005751,-0.8792252755243076,-0.3303339540111468,2.3825344883621926,1.826904381141606,-0.706116439430379,-0.9868703275903381,-0.06651901052377394,-0.1827126569856663,-0.6815542010964778,-0.24647041110730084,-0.35179877236514584,-0.6471089552772393,-0.133929906036485,-0.33847641687280183,8
-0.8475909091005751,-0.8792252755243076,3.0272395188484196,-0.41972110157675935,-0.5473740225939545,1.3143259775952012,-0.9868703275903381,-0.06651901052377394,-0.1827126569856663,-0.6815542010964778,-0.24647041110730084,-0.35179877236514584,-0.6471089552772393,-0.133929906036485,-0.33847641687280183,8
-0.8475909091005751,-0.8792252755243076,-0.3303339540111468,2.3825344883621926,1.826904381141606,-0.706116439430379,1.013304354222222,-0.06651901052377394,-0.1827126569856663,-0.6815542010964778,-0.24647041110730084,-0.35179877236514584,-0.6471089552772393,-0.133929906036485,-0.33847641687280183,9
-0.8475909091005751,-0.8792252755243076,-0.3303339540111468,2.3825344883621926,-0.5473740225939545,-0.706116439430379,1.013304354222222,-0.06651901052377394,-0.1827126569856663,-0.6815542010964778,-0.24647041110730084,-0.35179877236514584,-0.6471089552772393,-0.133929906036485,-0.33847641687280183,6
0.9284380419686301,0.9296944001012316,-0.3303339540111468,-0.41972110157675935,-0.5473740225939545,-0.706116439430379,-0.9868703275903381,-0.06651901052377394,-0.1827126569856663,-0.6815542010964778,-0.24647041110730084,-0.35179877236514584,1.5453348185725115,-0.133929906036485,-0.33847641687280183,4
0.9284380419686301,-0.8792252755243076,-0.3303339540111468,2.3825344883621926,1.826904381141606,-0.706116439430379,1.013304354222222,-0.06651901052377394,-0.1827126569856663,-0.6815542010964778,-0.24647041110730084,-0.35179877236514584,-0.6471089552772393,-0.133929906036485,-0.33847641687280183,5
0.9284380419686301,0.9296944001012316,-0.3303339540111468,2.3825344883621926,-0.5473740225939545,1.3143259775952012,1.013304354222222,-0.06651901052377394,-0.1827126569856663,-0.6815542010964778,-0.24647041110730084,-0.35179877236514584,-0.6471089552772393,-0.133929906036485,-0.33847641687280183,6
-0.8475909091005751,0.9296944001012316,3.0272395188484196,-0.41972110157675935,-0.5473740225939545,-0.706116439430379,-0.9868703275903381,-0.06651901052377394,-0.1827126569856663,1.467234738471584,-0.24647041110730084,-0.35179877236514584,-0.6471089552772393,-0.133929906036485,-0.33847641687280183,7
-0.8475909091005751,0.9296944001012316,-0.3303339540111468,-0.41972110157675935,-0.5473740225939545,1.3143259775952012,-0.9868703275903381,-0.06651901052377394,-0.1827126569856663,1.467234738471584,-0.24647041110730084,-0.35179877236514584,-0.6471089552772393,-0.133929906036485,-0.33847641687280183,4
0.9284380419686301,0.9296944001012316,-0.3303339540111468,-0.41972110157675935,-0.5473740225939545,1.3143259775952012,-0.9868703275903381,-0.06651901052377394,-0.1827126569856663,-0.6815542010964778,-0.24647041110730084,2.8425340807103785,1.5453348185725115,-0.133929906036485,-0.33847641687280183,4
0.9284380419686301,-0.8792252755243076,-0.3303339540111468,-0.41972110157675935,-0.5473740225939545,1.3143259775952012,1.013304354222222,-0.06651901052377394,-0.1827126569856663,-0.6815542010964778,-0.24647041110730084,2.8425340807103785,-0.6471089552772393,-0.133929906036485,-0.33847641687280183,7
-0.8475909091005751,-0.8792252755243076,3.0272395188484196,2.3825344883621926,-0.5473740225939545,-0.706116439430379,1.013304354222222,-0.06651901052377394,-0.1827126569856663,-0.6815542010964778,-0.24647041110730084,-0.35179877236514584,-0.6471089552772393,-0.133929906036485,-0.33847641687280183,8
0.9284380419686301,-0.8792252755243076,3.0272395188484196,-0.41972110157675935,-0.5473740225939545,-0.706116439430379,-0.9868703275903381,-0.06651901052377394,-0.1827126569856663,-0.6815542010964778,-0.24647041110730084,-0.35179877236514584,-0.6471089552772393,-0.133929906036485,-0.33847641687280183,7
-0.8475909091005751,0.9296944001012316,-0.3303339540111468,-0.41972110157675935,-0.5473740225939545,-0.706116439430379,-0.9868703275903381,-0.06651901052377394,-0.1827126569856663,1.467234738471584,-0.24647041110730084,-0.35179877236514584,-0.6471089552772393,-0.133929906036485,-0.33847641687280183,4
-0.8475909091005751,0.9296944001012316,-0.3303339540111468,-0.41972110157675935,1.826904381141606,-0.706116439430379,1.013304354222222,-0.06651901052377394,-0.1827126569856663,-0.6815542010964778,-0.24647041110730084,-0.35179877236514584,-0.6471089552772393,-0.133929906036485,-0.33847641687280183,8
-0.8475909091005751,0.9296944001012316,-0.3303339540111468,-0.41972110157675935,-0.5473740225939545,1.3143259775952012,1.013304354222222,-0.06651901052377394,-0.1827126569856663,1.467234738471584,-0.24647041110730084,-0.35179877236514584,-0.6471089552772393,-0.133929906036485,-0.33847641687280183,5
-0.8475909091005751,-0.8792252755243076,3.0272395188484196,-0.41972110157675935,1.826904381141606,-0.706116439430379,-0.9868703275903381,-0.06651901052377394,-0.1827126569856663,-0.6815542010964778,-0.24647041110730084,-0.35179877236514584,-0.6471089552772393,-0.133929906036485,-0.33847641687280183,7
0.9284380419686301,0.9296944001012316,-0.3303339540111468,-0.41972110157675935,-0.5473740225939545,-0.706116439430379,-0.9868703275903381,-0.06651901052377394,-0.1827126569856663,1.467234738471584,-0.24647041110730084,-0.35179877236514584,-0.6471089552772393,-0.133929906036485,2.9544155815611703,2
-0.8475909091005751,0.9296944001012316,-0.3303339540111468,-0.41972110157675935,1.826904381141606,-0.706116439430379,1.013304354222222,-0.06651901052377394,-0.1827126569856663,-0.6815542010964778,4.057282152074029,-0.35179877236514584,-0.6471089552772393,-0.133929906036485,-0.33847641687280183,8
-0.8475909091005751,0.9296944001012316,-0.3303339540111468,-0.41972110157675935,-0.5473740225939545,-0.706116439430379,1.013304354222222,-0.06651901052377394,-0.1827126569856663,1.467234738471584,-0.24647041110730084,-0.35179877236514584,1.5453348185725115,-0.133929906036485,-0.33847641687280183,5
0.9284380419686301,0.9296944001012316,-0.3303339540111468,-0.41972110157675935,-0.5473740225939545,-0.706116439430379,-0.9868703275903381,-0.06651901052377394,-0.1827126569856663,1.467234738471584,4.057282152074029,-0.35179877236514584,-0.6471089552772393,-0.133929906036485,-0.33847641687280183,7
-0.8475909091005751,-0.8792252755243076,3.0272395188484196,-0.41972110157675935,1.826904381141606,-0.706116439430379,1.013304354222222,-0.06651901052377394,-0.1827126569856663,-0.6815542010964778,-0.24647041110730084,-0.35179877236514584,-0.6471089552772393,-0.133929906036485,-0.33847641687280183,7
0.9284380419686301,-0.8792252755243076,-0.3303339540111468,-0.41972110157675935,-0.5473740225939545,1.3143259775952012,1.013304354222222,-0.06651901052377394,-0.1827126569856663,-0.6815542010964778,-0.24647041110730084,2.8425340807103785,1.5453348185725115,-0.133929906036485,-0.33847641687280183,6
-0.8475909091005751,-0.8792252755243076,-0.3303339540111468,-0.41972110157675935,-0.5473740225939545,-0.706116439430379,-0.9868703275903381,-0.06651901052377394,-0.1827126569856663,1.467234738471584,-0.24647041110730084,-0.35179877236514584,1.5453348185725115,-0.133929906036485,-0.33847641687280183,6
0.9284380419686301,0.9296944001012316,-0.3303339540111468,-0.41972110157675935,-0.5473740225939545,1.3143259775952012,-0.9868703275903381,-0.06651901052377394,-0.1827126569856663,-0.6815542010964778,-0.24647041110730084,-0.35179877236514584,-0.6471089552772393,7.466592261534038,-0.33847641687280183,5
-0.8475909091005751,0.9296944001012316,-0.3303339540111468,-0.41972110157675935,1.826904381141606,1.3143259775952012,1.013304354222222,-0.06651901052377394,-0.1827126569856663,-0.6815542010964778,-0.24647041110730084,-0.35179877236514584,1.5453348185725115,-0.133929906036485,-0.33847641687280183,7
-0.8475909091005751,0.9296944001012316,-0.3303339540111468,2.3825344883621926,-0.5473740225939545,-0.706116439430379,1.013304354222222,-0.06651901052377394,-0.1827126569856663,-0.6815542010964778,-0.24647041110730084,-0.35179877236514584,-0.6471089552772393,-0.133929906036485,-0.33847641687280183,7
0.9284380419686301,0.9296944001012316,-0.3303339540111468,-0.41972110157675935,1.826904381141606,1.3143259775952012,-0.9868703275903381,-0.06651901052377394,-0.1827126569856663,-0.6815542010964778,-0.24647041110730084,-0.35179877236514584,-0.6471089552772393,-0.133929906036485,2.9544155815611703,4
-0.8475909091005751,-0.8792252755243076,-0.3303339540111468,-0.41972110157675935,-0.5473740225939545,-0.706116439430379,1.013304354222222,-0.06651901052377394,-0.1827126569856663,1.467234738471584,4.057282152074029,-0.35179877236514584,-0.6471089552772393,-0.133929906036485,-0.33847641687280183,9
-0.8475909091005751,-0.8792252755243076,-0.3303339540111468,-0.41972110157675935,-0.5473740225939545,-0.706116439430379,1.013304354222222,-0.06651901052377394,-0.1827126569856663,1.467234738471584,-0.24647041110730084,-0.35179877236514584,1.5453348185725115,-0.133929906036485,-0.33847641687280183,5
0.9284380419686301,-0.8792252755243076,-0.3303339540111468,-0.41972110157675935,-0.5473740225939545,1.3143259775952012,1.013304354222222,-0.06651901052377394,-0.1827126569856663,-0.6815542010964778,-0.24647041110730084,-0.35179877236514584,1.5453348185725115,-0.133929906036485,-0.33847641687280183,4
-0.8475909091005751,-0.8792252755243076,-0.3303339540111468,-0.41972110157675935,-0.5473740225939545,-0.706116439430379,1.013304354222222,-0.06651901052377394,-0.1827126569856663,-0.6815542010964778,-0.24647041110730084,-0.35179877236514584,1.5453348185725115,-0.133929906036485,2.9544155815611703,6
-0.8475909091005751,-0.8792252755243076,-0.3303339540111468,-0.41972110157675935,1.826904381141606,1.3143259775952012,-0.9868703275903381,-0.06651901052377394,-0.1827126569856663,1.467234738471584,-0.24647041110730084,-0.35179877236514584,-0.6471089552772393,-0.133929906036485,-0.33847641687280183,6
-0.8475909091005751,0.9296944001012316,-0.3303339540111468,-0.41972110157675935,-0.5473740225939545,-0.706116439430379,-0.9868703275903381,-0.06651901052377394,-0.1827126569856663,1.467234738471584,4.057282152074029,-0.35179877236514584,-0.6471089552772393,-0.133929906036485,-0.33847641687280183,5
-0.8475909091005751,0.9296944001012316,-0.3303339540111468,-0.41972110157675935,-0.5473740225939545,-0.706116439430379,1.013304354222222,-0.06651901052377394,-0.1827126569856663,-0.6815542010964778,-0.24647041110730084,-0.35179877236514584,-0.6471089552772393,-0.133929906036485,2.9544155815611703,7
-0.8475909091005751,-0.8792252755243076,-0.3303339540111468,2.3825344883621926,1.826904381141606,-0.706116439430379,1.013304354222222,-0.06651901052377394,-0.1827126569856663,-0.6815542010964778,-0.24647041110730084,-0.35179877236514584,1.5453348185725115,-0.133929906036485,-0.33847641687280183,8
-0.8475909091005751,-0.8792252755243076,-0.3303339540111468,-0.41972110157675935,-0.5473740225939545,-0.706116439430379,1.013304354222222,-0.06651901052377394,-0.1827126569856663,-0.6815542010964778,4.057282152074029,-0.35179877236514584,-0.6471089552772393,-0.133929906036485,-0.33847641687280183,8
0.9284380419686301,0.9296944001012316,-0.3303339540111468,-0.41972110157675935,1.826904381141606,-0.706116439430379,1.013304354222222,-0.06651901052377394,-0.1827126569856663,-0.6815542010964778,-0.24647041110730084,-0.35179877236514584,-0.6471089552772393,-0.133929906036485,-0.33847641687280183,8
0.9284380419686301,0.9296944001012316,-0.3303339540111468,-0.41972110157675935,-0.5473740225939545,1.3143259775952012,-0.9868703275903381,-0.06651901052377394,-0.1827126569856663,1.467234738471584,-0.24647041110730084,-0.35179877236514584,-0.6471089552772393,-0.133929906036485,-0.33847641687280183,5
-0.8475909091005751,0.9296944001012316,-0.3303339540111468,-0.41972110157675935,-0.5473740225939545,-0.706116439430379,1.013304354222222,-0.06651901052377394,-0.1827126569856663,-0.6815542010964778,-0.24647041110730084,2.8425340807103785,1.5453348185725115,-0.133929906036485,-0.33847641687280183,5
0.9284380419686301,-0.8792252755243076,-0.3303339540111468,2.3825344883621926,1.826904381141606,-0.706116439430379,1.013304354222222,-0.06651901052377394,-0.1827126569856663,-0.6815542010964778,-0.24647041110730084,-0.35179877236514584,-0.6471089552772393,-0.133929906036485,-0.33847641687280183,6
-0.8475909091005751,-0.8792252755243076,3.0272395188484196,2.3825344883621926,-0.5473740225939545,-0.706116439430379,-0.9868703275903381,-0.06651901052377394,-0.1827126569856663,-0.6815542010964778,-0.24647041110730084,-0.35179877236514584,-0.6471089552772393,-0.133929906036485,-0.33847641687280183,6
0.9284380419686301,0.9296944001012316,-0.3303339540111468,-0.41972110157675935,-0.5473740225939545,-0.706116439430379,-0.9868703275903381,-0.06651901052377394,-0.1827126569856663,-0.6815542010964778,-0.24647041110730084,-0.35179877236514584,1.5453348185725115,-0.133929906036485,-0.33847641687280183,6
-0.8475909091005751,-0.8792252755243076,3.0272395188484196,-0.41972110157675935,-0.5473740225939545,-0.706116439430379,-0.9868703275903381,-0.06651901052377394,-0.1827126569856663,-0.6815542010964778,4.057282152074029,-0.35179877236514584,-0.6471089552772393,-0.133929906036485,-0.33847641687280183,7
0.9284380419686301,0.9296944001012316,3.0272395188484196,-0.41972110157675935,-0.5473740225939545,1.3143259775952012,-0.9868703275903381,-0.06651901052377394,-0.1827126569856663,-0.6815542010964778,-0.24647041110730084,-0.35179877236514584,-0.6471089552772393,-0.133929906036485,-0.33847641687280183,7
-0.8475909091005751,0.9296944001012316,-0.3303339540111468,2.3825344883621926,1.826904381141606,-0.706116439430379,1.013304354222222,-0.06651901052377394,-0.1827126569856663,-0.6815542010964778,-0.24647041110730084,-0.35179877236514584,-0.6471089552772393,-0.133929906036485,-0.33847641687280183,8
0.9284380419686301,0.9296944001012316,-0.3303339540111468,-0.41972110157675935,-0.5473740225939545,-0.706116439430379,-0.9868703275903381,-0.06651901052377394,-0.1827126569856663,-0.6815542010964778,-0.24647041110730084,-0.35179877236514584,1.5453348185725115,-0.133929906036485,-0.33847641687280183,5
-0.8475909091005751,-0.8792252755243076,-0.3303339540111468,-0.41972110157675935,-0.5473740225939545,1.3143259775952012,1.013304354222222,-0.06651901052377394,-0.1827126569856663,-0.6815542010964778,-0.24647041110730084,-0.35179877236514584,1.5453348185725115,-0.133929906036485,-0.33847641687280183,6
-0.8475909091005751,2.738614075726771,-0.3303339540111468,-0.41972110157675935,-0.5473740225939545,-0.706116439430379,-0.9868703275903381,-0.06651901052377394,-0.1827126569856663,1.467234738471584,-0.24647041110730084,-0.35179877236514584,1.5453348185725115,-0.133929906036485,-0.33847641687280183,4
0.9284380419686301,-0.8792252755243076,-0.3303339540111468,-0.41972110157675935,-0.5473740225939545,-0.706116439430379,1.013304354222222,-0.06651901052377394,-0.1827126569856663,1.467234738471584,-0.24647041110730084,-0.35179877236514584,-0.6471089552772393,-0.133929906036485,-0.33847641687280183,7
0.9284380419686301,0.9296944001012316,-0.3303339540111468,-0.41972110157675935,-0.5473740225939545,1.3143259775952012,-0.9868703275903381,-0.06651901052377394,-0.1827126569856663,-0.6815542010964778,-0.24647041110730084,2.8425340807103785,1.5453348185725115,-0.133929906036485,-0.33847641687280183,6
-0.8475909091005751,-0.8792252755243076,-0.3303339540111468,-0.41972110157675935,-0.5473740225939545,-0.706116439430379,1.013304354222222,-0.06651901052377394,-0.1827126569856663,1.467234738471584,4.057282152074029,-0.35179877236514584,-0.6471089552772393,-0.133929906036485,-0.33847641687280183,7
-0.8475909091005751,0.9296944001012316,3.0272395188484196,-0.41972110157675935,-0.5473740225939545,-0.706116439430379,1.013304354222222,-0.06651901052377394,-0.1827126569856663,-0.6815542010964778,-0.24647041110730084,-0.35179877236514584,-0.6471089552772393,-0.133929906036485,-0.33847641687280183,8
-0.8475909091005751,-0.8792252755243076,-0.3303339540111468,-0.41972110157675935,-0.5473740225939545,-0.706116439430379,-0.9868703275903381,-0.06651901052377394,-0.1827126569856663,-0.6815542010964778,-0.24647041110730084,-0.35179877236514584,-0.6471089552772393,-0.133929906036485,2.9544155815611703,8
-0.8475909091005751,-0.8792252755243076,3.0272395188484196,-0.41972110157675935,1.826904381141606,-0.706116439430379,1.013304354222222,-0.06651901052377394,-0.1827126569856663,-0.6815542010964778,-0.24647041110730084,-0.35179877236514584,-0.6471089552772393,-0.133929906036485,-0.33847641687280183,8
-0.8475909091005751,2.738614075726771,-0.3303339540111468,-0.41972110157675935,-0.5473740225939545,-0.706116439430379,1.013304354222222,-0.06651901052377394,-0.1827126569856663,1.467234738471584,-0.24647041110730084,-0.35179877236514584,1.5453348185725115,-0.133929906036485,-0.33847641687280183,5
0.9284380419686301,0.9296944001012316,-0.3303339540111468,-0.41972110157675935,-0.5473740225939545,1.3143259775952012,-0.9868703275903381,-0.06651901052377394,-0.1827126569856663,-0.6815542010964778,-0.24647041110730084,2.8425340807103785,-0.6471089552772393,-0.133929906036485,-0.33847641687280183,4
0.9284380419686301,-0.8792252755243076,-0.3303339540111468,-0.41972110157675935,-0.5473740225939545,-0.706116439430379,1.013304354222222,-0.06651901052377394,-0.1827126569856663,-0.6815542010964778,-0.24647041110730084,-0.35179877236514584,-0.6471089552772393,-0.133929906036485,-0.33847641687280183,6
-0.8475909091005751,0.9296944001012316,-0.3303339540111468,2.3825344883621926,-0.5473740225939545,-0.706116439430379,1.013304354222222,-0.06651901052377394,-0.1827126569856663,1.467234738471584,-0.24647041110730084,-0.35179877236514584,-0.6471089552772393,-0.133929906036485,-0.33847641687280183,4
-0.8475909091005751,2.738614075726771,-0.3303339540111468,-0.41972110157675935,-0.5473740225939545,-0.706116439430379,-0.9868703275903381,-0.06651901052377394,-0.1827126569856663,1.467234738471584,-0.24647041110730084,-0.35179877236514584,-0.6471089552772393,-0.133929906036485,-0.33847641687280183,4
-0.8475909091005751,-0.8792252755243076,-0.3303339540111468,2.3825344883621926,1.826904381141606,-0.706116439430379,1.013304354222222,-0.06651901052377394,5.473074588797913,-0.6815542010964778,-0.24647041110730084,-0.35179877236514584,-0.6471089552772393,-0.133929906036485,-0.33847641687280183,8
-0.8475909091005751,0.9296944001012316,-0.3303339540111468,-0.41972110157675935,-0.5473740225939545,1.3143259775952012,-0.9868703275903381,-0.06651901052377394,-0.1827126569856663,-0.6815542010964778,-0.24647041110730084,2.8425340807103785,-0.6471089552772393,-0.133929906036485,-0.33847641687280183,7
0.9284380419686301,0.9296944001012316,-0.3303339540111468,-0.41972110157675935,-0.5473740225939545,-0.706116439430379,1.013304354222222,-0.06651901052377394,-0.1827126569856663,-0.6815542010964778,-0.24647041110730084,2.8425340807103785,1.5453348185725115,-0.133929906036485,-0.33847641687280183,6
-0.8475909091005751,-0.8792252755243076,3.0272395188484196,-0.41972110157675935,-0.5473740225939545,-0.706116439430379,-0.9868703275903381,-0.06651901052377394,-0.1827126569856663,-0.6815542010964778,-0.24647041110730084,-0.35179877236514584,-0.6471089552772393,-0.133929906036485,2.9544155815611703,8
-0.8475909091005751,-0.8792252755243076,-0.3303339540111468,-0.41972110157675935,-0.5473740225939545,-0.706116439430379,1.013304354222222,-0.06651901052377394,-0.1827126569856663,-0.6815542010964778,-0.24647041110730084,-0.35179877236514584,-0.6471089552772393,-0.133929906036485,2.9544155815611703,6
-0.8475909091005751,-0.8792252755243076,-0.3303339540111468,-0.41972110157675935,-0.5473740225939545,-0.706116439430379,1.013304354222222,-0.06651901052377394,-0.1827126569856663,1.467234738471584,-0.24647041110730084,-0.35179877236514584,-0.6471089552772393,-0.133929906036485,-0.33847641687280183,8
0.9284380419686301,0.9296944001012316,-0.3303339540111468,-0.41972110157675935,-0.5473740225939545,1.3143259775952012,-0.9868703275903381,-0.06651901052377394,-0.1827126569856663,1.467234738471584,-0.24647041110730084,-0.35179877236514584,-0.6471089552772393,-0.133929906036485,-0.33847641687280183,4
-0.8475909091005751,-0.8792252755243076,3.0272395188484196,2.3825344883621926,-0.5473740225939545,-0.706116439430379,1.013304354222222,-0.06651901052377394,-0.1827126569856663,-0.6815542010964778,-0.24647041110730084,-0.35179877236514584,-0.6471089552772393,-0.133929906036485,-0.33847641687280183,8
-0.8475909091005751,-0.8792252755243076,-0.3303339540111468,-0.41972110157675935,-0.5473740225939545,-0.706116439430379,-0.9868703275903381,-0.06651901052377394,-0.1827126569856663,1.467234738471584,-0.24647041110730084,-0.35179877236514584,-0.6471089552772393,-0.133929906036485,-0.33847641687280183,5
0.9284380419686301,0.9296944001012316,-0.3303339540111468,-0.41972110157675935,1.826904381141606,1.3143259775952012,1.013304354222222,-0.06651901052377394,-0.1827126569856663,-0.6815542010964778,-0.24647041110730084,-0.35179877236514584,-0.6471089552772393,-0.133929906036485,2.9544155815611703,6
-0.8475909091005751,0.9296944001012316,-0.3303339540111468,-0.41972110157675935,-0.5473740225939545,1.3143259775952012,1.013304354222222,-0.06651901052377394,-0.1827126569856663,-0.6815542010964778,-0.24647041110730084,2.8425340807103785,-0.6471089552772393,-0.133929906036485,-0.33847641687280183,6
-0.8475909091005751,-0.8792252755243076,3.0272395188484196,-0.41972110157675935,-0.5473740225939545,-0.706116439430379,-0.9868703275903381,-0.06651901052377394,-0.1827126569856663,-0.6815542010964778,4.057282152074029,-0.35179877236514584,-0.6471089552772393,-0.133929906036485,-0.33847641687280183,8
-0.8475909091005751,0.9296944001012316,-0.3303339540111468,-0.41972110157675935,1.826904381141606,-0.706116439430379,-0.9868703275903381,-0.06651901052377394,-0.1827126569856663,1.467234738471584,4.057282152074029,-0.35179877236514584,-0.6471089552772393,-0.133929906036485,-0.33847641687280183,7
-0.8475909091005751,0.9296944001012316,-0.3303339540111468,-0.41972110157675935,-0.5473740225939545,-0.706116439430379,-0.9868703275903381,-0.06651901052377394,-0.1827126569856663,1.467234738471584,-0.24647041110730084,-0.35179877236514584,1.5453348185725115,-0.133929906036485,-0.33847641687280183,4
-0.8475909091005751,-0.8792252755243076,-0.3303339540111468,-0.41972110157675935,-0.5473740225939545,-0.706116439430379,1.013304354222222,-0.06651901052377394,-0.1827126569856663,-0.6815542010964778,-0.24647041110730084,-0.35179877236514584,-0.6471089552772393,-0.133929906036485,-0.33847641687280183,8
0.9284380419686301,-0.8792252755243076,-0.3303339540111468,-0.41972110157675935,-0.5473740225939545,-0.706116439430379,-0.9868703275903381,-0.06651901052377394,-0.1827126569856663,-0.6815542010964778,-0.24647041110730084,2.8425340807103785,-0.6471089552772393,-0.133929906036485,-0.33847641687280183,7
-0.8475909091005751,-0.8792252755243076,-0.3303339540111468,2.3825344883621926,-0.5473740225939545,-0.706116439430379,1.013304354222222,-0.06651901052377394,-0.1827126569856663,-0.6815542010964778,-0.24647041110730084,-0.35179877236514584,-0.6471089552772393,-0.133929906036485,-0.33847641687280183,6
-0.8475909091005751,-0.8792252755243076,-0.3303339540111468,-0.41972110157675935,-0.5473740225939545,-0.706116439430379,1.013304354222222,-0.06651901052377394,-0.1827126569856663,1.467234738471584,-0.24647041110730084,-0.35179877236514584,1.5453348185725115,-0.133929906036485,-0.33847641687280183,6
0.9284380419686301,0.9296944001012316,-0.3303339540111468,-0.41972110157675935,-0.5473740225939545,1.3143259775952012,-0.9868703275903381,-0.06651901052377394,-0.1827126569856663,-0.6815542010964778,-0.24647041110730084,-0.35179877236514584,1.5453348185725115,-0.133929906036485,2.9544155815611703,2
2.704466993037835,-0.8792252755243076,-0.3303339540111468,-0.41972110157675935,-0.5473740225939545,-0.706116439430379,-0.9868703275903381,-0.06651901052377394,-0.1827126569856663,-0.6815542010964778,-0.24647041110730084,-0.35179877236514584,-0.6471089552772393,-0.133929906036485,2.9544155815611703,5
-0.8475909091005751,-0.8792252755243076,3.0272395188484196,-0.41972110157675935,-0.5473740225939545,-0.706116439430379,-0.9868703275903381,-0.06651901052377394,-0.1827126569856663,-0.6815542010964778,-0.24647041110730084,-0.35179877236514584,-0.6471089552772393,-0.133929906036485,-0.33847641687280183,7
-0.8475909091005751,-0.8792252755243076,-0.3303339540111468,2.3825344883621926,1.826904381141606,-0.706116439430379,1.013304354222222,-0.06651901052377394,-0.1827126569856663,-0.6815542010964778,-0.24647041110730084,-0.35179877236514584,1.5453348185725115,-0.133929906036485,-0.33847641687280183,6
-0.8475909091005751,-0.8792252755243076,-0.3303339540111468,2.3825344883621926,1.826904381141606,-0.706116439430379,1.013304354222222,-0.06651901052377394,5.473074588797913,-0.6815542010964778,-0.24647041110730084,-0.35179877236514584,-0.6471089552772393,-0.133929906036485,-0.33847641687280183,8
-0.8475909091005751,0.9296944001012316,3.0272395188484196,-0.41972110157675935,-0.5473740225939545,-0.706116439430379,-0.9868703275903381,-0.06651901052377394,-0.1827126569856663,1.467234738471584,-0.24647041110730084,-0.35179877236514584,-0.6471089552772393,-0.133929906036485,-0.33847641687280183,6
-0.8475909091005751,-0.8792252755243076,-0.3303339540111468,-0.41972110157675935,-0.5473740225939545,1.3143259775952012,1.013304354222222,-0.06651901052377394,-0.1827126569856663,1.467234738471584,-0.24647041110730084,-0.35179877236514584,-0.6471089552772393,-0.133929906036485,-0.33847641687280183,5
2.704466993037835,2.738614075726771,-0.3303339540111468,-0.41972110157675935,-0.5473740225939545,-0.706116439430379,-0.9868703275903381,-0.06651901052377394,-0.1827126569856663,1.467234738471584,-0.24647041110730084,-0.35179877236514584,-0.6471089552772393,-0.133929906036485,-0.33847641687280183,1
0.9284380419686301,-0.8792252755243076,-0.3303339540111468,-0.41972110157675935,-0.5473740225939545,1.3143259775952012,-0.9868703275903381,-0.06651901052377394,-0.1827126569856663,-0.6815542010964778,-0.24647041110730084,-0.35179877236514584,-0.6471089552772393,7.466592261534038,-0.33847641687280183,6
-0.8475909091005751,0.9296944001012316,-0.3303339540111468,-0.41972110157675935,1.826904381141606,1.3143259775952012,-0.9868703275903381,-0.06651901052377394,-0.1827126569856663,-0.6815542010964778,-0.24647041110730084,-0.35179877236514584,-0.6471089552772393,-0.133929906036485,-0.33847641687280183,5
-0.8475909091005751,0.9296944001012316,-0.3303339540111468,2.3825344883621926,-0.5473740225939545,-0.706116439430379,1.013304354222222,-0.06651901052377394,-0.1827126569856663,-0.6815542010964778,-0.24647041110730084,-0.35179877236514584,1.5453348185725115,-0.133929906036485,-0.33847641687280183,8
0.9284380419686301,0.9296944001012316,-0.3303339540111468,-0.41972110157675935,-0.5473740225939545,-0.706116439430379,-0.9868703275903381,-0.06651901052377394,-0.1827126569856663,-0.6815542010964778,-0.24647041110730084,-0.35179877236514584,1.5453348185725115,-0.133929906036485,-0.33847641687280183,6
-0.8475909091005751,0.9296944001012316,-0.3303339540111468,-0.41972110157675935,-0.5473740225939545,-0.706116439430379,1.013304354222222,-0.06651901052377394,-0.1827126569856663,-0.6815542010964778,-0.24647041110730084,-0.35179877236514584,-0.6471089552772393,-0.133929906036485,-0.33847641687280183,7
0.9284380419686301,-0.8792252755243076,-0.3303339540111468,-0.41972110157675935,-0.5473740225939545,1.3143259775952012,1.013304354222222,-0.06651901052377394,-0.1827126569856663,1.467234738471584,-0.24647041110730084,-0.35179877236514584,-0.6471089552772393,-0.133929906036485,-0.33847641687280183,5
-0.8475909091005751,-0.8792252755243076,-0.3303339540111468,-0.41972110157675935,-0.5473740225939545,1.3143259775952012,-0.9868703275903381,-0.06651901052377394,-0.1827126569856663,-0.6815542010964778,-0.24647041110730084,2.8425340807103785,1.5453348185725115,-0.133929906036485,-0.33847641687280183,4
-0.8475909091005751,0.9296944001012316,-0.3303339540111468,-0.41972110157675935,-0.5473740225939545,1.3143259775952012,1.013304354222222,-0.06651901052377394,-0.1827126569856663,-0.6815542010964778,-0.24647041110730084,-0.35179877236514584,1.5453348185725115,-0.133929906036485,-0.33847641687280183,7
0.9284380419686301,0.9296944001012316,-0.3303339540111468,-0.41972110157675935,-0.5473740225939545,3.334768394620782,-0.9868703275903381,-0.06651901052377394,-0.1827126569856663,-0.6815542010964778,-0.24647041110730084,-0.35179877236514584,-0.6471089552772393,-0.133929906036485,-0.33847641687280183,4
-0.8475909091005751,-0.8792252755243076,-0.3303339540111468,-0.41972110157675935,1.826904381141606,-0.706116439430379,1.013304354222222,-0.06651901052377394,-0.1827126569856663,-0.6815542010964778,-0.24647041110730084,-0.35179877236514584,-0.6471089552772393,-0.133929906036485,-0.33847641687280183,5
0.9284380419686301,0.9296944001012316,-0.3303339540111468,-0.41972110157675935,-0.5473740225939545,1.3143259775952012,1.013304354222222,-0.06651901052377394,-0.1827126569856663,-0.6815542010964778,-0.24647041110730084,-0.35179877236514584,-0.6471089552772393,-0.133929906036485,-0.33847641687280183,5
0.9284380419686301,0.9296944001012316,-0.3303339540111468,-0.41972110157675935,-0.5473740225939545,1.3143259775952012,1.013304354222222,-0.06651901052377394,-0.1827126569856663,1.467234738471584,-0.24647041110730084,-0.35179877236514584,1.5453348185725115,-0.133929906036485,-0.33847641687280183,4
0.9284380419686301,0.9296944001012316,-0.3303339540111468,-0.41972110157675935,-0.5473740225939545,-0.706116439430379,1.013304354222222,-0.06651901052377394,-0.1827126569856663,-0.6815542010964778,-0.24647041110730084,-0.35179877236514584,-0.6471089552772393,-0.133929906036485,-0.33847641687280183,5
0.9284380419686301,0.9296944001012316,-0.3303339540111468,-0.41972110157675935,1.826904381141606,1.3143259775952012,-0.9868703275903381,-0.06651901052377394,-0.1827126569856663,-0.6815542010964778,-0.24647041110730084,-0.35179877236514584,-0.6471089552772393,-0.133929906036485,-0.33847641687280183,6
0.9284380419686301,-0.8792252755243076,-0.3303339540111468,-0.41972110157675935,-0.5473740225939545,-0.706116439430379,1.013304354222222,-0.06651901052377394,-0.1827126569856663,-0.6815542010964778,-0.24647041110730084,-0.35179877236514584,1.5453348185725115,-0.133929906036485,-0.33847641687280183,7
0.9284380419686301,0.9296944001012316,-0.3303339540111468,-0.41972110157675935,-0.5473740225939545,1.3143259775952012,-0.9868703275903381,-0.06651901052377394,-0.1827126569856663,-0.6815542010964778,-0.24647041110730084,2.8425340807103785,1.5453348185725115,-0.133929906036485,-0.33847641687280183,4
2.704466993037835,-0.8792252755243076,-0.3303339540111468,-0.41972110157675935,-0.5473740225939545,-0.706116439430379,1.013304354222222,-0.06651901052377394,-0.1827126569856663,-0.6815542010964778,-0.24647041110730084,-0.35179877236514584,1.5453348185725115,-0.133929906036485,-0.33847641687280183,5
0.9284380419686301,-0.8792252755243076,-0.3303339540111468,2.3825344883621926,-0.5473740225939545,-0.706116439430379,1.013304354222222,-0.06651901052377394,-0.1827126569856663,1.467234738471584,-0.24647041110730084,-0.35179877236514584,-0.6471089552772393,-0.133929906036485,-0.33847641687280183,6
-0.8475909091005751,0.9296944001012316,-0.3303339540111468,-0.41972110157675935,-0.5473740225939545,-0.706116439430379,1.013304354222222,-0.06651901052377394,-0.1827126569856663,1.467234738471584,-0.24647041110730084,-0.35179877236514584,-0.6471089552772393,-0.133929906036485,-0.33847641687280183,7
2.704466993037835,0.9296944001012316,-0.3303339540111468,-0.41972110157675935,-0.5473740225939545,3.334768394620782,-0.9868703275903381,-0.06651901052377394,-0.1827126569856663,-0.6815542010964778,-0.24647041110730084,-0.35179877236514584,-0.6471089552772393,-0.133929906036485,-0.33847641687280183,2
-0.8475909091005751,-0.8792252755243076,-0.3303339540111468,-0.41972110157675935,-0.5473740225939545,-0.706116439430379,-0.9868703275903381,-0.06651901052377394,-0.1827126569856663,-0.6815542010964778,4.057282152074029,-0.35179877236514584,-0.6471089552772393,-0.133929906036485,2.9544155815611703,6
-0.8475909091005751,-0.8792252755243076,-0.3303339540111468,-0.41972110157675935,-0.5473740225939545,-0.706116439430379,1.013304354222222,-0.06651901052377394,-0.1827126569856663,-0.6815542010964778,-0.24647041110730084,2.8425340807103785,-0.6471089552772393,-0.133929906036485,-0.33847641687280183,6
-0.8475909091005751,0.9296944001012316,-0.3303339540111468,-0.41972110157675935,-0.5473740225939545,-0.706116439430379,-0.9868703275903381,-0.06651901052377394,-0.1827126569856663,-0.6815542010964778,-0.24647041110730084,-0.35179877236514584,-0.6471089552772393,-0.133929906036485,2.9544155815611703,4
-0.8475909091005751,0.9296944001012316,-0.3303339540111468,-0.41972110157675935,-0.5473740225939545,1.3143259775952012,1.013304354222222,-0.06651901052377394,-0.1827126569856663,1.467234738471584,-0.24647041110730084,-0.35179877236514584,-0.6471089552772393,-0.133929906036485,-0.33847641687280183,4
0.9284380419686301,-0.8792252755243076,-0.3303339540111468,-0.41972110157675935,-0.5473740225939545,1.3143259775952012,-0.9868703275903381,-0.06651901052377394,-0.1827126569856663,-0.6815542010964778,-0.24647041110730084,-0.35179877236514584,-0.6471089552772393,-0.133929906036485,-0.33847641687280183,5
-0.8475909091005751,0.9296944001012316,-0.3303339540111468,-0.41972110157675935,-0.5473740225939545,-0.706116439430379,-0.9868703275903381,-0.06651901052377394,-0.1827126569856663,1.467234738471584,-0.24647041110730084,-0.35179877236514584,-0.6471089552772393,-0.133929906036485,-0.33847641687280183,4
0.9284380419686301,0.9296944001012316,-0.3303339540111468,-0.41972110157675935,1.826904381141606,-0.706116439430379,-0.9868703275903381,-0.06651901052377394,-0.1827126569856663,-0.6815542010964778,-0.24647041110730084,-0.35179877236514584,-0.6471089552772393,-0.133929906036485,-0.33847641687280183,5
0.9284380419686301,0.9296944001012316,-0.3303339540111468,2.3825344883621926,-0.5473740225939545,1.3143259775952012,-0.9868703275903381,-0.06651901052377394,-0.1827126569856663,1.467234738471584,-0.24647041110730084,-0.35179877236514584,-0.6471089552772393,-0.133929906036485,-0.33847641687280183,6
-0.8475909091005751,-0.8792252755243076,3.0272395188484196,-0.41972110157675935,-0.5473740225939545,-0.706116439430379,-0.9868703275903381,-0.06651901052377394,-0.1827126569856663,-0.6815542010964778,4.057282152074029,-0.35179877236514584,-0.6471089552772393,-0.133929906036485,-0.33847641687280183,4
2.704466993037835,0.9296944001012316,-0.3303339540111468,-0.41972110157675935,-0.5473740225939545,1.3143259775952012,-0.9868703275903381,-0.06651901052377394,-0.1827126569856663,-0.6815542010964778,-0.24647041110730084,-0.35179877236514584,-0.6471089552772393,-0.133929906036485,-0.33847641687280183,3
-0.8475909091005751,0.9296944001012316,-0.3303339540111468,-0.41972110157675935,-0.5473740225939545,1.3143259775952012,1.013304354222222,-0.06651901052377394,-0.1827126569856663,-0.6815542010964778,-0.24647041110730084,-0.35179877236514584,-0.6471089552772393,-0.133929906036485,-0.33847641687280183,8
-0.8475909091005751,-0.8792252755243076,-0.3303339540111468,-0.41972110157675935,-0.5473740225939545,-0.706116439430379,-0.9868703275903381,-0.06651901052377394,-0.1827126569856663,1.467234738471584,-0.24647041110730084,-0.35179877236514584,-0.6471089552772393,-0.133929906036485,-0.33847641687280183,4
0.9284380419686301,0.9296944001012316,-0.3303339540111468,-0.41972110157675935,-0.5473740225939545,-0.706116439430379,-0.9868703275903381,-0.06651901052377394,-0.1827126569856663,1.467234738471584,-0.24647041110730084,-0.35179877236514584,1.5453348185725115,-0.133929906036485,-0.33847641687280183,5
-0.8475909091005751,-0.8792252755243076,-0.3303339540111468,-0.41972110157675935,1.826904381141606,-0.706116439430379,-0.9868703275903381,-0.06651901052377394,-0.1827126569856663,1.467234738471584,-0.24647041110730084,-0.35179877236514584,-0.6471089552772393,-0.133929906036485,-0.33847641687280183,4
-0.8475909091005751,-0.8792252755243076,3.0272395188484196,2.3825344883621926,1.826904381141606,-0.706116439430379,1.013304354222222,-0.06651901052377394,-0.1827126569856663,-0.6815542010964778,-0.24647041110730084,-0.35179877236514584,-0.6471089552772393,-0.133929906036485,-0.33847641687280183,9
0.9284380419686301,-0.8792252755243076,-0.3303339540111468,-0.41972110157675935,-0.5473740225939545,-0.706116439430379,-0.9868703275903381,-0.06651901052377394,-0.1827126569856663,1.467234738471584,-0.24647041110730084,2.8425340807103785,1.5453348185725115,-0.133929906036485,-0.33847641687280183,5
-0.8475909091005751,-0.8792252755243076,-0.3303339540111468,-0.41972110157675935,1.826904381141606,-0.706116439430379,1.013304354222222,-0.06651901052377394,-0.1827126569856663,-0.6815542010964778,4.057282152074029,-0.35179877236514584,-0.6471089552772393,-0.133929906036485,-0.33847641687280183,7
0.9284380419686301,-0.8792252755243076,-0.3303339540111468,-0.41972110157675935,-0.5473740225939545,1.3143259775952012,-0.9868703275903381,-0.06651901052377394,-0.1827126569856663,-0.6815542010964778,-0.24647041110730084,-0.35179877236514584,1.5453348185725115,-0.133929906036485,-0.33847641687280183,6
-0.8475909091005751,-0.8792252755243076,-0.3303339540111468,2.3825344883621926,1.826904381141606,-0.706116439430379,1.013304354222222,-0.06651901052377394,-0.1827126569856663,-0.6815542010964778,-0.24647041110730084,-0.35179877236514584,-0.6471089552772393,-0.133929906036485,-0.33847641687280183,9
-0.8475909091005751,-0.8792252755243076,-0.3303339540111468,-0.41972110157675935,1.826904381141606,1.3143259775952012,-0.9868703275903381,-0.06651901052377394,-0.1827126569856663,-0.6815542010964778,-0.24647041110730084,-0.35179877236514584,-0.6471089552772393,-0.133929906036485,-0.33847641687280183,6
-0.8475909091005751,0.9296944001012316,-0.3303339540111468,-0.41972110157675935,-0.5473740225939545,1.3143259775952012,1.013304354222222,-0.06651901052377394,-0.1827126569856663,-0.6815542010964778,-0.24647041110730084,-0.35179877236514584,-0.6471089552772393,-0.133929906036485,-0.33847641687280183,6
-0.8475909091005751,0.9296944001012316,-0.3303339540111468,-0.41972110157675935,-0.5473740225939545,-0.706116439430379,-0.9868703275903381,-0.06651901052377394,-0.1827126569856663,1.467234738471584,-0.24647041110730084,-0.35179877236514584,1.5453348185725115,-0.133929906036485,-0.33847641687280183,5
-0.8475909091005751,-0.8792252755243076,3.0272395188484196,2.3825344883621926,-0.5473740225939545,-0.706116439430379,1.013304354222222,-0.06651901052377394,-0.1827126569856663,-0.6815542010964778,-0.24647041110730084,-0.35179877236514584,-0.6471089552772393,-0.133929906036485,-0.33847641687280183,9
0.9284380419686301,-0.8792252755243076,-0.3303339540111468,2.3825344883621926,-0.5473740225939545,-0.706116439430379,-0.9868703275903381,-0.06651901052377394,-0.1827126569856663,-0.6815542010964778,-0.24647041110730084,-0.35179877236514584,-0.6471089552772393,-0.133929906036485,-0.33847641687280183,7
0.9284380419686301,-0.8792252755243076,-0.3303339540111468,-0.41972110157675935,-0.5473740225939545,-0.706116439430379,1.013304354222222,-0.06651901052377394,-0.1827126569856663,-0.6815542010964778,-0.24647041110730084,-0.35179877236514584,1.5453348185725115,-0.133929906036485,-0.33847641687280183,4
-0.8475909091005751,-0.8792252755243076,-0.3303339540111468,-0.41972110157675935,-0.5473740225939545,-0.706116439430379,1.013304354222222,-0.06651901052377394,-0.1827126569856663,-0.6815542010964778,-0.24647041110730084,2.8425340807103785,1.5453348185725115,-0.133929906036485,-0.33847641687280183,4
-0.8475909091005751,0.9296944001012316,-0.3303339540111468,-0.41972110157675935,-0.5473740225939545,1.3143259775952012,1.013304354222222,-0.06651901052377394,-0.1827126569856663,-0.6815542010964778,-0.24647041110730084,-0.35179877236514584,-0.6471089552772393,-0.133929906036485,-0.33847641687280183,7
0.9284380419686301,-0.8792252755243076,-0.3303339540111468,-0.41972110157675935,1.826904381141606,1.3143259775952012,1.013304354222222,-0.06651901052377394,-0.1827126569856663,-0.6815542010964778,-0.24647041110730084,-0.35179877236514584,1.5453348185725115,-0.133929906036485,-0.33847641687280183,7
-0.8475909091005751,0.9296944001012316,-0.3303339540111468,-0.41972110157675935,-0.5473740225939545,-0.706116439430379,1.013304354222222,-0.06651901052377394,-0.1827126569856663,-0.6815542010964778,-0.24647041110730084,-0.35179877236514584,1.5453348185725115,-0.133929906036485,-0.33847641687280183,8
-0.8475909091005751,-0.8792252755243076,-0.3303339540111468,-0.41972110157675935,-0.5473740225939545,1.3143259775952012,-0.9868703275903381,-0.06651901052377394,-0.1827126569856663,-0.6815542010964778,-0.24647041110730084,-0.35179877236514584,1.5453348185725115,-0.133929906036485,-0.33847641687280183,6
-0.8475909091005751,0.9296944001012316,-0.3303339540111468,-0.41972110157675935,-0.5473740225939545,1.3143259775952012,-0.9868703275903381,-0.06651901052377394,-0.1827126569856663,1.467234738471584,-0.24647041110730084,-0.35179877236514584,1.5453348185725115,-0.133929906036485,-0.33847641687280183,4
0.9284380419686301,-0.8792252755243076,-0.3303339540111468,-0.41972110157675935,1.826904381141606,1.3143259775952012,-0.9868703275903381,-0.06651901052377394,-0.1827126569856663,-0.6815542010964778,-0.24647041110730084,-0.35179877236514584,-0.6471089552772393,-0.133929906036485,-0.33847641687280183,6
0.9284380419686301,0.9296944001012316,-0.3303339540111468,-0.41972110157675935,-0.5473740225939545,1.3143259775952012,-0.9868703275903381,-0.06651901052377394,-0.1827126569856663,-0.6815542010964778,-0.24647041110730084,-0.35179877236514584,-0.6471089552772393,-0.133929906036485,-0.33847641687280183,2
-0.8475909091005751,-0.8792252755243076,3.0272395188484196,-0.41972110157675935,-0.5473740225939545,-0.706116439430379,-0.9868703275903381,-0.06651901052377394,-0.1827126569856663,-0.6815542010964778,4.057282152074029,-0.35179877236514584,-0.6471089552772393,-0.133929906036485,-0.33847641687280183,6
-0.8475909091005751,-0.8792252755243076,-0.3303339540111468,2.3825344883621926,-0.5473740225939545,1.3143259775952012,1.013304354222222,-0.06651901052377394,-0.1827126569856663,-0.6815542010964778,-0.24647041110730084,-0.35179877236514584,-0.6471089552772393,-0.133929906036485,-0.33847641687280183,7
-0.8475909091005751,-0.8792252755243076,3.0272395188484196,2.3825344883621926,1.826904381141606,-0.706116439430379,1.013304354222222,-0.06651901052377394,-0.1827126569856663,-0.6815542010964778,-0.24647041110730084,-0.35179877236514584,-0.6471089552772393,-0.133929906036485,-0.33847641687280183,8
0.9284380419686301,-0.8792252755243076,-0.3303339540111468,-0.41972110157675935,1.826904381141606,1.3143259775952012,-0.9868703275903381,-0.06651901052377394,-0.1827126569856663,-0.6815542010964778,-0.24647041110730084,-0.35179877236514584,-0.6471089552772393,-0.133929906036485,-0.33847641687280183,5
-0.8475909091005751,-0.8792252755243076,-0.3303339540111468,-0.41972110157675935,1.826904381141606,-0.706116439430379,-0.9868703275903381,-0.06651901052377394,-0.1827126569856663,-0.6815542010964778,-0.24647041110730084,-0.35179877236514584,1.5453348185725115,-0.133929906036485,-0.33847641687280183,8
0.9284380419686301,2.738614075726771,-0.3303339540111468,-0.41972110157675935,-0.5473740225939545,1.3143259775952012,-0.9868703275903381,-0.06651901052377394,-0.1827126569856663,1.467234738471584,-0.24647041110730084,-0.35179877236514584,-0.6471089552772393,-0.133929906036485,-0.33847641687280183,4
-0.8475909091005751,0.9296944001012316,-0.3303339540111468,-0.41972110157675935,-0.5473740225939545,-0.706116439430379,-0.9868703275903381,-0.06651901052377394,-0.1827126569856663,-0.6815542010964778,-0.24647041110730084,-0.35179877236514584,-0.6471089552772393,7.466592261534038,-0.33847641687280183,5
0.9284380419686301,0.9296944001012316,-0.3303339540111468,-0.41972110157675935,-0.5473740225939545,-0.706116439430379,-0.9868703275903381,-0.06651901052377394,-0.1827126569856663,-0.6815542010964778,-0.24647041110730084,2.8425340807103785,1.5453348185725115,-0.133929906036485,-0.33847641687280183,3
0.9284380419686301,-0.8792252755243076,-0.3303339540111468,-0.41972110157675935,-0.5473740225939545,-0.706116439430379,1.013304354222222,-0.06651901052377394,-0.1827126569856663,-0.6815542010964778,-0.24647041110730084,-0.35179877236514584,-0.6471089552772393,-0.133929906036485,-0.33847641687280183,6
0.9284380419686301,0.9296944001012316,-0.3303339540111468,-0.41972110157675935,-0.5473740225939545,-0.706116439430379,1.013304354222222,-0.06651901052377394,-0.1827126569856663,1.467234738471584,-0.24647041110730084,-0.35179877236514584,-0.6471089552772393,-0.133929906036485,-0.33847641687280183,5
0.9284380419686301,0.9296944001012316,-0.3303339540111468,-0.41972110157675935,-0.5473740225939545,-0.706116439430379,-0.9868703275903381,15.033296378372908,-0.1827126569856663,-0.6815542010964778,-0.24647041110730084,-0.35179877236514584,-0.6471089552772393,-0.133929906036485,-0.33847641687280183,2
-0.8475909091005751,0.9296944001012316,-0.3303339540111468,-0.41972110157675935,-0.5473740225939545,-0.706116439430379,1.013304354222222,-0.06651901052377394,-0.1827126569856663,1.467234738471584,-0.24647041110730084,-0.35179877236514584,-0.6471089552772393,-0.133929906036485,-0.33847641687280183,5
-0.8475909091005751,0.9296944001012316,-0.3303339540111468,-0.41972110157675935,-0.5473740225939545,-0.706116439430379,1.013304354222222,-0.06651901052377394,-0.1827126569856663,1.467234738471584,-0.24647041110730084,-0.35179877236514584,-0.6471089552772393,-0.133929906036485,-0.33847641687280183,8
0.9284380419686301,0.9296944001012316,-0.3303339540111468,-0.41972110157675935,-0.5473740225939545,1.3143259775952012,1.013304354222222,-0.06651901052377394,-0.1827126569856663,1.467234738471584,-0.24647041110730084,-0.35179877236514584,-0.6471089552772393,-0.133929906036485,-0.33847641687280183,5
-0.8475909091005751,-0.8792252755243076,-0.3303339540111468,-0.41972110157675935,-0.5473740225939545,-0.706116439430379,1.013304354222222,-0.06651901052377394,-0.1827126569856663,1.467234738471584,-0.24647041110730084,-0.35179877236514584,-0.6471089552772393,-0.133929906036485,-0.33847641687280183,5
0.9284380419686301,-0.8792252755243076,-0.3303339540111468,-0.41972110157675935,1.826904381141606,-0.706116439430379,-0.9868703275903381,-0.06651901052377394,-0.1827126569856663,-0.6815542010964778,-0.24647041110730084,-0.35179877236514584,-0.6471089552772393,-0.133929906036485,-0.33847641687280183,5
0.9284380419686301,-0.8792252755243076,-0.3303339540111468,-0.41972110157675935,-0.5473740225939545,1.3143259775952012,-0.9868703275903381,-0.06651901052377394,-0.1827126569856663,1.467234738471584,-0.24647041110730084,-0.35179877236514584,1.5453348185725115,-0.133929906036485,-0.33847641687280183,5
0.9284380419686301,-0.8792252755243076,-0.3303339540111468,-0.41972110157675935,1.826904381141606,1.3143259775952012,1.013304354222222,-0.06651901052377394,-0.1827126569856663,-0.6815542010964778,-0.24647041110730084,-0.35179877236514584,-0.6471089552772393,-0.133929906036485,2.9544155815611703,7
-0.8475909091005751,-0.8792252755243076,-0.3303339540111468,-0.41972110157675935,1.826904381141606,-0.706116439430379,1.013304354222222,-0.06651901052377394,-0.1827126569856663,-0.6815542010964778,-0.24647041110730084,-0.35179877236514584,-0.6471089552772393,-0.133929906036485,-0.33847641687280183,6
-0.8475909091005751,-0.8792252755243076,-0.3303339540111468,2.3825344883621926,1.826904381141606,1.3143259775952012,-0.9868703275903381,-0.06651901052377394,-0.1827126569856663,-0.6815542010964778,-0.24647041110730084,-0.35179877236514584,-0.6471089552772393,-0.133929906036485,-0.33847641687280183,5
2.704466993037835,0.9296944001012316,-0.3303339540111468,-0.41972110157675935,-0.5473740225939545,1.3143259775952012,-0.9868703275903381,-0.06651901052377394,-0.1827126569856663,-0.6815542010964778,-0.24647041110730084,-0.35179877236514584,-0.6471089552772393,-0.133929906036485,2.9544155815611703,4
0.9284380419686301,-0.8792252755243076,-0.3303339540111468,-0.41972110157675935,-0.5473740225939545,-0.706116439430379,-0.9868703275903381,-0.06651901052377394,-0.1827126569856663,1.467234738471584,-0.24647041110730084,-0.35179877236514584,-0.6471089552772393,-0.133929906036485,-0.33847641687280183,4
0.9284380419686301,2.738614075726771,-0.3303339540111468,-0.41972110157675935,-0.5473740225939545,-0.706116439430379,-0.9868703275903381,-0.06651901052377394,-0.1827126569856663,1.467234738471584,-0.24647041110730084,-0.35179877236514584,-0.6471089552772393,-0.133929906036485,-0.33847641687280183,5
0.9284380419686301,-0.8792252755243076,-0.3303339540111468,-0.41972110157675935,-0.5473740225939545,-0.706116439430379,-0.9868703275903381,-0.06651901052377394,-0.1827126569856663,-0.6815542010964778,-0.24647041110730084,-0.35179877236514584,-0.6471089552772393,-0.133929906036485,2.9544155815611703,5
0.9284380419686301,0.9296944001012316,-0.3303339540111468,-0.41972110157675935,-0.5473740225939545,-0.706116439430379,-0.9868703275903381,15.033296378372908,-0.1827126569856663,-0.6815542010964778,-0.24647041110730084,-0.35179877236514584,-0.6471089552772393,-0.133929906036485,-0.33847641687280183,4
-0.8475909091005751,-0.8792252755243076,-0.3303339540111468,-0.41972110157675935,-0.5473740225939545,1.3143259775952012,-0.9868703275903381,-0.06651901052377394,-0.1827126569856663,-0.6815542010964778,-0.24647041110730084,-0.35179877236514584,1.5453348185725115,-0.133929906036485,-0.33847641687280183,7
0.9284380419686301,0.9296944001012316,-0.3303339540111468,-0.41972110157675935,-0.5473740225939545,1.3143259775952012,-0.9868703275903381,-0.06651901052377394,-0.1827126569856663,-0.6815542010964778,-0.24647041110730084,-0.35179877236514584,1.5453348185725115,-0.133929906036485,2.9544155815611703,5
-0.8475909091005751,-0.8792252755243076,-0.3303339540111468,-0.41972110157675935,-0.5473740225939545,-0.706116439430379,-0.9868703275903381,-0.06651901052377394,-0.1827126569856663,1.467234738471584,-0.24647041110730084,-0.35179877236514584,1.5453348185725115,-0.133929906036485,-0.33847641687280183,7
0.9284380419686301,2.738614075726771,-0.3303339540111468,-0.41972110157675935,-0.5473740225939545,-0.706116439430379,-0.9868703275903381,-0.06651901052377394,-0.1827126569856663,1.467234738471584,-0.24647041110730084,-0.35179877236514584,1.5453348185725115,-0.133929906036485,-0.33847641687280183,5
0.9284380419686301,0.9296944001012316,-0.3303339540111468,-0.41972110157675935,1.826904381141606,1.3143259775952012,1.013304354222222,-0.06651901052377394,-0.1827126569856663,-0.6815542010964778,-0.24647041110730084,-0.35179877236514584,-0.6471089552772393,-0.133929906036485,-0.33847641687280183,5
0.9284380419686301,-0.8792252755243076,-0.3303339540111468,-0.41972110157675935,-0.5473740225939545,-0.706116439430379,1.013304354222222,-0.06651901052377394,-0.1827126569856663,1.467234738471584,-0.24647041110730084,-0.35179877236514584,-0.6471089552772393,-0.133929906036485,-0.33847641687280183,4
-0.8475909091005751,-0.8792252755243076,-0.3303339540111468,-0.41972110157675935,-0.5473740225939545,-0.706116439430379,1.013304354222222,-0.06651901052377394,-0.1827126569856663,-0.6815542010964778,-0.24647041110730084,-0.35179877236514584,-0.6471089552772393,-0.133929906036485,-0.33847641687280183,5
-0.8475909091005751,0.9296944001012316,-0.3303339540111468,-0.41972110157675935,-0.5473740225939545,-0.706116439430379,1.013304354222222,-0.06651901052377394,-0.1827126569856663,-0.6815542010964778,4.057282152074029,-0.35179877236514584,-0.6471089552772393,-0.133929906036485,-0.33847641687280183,6
0.9284380419686301,-0.8792252755243076,-0.3303339540111468,-0.41972110157675935,-0.5473740225939545,-0.706116439430379,-0.9868703275903381,-0.06651901052377394,-0.1827126569856663,-0.6815542010964778,-0.24647041110730084,-0.35179877236514584,1.5453348185725115,-0.133929906036485,-0.33847641687280183,8
0.9284380419686301,0.9296944001012316,-0.3303339540111468,-0.41972110157675935,-0.5473740225939545,1.3143259775952012,-0.9868703275903381,-0.06651901052377394,-0.1827126569856663,-0.6815542010964778,-0.24647041110730084,-0.35179877236514584,-0.6471089552772393,-0.133929906036485,-0.33847641687280183,5
-0.8475909091005751,-0.8792252755243076,-0.3303339540111468,2.3825344883621926,1.826904381141606,-0.706116439430379,1.013304354222222,-0.06651901052377394,5.473074588797913,-0.6815542010964778,-0.24647041110730084,-0.35179877236514584,-0.6471089552772393,-0.133929906036485,-0.33847641687280183,8
0.9284380419686301,0.9296944001012316,-0.3303339540111468,-0.41972110157675935,-0.5473740225939545,-0.706116439430379,-0.9868703275903381,-0.06651901052377394,-0.1827126569856663,-0.6815542010964778,-0.24647041110730084,-0.35179877236514584,-0.6471089552772393,-0.133929906036485,2.9544155815611703,8
0.9284380419686301,-0.8792252755243076,-0.3303339540111468,-0.41972110157675935,-0.5473740225939545,1.3143259775952012,1.013304354222222,-0.06651901052377394,-0.1827126569856663,-0.6815542010964778,-0.24647041110730084,2.8425340807103785,1.5453348185725115,-0.133929906036485,-0.33847641687280183,3
0.9284380419686301,0.9296944001012316,-0.3303339540111468,-0.41972110157675935,-0.5473740225939545,1.3143259775952012,1.013304354222222,-0.06651901052377394,-0.1827126569856663,-0.6815542010964778,-0.24647041110730084,-0.35179877236514584,1.5453348185725115,-0.133929906036485,-0.33847641687280183,5
0.9284380419686301,-0.8792252755243076,-0.3303339540111468,2.3825344883621926,1.826904381141606,-0.706116439430379,1.013304354222222,-0.06651901052377394,-0.1827126569856663,-0.6815542010964778,-0.24647041110730084,-0.35179877236514584,-0.6471089552772393,-0.133929906036485,-0.33847641687280183,7
0.9284380419686301,-0.8792252755243076,-0.3303339540111468,-0.41972110157675935,1.826904381141606,1.3143259775952012,1.013304354222222,-0.06651901052377394,-0.1827126569856663,-0.6815542010964778,-0.24647041110730084,-0.35179877236514584,-0.6471089552772393,-0.133929906036485,2.9544155815611703,4
-0.8475909091005751,-0.8792252755243076,-0.3303339540111468,-0.41972110157675935,1.826904381141606,-0.706116439430379,-0.9868703275903381,-0.06651901052377394,-0.1827126569856663,-0.6815542010964778,-0.24647041110730084,-0.35179877236514584,-0.6471089552772393,-0.133929906036485,2.9544155815611703,7
-0.8475909091005751,-0.8792252755243076,-0.3303339540111468,-0.41972110157675935,-0.5473740225939545,1.3143259775952012,1.013304354222222,-0.06651901052377394,-0.1827126569856663,-0.6815542010964778,-0.24647041110730084,-0.35179877236514584,-0.6471089552772393,-0.133929906036485,2.9544155815611703,8
-0.8475909091005751,0.9296944001012316,-0.3303339540111468,-0.41972110157675935,-0.5473740225939545,-0.706116439430379,-0.9868703275903381,-0.06651901052377394,-0.1827126569856663,-0.6815542010964778,-0.24647041110730084,2.8425340807103785,1.5453348185725115,-0.133929906036485,-0.33847641687280183,5
-0.8475909091005751,-0.8792252755243076,-0.3303339540111468,-0.41972110157675935,-0.5473740225939545,-0.706116439430379,-0.9868703275903381,-0.06651901052377394,-0.1827126569856663,-0.6815542010964778,-0.24647041110730084,-0.35179877236514584,1.5453348185725115,-0.133929906036485,-0.33847641687280183,4
-0.8475909091005751,-0.8792252755243076,-0.3303339540111468,-0.41972110157675935,-0.5473740225939545,-0.706116439430379,-0.9868703275903381,-0.06651901052377394,-0.1827126569856663,-0.6815542010964778,-0.24647041110730084,-0.35179877236514584,-0.6471089552772393,7.466592261534038,-0.33847641687280183,4
0.9284380419686301,-0.8792252755243076,-0.3303339540111468,-0.41972110157675935,-0.5473740225939545,-0.706116439430379,1.013304354222222,-0.06651901052377394,-0.1827126569856663,1.467234738471584,-0.24647041110730084,-0.35179877236514584,-0.6471089552772393,-0.133929906036485,-0.33847641687280183,7
-0.8475909091005751,-0.8792252755243076,3.0272395188484196,-0.41972110157675935,-0.5473740225939545,-0.706116439430379,1.013304354222222,-0.06651901052377394,-0.1827126569856663,-0.6815542010964778,4.057282152074029,-0.35179877236514584,-0.6471089552772393,-0.133929906036485,-0.33847641687280183,8
-0.8475909091005751,0.9296944001012316,-0.3303339540111468,-0.41972110157675935,-0.5473740225939545,-0.706116439430379,-0.9868703275903381,-0.06651901052377394,-0.1827126569856663,1.467234738471584,-0.24647041110730084,2.8425340807103785,1.5453348185725115,-0.133929906036485,-0.33847641687280183,4
2.704466993037835,-0.8792252755243076,-0.3303339540111468,-0.41972110157675935,-0.5473740225939545,1.3143259775952012,-0.9868703275903381,-0.06651901052377394,-0.1827126569856663,1.467234738471584,-0.24647041110730084,-0.35179877236514584,1.5453348185725115,-0.133929906036485,-0.33847641687280183,4
0.9284380419686301,-0.8792252755243076,-0.3303339540111468,-0.41972110157675935,-0.5473740225939545,1.3143259775952012,1.013304354222222,-0.06651901052377394,-0.1827126569856663,-0.6815542010964778,-0.24647041110730084,-0.35179877236514584,-0.6471089552772393,-0.133929906036485,-0.33847641687280183,7
-0.8475909091005751,0.9296944001012316,-0.3303339540111468,-0.41972110157675935,-0.5473740225939545,-0.706116439430379,-0.9868703275903381,-0.06651901052377394,-0.1827126569856663,1.467234738471584,-0.24647041110730084,-0.35179877236514584,-0.6471089552772393,7.466592261534038,-0.33847641687280183,7
0.9284380419686301,0.9296944001012316,-0.3303339540111468,-0.41972110157675935,-0.5473740225939545,1.3143259775952012,-0.9868703275903381,-0.06651901052377394,-0.1827126569856663,-0.6815542010964778,-0.24647041110730084,2.8425340807103785,-0.6471089552772393,-0.133929906036485,-0.33847641687280183,4
2.704466993037835,2.738614075726771,-0.3303339540111468,-0.41972110157675935,-0.5473740225939545,1.3143259775952012,-0.9868703275903381,-0.06651901052377394,-0.1827126569856663,-0.6815542010964778,-0.24647041110730084,-0.35179877236514584,-0.6471089552772393,-0.133929906036485,-0.33847641687280183,3
0.9284380419686301,0.9296944001012316,-0.3303339540111468,-0.41972110157675935,-0.5473740225939545,1.3143259775952012,-0.9868703275903381,-0.06651901052377394,-0.1827126569856663,1.467234738471584,-0.24647041110730084,-0.35179877236514584,-0.6471089552772393,-0.133929906036485,-0.33847641687280183,8
0.9284380419686301,0.9296944001012316,-0.3303339540111468,-0.41972110157675935,-0.5473740225939545,1.3143259775952012,-0.9868703275903381,-0.06651901052377394,-0.1827126569856663,-0.6815542010964778,-0.24647041110730084,-0.35179877236514584,-0.6471089552772393,-0.133929906036485,-0.33847641687280183,5
0.9284380419686301,-0.8792252755243076,-0.3303339540111468,-0.41972110157675935,1.826904381141606,-0.706116439430379,1.013304354222222,-0.06651901052377394,-0.1827126569856663,-0.6815542010964778,-0.24647041110730084,-0.35179877236514584,-0.6471089552772393,-0.133929906036485,-0.33847641687280183,5
-0.8475909091005751,-0.8792252755243076,3.0272395188484196,2.3825344883621926,-0.5473740225939545,-0.706116439430379,1.013304354222222,-0.06651901052377394,-0.1827126569856663,-0.6815542010964778,-0.24647041110730084,-0.35179877236514584,-0.6471089552772393,-0.133929906036485,-0.33847641687280183,8
0.9284380419686301,0.9296944001012316,-0.3303339540111468,-0.41972110157675935,1.826904381141606,1.3143259775952012,1.013304354222222,-0.06651901052377394,-0.1827126569856663,-0.6815542010964778,-0.24647041110730084,-0.35179877236514584,1.5453348185725115,-0.133929906036485,-0.33847641687280183,6
0.9284380419686301,-0.8792252755243076,-0.3303339540111468,-0.41972110157675935,-0.5473740225939545,-0.706116439430379,-0.9868703275903381,-0.06651901052377394,-0.1827126569856663,-0.6815542010964778,-0.24647041110730084,-0.35179877236514584,-0.6471089552772393,-0.133929906036485,2.9544155815611703,5
-0.8475909091005751,0.9296944001012316,-0.3303339540111468,-0.41972110157675935,-0.5473740225939545,-0.706116439430379,-0.9868703275903381,-0.06651901052377394,-0.1827126569856663,-0.6815542010964778,-0.24647041110730084,2.8425340807103785,1.5453348185725115,-0.133929906036485,-0.33847641687280183,7
-0.8475909091005751,0.9296944001012316,-0.3303339540111468,-0.41972110157675935,1.826904381141606,-0.706116439430379,-0.9868703275903381,-0.06651901052377394,-0.1827126569856663,1.467234738471584,-0.24647041110730084,-0.35179877236514584,-0.6471089552772393,-0.133929906036485,-0.33847641687280183,5
0.9284380419686301,-0.8792252755243076,-0.3303339540111468,2.3825344883621926,1.826904381141606,-0.706116439430379,-0.9868703275903381,-0.06651901052377394,-0.1827126569856663,-0.6815542010964778,-0.24647041110730084,-0.35179877236514584,-0.6471089552772393,-0.133929906036485,-0.33847641687280183,7
0.9284380419686301,-0.8792252755243076,-0.3303339540111468,-0.41972110157675935,-0.5473740225939545,1.3143259775952012,-0.9868703275903381,-0.06651901052377394,-0.1827126569856663,-0.6815542010964778,4.057282152074029,-0.35179877236514584,-0.6471089552772393,-0.133929906036485,-0.33847641687280183,6
0.9284380419686301,-0.8792252755243076,-0.3303339540111468,2.3825344883621926,-0.5473740225939545,1.3143259775952012,1.013304354222222,-0.06651901052377394,-0.1827126569856663,-0.6815542010964778,-0.24647041110730084,-0.35179877236514584,-0.6471089552772393,-0.133929906036485,-0.33847641687280183,6
-0.8475909091005751,0.9296944001012316,-0.3303339540111468,-0.41972110157675935,-0.5473740225939545,-0.706116439430379,-0.9868703275903381,-0.06651901052377394,-0.1827126569856663,1.467234738471584,4.057282152074029,-0.35179877236514584,-0.6471089552772393,-0.133929906036485,-0.33847641687280183,8
-0.8475909091005751,0.9296944001012316,-0.3303339540111468,-0.41972110157675935,-0.5473740225939545,-0.706116439430379,-0.9868703275903381,-0.06651901052377394,-0.1827126569856663,-0.6815542010964778,-0.24647041110730084,2.8425340807103785,1.5453348185725115,-0.133929906036485,-0.33847641687280183,6
-0.8475909091005751,0.9296944001012316,-0.3303339540111468,-0.41972110157675935,-0.5473740225939545,-0.706116439430379,1.013304354222222,-0.06651901052377394,-0.1827126569856663,-0.6815542010964778,-0.24647041110730084,-0.35179877236514584,-0.6471089552772393,-0.133929906036485,2.9544155815611703,8
-0.8475909091005751,0.9296944001012316,-0.3303339540111468,-0.41972110157675935,1.826904381141606,1.3143259775952012,1.013304354222222,-0.06651901052377394,-0.1827126569856663,-0.6815542010964778,-0.24647041110730084,-0.35179877236514584,-0.6471089552772393,-0.133929906036485,-0.33847641687280183,7
-0.8475909091005751,-0.8792252755243076,-0.3303339540111468,-0.41972110157675935,-0.5473740225939545,-0.706116439430379,1.013304354222222,-0.06651901052377394,-0.1827126569856663,-0.6815542010964778,-0.24647041110730084,-0.35179877236514584,1.5453348185725115,-0.133929906036485,-0.33847641687280183,3
-0.8475909091005751,-0.8792252755243076,-0.3303339540111468,2.3825344883621926,1.826904381141606,-0.706116439430379,1.013304354222222,-0.06651901052377394,-0.1827126569856663,-0.6815542010964778,-0.24647041110730084,-0.35179877236514584,-0.6471089552772393,-0.133929906036485,-0.33847641687280183,9
-0.8475909091005751,-0.8792252755243076,-0.3303339540111468,-0.41972110157675935,1.826904381141606,-0.706116439430379,1.013304354222222,-0.06651901052377394,5.473074588797913,-0.6815542010964778,-0.24647041110730084,-0.35179877236514584,-0.6471089552772393,-0.133929906036485,-0.33847641687280183,8
0.9284380419686301,-0.8792252755243076,-0.3303339540111468,-0.41972110157675935,-0.5473740225939545,-0.706116439430379,1.013304354222222,-0.06651901052377394,5.473074588797913,-0.6815542010964778,-0.24647041110730084,-0.35179877236514584,-0.6471089552772393,-0.133929906036485,-0.33847641687280183,8
-0.8475909091005751,0.9296944001012316,3.0272395188484196,-0.41972110157675935,-0.5473740225939545,-0.706116439430379,-0.9868703275903381,-0.06651901052377394,-0.1827126569856663,1.467234738471584,-0.24647041110730084,-0.35179877236514584,-0.6471089552772393,-0.133929906036485,-0.33847641687280183,6
-0.8475909091005751,-0.8792252755243076,-0.3303339540111468,-0.41972110157675935,-0.5473740225939545,1.3143259775952012,-0.9868703275903381,-0.06651901052377394,-0.1827126569856663,-0.6815542010964778,-0.24647041110730084,-0.35179877236514584,-0.6471089552772393,-0.133929906036485,-0.33847641687280183,7
-0.8475909091005751,-0.8792252755243076,3.0272395188484196,-0.41972110157675935,-0.5473740225939545,-0.706116439430379,-0.9868703275903381,-0.06651901052377394,-0.1827126569856663,-0.6815542010964778,-0.24647041110730084,-0.35179877236514584,-0.6471089552772393,-0.133929906036485,2.9544155815611703,7
-0.8475909091005751,-0.8792252755243076,-0.3303339540111468,2.3825344883621926,-0.5473740225939545,-0.706116439430379,1.013304354222222,-0.06651901052377394,-0.1827126569856663,1.467234738471584,-0.24647041110730084,-0.35179877236514584,-0.6471089552772393,-0.133929906036485,-0.33847641687280183,7
0.9284380419686301,0.9296944001012316,-0.3303339540111468,-0.41972110157675935,-0.5473740225939545,1.3143259775952012,1.013304354222222,-0.06651901052377394,-0.1827126569856663,1.467234738471584,-0.24647041110730084,-0.35179877236514584,1.5453348185725115,-0.133929906036485,-0.33847641687280183,7
-0.8475909091005751,0.9296944001012316,-0.3303339540111468,-0.41972110157675935,-0.5473740225939545,-0.706116439430379,-0.9868703275903381,-0.06651901052377394,-0.1827126569856663,1.467234738471584,-0.24647041110730084,2.8425340807103785,1.5453348185725115,-0.133929906036485,-0.33847641687280183,5
-0.8475909091005751,-0.8792252755243076,-0.3303339540111468,-0.41972110157675935,-0.5473740225939545,-0.706116439430379,-0.9868703275903381,-0.06651901052377394,-0.1827126569856663,1.467234738471584,-0.24647041110730084,-0.35179877236514584,-0.6471089552772393,-0.133929906036485,2.9544155815611703,7
-0.8475909091005751,0.9296944001012316,-0.3303339540111468,-0.41972110157675935,-0.5473740225939545,-0.706116439430379,1.013304354222222,-0.06651901052377394,-0.1827126569856663,-0.6815542010964778,-0.24647041110730084,-0.35179877236514584,-0.6471089552772393,7.466592261534038,-0.33847641687280183,7
-0.8475909091005751,0.9296944001012316,-0.3303339540111468,-0.41972110157675935,-0.5473740225939545,-0.706116439430379,1.013304354222222,-0.06651901052377394,-0.1827126569856663,1.467234738471584,4.057282152074029,-0.35179877236514584,-0.6471089552772393,-0.133929906036485,-0.33847641687280183,6
0.9284380419686301,-0.8792252755243076,-0.3303339540111468,-0.41972110157675935,-0.5473740225939545,1.3143259775952012,1.013304354222222,-0.06651901052377394,-0.1827126569856663,1.467234738471584,-0.24647041110730084,-0.35179877236514584,1.5453348185725115,-0.133929906036485,-0.33847641687280183,7
0.9284380419686301,0.9296944001012316,-0.3303339540111468,-0.41972110157675935,-0.5473740225939545,1.3143259775952012,-0.9868703275903381,-0.06651901052377394,-0.1827126569856663,1.467234738471584,-0.24647041110730084,2.8425340807103785,1.5453348185725115,-0.133929906036485,-0.33847641687280183,7
-0.8475909091005751,-0.8792252755243076,-0.3303339540111468,-0.41972110157675935,-0.5473740225939545,-0.706116439430379,-0.9868703275903381,-0.06651901052377394,-0.1827126569856663,-0.6815542010964778,-0.24647041110730084,2.8425340807103785,-0.6471089552772393,-0.133929906036485,-0.33847641687280183,5
0.9284380419686301,-0.8792252755243076,-0.3303339540111468,-0.41972110157675935,-0.5473740225939545,-0.706116439430379,1.013304354222222,-0.06651901052377394,-0.1827126569856663,-0.6815542010964778,-0.24647041110730084,2.8425340807103785,1.5453348185725115,-0.133929906036485,-0.33847641687280183,6
-0.8475909091005751,0.9296944001012316,-0.3303339540111468,-0.41972110157675935,-0.5473740225939545,-0.706116439430379,-0.9868703275903381,-0.06651901052377394,-0.1827126569856663,-0.6815542010964778,-0.24647041110730084,-0.35179877236514584,-0.6471089552772393,7.466592261534038,-0.33847641687280183,7
-0.8475909091005751,-0.8792252755243076,-0.3303339540111468,-0.41972110157675935,-0.5473740225939545,-0.706116439430379,1.013304354222222,-0.06651901052377394,-0.1827126569856663,-0.6815542010964778,-0.24647041110730084,-0.35179877236514584,-0.6471089552772393,-0.133929906036485,-0.33847641687280183,8
0.9284380419686301,0.9296944001012316,-0.3303339540111468,2.3825344883621926,-0.5473740225939545,1.3143259775952012,1.013304354222222,-0.06651901052377394,-0.1827126569856663,1.467234738471584,-0.24647041110730084,-0.35179877236514584,-0.6471089552772393,-0.133929906036485,-0.33847641687280183,6
0.9284380419686301,-0.8792252755243076,-0.3303339540111468,-0.41972110157675935,-0.5473740225939545,1.3143259775952012,1.013304354222222,-0.06651901052377394,-0.1827126569856663,-0.6815542010964778,-0.24647041110730084,-0.35179877236514584,1.5453348185725115,-0.133929906036485,-0.33847641687280183,6
0.9284380419686301,-0.8792252755243076,-0.3303339540111468,-0.41972110157675935,-0.5473740225939545,1.3143259775952012,1.013304354222222,-0.06651901052377394,-0.1827126569856663,1.467234738471584,-0.24647041110730084,-0.35179877236514584,-0.6471089552772393,-0.133929906036485,-0.33847641687280183,6
2.704466993037835,0.9296944001012316,-0.3303339540111468,-0.41972110157675935,-0.5473740225939545,-0.706116439430379,-0.9868703275903381,-0.06651901052377394,-0.1827126569856663,-0.6815542010964778,-0.24647041110730084,-0.35179877236514584,-0.6471089552772393,-0.133929906036485,-0.33847641687280183,5
-0.8475909091005751,-0.8792252755243076,-0.3303339540111468,-0.41972110157675935,-0.5473740225939545,-0.706116439430379,1.013304354222222,-0.06651901052377394,-0.1827126569856663,-0.6815542010964778,-0.24647041110730084,-0.35179877236514584,1.5453348185725115,-0.133929906036485,-0.33847641687280183,6
-0.8475909091005751,-0.8792252755243076,-0.3303339540111468,-0.41972110157675935,-0.5473740225939545,-0.706116439430379,-0.9868703275903381,-0.06651901052377394,-0.1827126569856663,1.467234738471584,-0.24647041110730084,-0.35179877236514584,1.5453348185725115,-0.133929906036485,-0.33847641687280183,6
-0.8475909091005751,0.9296944001012316,-0.3303339540111468,-0.41972110157675935,-0.5473740225939545,-0.706116439430379,-0.9868703275903381,-0.06651901052377394,-0.1827126569856663,-0.6815542010964778,-0.24647041110730084,-0.35179877236514584,-0.6471089552772393,-0.133929906036485,-0.33847641687280183,4
0.9284380419686301,-0.8792252755243076,-0.3303339540111468,-0.41972110157675935,-0.5473740225939545,1.3143259775952012,1.013304354222222,-0.06651901052377394,-0.1827126569856663,-0.6815542010964778,-0.24647041110730084,-0.35179877236514584,-0.6471089552772393,-0.133929906036485,-0.33847641687280183,5
0.9284380419686301,0.9296944001012316,-0.3303339540111468,-0.41972110157675935,-0.5473740225939545,-0.706116439430379,-0.9868703275903381,-0.06651901052377394,-0.1827126569856663,1.467234738471584,-0.24647041110730084,-0.35179877236514584,-0.6471089552772393,7.466592261534038,-0.33847641687280183,6
-0.8475909091005751,-0.8792252755243076,-0.3303339540111468,2.3825344883621926,1.826904381141606,-0.706116439430379,1.013304354222222,-0.06651901052377394,-0.1827126569856663,-0.6815542010964778,-0.24647041110730084,-0.35179877236514584,-0.6471089552772393,-0.133929906036485,-0.33847641687280183,6
-0.8475909091005751,0.9296944001012316,-0.3303339540111468,-0.41972110157675935,-0.5473740225939545,-0.706116439430379,-0.9868703275903381,-0.06651901052377394,-0.1827126569856663,1.467234738471584,-0.24647041110730084,-0.35179877236514584,1.5453348185725115,-0.133929906036485,-0.33847641687280183,5
-0.8475909091005751,-0.8792252755243076,-0.3303339540111468,-0.41972110157675935,1.826904381141606,-0.706116439430379,1.013304354222222,-0.06651901052377394,-0.1827126569856663,-0.6815542010964778,-0.24647041110730084,-0.35179877236514584,1.5453348185725115,-0.133929906036485,-0.33847641687280183,7
-0.8475909091005751,-0.8792252755243076,-0.3303339540111468,2.3825344883621926,-0.5473740225939545,-0.706116439430379,1.013304354222222,-0.06651901052377394,5.473074588797913,-0.6815542010964778,-0.24647041110730084,-0.35179877236514584,-0.6471089552772393,-0.133929906036485,-0.33847641687280183,8
-0.8475909091005751,-0.8792252755243076,-0.3303339540111468,2.3825344883621926,1.826904381141606,-0.706116439430379,-0.9868703275903381,-0.06651901052377394,-0.1827126569856663,-0.6815542010964778,-0.24647041110730084,-0.35179877236514584,-0.6471089552772393,-0.133929906036485,-0.33847641687280183,6
-0.8475909091005751,-0.8792252755243076,-0.3303339540111468,2.3825344883621926,1.826904381141606,-0.706116439430379,1.013304354222222,-0.06651901052377394,5.473074588797913,-0.6815542010964778,-0.24647041110730084,-0.35179877236514584,-0.6471089552772393,-0.133929906036485,-0.33847641687280183,7
-0.8475909091005751,-0.8792252755243076,-0.3303339540111468,-0.41972110157675935,1.826904381141606,-0.706116439430379,-0.9868703275903381,-0.06651901052377394,-0.1827126569856663,-0.6815542010964778,-0.24647041110730084,-0.35179877236514584,-0.6471089552772393,-0.133929906036485,-0.33847641687280183,8
0.9284380419686301,-0.8792252755243076,-0.3303339540111468,-0.41972110157675935,-0.5473740225939545,1.3143259775952012,1.013304354222222,-0.06651901052377394,-0.1827126569856663,-0.6815542010964778,-0.24647041110730084,-0.35179877236514584,-0.6471089552772393,7.466592261534038,-0.33847641687280183,6
0.9284380419686301,0.9296944001012316,-0.3303339540111468,-0.41972110157675935,-0.5473740225939545,-0.706116439430379,-0.9868703275903381,-0.06651901052377394,-0.1827126569856663,-0.6815542010964778,4.057282152074029,-0.35179877236514584,-0.6471089552772393,-0.133929906036485,-0.33847641687280183,5
-0.8475909091005751,-0.8792252755243076,-0.3303339540111468,2.3825344883621926,1.826904381141606,1.3143259775952012,1.013304354222222,-0.06651901052377394,-0.1827126569856663,-0.6815542010964778,-0.24647041110730084,-0.35179877236514584,-0.6471089552772393,-0.133929906036485,-0.33847641687280183,7
0.9284380419686301,0.9296944001012316,-0.3303339540111468,-0.41972110157675935,-0.5473740225939545,1.3143259775952012,-0.9868703275903381,-0.06651901052377394,-0.1827126569856663,1.467234738471584,-0.24647041110730084,-0.35179877236514584,1.5453348185725115,-0.133929906036485,-0.33847641687280183,4
0.9284380419686301,0.9296944001012316,-0.3303339540111468,-0.41972110157675935,-0.5473740225939545,1.3143259775952012,-0.9868703275903381,-0.06651901052377394,-0.1827126569856663,1.467234738471584,-0.24647041110730084,-0.35179877236514584,1.5453348185725115,-0.133929906036485,-0.33847641687280183,3
0.9284380419686301,-0.8792252755243076,-0.3303339540111468,-0.41972110157675935,-0.5473740225939545,-0.706116439430379,-0.9868703275903381,-0.06651901052377394,-0.1827126569856663,-0.6815542010964778,-0.24647041110730084,-0.35179877236514584,-0.6471089552772393,-0.133929906036485,2.9544155815611703,7
0.9284380419686301,-0.8792252755243076,-0.3303339540111468,2.3825344883621926,1.826904381141606,-0.706116439430379,1.013304354222222,-0.06651901052377394,-0.1827126569856663,-0.6815542010964778,-0.24647041110730084,-0.35179877236514584,-0.6471089552772393,-0.133929906036485,-0.33847641687280183,6
-0.8475909091005751,0.9296944001012316,3.0272395188484196,-0.41972110157675935,-0.5473740225939545,-0.706116439430379,-0.9868703275903381,-0.06651901052377394,-0.1827126569856663,1.467234738471584,-0.24647041110730084,-0.35179877236514584,-0.6471089552772393,-0.133929906036485,-0.33847641687280183,6
-0.8475909091005751,-0.8792252755243076,-0.3303339540111468,-0.41972110157675935,1.826904381141606,-0.706116439430379,1.013304354222222,-0.06651901052377394,-0.1827126569856663,-0.6815542010964778,-0.24647041110730084,-0.35179877236514584,-0.6471089552772393,-0.133929906036485,2.9544155815611703,6
-0.8475909091005751,-0.8792252755243076,-0.3303339540111468,2.3825344883621926,-0.5473740225939545,1.3143259775952012,1.013304354222222,-0.06651901052377394,-0.1827126569856663,-0.6815542010964778,-0.24647041110730084,-0.35179877236514584,-0.6471089552772393,-0.133929906036485,-0.33847641687280183,7
-0.8475909091005751,-0.8792252755243076,-0.3303339540111468,2.3825344883621926,-0.5473740225939545,-0.706116439430379,1.013304354222222,-0.06651901052377394,-0.1827126569856663,-0.6815542010964778,-0.24647041110730084,-0.35179877236514584,-0.6471089552772393,-0.133929906036485,-0.33847641687280183,9
2.704466993037835,2.738614075726771,-0.3303339540111468,-0.41972110157675935,-0.5473740225939545,-0.706116439430379,-0.9868703275903381,-0.06651901052377394,-0.1827126569856663,1.467234738471584,-0.24647041110730084,-0.35179877236514584,-0.6471089552772393,-0.133929906036485,-0.33847641687280183,4
0.9284380419686301,-0.8792252755243076,-0.3303339540111468,-0.41972110157675935,-0.5473740225939545,1.3143259775952012,-0.9868703275903381,-0.06651901052377394,-0.1827126569856663,1.467234738471584,-0.24647041110730084,-0.35179877236514584,1.5453348185725115,-0.133929906036485,-0.33847641687280183,7
-0.8475909091005751,-0.8792252755243076,-0.3303339540111468,-0.41972110157675935,-0.5473740225939545,-0.706116439430379,1.013304354222222,-0.06651901052377394,-0.1827126569856663,-0.6815542010964778,-0.24647041110730084,-0.35179877236514584,-0.6471089552772393,-0.133929906036485,-0.33847641687280183,7
-0.8475909091005751,-0.8792252755243076,-0.3303339540111468,-0.41972110157675935,-0.5473740225939545,1.3143259775952012,-0.9868703275903381,-0.06651901052377394,-0.1827126569856663,-0.6815542010964778,-0.24647041110730084,-0.35179877236514584,-0.6471089552772393,7.466592261534038,-0.33847641687280183,6
-0.8475909091005751,-0.8792252755243076,-0.3303339540111468,2.3825344883621926,-0.5473740225939545,-0.706116439430379,1.013304354222222,-0.06651901052377394,-0.1827126569856663,-0.6815542010964778,-0.24647041110730084,-0.35179877236514584,-0.6471089552772393,-0.133929906036485,-0.33847641687280183,6
0.9284380419686301,0.9296944001012316,-0.3303339540111468,-0.41972110157675935,-0.5473740225939545,-0.706116439430379,-0.9868703275903381,-0.06651901052377394,-0.1827126569856663,-0.6815542010964778,-0.24647041110730084,-0.35179877236514584,-0.6471089552772393,-0.133929906036485,-0.33847641687280183,7
-0.8475909091005751,-0.8792252755243076,-0.3303339540111468,-0.41972110157675935,-0.5473740225939545,-0.706116439430379,1.013304354222222,-0.06651901052377394,-0.1827126569856663,-0.6815542010964778,-0.24647041110730084,-0.35179877236514584,1.5453348185725115,-0.133929906036485,-0.33847641687280183,5
-0.8475909091005751,0.9296944001012316,-0.3303339540111468,-0.41972110157675935,-0.5473740225939545,-0.706116439430379,-0.9868703275903381,-0.06651901052377394,-0.1827126569856663,1.467234738471584,-0.24647041110730084,2.8425340807103785,1.5453348185725115,-0.133929906036485,-0.33847641687280183,5
-0.8475909091005751,0.9296944001012316,-0.3303339540111468,-0.41972110157675935,-0.5473740225939545,-0.706116439430379,-0.9868703275903381,-0.06651901052377394,-0.1827126569856663,1.467234738471584,-0.24647041110730084,-0.35179877236514584,-0.6471089552772393,-0.133929906036485,2.9544155815611703,4
0.9284380419686301,0.9296944001012316,-0.3303339540111468,-0.41972110157675935,-0.5473740225939545,-0.706116439430379,1.013304354222222,-0.06651901052377394,-0.1827126569856663,-0.6815542010964778,-0.24647041110730084,-0.35179877236514584,-0.6471089552772393,-0.133929906036485,-0.33847641687280183,5
0.9284380419686301,-0.8792252755243076,-0.3303339540111468,-0.41972110157675935,1.826904381141606,-0.706116439430379,-0.9868703275903381,-0.06651901052377394,5.473074588797913,-0.6815542010964778,-0.24647041110730084,-0.35179877236514584,-0.6471089552772393,-0.133929906036485,-0.33847641687280183,5
-0.8475909091005751,-0.8792252755243076,-0.3303339540111468,-0.41972110157675935,-0.5473740225939545,-0.706116439430379,-0.9868703275903381,-0.06651901052377394,-0.1827126569856663,-0.6815542010964778,-0.24647041110730084,2.8425340807103785,1.5453348185725115,-0.133929906036485,-0.33847641687280183,5
-0.8475909091005751,0.9296944001012316,-0.3303339540111468,2.3825344883621926,-0.5473740225939545,-0.706116439430379,1.013304354222222,-0.06651901052377394,-0.1827126569856663,-0.6815542010964778,-0.24647041110730084,-0.35179877236514584,1.5453348185725115,-0.133929906036485,-0.33847641687280183,6
-0.8475909091005751,-0.8792252755243076,3.0272395188484196,-0.41972110157675935,-0.5473740225939545,-0.706116439430379,1.013304354222222,-0.06651901052377394,-0.1827126569856663,-0.6815542010964778,-0.24647041110730084,-0.35179877236514584,-0.6471089552772393,-0.133929906036485,-0.33847641687280183,8
-0.8475909091005751,-0.8792252755243076,-0.3303339540111468,2.3825344883621926,1.826904381141606,-0.706116439430379,1.013304354222222,-0.06651901052377394,-0.1827126569856663,-0.6815542010964778,-0.24647041110730084,-0.35179877236514584,-0.6471089552772393,-0.133929906036485,-0.33847641687280183,8
0.9284380419686301,-0.8792252755243076,-0.3303339540111468,-0.41972110157675935,1.826904381141606,-0.706116439430379,-0.9868703275903381,-0.06651901052377394,-0.1827126569856663,-0.6815542010964778,-0.24647041110730084,-0.35179877236514584,1.5453348185725115,-0.133929906036485,-0.33847641687280183,5
-0.8475909091005751,-0.8792252755243076,-0.3303339540111468,-0.41972110157675935,1.826904381141606,-0.706116439430379,1.013304354222222,-0.06651901052377394,-0.1827126569856663,-0.6815542010964778,-0.24647041110730084,-0.35179877236514584,-0.6471089552772393,-0.133929906036485,-0.33847641687280183,8
0.9284380419686301,0.9296944001012316,-0.3303339540111468,-0.41972110157675935,-0.5473740225939545,-0.706116439430379,1.013304354222222,-0.06651901052377394,-0.1827126569856663,-0.6815542010964778,-0.24647041110730084,-0.35179877236514584,-0.6471089552772393,-0.133929906036485,-0.33847641687280183,6
0.9284380419686301,0.9296944001012316,-0.3303339540111468,-0.41972110157675935,-0.5473740225939545,1.3143259775952012,-0.9868703275903381,-0.06651901052377394,-0.1827126569856663,1.467234738471584,-0.24647041110730084,-0.35179877236514584,1.5453348185725115,-0.133929906036485,-0.33847641687280183,6
-0.8475909091005751,-0.8792252755243076,-0.3303339540111468,-0.41972110157675935,-0.5473740225939545,1.3143259775952012,1.013304354222222,-0.06651901052377394,-0.1827126569856663,-0.6815542010964778,-0.24647041110730084,-0.35179877236514584,-0.6471089552772393,-0.133929906036485,-0.33847641687280183,5
0.9284380419686301,-0.8792252755243076,-0.3303339540111468,-0.41972110157675935,-0.5473740225939545,1.3143259775952012,-0.9868703275903381,-0.06651901052377394,-0.1827126569856663,1.467234738471584,-0.24647041110730084,2.8425340807103785,1.5453348185725115,-0.133929906036485,-0.33847641687280183,5
-0.8475909091005751,0.9296944001012316,-0.3303339540111468,-0.41972110157675935,-0.5473740225939545,-0.706116439430379,-0.9868703275903381,-0.06651901052377394,-0.1827126569856663,1.467234738471584,-0.24647041110730084,-0.35179877236514584,-0.6471089552772393,-0.133929906036485,-0.33847641687280183,6
0.9284380419686301,-0.8792252755243076,-0.3303339540111468,-0.41972110157675935,-0.5473740225939545,1.3143259775952012,-0.9868703275903381,-0.06651901052377394,-0.1827126569856663,1.467234738471584,-0.24647041110730084,-0.35179877236514584,-0.6471089552772393,-0.133929906036485,-0.33847641687280183,4
0.9284380419686301,-0.8792252755243076,-0.3303339540111468,-0.41972110157675935,-0.5473740225939545,-0.706116439430379,-0.9868703275903381,-0.06651901052377394,-0.1827126569856663,-0.6815542010964778,-0.24647041110730084,-0.35179877236514584,-0.6471089552772393,-0.133929906036485,2.9544155815611703,6
0.9284380419686301,0.9296944001012316,-0.3303339540111468,-0.41972110157675935,-0.5473740225939545,1.3143259775952012,-0.9868703275903381,-0.06651901052377394,-0.1827126569856663,1.467234738471584,-0.24647041110730084,-0.35179877236514584,-0.6471089552772393,-0.133929906036485,-0.33847641687280183,4
0.9284380419686301,-0.8792252755243076,-0.3303339540111468,-0.41972110157675935,-0.5473740225939545,1.3143259775952012,-0.9868703275903381,-0.06651901052377394,-0.1827126569856663,1.467234738471584,-0.24647041110730084,-0.35179877236514584,1.5453348185725115,-0.133929906036485,-0.33847641687280183,6
-0.8475909091005751,0.9296944001012316,3.0272395188484196,-0.41972110157675935,1.826904381141606,-0.706116439430379,1.013304354222222,-0.06651901052377394,-0.1827126569856663,-0.6815542010964778,-0.24647041110730084,-0.35179877236514584,-0.6471089552772393,-0.133929906036485,-0.33847641687280183,7
2.704466993037835,-0.8792252755243076,-0.3303339540111468,-0.41972110157675935,-0.5473740225939545,1.3143259775952012,1.013304354222222,-0.06651901052377394,-0.1827126569856663,-0.6815542010964778,-0.24647041110730084,-0.35179877236514584,-0.6471089552772393,-0.133929906036485,-0.33847641687280183,5
-0.8475909091005751,0.9296944001012316,-0.3303339540111468,-0.41972110157675935,1.826904381141606,-0.706116439430379,1.013304354222222,-0.06651901052377394,-0.1827126569856663,-0.6815542010964778,-0.24647041110730084,-0.35179877236514584,-0.6471089552772393,-0.133929906036485,-0.33847641687280183,7
-0.8475909091005751,-0.8792252755243076,-0.3303339540111468,2.3825344883621926,-0.5473740225939545,-0.706116439430379,1.013304354222222,-0.06651901052377394,5.473074588797913,-0.6815542010964778,-0.24647041110730084,-0.35179877236514584,-0.6471089552772393,-0.133929906036485,-0.33847641687280183,6
-0.8475909091005751,0.9296944001012316,-0.3303339540111468,-0.41972110157675935,-0.5473740225939545,1.3143259775952012,-0.9868703275903381,-0.06651901052377394,-0.1827126569856663,1.467234738471584,-0.24647041110730084,-0.35179877236514584,-0.6471089552772393,-0.133929906036485,-0.33847641687280183,5
-0.8475909091005751,-0.8792252755243076,-0.3303339540111468,2.3825344883621926,-0.5473740225939545,-0.706116439430379,1.013304354222222,-0.06651901052377394,5.473074588797913,-0.6815542010964778,-0.24647041110730084,-0.35179877236514584,-0.6471089552772393,-0.133929906036485,-0.33847641687280183,7
0.9284380419686301,-0.8792252755243076,-0.3303339540111468,-0.41972110157675935,-0.5473740225939545,-0.706116439430379,-0.9868703275903381,-0.06651901052377394,-0.1827126569856663,-0.6815542010964778,-0.24647041110730084,-0.35179877236514584,-0.6471089552772393,-0.133929906036485,2.9544155815611703,6
0.9284380419686301,0.9296944001012316,-0.3303339540111468,-0.41972110157675935,-0.5473740225939545,-0.706116439430379,-0.9868703275903381,-0.06651901052377394,-0.1827126569856663,1.467234738471584,-0.24647041110730084,-0.35179877236514584,1.5453348185725115,-0.133929906036485,-0.33847641687280183,3
-0.8475909091005751,-0.8792252755243076,3.0272395188484196,-0.41972110157675935,-0.5473740225939545,-0.706116439430379,-0.9868703275903381,-0.06651901052377394,-0.1827126569856663,-0.6815542010964778,4.057282152074029,-0.35179877236514584,-0.6471089552772393,-0.133929906036485,-0.33847641687280183,5
-0.8475909091005751,-0.8792252755243076,-0.3303339540111468,-0.41972110157675935,-0.5473740225939545,-0.706116439430379,1.013304354222222,-0.06651901052377394,-0.1827126569856663,-0.6815542010964778,-0.24647041110730084,-0.35179877236514584,-0.6471089552772393,-0.133929906036485,-0.33847641687280183,8
-0.8475909091005751,0.9296944001012316,-0.3303339540111468,-0.41972110157675935,-0.5473740225939545,-0.706116439430379,1.013304354222222,-0.06651901052377394,-0.1827126569856663,-0.6815542010964778,-0.24647041110730084,-0.35179877236514584,1.5453348185725115,-0.133929906036485,-0.33847641687280183,8
-0.8475909091005751,-0.8792252755243076,-0.3303339540111468,2.3825344883621926,1.826904381141606,-0.706116439430379,1.013304354222222,-0.06651901052377394,-0.1827126569856663,-0.6815542010964778,-0.24647041110730084,-0.35179877236514584,1.5453348185725115,-0.133929906036485,-0.33847641687280183,9
-0.8475909091005751,-0.8792252755243076,-0.3303339540111468,2.3825344883621926,1.826904381141606,-0.706116439430379,1.013304354222222,-0.06651901052377394,5.473074588797913,-0.6815542010964778,-0.24647041110730084,-0.35179877236514584,-0.6471089552772393,-0.133929906036485,-0.33847641687280183,9
-0.8475909091005751,0.9296944001012316,-0.3303339540111468,-0.41972110157675935,-0.5473740225939545,-0.706116439430379,-0.9868703275903381,-0.06651901052377394,-0.1827126569856663,1.467234738471584,-0.24647041110730084,-0.35179877236514584,1.5453348185725115,-0.133929906036485,-0.33847641687280183,6
0.9284380419686301,0.9296944001012316,-0.3303339540111468,-0.41972110157675935,1.826904381141606,1.3143259775952012,-0.9868703275903381,-0.06651901052377394,-0.1827126569856663,-0.6815542010964778,-0.24647041110730084,-0.35179877236514584,1.5453348185725115,-0.133929906036485,-0.33847641687280183,6
0.9284380419686301,0.9296944001012316,-0.3303339540111468,-0.41972110157675935,-0.5473740225939545,1.3143259775952012,-0.9868703275903381,-0.06651901052377394,-0.1827126569856663,-0.6815542010964778,-0.24647041110730084,-0.35179877236514584,-0.6471089552772393,-0.133929906036485,2.9544155815611703,6
0.9284380419686301,0.9296944001012316,-0.3303339540111468,-0.41972110157675935,-0.5473740225939545,1.3143259775952012,1.013304354222222,-0.06651901052377394,-0.1827126569856663,1.467234738471584,-0.24647041110730084,2.8425340807103785,-0.6471089552772393,-0.133929906036485,-0.33847641687280183,7
0.9284380419686301,-0.8792252755243076,-0.3303339540111468,-0.41972110157675935,-0.5473740225939545,-0.706116439430379,-0.9868703275903381,-0.06651901052377394,-0.1827126569856663,-0.6815542010964778,-0.24647041110730084,-0.35179877236514584,-0.6471089552772393,-0.133929906036485,2.9544155815611703,8
-0.8475909091005751,-0.8792252755243076,-0.3303339540111468,2.3825344883621926,-0.5473740225939545,-0.706116439430379,-0.9868703275903381,-0.06651901052377394,-0.1827126569856663,-0.6815542010964778,-0.24647041110730084,-0.35179877236514584,1.5453348185725115,-0.133929906036485,-0.33847641687280183,8
0.9284380419686301,0.9296944001012316,-0.3303339540111468,-0.41972110157675935,-0.5473740225939545,-0.706116439430379,-0.9868703275903381,-0.06651901052377394,-0.1827126569856663,-0.6815542010964778,-0.24647041110730084,-0.35179877236514584,1.5453348185725115,-0.133929906036485,-0.33847641687280183,8
-0.8475909091005751,-0.8792252755243076,-0.3303339540111468,-0.41972110157675935,-0.5473740225939545,-0.706116439430379,1.013304354222222,-0.06651901052377394,-0.1827126569856663,-0.6815542010964778,-0.24647041110730084,-0.35179877236514584,1.5453348185725115,-0.133929906036485,-0.33847641687280183,6
0.9284380419686301,-0.8792252755243076,-0.3303339540111468,-0.41972110157675935,-0.5473740225939545,-0.706116439430379,1.013304354222222,-0.06651901052377394,-0.1827126569856663,1.467234738471584,-0.24647041110730084,-0.35179877236514584,-0.6471089552772393,-0.133929906036485,-0.33847641687280183,6
0.9284380419686301,0.9296944001012316,-0.3303339540111468,-0.41972110157675935,-0.5473740225939545,-0.706116439430379,-0.9868703275903381,-0.06651901052377394,-0.1827126569856663,1.467234738471584,-0.24647041110730084,-0.35179877236514584,-0.6471089552772393,-0.133929906036485,2.9544155815611703,6
0.9284380419686301,0.9296944001012316,-0.3303339540111468,-0.41972110157675935,-0.5473740225939545,-0.706116439430379,-0.9868703275903381,-0.06651901052377394,-0.1827126569856663,1.467234738471584,4.057282152074029,-0.35179877236514584,-0.6471089552772393,-0.133929906036485,-0.33847641687280183,5
0.9284380419686301,-0.8792252755243076,3.0272395188484196,-0.41972110157675935,1.826904381141606,1.3143259775952012,-0.9868703275903381,-0.06651901052377394,-0.1827126569856663,-0.6815542010964778,-0.24647041110730084,-0.35179877236514584,-0.6471089552772393,-0.133929906036485,-0.33847641687280183,6
0.9284380419686301,0.9296944001012316,-0.3303339540111468,-0.41972110157675935,-0.5473740225939545,1.3143259775952012,1.013304354222222,-0.06651901052377394,-0.1827126569856663,1.467234738471584,-0.24647041110730084,-0.35179877236514584,1.5453348185725115,-0.133929906036485,-0.33847641687280183,6
-0.8475909091005751,-0.8792252755243076,3.0272395188484196,-0.41972110157675935,-0.5473740225939545,-0.706116439430379,1.013304354222222,-0.06651901052377394,-0.1827126569856663,-0.6815542010964778,-0.24647041110730084,-0.35179877236514584,-0.6471089552772393,-0.133929906036485,-0.33847641687280183,8
-0.8475909091005751,0.9296944001012316,-0.3303339540111468,-0.41972110157675935,-0.5473740225939545,-0.706116439430379,-0.9868703275903381,-0.06651901052377394,-0.1827126569856663,1.467234738471584,-0.24647041110730084,-0.35179877236514584,-0.6471089552772393,-0.133929906036485,-0.33847641687280183,7
-0.8475909091005751,0.9296944001012316,-0.3303339540111468,-0.41972110157675935,-0.5473740225939545,-0.706116439430379,-0.9868703275903381,-0.06651901052377394,-0.1827126569856663,1.467234738471584,-0.24647041110730084,-0.35179877236514584,1.5453348185725115,-0.133929906036485,-0.33847641687280183,5
0.9284380419686301,-0.8792252755243076,-0.3303339540111468,2.3825344883621926,-0.5473740225939545,-0.706116439430379,-0.9868703275903381,-0.06651901052377394,-0.1827126569856663,1.467234738471584,-0.24647041110730084,-0.35179877236514584,-0.6471089552772393,-0.133929906036485,-0.33847641687280183,4
-0.8475909091005751,-0.8792252755243076,-0.3303339540111468,-0.41972110157675935,1.826904381141606,-0.706116439430379,-0.9868703275903381,-0.06651901052377394,-0.1827126569856663,-0.6815542010964778,-0.24647041110730084,-0.35179877236514584,-0.6471089552772393,-0.133929906036485,-0.33847641687280183,7
-0.8475909091005751,-0.8792252755243076,3.0272395188484196,-0.41972110157675935,-0.5473740225939545,-0.706116439430379,1.013304354222222,-0.06651901052377394,-0.1827126569856663,-0.6815542010964778,4.057282152074029,-0.35179877236514584,-0.6471089552772393,-0.133929906036485,-0.33847641687280183,8
2.704466993037835,2.738614075726771,-0.3303339540111468,-0.41972110157675935,-0.5473740225939545,1.3143259775952012,-0.9868703275903381,-0.06651901052377394,-0.1827126569856663,1.467234738471584,-0.24647041110730084,-0.35179877236514584,-0.6471089552772393,-0.133929906036485,-0.33847641687280183,1
0.9284380419686301,0.9296944001012316,-0.3303339540111468,-0.41972110157675935,-0.5473740225939545,-0.706116439430379,1.013304354222222,-0.06651901052377394,-0.1827126569856663,1.467234738471584,-0.24647041110730084,-0.35179877236514584,1.5453348185725115,-0.133929906036485,-0.33847641687280183,5
2.704466993037835,0.9296944001012316,-0.3303339540111468,-0.41972110157675935,-0.5473740225939545,1.3143259775952012,-0.9868703275903381,-0.06651901052377394,-0.1827126569856663,1.467234738471584,-0.24647041110730084,-0.35179877236514584,-0.6471089552772393,-0.133929906036485,-0.33847641687280183,7
-0.8475909091005751,-0.8792252755243076,-0.3303339540111468,-0.41972110157675935,-0.5473740225939545,-0.706116439430379,1.013304354222222,-0.06651901052377394,-0.1827126569856663,-0.6815542010964778,-0.24647041110730084,-0.35179877236514584,-0.6471089552772393,-0.133929906036485,2.9544155815611703,6
-0.8475909091005751,-0.8792252755243076,-0.3303339540111468,-0.41972110157675935,-0.5473740225939545,-0.706116439430379,1.013304354222222,-0.06651901052377394,-0.1827126569856663,-0.6815542010964778,-0.24647041110730084,-0.35179877236514584,-0.6471089552772393,-0.133929906036485,-0.33847641687280183,8
-0.8475909091005751,-0.8792252755243076,-0.3303339540111468,2.3825344883621926,1.826904381141606,-0.706116439430379,1.013304354222222,-0.06651901052377394,-0.1827126569856663,-0.6815542010964778,-0.24647041110730084,-0.35179877236514584,-0.6471089552772393,-0.133929906036485,-0.33847641687280183,8
0.9284380419686301,2.738614075726771,-0.3303339540111468,-0.41972110157675935,-0.5473740225939545,1.3143259775952012,1.013304354222222,-0.06651901052377394,-0.1827126569856663,1.467234738471584,-0.24647041110730084,-0.35179877236514584,-0.6471089552772393,-0.133929906036485,-0.33847641687280183,3
0.9284380419686301,0.9296944001012316,-0.3303339540111468,-0.41972110157675935,-0.5473740225939545,-0.706116439430379,1.013304354222222,-0.06651901052377394,-0.1827126569856663,-0.6815542010964778,-0.24647041110730084,-0.35179877236514584,1.5453348185725115,-0.133929906036485,-0.33847641687280183,5
-0.8475909091005751,0.9296944001012316,-0.3303339540111468,-0.41972110157675935,-0.5473740225939545,-0.706116439430379,-0.9868703275903381,-0.06651901052377394,-0.1827126569856663,1.467234738471584,-0.24647041110730084,-0.35179877236514584,-0.6471089552772393,-0.133929906036485,-0.33847641687280183,6
0.9284380419686301,0.9296944001012316,-0.3303339540111468,-0.41972110157675935,-0.5473740225939545,-0.706116439430379,-0.9868703275903381,-0.06651901052377394,-0.1827126569856663,1.467234738471584,-0.24647041110730084,-0.35179877236514584,1.5453348185725115,-0.133929906036485,-0.33847641687280183,5
-0.8475909091005751,0.9296944001012316,-0.3303339540111468,-0.41972110157675935,-0.5473740225939545,-0.706116439430379,1.013304354222222,-0.06651901052377394,-0.1827126569856663,-0.6815542010964778,-0.24647041110730084,-0.35179877236514584,-0.6471089552772393,-0.133929906036485,-0.33847641687280183,6
0.9284380419686301,0.9296944001012316,-0.3303339540111468,-0.41972110157675935,1.826904381141606,-0.706116439430379,-0.9868703275903381,-0.06651901052377394,-0.1827126569856663,-0.6815542010964778,-0.24647041110730084,-0.35179877236514584,-0.6471089552772393,-0.133929906036485,-0.33847641687280183,5
0.9284380419686301,-0.8792252755243076,-0.3303339540111468,-0.41972110157675935,-0.5473740225939545,3.334768394620782,-0.9868703275903381,-0.06651901052377394,-0.1827126569856663,1.467234738471584,-0.24647041110730084,-0.35179877236514584,-0.6471089552772393,-0.133929906036485,-0.33847641687280183,3
-0.8475909091005751,-0.8792252755243076,-0.3303339540111468,2.3825344883621926,-0.5473740225939545,-0.706116439430379,1.013304354222222,-0.06651901052377394,-0.1827126569856663,-0.6815542010964778,-0.24647041110730084,-0.35179877236514584,-0.6471089552772393,-0.133929906036485,-0.33847641687280183,8
-0.8475909091005751,-0.8792252755243076,-0.3303339540111468,-0.41972110157675935,-0.5473740225939545,1.3143259775952012,-0.9868703275903381,-0.06651901052377394,-0.1827126569856663,-0.6815542010964778,-0.24647041110730084,2.8425340807103785,1.5453348185725115,-0.133929906036485,-0.33847641687280183,7
-0.8475909091005751,0.9296944001012316,-0.3303339540111468,-0.41972110157675935,1.826904381141606,-0.706116439430379,1.013304354222222,-0.06651901052377394,-0.1827126569856663,-0.6815542010964778,-0.24647041110730084,-0.35179877236514584,1.5453348185725115,-0.133929906036485,-0.33847641687280183,6
0.9284380419686301,-0.8792252755243076,-0.3303339540111468,2.3825344883621926,-0.5473740225939545,-0.706116439430379,1.013304354222222,-0.06651901052377394,-0.1827126569856663,-0.6815542010964778,-0.24647041110730084,-0.35179877236514584,-0.6471089552772393,-0.133929906036485,-0.33847641687280183,6
-0.8475909091005751,-0.8792252755243076,3.0272395188484196,-0.41972110157675935,1.826904381141606,-0.706116439430379,-0.9868703275903381,-0.06651901052377394,-0.1827126569856663,-0.6815542010964778,-0.24647041110730084,-0.35179877236514584,-0.6471089552772393,-0.133929906036485,-0.33847641687280183,8
-0.8475909091005751,-0.8792252755243076,-0.3303339540111468,2.3825344883621926,-0.5473740225939545,-0.706116439430379,1.013304354222222,-0.06651901052377394,-0.1827126569856663,-0.6815542010964778,-0.24647041110730084,-0.35179877236514584,-0.6471089552772393,-0.133929906036485,-0.33847641687280183,6
0.9284380419686301,0.9296944001012316,-0.3303339540111468,-0.41972110157675935,-0.5473740225939545,-0.706116439430379,-0.9868703275903381,-0.06651901052377394,-0.1827126569856663,-0.6815542010964778,-0.24647041110730084,2.8425340807103785,1.5453348185725115,-0.133929906036485,-0.33847641687280183,4
-0.8475909091005751,-0.8792252755243076,-0.3303339540111468,2.3825344883621926,-0.5473740225939545,-0.706116439430379,-0.9868703275903381,-0.06651901052377394,-0.1827126569856663,1.467234738471584,-0.24647041110730084,-0.35179877236514584,-0.6471089552772393,-0.133929906036485,-0.33847641687280183,6
-0.8475909091005751,-0.8792252755243076,-0.3303339540111468,-0.41972110157675935,-0.5473740225939545,1.3143259775952012,1.013304354222222,-0.06651901052377394,-0.1827126569856663,-0.6815542010964778,-0.24647041110730084,-0.35179877236514584,-0.6471089552772393,-0.133929906036485,-0.33847641687280183,7
-0.8475909091005751,-0.8792252755243076,-0.3303339540111468,-0.41972110157675935,-0.5473740225939545,-0.706116439430379,-0.9868703275903381,-0.06651901052377394,-0.1827126569856663,1.467234738471584,-0.24647041110730084,2.8425340807103785,1.5453348185725115,-0.133929906036485,-0.33847641687280183,7
-0.8475909091005751,0.9296944001012316,-0.3303339540111468,-0.41972110157675935,-0.5473740225939545,1.3143259775952012,-0.9868703275903381,-0.06651901052377394,-0.1827126569856663,1.467234738471584,4.057282152074029,-0.35179877236514584,-0.6471089552772393,-0.133929906036485,-0.33847641687280183,4
0.9284380419686301,0.9296944001012316,-0.3303339540111468,-0.41972110157675935,1.826904381141606,1.3143259775952012,-0.9868703275903381,-0.06651901052377394,-0.1827126569856663,1.467234738471584,-0.24647041110730084,-0.35179877236514584,-0.6471089552772393,-0.133929906036485,-0.33847641687280183,6
-0.8475909091005751,-0.8792252755243076,3.0272395188484196,-0.41972110157675935,-0.5473740225939545,1.3143259775952012,-0.9868703275903381,-0.06651901052377394,-0.1827126569856663,-0.6815542010964778,-0.24647041110730084,-0.35179877236514584,-0.6471089552772393,-0.133929906036485,-0.33847641687280183,5
-0.8475909091005751,-0.8792252755243076,-0.3303339540111468,-0.41972110157675935,-0.5473740225939545,-0.706116439430379,1.013304354222222,-0.06651901052377394,-0.1827126569856663,-0.6815542010964778,-0.24647041110730084,-0.35179877236514584,-0.6471089552772393,-0.133929906036485,-0.33847641687280183,8
0.9284380419686301,0.9296944001012316,-0.3303339540111468,-0.41972110157675935,-0.5473740225939545,-0.706116439430379,-0.9868703275903381,-0.06651901052377394,-0.1827126569856663,1.467234738471584,-0.24647041110730084,2.8425340807103785,-0.6471089552772393,-0.133929906036485,-0.33847641687280183,5
0.9284380419686301,-0.8792252755243076,-0.3303339540111468,-0.41972110157675935,-0.5473740225939545,1.3143259775952012,-0.9868703275903381,-0.06651901052377394,-0.1827126569856663,1.467234738471584,-0.24647041110730084,-0.35179877236514584,-0.6471089552772393,-0.133929906036485,-0.33847641687280183,5
-0.8475909091005751,-0.8792252755243076,-0.3303339540111468,-0.41972110157675935,-0.5473740225939545,-0.706116439430379,1.013304354222222,-0.06651901052377394,-0.1827126569856663,-0.6815542010964778,-0.24647041110730084,-0.35179877236514584,1.5453348185725115,-0.133929906036485,-0.33847641687280183,7
-0.8475909091005751,-0.8792252755243076,3.0272395188484196,-0.41972110157675935,-0.5473740225939545,-0.706116439430379,-0.9868703275903381,-0.06651901052377394,-0.1827126569856663,-0.6815542010964778,-0.24647041110730084,-0.35179877236514584,-0.6471089552772393,-0.133929906036485,-0.33847641687280183,6
-0.8475909091005751,0.9296944001012316,-0.3303339540111468,-0.41972110157675935,-0.5473740225939545,1.3143259775952012,1.013304354222222,-0.06651901052377394,-0.1827126569856663,-0.6815542010964778,-0.24647041110730084,-0.35179877236514584,1.5453348185725115,-0.133929906036485,-0.33847641687280183,5
-0.8475909091005751,0.9296944001012316,-0.3303339540111468,-0.41972110157675935,-0.5473740225939545,-0.706116439430379,-0.9868703275903381,-0.06651901052377394,-0.1827126569856663,1.467234738471584,-0.24647041110730084,2.8425340807103785,1.5453348185725115,-0.133929906036485,-0.33847641687280183,4
0.9284380419686301,-0.8792252755243076,-0.3303339540111468,-0.41972110157675935,1.826904381141606,1.3143259775952012,1.013304354222222,-0.06651901052377394,-0.1827126569856663,-0.6815542010964778,-0.24647041110730084,-0.35179877236514584,-0.6471089552772393,-0.133929906036485,-0.33847641687280183,8
-0.8475909091005751,-0.8792252755243076,-0.3303339540111468,-0.41972110157675935,1.826904381141606,1.3143259775952012,-0.9868703275903381,-0.06651901052377394,-0.1827126569856663,-0.6815542010964778,-0.24647041110730084,-0.35179877236514584,1.5453348185725115,-0.133929906036485,-0.33847641687280183,8
-0.8475909091005751,-0.8792252755243076,-0.3303339540111468,-0.41972110157675935,-0.5473740225939545,-0.706116439430379,1.013304354222222,-0.06651901052377394,-0.1827126569856663,1.467234738471584,-0.24647041110730084,-0.35179877236514584,-0.6471089552772393,-0.133929906036485,-0.33847641687280183,6
-0.8475909091005751,-0.8792252755243076,-0.3303339540111468,-0.41972110157675935,-0.5473740225939545,1.3143259775952012,1.013304354222222,-0.06651901052377394,-0.1827126569856663,-0.6815542010964778,-0.24647041110730084,-0.35179877236514584,-0.6471089552772393,-0.133929906036485,-0.33847641687280183,7
0.9284380419686301,0.9296944001012316,-0.3303339540111468,-0.41972110157675935,-0.5473740225939545,1.3143259775952012,-0.9868703275903381,-0.06651901052377394,-0.1827126569856663,-0.6815542010964778,-0.24647041110730084,2.8425340807103785,1.5453348185725115,-0.133929906036485,-0.33847641687280183,6
0.9284380419686301,-0.8792252755243076,-0.3303339540111468,-0.41972110157675935,-0.5473740225939545,1.3143259775952012,-0.9868703275903381,-0.06651901052377394,-0.1827126569856663,-0.6815542010964778,-0.24647041110730084,2.8425340807103785,-0.6471089552772393,-0.133929906036485,-0.33847641687280183,5
-0.8475909091005751,0.9296944001012316,-0.3303339540111468,-0.41972110157675935,-0.5473740225939545,-0.706116439430379,-0.9868703275903381,-0.06651901052377394,-0.1827126569856663,1.467234738471584,-0.24647041110730084,-0.35179877236514584,-0.6471089552772393,-0.133929906036485,-0.33847641687280183,5
0.9284380419686301,0.9296944001012316,-0.3303339540111468,-0.41972110157675935,-0.5473740225939545,1.3143259775952012,1.013304354222222,-0.06651901052377394,-0.1827126569856663,-0.6815542010964778,-0.24647041110730084,-0.35179877236514584,-0.6471089552772393,-0.133929906036485,2.9544155815611703,7
-0.8475909091005751,-0.8792252755243076,3.0272395188484196,-0.41972110157675935,-0.5473740225939545,-0.706116439430379,-0.9868703275903381,-0.06651901052377394,-0.1827126569856663,-0.6815542010964778,-0.24647041110730084,-0.35179877236514584,-0.6471089552772393,-0.133929906036485,-0.33847641687280183,8
-0.8475909091005751,0.9296944001012316,-0.3303339540111468,-0.41972110157675935,-0.5473740225939545,-0.706116439430379,1.013304354222222,-0.06651901052377394,-0.1827126569856663,-0.6815542010964778,-0.24647041110730084,2.8425340807103785,1.5453348185725115,-0.133929906036485,-0.33847641687280183,3
-0.8475909091005751,-0.8792252755243076,-0.3303339540111468,-0.41972110157675935,1.826904381141606,1.3143259775952012,-0.9868703275903381,-0.06651901052377394,-0.1827126569856663,-0.6815542010964778,-0.24647041110730084,-0.35179877236514584,-0.6471089552772393,-0.133929906036485,-0.33847641687280183,5
-0.8475909091005751,-0.8792252755243076,-0.3303339540111468,2.3825344883621926,-0.5473740225939545,-0.706116439430379,1.013304354222222,-0.06651901052377394,5.473074588797913,-0.6815542010964778,-0.24647041110730084,-0.35179877236514584,-0.6471089552772393,-0.133929906036485,-0.33847641687280183,8
0.9284380419686301,0.9296944001012316,-0.3303339540111468,-0.41972110157675935,-0.5473740225939545,-0.706116439430379,-0.9868703275903381,-0.06651901052377394,-0.1827126569856663,1.467234738471584,-0.24647041110730084,-0.35179877236514584,-0.6471089552772393,-0.133929906036485,-0.33847641687280183,4
0.9284380419686301,0.9296944001012316,-0.3303339540111468,2.3825344883621926,-0.5473740225939545,1.3143259775952012,1.013304354222222,-0.06651901052377394,-0.1827126569856663,-0.6815542010964778,-0.24647041110730084,-0.35179877236514584,1.5453348185725115,-0.133929906036485,-0.33847641687280183,7
0.9284380419686301,-0.8792252755243076,-0.3303339540111468,2.3825344883621926,-0.5473740225939545,1.3143259775952012,1.013304354222222,-0.06651901052377394,-0.1827126569856663,-0.6815542010964778,-0.24647041110730084,-0.35179877236514584,-0.6471089552772393,-0.133929906036485,-0.33847641687280183,7
0.9284380419686301,0.9296944001012316,-0.3303339540111468,-0.41972110157675935,-0.5473740225939545,1.3143259775952012,-0.9868703275903381,-0.06651901052377394,-0.1827126569856663,1.467234738471584,-0.24647041110730084,-0.35179877236514584,1.5453348185725115,-0.133929906036485,-0.33847641687280183,5
-0.8475909091005751,-0.8792252755243076,-0.3303339540111468,2.3825344883621926,1.826904381141606,-0.706116439430379,1.013304354222222,-0.06651901052377394,5.473074588797913,-0.6815542010964778,-0.24647041110730084,-0.35179877236514584,-0.6471089552772393,-0.133929906036485,-0.33847641687280183,8
-0.8475909091005751,-0.8792252755243076,3.0272395188484196,-0.41972110157675935,-0.5473740225939545,-0.706116439430379,-0.9868703275903381,-0.06651901052377394,-0.1827126569856663,-0.6815542010964778,-0.24647041110730084,-0.35179877236514584,-0.6471089552772393,-0.133929906036485,2.9544155815611703,7
-0.8475909091005751,-0.8792252755243076,-0.3303339540111468,-0.41972110157675935,1.826904381141606,-0.706116439430379,1.013304354222222,-0.06651901052377394,-0.1827126569856663,-0.6815542010964778,-0.24647041110730084,-0.35179877236514584,-0.6471089552772393,-0.133929906036485,-0.33847641687280183,9
0.9284380419686301,0.9296944001012316,-0.3303339540111468,-0.41972110157675935,-0.5473740225939545,-0.706116439430379,-0.9868703275903381,-0.06651901052377394,-0.1827126569856663,1.467234738471584,-0.24647041110730084,-0.35179877236514584,-0.6471089552772393,7.466592261534038,-0.33847641687280183,4
-0.8475909091005751,-0.8792252755243076,-0.3303339540111468,-0.41972110157675935,1.826904381141606,-0.706116439430379,1.013304354222222,-0.06651901052377394,-0.1827126569856663,-0.6815542010964778,-0.24647041110730084,-0.35179877236514584,-0.6471089552772393,-0.133929906036485,-0.33847641687280183,8
0.9284380419686301,-0.8792252755243076,-0.3303339540111468,-0.41972110157675935,-0.5473740225939545,1.3143259775952012,1.013304354222222,-0.06651901052377394,-0.1827126569856663,1.467234738471584,-0.24647041110730084,-0.35179877236514584,-0.6471089552772393,-0.133929906036485,-0.33847641687280183,6
0.9284380419686301,-0.8792252755243076,-0.3303339540111468,-0.41972110157675935,1.826904381141606,-0.706116439430379,1.013304354222222,-0.06651901052377394,-0.1827126569856663,-0.6815542010964778,-0.24647041110730084,-0.35179877236514584,-0.6471089552772393,-0.133929906036485,-0.33847641687280183,8
2.704466993037835,2.738614075726771,-0.3303339540111468,-0.41972110157675935,-0.5473740225939545,-0.706116439430379,-0.9868703275903381,-0.06651901052377394,-0.1827126569856663,1.467234738471584,-0.24647041110730084,-0.35179877236514584,-0.6471089552772393,-0.133929906036485,-0.33847641687280183,3
-0.8475909091005751,-0.8792252755243076,-0.3303339540111468,-0.41972110157675935,-0.5473740225939545,-0.706116439430379,-0.9868703275903381,-0.06651901052377394,-0.1827126569856663,1.467234738471584,-0.24647041110730084,-0.35179877236514584,1.5453348185725115,-0.133929906036485,-0.33847641687280183,5
-0.8475909091005751,-0.8792252755243076,-0.3303339540111468,-0.41972110157675935,-0.5473740225939545,-0.706116439430379,-0.9868703275903381,-0.06651901052377394,-0.1827126569856663,-0.6815542010964778,-0.24647041110730084,-0.35179877236514584,-0.6471089552772393,-0.133929906036485,-0.33847641687280183,5
-0.8475909091005751,0.9296944001012316,-0.3303339540111468,-0.41972110157675935,-0.5473740225939545,-0.706116439430379,1.013304354222222,-0.06651901052377394,-0.1827126569856663,1.467234738471584,-0.24647041110730084,-0.35179877236514584,1.5453348185725115,-0.133929906036485,-0.33847641687280183,4
-0.8475909091005751,-0.8792252755243076,3.0272395188484196,2.3825344883621926,-0.5473740225939545,-0.706116439430379,1.013304354222222,-0.06651901052377394,-0.1827126569856663,-0.6815542010964778,-0.24647041110730084,-0.35179877236514584,-0.6471089552772393,-0.133929906036485,-0.33847641687280183,8
0.9284380419686301,0.9296944001012316,-0.3303339540111468,-0.41972110157675935,-0.5473740225939545,-0.706116439430379,1.013304354222222,-0.06651901052377394,-0.1827126569856663,1.467234738471584,-0.24647041110730084,-0.35179877236514584,-0.6471089552772393,-0.133929906036485,2.9544155815611703,6
-0.8475909091005751,0.9296944001012316,-0.3303339540111468,-0.41972110157675935,1.826904381141606,1.3143259775952012,-0.9868703275903381,-0.06651901052377394,-0.1827126569856663,1.467234738471584,-0.24647041110730084,-0.35179877236514584,-0.6471089552772393,-0.133929906036485,-0.33847641687280183,6
0.9284380419686301,-0.8792252755243076,-0.3303339540111468,-0.41972110157675935,-0.5473740225939545,-0.706116439430379,-0.9868703275903381,-0.06651901052377394,-0.1827126569856663,-0.6815542010964778,-0.24647041110730084,2.8425340807103785,-0.6471089552772393,-0.133929906036485,-0.33847641687280183,4
0.9284380419686301,-0.8792252755243076,-0.3303339540111468,-0.41972110157675935,1.826904381141606,-0.706116439430379,1.013304354222222,-0.06651901052377394,-0.1827126569856663,-0.6815542010964778,-0.24647041110730084,-0.35179877236514584,-0.6471089552772393,-0.133929906036485,-0.33847641687280183,8
-0.8475909091005751,-0.8792252755243076,-0.3303339540111468,-0.41972110157675935,-0.5473740225939545,1.3143259775952012,1.013304354222222,-0.06651901052377394,-0.1827126569856663,-0.6815542010964778,-0.24647041110730084,2.8425340807103785,-0.6471089552772393,-0.133929906036485,-0.33847641687280183,7
-0.8475909091005751,-0.8792252755243076,-0.3303339540111468,-0.41972110157675935,-0.5473740225939545,-0.706116439430379,1.013304354222222,-0.06651901052377394,-0.1827126569856663,-0.6815542010964778,-0.24647041110730084,-0.35179877236514584,1.5453348185725115,-0.133929906036485,-0.33847641687280183,5
-0.8475909091005751,-0.8792252755243076,3.0272395188484196,-0.41972110157675935,-0.5473740225939545,-0.706116439430379,-0.9868703275903381,-0.06651901052377394,-0.1827126569856663,-0.6815542010964778,-0.24647041110730084,-0.35179877236514584,-0.6471089552772393,-0.133929906036485,2.9544155815611703,7
-0.8475909091005751,-0.8792252755243076,3.0272395188484196,-0.41972110157675935,1.826904381141606,-0.706116439430379,1.013304354222222,-0.06651901052377394,-0.1827126569856663,-0.6815542010964778,-0.24647041110730084,-0.35179877236514584,-0.6471089552772393,-0.133929906036485,-0.33847641687280183,7
0.9284380419686301,-0.8792252755243076,-0.3303339540111468,-0.41972110157675935,-0.5473740225939545,1.3143259775952012,-0.9868703275903381,-0.06651901052377394,-0.1827126569856663,1.467234738471584,-0.24647041110730084,-0.35179877236514584,-0.6471089552772393,-0.133929906036485,-0.33847641687280183,5
-0.8475909091005751,-0.8792252755243076,3.0272395188484196,-0.41972110157675935,1.826904381141606,-0.706116439430379,-0.9868703275903381,-0.06651901052377394,-0.1827126569856663,-0.6815542010964778,-0.24647041110730084,-0.35179877236514584,-0.6471089552772393,-0.133929906036485,-0.33847641687280183,9
-0.8475909091005751,0.9296944001012316,-0.3303339540111468,-0.41972110157675935,-0.5473740225939545,-0.706116439430379,-0.9868703275903381,-0.06651901052377394,-0.1827126569856663,1.467234738471584,-0.24647041110730084,-0.35179877236514584,1.5453348185725115,-0.133929906036485,-0.33847641687280183,4
-0.8475909091005751,0.9296944001012316,-0.3303339540111468,-0.41972110157675935,-0.5473740225939545,-0.706116439430379,1.013304354222222,-0.06651901052377394,-0.1827126569856663,-0.6815542010964778,-0.24647041110730084,2.8425340807103785,1.5453348185725115,-0.133929906036485,-0.33847641687280183,4
-0.8475909091005751,-0.8792252755243076,-0.3303339540111468,2.3825344883621926,1.826904381141606,-0.706116439430379,1.013304354222222,-0.06651901052377394,-0.1827126569856663,-0.6815542010964778,-0.24647041110730084,-0.35179877236514584,-0.6471089552772393,-0.133929906036485,-0.33847641687280183,7
-0.8475909091005751,-0.8792252755243076,-0.3303339540111468,2.3825344883621926,-0.5473740225939545,-0.706116439430379,1.013304354222222,-0.06651901052377394,-0.1827126569856663,1.467234738471584,-0.24647041110730084,-0.35179877236514584,-0.6471089552772393,-0.133929906036485,-0.33847641687280183,7
0.9284380419686301,2.738614075726771,-0.3303339540111468,-0.41972110157675935,-0.5473740225939545,-0.706116439430379,1.013304354222222,-0.06651901052377394,-0.1827126569856663,-0.6815542010964778,-0.24647041110730084,-0.35179877236514584,-0.6471089552772393,-0.133929906036485,-0.33847641687280183,4
-0.8475909091005751,-0.8792252755243076,3.0272395188484196,2.3825344883621926,1.826904381141606,-0.706116439430379,1.013304354222222,-0.06651901052377394,-0.1827126569856663,-0.6815542010964778,-0.24647041110730084,-0.35179877236514584,-0.6471089552772393,-0.133929906036485,-0.33847641687280183,9
0.9284380419686301,-0.8792252755243076,3.0272395188484196,-0.41972110157675935,-0.5473740225939545,-0.706116439430379,-0.9868703275903381,-0.06651901052377394,-0.1827126569856663,-0.6815542010964778,-0.24647041110730084,-0.35179877236514584,-0.6471089552772393,-0.133929906036485,-0.33847641687280183,7
0.9284380419686301,-0.8792252755243076,-0.3303339540111468,-0.41972110157675935,-0.5473740225939545,1.3143259775952012,1.013304354222222,-0.06651901052377394,-0.1827126569856663,-0.6815542010964778,-0.24647041110730084,-0.35179877236514584,1.5453348185725115,-0.133929906036485,-0.33847641687280183,7
0.9284380419686301,-0.8792252755243076,-0.3303339540111468,-0.41972110157675935,1.826904381141606,1.3143259775952012,-0.9868703275903381,-0.06651901052377394,-0.1827126569856663,-0.6815542010964778,-0.24647041110730084,-0.35179877236514584,-0.6471089552772393,-0.133929906036485,2.9544155815611703,6
0.9284380419686301,0.9296944001012316,-0.3303339540111468,-0.41972110157675935,-0.5473740225939545,-0.706116439430379,-0.9868703275903381,-0.06651901052377394,-0.1827126569856663,-0.6815542010964778,-0.24647041110730084,-0.35179877236514584,1.5453348185725115,-0.133929906036485,2.9544155815611703,5
0.9284380419686301,-0.8792252755243076,-0.3303339540111468,-0.41972110157675935,-0.5473740225939545,1.3143259775952012,-0.9868703275903381,-0.06651901052377394,-0.1827126569856663,-0.6815542010964778,-0.24647041110730084,-0.35179877236514584,-0.6471089552772393,-0.133929906036485,-0.33847641687280183,4
-0.8475909091005751,-0.8792252755243076,-0.3303339540111468,2.3825344883621926,-0.5473740225939545,-0.706116439430379,-0.9868703275903381,-0.06651901052377394,-0.1827126569856663,-0.6815542010964778,-0.24647041110730084,-0.35179877236514584,-0.6471089552772393,-0.133929906036485,-0.33847641687280183,7
-0.8475909091005751,0.9296944001012316,-0.3303339540111468,-0.41972110157675935,-0.5473740225939545,-0.706116439430379,1.013304354222222,-0.06651901052377394,-0.1827126569856663,-0.6815542010964778,-0.24647041110730084,-0.35179877236514584,-0.6471089552772393,-0.133929906036485,-0.33847641687280183,8
-0.8475909091005751,-0.8792252755243076,3.0272395188484196,-0.41972110157675935,1.826904381141606,-0.706116439430379,1.013304354222222,-0.06651901052377394,-0.1827126569856663,-0.6815542010964778,-0.24647041110730084,-0.35179877236514584,-0.6471089552772393,-0.133929906036485,-0.33847641687280183,8
2.704466993037835,-0.8792252755243076,-0.3303339540111468,-0.41972110157675935,-0.5473740225939545,-0.706116439430379,-0.9868703275903381,-0.06651901052377394,-0.1827126569856663,-0.6815542010964778,-0.24647041110730084,-0.35179877236514584,-0.6471089552772393,-0.133929906036485,2.9544155815611703,6
-0.8475909091005751,-0.8792252755243076,-0.3303339540111468,2.3825344883621926,-0.5473740225939545,-0.706116439430379,1.013304354222222,-0.06651901052377394,-0.1827126569856663,1.467234738471584,-0.24647041110730084,-0.35179877236514584,-0.6471089552772393,-0.133929906036485,-0.33847641687280183,7
0.9284380419686301,0.9296944001012316,-0.3303339540111468,-0.41972110157675935,-0.5473740225939545,1.3143259775952012,-0.9868703275903381,-0.06651901052377394,-0.1827126569856663,-0.6815542010964778,-0.24647041110730084,-0.35179877236514584,-0.6471089552772393,-0.133929906036485,2.9544155815611703,6
-0.8475909091005751,0.9296944001012316,3.0272395188484196,-0.41972110157675935,-0.5473740225939545,-0.706116439430379,1.013304354222222,-0.06651901052377394,-0.1827126569856663,-0.6815542010964778,-0.24647041110730084,-0.35179877236514584,-0.6471089552772393,-0.133929906036485,-0.33847641687280183,8
0.9284380419686301,0.9296944001012316,-0.3303339540111468,-0.41972110157675935,-0.5473740225939545,-0.706116439430379,-0.9868703275903381,-0.06651901052377394,-0.1827126569856663,-0.6815542010964778,-0.24647041110730084,-0.35179877236514584,1.5453348185725115,-0.133929906036485,-0.33847641687280183,6
-0.8475909091005751,-0.8792252755243076,-0.3303339540111468,-0.41972110157675935,-0.5473740225939545,-0.706116439430379,1.013304354222222,-0.06651901052377394,-0.1827126569856663,-0.6815542010964778,-0.24647041110730084,-0.35179877236514584,1.5453348185725115,-0.133929906036485,-0.33847641687280183,7
-0.8475909091005751,-0.8792252755243076,-0.3303339540111468,-0.41972110157675935,-0.5473740225939545,-0.706116439430379,-0.9868703275903381,-0.06651901052377394,-0.1827126569856663,-0.6815542010964778,-0.24647041110730084,2.8425340807103785,-0.6471089552772393,-0.133929906036485,-0.33847641687280183,8
-0.8475909091005751,-0.8792252755243076,-0.3303339540111468,-0.41972110157675935,1.826904381141606,-0.706116439430379,-0.9868703275903381,-0.06651901052377394,5.473074588797913,-0.6815542010964778,-0.24647041110730084,-0.35179877236514584,-0.6471089552772393,-0.133929906036485,-0.33847641687280183,8
2.704466993037835,-0.8792252755243076,-0.3303339540111468,-0.41972110157675935,-0.5473740225939545,1.3143259775952012,-0.9868703275903381,-0.06651901052377394,-0.1827126569856663,-0.6815542010964778,-0.24647041110730084,-0.35179877236514584,-0.6471089552772393,-0.133929906036485,2.9544155815611703,4
-0.8475909091005751,-0.8792252755243076,3.0272395188484196,-0.41972110157675935,-0.5473740225939545,-0.706116439430379,1.013304354222222,-0.06651901052377394,-0.1827126569856663,-0.6815542010964778,-0.24647041110730084,-0.35179877236514584,-0.6471089552772393,-0.133929906036485,2.9544155815611703,8
2.704466993037835,2.738614075726771,-0.3303339540111468,-0.41972110157675935,-0.5473740225939545,1.3143259775952012,-0.9868703275903381,-0.06651901052377394,-0.1827126569856663,-0.6815542010964778,-0.24647041110730084,-0.35179877236514584,-0.6471089552772393,-0.133929906036485,-0.33847641687280183,5
2.704466993037835,0.9296944001012316,-0.3303339540111468,-0.41972110157675935,-0.5473740225939545,3.334768394620782,-0.9868703275903381,-0.06651901052377394,-0.1827126569856663,1.467234738471584,-0.24647041110730084,-0.35179877236514584,-0.6471089552772393,-0.133929906036485,-0.33847641687280183,2
-0.8475909091005751,-0.8792252755243076,-0.3303339540111468,-0.41972110157675935,-0.5473740225939545,-0.706116439430379,-0.9868703275903381,-0.06651901052377394,-0.1827126569856663,-0.6815542010964778,-0.24647041110730084,2.8425340807103785,1.5453348185725115,-0.133929906036485,-0.33847641687280183,9
-0.8475909091005751,0.9296944001012316,-0.3303339540111468,-0.41972110157675935,-0.5473740225939545,-0.706116439430379,-0.9868703275903381,-0.06651901052377394,-0.1827126569856663,1.467234738471584,-0.24647041110730084,-0.35179877236514584,-0.6471089552772393,-0.133929906036485,-0.33847641687280183,4
-0.8475909091005751,-0.8792252755243076,-0.3303339540111468,-0.41972110157675935,1.826904381141606,-0.706116439430379,1.013304354222222,-0.06651901052377394,-0.1827126569856663,-0.6815542010964778,-0.24647041110730084,-0.35179877236514584,-0.6471089552772393,-0.133929906036485,-0.33847641687280183,6
0.9284380419686301,0.9296944001012316,-0.3303339540111468,-0.41972110157675935,1.826904381141606,1.3143259775952012,1.013304354222222,-0.06651901052377394,-0.1827126569856663,-0.6815542010964778,-0.24647041110730084,-0.35179877236514584,-0.6471089552772393,-0.133929906036485,2.9544155815611703,7
-0.8475909091005751,-0.8792252755243076,-0.3303339540111468,2.3825344883621926,-0.5473740225939545,-0.706116439430379,1.013304354222222,-0.06651901052377394,-0.1827126569856663,-0.6815542010964778,-0.24647041110730084,-0.35179877236514584,1.5453348185725115,-0.133929906036485,-0.33847641687280183,7
-0.8475909091005751,0.9296944001012316,-0.3303339540111468,-0.41972110157675935,-0.5473740225939545,1.3143259775952012,-0.9868703275903381,-0.06651901052377394,-0.1827126569856663,-0.6815542010964778,-0.24647041110730084,-0.35179877236514584,-0.6471089552772393,-0.133929906036485,2.9544155815611703,8
-0.8475909091005751,-0.8792252755243076,-0.3303339540111468,-0.41972110157675935,-0.5473740225939545,-0.706116439430379,-0.9868703275903381,-0.06651901052377394,-0.1827126569856663,1.467234738471584,-0.24647041110730084,-0.35179877236514584,1.5453348185725115,-0.133929906036485,-0.33847641687280183,5
-0.8475909091005751,-0.8792252755243076,-0.3303339540111468,2.3825344883621926,1.826904381141606,-0.706116439430379,1.013304354222222,-0.06651901052377394,-0.1827126569856663,-0.6815542010964778,-0.24647041110730084,-0.35179877236514584,-0.6471089552772393,-0.133929906036485,-0.33847641687280183,8
-0.8475909091005751,-0.8792252755243076,-0.3303339540111468,2.3825344883621926,-0.5473740225939545,-0.706116439430379,1.013304354222222,-0.06651901052377394,-0.1827126569856663,-0.6815542010964778,-0.24647041110730084,-0.35179877236514584,1.5453348185725115,-0.133929906036485,-0.33847641687280183,6
-0.8475909091005751,-0.8792252755243076,-0.3303339540111468,-0.41972110157675935,-0.5473740225939545,-0.706116439430379,1.013304354222222,-0.06651901052377394,-0.1827126569856663,-0.6815542010964778,-0.24647041110730084,-0.35179877236514584,-0.6471089552772393,-0.133929906036485,-0.33847641687280183,7
-0.8475909091005751,-0.8792252755243076,-0.3303339540111468,-0.41972110157675935,-0.5473740225939545,1.3143259775952012,-0.9868703275903381,-0.06651901052377394,-0.1827126569856663,1.467234738471584,-0.24647041110730084,-0.35179877236514584,-0.6471089552772393,-0.133929906036485,-0.33847641687280183,4
0.9284380419686301,0.9296944001012316,-0.3303339540111468,-0.41972110157675935,-0.5473740225939545,1.3143259775952012,1.013304354222222,-0.06651901052377394,-0.1827126569856663,-0.6815542010964778,-0.24647041110730084,2.8425340807103785,1.5453348185725115,-0.133929906036485,-0.33847641687280183,5
0.9284380419686301,-0.8792252755243076,-0.3303339540111468,-0.41972110157675935,-0.5473740225939545,1.3143259775952012,1.013304354222222,-0.06651901052377394,-0.1827126569856663,-0.6815542010964778,-0.24647041110730084,-0.35179877236514584,1.5453348185725115,-0.133929906036485,-0.33847641687280183,7
-0.8475909091005751,0.9296944001012316,-0.3303339540111468,-0.41972110157675935,-0.5473740225939545,1.3143259775952012,-0.9868703275903381,-0.06651901052377394,-0.1827126569856663,-0.6815542010964778,-0.24647041110730084,-0.35179877236514584,-0.6471089552772393,-0.133929906036485,2.9544155815611703,5
-0.8475909091005751,-0.8792252755243076,-0.3303339540111468,-0.41972110157675935,1.826904381141606,-0.706116439430379,-0.9868703275903381,-0.06651901052377394,5.473074588797913,-0.6815542010964778,-0.24647041110730084,-0.35179877236514584,-0.6471089552772393,-0.133929906036485,-0.33847641687280183,6
-0.8475909091005751,0.9296944001012316,-0.3303339540111468,-0.41972110157675935,1.826904381141606,-0.706116439430379,-0.9868703275903381,-0.06651901052377394,-0.1827126569856663,1.467234738471584,-0.24647041110730084,-0.35179877236514584,-0.6471089552772393,-0.133929906036485,-0.33847641687280183,3
-0.8475909091005751,-0.8792252755243076,-0.3303339540111468,-0.41972110157675935,-0.5473740225939545,-0.706116439430379,1.013304354222222,-0.06651901052377394,-0.1827126569856663,1.467234738471584,-0.24647041110730084,-0.35179877236514584,1.5453348185725115,-0.133929906036485,-0.33847641687280183,4
0.9284380419686301,-0.8792252755243076,-0.3303339540111468,-0.41972110157675935,-0.5473740225939545,-0.706116439430379,1.013304354222222,-0.06651901052377394,-0.1827126569856663,-0.6815542010964778,-0.24647041110730084,-0.35179877236514584,-0.6471089552772393,-0.133929906036485,-0.33847641687280183,6
-0.8475909091005751,0.9296944001012316,-0.3303339540111468,-0.41972110157675935,-0.5473740225939545,-0.706116439430379,-0.9868703275903381,-0.06651901052377394,-0.1827126569856663,1.467234738471584,-0.24647041110730084,-0.35179877236514584,-0.6471089552772393,-0.133929906036485,-0.33847641687280183,3
-0.8475909091005751,-0.8792252755243076,-0.3303339540111468,-0.41972110157675935,-0.5473740225939545,-0.706116439430379,1.013304354222222,-0.06651901052377394,-0.1827126569856663,-0.6815542010964778,-0.24647041110730084,2.8425340807103785,1.5453348185725115,-0.133929906036485,-0.33847641687280183,4
0.9284380419686301,0.9296944001012316,-0.3303339540111468,-0.41972110157675935,-0.5473740225939545,1.3143259775952012,-0.9868703275903381,-0.06651901052377394,-0.1827126569856663,-0.6815542010964778,-0.24647041110730084,2.8425340807103785,1.5453348185725115,-0.133929906036485,-0.33847641687280183,5
0.9284380419686301,-0.8792252755243076,-0.3303339540111468,-0.41972110157675935,-0.5473740225939545,1.3143259775952012,-0.9868703275903381,-0.06651901052377394,-0.1827126569856663,-0.6815542010964778,-0.24647041110730084,-0.35179877236514584,-0.6471089552772393,-0.133929906036485,-0.33847641687280183,6
0.9284380419686301,0.9296944001012316,-0.3303339540111468,2.3825344883621926,-0.5473740225939545,1.3143259775952012,-0.9868703275903381,-0.06651901052377394,-0.1827126569856663,-0.6815542010964778,-0.24647041110730084,-0.35179877236514584,1.5453348185725115,-0.133929906036485,-0.33847641687280183,7
2.704466993037835,0.9296944001012316,-0.3303339540111468,-0.41972110157675935,-0.5473740225939545,1.3143259775952012,-0.9868703275903381,-0.06651901052377394,-0.1827126569856663,1.467234738471584,-0.24647041110730084,-0.35179877236514584,-0.6471089552772393,-0.133929906036485,-0.33847641687280183,6
-0.8475909091005751,0.9296944001012316,-0.3303339540111468,-0.41972110157675935,-0.5473740225939545,-0.706116439430379,1.013304354222222,-0.06651901052377394,-0.1827126569856663,1.467234738471584,-0.24647041110730084,-0.35179877236514584,1.5453348185725115,-0.133929906036485,-0.33847641687280183,4
0.9284380419686301,-0.8792252755243076,3.0272395188484196,-0.41972110157675935,-0.5473740225939545,-0.706116439430379,1.013304354222222,-0.06651901052377394,-0.1827126569856663,-0.6815542010964778,-0.24647041110730084,-0.35179877236514584,-0.6471089552772393,-0.133929906036485,-0.33847641687280183,6
0.9284380419686301,0.9296944001012316,-0.3303339540111468,-0.41972110157675935,-0.5473740225939545,1.3143259775952012,-0.9868703275903381,-0.06651901052377394,-0.1827126569856663,-0.6815542010964778,-0.24647041110730084,2.8425340807103785,1.5453348185725115,-0.133929906036485,-0.33847641687280183,4
0.9284380419686301,0.9296944001012316,-0.3303339540111468,2.3825344883621926,-0.5473740225939545,1.3143259775952012,1.013304354222222,-0.06651901052377394,-0.1827126569856663,1.467234738471584,-0.24647041110730084,-0.35179877236514584,-0.6471089552772393,-0.133929906036485,-0.33847641687280183,7
-0.8475909091005751,0.9296944001012316,-0.3303339540111468,-0.41972110157675935,-0.5473740225939545,-0.706116439430379,1.013304354222222,-0.06651901052377394,-0.1827126569856663,1.467234738471584,-0.24647041110730084,2.8425340807103785,-0.6471089552772393,-0.133929906036485,-0.33847641687280183,3
0.9284380419686301,-0.8792252755243076,-0.3303339540111468,-0.41972110157675935,1.826904381141606,-0.706116439430379,1.013304354222222,-0.06651901052377394,-0.1827126569856663,-0.6815542010964778,-0.24647041110730084,-0.35179877236514584,1.5453348185725115,-0.133929906036485,-0.33847641687280183,7
0.9284380419686301,0.9296944001012316,-0.3303339540111468,-0.41972110157675935,-0.5473740225939545,1.3143259775952012,-0.9868703275903381,-0.06651901052377394,-0.1827126569856663,-0.6815542010964778,-0.24647041110730084,-0.35179877236514584,-0.6471089552772393,-0.133929906036485,-0.33847641687280183,4
-0.8475909091005751,-0.8792252755243076,-0.3303339540111468,-0.41972110157675935,1.826904381141606,-0.706116439430379,1.013304354222222,-0.06651901052377394,5.473074588797913,-0.6815542010964778,-0.24647041110730084,-0.35179877236514584,-0.6471089552772393,-0.133929906036485,-0.33847641687280183,9
0.9284380419686301,0.9296944001012316,-0.3303339540111468,-0.41972110157675935,1.826904381141606,1.3143259775952012,1.013304354222222,-0.06651901052377394,-0.1827126569856663,-0.6815542010964778,-0.24647041110730084,-0.35179877236514584,-0.6471089552772393,-0.133929906036485,-0.33847641687280183,5
0.9284380419686301,2.738614075726771,-0.3303339540111468,-0.41972110157675935,1.826904381141606,1.3143259775952012,-0.9868703275903381,-0.06651901052377394,-0.1827126569856663,-0.6815542010964778,-0.24647041110730084,-0.35179877236514584,-0.6471089552772393,-0.133929906036485,-0.33847641687280183,6
0.9284380419686301,0.9296944001012316,-0.3303339540111468,-0.41972110157675935,-0.5473740225939545,1.3143259775952012,-0.9868703275903381,-0.06651901052377394,-0.1827126569856663,1.467234738471584,-0.24647041110730084,-0.35179877236514584,1.5453348185725115,-0.133929906036485,-0.33847641687280183,5
-0.8475909091005751,0.9296944001012316,-0.3303339540111468,-0.41972110157675935,-0.5473740225939545,-0.706116439430379,1.013304354222222,-0.06651901052377394,-0.1827126569856663,-0.6815542010964778,4.057282152074029,-0.35179877236514584,1.5453348185725115,-0.133929906036485,-0.33847641687280183,8
-0.8475909091005751,-0.8792252755243076,3.0272395188484196,2.3825344883621926,1.826904381141606,-0.706116439430379,1.013304354222222,-0.06651901052377394,-0.1827126569856663,-0.6815542010964778,-0.24647041110730084,-0.35179877236514584,-0.6471089552772393,-0.133929906036485,-0.33847641687280183,6
0.9284380419686301,0.9296944001012316,-0.3303339540111468,-0.41972110157675935,-0.5473740225939545,-0.706116439430379,-0.9868703275903381,-0.06651901052377394,-0.1827126569856663,-0.6815542010964778,-0.24647041110730084,-0.35179877236514584,1.5453348185725115,-0.133929906036485,-0.33847641687280183,1
-0.8475909091005751,0.9296944001012316,-0.3303339540111468,2.3825344883621926,-0.5473740225939545,-0.706116439430379,1.013304354222222,-0.06651901052377394,-0.1827126569856663,1.467234738471584,-0.24647041110730084,-0.35179877236514584,-0.6471089552772393,-0.133929906036485,-0.33847641687280183,7
0.9284380419686301,-0.8792252755243076,-0.3303339540111468,-0.41972110157675935,-0.5473740225939545,-0.706116439430379,-0.9868703275903381,-0.06651901052377394,-0.1827126569856663,1.467234738471584,-0.24647041110730084,-0.35179877236514584,-0.6471089552772393,-0.133929906036485,2.9544155815611703,8
-0.8475909091005751,0.9296944001012316,-0.3303339540111468,-0.41972110157675935,-0.5473740225939545,-0.706116439430379,-0.9868703275903381,-0.06651901052377394,-0.1827126569856663,-0.6815542010964778,-0.24647041110730084,-0.35179877236514584,-0.6471089552772393,-0.133929906036485,2.9544155815611703,5
0.9284380419686301,-0.8792252755243076,-0.3303339540111468,2.3825344883621926,1.826904381141606,1.3143259775952012,1.013304354222222,-0.06651901052377394,-0.1827126569856663,-0.6815542010964778,-0.24647041110730084,-0.35179877236514584,-0.6471089552772393,-0.133929906036485,-0.33847641687280183,9
-0.8475909091005751,-0.8792252755243076,3.0272395188484196,-0.41972110157675935,-0.5473740225939545,-0.706116439430379,-0.9868703275903381,-0.06651901052377394,-0.1827126569856663,-0.6815542010964778,4.057282152074029,-0.35179877236514584,-0.6471089552772393,-0.133929906036485,-0.33847641687280183,8
0.9284380419686301,-0.8792252755243076,-0.3303339540111468,-0.41972110157675935,1.826904381141606,-0.706116439430379,-0.9868703275903381,-0.06651901052377394,-0.1827126569856663,-0.6815542010964778,-0.24647041110730084,-0.35179877236514584,1.5453348185725115,-0.133929906036485,-0.33847641687280183,6
-0.8475909091005751,0.9296944001012316,-0.3303339540111468,-0.41972110157675935,1.826904381141606,-0.706116439430379,1.013304354222222,-0.06651901052377394,-0.1827126569856663,-0.6815542010964778,-0.24647041110730084,-0.35179877236514584,-0.6471089552772393,-0.133929906036485,-0.33847641687280183,8
-0.8475909091005751,0.9296944001012316,-0.3303339540111468,-0.41972110157675935,1.826904381141606,-0.706116439430379,1.013304354222222,-0.06651901052377394,-0.1827126569856663,-0.6815542010964778,-0.24647041110730084,-0.35179877236514584,1.5453348185725115,-0.133929906036485,-0.33847641687280183,6
-0.8475909091005751,0.9296944001012316,-0.3303339540111468,-0.41972110157675935,-0.5473740225939545,1.3143259775952012,-0.9868703275903381,-0.06651901052377394,-0.1827126569856663,-0.6815542010964778,-0.24647041110730084,-0.35179877236514584,-0.6471089552772393,-0.133929906036485,-0.33847641687280183,3
-0.8475909091005751,0.9296944001012316,-0.3303339540111468,-0.41972110157675935,-0.5473740225939545,-0.706116439430379,-0.9868703275903381,-0.06651901052377394,-0.1827126569856663,1.467234738471584,-0.24647041110730084,-0.35179877236514584,1.5453348185725115,-0.133929906036485,-0.33847641687280183,5
-0.8475909091005751,0.9296944001012316,-0.3303339540111468,-0.41972110157675935,-0.5473740225939545,1.3143259775952012,-0.9868703275903381,-0.06651901052377394,-0.1827126569856663,1.467234738471584,-0.24647041110730084,2.8425340807103785,1.5453348185725115,-0.133929906036485,-0.33847641687280183,3
2.704466993037835,2.738614075726771,-0.3303339540111468,-0.41972110157675935,-0.5473740225939545,1.3143259775952012,-0.9868703275903381,-0.06651901052377394,-0.1827126569856663,1.467234738471584,-0.24647041110730084,-0.35179877236514584,-0.6471089552772393,-0.133929906036485,-0.33847641687280183,1
0.9284380419686301,0.9296944001012316,-0.3303339540111468,-0.41972110157675935,-0.5473740225939545,1.3143259775952012,1.013304354222222,-0.06651901052377394,-0.1827126569856663,-0.6815542010964778,-0.24647041110730084,2.8425340807103785,1.5453348185725115,-0.133929906036485,-0.33847641687280183,3
-0.8475909091005751,0.9296944001012316,-0.3303339540111468,-0.41972110157675935,1.826904381141606,-0.706116439430379,1.013304354222222,-0.06651901052377394,-0.1827126569856663,-0.6815542010964778,-0.24647041110730084,-0.35179877236514584,-0.6471089552772393,-0.133929906036485,2.9544155815611703,8
0.9284380419686301,2.738614075726771,-0.3303339540111468,-0.41972110157675935,-0.5473740225939545,1.3143259775952012,-0.9868703275903381,-0.06651901052377394,-0.1827126569856663,1.467234738471584,-0.24647041110730084,-0.35179877236514584,-0.6471089552772393,-0.133929906036485,-0.33847641687280183,7
-0.8475909091005751,-0.8792252755243076,-0.3303339540111468,-0.41972110157675935,-0.5473740225939545,1.3143259775952012,-0.9868703275903381,-0.06651901052377394,-0.1827126569856663,1.467234738471584,-0.24647041110730084,-0.35179877236514584,1.5453348185725115,-0.133929906036485,-0.33847641687280183,7
-0.8475909091005751,-0.8792252755243076,-0.3303339540111468,-0.41972110157675935,1.826904381141606,-0.706116439430379,1.013304354222222,-0.06651901052377394,-0.1827126569856663,-0.6815542010964778,-0.24647041110730084,-0.35179877236514584,1.5453348185725115,-0.133929906036485,-0.33847641687280183,8
-0.8475909091005751,-0.8792252755243076,3.0272395188484196,-0.41972110157675935,-0.5473740225939545,-0.706116439430379,-0.9868703275903381,-0.06651901052377394,-0.1827126569856663,-0.6815542010964778,4.057282152074029,-0.35179877236514584,-0.6471089552772393,-0.133929906036485,-0.33847641687280183,8
0.9284380419686301,0.9296944001012316,-0.3303339540111468,-0.41972110157675935,-0.5473740225939545,-0.706116439430379,-0.9868703275903381,-0.06651901052377394,-0.1827126569856663,1.467234738471584,-0.24647041110730084,2.8425340807103785,-0.6471089552772393,-0.133929906036485,-0.33847641687280183,7
-0.8475909091005751,-0.8792252755243076,-0.3303339540111468,2.3825344883621926,-0.5473740225939545,-0.706116439430379,1.013304354222222,-0.06651901052377394,-0.1827126569856663,-0.6815542010964778,-0.24647041110730084,-0.35179877236514584,1.5453348185725115,-0.133929906036485,-0.33847641687280183,7
-0.8475909091005751,0.9296944001012316,-0.3303339540111468,-0.41972110157675935,-0.5473740225939545,1.3143259775952012,1.013304354222222,-0.06651901052377394,-0.1827126569856663,-0.6815542010964778,-0.24647041110730084,-0.35179877236514584,-0.6471089552772393,-0.133929906036485,-0.33847641687280183,4
-0.8475909091005751,-0.8792252755243076,-0.3303339540111468,-0.41972110157675935,-0.5473740225939545,1.3143259775952012,1.013304354222222,-0.06651901052377394,-0.1827126569856663,-0.6815542010964778,-0.24647041110730084,-0.35179877236514584,-0.6471089552772393,-0.133929906036485,-0.33847641687280183,6
0.9284380419686301,-0.8792252755243076,-0.3303339540111468,-0.41972110157675935,-0.5473740225939545,-0.706116439430379,1.013304354222222,-0.06651901052377394,-0.1827126569856663,1.467234738471584,-0.24647041110730084,-0.35179877236514584,-0.6471089552772393,-0.133929906036485,-0.33847641687280183,4
0.9284380419686301,-0.8792252755243076,-0.3303339540111468,2.3825344883621926,-0.5473740225939545,-0.706116439430379,-0.9868703275903381,-0.06651901052377394,-0.1827126569856663,1.467234738471584,-0.24647041110730084,-0.35179877236514584,-0.6471089552772393,-0.133929906036485,-0.33847641687280183,6
-0.8475909091005751,0.9296944001012316,-0.3303339540111468,-0.41972110157675935,-0.5473740225939545,1.3143259775952012,-0.9868703275903381,-0.06651901052377394,-0.1827126569856663,1.467234738471584,-0.24647041110730084,-0.35179877236514584,-0.6471089552772393,-0.133929906036485,-0.33847641687280183,7
-0.8475909091005751,0.9296944001012316,-0.3303339540111468,-0.41972110157675935,-0.5473740225939545,-0.706116439430379,-0.9868703275903381,-0.06651901052377394,-0.1827126569856663,-0.6815542010964778,-0.24647041110730084,-0.35179877236514584,-0.6471089552772393,-0.133929906036485,-0.33847641687280183,4
0.9284380419686301,-0.8792252755243076,-0.3303339540111468,-0.41972110157675935,1.826904381141606,1.3143259775952012,1.013304354222222,-0.06651901052377394,-0.1827126569856663,-0.6815542010964778,-0.24647041110730084,-0.35179877236514584,-0.6471089552772393,-0.133929906036485,-0.33847641687280183,7
0.9284380419686301,0.9296944001012316,-0.3303339540111468,-0.41972110157675935,-0.5473740225939545,-0.706116439430379,1.013304354222222,-0.06651901052377394,-0.1827126569856663,-0.6815542010964778,-0.24647041110730084,-0.35179877236514584,1.5453348185725115,-0.133929906036485,-0.33847641687280183,7
-0.8475909091005751,0.9296944001012316,-0.3303339540111468,-0.41972110157675935,-0.5473740225939545,1.3143259775952012,-0.9868703275903381,-0.06651901052377394,-0.1827126569856663,-0.6815542010964778,-0.24647041110730084,-0.35179877236514584,1.5453348185725115,-0.133929906036485,2.9544155815611703,7
0.9284380419686301,0.9296944001012316,-0.3303339540111468,-0.41972110157675935,-0.5473740225939545,-0.706116439430379,1.013304354222222,-0.06651901052377394,-0.1827126569856663,-0.6815542010964778,-0.24647041110730084,2.8425340807103785,1.5453348185725115,-0.133929906036485,-0.33847641687280183,4
-0.8475909091005751,0.9296944001012316,-0.3303339540111468,-0.41972110157675935,-0.5473740225939545,-0.706116439430379,-0.9868703275903381,-0.06651901052377394,-0.1827126569856663,1.467234738471584,-0.24647041110730084,-0.35179877236514584,-0.6471089552772393,-0.133929906036485,-0.33847641687280183,7
0.9284380419686301,-0.8792252755243076,-0.3303339540111468,-0.41972110157675935,-0.5473740225939545,1.3143259775952012,-0.9868703275903381,-0.06651901052377394,-0.1827126569856663,1.467234738471584,-0.24647041110730084,-0.35179877236514584,-0.6471089552772393,-0.133929906036485,-0.33847641687280183,5
0.9284380419686301,0.9296944001012316,-0.3303339540111468,-0.41972110157675935,-0.5473740225939545,1.3143259775952012,-0.9868703275903381,-0.06651901052377394,-0.1827126569856663,1.467234738471584,-0.24647041110730084,-0.35179877236514584,-0.6471089552772393,-0.133929906036485,-0.33847641687280183,4
-0.8475909091005751,-0.8792252755243076,-0.3303339540111468,2.3825344883621926,-0.5473740225939545,1.3143259775952012,1.013304354222222,-0.06651901052377394,-0.1827126569856663,-0.6815542010964778,-0.24647041110730084,-0.35179877236514584,1.5453348185725115,-0.133929906036485,-0.33847641687280183,6
-0.8475909091005751,0.9296944001012316,-0.3303339540111468,-0.41972110157675935,-0.5473740225939545,-0.706116439430379,1.013304354222222,-0.06651901052377394,-0.1827126569856663,-0.6815542010964778,-0.24647041110730084,-0.35179877236514584,-0.6471089552772393,-0.133929906036485,2.9544155815611703,5
0.9284380419686301,-0.8792252755243076,-0.3303339540111468,-0.41972110157675935,-0.5473740225939545,1.3143259775952012,1.013304354222222,-0.06651901052377394,-0.1827126569856663,1.467234738471584,-0.24647041110730084,-0.35179877236514584,-0.6471089552772393,-0.133929906036485,-0.33847641687280183,7
-0.8475909091005751,0.9296944001012316,-0.3303339540111468,-0.41972110157675935,-0.5473740225939545,-0.706116439430379,-0.9868703275903381,-0.06651901052377394,-0.1827126569856663,1.467234738471584,-0.24647041110730084,-0.35179877236514584,-0.6471089552772393,-0.133929906036485,-0.33847641687280183,5
-0.8475909091005751,-0.8792252755243076,-0.3303339540111468,-0.41972110157675935,-0.5473740225939545,1.3143259775952012,1.013304354222222,-0.06651901052377394,-0.1827126569856663,-0.6815542010964778,-0.24647041110730084,-0.35179877236514584,1.5453348185725115,-0.133929906036485,-0.33847641687280183,7
-0.8475909091005751,0.9296944001012316,-0.3303339540111468,-0.41972110157675935,1.826904381141606,1.3143259775952012,1.013304354222222,-0.06651901052377394,-0.1827126569856663,-0.6815542010964778,-0.24647041110730084,-0.35179877236514584,-0.6471089552772393,-0.133929906036485,-0.33847641687280183,5
0.9284380419686301,-0.8792252755243076,-0.3303339540111468,-0.41972110157675935,-0.5473740225939545,3.334768394620782,-0.9868703275903381,-0.06651901052377394,-0.1827126569856663,-0.6815542010964778,-0.24647041110730084,-0.35179877236514584,-0.6471089552772393,-0.133929906036485,-0.33847641687280183,5
0.9284380419686301,-0.8792252755243076,-0.3303339540111468,-0.41972110157675935,-0.5473740225939545,-0.706116439430379,-0.9868703275903381,-0.06651901052377394,-0.1827126569856663,1.467234738471584,-0.24647041110730084,-0.35179877236514584,1.5453348185725115,-0.133929906036485,-0.33847641687280183,6
-0.8475909091005751,0.9296944001012316,-0.3303339540111468,-0.41972110157675935,-0.5473740225939545,-0.706116439430379,1.013304354222222,-0.06651901052377394,-0.1827126569856663,1.467234738471584,4.057282152074029,-0.35179877236514584,-0.6471089552772393,-0.133929906036485,-0.33847641687280183,6
-0.8475909091005751,0.9296944001012316,3.0272395188484196,-0.41972110157675935,-0.5473740225939545,-0.706116439430379,-0.9868703275903381,-0.06651901052377394,-0.1827126569856663,1.467234738471584,-0.24647041110730084,-0.35179877236514584,-0.6471089552772393,-0.133929906036485,-0.33847641687280183,6
0.9284380419686301,0.9296944001012316,-0.3303339540111468,-0.41972110157675935,-0.5473740225939545,1.3143259775952012,1.013304354222222,-0.06651901052377394,-0.1827126569856663,-0.6815542010964778,-0.24647041110730084,-0.35179877236514584,1.5453348185725115,-0.133929906036485,-0.33847641687280183,5
0.9284380419686301,0.9296944001012316,-0.3303339540111468,-0.41972110157675935,1.826904381141606,1.3143259775952012,-0.9868703275903381,-0.06651901052377394,-0.1827126569856663,1.467234738471584,-0.24647041110730084,-0.35179877236514584,-0.6471089552772393,-0.133929906036485,-0.33847641687280183,5
0.9284380419686301,0.9296944001012316,-0.3303339540111468,-0.41972110157675935,-0.5473740225939545,-0.706116439430379,1.013304354222222,-0.06651901052377394,-0.1827126569856663,-0.6815542010964778,-0.24647041110730084,2.8425340807103785,1.5453348185725115,-0.133929906036485,-0.33847641687280183,7
-0.8475909091005751,0.9296944001012316,-0.3303339540111468,-0.41972110157675935,-0.5473740225939545,1.3143259775952012,-0.9868703275903381,-0.06651901052377394,-0.1827126569856663,-0.6815542010964778,-0.24647041110730084,2.8425340807103785,-0.6471089552772393,-0.133929906036485,-0.33847641687280183,4
0.9284380419686301,-0.8792252755243076,-0.3303339540111468,-0.41972110157675935,-0.5473740225939545,-0.706116439430379,-0.9868703275903381,-0.06651901052377394,-0.1827126569856663,1.467234738471584,-0.24647041110730084,-0.35179877236514584,1.5453348185725115,-0.133929906036485,-0.33847641687280183,5
0.9284380419686301,0.9296944001012316,-0.3303339540111468,-0.41972110157675935,1.826904381141606,-0.706116439430379,-0.9868703275903381,-0.06651901052377394,-0.1827126569856663,-0.6815542010964778,-0.24647041110730084,-0.35179877236514584,-0.6471089552772393,-0.133929906036485,-0.33847641687280183,4
-0.8475909091005751,0.9296944001012316,-0.3303339540111468,-0.41972110157675935,-0.5473740225939545,1.3143259775952012,-0.9868703275903381,-0.06651901052377394,-0.1827126569856663,1.467234738471584,-0.24647041110730084,2.8425340807103785,1.5453348185725115,-0.133929906036485,-0.33847641687280183,5
0.9284380419686301,0.9296944001012316,-0.3303339540111468,-0.41972110157675935,-0.5473740225939545,1.3143259775952012,-0.9868703275903381,-0.06651901052377394,-0.1827126569856663,1.467234738471584,-0.24647041110730084,2.8425340807103785,-0.6471089552772393,-0.133929906036485,-0.33847641687280183,3
0.9284380419686301,0.9296944001012316,-0.3303339540111468,-0.41972110157675935,-0.5473740225939545,1.3143259775952012,1.013304354222222,-0.06651901052377394,-0.1827126569856663,-0.6815542010964778,-0.24647041110730084,2.8425340807103785,-0.6471089552772393,-0.133929906036485,-0.33847641687280183,2
0.9284380419686301,-0.8792252755243076,-0.3303339540111468,-0.41972110157675935,-0.5473740225939545,-0.706116439430379,-0.9868703275903381,-0.06651901052377394,-0.1827126569856663,1.467234738471584,-0.24647041110730084,2.8425340807103785,1.5453348185725115,-0.133929906036485,-0.33847641687280183,5
-0.8475909091005751,-0.8792252755243076,-0.3303339540111468,-0.41972110157675935,-0.5473740225939545,1.3143259775952012,1.013304354222222,-0.06651901052377394,-0.1827126569856663,-0.6815542010964778,-0.24647041110730084,-0.35179877236514584,-0.6471089552772393,-0.133929906036485,-0.33847641687280183,6
0.9284380419686301,0.9296944001012316,-0.3303339540111468,-0.41972110157675935,-0.5473740225939545,-0.706116439430379,-0.9868703275903381,-0.06651901052377394,-0.1827126569856663,1.467234738471584,-0.24647041110730084,-0.35179877236514584,1.5453348185725115,-0.133929906036485,-0.33847641687280183,3
-0.8475909091005751,0.9296944001012316,-0.3303339540111468,2.3825344883621926,-0.5473740225939545,-0.706116439430379,1.013304354222222,-0.06651901052377394,-0.1827126569856663,-0.6815542010964778,-0.24647041110730084,-0.35179877236514584,-0.6471089552772393,-0.133929906036485,-0.33847641687280183,6
-0.8475909091005751,-0.8792252755243076,-0.3303339540111468,-0.41972110157675935,-0.5473740225939545,-0.706116439430379,1.013304354222222,-0.06651901052377394,-0.1827126569856663,-0.6815542010964778,4.057282152074029,-0.35179877236514584,-0.6471089552772393,-0.133929906036485,2.9544155815611703,8
-0.8475909091005751,-0.8792252755243076,-0.3303339540111468,2.3825344883621926,-0.5473740225939545,-0.706116439430379,1.013304354222222,-0.06651901052377394,5.473074588797913,-0.6815542010964778,-0.24647041110730084,-0.35179877236514584,-0.6471089552772393,-0.133929906036485,-0.33847641687280183,6
-0.8475909091005751,0.9296944001012316,-0.3303339540111468,-0.41972110157675935,1.826904381141606,-0.706116439430379,-0.9868703275903381,-0.06651901052377394,-0.1827126569856663,-0.6815542010964778,-0.24647041110730084,-0.35179877236514584,-0.6471089552772393,-0.133929906036485,-0.33847641687280183,8
2.704466993037835,0.9296944001012316,-0.3303339540111468,-0.41972110157675935,-0.5473740225939545,1.3143259775952012,-0.9868703275903381,-0.06651901052377394,-0.1827126569856663,1.467234738471584,-0.24647041110730084,-0.35179877236514584,-0.6471089552772393,-0.133929906036485,-0.33847641687280183,4
-0.8475909091005751,-0.8792252755243076,-0.3303339540111468,-0.41972110157675935,-0.5473740225939545,1.3143259775952012,1.013304354222222,-0.06651901052377394,5.473074588797913,-0.6815542010964778,-0.24647041110730084,-0.35179877236514584,-0.6471089552772393,-0.133929906036485,-0.33847641687280183,8
0.9284380419686301,-0.8792252755243076,-0.3303339540111468,-0.41972110157675935,-0.5473740225939545,1.3143259775952012,-0.9868703275903381,-0.06651901052377394,-0.1827126569856663,-0.6815542010964778,-0.24647041110730084,-0.35179877236514584,1.5453348185725115,-0.133929906036485,-0.33847641687280183,6
-0.8475909091005751,0.9296944001012316,-0.3303339540111468,2.3825344883621926,-0.5473740225939545,-0.706116439430379,1.013304354222222,-0.06651901052377394,-0.1827126569856663,1.467234738471584,-0.24647041110730084,-0.35179877236514584,-0.6471089552772393,-0.133929906036485,-0.33847641687280183,7
0.9284380419686301,-0.8792252755243076,-0.3303339540111468,-0.41972110157675935,-0.5473740225939545,-0.706116439430379,1.013304354222222,-0.06651901052377394,-0.1827126569856663,-0.6815542010964778,4.057282152074029,-0.35179877236514584,-0.6471089552772393,-0.133929906036485,-0.33847641687280183,4
-0.8475909091005751,-0.8792252755243076,3.0272395188484196,-0.41972110157675935,-0.5473740225939545,-0.706116439430379,1.013304354222222,-0.06651901052377394,-0.1827126569856663,-0.6815542010964778,4.057282152074029,-0.35179877236514584,-0.6471089552772393,-0.133929906036485,-0.33847641687280183,8
-0.8475909091005751,-0.8792252755243076,-0.3303339540111468,-0.41972110157675935,-0.5473740225939545,-0.706116439430379,-0.9868703275903381,-0.06651901052377394,-0.1827126569856663,-0.6815542010964778,-0.24647041110730084,-0.35179877236514584,-0.6471089552772393,-0.133929906036485,2.9544155815611703,7
0.9284380419686301,-0.8792252755243076,-0.3303339540111468,-0.41972110157675935,-0.5473740225939545,-0.706116439430379,-0.9868703275903381,-0.06651901052377394,-0.1827126569856663,1.467234738471584,-0.24647041110730084,2.8425340807103785,1.5453348185725115,-0.133929906036485,-0.33847641687280183,7
0.9284380419686301,-0.8792252755243076,-0.3303339540111468,-0.41972110157675935,1.826904381141606,-0.706116439430379,-0.9868703275903381,-0.06651901052377394,5.473074588797913,-0.6815542010964778,-0.24647041110730084,-0.35179877236514584,-0.6471089552772393,-0.133929906036485,-0.33847641687280183,7
-0.8475909091005751,-0.8792252755243076,3.0272395188484196,-0.41972110157675935,1.826904381141606,-0.706116439430379,1.013304354222222,-0.06651901052377394,-0.1827126569856663,-0.6815542010964778,-0.24647041110730084,-0.35179877236514584,-0.6471089552772393,-0.133929906036485,-0.33847641687280183,8
0.9284380419686301,0.9296944001012316,-0.3303339540111468,-0.41972110157675935,-0.5473740225939545,-0.706116439430379,-0.9868703275903381,-0.06651901052377394,-0.1827126569856663,1.467234738471584,4.057282152074029,-0.35179877236514584,-0.6471089552772393,-0.133929906036485,-0.33847641687280183,4
0.9284380419686301,-0.8792252755243076,-0.3303339540111468,2.3825344883621926,1.826904381141606,1.3143259775952012,-0.9868703275903381,-0.06651901052377394,-0.1827126569856663,-0.6815542010964778,-0.24647041110730084,-0.35179877236514584,-0.6471089552772393,-0.133929906036485,-0.33847641687280183,4
0.9284380419686301,0.9296944001012316,-0.3303339540111468,-0.41972110157675935,-0.5473740225939545,1.3143259775952012,-0.9868703275903381,-0.06651901052377394,-0.1827126569856663,1.467234738471584,-0.24647041110730084,-0.35179877236514584,-0.6471089552772393,-0.133929906036485,-0.33847641687280183,7
-0.8475909091005751,0.9296944001012316,-0.3303339540111468,-0.41972110157675935,-0.5473740225939545,-0.706116439430379,-0.9868703275903381,-0.06651901052377394,-0.1827126569856663,1.467234738471584,-0.24647041110730084,-0.35179877236514584,-0.6471089552772393,-0.133929906036485,-0.33847641687280183,5
-0.8475909091005751,-0.8792252755243076,3.0272395188484196,-0.41972110157675935,-0.5473740225939545,1.3143259775952012,-0.9868703275903381,-0.06651901052377394,-0.1827126569856663,-0.6815542010964778,-0.24647041110730084,-0.35179877236514584,-0.6471089552772393,-0.133929906036485,-0.33847641687280183,7
-0.8475909091005751,0.9296944001012316,-0.3303339540111468,-0.41972110157675935,-0.5473740225939545,-0.706116439430379,-0.9868703275903381,-0.06651901052377394,-0.1827126569856663,1.467234738471584,-0.24647041110730084,-0.35179877236514584,1.5453348185725115,-0.133929906036485,-0.33847641687280183,3
-0.8475909091005751,0.9296944001012316,-0.3303339540111468,2.3825344883621926,-0.5473740225939545,-0.706116439430379,1.013304354222222,-0.06651901052377394,-0.1827126569856663,1.467234738471584,-0.24647041110730084,-0.35179877236514584,-0.6471089552772393,-0.133929906036485,-0.33847641687280183,7
-0.8475909091005751,0.9296944001012316,-0.3303339540111468,2.3825344883621926,-0.5473740225939545,-0.706116439430379,-0.9868703275903381,-0.06651901052377394,-0.1827126569856663,-0.6815542010964778,-0.24647041110730084,-0.35179877236514584,-0.6471089552772393,-0.133929906036485,-0.33847641687280183,7
-0.8475909091005751,-0.8792252755243076,-0.3303339540111468,-0.41972110157675935,-0.5473740225939545,-0.706116439430379,-0.9868703275903381,-0.06651901052377394,-0.1827126569856663,1.467234738471584,-0.24647041110730084,-0.35179877236514584,1.5453348185725115,-0.133929906036485,-0.33847641687280183,6
0.9284380419686301,-0.8792252755243076,-0.3303339540111468,-0.41972110157675935,1.826904381141606,-0.706116439430379,-0.9868703275903381,-0.06651901052377394,-0.1827126569856663,-0.6815542010964778,-0.24647041110730084,-0.35179877236514584,-0.6471089552772393,-0.133929906036485,-0.33847641687280183,5
0.9284380419686301,0.9296944001012316,-0.3303339540111468,-0.41972110157675935,-0.5473740225939545,-0.706116439430379,-0.9868703275903381,-0.06651901052377394,-0.1827126569856663,1.467234738471584,-0.24647041110730084,2.8425340807103785,1.5453348185725115,-0.133929906036485,-0.33847641687280183,6
0.9284380419686301,-0.8792252755243076,-0.3303339540111468,-0.41972110157675935,-0.5473740225939545,-0.706116439430379,1.013304354222222,-0.06651901052377394,-0.1827126569856663,-0.6815542010964778,-0.24647041110730084,2.8425340807103785,1.5453348185725115,-0.133929906036485,-0.33847641687280183,3
0.9284380419686301,-0.8792252755243076,-0.3303339540111468,-0.41972110157675935,-0.5473740225939545,-0.706116439430379,1.013304354222222,-0.06651901052377394,-0.1827126569856663,-0.6815542010964778,-0.24647041110730084,-0.35179877236514584,-0.6471089552772393,-0.133929906036485,-0.33847641687280183,4
-0.8475909091005751,0.9296944001012316,-0.3303339540111468,-0.41972110157675935,-0.5473740225939545,-0.706116439430379,-0.9868703275903381,-0.06651901052377394,-0.1827126569856663,1.467234738471584,-0.24647041110730084,-0.35179877236514584,1.5453348185725115,-0.133929906036485,-0.33847641687280183,7
0.9284380419686301,0.9296944001012316,-0.3303339540111468,-0.41972110157675935,-0.5473740225939545,-0.706116439430379,1.013304354222222,-0.06651901052377394,-0.1827126569856663,-0.6815542010964778,-0.24647041110730084,-0.35179877236514584,1.5453348185725115,-0.133929906036485,-0.33847641687280183,5
0.9284380419686301,0.9296944001012316,-0.3303339540111468,-0.41972110157675935,-0.5473740225939545,1.3143259775952012,-0.9868703275903381,-0.06651901052377394,-0.1827126569856663,-0.6815542010964778,-0.24647041110730084,-0.35179877236514584,1.5453348185725115,-0.133929906036485,-0.33847641687280183,5
-0.8475909091005751,0.9296944001012316,-0.3303339540111468,-0.41972110157675935,-0.5473740225939545,1.3143259775952012,1.013304354222222,-0.06651901052377394,-0.1827126569856663,-0.6815542010964778,-0.24647041110730084,-0.35179877236514584,-0.6471089552772393,-0.133929906036485,2.9544155815611703,4
0.9284380419686301,-0.8792252755243076,-0.3303339540111468,-0.41972110157675935,-0.5473740225939545,-0.706116439430379,-0.9868703275903381,-0.06651901052377394,-0.1827126569856663,1.467234738471584,-0.24647041110730084,2.8425340807103785,1.5453348185725115,-0.133929906036485,-0.33847641687280183,4
0.9284380419686301,0.9296944001012316,-0.3303339540111468,-0.41972110157675935,-0.5473740225939545,1.3143259775952012,1.013304354222222,-0.06651901052377394,-0.1827126569856663,-0.6815542010964778,-0.24647041110730084,-0.35179877236514584,-0.6471089552772393,-0.133929906036485,-0.33847641687280183,5
-0.8475909091005751,-0.8792252755243076,-0.3303339540111468,-0.41972110157675935,1.826904381141606,-0.706116439430379,1.013304354222222,-0.06651901052377394,5.473074588797913,-0.6815542010964778,-0.24647041110730084,-0.35179877236514584,-0.6471089552772393,-0.133929906036485,-0.33847641687280183,8
0.9284380419686301,-0.8792252755243076,-0.3303339540111468,-0.41972110157675935,-0.5473740225939545,-0.706116439430379,-0.9868703275903381,-0.06651901052377394,-0.1827126569856663,-0.6815542010964778,-0.24647041110730084,-0.35179877236514584,-0.6471089552772393,7.466592261534038,-0.33847641687280183,7
0.9284380419686301,0.9296944001012316,-0.3303339540111468,-0.41972110157675935,-0.5473740225939545,1.3143259775952012,1.013304354222222,-0.06651901052377394,-0.1827126569856663,-0.6815542010964778,-0.24647041110730084,-0.35179877236514584,1.5453348185725115,-0.133929906036485,-0.33847641687280183,7
-0.8475909091005751,0.9296944001012316,-0.3303339540111468,-0.41972110157675935,-0.5473740225939545,1.3143259775952012,-0.9868703275903381,-0.06651901052377394,-0.1827126569856663,1.467234738471584,-0.24647041110730084,-0.35179877236514584,1.5453348185725115,-0.133929906036485,-0.33847641687280183,4
0.9284380419686301,-0.8792252755243076,-0.3303339540111468,-0.41972110157675935,-0.5473740225939545,1.3143259775952012,-0.9868703275903381,-0.06651901052377394,-0.1827126569856663,-0.6815542010964778,-0.24647041110730084,-0.35179877236514584,1.5453348185725115,-0.133929906036485,-0.33847641687280183,5
0.9284380419686301,-0.8792252755243076,-0.3303339540111468,2.3825344883621926,1.826904381141606,1.3143259775952012,-0.9868703275903381,-0.06651901052377394,-0.1827126569856663,-0.6815542010964778,-0.24647041110730084,-0.35179877236514584,-0.6471089552772393,-0.133929906036485,-0.33847641687280183,7
-0.8475909091005751,-0.8792252755243076,3.0272395188484196,2.3825344883621926,1.826904381141606,-0.706116439430379,1.013304354222222,-0.06651901052377394,-0.1827126569856663,-0.6815542010964778,-0.24647041110730084,-0.35179877236514584,-0.6471089552772393,-0.133929906036485,-0.33847641687280183,8
-0.8475909091005751,-0.8792252755243076,-0.3303339540111468,-0.41972110157675935,-0.5473740225939545,-0.706116439430379,1.013304354222222,-0.06651901052377394,-0.1827126569856663,-0.6815542010964778,-0.24647041110730084,-0.35179877236514584,-0.6471089552772393,-0.133929906036485,-0.33847641687280183,7
-0.8475909091005751,-0.8792252755243076,-0.3303339540111468,2.3825344883621926,-0.5473740225939545,-0.706116439430379,-0.9868703275903381,-0.06651901052377394,5.473074588797913,-0.6815542010964778,-0.24647041110730084,-0.35179877236514584,-0.6471089552772393,-0.133929906036485,-0.33847641687280183,6
0.9284380419686301,-0.8792252755243076,-0.3303339540111468,-0.41972110157675935,-0.5473740225939545,1.3143259775952012,1.013304354222222,-0.06651901052377394,-0.1827126569856663,1.467234738471584,-0.24647041110730084,-0.35179877236514584,-0.6471089552772393,-0.133929906036485,-0.33847641687280183,7
-0.8475909091005751,0.9296944001012316,-0.3303339540111468,-0.41972110157675935,-0.5473740225939545,-0.706116439430379,-0.9868703275903381,-0.06651901052377394,-0.1827126569856663,1.467234738471584,-0.24647041110730084,-0.35179877236514584,1.5453348185725115,-0.133929906036485,-0.33847641687280183,5
-0.8475909091005751,0.9296944001012316,-0.3303339540111468,-0.41972110157675935,-0.5473740225939545,-0.706116439430379,1.013304354222222,-0.06651901052377394,-0.1827126569856663,-0.6815542010964778,-0.24647041110730084,-0.35179877236514584,-0.6471089552772393,-0.133929906036485,-0.33847641687280183,5
-0.8475909091005751,-0.8792252755243076,-0.3303339540111468,-0.41972110157675935,1.826904381141606,-0.706116439430379,-0.9868703275903381,-0.06651901052377394,-0.1827126569856663,-0.6815542010964778,-0.24647041110730084,-0.35179877236514584,-0.6471089552772393,-0.133929906036485,2.9544155815611703,5
-0.8475909091005751,0.9296944001012316,-0.3303339540111468,-0.41972110157675935,-0.5473740225939545,-0.706116439430379,-0.9868703275903381,-0.06651901052377394,-0.1827126569856663,1.467234738471584,-0.24647041110730084,-0.35179877236514584,1.5453348185725115,-0.133929906036485,-0.33847641687280183,4
0.9284380419686301,0.9296944001012316,-0.3303339540111468,2.3825344883621926,-0.5473740225939545,-0.706116439430379,1.013304354222222,-0.06651901052377394,-0.1827126569856663,-0.6815542010964778,-0.24647041110730084,-0.35179877236514584,1.5453348185725115,-0.133929906036485,-0.33847641687280183,6
-0.8475909091005751,2.738614075726771,-0.3303339540111468,-0.41972110157675935,-0.5473740225939545,-0.706116439430379,-0.9868703275903381,-0.06651901052377394,-0.1827126569856663,1.467234738471584,-0.24647041110730084,-0.35179877236514584,-0.6471089552772393,-0.133929906036485,-0.33847641687280183,2
0.9284380419686301,0.9296944001012316,-0.3303339540111468,-0.41972110157675935,-0.5473740225939545,1.3143259775952012,-0.9868703275903381,-0.06651901052377394,-0.1827126569856663,1.467234738471584,-0.24647041110730084,-0.35179877236514584,1.5453348185725115,-0.133929906036485,-0.33847641687280183,4
-0.8475909091005751,-0.8792252755243076,3.0272395188484196,-0.41972110157675935,-0.5473740225939545,-0.706116439430379,-0.9868703275903381,-0.06651901052377394,-0.1827126569856663,-0.6815542010964778,-0.24647041110730084,-0.35179877236514584,-0.6471089552772393,-0.133929906036485,-0.33847641687280183,8
0.9284380419686301,0.9296944001012316,-0.3303339540111468,-0.41972110157675935,-0.5473740225939545,1.3143259775952012,1.013304354222222,-0.06651901052377394,-0.1827126569856663,-0.6815542010964778,-0.24647041110730084,-0.35179877236514584,-0.6471089552772393,-0.133929906036485,-0.33847641687280183,5
-0.8475909091005751,-0.8792252755243076,-0.3303339540111468,-0.41972110157675935,-0.5473740225939545,-0.706116439430379,1.013304354222222,-0.06651901052377394,5.473074588797913,-0.6815542010964778,-0.24647041110730084,-0.35179877236514584,-0.6471089552772393,-0.133929906036485,-0.33847641687280183,8
0.9284380419686301,-0.8792252755243076,-0.3303339540111468,-0.41972110157675935,-0.5473740225939545,3.334768394620782,-0.9868703275903381,-0.06651901052377394,-0.1827126569856663,-0.6815542010964778,-0.24647041110730084,-0.35179877236514584,-0.6471089552772393,-0.133929906036485,-0.33847641687280183,6
0.9284380419686301,0.9296944001012316,-0.3303339540111468,-0.41972110157675935,-0.5473740225939545,1.3143259775952012,1.013304354222222,-0.06651901052377394,-0.1827126569856663,-0.6815542010964778,-0.24647041110730084,2.8425340807103785,-0.6471089552772393,-0.133929906036485,-0.33847641687280183,3
0.9284380419686301,-0.8792252755243076,3.0272395188484196,-0.41972110157675935,-0.5473740225939545,1.3143259775952012,-0.9868703275903381,-0.06651901052377394,-0.1827126569856663,-0.6815542010964778,-0.24647041110730084,-0.35179877236514584,-0.6471089552772393,-0.133929906036485,-0.33847641687280183,7
0.9284380419686301,-0.8792252755243076,-0.3303339540111468,-0.41972110157675935,-0.5473740225939545,1.3143259775952012,-0.9868703275903381,-0.06651901052377394,-0.1827126569856663,-0.6815542010964778,-0.24647041110730084,-0.35179877236514584,1.5453348185725115,-0.133929906036485,-0.33847641687280183,3
0.9284380419686301,0.9296944001012316,-0.3303339540111468,-0.41972110157675935,1.826904381141606,1.3143259775952012,1.013304354222222,-0.06651901052377394,-0.1827126569856663,-0.6815542010964778,-0.24647041110730084,-0.35179877236514584,-0.6471089552772393,-0.133929906036485,-0.33847641687280183,5
-0.8475909091005751,-0.8792252755243076,-0.3303339540111468,-0.41972110157675935,-0.5473740225939545,-0.706116439430379,1.013304354222222,-0.06651901052377394,-0.1827126569856663,-0.6815542010964778,-0.24647041110730084,-0.35179877236514584,-0.6471089552772393,-0.133929906036485,-0.33847641687280183,6
0.9284380419686301,-0.8792252755243076,-0.3303339540111468,-0.41972110157675935,-0.5473740225939545,1.3143259775952012,1.013304354222222,-0.06651901052377394,-0.1827126569856663,-0.6815542010964778,-0.24647041110730084,-0.35179877236514584,1.5453348185725115,-0.133929906036485,-0.33847641687280183,7
-0.8475909091005751,-0.8792252755243076,-0.3303339540111468,-0.41972110157675935,-0.5473740225939545,-0.706116439430379,-0.9868703275903381,-0.06651901052377394,-0.1827126569856663,-0.6815542010964778,-0.24647041110730084,-0.35179877236514584,-0.6471089552772393,-0.133929906036485,-0.33847641687280183,7
0.9284380419686301,0.9296944001012316,-0.3303339540111468,-0.41972110157675935,-0.5473740225939545,1.3143259775952012,-0.9868703275903381,-0.06651901052377394,-0.1827126569856663,1.467234738471584,-0.24647041110730084,-0.35179877236514584,-0.6471089552772393,-0.133929906036485,2.9544155815611703,6
-0.8475909091005751,-0.8792252755243076,3.0272395188484196,2.3825344883621926,-0.5473740225939545,-0.706116439430379,1.013304354222222,-0.06651901052377394,-0.1827126569856663,-0.6815542010964778,-0.24647041110730084,-0.35179877236514584,-0.6471089552772393,-0.133929906036485,-0.33847641687280183,7
-0.8475909091005751,0.9296944001012316,-0.3303339540111468,-0.41972110157675935,-0.5473740225939545,-0.706116439430379,-0.9868703275903381,-0.06651901052377394,-0.1827126569856663,1.467234738471584,-0.24647041110730084,-0.35179877236514584,-0.6471089552772393,-0.133929906036485,-0.33847641687280183,4
0.9284380419686301,-0.8792252755243076,-0.3303339540111468,-0.41972110157675935,-0.5473740225939545,1.3143259775952012,-0.9868703275903381,-0.06651901052377394,-0.1827126569856663,-0.6815542010964778,-0.24647041110730084,2.8425340807103785,-0.6471089552772393,-0.133929906036485,-0.33847641687280183,7
-0.8475909091005751,-0.8792252755243076,-0.3303339540111468,-0.41972110157675935,1.826904381141606,-0.706116439430379,1.013304354222222,-0.06651901052377394,-0.1827126569856663,-0.6815542010964778,-0.24647041110730084,-0.35179877236514584,-0.6471089552772393,-0.133929906036485,-0.33847641687280183,6
-0.8475909091005751,-0.8792252755243076,-0.3303339540111468,-0.41972110157675935,1.826904381141606,-0.706116439430379,1.013304354222222,-0.06651901052377394,-0.1827126569856663,-0.6815542010964778,-0.24647041110730084,-0.35179877236514584,-0.6471089552772393,-0.133929906036485,-0.33847641687280183,8
-0.8475909091005751,-0.8792252755243076,-0.3303339540111468,-0.41972110157675935,-0.5473740225939545,-0.706116439430379,1.013304354222222,-0.06651901052377394,-0.1827126569856663,-0.6815542010964778,-0.24647041110730084,2.8425340807103785,1.5453348185725115,-0.133929906036485,-0.33847641687280183,4
-0.8475909091005751,0.9296944001012316,-0.3303339540111468,-0.41972110157675935,-0.5473740225939545,-0.706116439430379,1.013304354222222,-0.06651901052377394,-0.1827126569856663,-0.6815542010964778,-0.24647041110730084,-0.35179877236514584,-0.6471089552772393,-0.133929906036485,2.9544155815611703,7
