split0_test_tn,split1_test_tn,split2_test_tn,split3_test_tn,split4_test_tn,split0_train_tn,split1_train_tn,split2_train_tn,split3_train_tn,split4_train_tn,split0_test_fp,split1_test_fp,split2_test_fp,split3_test_fp,split4_test_fp,split0_train_fp,split1_train_fp,split2_train_fp,split3_train_fp,split4_train_fp,split0_test_fn,split1_test_fn,split2_test_fn,split3_test_fn,split4_test_fn,split0_train_fn,split1_train_fn,split2_train_fn,split3_train_fn,split4_train_fn,split0_test_tp,split1_test_tp,split2_test_tp,split3_test_tp,split4_test_tp,split0_train_tp,split1_train_tp,split2_train_tp,split3_train_tp,split4_train_tp,split0_test_f1,split1_test_f1,split2_test_f1,split3_test_f1,split4_test_f1,split0_train_f1,split1_train_f1,split2_train_f1,split3_train_f1,split4_train_f1,split0_test_accuracy,split1_test_accuracy,split2_test_accuracy,split3_test_accuracy,split4_test_accuracy,split0_train_accuracy,split1_train_accuracy,split2_train_accuracy,split3_train_accuracy,split4_train_accuracy,split0_test_precision,split1_test_precision,split2_test_precision,split3_test_precision,split4_test_precision,split0_train_precision,split1_train_precision,split2_train_precision,split3_train_precision,split4_train_precision,split0_test_recall,split1_test_recall,split2_test_recall,split3_test_recall,split4_test_recall,split0_train_recall,split1_train_recall,split2_train_recall,split3_train_recall,split4_train_recall,split0_test_roc_auc,split1_test_roc_auc,split2_test_roc_auc,split3_test_roc_auc,split4_test_roc_auc,split0_train_roc_auc,split1_train_roc_auc,split2_train_roc_auc,split3_train_roc_auc,split4_train_roc_auc,params,cls_method,od_method,mvi_method,fs_method,os_method,mean_test_f1
83.0,74.0,69.0,78.0,78.0,299.0,308.0,313.0,304.0,304.0,58.0,56.0,83.0,46.0,53.0,238.0,240.0,213.0,250.0,243.0,35.0,37.0,26.0,38.0,29.0,130.0,128.0,139.0,127.0,136.0,179.0,188.0,177.0,193.0,194.0,752.0,743.0,754.0,738.0,737.0,0.7937915742793792,0.8017057569296374,0.7645788336933045,0.8212765957446809,0.8255319148936169,0.8034188034188035,0.8015102481121898,0.810752688172043,0.7965461413923368,0.7954668105774421,0.7380281690140845,0.7380281690140845,0.6929577464788732,0.7633802816901408,0.768361581920904,0.740662438336857,0.740662438336857,0.751937984496124,0.7343199436222692,0.7330985915492958,0.7552742616033755,0.7704918032786885,0.6807692307692308,0.8075313807531381,0.7854251012145749,0.7595959595959596,0.7558494404883012,0.7797311271975181,0.7469635627530364,0.7520408163265306,0.8364485981308412,0.8355555555555556,0.8719211822660099,0.8354978354978355,0.8699551569506726,0.8526077097505669,0.8530424799081515,0.8443449048152296,0.8531791907514451,0.8442153493699885,0.7125505402001724,0.7023931623931624,0.6629342753435312,0.7322650467811758,0.7326875021394584,0.7047023651173692,0.7075431377642948,0.7197009695178811,0.700957826422654,0.699987016549711,"{'cls__C': 0.1, 'cls__probability': True, 'cls__random_state': 42}",svc,lof,simple,minmax,none,0.8013769351081237
83.0,74.0,69.0,78.0,78.0,299.0,308.0,313.0,304.0,304.0,58.0,56.0,83.0,46.0,53.0,238.0,240.0,213.0,250.0,243.0,35.0,37.0,26.0,38.0,29.0,130.0,128.0,139.0,127.0,136.0,179.0,188.0,177.0,193.0,194.0,752.0,743.0,754.0,738.0,737.0,0.7937915742793792,0.8017057569296374,0.7645788336933045,0.8212765957446809,0.8255319148936169,0.8034188034188035,0.8015102481121898,0.810752688172043,0.7965461413923368,0.7954668105774421,0.7380281690140845,0.7380281690140845,0.6929577464788732,0.7633802816901408,0.768361581920904,0.740662438336857,0.740662438336857,0.751937984496124,0.7343199436222692,0.7330985915492958,0.7552742616033755,0.7704918032786885,0.6807692307692308,0.8075313807531381,0.7854251012145749,0.7595959595959596,0.7558494404883012,0.7797311271975181,0.7469635627530364,0.7520408163265306,0.8364485981308412,0.8355555555555556,0.8719211822660099,0.8354978354978355,0.8699551569506726,0.8526077097505669,0.8530424799081515,0.8443449048152296,0.8531791907514451,0.8442153493699885,0.7125505402001724,0.7023931623931624,0.6629342753435312,0.7322650467811758,0.7326875021394584,0.7047023651173692,0.7075431377642948,0.7197009695178811,0.700957826422654,0.699987016549711,"{'cls__hidden_layer_sizes': (100,), 'cls__learning_rate': 'adaptive', 'cls__learning_rate_init': 0.001, 'cls__max_iter': 1000, 'cls__n_iter_no_change': 5, 'cls__random_state': 42}",mlp,lof,simple,minmax,none,0.8013769351081237
83.0,74.0,69.0,78.0,78.0,299.0,308.0,313.0,304.0,304.0,58.0,56.0,83.0,46.0,53.0,238.0,240.0,213.0,250.0,243.0,35.0,37.0,26.0,38.0,29.0,130.0,128.0,139.0,127.0,136.0,179.0,188.0,177.0,193.0,194.0,752.0,743.0,754.0,738.0,737.0,0.7937915742793792,0.8017057569296374,0.7645788336933045,0.8212765957446809,0.8255319148936169,0.8034188034188035,0.8015102481121898,0.810752688172043,0.7965461413923368,0.7954668105774421,0.7380281690140845,0.7380281690140845,0.6929577464788732,0.7633802816901408,0.768361581920904,0.740662438336857,0.740662438336857,0.751937984496124,0.7343199436222692,0.7330985915492958,0.7552742616033755,0.7704918032786885,0.6807692307692308,0.8075313807531381,0.7854251012145749,0.7595959595959596,0.7558494404883012,0.7797311271975181,0.7469635627530364,0.7520408163265306,0.8364485981308412,0.8355555555555556,0.8719211822660099,0.8354978354978355,0.8699551569506726,0.8526077097505669,0.8530424799081515,0.8443449048152296,0.8531791907514451,0.8442153493699885,0.7125505402001724,0.7023931623931624,0.6629342753435312,0.7322650467811758,0.7326875021394584,0.7047023651173692,0.7075431377642948,0.7197009695178811,0.700957826422654,0.699987016549711,"{'cls__hidden_layer_sizes': (100,), 'cls__learning_rate': 'adaptive', 'cls__learning_rate_init': 0.001, 'cls__max_iter': 1000, 'cls__n_iter_no_change': 5, 'cls__random_state': 42}",mlp,lof,simple,none,none,0.8013769351081237
83.0,74.0,69.0,78.0,78.0,299.0,308.0,313.0,304.0,304.0,58.0,56.0,83.0,46.0,53.0,238.0,240.0,213.0,250.0,243.0,35.0,37.0,26.0,38.0,29.0,130.0,128.0,139.0,127.0,136.0,179.0,188.0,177.0,193.0,194.0,752.0,743.0,754.0,738.0,737.0,0.7937915742793792,0.8017057569296374,0.7645788336933045,0.8212765957446809,0.8255319148936169,0.8034188034188035,0.8015102481121898,0.810752688172043,0.7965461413923368,0.7954668105774421,0.7380281690140845,0.7380281690140845,0.6929577464788732,0.7633802816901408,0.768361581920904,0.740662438336857,0.740662438336857,0.751937984496124,0.7343199436222692,0.7330985915492958,0.7552742616033755,0.7704918032786885,0.6807692307692308,0.8075313807531381,0.7854251012145749,0.7595959595959596,0.7558494404883012,0.7797311271975181,0.7469635627530364,0.7520408163265306,0.8364485981308412,0.8355555555555556,0.8719211822660099,0.8354978354978355,0.8699551569506726,0.8526077097505669,0.8530424799081515,0.8443449048152296,0.8531791907514451,0.8442153493699885,0.7125505402001724,0.7023931623931624,0.6629342753435312,0.7322650467811758,0.7326875021394584,0.7047023651173692,0.7075431377642948,0.7197009695178811,0.700957826422654,0.699987016549711,"{'cls__hidden_layer_sizes': (100,), 'cls__learning_rate': 'adaptive', 'cls__learning_rate_init': 0.0001, 'cls__max_iter': 1000, 'cls__n_iter_no_change': 5, 'cls__random_state': 42}",mlp,lof,simple,none,none,0.8013769351081237
83.0,74.0,69.0,78.0,78.0,299.0,308.0,313.0,304.0,304.0,58.0,56.0,83.0,46.0,53.0,238.0,240.0,213.0,250.0,243.0,35.0,37.0,26.0,38.0,29.0,130.0,128.0,139.0,127.0,136.0,179.0,188.0,177.0,193.0,194.0,752.0,743.0,754.0,738.0,737.0,0.7937915742793792,0.8017057569296374,0.7645788336933045,0.8212765957446809,0.8255319148936169,0.8034188034188035,0.8015102481121898,0.810752688172043,0.7965461413923368,0.7954668105774421,0.7380281690140845,0.7380281690140845,0.6929577464788732,0.7633802816901408,0.768361581920904,0.740662438336857,0.740662438336857,0.751937984496124,0.7343199436222692,0.7330985915492958,0.7552742616033755,0.7704918032786885,0.6807692307692308,0.8075313807531381,0.7854251012145749,0.7595959595959596,0.7558494404883012,0.7797311271975181,0.7469635627530364,0.7520408163265306,0.8364485981308412,0.8355555555555556,0.8719211822660099,0.8354978354978355,0.8699551569506726,0.8526077097505669,0.8530424799081515,0.8443449048152296,0.8531791907514451,0.8442153493699885,0.7125505402001724,0.7023931623931624,0.6629342753435312,0.7322650467811758,0.7326875021394584,0.7047023651173692,0.7075431377642948,0.7197009695178811,0.700957826422654,0.699987016549711,"{'cls__algorithm': 'SAMME', 'cls__learning_rate': 1.0, 'cls__n_estimators': 100, 'cls__random_state': 42}",ada,lof,simple,none,none,0.8013769351081237
83.0,74.0,69.0,78.0,78.0,299.0,308.0,313.0,304.0,304.0,58.0,56.0,83.0,46.0,53.0,238.0,240.0,213.0,250.0,243.0,35.0,37.0,26.0,38.0,29.0,130.0,128.0,139.0,127.0,136.0,179.0,188.0,177.0,193.0,194.0,752.0,743.0,754.0,738.0,737.0,0.7937915742793792,0.8017057569296374,0.7645788336933045,0.8212765957446809,0.8255319148936169,0.8034188034188035,0.8015102481121898,0.810752688172043,0.7965461413923368,0.7954668105774421,0.7380281690140845,0.7380281690140845,0.6929577464788732,0.7633802816901408,0.768361581920904,0.740662438336857,0.740662438336857,0.751937984496124,0.7343199436222692,0.7330985915492958,0.7552742616033755,0.7704918032786885,0.6807692307692308,0.8075313807531381,0.7854251012145749,0.7595959595959596,0.7558494404883012,0.7797311271975181,0.7469635627530364,0.7520408163265306,0.8364485981308412,0.8355555555555556,0.8719211822660099,0.8354978354978355,0.8699551569506726,0.8526077097505669,0.8530424799081515,0.8443449048152296,0.8531791907514451,0.8442153493699885,0.7125505402001724,0.7023931623931624,0.6629342753435312,0.7322650467811758,0.7326875021394584,0.7047023651173692,0.7075431377642948,0.7197009695178811,0.700957826422654,0.699987016549711,"{'cls__algorithm': 'SAMME', 'cls__learning_rate': 0.5, 'cls__n_estimators': 100, 'cls__random_state': 42}",ada,lof,simple,none,none,0.8013769351081237
83.0,74.0,69.0,78.0,78.0,299.0,308.0,313.0,304.0,304.0,58.0,56.0,83.0,46.0,53.0,238.0,240.0,213.0,250.0,243.0,35.0,37.0,26.0,38.0,29.0,130.0,128.0,139.0,127.0,136.0,179.0,188.0,177.0,193.0,194.0,752.0,743.0,754.0,738.0,737.0,0.7937915742793792,0.8017057569296374,0.7645788336933045,0.8212765957446809,0.8255319148936169,0.8034188034188035,0.8015102481121898,0.810752688172043,0.7965461413923368,0.7954668105774421,0.7380281690140845,0.7380281690140845,0.6929577464788732,0.7633802816901408,0.768361581920904,0.740662438336857,0.740662438336857,0.751937984496124,0.7343199436222692,0.7330985915492958,0.7552742616033755,0.7704918032786885,0.6807692307692308,0.8075313807531381,0.7854251012145749,0.7595959595959596,0.7558494404883012,0.7797311271975181,0.7469635627530364,0.7520408163265306,0.8364485981308412,0.8355555555555556,0.8719211822660099,0.8354978354978355,0.8699551569506726,0.8526077097505669,0.8530424799081515,0.8443449048152296,0.8531791907514451,0.8442153493699885,0.7125505402001724,0.7023931623931624,0.6629342753435312,0.7322650467811758,0.7326875021394584,0.7047023651173692,0.7075431377642948,0.7197009695178811,0.700957826422654,0.699987016549711,"{'cls__algorithm': 'SAMME', 'cls__learning_rate': 0.5, 'cls__n_estimators': 50, 'cls__random_state': 42}",ada,lof,simple,none,none,0.8013769351081237
83.0,74.0,69.0,78.0,78.0,299.0,308.0,313.0,304.0,304.0,58.0,56.0,83.0,46.0,53.0,238.0,240.0,213.0,250.0,243.0,35.0,37.0,26.0,38.0,29.0,130.0,128.0,139.0,127.0,136.0,179.0,188.0,177.0,193.0,194.0,752.0,743.0,754.0,738.0,737.0,0.7937915742793792,0.8017057569296374,0.7645788336933045,0.8212765957446809,0.8255319148936169,0.8034188034188035,0.8015102481121898,0.810752688172043,0.7965461413923368,0.7954668105774421,0.7380281690140845,0.7380281690140845,0.6929577464788732,0.7633802816901408,0.768361581920904,0.740662438336857,0.740662438336857,0.751937984496124,0.7343199436222692,0.7330985915492958,0.7552742616033755,0.7704918032786885,0.6807692307692308,0.8075313807531381,0.7854251012145749,0.7595959595959596,0.7558494404883012,0.7797311271975181,0.7469635627530364,0.7520408163265306,0.8364485981308412,0.8355555555555556,0.8719211822660099,0.8354978354978355,0.8699551569506726,0.8526077097505669,0.8530424799081515,0.8443449048152296,0.8531791907514451,0.8442153493699885,0.7125505402001724,0.7023931623931624,0.6629342753435312,0.7322650467811758,0.7326875021394584,0.7047023651173692,0.7075431377642948,0.7197009695178811,0.700957826422654,0.699987016549711,"{'cls__hidden_layer_sizes': (100,), 'cls__learning_rate': 'adaptive', 'cls__learning_rate_init': 0.001, 'cls__max_iter': 1000, 'cls__n_iter_no_change': 5, 'cls__random_state': 42}",mlp,lof,simple,standard,none,0.8013769351081237
83.0,74.0,69.0,78.0,78.0,299.0,308.0,313.0,304.0,304.0,58.0,56.0,83.0,46.0,53.0,238.0,240.0,213.0,250.0,243.0,35.0,37.0,26.0,38.0,29.0,130.0,128.0,139.0,127.0,136.0,179.0,188.0,177.0,193.0,194.0,752.0,743.0,754.0,738.0,737.0,0.7937915742793792,0.8017057569296374,0.7645788336933045,0.8212765957446809,0.8255319148936169,0.8034188034188035,0.8015102481121898,0.810752688172043,0.7965461413923368,0.7954668105774421,0.7380281690140845,0.7380281690140845,0.6929577464788732,0.7633802816901408,0.768361581920904,0.740662438336857,0.740662438336857,0.751937984496124,0.7343199436222692,0.7330985915492958,0.7552742616033755,0.7704918032786885,0.6807692307692308,0.8075313807531381,0.7854251012145749,0.7595959595959596,0.7558494404883012,0.7797311271975181,0.7469635627530364,0.7520408163265306,0.8364485981308412,0.8355555555555556,0.8719211822660099,0.8354978354978355,0.8699551569506726,0.8526077097505669,0.8530424799081515,0.8443449048152296,0.8531791907514451,0.8442153493699885,0.7125505402001724,0.7023931623931624,0.6629342753435312,0.7322650467811758,0.7326875021394584,0.7047023651173692,0.7075431377642948,0.7197009695178811,0.700957826422654,0.699987016549711,"{'cls__hidden_layer_sizes': (100,), 'cls__learning_rate': 'adaptive', 'cls__learning_rate_init': 0.0001, 'cls__max_iter': 1000, 'cls__n_iter_no_change': 5, 'cls__random_state': 42}",mlp,lof,simple,standard,none,0.8013769351081237
83.0,74.0,69.0,78.0,78.0,299.0,308.0,313.0,304.0,304.0,58.0,56.0,83.0,46.0,53.0,238.0,240.0,213.0,250.0,243.0,35.0,37.0,26.0,38.0,29.0,130.0,128.0,139.0,127.0,136.0,179.0,188.0,177.0,193.0,194.0,752.0,743.0,754.0,738.0,737.0,0.7937915742793792,0.8017057569296374,0.7645788336933045,0.8212765957446809,0.8255319148936169,0.8034188034188035,0.8015102481121898,0.810752688172043,0.7965461413923368,0.7954668105774421,0.7380281690140845,0.7380281690140845,0.6929577464788732,0.7633802816901408,0.768361581920904,0.740662438336857,0.740662438336857,0.751937984496124,0.7343199436222692,0.7330985915492958,0.7552742616033755,0.7704918032786885,0.6807692307692308,0.8075313807531381,0.7854251012145749,0.7595959595959596,0.7558494404883012,0.7797311271975181,0.7469635627530364,0.7520408163265306,0.8364485981308412,0.8355555555555556,0.8719211822660099,0.8354978354978355,0.8699551569506726,0.8526077097505669,0.8530424799081515,0.8443449048152296,0.8531791907514451,0.8442153493699885,0.7125505402001724,0.7023931623931624,0.6629342753435312,0.7322650467811758,0.7326875021394584,0.7047023651173692,0.7075431377642948,0.7197009695178811,0.700957826422654,0.699987016549711,"{'cls__C': 0.1, 'cls__probability': True, 'cls__random_state': 42}",svc,lof,simple,standard,none,0.8013769351081237
83.0,74.0,69.0,78.0,78.0,299.0,308.0,313.0,304.0,304.0,58.0,56.0,83.0,46.0,53.0,238.0,240.0,213.0,250.0,243.0,35.0,37.0,26.0,38.0,29.0,130.0,128.0,139.0,127.0,136.0,179.0,188.0,177.0,193.0,194.0,752.0,743.0,754.0,738.0,737.0,0.7937915742793792,0.8017057569296374,0.7645788336933045,0.8212765957446809,0.8255319148936169,0.8034188034188035,0.8015102481121898,0.810752688172043,0.7965461413923368,0.7954668105774421,0.7380281690140845,0.7380281690140845,0.6929577464788732,0.7633802816901408,0.768361581920904,0.740662438336857,0.740662438336857,0.751937984496124,0.7343199436222692,0.7330985915492958,0.7552742616033755,0.7704918032786885,0.6807692307692308,0.8075313807531381,0.7854251012145749,0.7595959595959596,0.7558494404883012,0.7797311271975181,0.7469635627530364,0.7520408163265306,0.8364485981308412,0.8355555555555556,0.8719211822660099,0.8354978354978355,0.8699551569506726,0.8526077097505669,0.8530424799081515,0.8443449048152296,0.8531791907514451,0.8442153493699885,0.7125505402001724,0.7023931623931624,0.6629342753435312,0.7322650467811758,0.7326875021394584,0.7047023651173692,0.7075431377642948,0.7197009695178811,0.700957826422654,0.699987016549711,"{'cls__algorithm': 'SAMME', 'cls__learning_rate': 1.0, 'cls__n_estimators': 50, 'cls__random_state': 42}",ada,lof,simple,none,none,0.8013769351081237
83.0,74.0,69.0,78.0,78.0,299.0,308.0,313.0,304.0,304.0,58.0,56.0,83.0,46.0,53.0,238.0,240.0,213.0,250.0,243.0,35.0,37.0,26.0,38.0,29.0,130.0,128.0,139.0,127.0,136.0,179.0,188.0,177.0,193.0,194.0,752.0,743.0,754.0,738.0,737.0,0.7937915742793792,0.8017057569296374,0.7645788336933045,0.8212765957446809,0.8255319148936169,0.8034188034188035,0.8015102481121898,0.810752688172043,0.7965461413923368,0.7954668105774421,0.7380281690140845,0.7380281690140845,0.6929577464788732,0.7633802816901408,0.768361581920904,0.740662438336857,0.740662438336857,0.751937984496124,0.7343199436222692,0.7330985915492958,0.7552742616033755,0.7704918032786885,0.6807692307692308,0.8075313807531381,0.7854251012145749,0.7595959595959596,0.7558494404883012,0.7797311271975181,0.7469635627530364,0.7520408163265306,0.8364485981308412,0.8355555555555556,0.8719211822660099,0.8354978354978355,0.8699551569506726,0.8526077097505669,0.8530424799081515,0.8443449048152296,0.8531791907514451,0.8442153493699885,0.7125505402001724,0.7023931623931624,0.6629342753435312,0.7322650467811758,0.7326875021394584,0.7047023651173692,0.7075431377642948,0.7197009695178811,0.700957826422654,0.699987016549711,"{'cls__C': 1, 'cls__probability': True, 'cls__random_state': 42}",svc,lof,simple,minmax,none,0.8013769351081237
83.0,74.0,69.0,78.0,78.0,299.0,308.0,313.0,304.0,304.0,58.0,56.0,83.0,46.0,53.0,238.0,240.0,213.0,250.0,243.0,35.0,37.0,26.0,38.0,29.0,130.0,128.0,139.0,127.0,136.0,179.0,188.0,177.0,193.0,194.0,752.0,743.0,754.0,738.0,737.0,0.7937915742793792,0.8017057569296374,0.7645788336933045,0.8212765957446809,0.8255319148936169,0.8034188034188035,0.8015102481121898,0.810752688172043,0.7965461413923368,0.7954668105774421,0.7380281690140845,0.7380281690140845,0.6929577464788732,0.7633802816901408,0.768361581920904,0.740662438336857,0.740662438336857,0.751937984496124,0.7343199436222692,0.7330985915492958,0.7552742616033755,0.7704918032786885,0.6807692307692308,0.8075313807531381,0.7854251012145749,0.7595959595959596,0.7558494404883012,0.7797311271975181,0.7469635627530364,0.7520408163265306,0.8364485981308412,0.8355555555555556,0.8719211822660099,0.8354978354978355,0.8699551569506726,0.8526077097505669,0.8530424799081515,0.8443449048152296,0.8531791907514451,0.8442153493699885,0.7125505402001724,0.7023931623931624,0.6629342753435312,0.7322650467811758,0.7326875021394584,0.7047023651173692,0.7075431377642948,0.7197009695178811,0.700957826422654,0.699987016549711,"{'cls__hidden_layer_sizes': (100,), 'cls__learning_rate': 'adaptive', 'cls__learning_rate_init': 0.0001, 'cls__max_iter': 1000, 'cls__n_iter_no_change': 5, 'cls__random_state': 42}",mlp,lof,simple,minmax,none,0.8013769351081237
79.0,74.0,69.0,78.0,78.0,278.0,308.0,313.0,304.0,304.0,62.0,56.0,83.0,46.0,53.0,259.0,240.0,213.0,250.0,243.0,34.0,37.0,26.0,38.0,29.0,126.0,128.0,139.0,127.0,136.0,180.0,188.0,177.0,193.0,194.0,756.0,743.0,754.0,738.0,737.0,0.7894736842105263,0.8017057569296374,0.7645788336933045,0.8212765957446809,0.8255319148936169,0.7970479704797048,0.8015102481121898,0.810752688172043,0.7965461413923368,0.7954668105774421,0.7295774647887324,0.7380281690140845,0.6929577464788732,0.7633802816901408,0.768361581920904,0.7286821705426356,0.740662438336857,0.751937984496124,0.7343199436222692,0.7330985915492958,0.743801652892562,0.7704918032786885,0.6807692307692308,0.8075313807531381,0.7854251012145749,0.7448275862068966,0.7558494404883012,0.7797311271975181,0.7469635627530364,0.7520408163265306,0.8411214953271028,0.8355555555555556,0.8719211822660099,0.8354978354978355,0.8699551569506726,0.8571428571428571,0.8530424799081515,0.8443449048152296,0.8531791907514451,0.8442153493699885,0.7007025916351827,0.7023931623931624,0.6629342753435312,0.7322650467811758,0.7326875021394584,0.687416866187816,0.7075431377642948,0.7197009695178811,0.700957826422654,0.699987016549711,"{'cls__criterion': 'gini', 'cls__max_depth': 2, 'cls__max_features': 'log2', 'cls__random_state': 42}",rf,lof,simple,none,none,0.8005133570943531
75.0,83.0,79.0,70.0,81.0,313.0,305.0,309.0,318.0,307.0,66.0,67.0,65.0,52.0,50.0,234.0,233.0,235.0,248.0,250.0,36.0,26.0,36.0,34.0,35.0,131.0,141.0,131.0,133.0,132.0,182.0,183.0,178.0,202.0,192.0,755.0,754.0,759.0,735.0,745.0,0.7811158798283262,0.7973856209150327,0.7789934354485777,0.8244897959183675,0.8187633262260129,0.8053333333333333,0.8012752391073326,0.8057324840764332,0.7941653160453809,0.7959401709401709,0.7158774373259053,0.7409470752089137,0.7178770949720671,0.7597765363128491,0.7625698324022346,0.7452896022330775,0.7390090718771808,0.7447698744769874,0.7343096234309623,0.7336122733612274,0.7338709677419355,0.732,0.7325102880658436,0.7952755905511811,0.7933884297520661,0.7633973710819009,0.7639311043566362,0.7635814889336016,0.7477110885045778,0.7487437185929648,0.8348623853211009,0.8755980861244019,0.8317757009345794,0.8559322033898306,0.8458149779735683,0.8521444695259593,0.8424581005586592,0.852808988764045,0.8467741935483871,0.8494868871151653,0.6833886394690611,0.7144657097288676,0.6901934060228453,0.7148513475965546,0.7320677943302957,0.7121782676697439,0.7046862993499616,0.710411847323199,0.7043058246893878,0.7003269265019273,"{'cls__hidden_layer_sizes': (100,), 'cls__learning_rate': 'adaptive', 'cls__learning_rate_init': 0.0001, 'cls__max_iter': 1000, 'cls__n_iter_no_change': 5, 'cls__random_state': 42}",mlp,none,simple,standard,none,0.8001496116672634
75.0,83.0,79.0,70.0,81.0,313.0,305.0,309.0,318.0,307.0,66.0,67.0,65.0,52.0,50.0,234.0,233.0,235.0,248.0,250.0,36.0,26.0,36.0,34.0,35.0,131.0,141.0,131.0,133.0,132.0,182.0,183.0,178.0,202.0,192.0,755.0,754.0,759.0,735.0,745.0,0.7811158798283262,0.7973856209150327,0.7789934354485777,0.8244897959183675,0.8187633262260129,0.8053333333333333,0.8012752391073326,0.8057324840764332,0.7941653160453809,0.7959401709401709,0.7158774373259053,0.7409470752089137,0.7178770949720671,0.7597765363128491,0.7625698324022346,0.7452896022330775,0.7390090718771808,0.7447698744769874,0.7343096234309623,0.7336122733612274,0.7338709677419355,0.732,0.7325102880658436,0.7952755905511811,0.7933884297520661,0.7633973710819009,0.7639311043566362,0.7635814889336016,0.7477110885045778,0.7487437185929648,0.8348623853211009,0.8755980861244019,0.8317757009345794,0.8559322033898306,0.8458149779735683,0.8521444695259593,0.8424581005586592,0.852808988764045,0.8467741935483871,0.8494868871151653,0.6833886394690611,0.7144657097288676,0.6901934060228453,0.7148513475965546,0.7320677943302957,0.7121782676697439,0.7046862993499616,0.710411847323199,0.7043058246893878,0.7003269265019273,"{'cls__hidden_layer_sizes': (100,), 'cls__learning_rate': 'adaptive', 'cls__learning_rate_init': 1e-05, 'cls__max_iter': 1000, 'cls__n_iter_no_change': 5, 'cls__random_state': 42, 'os__random_state': 42}",mlp,none,simple,standard,smote,0.8001496116672634
75.0,83.0,79.0,70.0,81.0,313.0,305.0,309.0,318.0,307.0,66.0,67.0,65.0,52.0,50.0,234.0,233.0,235.0,248.0,250.0,36.0,26.0,36.0,34.0,35.0,131.0,141.0,131.0,133.0,132.0,182.0,183.0,178.0,202.0,192.0,755.0,754.0,759.0,735.0,745.0,0.7811158798283262,0.7973856209150327,0.7789934354485777,0.8244897959183675,0.8187633262260129,0.8053333333333333,0.8012752391073326,0.8057324840764332,0.7941653160453809,0.7959401709401709,0.7158774373259053,0.7409470752089137,0.7178770949720671,0.7597765363128491,0.7625698324022346,0.7452896022330775,0.7390090718771808,0.7447698744769874,0.7343096234309623,0.7336122733612274,0.7338709677419355,0.732,0.7325102880658436,0.7952755905511811,0.7933884297520661,0.7633973710819009,0.7639311043566362,0.7635814889336016,0.7477110885045778,0.7487437185929648,0.8348623853211009,0.8755980861244019,0.8317757009345794,0.8559322033898306,0.8458149779735683,0.8521444695259593,0.8424581005586592,0.852808988764045,0.8467741935483871,0.8494868871151653,0.6833886394690611,0.7144657097288676,0.6901934060228453,0.7148513475965546,0.7320677943302957,0.7121782676697439,0.7046862993499616,0.710411847323199,0.7043058246893878,0.7003269265019273,"{'cls__hidden_layer_sizes': (100,), 'cls__learning_rate': 'adaptive', 'cls__learning_rate_init': 0.0001, 'cls__max_iter': 1000, 'cls__n_iter_no_change': 5, 'cls__random_state': 42}",mlp,none,simple,none,none,0.8001496116672634
74.0,83.0,79.0,70.0,81.0,313.0,304.0,309.0,318.0,309.0,67.0,67.0,65.0,52.0,50.0,234.0,234.0,235.0,248.0,248.0,36.0,26.0,36.0,34.0,35.0,130.0,140.0,131.0,133.0,136.0,182.0,183.0,178.0,202.0,192.0,756.0,755.0,759.0,735.0,741.0,0.7794432548179872,0.7973856209150327,0.7789934354485777,0.8244897959183675,0.8187633262260129,0.8059701492537313,0.8014861995753715,0.8057324840764332,0.7941653160453809,0.7942122186495176,0.713091922005571,0.7409470752089137,0.7178770949720671,0.7597765363128491,0.7625698324022346,0.7459874389392882,0.7390090718771808,0.7447698744769874,0.7343096234309623,0.7322175732217573,0.7309236947791165,0.732,0.7325102880658436,0.7952755905511811,0.7933884297520661,0.7636363636363637,0.7633973710819009,0.7635814889336016,0.7477110885045778,0.7492416582406471,0.8348623853211009,0.8755980861244019,0.8317757009345794,0.8559322033898306,0.8458149779735683,0.8532731376975169,0.8435754189944135,0.852808988764045,0.8467741935483871,0.8449258836944128,0.6798425401782809,0.7144657097288676,0.6901934060228453,0.7148513475965546,0.7320677943302957,0.7127426017555225,0.704315590538099,0.710411847323199,0.7043058246893878,0.6998417569279964,"{'cls__algorithm': 'SAMME', 'cls__learning_rate': 1.0, 'cls__n_estimators': 50, 'cls__random_state': 42}",ada,none,simple,none,none,0.7998150866651956
74.0,83.0,79.0,70.0,81.0,311.0,302.0,309.0,318.0,307.0,67.0,67.0,65.0,52.0,50.0,236.0,236.0,235.0,248.0,250.0,36.0,26.0,36.0,34.0,35.0,129.0,139.0,131.0,133.0,132.0,182.0,183.0,178.0,202.0,192.0,757.0,756.0,759.0,735.0,745.0,0.7794432548179872,0.7973856209150327,0.7789934354485777,0.8244897959183675,0.8187633262260129,0.805747738158595,0.8012718600953895,0.8057324840764332,0.7941653160453809,0.7959401709401709,0.713091922005571,0.7409470752089137,0.7178770949720671,0.7597765363128491,0.7625698324022346,0.7452896022330775,0.73831123517097,0.7447698744769874,0.7343096234309623,0.7336122733612274,0.7309236947791165,0.732,0.7325102880658436,0.7952755905511811,0.7933884297520661,0.7623363544813696,0.7620967741935484,0.7635814889336016,0.7477110885045778,0.7487437185929648,0.8348623853211009,0.8755980861244019,0.8317757009345794,0.8559322033898306,0.8458149779735683,0.8544018058690744,0.8446927374301676,0.852808988764045,0.8467741935483871,0.8494868871151653,0.6798425401782809,0.7144657097288676,0.6901934060228453,0.7148513475965546,0.7320677943302957,0.7114787822764018,0.7030155136964964,0.710411847323199,0.7043058246893878,0.7003269265019273,"{'cls__hidden_layer_sizes': (100,), 'cls__learning_rate': 'adaptive', 'cls__learning_rate_init': 0.0001, 'cls__max_iter': 1000, 'cls__n_iter_no_change': 5, 'cls__random_state': 42}",mlp,none,simple,minmax,none,0.7998150866651956
74.0,83.0,79.0,70.0,81.0,313.0,304.0,309.0,318.0,309.0,67.0,67.0,65.0,52.0,50.0,234.0,234.0,235.0,248.0,248.0,36.0,26.0,36.0,34.0,35.0,130.0,140.0,131.0,133.0,136.0,182.0,183.0,178.0,202.0,192.0,756.0,755.0,759.0,735.0,741.0,0.7794432548179872,0.7973856209150327,0.7789934354485777,0.8244897959183675,0.8187633262260129,0.8059701492537313,0.8014861995753715,0.8057324840764332,0.7941653160453809,0.7942122186495176,0.713091922005571,0.7409470752089137,0.7178770949720671,0.7597765363128491,0.7625698324022346,0.7459874389392882,0.7390090718771808,0.7447698744769874,0.7343096234309623,0.7322175732217573,0.7309236947791165,0.732,0.7325102880658436,0.7952755905511811,0.7933884297520661,0.7636363636363637,0.7633973710819009,0.7635814889336016,0.7477110885045778,0.7492416582406471,0.8348623853211009,0.8755980861244019,0.8317757009345794,0.8559322033898306,0.8458149779735683,0.8532731376975169,0.8435754189944135,0.852808988764045,0.8467741935483871,0.8449258836944128,0.6798425401782809,0.7144657097288676,0.6901934060228453,0.7148513475965546,0.7320677943302957,0.7127426017555225,0.704315590538099,0.710411847323199,0.7043058246893878,0.6998417569279964,"{'cls__algorithm': 'SAMME', 'cls__learning_rate': 0.5, 'cls__n_estimators': 50, 'cls__random_state': 42}",ada,none,simple,none,none,0.7998150866651956
74.0,83.0,79.0,70.0,81.0,313.0,304.0,309.0,318.0,309.0,67.0,67.0,65.0,52.0,50.0,234.0,234.0,235.0,248.0,248.0,36.0,26.0,36.0,34.0,35.0,130.0,140.0,131.0,133.0,136.0,182.0,183.0,178.0,202.0,192.0,756.0,755.0,759.0,735.0,741.0,0.7794432548179872,0.7973856209150327,0.7789934354485777,0.8244897959183675,0.8187633262260129,0.8059701492537313,0.8014861995753715,0.8057324840764332,0.7941653160453809,0.7942122186495176,0.713091922005571,0.7409470752089137,0.7178770949720671,0.7597765363128491,0.7625698324022346,0.7459874389392882,0.7390090718771808,0.7447698744769874,0.7343096234309623,0.7322175732217573,0.7309236947791165,0.732,0.7325102880658436,0.7952755905511811,0.7933884297520661,0.7636363636363637,0.7633973710819009,0.7635814889336016,0.7477110885045778,0.7492416582406471,0.8348623853211009,0.8755980861244019,0.8317757009345794,0.8559322033898306,0.8458149779735683,0.8532731376975169,0.8435754189944135,0.852808988764045,0.8467741935483871,0.8449258836944128,0.6798425401782809,0.7144657097288676,0.6901934060228453,0.7148513475965546,0.7320677943302957,0.7127426017555225,0.704315590538099,0.710411847323199,0.7043058246893878,0.6998417569279964,"{'cls__algorithm': 'SAMME', 'cls__learning_rate': 0.5, 'cls__n_estimators': 100, 'cls__random_state': 42}",ada,none,simple,none,none,0.7998150866651956
74.0,83.0,79.0,70.0,81.0,313.0,305.0,309.0,318.0,307.0,67.0,67.0,65.0,52.0,50.0,234.0,233.0,235.0,248.0,250.0,36.0,26.0,36.0,34.0,35.0,130.0,141.0,131.0,133.0,132.0,182.0,183.0,178.0,202.0,192.0,756.0,754.0,759.0,735.0,745.0,0.7794432548179872,0.7973856209150327,0.7789934354485777,0.8244897959183675,0.8187633262260129,0.8059701492537313,0.8012752391073326,0.8057324840764332,0.7941653160453809,0.7959401709401709,0.713091922005571,0.7409470752089137,0.7178770949720671,0.7597765363128491,0.7625698324022346,0.7459874389392882,0.7390090718771808,0.7447698744769874,0.7343096234309623,0.7336122733612274,0.7309236947791165,0.732,0.7325102880658436,0.7952755905511811,0.7933884297520661,0.7636363636363637,0.7639311043566362,0.7635814889336016,0.7477110885045778,0.7487437185929648,0.8348623853211009,0.8755980861244019,0.8317757009345794,0.8559322033898306,0.8458149779735683,0.8532731376975169,0.8424581005586592,0.852808988764045,0.8467741935483871,0.8494868871151653,0.6798425401782809,0.7144657097288676,0.6901934060228453,0.7148513475965546,0.7320677943302957,0.7127426017555225,0.7046862993499616,0.710411847323199,0.7043058246893878,0.7003269265019273,"{'cls__hidden_layer_sizes': (100,), 'cls__learning_rate': 'adaptive', 'cls__learning_rate_init': 0.001, 'cls__max_iter': 1000, 'cls__n_iter_no_change': 5, 'cls__random_state': 42}",mlp,none,simple,minmax,none,0.7998150866651956
74.0,83.0,79.0,70.0,81.0,313.0,304.0,309.0,318.0,309.0,67.0,67.0,65.0,52.0,50.0,234.0,234.0,235.0,248.0,248.0,36.0,26.0,36.0,34.0,35.0,130.0,140.0,131.0,133.0,136.0,182.0,183.0,178.0,202.0,192.0,756.0,755.0,759.0,735.0,741.0,0.7794432548179872,0.7973856209150327,0.7789934354485777,0.8244897959183675,0.8187633262260129,0.8059701492537313,0.8014861995753715,0.8057324840764332,0.7941653160453809,0.7942122186495176,0.713091922005571,0.7409470752089137,0.7178770949720671,0.7597765363128491,0.7625698324022346,0.7459874389392882,0.7390090718771808,0.7447698744769874,0.7343096234309623,0.7322175732217573,0.7309236947791165,0.732,0.7325102880658436,0.7952755905511811,0.7933884297520661,0.7636363636363637,0.7633973710819009,0.7635814889336016,0.7477110885045778,0.7492416582406471,0.8348623853211009,0.8755980861244019,0.8317757009345794,0.8559322033898306,0.8458149779735683,0.8532731376975169,0.8435754189944135,0.852808988764045,0.8467741935483871,0.8449258836944128,0.6798425401782809,0.7144657097288676,0.6901934060228453,0.7148513475965546,0.7320677943302957,0.7127426017555225,0.704315590538099,0.710411847323199,0.7043058246893878,0.6998417569279964,"{'cls__algorithm': 'SAMME', 'cls__learning_rate': 1.0, 'cls__n_estimators': 100, 'cls__random_state': 42}",ada,none,simple,none,none,0.7998150866651956
79.0,74.0,65.0,78.0,78.0,278.0,308.0,292.0,304.0,304.0,62.0,56.0,87.0,46.0,53.0,259.0,240.0,234.0,250.0,243.0,34.0,37.0,25.0,38.0,29.0,126.0,128.0,135.0,127.0,136.0,180.0,188.0,178.0,193.0,194.0,756.0,743.0,758.0,738.0,737.0,0.7894736842105263,0.8017057569296374,0.7606837606837608,0.8212765957446809,0.8255319148936169,0.7970479704797048,0.8015102481121898,0.8042440318302387,0.7965461413923368,0.7954668105774421,0.7295774647887324,0.7380281690140845,0.6845070422535211,0.7633802816901408,0.768361581920904,0.7286821705426356,0.740662438336857,0.7399577167019028,0.7343199436222692,0.7330985915492958,0.743801652892562,0.7704918032786885,0.6716981132075471,0.8075313807531381,0.7854251012145749,0.7448275862068966,0.7558494404883012,0.7641129032258065,0.7469635627530364,0.7520408163265306,0.8411214953271028,0.8355555555555556,0.8768472906403941,0.8354978354978355,0.8699551569506726,0.8571428571428571,0.8530424799081515,0.8488241881298992,0.8531791907514451,0.8442153493699885,0.7007025916351827,0.7023931623931624,0.6522394347938814,0.7322650467811758,0.7326875021394584,0.687416866187816,0.7075431377642948,0.701978633988904,0.700957826422654,0.699987016549711,"{'cls__criterion': 'entropy', 'cls__max_depth': 2, 'cls__max_features': 'log2', 'cls__random_state': 42}",rf,lof,simple,none,none,0.7997343424924445
75.0,83.0,79.0,70.0,81.0,313.0,305.0,312.0,318.0,307.0,66.0,67.0,65.0,52.0,50.0,234.0,233.0,232.0,248.0,250.0,36.0,26.0,37.0,34.0,35.0,131.0,141.0,135.0,133.0,132.0,182.0,183.0,177.0,202.0,192.0,755.0,754.0,755.0,735.0,745.0,0.7811158798283262,0.7973856209150327,0.7763157894736842,0.8244897959183675,0.8187633262260129,0.8053333333333333,0.8012752391073326,0.8044752264251465,0.7941653160453809,0.7959401709401709,0.7158774373259053,0.7409470752089137,0.7150837988826816,0.7597765363128491,0.7625698324022346,0.7452896022330775,0.7390090718771808,0.7440725244072525,0.7343096234309623,0.7336122733612274,0.7338709677419355,0.732,0.731404958677686,0.7952755905511811,0.7933884297520661,0.7633973710819009,0.7639311043566362,0.7649442755825735,0.7477110885045778,0.7487437185929648,0.8348623853211009,0.8755980861244019,0.8271028037383178,0.8559322033898306,0.8458149779735683,0.8521444695259593,0.8424581005586592,0.848314606741573,0.8467741935483871,0.8494868871151653,0.6833886394690611,0.7144657097288676,0.6878569574247145,0.7148513475965546,0.7320677943302957,0.7121782676697439,0.7046862993499616,0.7109220092531394,0.7043058246893878,0.7003269265019273,"{'cls__hidden_layer_sizes': (100,), 'cls__learning_rate': 'adaptive', 'cls__learning_rate_init': 0.001, 'cls__max_iter': 1000, 'cls__n_iter_no_change': 5, 'cls__random_state': 42}",mlp,none,simple,none,none,0.7996140824722847
74.0,83.0,79.0,70.0,80.0,311.0,304.0,309.0,318.0,305.0,67.0,67.0,65.0,52.0,51.0,236.0,234.0,235.0,248.0,252.0,36.0,26.0,36.0,34.0,35.0,129.0,140.0,131.0,133.0,130.0,182.0,183.0,178.0,202.0,192.0,757.0,755.0,759.0,735.0,747.0,0.7794432548179872,0.7973856209150327,0.7789934354485777,0.8244897959183675,0.8170212765957447,0.805747738158595,0.8014861995753715,0.8057324840764332,0.7941653160453809,0.7963752665245202,0.713091922005571,0.7409470752089137,0.7178770949720671,0.7597765363128491,0.7597765363128491,0.7452896022330775,0.7390090718771808,0.7447698744769874,0.7343096234309623,0.7336122733612274,0.7309236947791165,0.732,0.7325102880658436,0.7952755905511811,0.7901234567901234,0.7623363544813696,0.7633973710819009,0.7635814889336016,0.7477110885045778,0.7477477477477478,0.8348623853211009,0.8755980861244019,0.8317757009345794,0.8559322033898306,0.8458149779735683,0.8544018058690744,0.8435754189944135,0.852808988764045,0.8467741935483871,0.8517673888255416,0.6798425401782809,0.7144657097288676,0.6901934060228453,0.7148513475965546,0.7282510004371658,0.7114787822764018,0.704315590538099,0.710411847323199,0.7043058246893878,0.6996718452206703,"{'cls__C': 0.1, 'cls__probability': True, 'cls__random_state': 42}",svc,none,simple,standard,none,0.7994666767391421
74.0,83.0,79.0,70.0,81.0,313.0,304.0,310.0,319.0,307.0,67.0,67.0,65.0,52.0,50.0,234.0,234.0,234.0,247.0,250.0,36.0,26.0,36.0,35.0,35.0,130.0,140.0,132.0,133.0,132.0,182.0,183.0,178.0,201.0,192.0,756.0,755.0,758.0,735.0,745.0,0.7794432548179872,0.7973856209150327,0.7789934354485777,0.8220858895705521,0.8187633262260129,0.8059701492537313,0.8014861995753715,0.8055260361317748,0.7945945945945945,0.7959401709401709,0.713091922005571,0.7409470752089137,0.7178770949720671,0.7569832402234636,0.7625698324022346,0.7459874389392882,0.7390090718771808,0.7447698744769874,0.7350069735006973,0.7336122733612274,0.7309236947791165,0.732,0.7325102880658436,0.7944664031620553,0.7933884297520661,0.7636363636363637,0.7633973710819009,0.7641129032258065,0.7484725050916496,0.7487437185929648,0.8348623853211009,0.8755980861244019,0.8317757009345794,0.8516949152542372,0.8458149779735683,0.8532731376975169,0.8435754189944135,0.851685393258427,0.8467741935483871,0.8494868871151653,0.6798425401782809,0.7144657097288676,0.6901934060228453,0.712732703528758,0.7320677943302957,0.7127426017555225,0.704315590538099,0.7107691672174488,0.7051892169155363,0.7003269265019273,"{'cls__criterion': 'gini', 'cls__max_depth': None, 'cls__max_features': 'log2', 'cls__random_state': 42}",rf,none,simple,none,none,0.7993343053956325
74.0,83.0,79.0,70.0,81.0,313.0,305.0,310.0,319.0,307.0,67.0,67.0,65.0,52.0,50.0,234.0,233.0,234.0,247.0,250.0,36.0,26.0,36.0,35.0,35.0,130.0,141.0,132.0,133.0,132.0,182.0,183.0,178.0,201.0,192.0,756.0,754.0,758.0,735.0,745.0,0.7794432548179872,0.7973856209150327,0.7789934354485777,0.8220858895705521,0.8187633262260129,0.8059701492537313,0.8012752391073326,0.8055260361317748,0.7945945945945945,0.7959401709401709,0.713091922005571,0.7409470752089137,0.7178770949720671,0.7569832402234636,0.7625698324022346,0.7459874389392882,0.7390090718771808,0.7447698744769874,0.7350069735006973,0.7336122733612274,0.7309236947791165,0.732,0.7325102880658436,0.7944664031620553,0.7933884297520661,0.7636363636363637,0.7639311043566362,0.7641129032258065,0.7484725050916496,0.7487437185929648,0.8348623853211009,0.8755980861244019,0.8317757009345794,0.8516949152542372,0.8458149779735683,0.8532731376975169,0.8424581005586592,0.851685393258427,0.8467741935483871,0.8494868871151653,0.6798425401782809,0.7144657097288676,0.6901934060228453,0.712732703528758,0.7320677943302957,0.7127426017555225,0.7046862993499616,0.7107691672174488,0.7051892169155363,0.7003269265019273,"{'cls__criterion': 'gini', 'cls__max_depth': 4, 'cls__max_features': 'log2', 'cls__random_state': 42}",rf,none,simple,none,none,0.7993343053956325
74.0,83.0,79.0,70.0,81.0,313.0,305.0,310.0,319.0,307.0,67.0,67.0,65.0,52.0,50.0,234.0,233.0,234.0,247.0,250.0,36.0,26.0,36.0,35.0,35.0,130.0,141.0,132.0,133.0,132.0,182.0,183.0,178.0,201.0,192.0,756.0,754.0,758.0,735.0,745.0,0.7794432548179872,0.7973856209150327,0.7789934354485777,0.8220858895705521,0.8187633262260129,0.8059701492537313,0.8012752391073326,0.8055260361317748,0.7945945945945945,0.7959401709401709,0.713091922005571,0.7409470752089137,0.7178770949720671,0.7569832402234636,0.7625698324022346,0.7459874389392882,0.7390090718771808,0.7447698744769874,0.7350069735006973,0.7336122733612274,0.7309236947791165,0.732,0.7325102880658436,0.7944664031620553,0.7933884297520661,0.7636363636363637,0.7639311043566362,0.7641129032258065,0.7484725050916496,0.7487437185929648,0.8348623853211009,0.8755980861244019,0.8317757009345794,0.8516949152542372,0.8458149779735683,0.8532731376975169,0.8424581005586592,0.851685393258427,0.8467741935483871,0.8494868871151653,0.6798425401782809,0.7144657097288676,0.6901934060228453,0.712732703528758,0.7320677943302957,0.7127426017555225,0.7046862993499616,0.7107691672174488,0.7051892169155363,0.7003269265019273,"{'cls__criterion': 'entropy', 'cls__max_depth': 4, 'cls__max_features': 'log2', 'cls__random_state': 42}",rf,none,simple,none,none,0.7993343053956325
74.0,83.0,79.0,70.0,81.0,313.0,305.0,310.0,319.0,307.0,67.0,67.0,65.0,52.0,50.0,234.0,233.0,234.0,247.0,250.0,36.0,26.0,36.0,35.0,35.0,130.0,141.0,132.0,133.0,132.0,182.0,183.0,178.0,201.0,192.0,756.0,754.0,758.0,735.0,745.0,0.7794432548179872,0.7973856209150327,0.7789934354485777,0.8220858895705521,0.8187633262260129,0.8059701492537313,0.8012752391073326,0.8055260361317748,0.7945945945945945,0.7959401709401709,0.713091922005571,0.7409470752089137,0.7178770949720671,0.7569832402234636,0.7625698324022346,0.7459874389392882,0.7390090718771808,0.7447698744769874,0.7350069735006973,0.7336122733612274,0.7309236947791165,0.732,0.7325102880658436,0.7944664031620553,0.7933884297520661,0.7636363636363637,0.7639311043566362,0.7641129032258065,0.7484725050916496,0.7487437185929648,0.8348623853211009,0.8755980861244019,0.8317757009345794,0.8516949152542372,0.8458149779735683,0.8532731376975169,0.8424581005586592,0.851685393258427,0.8467741935483871,0.8494868871151653,0.6798425401782809,0.7144657097288676,0.6901934060228453,0.712732703528758,0.7320677943302957,0.7127426017555225,0.7046862993499616,0.7107691672174488,0.7051892169155363,0.7003269265019273,"{'cls__criterion': 'entropy', 'cls__max_depth': None, 'cls__max_features': 'log2', 'cls__random_state': 42}",rf,none,simple,none,none,0.7993343053956325
74.0,83.0,79.0,70.0,80.0,313.0,304.0,310.0,319.0,306.0,67.0,67.0,65.0,52.0,51.0,234.0,234.0,234.0,247.0,251.0,36.0,26.0,36.0,35.0,35.0,130.0,140.0,132.0,133.0,131.0,182.0,183.0,178.0,201.0,192.0,756.0,755.0,758.0,735.0,746.0,0.7794432548179872,0.7973856209150327,0.7789934354485777,0.8220858895705521,0.8170212765957447,0.8059701492537313,0.8014861995753715,0.8055260361317748,0.7945945945945945,0.7961579509071505,0.713091922005571,0.7409470752089137,0.7178770949720671,0.7569832402234636,0.7597765363128491,0.7459874389392882,0.7390090718771808,0.7447698744769874,0.7350069735006973,0.7336122733612274,0.7309236947791165,0.732,0.7325102880658436,0.7944664031620553,0.7901234567901234,0.7636363636363637,0.7633973710819009,0.7641129032258065,0.7484725050916496,0.7482447342026078,0.8348623853211009,0.8755980861244019,0.8317757009345794,0.8516949152542372,0.8458149779735683,0.8532731376975169,0.8435754189944135,0.851685393258427,0.8467741935483871,0.8506271379703535,0.6798425401782809,0.7144657097288676,0.6901934060228453,0.712732703528758,0.7282510004371658,0.7127426017555225,0.704315590538099,0.7107691672174488,0.7051892169155363,0.699999385861299,"{'cls__C': 1, 'cls__probability': True, 'cls__random_state': 42}",svc,none,simple,minmax,none,0.7989858954695789
74.0,83.0,79.0,70.0,80.0,313.0,304.0,310.0,319.0,306.0,67.0,67.0,65.0,52.0,51.0,234.0,234.0,234.0,247.0,251.0,36.0,26.0,36.0,35.0,35.0,130.0,140.0,132.0,133.0,131.0,182.0,183.0,178.0,201.0,192.0,756.0,755.0,758.0,735.0,746.0,0.7794432548179872,0.7973856209150327,0.7789934354485777,0.8220858895705521,0.8170212765957447,0.8059701492537313,0.8014861995753715,0.8055260361317748,0.7945945945945945,0.7961579509071505,0.713091922005571,0.7409470752089137,0.7178770949720671,0.7569832402234636,0.7597765363128491,0.7459874389392882,0.7390090718771808,0.7447698744769874,0.7350069735006973,0.7336122733612274,0.7309236947791165,0.732,0.7325102880658436,0.7944664031620553,0.7901234567901234,0.7636363636363637,0.7633973710819009,0.7641129032258065,0.7484725050916496,0.7482447342026078,0.8348623853211009,0.8755980861244019,0.8317757009345794,0.8516949152542372,0.8458149779735683,0.8532731376975169,0.8435754189944135,0.851685393258427,0.8467741935483871,0.8506271379703535,0.6798425401782809,0.7144657097288676,0.6901934060228453,0.712732703528758,0.7282510004371658,0.7127426017555225,0.704315590538099,0.7107691672174488,0.7051892169155363,0.699999385861299,"{'cls__C': 1, 'cls__probability': True, 'cls__random_state': 42}",svc,none,simple,standard,none,0.7989858954695789
83.0,74.0,69.0,78.0,78.0,299.0,308.0,313.0,317.0,304.0,58.0,56.0,83.0,46.0,53.0,238.0,240.0,213.0,237.0,243.0,35.0,37.0,26.0,43.0,29.0,130.0,128.0,139.0,139.0,136.0,179.0,188.0,177.0,188.0,194.0,752.0,743.0,754.0,726.0,737.0,0.7937915742793792,0.8017057569296374,0.7645788336933045,0.8086021505376344,0.8255319148936169,0.8034188034188035,0.8015102481121898,0.810752688172043,0.7943107221006565,0.7954668105774421,0.7380281690140845,0.7380281690140845,0.6929577464788732,0.7492957746478873,0.768361581920904,0.740662438336857,0.740662438336857,0.751937984496124,0.7350246652572234,0.7330985915492958,0.7552742616033755,0.7704918032786885,0.6807692307692308,0.8034188034188035,0.7854251012145749,0.7595959595959596,0.7558494404883012,0.7797311271975181,0.7538940809968847,0.7520408163265306,0.8364485981308412,0.8355555555555556,0.8719211822660099,0.8138528138528138,0.8699551569506726,0.8526077097505669,0.8530424799081515,0.8443449048152296,0.8393063583815029,0.8442153493699885,0.7125505402001724,0.7023931623931624,0.6629342753435312,0.7214425359586649,0.7326875021394584,0.7047023651173692,0.7075431377642948,0.7197009695178811,0.7057542622232424,0.699987016549711,"{'cls__C': 10, 'cls__probability': True, 'cls__random_state': 42}",svc,lof,simple,minmax,none,0.7988420460667145
83.0,74.0,69.0,78.0,78.0,299.0,308.0,313.0,317.0,304.0,58.0,56.0,83.0,46.0,53.0,238.0,240.0,213.0,237.0,243.0,35.0,37.0,26.0,43.0,29.0,130.0,128.0,139.0,139.0,136.0,179.0,188.0,177.0,188.0,194.0,752.0,743.0,754.0,726.0,737.0,0.7937915742793792,0.8017057569296374,0.7645788336933045,0.8086021505376344,0.8255319148936169,0.8034188034188035,0.8015102481121898,0.810752688172043,0.7943107221006565,0.7954668105774421,0.7380281690140845,0.7380281690140845,0.6929577464788732,0.7492957746478873,0.768361581920904,0.740662438336857,0.740662438336857,0.751937984496124,0.7350246652572234,0.7330985915492958,0.7552742616033755,0.7704918032786885,0.6807692307692308,0.8034188034188035,0.7854251012145749,0.7595959595959596,0.7558494404883012,0.7797311271975181,0.7538940809968847,0.7520408163265306,0.8364485981308412,0.8355555555555556,0.8719211822660099,0.8138528138528138,0.8699551569506726,0.8526077097505669,0.8530424799081515,0.8443449048152296,0.8393063583815029,0.8442153493699885,0.7125505402001724,0.7023931623931624,0.6629342753435312,0.7214425359586649,0.7326875021394584,0.7047023651173692,0.7075431377642948,0.7197009695178811,0.7057542622232424,0.699987016549711,"{'cls__C': 10, 'cls__probability': True, 'cls__random_state': 42}",svc,lof,simple,standard,none,0.7988420460667145
83.0,74.0,69.0,78.0,78.0,299.0,308.0,313.0,317.0,304.0,58.0,56.0,83.0,46.0,53.0,238.0,240.0,213.0,237.0,243.0,35.0,37.0,26.0,43.0,29.0,130.0,128.0,139.0,139.0,136.0,179.0,188.0,177.0,188.0,194.0,752.0,743.0,754.0,726.0,737.0,0.7937915742793792,0.8017057569296374,0.7645788336933045,0.8086021505376344,0.8255319148936169,0.8034188034188035,0.8015102481121898,0.810752688172043,0.7943107221006565,0.7954668105774421,0.7380281690140845,0.7380281690140845,0.6929577464788732,0.7492957746478873,0.768361581920904,0.740662438336857,0.740662438336857,0.751937984496124,0.7350246652572234,0.7330985915492958,0.7552742616033755,0.7704918032786885,0.6807692307692308,0.8034188034188035,0.7854251012145749,0.7595959595959596,0.7558494404883012,0.7797311271975181,0.7538940809968847,0.7520408163265306,0.8364485981308412,0.8355555555555556,0.8719211822660099,0.8138528138528138,0.8699551569506726,0.8526077097505669,0.8530424799081515,0.8443449048152296,0.8393063583815029,0.8442153493699885,0.7125505402001724,0.7023931623931624,0.6629342753435312,0.7214425359586649,0.7326875021394584,0.7047023651173692,0.7075431377642948,0.7197009695178811,0.7057542622232424,0.699987016549711,"{'cls__C': 1, 'cls__probability': True, 'cls__random_state': 42}",svc,lof,simple,standard,none,0.7988420460667145
72.0,83.0,79.0,70.0,80.0,310.0,302.0,309.0,318.0,305.0,69.0,67.0,65.0,52.0,51.0,237.0,236.0,235.0,248.0,252.0,36.0,26.0,36.0,34.0,35.0,129.0,139.0,131.0,133.0,130.0,182.0,183.0,178.0,202.0,192.0,757.0,756.0,759.0,735.0,747.0,0.7761194029850748,0.7973856209150327,0.7789934354485777,0.8244897959183675,0.8170212765957447,0.8053191489361702,0.8012718600953895,0.8057324840764332,0.7941653160453809,0.7963752665245202,0.7075208913649025,0.7409470752089137,0.7178770949720671,0.7597765363128491,0.7597765363128491,0.7445917655268667,0.73831123517097,0.7447698744769874,0.7343096234309623,0.7336122733612274,0.7250996015936255,0.732,0.7325102880658436,0.7952755905511811,0.7901234567901234,0.761569416498994,0.7620967741935484,0.7635814889336016,0.7477110885045778,0.7477477477477478,0.8348623853211009,0.8755980861244019,0.8317757009345794,0.8559322033898306,0.8458149779735683,0.8544018058690744,0.8446927374301676,0.852808988764045,0.8467741935483871,0.8517673888255416,0.6727503415967208,0.7144657097288676,0.6901934060228453,0.7148513475965546,0.7282510004371658,0.7105647054939521,0.7030155136964964,0.710411847323199,0.7043058246893878,0.6996718452206703,"{'cls__C': 0.1, 'cls__probability': True, 'cls__random_state': 42}",svc,none,simple,minmax,none,0.7988019063725595
75.0,84.0,79.0,72.0,81.0,313.0,307.0,312.0,320.0,307.0,66.0,66.0,65.0,50.0,50.0,234.0,231.0,232.0,246.0,250.0,36.0,28.0,37.0,36.0,35.0,131.0,144.0,135.0,137.0,132.0,182.0,181.0,177.0,200.0,192.0,755.0,751.0,755.0,731.0,745.0,0.7811158798283262,0.793859649122807,0.7763157894736842,0.8230452674897119,0.8187633262260129,0.8053333333333333,0.8002131060202451,0.8044752264251465,0.7924119241192411,0.7959401709401709,0.7158774373259053,0.7381615598885793,0.7150837988826816,0.7597765363128491,0.7625698324022346,0.7452896022330775,0.73831123517097,0.7440725244072525,0.7329149232914923,0.7336122733612274,0.7338709677419355,0.7327935222672065,0.731404958677686,0.8,0.7933884297520661,0.7633973710819009,0.7647657841140529,0.7649442755825735,0.7482088024564995,0.7487437185929648,0.8348623853211009,0.8660287081339713,0.8271028037383178,0.847457627118644,0.8458149779735683,0.8521444695259593,0.8391061452513966,0.848314606741573,0.8421658986175116,0.8494868871151653,0.6833886394690611,0.7130143540669857,0.6878569574247145,0.7188107807724368,0.7320677943302957,0.7121782676697439,0.7048690577558098,0.7109220092531394,0.703768461676247,0.7003269265019273,"{'cls__hidden_layer_sizes': (100,), 'cls__learning_rate': 'adaptive', 'cls__learning_rate_init': 0.001, 'cls__max_iter': 1000, 'cls__n_iter_no_change': 5, 'cls__random_state': 42}",mlp,none,simple,standard,none,0.7986199824281084
75.0,76.0,79.0,70.0,81.0,313.0,271.0,309.0,318.0,307.0,66.0,74.0,65.0,52.0,50.0,234.0,267.0,235.0,248.0,250.0,36.0,25.0,36.0,34.0,35.0,131.0,136.0,131.0,133.0,132.0,182.0,184.0,178.0,202.0,192.0,755.0,759.0,759.0,735.0,745.0,0.7811158798283262,0.7880085653104926,0.7789934354485777,0.8244897959183675,0.8187633262260129,0.8053333333333333,0.7902134305049454,0.8057324840764332,0.7941653160453809,0.7959401709401709,0.7158774373259053,0.724233983286908,0.7178770949720671,0.7597765363128491,0.7625698324022346,0.7452896022330775,0.7187718073970691,0.7447698744769874,0.7343096234309623,0.7336122733612274,0.7338709677419355,0.7131782945736435,0.7325102880658436,0.7952755905511811,0.7933884297520661,0.7633973710819009,0.7397660818713451,0.7635814889336016,0.7477110885045778,0.7487437185929648,0.8348623853211009,0.8803827751196173,0.8317757009345794,0.8559322033898306,0.8458149779735683,0.8521444695259593,0.8480446927374302,0.852808988764045,0.8467741935483871,0.8494868871151653,0.6833886394690611,0.6935247208931419,0.6901934060228453,0.7148513475965546,0.7320677943302957,0.7121782676697439,0.6758810824281947,0.710411847323199,0.7043058246893878,0.7003269265019273,"{'cls__hidden_layer_sizes': (100,), 'cls__learning_rate': 'adaptive', 'cls__learning_rate_init': 1e-05, 'cls__max_iter': 1000, 'cls__n_iter_no_change': 5, 'cls__random_state': 42}",mlp,none,simple,none,none,0.7982742005463553
68.0,83.0,79.0,70.0,81.0,294.0,304.0,309.0,318.0,306.0,73.0,67.0,65.0,52.0,50.0,253.0,234.0,235.0,248.0,251.0,36.0,26.0,36.0,34.0,35.0,125.0,140.0,131.0,133.0,131.0,182.0,183.0,178.0,202.0,192.0,761.0,755.0,759.0,735.0,746.0,0.7695560253699788,0.7973856209150327,0.7789934354485777,0.8244897959183675,0.8187633262260129,0.8010526315789472,0.8014861995753715,0.8057324840764332,0.7941653160453809,0.7961579509071505,0.6963788300835655,0.7409470752089137,0.7178770949720671,0.7597765363128491,0.7625698324022346,0.7362177250523377,0.7390090718771808,0.7447698744769874,0.7343096234309623,0.7336122733612274,0.7137254901960784,0.732,0.7325102880658436,0.7952755905511811,0.7933884297520661,0.7504930966469427,0.7633973710819009,0.7635814889336016,0.7477110885045778,0.7482447342026078,0.8348623853211009,0.8755980861244019,0.8317757009345794,0.8559322033898306,0.8458149779735683,0.8589164785553047,0.8435754189944135,0.852808988764045,0.8467741935483871,0.8506271379703535,0.6585659444336002,0.7144657097288676,0.6901934060228453,0.7148513475965546,0.7320677943302957,0.6981968133178718,0.704315590538099,0.710411847323199,0.7043058246893878,0.699999385861299,"{'cls__algorithm': 'SAMME', 'cls__learning_rate': 1.0, 'cls__n_estimators': 10, 'cls__random_state': 42}",ada,none,simple,none,none,0.797837640775594
83.0,74.0,69.0,71.0,71.0,299.0,308.0,313.0,286.0,286.0,58.0,56.0,83.0,53.0,60.0,238.0,240.0,213.0,268.0,261.0,35.0,37.0,26.0,36.0,29.0,130.0,128.0,139.0,124.0,131.0,179.0,188.0,177.0,195.0,194.0,752.0,743.0,754.0,741.0,742.0,0.7937915742793792,0.8017057569296374,0.7645788336933045,0.81419624217119,0.8134171907756814,0.8034188034188035,0.8015102481121898,0.810752688172043,0.790821771611526,0.7910447761194029,0.7380281690140845,0.7380281690140845,0.6929577464788732,0.7492957746478873,0.748587570621469,0.740662438336857,0.740662438336857,0.751937984496124,0.7237491190979564,0.723943661971831,0.7552742616033755,0.7704918032786885,0.6807692307692308,0.7862903225806451,0.7637795275590551,0.7595959595959596,0.7558494404883012,0.7797311271975181,0.734390485629336,0.7397806580259222,0.8364485981308412,0.8355555555555556,0.8719211822660099,0.8441558441558441,0.8699551569506726,0.8526077097505669,0.8530424799081515,0.8443449048152296,0.8566473988439306,0.849942726231386,0.7125505402001724,0.7023931623931624,0.6629342753435312,0.7083682446585672,0.70596994488755,0.7047023651173692,0.7075431377642948,0.7197009695178811,0.6864464431042757,0.6863973228963145,"{'cls__algorithm': 'SAMME', 'cls__learning_rate': 1.0, 'cls__n_estimators': 10, 'cls__random_state': 42}",ada,lof,simple,none,none,0.7975379195698384
79.0,74.0,65.0,78.0,71.0,278.0,308.0,292.0,304.0,286.0,62.0,56.0,87.0,46.0,60.0,259.0,240.0,234.0,250.0,261.0,34.0,37.0,25.0,38.0,29.0,126.0,128.0,135.0,127.0,131.0,180.0,188.0,178.0,193.0,194.0,756.0,743.0,758.0,738.0,742.0,0.7894736842105263,0.8017057569296374,0.7606837606837608,0.8212765957446809,0.8134171907756814,0.7970479704797048,0.8015102481121898,0.8042440318302387,0.7965461413923368,0.7910447761194029,0.7295774647887324,0.7380281690140845,0.6845070422535211,0.7633802816901408,0.748587570621469,0.7286821705426356,0.740662438336857,0.7399577167019028,0.7343199436222692,0.723943661971831,0.743801652892562,0.7704918032786885,0.6716981132075471,0.8075313807531381,0.7637795275590551,0.7448275862068966,0.7558494404883012,0.7641129032258065,0.7469635627530364,0.7397806580259222,0.8411214953271028,0.8355555555555556,0.8768472906403941,0.8354978354978355,0.8699551569506726,0.8571428571428571,0.8530424799081515,0.8488241881298992,0.8531791907514451,0.849942726231386,0.7007025916351827,0.7023931623931624,0.6522394347938814,0.7322650467811758,0.70596994488755,0.687416866187816,0.7075431377642948,0.701978633988904,0.700957826422654,0.6863973228963145,"{'cls__algorithm': 'SAMME', 'cls__learning_rate': 0.1, 'cls__n_estimators': 100, 'cls__random_state': 42}",ada,lof,simple,none,none,0.7973113976688573
83.0,74.0,69.0,78.0,78.0,299.0,321.0,313.0,317.0,304.0,58.0,56.0,83.0,46.0,53.0,238.0,227.0,213.0,237.0,243.0,35.0,41.0,26.0,43.0,29.0,130.0,141.0,139.0,139.0,136.0,179.0,184.0,177.0,188.0,194.0,752.0,730.0,754.0,726.0,737.0,0.7937915742793792,0.7913978494623657,0.7645788336933045,0.8086021505376344,0.8255319148936169,0.8034188034188035,0.798687089715536,0.810752688172043,0.7943107221006565,0.7954668105774421,0.7380281690140845,0.7267605633802817,0.6929577464788732,0.7492957746478873,0.768361581920904,0.740662438336857,0.740662438336857,0.751937984496124,0.7350246652572234,0.7330985915492958,0.7552742616033755,0.7666666666666667,0.6807692307692308,0.8034188034188035,0.7854251012145749,0.7595959595959596,0.7628004179728317,0.7797311271975181,0.7538940809968847,0.7520408163265306,0.8364485981308412,0.8177777777777778,0.8719211822660099,0.8138528138528138,0.8699551569506726,0.8526077097505669,0.8381171067738232,0.8443449048152296,0.8393063583815029,0.8442153493699885,0.7125505402001724,0.6935042735042735,0.6629342753435312,0.7214425359586649,0.7326875021394584,0.7047023651173692,0.7119417650657438,0.7197009695178811,0.7057542622232424,0.699987016549711,"{'cls__C': 0.1, 'cls__probability': True, 'cls__random_state': 42}",svc,lof,simple,none,none,0.7967804645732601
83.0,74.0,69.0,78.0,78.0,299.0,321.0,313.0,317.0,304.0,58.0,56.0,83.0,46.0,53.0,238.0,227.0,213.0,237.0,243.0,35.0,41.0,26.0,43.0,29.0,130.0,141.0,139.0,139.0,136.0,179.0,184.0,177.0,188.0,194.0,752.0,730.0,754.0,726.0,737.0,0.7937915742793792,0.7913978494623657,0.7645788336933045,0.8086021505376344,0.8255319148936169,0.8034188034188035,0.798687089715536,0.810752688172043,0.7943107221006565,0.7954668105774421,0.7380281690140845,0.7267605633802817,0.6929577464788732,0.7492957746478873,0.768361581920904,0.740662438336857,0.740662438336857,0.751937984496124,0.7350246652572234,0.7330985915492958,0.7552742616033755,0.7666666666666667,0.6807692307692308,0.8034188034188035,0.7854251012145749,0.7595959595959596,0.7628004179728317,0.7797311271975181,0.7538940809968847,0.7520408163265306,0.8364485981308412,0.8177777777777778,0.8719211822660099,0.8138528138528138,0.8699551569506726,0.8526077097505669,0.8381171067738232,0.8443449048152296,0.8393063583815029,0.8442153493699885,0.7125505402001724,0.6935042735042735,0.6629342753435312,0.7214425359586649,0.7326875021394584,0.7047023651173692,0.7119417650657438,0.7197009695178811,0.7057542622232424,0.699987016549711,"{'cls__C': 10, 'cls__probability': True, 'cls__random_state': 42}",svc,lof,simple,none,none,0.7967804645732601
83.0,74.0,69.0,78.0,78.0,299.0,321.0,313.0,317.0,304.0,58.0,56.0,83.0,46.0,53.0,238.0,227.0,213.0,237.0,243.0,35.0,41.0,26.0,43.0,29.0,130.0,141.0,139.0,139.0,136.0,179.0,184.0,177.0,188.0,194.0,752.0,730.0,754.0,726.0,737.0,0.7937915742793792,0.7913978494623657,0.7645788336933045,0.8086021505376344,0.8255319148936169,0.8034188034188035,0.798687089715536,0.810752688172043,0.7943107221006565,0.7954668105774421,0.7380281690140845,0.7267605633802817,0.6929577464788732,0.7492957746478873,0.768361581920904,0.740662438336857,0.740662438336857,0.751937984496124,0.7350246652572234,0.7330985915492958,0.7552742616033755,0.7666666666666667,0.6807692307692308,0.8034188034188035,0.7854251012145749,0.7595959595959596,0.7628004179728317,0.7797311271975181,0.7538940809968847,0.7520408163265306,0.8364485981308412,0.8177777777777778,0.8719211822660099,0.8138528138528138,0.8699551569506726,0.8526077097505669,0.8381171067738232,0.8443449048152296,0.8393063583815029,0.8442153493699885,0.7125505402001724,0.6935042735042735,0.6629342753435312,0.7214425359586649,0.7326875021394584,0.7047023651173692,0.7119417650657438,0.7197009695178811,0.7057542622232424,0.699987016549711,"{'cls__C': 1, 'cls__probability': True, 'cls__random_state': 42}",svc,lof,simple,none,none,0.7967804645732601
83.0,74.0,69.0,78.0,78.0,299.0,321.0,313.0,317.0,304.0,58.0,56.0,83.0,46.0,53.0,238.0,227.0,213.0,237.0,243.0,35.0,41.0,26.0,43.0,29.0,130.0,141.0,139.0,139.0,136.0,179.0,184.0,177.0,188.0,194.0,752.0,730.0,754.0,726.0,737.0,0.7937915742793792,0.7913978494623657,0.7645788336933045,0.8086021505376344,0.8255319148936169,0.8034188034188035,0.798687089715536,0.810752688172043,0.7943107221006565,0.7954668105774421,0.7380281690140845,0.7267605633802817,0.6929577464788732,0.7492957746478873,0.768361581920904,0.740662438336857,0.740662438336857,0.751937984496124,0.7350246652572234,0.7330985915492958,0.7552742616033755,0.7666666666666667,0.6807692307692308,0.8034188034188035,0.7854251012145749,0.7595959595959596,0.7628004179728317,0.7797311271975181,0.7538940809968847,0.7520408163265306,0.8364485981308412,0.8177777777777778,0.8719211822660099,0.8138528138528138,0.8699551569506726,0.8526077097505669,0.8381171067738232,0.8443449048152296,0.8393063583815029,0.8442153493699885,0.7125505402001724,0.6935042735042735,0.6629342753435312,0.7214425359586649,0.7326875021394584,0.7047023651173692,0.7119417650657438,0.7197009695178811,0.7057542622232424,0.699987016549711,"{'cls__criterion': 'entropy', 'cls__max_depth': None, 'cls__max_features': 'log2', 'cls__random_state': 42}",rf,lof,simple,none,none,0.7967804645732601
83.0,74.0,69.0,78.0,78.0,299.0,321.0,313.0,317.0,304.0,58.0,56.0,83.0,46.0,53.0,238.0,227.0,213.0,237.0,243.0,35.0,41.0,26.0,43.0,29.0,130.0,141.0,139.0,139.0,136.0,179.0,184.0,177.0,188.0,194.0,752.0,730.0,754.0,726.0,737.0,0.7937915742793792,0.7913978494623657,0.7645788336933045,0.8086021505376344,0.8255319148936169,0.8034188034188035,0.798687089715536,0.810752688172043,0.7943107221006565,0.7954668105774421,0.7380281690140845,0.7267605633802817,0.6929577464788732,0.7492957746478873,0.768361581920904,0.740662438336857,0.740662438336857,0.751937984496124,0.7350246652572234,0.7330985915492958,0.7552742616033755,0.7666666666666667,0.6807692307692308,0.8034188034188035,0.7854251012145749,0.7595959595959596,0.7628004179728317,0.7797311271975181,0.7538940809968847,0.7520408163265306,0.8364485981308412,0.8177777777777778,0.8719211822660099,0.8138528138528138,0.8699551569506726,0.8526077097505669,0.8381171067738232,0.8443449048152296,0.8393063583815029,0.8442153493699885,0.7125505402001724,0.6935042735042735,0.6629342753435312,0.7214425359586649,0.7326875021394584,0.7047023651173692,0.7119417650657438,0.7197009695178811,0.7057542622232424,0.699987016549711,"{'cls__criterion': 'gini', 'cls__max_depth': 4, 'cls__max_features': 'log2', 'cls__random_state': 42}",rf,lof,simple,none,none,0.7967804645732601
83.0,74.0,69.0,78.0,78.0,299.0,321.0,313.0,317.0,304.0,58.0,56.0,83.0,46.0,53.0,238.0,227.0,213.0,237.0,243.0,35.0,41.0,26.0,43.0,29.0,130.0,141.0,139.0,139.0,136.0,179.0,184.0,177.0,188.0,194.0,752.0,730.0,754.0,726.0,737.0,0.7937915742793792,0.7913978494623657,0.7645788336933045,0.8086021505376344,0.8255319148936169,0.8034188034188035,0.798687089715536,0.810752688172043,0.7943107221006565,0.7954668105774421,0.7380281690140845,0.7267605633802817,0.6929577464788732,0.7492957746478873,0.768361581920904,0.740662438336857,0.740662438336857,0.751937984496124,0.7350246652572234,0.7330985915492958,0.7552742616033755,0.7666666666666667,0.6807692307692308,0.8034188034188035,0.7854251012145749,0.7595959595959596,0.7628004179728317,0.7797311271975181,0.7538940809968847,0.7520408163265306,0.8364485981308412,0.8177777777777778,0.8719211822660099,0.8138528138528138,0.8699551569506726,0.8526077097505669,0.8381171067738232,0.8443449048152296,0.8393063583815029,0.8442153493699885,0.7125505402001724,0.6935042735042735,0.6629342753435312,0.7214425359586649,0.7326875021394584,0.7047023651173692,0.7119417650657438,0.7197009695178811,0.7057542622232424,0.699987016549711,"{'cls__criterion': 'gini', 'cls__max_depth': None, 'cls__max_features': 'log2', 'cls__random_state': 42}",rf,lof,simple,none,none,0.7967804645732601
83.0,74.0,69.0,78.0,78.0,299.0,321.0,313.0,317.0,304.0,58.0,56.0,83.0,46.0,53.0,238.0,227.0,213.0,237.0,243.0,35.0,41.0,26.0,43.0,29.0,130.0,141.0,139.0,139.0,136.0,179.0,184.0,177.0,188.0,194.0,752.0,730.0,754.0,726.0,737.0,0.7937915742793792,0.7913978494623657,0.7645788336933045,0.8086021505376344,0.8255319148936169,0.8034188034188035,0.798687089715536,0.810752688172043,0.7943107221006565,0.7954668105774421,0.7380281690140845,0.7267605633802817,0.6929577464788732,0.7492957746478873,0.768361581920904,0.740662438336857,0.740662438336857,0.751937984496124,0.7350246652572234,0.7330985915492958,0.7552742616033755,0.7666666666666667,0.6807692307692308,0.8034188034188035,0.7854251012145749,0.7595959595959596,0.7628004179728317,0.7797311271975181,0.7538940809968847,0.7520408163265306,0.8364485981308412,0.8177777777777778,0.8719211822660099,0.8138528138528138,0.8699551569506726,0.8526077097505669,0.8381171067738232,0.8443449048152296,0.8393063583815029,0.8442153493699885,0.7125505402001724,0.6935042735042735,0.6629342753435312,0.7214425359586649,0.7326875021394584,0.7047023651173692,0.7119417650657438,0.7197009695178811,0.7057542622232424,0.699987016549711,"{'cls__criterion': 'entropy', 'cls__max_depth': 4, 'cls__max_features': 'log2', 'cls__random_state': 42}",rf,lof,simple,none,none,0.7967804645732601
74.0,83.0,79.0,73.0,80.0,314.0,304.0,310.0,329.0,307.0,67.0,67.0,65.0,49.0,51.0,233.0,234.0,234.0,237.0,250.0,36.0,26.0,36.0,42.0,35.0,131.0,140.0,132.0,143.0,132.0,182.0,183.0,178.0,194.0,192.0,755.0,755.0,758.0,725.0,745.0,0.7794432548179872,0.7973856209150327,0.7789934354485777,0.8100208768267223,0.8170212765957447,0.8057630736392744,0.8014861995753715,0.8055260361317748,0.7923497267759563,0.7959401709401709,0.713091922005571,0.7409470752089137,0.7178770949720671,0.7458100558659218,0.7597765363128491,0.7459874389392882,0.7390090718771808,0.7447698744769874,0.7350069735006973,0.7336122733612274,0.7309236947791165,0.732,0.7325102880658436,0.7983539094650206,0.7901234567901234,0.7641700404858299,0.7633973710819009,0.7641129032258065,0.7536382536382537,0.7487437185929648,0.8348623853211009,0.8755980861244019,0.8317757009345794,0.8220338983050848,0.8458149779735683,0.8521444695259593,0.8435754189944135,0.851685393258427,0.8352534562211982,0.8494868871151653,0.6798425401782809,0.7144657097288676,0.6901934060228453,0.7101972770213949,0.7282510004371658,0.7130923444521935,0.704315590538099,0.7107691672174488,0.7082627705134259,0.7003269265019273,"{'cls__C': 1, 'cls__probability': True, 'cls__random_state': 42}",svc,none,simple,none,none,0.7965728929208129
74.0,83.0,79.0,73.0,80.0,313.0,304.0,310.0,329.0,306.0,67.0,67.0,65.0,49.0,51.0,234.0,234.0,234.0,237.0,251.0,36.0,26.0,36.0,42.0,35.0,130.0,140.0,132.0,143.0,131.0,182.0,183.0,178.0,194.0,192.0,756.0,755.0,758.0,725.0,746.0,0.7794432548179872,0.7973856209150327,0.7789934354485777,0.8100208768267223,0.8170212765957447,0.8059701492537313,0.8014861995753715,0.8055260361317748,0.7923497267759563,0.7961579509071505,0.713091922005571,0.7409470752089137,0.7178770949720671,0.7458100558659218,0.7597765363128491,0.7459874389392882,0.7390090718771808,0.7447698744769874,0.7350069735006973,0.7336122733612274,0.7309236947791165,0.732,0.7325102880658436,0.7983539094650206,0.7901234567901234,0.7636363636363637,0.7633973710819009,0.7641129032258065,0.7536382536382537,0.7482447342026078,0.8348623853211009,0.8755980861244019,0.8317757009345794,0.8220338983050848,0.8458149779735683,0.8532731376975169,0.8435754189944135,0.851685393258427,0.8352534562211982,0.8506271379703535,0.6798425401782809,0.7144657097288676,0.6901934060228453,0.7101972770213949,0.7282510004371658,0.7127426017555225,0.704315590538099,0.7107691672174488,0.7082627705134259,0.699999385861299,"{'cls__C': 10, 'cls__probability': True, 'cls__random_state': 42}",svc,none,simple,minmax,none,0.7965728929208129
74.0,83.0,79.0,73.0,80.0,313.0,304.0,310.0,329.0,307.0,67.0,67.0,65.0,49.0,51.0,234.0,234.0,234.0,237.0,250.0,36.0,26.0,36.0,42.0,35.0,130.0,140.0,132.0,143.0,132.0,182.0,183.0,178.0,194.0,192.0,756.0,755.0,758.0,725.0,745.0,0.7794432548179872,0.7973856209150327,0.7789934354485777,0.8100208768267223,0.8170212765957447,0.8059701492537313,0.8014861995753715,0.8055260361317748,0.7923497267759563,0.7959401709401709,0.713091922005571,0.7409470752089137,0.7178770949720671,0.7458100558659218,0.7597765363128491,0.7459874389392882,0.7390090718771808,0.7447698744769874,0.7350069735006973,0.7336122733612274,0.7309236947791165,0.732,0.7325102880658436,0.7983539094650206,0.7901234567901234,0.7636363636363637,0.7633973710819009,0.7641129032258065,0.7536382536382537,0.7487437185929648,0.8348623853211009,0.8755980861244019,0.8317757009345794,0.8220338983050848,0.8458149779735683,0.8532731376975169,0.8435754189944135,0.851685393258427,0.8352534562211982,0.8494868871151653,0.6798425401782809,0.7144657097288676,0.6901934060228453,0.7101972770213949,0.7282510004371658,0.7127426017555225,0.704315590538099,0.7107691672174488,0.7082627705134259,0.7003269265019273,"{'cls__C': 10, 'cls__probability': True, 'cls__random_state': 42}",svc,none,simple,none,none,0.7965728929208129
74.0,83.0,79.0,73.0,80.0,313.0,304.0,310.0,329.0,306.0,67.0,67.0,65.0,49.0,51.0,234.0,234.0,234.0,237.0,251.0,36.0,26.0,36.0,42.0,35.0,130.0,140.0,132.0,143.0,131.0,182.0,183.0,178.0,194.0,192.0,756.0,755.0,758.0,725.0,746.0,0.7794432548179872,0.7973856209150327,0.7789934354485777,0.8100208768267223,0.8170212765957447,0.8059701492537313,0.8014861995753715,0.8055260361317748,0.7923497267759563,0.7961579509071505,0.713091922005571,0.7409470752089137,0.7178770949720671,0.7458100558659218,0.7597765363128491,0.7459874389392882,0.7390090718771808,0.7447698744769874,0.7350069735006973,0.7336122733612274,0.7309236947791165,0.732,0.7325102880658436,0.7983539094650206,0.7901234567901234,0.7636363636363637,0.7633973710819009,0.7641129032258065,0.7536382536382537,0.7482447342026078,0.8348623853211009,0.8755980861244019,0.8317757009345794,0.8220338983050848,0.8458149779735683,0.8532731376975169,0.8435754189944135,0.851685393258427,0.8352534562211982,0.8506271379703535,0.6798425401782809,0.7144657097288676,0.6901934060228453,0.7101972770213949,0.7282510004371658,0.7127426017555225,0.704315590538099,0.7107691672174488,0.7082627705134259,0.699999385861299,"{'cls__C': 10, 'cls__probability': True, 'cls__random_state': 42}",svc,none,simple,standard,none,0.7965728929208129
83.0,74.0,61.0,78.0,71.0,299.0,308.0,280.0,304.0,286.0,58.0,56.0,91.0,46.0,60.0,238.0,240.0,246.0,250.0,261.0,35.0,37.0,26.0,38.0,29.0,130.0,128.0,133.0,127.0,131.0,179.0,188.0,177.0,193.0,194.0,752.0,743.0,760.0,738.0,742.0,0.7937915742793792,0.8017057569296374,0.751592356687898,0.8212765957446809,0.8134171907756814,0.8034188034188035,0.8015102481121898,0.8004212743549236,0.7965461413923368,0.7910447761194029,0.7380281690140845,0.7380281690140845,0.6704225352112676,0.7633802816901408,0.748587570621469,0.740662438336857,0.740662438336857,0.7329105003523608,0.7343199436222692,0.723943661971831,0.7552742616033755,0.7704918032786885,0.6604477611940298,0.8075313807531381,0.7637795275590551,0.7595959595959596,0.7558494404883012,0.7554671968190855,0.7469635627530364,0.7397806580259222,0.8364485981308412,0.8355555555555556,0.8719211822660099,0.8354978354978355,0.8699551569506726,0.8526077097505669,0.8530424799081515,0.851063829787234,0.8531791907514451,0.849942726231386,0.7125505402001724,0.7023931623931624,0.636618485869847,0.7322650467811758,0.70596994488755,0.7047023651173692,0.7075431377642948,0.6916916107111075,0.700957826422654,0.6863973228963145,"{'cls__hidden_layer_sizes': (100,), 'cls__learning_rate': 'adaptive', 'cls__learning_rate_init': 1e-05, 'cls__max_iter': 1000, 'cls__n_iter_no_change': 5, 'cls__random_state': 42}",mlp,lof,simple,none,none,0.7963566948834553
79.0,71.0,65.0,71.0,71.0,278.0,286.0,292.0,286.0,286.0,62.0,59.0,87.0,53.0,60.0,259.0,262.0,234.0,268.0,261.0,34.0,36.0,25.0,36.0,29.0,126.0,124.0,135.0,124.0,131.0,180.0,189.0,178.0,195.0,194.0,756.0,747.0,758.0,741.0,742.0,0.7894736842105263,0.7991543340380549,0.7606837606837608,0.81419624217119,0.8134171907756814,0.7970479704797048,0.7946808510638297,0.8042440318302387,0.790821771611526,0.7910447761194029,0.7295774647887324,0.7323943661971831,0.6845070422535211,0.7492957746478873,0.748587570621469,0.7286821705426356,0.7279774489076815,0.7399577167019028,0.7237491190979564,0.723943661971831,0.743801652892562,0.7620967741935484,0.6716981132075471,0.7862903225806451,0.7637795275590551,0.7448275862068966,0.7403369672943508,0.7641129032258065,0.734390485629336,0.7397806580259222,0.8411214953271028,0.84,0.8768472906403941,0.8441558441558441,0.8699551569506726,0.8571428571428571,0.8576349024110218,0.8488241881298992,0.8566473988439306,0.849942726231386,0.7007025916351827,0.6930769230769231,0.6522394347938814,0.7083682446585672,0.70596994488755,0.687416866187816,0.6897663563149999,0.701978633988904,0.6864464431042757,0.6863973228963145,"{'cls__algorithm': 'SAMME', 'cls__learning_rate': 0.5, 'cls__n_estimators': 10, 'cls__random_state': 42}",ada,lof,simple,none,none,0.7953850423758426
79.0,71.0,65.0,71.0,71.0,278.0,286.0,292.0,286.0,286.0,62.0,59.0,87.0,53.0,60.0,259.0,262.0,234.0,268.0,261.0,34.0,36.0,25.0,36.0,29.0,126.0,124.0,135.0,124.0,131.0,180.0,189.0,178.0,195.0,194.0,756.0,747.0,758.0,741.0,742.0,0.7894736842105263,0.7991543340380549,0.7606837606837608,0.81419624217119,0.8134171907756814,0.7970479704797048,0.7946808510638297,0.8042440318302387,0.790821771611526,0.7910447761194029,0.7295774647887324,0.7323943661971831,0.6845070422535211,0.7492957746478873,0.748587570621469,0.7286821705426356,0.7279774489076815,0.7399577167019028,0.7237491190979564,0.723943661971831,0.743801652892562,0.7620967741935484,0.6716981132075471,0.7862903225806451,0.7637795275590551,0.7448275862068966,0.7403369672943508,0.7641129032258065,0.734390485629336,0.7397806580259222,0.8411214953271028,0.84,0.8768472906403941,0.8441558441558441,0.8699551569506726,0.8571428571428571,0.8576349024110218,0.8488241881298992,0.8566473988439306,0.849942726231386,0.7007025916351827,0.6930769230769231,0.6522394347938814,0.7083682446585672,0.70596994488755,0.687416866187816,0.6897663563149999,0.701978633988904,0.6864464431042757,0.6863973228963145,"{'cls__algorithm': 'SAMME', 'cls__learning_rate': 0.1, 'cls__n_estimators': 50, 'cls__random_state': 42}",ada,lof,simple,none,none,0.7953850423758426
68.0,79.0,74.0,70.0,74.0,294.0,283.0,288.0,318.0,288.0,73.0,71.0,70.0,52.0,57.0,253.0,255.0,256.0,248.0,269.0,36.0,26.0,33.0,34.0,34.0,125.0,135.0,128.0,133.0,127.0,182.0,183.0,181.0,202.0,193.0,761.0,760.0,762.0,735.0,750.0,0.7695560253699788,0.7904967602591794,0.778494623655914,0.8244897959183675,0.8092243186582808,0.8010526315789472,0.7958115183246074,0.7987421383647799,0.7941653160453809,0.791139240506329,0.6963788300835655,0.7298050139275766,0.7122905027932961,0.7597765363128491,0.7458100558659218,0.7362177250523377,0.7278436845778088,0.7322175732217573,0.7343096234309623,0.7238493723849372,0.7137254901960784,0.7204724409448819,0.7211155378486056,0.7952755905511811,0.772,0.7504930966469427,0.7487684729064039,0.7485265225933202,0.7477110885045778,0.7360157016683022,0.8348623853211009,0.8755980861244019,0.8457943925233645,0.8559322033898306,0.8502202643171806,0.8589164785553047,0.8491620111731844,0.8561797752808988,0.8467741935483871,0.855188141391106,0.6585659444336002,0.7011323763955343,0.6798416407061266,0.7148513475965546,0.7075528802501934,0.6981968133178718,0.687592158002949,0.6927957699933907,0.7043058246893878,0.6861218983436679,"{'cls__algorithm': 'SAMME', 'cls__learning_rate': 0.1, 'cls__n_estimators': 50, 'cls__random_state': 42}",ada,none,simple,none,none,0.7944523047723442
68.0,79.0,74.0,70.0,74.0,294.0,283.0,288.0,318.0,288.0,73.0,71.0,70.0,52.0,57.0,253.0,255.0,256.0,248.0,269.0,36.0,26.0,33.0,34.0,34.0,125.0,135.0,128.0,133.0,127.0,182.0,183.0,181.0,202.0,193.0,761.0,760.0,762.0,735.0,750.0,0.7695560253699788,0.7904967602591794,0.778494623655914,0.8244897959183675,0.8092243186582808,0.8010526315789472,0.7958115183246074,0.7987421383647799,0.7941653160453809,0.791139240506329,0.6963788300835655,0.7298050139275766,0.7122905027932961,0.7597765363128491,0.7458100558659218,0.7362177250523377,0.7278436845778088,0.7322175732217573,0.7343096234309623,0.7238493723849372,0.7137254901960784,0.7204724409448819,0.7211155378486056,0.7952755905511811,0.772,0.7504930966469427,0.7487684729064039,0.7485265225933202,0.7477110885045778,0.7360157016683022,0.8348623853211009,0.8755980861244019,0.8457943925233645,0.8559322033898306,0.8502202643171806,0.8589164785553047,0.8491620111731844,0.8561797752808988,0.8467741935483871,0.855188141391106,0.6585659444336002,0.7011323763955343,0.6798416407061266,0.7148513475965546,0.7075528802501934,0.6981968133178718,0.687592158002949,0.6927957699933907,0.7043058246893878,0.6861218983436679,"{'cls__algorithm': 'SAMME', 'cls__learning_rate': 0.1, 'cls__n_estimators': 100, 'cls__random_state': 42}",ada,none,simple,none,none,0.7944523047723442
68.0,79.0,74.0,70.0,74.0,294.0,283.0,288.0,318.0,288.0,73.0,71.0,70.0,52.0,57.0,253.0,255.0,256.0,248.0,269.0,36.0,26.0,33.0,34.0,34.0,125.0,135.0,128.0,133.0,127.0,182.0,183.0,181.0,202.0,193.0,761.0,760.0,762.0,735.0,750.0,0.7695560253699788,0.7904967602591794,0.778494623655914,0.8244897959183675,0.8092243186582808,0.8010526315789472,0.7958115183246074,0.7987421383647799,0.7941653160453809,0.791139240506329,0.6963788300835655,0.7298050139275766,0.7122905027932961,0.7597765363128491,0.7458100558659218,0.7362177250523377,0.7278436845778088,0.7322175732217573,0.7343096234309623,0.7238493723849372,0.7137254901960784,0.7204724409448819,0.7211155378486056,0.7952755905511811,0.772,0.7504930966469427,0.7487684729064039,0.7485265225933202,0.7477110885045778,0.7360157016683022,0.8348623853211009,0.8755980861244019,0.8457943925233645,0.8559322033898306,0.8502202643171806,0.8589164785553047,0.8491620111731844,0.8561797752808988,0.8467741935483871,0.855188141391106,0.6585659444336002,0.7011323763955343,0.6798416407061266,0.7148513475965546,0.7075528802501934,0.6981968133178718,0.687592158002949,0.6927957699933907,0.7043058246893878,0.6861218983436679,"{'cls__algorithm': 'SAMME', 'cls__learning_rate': 0.5, 'cls__n_estimators': 10, 'cls__random_state': 42}",ada,none,simple,none,none,0.7944523047723442
75.0,85.0,82.0,75.0,81.0,317.0,307.0,323.0,330.0,311.0,66.0,65.0,62.0,47.0,50.0,230.0,231.0,221.0,236.0,246.0,37.0,28.0,42.0,43.0,35.0,136.0,145.0,148.0,147.0,138.0,181.0,181.0,172.0,193.0,192.0,750.0,750.0,742.0,721.0,739.0,0.7784946236559139,0.7956043956043956,0.7678571428571429,0.8109243697478992,0.8187633262260129,0.8038585209003215,0.7995735607675907,0.8008634646519158,0.7901369863013699,0.7937701396348013,0.713091922005571,0.7409470752089137,0.7094972067039106,0.7486033519553073,0.7625698324022346,0.7445917655268667,0.7376133984647593,0.7426778242677824,0.7329149232914923,0.7322175732217573,0.7327935222672065,0.7357723577235772,0.7350427350427351,0.8041666666666667,0.7933884297520661,0.7653061224489796,0.764525993883792,0.770508826583593,0.7533960292580982,0.750253807106599,0.8302752293577982,0.8660287081339713,0.8037383177570093,0.8177966101694916,0.8458149779735683,0.8465011286681715,0.8379888268156425,0.8337078651685393,0.8306451612903226,0.8426453819840365,0.6810950614874097,0.716347687400319,0.6865913811007269,0.7162753542650737,0.7320677943302957,0.7130129043706489,0.7043103985379328,0.7137289325842697,0.7068420152741365,0.7004968382092535,"{'cls__C': 0.1, 'cls__probability': True, 'cls__random_state': 42}",svc,none,simple,none,none,0.7943287716182729
66.0,79.0,74.0,69.0,74.0,291.0,283.0,286.0,316.0,288.0,75.0,71.0,70.0,53.0,57.0,256.0,255.0,258.0,250.0,269.0,36.0,26.0,33.0,33.0,34.0,124.0,135.0,127.0,132.0,127.0,182.0,183.0,181.0,203.0,193.0,762.0,760.0,763.0,736.0,750.0,0.7663157894736842,0.7904967602591794,0.778494623655914,0.8252032520325203,0.8092243186582808,0.8004201680672269,0.7958115183246074,0.7985347985347986,0.7939590075512406,0.791139240506329,0.6908077994428969,0.7298050139275766,0.7122905027932961,0.7597765363128491,0.7458100558659218,0.7348220516399162,0.7278436845778088,0.7315202231520224,0.7336122733612274,0.7238493723849372,0.708171206225681,0.7204724409448819,0.7211155378486056,0.79296875,0.772,0.7485265225933202,0.7487684729064039,0.7473065621939275,0.7464503042596349,0.7360157016683022,0.8348623853211009,0.8755980861244019,0.8457943925233645,0.8601694915254238,0.8502202643171806,0.8600451467268623,0.8491620111731844,0.8573033707865169,0.847926267281106,0.855188141391106,0.6514737458520399,0.7011323763955343,0.6798416407061266,0.7128716310086136,0.7075528802501934,0.6960189170563013,0.687592158002949,0.6915193324520821,0.7031150771034504,0.6861218983436679,"{'cls__criterion': 'entropy', 'cls__max_depth': 2, 'cls__max_features': 'log2', 'cls__random_state': 42}",rf,none,simple,none,none,0.7939469488159157
66.0,79.0,74.0,69.0,74.0,291.0,283.0,286.0,316.0,288.0,75.0,71.0,70.0,53.0,57.0,256.0,255.0,258.0,250.0,269.0,36.0,26.0,33.0,33.0,34.0,124.0,135.0,127.0,132.0,127.0,182.0,183.0,181.0,203.0,193.0,762.0,760.0,763.0,736.0,750.0,0.7663157894736842,0.7904967602591794,0.778494623655914,0.8252032520325203,0.8092243186582808,0.8004201680672269,0.7958115183246074,0.7985347985347986,0.7939590075512406,0.791139240506329,0.6908077994428969,0.7298050139275766,0.7122905027932961,0.7597765363128491,0.7458100558659218,0.7348220516399162,0.7278436845778088,0.7315202231520224,0.7336122733612274,0.7238493723849372,0.708171206225681,0.7204724409448819,0.7211155378486056,0.79296875,0.772,0.7485265225933202,0.7487684729064039,0.7473065621939275,0.7464503042596349,0.7360157016683022,0.8348623853211009,0.8755980861244019,0.8457943925233645,0.8601694915254238,0.8502202643171806,0.8600451467268623,0.8491620111731844,0.8573033707865169,0.847926267281106,0.855188141391106,0.6514737458520399,0.7011323763955343,0.6798416407061266,0.7128716310086136,0.7075528802501934,0.6960189170563013,0.687592158002949,0.6915193324520821,0.7031150771034504,0.6861218983436679,"{'cls__criterion': 'gini', 'cls__max_depth': 2, 'cls__max_features': 'log2', 'cls__random_state': 42}",rf,none,simple,none,none,0.7939469488159157
32.0,22.0,25.0,31.0,32.0,110.0,120.0,117.0,111.0,110.0,109.0,108.0,127.0,93.0,99.0,427.0,428.0,409.0,443.0,437.0,5.0,7.0,2.0,5.0,5.0,19.0,17.0,22.0,19.0,19.0,209.0,218.0,201.0,226.0,218.0,863.0,854.0,871.0,846.0,854.0,0.7857142857142856,0.7912885662431942,0.7570621468926554,0.8218181818181819,0.8074074074074075,0.794659300184162,0.7933116581514166,0.8016566958122412,0.7855153203342617,0.789279112754159,0.6788732394366197,0.676056338028169,0.6366197183098592,0.723943661971831,0.7062146892655368,0.6856941508104298,0.6863988724453841,0.6962649753347427,0.6744186046511628,0.6788732394366197,0.6572327044025157,0.6687116564417178,0.6128048780487805,0.7084639498432602,0.6876971608832808,0.6689922480620155,0.6661466458658346,0.68046875,0.656322730799069,0.6615027110766848,0.9766355140186916,0.9688888888888889,0.9901477832512315,0.9783549783549783,0.9775784753363229,0.9784580498866213,0.9804822043628014,0.975363941769317,0.9780346820809248,0.9782359679266895,0.6017929343143104,0.569059829059829,0.5773107337308789,0.6141774891774892,0.6109266422483142,0.5916498815541114,0.5997301532762912,0.5988987009226813,0.5891978464556249,0.5896664300328146,"{'cls__hidden_layer_sizes': (100,), 'cls__learning_rate': 'adaptive', 'cls__learning_rate_init': 1e-05, 'cls__max_iter': 1000, 'cls__n_iter_no_change': 5, 'cls__random_state': 42}",mlp,lof,simple,minmax,none,0.7926581176151448
22.0,34.0,30.0,61.0,32.0,120.0,108.0,115.0,283.0,110.0,119.0,116.0,114.0,61.0,99.0,427.0,430.0,429.0,283.0,447.0,2.0,4.0,5.0,33.0,5.0,22.0,20.0,19.0,126.0,19.0,216.0,205.0,209.0,203.0,222.0,864.0,875.0,871.0,742.0,858.0,0.7811934900542495,0.7735849056603773,0.7783985102420857,0.8119999999999999,0.8102189781021899,0.7937528709232891,0.7954545454545454,0.7954337899543379,0.7839408346539883,0.7864344637946837,0.6629526462395543,0.6657381615598886,0.6675977653631285,0.7374301675977654,0.7094972067039106,0.6866713189113748,0.685973482205164,0.6875871687587168,0.7147838214783822,0.6750348675034867,0.6447761194029851,0.6386292834890965,0.6470588235294118,0.7689393939393939,0.6915887850467289,0.6692486444616577,0.6704980842911877,0.67,0.7239024390243902,0.6574712643678161,0.9908256880733946,0.9808612440191388,0.9766355140186916,0.8601694915254238,0.9779735682819384,0.9751693002257337,0.9776536312849162,0.9786516853932584,0.8548387096774194,0.9783352337514253,0.5734270284338604,0.6037639553429027,0.5924844236760125,0.6800847457627119,0.6111241887211218,0.5972738640068339,0.589198562854354,0.595024372108394,0.6774193548387097,0.587910884380201,"{'cls__hidden_layer_sizes': (100,), 'cls__learning_rate': 'adaptive', 'cls__learning_rate_init': 1e-05, 'cls__max_iter': 1000, 'cls__n_iter_no_change': 5, 'cls__random_state': 42}",mlp,none,simple,minmax,none,0.7910791768117804
73.0,68.0,61.0,68.0,71.0,268.0,273.0,280.0,273.0,270.0,68.0,62.0,91.0,56.0,60.0,269.0,275.0,246.0,281.0,277.0,32.0,35.0,26.0,37.0,29.0,127.0,124.0,133.0,122.0,130.0,182.0,190.0,177.0,194.0,194.0,755.0,747.0,760.0,743.0,743.0,0.7844827586206896,0.7966457023060797,0.751592356687898,0.8066528066528066,0.8134171907756814,0.7922350472193075,0.7892234548335976,0.8004212743549236,0.7866596082583377,0.7849973586899102,0.7183098591549296,0.7267605633802817,0.6704225352112676,0.7380281690140845,0.748587570621469,0.7209302325581395,0.718816067653277,0.7329105003523608,0.7159971811134602,0.7133802816901409,0.728,0.753968253968254,0.6604477611940298,0.776,0.7637795275590551,0.7373046875,0.7309197651663405,0.7554671968190855,0.7255859375,0.7284313725490196,0.8504672897196262,0.8444444444444444,0.8719211822660099,0.8398268398268398,0.8699551569506726,0.8560090702947846,0.8576349024110218,0.851063829787234,0.8589595375722543,0.8510882016036655,0.6840988930867634,0.6837606837606837,0.636618485869847,0.6941069683005165,0.70596994488755,0.6775389857991614,0.6779050424463868,0.6916916107111075,0.6758696604828781,0.6723448320632588,"{'cls__hidden_layer_sizes': (100,), 'cls__learning_rate': 'adaptive', 'cls__learning_rate_init': 1e-05, 'cls__max_iter': 1000, 'cls__n_iter_no_change': 5, 'cls__random_state': 42}",mlp,lof,simple,standard,none,0.790558163008631
83.0,71.0,65.0,78.0,90.0,299.0,286.0,292.0,304.0,382.0,58.0,59.0,87.0,46.0,41.0,238.0,262.0,234.0,250.0,165.0,35.0,36.0,25.0,38.0,56.0,130.0,124.0,135.0,127.0,246.0,179.0,189.0,178.0,193.0,167.0,752.0,747.0,758.0,738.0,627.0,0.7937915742793792,0.7991543340380549,0.7606837606837608,0.8212765957446809,0.7749419953596287,0.8034188034188035,0.7946808510638297,0.8042440318302387,0.7965461413923368,0.7531531531531531,0.7380281690140845,0.7323943661971831,0.6845070422535211,0.7633802816901408,0.7259887005649718,0.740662438336857,0.7279774489076815,0.7399577167019028,0.7343199436222692,0.7105633802816902,0.7552742616033755,0.7620967741935484,0.6716981132075471,0.8075313807531381,0.8028846153846154,0.7595959595959596,0.7403369672943508,0.7641129032258065,0.7469635627530364,0.7916666666666666,0.8364485981308412,0.84,0.8768472906403941,0.8354978354978355,0.7488789237668162,0.8526077097505669,0.8576349024110218,0.8488241881298992,0.8531791907514451,0.718213058419244,0.7125505402001724,0.6930769230769231,0.6522394347938814,0.7322650467811758,0.7179509122650876,0.7047023651173692,0.6897663563149999,0.701978633988904,0.700957826422654,0.7082838601054173,"{'cls__algorithm': 'SAMME', 'cls__learning_rate': 0.1, 'cls__n_estimators': 50, 'cls__random_state': 42, 'os__random_state': 42}",ada,lof,simple,none,smote,0.7899696520211008
66.0,76.0,70.0,61.0,72.0,279.0,269.0,275.0,284.0,273.0,75.0,74.0,74.0,61.0,59.0,268.0,269.0,269.0,282.0,284.0,35.0,25.0,34.0,33.0,33.0,125.0,135.0,126.0,127.0,127.0,183.0,184.0,180.0,203.0,194.0,761.0,760.0,764.0,741.0,750.0,0.7689075630252101,0.7880085653104926,0.7692307692307693,0.8119999999999999,0.8083333333333333,0.7947780678851176,0.79002079002079,0.7945917836713469,0.7837123215230039,0.7849293563579278,0.6935933147632312,0.724233983286908,0.6983240223463687,0.7374301675977654,0.7430167597765364,0.7257501744591766,0.7180739706908583,0.7245467224546722,0.7147838214783822,0.7133891213389121,0.7093023255813954,0.7131782945736435,0.7086614173228346,0.7689393939393939,0.766798418972332,0.7395529640427599,0.738581146744412,0.739593417231365,0.7243401759530792,0.7253384912959381,0.8394495412844036,0.8803827751196173,0.8411214953271028,0.8601694915254238,0.8546255506607929,0.8589164785553047,0.8491620111731844,0.8584269662921349,0.8536866359447005,0.855188141391106,0.6537673238336912,0.6935247208931419,0.6636163032191069,0.6800847457627119,0.70212193563574,0.6844856615811259,0.6745810055865922,0.6819708360872438,0.6777267101984987,0.6726569073203286,"{'cls__hidden_layer_sizes': (100,), 'cls__learning_rate': 'adaptive', 'cls__learning_rate_init': 1e-05, 'cls__max_iter': 1000, 'cls__n_iter_no_change': 5, 'cls__random_state': 42}",mlp,none,simple,standard,none,0.7892960461799611
32.0,21.0,69.0,71.0,28.0,107.0,118.0,301.0,299.0,111.0,109.0,109.0,83.0,53.0,103.0,430.0,430.0,225.0,255.0,436.0,6.0,4.0,29.0,41.0,2.0,10.0,12.0,148.0,136.0,14.0,208.0,221.0,174.0,190.0,221.0,872.0,859.0,745.0,729.0,859.0,0.7834274952919021,0.7963963963963964,0.7565217391304349,0.8016877637130801,0.8080438756855575,0.7985347985347986,0.7953703703703704,0.7997852925389157,0.7885343428880476,0.7924354243542435,0.676056338028169,0.6816901408450704,0.6845070422535211,0.7352112676056338,0.7033898305084746,0.689922480620155,0.6885130373502466,0.7371388301620859,0.7244538407329105,0.6830985915492958,0.6561514195583596,0.6696969696969697,0.6770428015564203,0.7818930041152263,0.6820987654320988,0.6697388632872504,0.6664080682699767,0.7680412371134021,0.7408536585365854,0.6633204633204633,0.9719626168224299,0.9822222222222222,0.8571428571428571,0.8225108225108225,0.9910313901345291,0.9886621315192744,0.9862227324913893,0.8342665173572228,0.8427745664739884,0.983963344788087,0.5994564857161795,0.5718803418803419,0.6555451127819549,0.6975457338360563,0.6023859240748981,0.5939586262810524,0.600775599822337,0.7032549316824137,0.6912428789048642,0.593444195245963,"{'cls__algorithm': 'SAMME', 'cls__learning_rate': 0.1, 'cls__n_estimators': 10, 'cls__random_state': 42}",ada,lof,simple,none,none,0.7892154540434742
79.0,74.0,65.0,78.0,90.0,278.0,321.0,292.0,304.0,382.0,62.0,56.0,87.0,46.0,41.0,259.0,227.0,234.0,250.0,165.0,34.0,41.0,25.0,38.0,56.0,126.0,141.0,135.0,127.0,246.0,180.0,184.0,178.0,193.0,167.0,756.0,730.0,758.0,738.0,627.0,0.7894736842105263,0.7913978494623657,0.7606837606837608,0.8212765957446809,0.7749419953596287,0.7970479704797048,0.798687089715536,0.8042440318302387,0.7965461413923368,0.7531531531531531,0.7295774647887324,0.7267605633802817,0.6845070422535211,0.7633802816901408,0.7259887005649718,0.7286821705426356,0.740662438336857,0.7399577167019028,0.7343199436222692,0.7105633802816902,0.743801652892562,0.7666666666666667,0.6716981132075471,0.8075313807531381,0.8028846153846154,0.7448275862068966,0.7628004179728317,0.7641129032258065,0.7469635627530364,0.7916666666666666,0.8411214953271028,0.8177777777777778,0.8768472906403941,0.8354978354978355,0.7488789237668162,0.8571428571428571,0.8381171067738232,0.8488241881298992,0.8531791907514451,0.718213058419244,0.7007025916351827,0.6935042735042735,0.6522394347938814,0.7322650467811758,0.7179509122650876,0.687416866187816,0.7119417650657438,0.701978633988904,0.700957826422654,0.7082838601054173,"{'cls__algorithm': 'SAMME', 'cls__learning_rate': 0.5, 'cls__n_estimators': 10, 'cls__random_state': 42, 'os__random_state': 42}",ada,lof,simple,none,smote,0.7875547770921925
72.0,32.0,77.0,72.0,76.0,307.0,115.0,302.0,307.0,303.0,69.0,118.0,67.0,50.0,55.0,240.0,423.0,242.0,259.0,254.0,38.0,4.0,40.0,40.0,35.0,146.0,18.0,144.0,144.0,149.0,180.0,205.0,174.0,196.0,192.0,740.0,877.0,746.0,724.0,728.0,0.7708779443254818,0.7706766917293233,0.7648351648351648,0.8132780082987551,0.810126582278481,0.7931404072883171,0.7990888382687928,0.7944621938232161,0.7822798487304159,0.7832167832167832,0.7019498607242339,0.6601671309192201,0.7011173184357542,0.7486033519553073,0.7486033519553073,0.7306350314026517,0.6922540125610607,0.7308228730822873,0.7189679218967922,0.7189679218967922,0.7228915662650602,0.6346749226006192,0.7219917012448133,0.7967479674796748,0.7773279352226721,0.7551020408163265,0.6746153846153846,0.7550607287449392,0.7365208545269583,0.7413441955193483,0.8256880733944955,0.9808612440191388,0.8130841121495327,0.8305084745762712,0.8458149779735683,0.835214446952596,0.9798882681564246,0.8382022471910112,0.8341013824884793,0.830102622576967,0.668163185633418,0.597097288676236,0.6739031671858775,0.7103362045012503,0.7129838248646467,0.6982287956883638,0.5968214574982866,0.6966746530072703,0.6882521046718015,0.6870441299599377,"{'cls__algorithm': 'SAMME', 'cls__learning_rate': 0.1, 'cls__n_estimators': 10, 'cls__random_state': 42}",ada,none,simple,none,none,0.7859588782934411
88.0,83.0,79.0,69.0,80.0,384.0,302.0,306.0,316.0,305.0,53.0,67.0,65.0,53.0,51.0,163.0,236.0,238.0,250.0,252.0,73.0,26.0,35.0,33.0,35.0,229.0,139.0,130.0,132.0,130.0,145.0,183.0,179.0,203.0,192.0,657.0,756.0,760.0,736.0,747.0,0.6971153846153847,0.7973856209150327,0.7816593886462881,0.8252032520325203,0.8170212765957447,0.7702227432590856,0.8012718600953895,0.8050847457627118,0.7939590075512406,0.7963752665245202,0.649025069637883,0.7409470752089137,0.7206703910614525,0.7597765363128491,0.7597765363128491,0.7264480111653873,0.73831123517097,0.7433751743375174,0.7336122733612274,0.7336122733612274,0.7323232323232324,0.732,0.7336065573770492,0.79296875,0.7901234567901234,0.801219512195122,0.7620967741935484,0.7615230460921844,0.7464503042596349,0.7477477477477478,0.6651376146788991,0.8755980861244019,0.8364485981308412,0.8601694915254238,0.8458149779735683,0.7415349887133182,0.8446927374301676,0.8539325842696629,0.847926267281106,0.8517673888255416,0.644625544928102,0.7144657097288676,0.6925298546209762,0.7128716310086136,0.7282510004371658,0.7217729788173538,0.7030155136964964,0.7082162921348314,0.7031150771034504,0.6996718452206703,{},nb,none,simple,minmax,none,0.7836769845609941
88.0,83.0,79.0,69.0,80.0,384.0,302.0,306.0,316.0,305.0,53.0,67.0,65.0,53.0,51.0,163.0,236.0,238.0,250.0,252.0,73.0,26.0,35.0,33.0,35.0,229.0,139.0,130.0,132.0,130.0,145.0,183.0,179.0,203.0,192.0,657.0,756.0,760.0,736.0,747.0,0.6971153846153847,0.7973856209150327,0.7816593886462881,0.8252032520325203,0.8170212765957447,0.7702227432590856,0.8012718600953895,0.8050847457627118,0.7939590075512406,0.7963752665245202,0.649025069637883,0.7409470752089137,0.7206703910614525,0.7597765363128491,0.7597765363128491,0.7264480111653873,0.73831123517097,0.7433751743375174,0.7336122733612274,0.7336122733612274,0.7323232323232324,0.732,0.7336065573770492,0.79296875,0.7901234567901234,0.801219512195122,0.7620967741935484,0.7615230460921844,0.7464503042596349,0.7477477477477478,0.6651376146788991,0.8755980861244019,0.8364485981308412,0.8601694915254238,0.8458149779735683,0.7415349887133182,0.8446927374301676,0.8539325842696629,0.847926267281106,0.8517673888255416,0.644625544928102,0.7144657097288676,0.6925298546209762,0.7128716310086136,0.7282510004371658,0.7217729788173538,0.7030155136964964,0.7082162921348314,0.7031150771034504,0.6996718452206703,{},nb,none,simple,standard,none,0.7836769845609941
88.0,83.0,79.0,69.0,80.0,384.0,302.0,306.0,316.0,305.0,53.0,67.0,65.0,53.0,51.0,163.0,236.0,238.0,250.0,252.0,73.0,26.0,35.0,33.0,35.0,229.0,139.0,130.0,132.0,130.0,145.0,183.0,179.0,203.0,192.0,657.0,756.0,760.0,736.0,747.0,0.6971153846153847,0.7973856209150327,0.7816593886462881,0.8252032520325203,0.8170212765957447,0.7702227432590856,0.8012718600953895,0.8050847457627118,0.7939590075512406,0.7963752665245202,0.649025069637883,0.7409470752089137,0.7206703910614525,0.7597765363128491,0.7597765363128491,0.7264480111653873,0.73831123517097,0.7433751743375174,0.7336122733612274,0.7336122733612274,0.7323232323232324,0.732,0.7336065573770492,0.79296875,0.7901234567901234,0.801219512195122,0.7620967741935484,0.7615230460921844,0.7464503042596349,0.7477477477477478,0.6651376146788991,0.8755980861244019,0.8364485981308412,0.8601694915254238,0.8458149779735683,0.7415349887133182,0.8446927374301676,0.8539325842696629,0.847926267281106,0.8517673888255416,0.644625544928102,0.7144657097288676,0.6925298546209762,0.7128716310086136,0.7282510004371658,0.7217729788173538,0.7030155136964964,0.7082162921348314,0.7031150771034504,0.6996718452206703,{},nb,none,simple,none,none,0.7836769845609941
83.0,74.0,69.0,88.0,78.0,299.0,308.0,313.0,395.0,304.0,58.0,56.0,83.0,36.0,53.0,238.0,240.0,213.0,159.0,243.0,35.0,37.0,26.0,77.0,29.0,130.0,128.0,139.0,252.0,136.0,179.0,188.0,177.0,154.0,194.0,752.0,743.0,754.0,613.0,737.0,0.7937915742793792,0.8017057569296374,0.7645788336933045,0.7315914489311163,0.8255319148936169,0.8034188034188035,0.8015102481121898,0.810752688172043,0.7489309712889433,0.7954668105774421,0.7380281690140845,0.7380281690140845,0.6929577464788732,0.6816901408450704,0.768361581920904,0.740662438336857,0.740662438336857,0.751937984496124,0.7103594080338267,0.7330985915492958,0.7552742616033755,0.7704918032786885,0.6807692307692308,0.8105263157894737,0.7854251012145749,0.7595959595959596,0.7558494404883012,0.7797311271975181,0.7940414507772021,0.7520408163265306,0.8364485981308412,0.8355555555555556,0.8719211822660099,0.6666666666666666,0.8699551569506726,0.8526077097505669,0.8530424799081515,0.8443449048152296,0.7086705202312139,0.8442153493699885,0.7125505402001724,0.7023931623931624,0.6629342753435312,0.6881720430107527,0.7326875021394584,0.7047023651173692,0.7075431377642948,0.7197009695178811,0.7108334550614552,0.699987016549711,"{'cls__hidden_layer_sizes': (100,), 'cls__learning_rate': 'adaptive', 'cls__learning_rate_init': 1e-05, 'cls__max_iter': 1000, 'cls__n_iter_no_change': 5, 'cls__random_state': 42, 'os__random_state': 42}",mlp,lof,simple,standard,smote,0.7834399057454109
91.0,84.0,79.0,70.0,81.0,390.0,307.0,312.0,318.0,310.0,50.0,66.0,65.0,52.0,50.0,157.0,231.0,232.0,248.0,247.0,74.0,28.0,37.0,34.0,35.0,235.0,144.0,135.0,133.0,137.0,144.0,181.0,177.0,202.0,192.0,651.0,751.0,755.0,735.0,740.0,0.6990291262135923,0.793859649122807,0.7763157894736842,0.8244897959183675,0.8187633262260129,0.7685950413223139,0.8002131060202451,0.8044752264251465,0.7941653160453809,0.7939914163090128,0.6545961002785515,0.7381615598885793,0.7150837988826816,0.7597765363128491,0.7625698324022346,0.7264480111653873,0.73831123517097,0.7440725244072525,0.7343096234309623,0.7322175732217573,0.7422680412371134,0.7327935222672065,0.731404958677686,0.7952755905511811,0.7933884297520661,0.8056930693069307,0.7647657841140529,0.7649442755825735,0.7477110885045778,0.7497467071935157,0.6605504587155964,0.8660287081339713,0.8271028037383178,0.8559322033898306,0.8458149779735683,0.7347629796839729,0.8391061452513966,0.848314606741573,0.8467741935483871,0.8437856328392246,0.652970264818791,0.7130143540669857,0.6878569574247145,0.7148513475965546,0.7320677943302957,0.7238714349973795,0.7048690577558098,0.7109220092531394,0.7043058246893878,0.7001692975686249,"{'cls__algorithm': 'SAMME', 'cls__learning_rate': 0.5, 'cls__n_estimators': 50, 'cls__random_state': 42, 'os__random_state': 42}",ada,none,simple,none,smote,0.7824915373908927
90.0,84.0,79.0,70.0,81.0,390.0,307.0,312.0,318.0,310.0,51.0,66.0,65.0,52.0,50.0,157.0,231.0,232.0,248.0,247.0,74.0,28.0,37.0,34.0,35.0,234.0,144.0,135.0,133.0,137.0,144.0,181.0,177.0,202.0,192.0,652.0,751.0,755.0,735.0,740.0,0.6973365617433414,0.793859649122807,0.7763157894736842,0.8244897959183675,0.8187633262260129,0.7693215339233038,0.8002131060202451,0.8044752264251465,0.7941653160453809,0.7939914163090128,0.6518105849582173,0.7381615598885793,0.7150837988826816,0.7597765363128491,0.7625698324022346,0.7271458478715981,0.73831123517097,0.7440725244072525,0.7343096234309623,0.7322175732217573,0.7384615384615385,0.7327935222672065,0.731404958677686,0.7952755905511811,0.7933884297520661,0.8059332509270705,0.7647657841140529,0.7649442755825735,0.7477110885045778,0.7497467071935157,0.6605504587155964,0.8660287081339713,0.8271028037383178,0.8559322033898306,0.8458149779735683,0.7358916478555305,0.8391061452513966,0.848314606741573,0.8467741935483871,0.8437856328392246,0.649424165528011,0.7130143540669857,0.6878569574247145,0.7148513475965546,0.7320677943302957,0.7244357690831583,0.7048690577558098,0.7109220092531394,0.7043058246893878,0.7001692975686249,"{'cls__algorithm': 'SAMME', 'cls__learning_rate': 0.1, 'cls__n_estimators': 100, 'cls__random_state': 42, 'os__random_state': 42}",ada,none,simple,none,smote,0.7821530244968427
84.0,83.0,74.0,70.0,81.0,371.0,304.0,292.0,318.0,310.0,57.0,67.0,70.0,52.0,50.0,176.0,234.0,252.0,248.0,247.0,74.0,26.0,35.0,34.0,35.0,229.0,140.0,132.0,133.0,137.0,144.0,183.0,179.0,202.0,192.0,657.0,755.0,758.0,735.0,740.0,0.6873508353221958,0.7973856209150327,0.773218142548596,0.8244897959183675,0.8187633262260129,0.7643979057591623,0.8014861995753715,0.7978947368421052,0.7941653160453809,0.7939914163090128,0.6350974930362117,0.7409470752089137,0.7067039106145251,0.7597765363128491,0.7625698324022346,0.7173761339846476,0.7390090718771808,0.7322175732217573,0.7343096234309623,0.7322175732217573,0.7164179104477612,0.732,0.7188755020080321,0.7952755905511811,0.7933884297520661,0.7887154861944778,0.7633973710819009,0.7504950495049505,0.7477110885045778,0.7497467071935157,0.6605504587155964,0.8755980861244019,0.8364485981308412,0.8559322033898306,0.8458149779735683,0.7415349887133182,0.8435754189944135,0.851685393258427,0.8467741935483871,0.8437856328392246,0.6281475697833301,0.7144657097288676,0.675168743509865,0.7148513475965546,0.7320677943302957,0.7098899806455072,0.704315590538099,0.6942250495703899,0.7043058246893878,0.7001692975686249,"{'cls__algorithm': 'SAMME', 'cls__learning_rate': 0.1, 'cls__n_estimators': 50, 'cls__random_state': 42, 'os__random_state': 42}",ada,none,simple,none,smote,0.780241544186041
0.0,0.0,0.0,0.0,0.0,0.0,0.0,0.0,0.0,0.0,86.0,93.0,78.0,93.0,86.0,350.0,343.0,358.0,343.0,350.0,0.0,0.0,0.0,0.0,0.0,0.0,0.0,0.0,0.0,0.0,154.0,147.0,162.0,147.0,153.0,609.0,616.0,601.0,616.0,610.0,0.7817258883248732,0.7596899224806202,0.8059701492537313,0.7596899224806202,0.7806122448979592,0.7767857142857143,0.7822222222222222,0.7705128205128206,0.7822222222222222,0.7770700636942676,0.6416666666666667,0.6125,0.675,0.6125,0.6401673640167364,0.635036496350365,0.6423357664233577,0.6266944734098019,0.6423357664233577,0.6354166666666666,0.6416666666666667,0.6125,0.675,0.6125,0.6401673640167364,0.635036496350365,0.6423357664233577,0.6266944734098019,0.6423357664233577,0.6354166666666666,1.0,1.0,1.0,1.0,1.0,1.0,1.0,1.0,1.0,1.0,0.5,0.5,0.5,0.5,0.5,0.5,0.5,0.5,0.5,0.5,"{'cls__hidden_layer_sizes': (100,), 'cls__learning_rate': 'adaptive', 'cls__learning_rate_init': 1e-05, 'cls__max_iter': 1000, 'cls__n_iter_no_change': 5, 'cls__random_state': 42}",mlp,iforest,simple,minmax,none,0.7775376254875608
0.0,0.0,0.0,0.0,0.0,0.0,0.0,0.0,0.0,0.0,86.0,93.0,78.0,93.0,86.0,350.0,343.0,358.0,343.0,350.0,0.0,0.0,0.0,0.0,0.0,0.0,0.0,0.0,0.0,0.0,154.0,147.0,162.0,147.0,153.0,609.0,616.0,601.0,616.0,610.0,0.7817258883248732,0.7596899224806202,0.8059701492537313,0.7596899224806202,0.7806122448979592,0.7767857142857143,0.7822222222222222,0.7705128205128206,0.7822222222222222,0.7770700636942676,0.6416666666666667,0.6125,0.675,0.6125,0.6401673640167364,0.635036496350365,0.6423357664233577,0.6266944734098019,0.6423357664233577,0.6354166666666666,0.6416666666666667,0.6125,0.675,0.6125,0.6401673640167364,0.635036496350365,0.6423357664233577,0.6266944734098019,0.6423357664233577,0.6354166666666666,1.0,1.0,1.0,1.0,1.0,1.0,1.0,1.0,1.0,1.0,0.5,0.5,0.5,0.5,0.5,0.5,0.5,0.5,0.5,0.5,"{'cls__hidden_layer_sizes': (100,), 'cls__learning_rate': 'adaptive', 'cls__learning_rate_init': 1e-05, 'cls__max_iter': 1000, 'cls__n_iter_no_change': 5, 'cls__random_state': 42}",mlp,iforest,simple,standard,none,0.7775376254875608
0.0,0.0,0.0,0.0,0.0,0.0,0.0,0.0,0.0,0.0,86.0,93.0,78.0,93.0,86.0,350.0,343.0,358.0,343.0,350.0,0.0,0.0,0.0,0.0,0.0,0.0,0.0,0.0,0.0,0.0,154.0,147.0,162.0,147.0,153.0,609.0,616.0,601.0,616.0,610.0,0.7817258883248732,0.7596899224806202,0.8059701492537313,0.7596899224806202,0.7806122448979592,0.7767857142857143,0.7822222222222222,0.7705128205128206,0.7822222222222222,0.7770700636942676,0.6416666666666667,0.6125,0.675,0.6125,0.6401673640167364,0.635036496350365,0.6423357664233577,0.6266944734098019,0.6423357664233577,0.6354166666666666,0.6416666666666667,0.6125,0.675,0.6125,0.6401673640167364,0.635036496350365,0.6423357664233577,0.6266944734098019,0.6423357664233577,0.6354166666666666,1.0,1.0,1.0,1.0,1.0,1.0,1.0,1.0,1.0,1.0,0.5,0.5,0.5,0.5,0.5,0.5,0.5,0.5,0.5,0.5,"{'cls__hidden_layer_sizes': (100,), 'cls__learning_rate': 'adaptive', 'cls__learning_rate_init': 1e-05, 'cls__max_iter': 1000, 'cls__n_iter_no_change': 5, 'cls__random_state': 42}",mlp,iforest,simple,none,none,0.7775376254875608
91.0,84.0,79.0,86.0,81.0,390.0,307.0,312.0,395.0,310.0,50.0,66.0,65.0,36.0,50.0,157.0,231.0,232.0,171.0,247.0,74.0,28.0,37.0,62.0,35.0,235.0,144.0,135.0,247.0,137.0,144.0,181.0,177.0,174.0,192.0,651.0,751.0,755.0,621.0,740.0,0.6990291262135923,0.793859649122807,0.7763157894736842,0.7802690582959643,0.8187633262260129,0.7685950413223139,0.8002131060202451,0.8044752264251465,0.7481927710843373,0.7939914163090128,0.6545961002785515,0.7381615598885793,0.7150837988826816,0.7262569832402235,0.7625698324022346,0.7264480111653873,0.73831123517097,0.7440725244072525,0.708507670850767,0.7322175732217573,0.7422680412371134,0.7327935222672065,0.731404958677686,0.8285714285714286,0.7933884297520661,0.8056930693069307,0.7647657841140529,0.7649442755825735,0.7840909090909091,0.7497467071935157,0.6605504587155964,0.8660287081339713,0.8271028037383178,0.7372881355932204,0.8458149779735683,0.7347629796839729,0.8391061452513966,0.848314606741573,0.7154377880184332,0.8437856328392246,0.652970264818791,0.7130143540669857,0.6878569574247145,0.7211030841900528,0.7320677943302957,0.7238714349973795,0.7048690577558098,0.7109220092531394,0.7066588233378386,0.7001692975686249,"{'cls__algorithm': 'SAMME', 'cls__learning_rate': 1.0, 'cls__n_estimators': 50, 'cls__random_state': 42, 'os__random_state': 42}",ada,none,simple,none,smote,0.7736473898664121
91.0,84.0,79.0,86.0,81.0,390.0,307.0,312.0,395.0,310.0,50.0,66.0,65.0,36.0,50.0,157.0,231.0,232.0,171.0,247.0,74.0,28.0,37.0,62.0,35.0,235.0,144.0,135.0,247.0,137.0,144.0,181.0,177.0,174.0,192.0,651.0,751.0,755.0,621.0,740.0,0.6990291262135923,0.793859649122807,0.7763157894736842,0.7802690582959643,0.8187633262260129,0.7685950413223139,0.8002131060202451,0.8044752264251465,0.7481927710843373,0.7939914163090128,0.6545961002785515,0.7381615598885793,0.7150837988826816,0.7262569832402235,0.7625698324022346,0.7264480111653873,0.73831123517097,0.7440725244072525,0.708507670850767,0.7322175732217573,0.7422680412371134,0.7327935222672065,0.731404958677686,0.8285714285714286,0.7933884297520661,0.8056930693069307,0.7647657841140529,0.7649442755825735,0.7840909090909091,0.7497467071935157,0.6605504587155964,0.8660287081339713,0.8271028037383178,0.7372881355932204,0.8458149779735683,0.7347629796839729,0.8391061452513966,0.848314606741573,0.7154377880184332,0.8437856328392246,0.652970264818791,0.7130143540669857,0.6878569574247145,0.7211030841900528,0.7320677943302957,0.7238714349973795,0.7048690577558098,0.7109220092531394,0.7066588233378386,0.7001692975686249,"{'cls__algorithm': 'SAMME', 'cls__learning_rate': 1.0, 'cls__n_estimators': 100, 'cls__random_state': 42, 'os__random_state': 42}",ada,none,simple,none,smote,0.7736473898664121
91.0,84.0,79.0,86.0,81.0,390.0,307.0,312.0,395.0,310.0,50.0,66.0,65.0,36.0,50.0,157.0,231.0,232.0,171.0,247.0,74.0,28.0,37.0,62.0,35.0,235.0,144.0,135.0,247.0,137.0,144.0,181.0,177.0,174.0,192.0,651.0,751.0,755.0,621.0,740.0,0.6990291262135923,0.793859649122807,0.7763157894736842,0.7802690582959643,0.8187633262260129,0.7685950413223139,0.8002131060202451,0.8044752264251465,0.7481927710843373,0.7939914163090128,0.6545961002785515,0.7381615598885793,0.7150837988826816,0.7262569832402235,0.7625698324022346,0.7264480111653873,0.73831123517097,0.7440725244072525,0.708507670850767,0.7322175732217573,0.7422680412371134,0.7327935222672065,0.731404958677686,0.8285714285714286,0.7933884297520661,0.8056930693069307,0.7647657841140529,0.7649442755825735,0.7840909090909091,0.7497467071935157,0.6605504587155964,0.8660287081339713,0.8271028037383178,0.7372881355932204,0.8458149779735683,0.7347629796839729,0.8391061452513966,0.848314606741573,0.7154377880184332,0.8437856328392246,0.652970264818791,0.7130143540669857,0.6878569574247145,0.7211030841900528,0.7320677943302957,0.7238714349973795,0.7048690577558098,0.7109220092531394,0.7066588233378386,0.7001692975686249,"{'cls__algorithm': 'SAMME', 'cls__learning_rate': 0.5, 'cls__n_estimators': 100, 'cls__random_state': 42, 'os__random_state': 42}",ada,none,simple,none,smote,0.7736473898664121
83.0,74.0,69.0,88.0,90.0,299.0,308.0,313.0,395.0,382.0,58.0,56.0,83.0,36.0,41.0,238.0,240.0,213.0,159.0,165.0,35.0,37.0,26.0,77.0,56.0,130.0,128.0,139.0,252.0,246.0,179.0,188.0,177.0,154.0,167.0,752.0,743.0,754.0,613.0,627.0,0.7937915742793792,0.8017057569296374,0.7645788336933045,0.7315914489311163,0.7749419953596287,0.8034188034188035,0.8015102481121898,0.810752688172043,0.7489309712889433,0.7531531531531531,0.7380281690140845,0.7380281690140845,0.6929577464788732,0.6816901408450704,0.7259887005649718,0.740662438336857,0.740662438336857,0.751937984496124,0.7103594080338267,0.7105633802816902,0.7552742616033755,0.7704918032786885,0.6807692307692308,0.8105263157894737,0.8028846153846154,0.7595959595959596,0.7558494404883012,0.7797311271975181,0.7940414507772021,0.7916666666666666,0.8364485981308412,0.8355555555555556,0.8719211822660099,0.6666666666666666,0.7488789237668162,0.8526077097505669,0.8530424799081515,0.8443449048152296,0.7086705202312139,0.718213058419244,0.7125505402001724,0.7023931623931624,0.6629342753435312,0.6881720430107527,0.7179509122650876,0.7047023651173692,0.7075431377642948,0.7197009695178811,0.7108334550614552,0.7082838601054173,"{'cls__algorithm': 'SAMME', 'cls__learning_rate': 1.0, 'cls__n_estimators': 100, 'cls__random_state': 42, 'os__random_state': 42}",ada,lof,simple,none,smote,0.7733219218386131
83.0,74.0,69.0,88.0,90.0,299.0,308.0,313.0,395.0,382.0,58.0,56.0,83.0,36.0,41.0,238.0,240.0,213.0,159.0,165.0,35.0,37.0,26.0,77.0,56.0,130.0,128.0,139.0,252.0,246.0,179.0,188.0,177.0,154.0,167.0,752.0,743.0,754.0,613.0,627.0,0.7937915742793792,0.8017057569296374,0.7645788336933045,0.7315914489311163,0.7749419953596287,0.8034188034188035,0.8015102481121898,0.810752688172043,0.7489309712889433,0.7531531531531531,0.7380281690140845,0.7380281690140845,0.6929577464788732,0.6816901408450704,0.7259887005649718,0.740662438336857,0.740662438336857,0.751937984496124,0.7103594080338267,0.7105633802816902,0.7552742616033755,0.7704918032786885,0.6807692307692308,0.8105263157894737,0.8028846153846154,0.7595959595959596,0.7558494404883012,0.7797311271975181,0.7940414507772021,0.7916666666666666,0.8364485981308412,0.8355555555555556,0.8719211822660099,0.6666666666666666,0.7488789237668162,0.8526077097505669,0.8530424799081515,0.8443449048152296,0.7086705202312139,0.718213058419244,0.7125505402001724,0.7023931623931624,0.6629342753435312,0.6881720430107527,0.7179509122650876,0.7047023651173692,0.7075431377642948,0.7197009695178811,0.7108334550614552,0.7082838601054173,"{'cls__algorithm': 'SAMME', 'cls__learning_rate': 0.1, 'cls__n_estimators': 100, 'cls__random_state': 42, 'os__random_state': 42}",ada,lof,simple,none,smote,0.7733219218386131
83.0,74.0,69.0,88.0,90.0,299.0,308.0,313.0,395.0,382.0,58.0,56.0,83.0,36.0,41.0,238.0,240.0,213.0,159.0,165.0,35.0,37.0,26.0,77.0,56.0,130.0,128.0,139.0,252.0,246.0,179.0,188.0,177.0,154.0,167.0,752.0,743.0,754.0,613.0,627.0,0.7937915742793792,0.8017057569296374,0.7645788336933045,0.7315914489311163,0.7749419953596287,0.8034188034188035,0.8015102481121898,0.810752688172043,0.7489309712889433,0.7531531531531531,0.7380281690140845,0.7380281690140845,0.6929577464788732,0.6816901408450704,0.7259887005649718,0.740662438336857,0.740662438336857,0.751937984496124,0.7103594080338267,0.7105633802816902,0.7552742616033755,0.7704918032786885,0.6807692307692308,0.8105263157894737,0.8028846153846154,0.7595959595959596,0.7558494404883012,0.7797311271975181,0.7940414507772021,0.7916666666666666,0.8364485981308412,0.8355555555555556,0.8719211822660099,0.6666666666666666,0.7488789237668162,0.8526077097505669,0.8530424799081515,0.8443449048152296,0.7086705202312139,0.718213058419244,0.7125505402001724,0.7023931623931624,0.6629342753435312,0.6881720430107527,0.7179509122650876,0.7047023651173692,0.7075431377642948,0.7197009695178811,0.7108334550614552,0.7082838601054173,"{'cls__algorithm': 'SAMME', 'cls__learning_rate': 1.0, 'cls__n_estimators': 50, 'cls__random_state': 42, 'os__random_state': 42}",ada,lof,simple,none,smote,0.7733219218386131
83.0,74.0,69.0,88.0,90.0,299.0,308.0,313.0,395.0,382.0,58.0,56.0,83.0,36.0,41.0,238.0,240.0,213.0,159.0,165.0,35.0,37.0,26.0,77.0,56.0,130.0,128.0,139.0,252.0,246.0,179.0,188.0,177.0,154.0,167.0,752.0,743.0,754.0,613.0,627.0,0.7937915742793792,0.8017057569296374,0.7645788336933045,0.7315914489311163,0.7749419953596287,0.8034188034188035,0.8015102481121898,0.810752688172043,0.7489309712889433,0.7531531531531531,0.7380281690140845,0.7380281690140845,0.6929577464788732,0.6816901408450704,0.7259887005649718,0.740662438336857,0.740662438336857,0.751937984496124,0.7103594080338267,0.7105633802816902,0.7552742616033755,0.7704918032786885,0.6807692307692308,0.8105263157894737,0.8028846153846154,0.7595959595959596,0.7558494404883012,0.7797311271975181,0.7940414507772021,0.7916666666666666,0.8364485981308412,0.8355555555555556,0.8719211822660099,0.6666666666666666,0.7488789237668162,0.8526077097505669,0.8530424799081515,0.8443449048152296,0.7086705202312139,0.718213058419244,0.7125505402001724,0.7023931623931624,0.6629342753435312,0.6881720430107527,0.7179509122650876,0.7047023651173692,0.7075431377642948,0.7197009695178811,0.7108334550614552,0.7082838601054173,"{'cls__algorithm': 'SAMME', 'cls__learning_rate': 0.5, 'cls__n_estimators': 50, 'cls__random_state': 42, 'os__random_state': 42}",ada,lof,simple,none,smote,0.7733219218386131
83.0,74.0,69.0,88.0,90.0,299.0,308.0,313.0,395.0,382.0,58.0,56.0,83.0,36.0,41.0,238.0,240.0,213.0,159.0,165.0,35.0,37.0,26.0,77.0,56.0,130.0,128.0,139.0,252.0,246.0,179.0,188.0,177.0,154.0,167.0,752.0,743.0,754.0,613.0,627.0,0.7937915742793792,0.8017057569296374,0.7645788336933045,0.7315914489311163,0.7749419953596287,0.8034188034188035,0.8015102481121898,0.810752688172043,0.7489309712889433,0.7531531531531531,0.7380281690140845,0.7380281690140845,0.6929577464788732,0.6816901408450704,0.7259887005649718,0.740662438336857,0.740662438336857,0.751937984496124,0.7103594080338267,0.7105633802816902,0.7552742616033755,0.7704918032786885,0.6807692307692308,0.8105263157894737,0.8028846153846154,0.7595959595959596,0.7558494404883012,0.7797311271975181,0.7940414507772021,0.7916666666666666,0.8364485981308412,0.8355555555555556,0.8719211822660099,0.6666666666666666,0.7488789237668162,0.8526077097505669,0.8530424799081515,0.8443449048152296,0.7086705202312139,0.718213058419244,0.7125505402001724,0.7023931623931624,0.6629342753435312,0.6881720430107527,0.7179509122650876,0.7047023651173692,0.7075431377642948,0.7197009695178811,0.7108334550614552,0.7082838601054173,"{'cls__algorithm': 'SAMME', 'cls__learning_rate': 0.5, 'cls__n_estimators': 100, 'cls__random_state': 42, 'os__random_state': 42}",ada,lof,simple,none,smote,0.7733219218386131
68.0,83.0,79.0,103.0,81.0,297.0,304.0,309.0,476.0,310.0,73.0,67.0,65.0,19.0,50.0,250.0,234.0,235.0,90.0,247.0,37.0,26.0,36.0,106.0,35.0,129.0,140.0,131.0,362.0,137.0,181.0,183.0,178.0,130.0,192.0,757.0,755.0,759.0,506.0,740.0,0.7669491525423728,0.7973856209150327,0.7789934354485777,0.6753246753246753,0.8187633262260129,0.7997886951928155,0.8014861995753715,0.8057324840764332,0.6912568306010929,0.7939914163090128,0.6935933147632312,0.7409470752089137,0.7178770949720671,0.6508379888268156,0.7625698324022346,0.735519888346127,0.7390090718771808,0.7447698744769874,0.6847977684797768,0.7322175732217573,0.7125984251968503,0.732,0.7325102880658436,0.87248322147651,0.7933884297520661,0.7517378351539226,0.7633973710819009,0.7635814889336016,0.8489932885906041,0.7497467071935157,0.8302752293577982,0.8755980861244019,0.8317757009345794,0.5508474576271186,0.8458149779735683,0.8544018058690744,0.8435754189944135,0.852808988764045,0.5829493087557603,0.8437856328392246,0.6562723664519488,0.7144657097288676,0.6901934060228453,0.6975548763545428,0.7320677943302957,0.6986817073221058,0.704315590538099,0.710411847323199,0.7119693540245232,0.7001692975686249,"{'cls__algorithm': 'SAMME', 'cls__learning_rate': 0.5, 'cls__n_estimators': 10, 'cls__random_state': 42, 'os__random_state': 42}",ada,none,simple,none,smote,0.7674832420913343
30.0,35.0,0.0,38.0,37.0,144.0,139.0,0.0,136.0,137.0,56.0,58.0,78.0,55.0,49.0,206.0,204.0,358.0,207.0,213.0,24.0,31.0,0.0,25.0,27.0,106.0,99.0,0.0,105.0,103.0,130.0,116.0,162.0,122.0,126.0,503.0,517.0,601.0,511.0,507.0,0.7647058823529411,0.7227414330218068,0.8059701492537313,0.7530864197530864,0.7682926829268293,0.7632776934749621,0.7733732236350037,0.7705128205128206,0.7661169415292355,0.762406015037594,0.6666666666666666,0.6291666666666667,0.675,0.6666666666666666,0.6820083682008368,0.6746611053180396,0.6840458811261731,0.6266944734098019,0.6746611053180396,0.6708333333333333,0.6989247311827957,0.6666666666666666,0.675,0.6892655367231638,0.72,0.7094499294781382,0.7170596393897365,0.6266944734098019,0.7116991643454039,0.7041666666666667,0.8441558441558441,0.7891156462585034,1.0,0.8299319727891157,0.8235294117647058,0.825944170771757,0.8392857142857143,1.0,0.8295454545454546,0.8311475409836065,0.5964965267290848,0.5827298661400043,0.5,0.6192670616633751,0.6268809849521204,0.6186863711001642,0.6222667638483965,0.5,0.6130234561357011,0.611288056206089,"{'cls__hidden_layer_sizes': (100,), 'cls__learning_rate': 'adaptive', 'cls__learning_rate_init': 1e-05, 'cls__max_iter': 1000, 'cls__n_iter_no_change': 5, 'cls__random_state': 42, 'os__random_state': 42}",mlp,iforest,simple,minmax,smote,0.762959313461679
30.0,35.0,0.0,38.0,37.0,144.0,139.0,0.0,136.0,137.0,56.0,58.0,78.0,55.0,49.0,206.0,204.0,358.0,207.0,213.0,24.0,31.0,0.0,25.0,27.0,106.0,99.0,0.0,105.0,103.0,130.0,116.0,162.0,122.0,126.0,503.0,517.0,601.0,511.0,507.0,0.7647058823529411,0.7227414330218068,0.8059701492537313,0.7530864197530864,0.7682926829268293,0.7632776934749621,0.7733732236350037,0.7705128205128206,0.7661169415292355,0.762406015037594,0.6666666666666666,0.6291666666666667,0.675,0.6666666666666666,0.6820083682008368,0.6746611053180396,0.6840458811261731,0.6266944734098019,0.6746611053180396,0.6708333333333333,0.6989247311827957,0.6666666666666666,0.675,0.6892655367231638,0.72,0.7094499294781382,0.7170596393897365,0.6266944734098019,0.7116991643454039,0.7041666666666667,0.8441558441558441,0.7891156462585034,1.0,0.8299319727891157,0.8235294117647058,0.825944170771757,0.8392857142857143,1.0,0.8295454545454546,0.8311475409836065,0.5964965267290848,0.5827298661400043,0.5,0.6192670616633751,0.6268809849521204,0.6186863711001642,0.6222667638483965,0.5,0.6130234561357011,0.611288056206089,"{'cls__hidden_layer_sizes': (100,), 'cls__learning_rate': 'adaptive', 'cls__learning_rate_init': 1e-05, 'cls__max_iter': 1000, 'cls__n_iter_no_change': 5, 'cls__random_state': 42, 'os__random_state': 42}",mlp,iforest,simple,none,smote,0.762959313461679
30.0,35.0,0.0,38.0,37.0,144.0,139.0,0.0,136.0,137.0,56.0,58.0,78.0,55.0,49.0,206.0,204.0,358.0,207.0,213.0,24.0,31.0,0.0,25.0,27.0,106.0,99.0,0.0,105.0,103.0,130.0,116.0,162.0,122.0,126.0,503.0,517.0,601.0,511.0,507.0,0.7647058823529411,0.7227414330218068,0.8059701492537313,0.7530864197530864,0.7682926829268293,0.7632776934749621,0.7733732236350037,0.7705128205128206,0.7661169415292355,0.762406015037594,0.6666666666666666,0.6291666666666667,0.675,0.6666666666666666,0.6820083682008368,0.6746611053180396,0.6840458811261731,0.6266944734098019,0.6746611053180396,0.6708333333333333,0.6989247311827957,0.6666666666666666,0.675,0.6892655367231638,0.72,0.7094499294781382,0.7170596393897365,0.6266944734098019,0.7116991643454039,0.7041666666666667,0.8441558441558441,0.7891156462585034,1.0,0.8299319727891157,0.8235294117647058,0.825944170771757,0.8392857142857143,1.0,0.8295454545454546,0.8311475409836065,0.5964965267290848,0.5827298661400043,0.5,0.6192670616633751,0.6268809849521204,0.6186863711001642,0.6222667638483965,0.5,0.6130234561357011,0.611288056206089,"{'cls__hidden_layer_sizes': (100,), 'cls__learning_rate': 'adaptive', 'cls__learning_rate_init': 1e-05, 'cls__max_iter': 1000, 'cls__n_iter_no_change': 5, 'cls__random_state': 42, 'os__random_state': 42}",mlp,iforest,simple,standard,smote,0.762959313461679
30.0,35.0,34.0,38.0,37.0,144.0,139.0,140.0,136.0,137.0,56.0,58.0,44.0,55.0,49.0,206.0,204.0,218.0,207.0,213.0,24.0,31.0,23.0,25.0,27.0,106.0,99.0,107.0,105.0,103.0,130.0,116.0,139.0,122.0,126.0,503.0,517.0,494.0,511.0,507.0,0.7647058823529411,0.7227414330218068,0.8057971014492753,0.7530864197530864,0.7682926829268293,0.7632776934749621,0.7733732236350037,0.7524752475247525,0.7661169415292355,0.762406015037594,0.6666666666666666,0.6291666666666667,0.7208333333333333,0.6666666666666666,0.6820083682008368,0.6746611053180396,0.6840458811261731,0.6611053180396246,0.6746611053180396,0.6708333333333333,0.6989247311827957,0.6666666666666666,0.7595628415300546,0.6892655367231638,0.72,0.7094499294781382,0.7170596393897365,0.6938202247191011,0.7116991643454039,0.7041666666666667,0.8441558441558441,0.7891156462585034,0.8580246913580247,0.8299319727891157,0.8235294117647058,0.825944170771757,0.8392857142857143,0.8219633943427621,0.8295454545454546,0.8311475409836065,0.5964965267290848,0.5827298661400043,0.6469610636277303,0.6192670616633751,0.6268809849521204,0.6186863711001642,0.6222667638483965,0.6065124234283643,0.6130234561357011,0.611288056206089,"{'cls__criterion': 'gini', 'cls__max_depth': 4, 'cls__max_features': 'log2', 'cls__random_state': 42}",rf,iforest,simple,none,none,0.7629247039007879
30.0,35.0,34.0,38.0,37.0,144.0,139.0,140.0,136.0,137.0,56.0,58.0,44.0,55.0,49.0,206.0,204.0,218.0,207.0,213.0,24.0,31.0,23.0,25.0,27.0,106.0,99.0,107.0,105.0,103.0,130.0,116.0,139.0,122.0,126.0,503.0,517.0,494.0,511.0,507.0,0.7647058823529411,0.7227414330218068,0.8057971014492753,0.7530864197530864,0.7682926829268293,0.7632776934749621,0.7733732236350037,0.7524752475247525,0.7661169415292355,0.762406015037594,0.6666666666666666,0.6291666666666667,0.7208333333333333,0.6666666666666666,0.6820083682008368,0.6746611053180396,0.6840458811261731,0.6611053180396246,0.6746611053180396,0.6708333333333333,0.6989247311827957,0.6666666666666666,0.7595628415300546,0.6892655367231638,0.72,0.7094499294781382,0.7170596393897365,0.6938202247191011,0.7116991643454039,0.7041666666666667,0.8441558441558441,0.7891156462585034,0.8580246913580247,0.8299319727891157,0.8235294117647058,0.825944170771757,0.8392857142857143,0.8219633943427621,0.8295454545454546,0.8311475409836065,0.5964965267290848,0.5827298661400043,0.6469610636277303,0.6192670616633751,0.6268809849521204,0.6186863711001642,0.6222667638483965,0.6065124234283643,0.6130234561357011,0.611288056206089,"{'cls__algorithm': 'SAMME', 'cls__learning_rate': 0.5, 'cls__n_estimators': 10, 'cls__random_state': 42}",ada,iforest,simple,none,none,0.7629247039007879
30.0,35.0,34.0,38.0,37.0,144.0,139.0,140.0,136.0,137.0,56.0,58.0,44.0,55.0,49.0,206.0,204.0,218.0,207.0,213.0,24.0,31.0,23.0,25.0,27.0,106.0,99.0,107.0,105.0,103.0,130.0,116.0,139.0,122.0,126.0,503.0,517.0,494.0,511.0,507.0,0.7647058823529411,0.7227414330218068,0.8057971014492753,0.7530864197530864,0.7682926829268293,0.7632776934749621,0.7733732236350037,0.7524752475247525,0.7661169415292355,0.762406015037594,0.6666666666666666,0.6291666666666667,0.7208333333333333,0.6666666666666666,0.6820083682008368,0.6746611053180396,0.6840458811261731,0.6611053180396246,0.6746611053180396,0.6708333333333333,0.6989247311827957,0.6666666666666666,0.7595628415300546,0.6892655367231638,0.72,0.7094499294781382,0.7170596393897365,0.6938202247191011,0.7116991643454039,0.7041666666666667,0.8441558441558441,0.7891156462585034,0.8580246913580247,0.8299319727891157,0.8235294117647058,0.825944170771757,0.8392857142857143,0.8219633943427621,0.8295454545454546,0.8311475409836065,0.5964965267290848,0.5827298661400043,0.6469610636277303,0.6192670616633751,0.6268809849521204,0.6186863711001642,0.6222667638483965,0.6065124234283643,0.6130234561357011,0.611288056206089,"{'cls__criterion': 'entropy', 'cls__max_depth': 2, 'cls__max_features': 'log2', 'cls__random_state': 42}",rf,iforest,simple,none,none,0.7629247039007879
30.0,35.0,34.0,38.0,37.0,144.0,139.0,140.0,136.0,137.0,56.0,58.0,44.0,55.0,49.0,206.0,204.0,218.0,207.0,213.0,24.0,31.0,23.0,25.0,27.0,106.0,99.0,107.0,105.0,103.0,130.0,116.0,139.0,122.0,126.0,503.0,517.0,494.0,511.0,507.0,0.7647058823529411,0.7227414330218068,0.8057971014492753,0.7530864197530864,0.7682926829268293,0.7632776934749621,0.7733732236350037,0.7524752475247525,0.7661169415292355,0.762406015037594,0.6666666666666666,0.6291666666666667,0.7208333333333333,0.6666666666666666,0.6820083682008368,0.6746611053180396,0.6840458811261731,0.6611053180396246,0.6746611053180396,0.6708333333333333,0.6989247311827957,0.6666666666666666,0.7595628415300546,0.6892655367231638,0.72,0.7094499294781382,0.7170596393897365,0.6938202247191011,0.7116991643454039,0.7041666666666667,0.8441558441558441,0.7891156462585034,0.8580246913580247,0.8299319727891157,0.8235294117647058,0.825944170771757,0.8392857142857143,0.8219633943427621,0.8295454545454546,0.8311475409836065,0.5964965267290848,0.5827298661400043,0.6469610636277303,0.6192670616633751,0.6268809849521204,0.6186863711001642,0.6222667638483965,0.6065124234283643,0.6130234561357011,0.611288056206089,"{'cls__criterion': 'entropy', 'cls__max_depth': 4, 'cls__max_features': 'log2', 'cls__random_state': 42}",rf,iforest,simple,none,none,0.7629247039007879
30.0,35.0,34.0,38.0,37.0,144.0,139.0,140.0,136.0,137.0,56.0,58.0,44.0,55.0,49.0,206.0,204.0,218.0,207.0,213.0,24.0,31.0,23.0,25.0,27.0,106.0,99.0,107.0,105.0,103.0,130.0,116.0,139.0,122.0,126.0,503.0,517.0,494.0,511.0,507.0,0.7647058823529411,0.7227414330218068,0.8057971014492753,0.7530864197530864,0.7682926829268293,0.7632776934749621,0.7733732236350037,0.7524752475247525,0.7661169415292355,0.762406015037594,0.6666666666666666,0.6291666666666667,0.7208333333333333,0.6666666666666666,0.6820083682008368,0.6746611053180396,0.6840458811261731,0.6611053180396246,0.6746611053180396,0.6708333333333333,0.6989247311827957,0.6666666666666666,0.7595628415300546,0.6892655367231638,0.72,0.7094499294781382,0.7170596393897365,0.6938202247191011,0.7116991643454039,0.7041666666666667,0.8441558441558441,0.7891156462585034,0.8580246913580247,0.8299319727891157,0.8235294117647058,0.825944170771757,0.8392857142857143,0.8219633943427621,0.8295454545454546,0.8311475409836065,0.5964965267290848,0.5827298661400043,0.6469610636277303,0.6192670616633751,0.6268809849521204,0.6186863711001642,0.6222667638483965,0.6065124234283643,0.6130234561357011,0.611288056206089,"{'cls__criterion': 'entropy', 'cls__max_depth': None, 'cls__max_features': 'log2', 'cls__random_state': 42}",rf,iforest,simple,none,none,0.7629247039007879
30.0,35.0,34.0,38.0,37.0,144.0,139.0,140.0,136.0,137.0,56.0,58.0,44.0,55.0,49.0,206.0,204.0,218.0,207.0,213.0,24.0,31.0,23.0,25.0,27.0,106.0,99.0,107.0,105.0,103.0,130.0,116.0,139.0,122.0,126.0,503.0,517.0,494.0,511.0,507.0,0.7647058823529411,0.7227414330218068,0.8057971014492753,0.7530864197530864,0.7682926829268293,0.7632776934749621,0.7733732236350037,0.7524752475247525,0.7661169415292355,0.762406015037594,0.6666666666666666,0.6291666666666667,0.7208333333333333,0.6666666666666666,0.6820083682008368,0.6746611053180396,0.6840458811261731,0.6611053180396246,0.6746611053180396,0.6708333333333333,0.6989247311827957,0.6666666666666666,0.7595628415300546,0.6892655367231638,0.72,0.7094499294781382,0.7170596393897365,0.6938202247191011,0.7116991643454039,0.7041666666666667,0.8441558441558441,0.7891156462585034,0.8580246913580247,0.8299319727891157,0.8235294117647058,0.825944170771757,0.8392857142857143,0.8219633943427621,0.8295454545454546,0.8311475409836065,0.5964965267290848,0.5827298661400043,0.6469610636277303,0.6192670616633751,0.6268809849521204,0.6186863711001642,0.6222667638483965,0.6065124234283643,0.6130234561357011,0.611288056206089,"{'cls__algorithm': 'SAMME', 'cls__learning_rate': 0.1, 'cls__n_estimators': 10, 'cls__random_state': 42}",ada,iforest,simple,none,none,0.7629247039007879
30.0,35.0,34.0,38.0,37.0,144.0,139.0,140.0,136.0,137.0,56.0,58.0,44.0,55.0,49.0,206.0,204.0,218.0,207.0,213.0,24.0,31.0,23.0,25.0,27.0,106.0,99.0,107.0,105.0,103.0,130.0,116.0,139.0,122.0,126.0,503.0,517.0,494.0,511.0,507.0,0.7647058823529411,0.7227414330218068,0.8057971014492753,0.7530864197530864,0.7682926829268293,0.7632776934749621,0.7733732236350037,0.7524752475247525,0.7661169415292355,0.762406015037594,0.6666666666666666,0.6291666666666667,0.7208333333333333,0.6666666666666666,0.6820083682008368,0.6746611053180396,0.6840458811261731,0.6611053180396246,0.6746611053180396,0.6708333333333333,0.6989247311827957,0.6666666666666666,0.7595628415300546,0.6892655367231638,0.72,0.7094499294781382,0.7170596393897365,0.6938202247191011,0.7116991643454039,0.7041666666666667,0.8441558441558441,0.7891156462585034,0.8580246913580247,0.8299319727891157,0.8235294117647058,0.825944170771757,0.8392857142857143,0.8219633943427621,0.8295454545454546,0.8311475409836065,0.5964965267290848,0.5827298661400043,0.6469610636277303,0.6192670616633751,0.6268809849521204,0.6186863711001642,0.6222667638483965,0.6065124234283643,0.6130234561357011,0.611288056206089,"{'cls__algorithm': 'SAMME', 'cls__learning_rate': 0.1, 'cls__n_estimators': 50, 'cls__random_state': 42}",ada,iforest,simple,none,none,0.7629247039007879
30.0,35.0,34.0,38.0,37.0,144.0,139.0,140.0,136.0,137.0,56.0,58.0,44.0,55.0,49.0,206.0,204.0,218.0,207.0,213.0,24.0,31.0,23.0,25.0,27.0,106.0,99.0,107.0,105.0,103.0,130.0,116.0,139.0,122.0,126.0,503.0,517.0,494.0,511.0,507.0,0.7647058823529411,0.7227414330218068,0.8057971014492753,0.7530864197530864,0.7682926829268293,0.7632776934749621,0.7733732236350037,0.7524752475247525,0.7661169415292355,0.762406015037594,0.6666666666666666,0.6291666666666667,0.7208333333333333,0.6666666666666666,0.6820083682008368,0.6746611053180396,0.6840458811261731,0.6611053180396246,0.6746611053180396,0.6708333333333333,0.6989247311827957,0.6666666666666666,0.7595628415300546,0.6892655367231638,0.72,0.7094499294781382,0.7170596393897365,0.6938202247191011,0.7116991643454039,0.7041666666666667,0.8441558441558441,0.7891156462585034,0.8580246913580247,0.8299319727891157,0.8235294117647058,0.825944170771757,0.8392857142857143,0.8219633943427621,0.8295454545454546,0.8311475409836065,0.5964965267290848,0.5827298661400043,0.6469610636277303,0.6192670616633751,0.6268809849521204,0.6186863711001642,0.6222667638483965,0.6065124234283643,0.6130234561357011,0.611288056206089,"{'cls__algorithm': 'SAMME', 'cls__learning_rate': 0.1, 'cls__n_estimators': 100, 'cls__random_state': 42}",ada,iforest,simple,none,none,0.7629247039007879
30.0,35.0,34.0,38.0,37.0,144.0,139.0,140.0,136.0,137.0,56.0,58.0,44.0,55.0,49.0,206.0,204.0,218.0,207.0,213.0,24.0,31.0,23.0,25.0,27.0,106.0,99.0,107.0,105.0,103.0,130.0,116.0,139.0,122.0,126.0,503.0,517.0,494.0,511.0,507.0,0.7647058823529411,0.7227414330218068,0.8057971014492753,0.7530864197530864,0.7682926829268293,0.7632776934749621,0.7733732236350037,0.7524752475247525,0.7661169415292355,0.762406015037594,0.6666666666666666,0.6291666666666667,0.7208333333333333,0.6666666666666666,0.6820083682008368,0.6746611053180396,0.6840458811261731,0.6611053180396246,0.6746611053180396,0.6708333333333333,0.6989247311827957,0.6666666666666666,0.7595628415300546,0.6892655367231638,0.72,0.7094499294781382,0.7170596393897365,0.6938202247191011,0.7116991643454039,0.7041666666666667,0.8441558441558441,0.7891156462585034,0.8580246913580247,0.8299319727891157,0.8235294117647058,0.825944170771757,0.8392857142857143,0.8219633943427621,0.8295454545454546,0.8311475409836065,0.5964965267290848,0.5827298661400043,0.6469610636277303,0.6192670616633751,0.6268809849521204,0.6186863711001642,0.6222667638483965,0.6065124234283643,0.6130234561357011,0.611288056206089,"{'cls__algorithm': 'SAMME', 'cls__learning_rate': 0.5, 'cls__n_estimators': 100, 'cls__random_state': 42}",ada,iforest,simple,none,none,0.7629247039007879
30.0,35.0,34.0,38.0,37.0,144.0,139.0,140.0,136.0,137.0,56.0,58.0,44.0,55.0,49.0,206.0,204.0,218.0,207.0,213.0,24.0,31.0,23.0,25.0,27.0,106.0,99.0,107.0,105.0,103.0,130.0,116.0,139.0,122.0,126.0,503.0,517.0,494.0,511.0,507.0,0.7647058823529411,0.7227414330218068,0.8057971014492753,0.7530864197530864,0.7682926829268293,0.7632776934749621,0.7733732236350037,0.7524752475247525,0.7661169415292355,0.762406015037594,0.6666666666666666,0.6291666666666667,0.7208333333333333,0.6666666666666666,0.6820083682008368,0.6746611053180396,0.6840458811261731,0.6611053180396246,0.6746611053180396,0.6708333333333333,0.6989247311827957,0.6666666666666666,0.7595628415300546,0.6892655367231638,0.72,0.7094499294781382,0.7170596393897365,0.6938202247191011,0.7116991643454039,0.7041666666666667,0.8441558441558441,0.7891156462585034,0.8580246913580247,0.8299319727891157,0.8235294117647058,0.825944170771757,0.8392857142857143,0.8219633943427621,0.8295454545454546,0.8311475409836065,0.5964965267290848,0.5827298661400043,0.6469610636277303,0.6192670616633751,0.6268809849521204,0.6186863711001642,0.6222667638483965,0.6065124234283643,0.6130234561357011,0.611288056206089,"{'cls__algorithm': 'SAMME', 'cls__learning_rate': 0.5, 'cls__n_estimators': 50, 'cls__random_state': 42}",ada,iforest,simple,none,none,0.7629247039007879
30.0,35.0,34.0,38.0,37.0,144.0,139.0,140.0,136.0,137.0,56.0,58.0,44.0,55.0,49.0,206.0,204.0,218.0,207.0,213.0,24.0,31.0,23.0,25.0,27.0,106.0,99.0,107.0,105.0,103.0,130.0,116.0,139.0,122.0,126.0,503.0,517.0,494.0,511.0,507.0,0.7647058823529411,0.7227414330218068,0.8057971014492753,0.7530864197530864,0.7682926829268293,0.7632776934749621,0.7733732236350037,0.7524752475247525,0.7661169415292355,0.762406015037594,0.6666666666666666,0.6291666666666667,0.7208333333333333,0.6666666666666666,0.6820083682008368,0.6746611053180396,0.6840458811261731,0.6611053180396246,0.6746611053180396,0.6708333333333333,0.6989247311827957,0.6666666666666666,0.7595628415300546,0.6892655367231638,0.72,0.7094499294781382,0.7170596393897365,0.6938202247191011,0.7116991643454039,0.7041666666666667,0.8441558441558441,0.7891156462585034,0.8580246913580247,0.8299319727891157,0.8235294117647058,0.825944170771757,0.8392857142857143,0.8219633943427621,0.8295454545454546,0.8311475409836065,0.5964965267290848,0.5827298661400043,0.6469610636277303,0.6192670616633751,0.6268809849521204,0.6186863711001642,0.6222667638483965,0.6065124234283643,0.6130234561357011,0.611288056206089,"{'cls__algorithm': 'SAMME', 'cls__learning_rate': 1.0, 'cls__n_estimators': 10, 'cls__random_state': 42}",ada,iforest,simple,none,none,0.7629247039007879
30.0,35.0,34.0,38.0,37.0,144.0,139.0,140.0,136.0,137.0,56.0,58.0,44.0,55.0,49.0,206.0,204.0,218.0,207.0,213.0,24.0,31.0,23.0,25.0,27.0,106.0,99.0,107.0,105.0,103.0,130.0,116.0,139.0,122.0,126.0,503.0,517.0,494.0,511.0,507.0,0.7647058823529411,0.7227414330218068,0.8057971014492753,0.7530864197530864,0.7682926829268293,0.7632776934749621,0.7733732236350037,0.7524752475247525,0.7661169415292355,0.762406015037594,0.6666666666666666,0.6291666666666667,0.7208333333333333,0.6666666666666666,0.6820083682008368,0.6746611053180396,0.6840458811261731,0.6611053180396246,0.6746611053180396,0.6708333333333333,0.6989247311827957,0.6666666666666666,0.7595628415300546,0.6892655367231638,0.72,0.7094499294781382,0.7170596393897365,0.6938202247191011,0.7116991643454039,0.7041666666666667,0.8441558441558441,0.7891156462585034,0.8580246913580247,0.8299319727891157,0.8235294117647058,0.825944170771757,0.8392857142857143,0.8219633943427621,0.8295454545454546,0.8311475409836065,0.5964965267290848,0.5827298661400043,0.6469610636277303,0.6192670616633751,0.6268809849521204,0.6186863711001642,0.6222667638483965,0.6065124234283643,0.6130234561357011,0.611288056206089,"{'cls__algorithm': 'SAMME', 'cls__learning_rate': 1.0, 'cls__n_estimators': 100, 'cls__random_state': 42}",ada,iforest,simple,none,none,0.7629247039007879
30.0,35.0,34.0,38.0,37.0,144.0,139.0,140.0,136.0,137.0,56.0,58.0,44.0,55.0,49.0,206.0,204.0,218.0,207.0,213.0,24.0,31.0,23.0,25.0,27.0,106.0,99.0,107.0,105.0,103.0,130.0,116.0,139.0,122.0,126.0,503.0,517.0,494.0,511.0,507.0,0.7647058823529411,0.7227414330218068,0.8057971014492753,0.7530864197530864,0.7682926829268293,0.7632776934749621,0.7733732236350037,0.7524752475247525,0.7661169415292355,0.762406015037594,0.6666666666666666,0.6291666666666667,0.7208333333333333,0.6666666666666666,0.6820083682008368,0.6746611053180396,0.6840458811261731,0.6611053180396246,0.6746611053180396,0.6708333333333333,0.6989247311827957,0.6666666666666666,0.7595628415300546,0.6892655367231638,0.72,0.7094499294781382,0.7170596393897365,0.6938202247191011,0.7116991643454039,0.7041666666666667,0.8441558441558441,0.7891156462585034,0.8580246913580247,0.8299319727891157,0.8235294117647058,0.825944170771757,0.8392857142857143,0.8219633943427621,0.8295454545454546,0.8311475409836065,0.5964965267290848,0.5827298661400043,0.6469610636277303,0.6192670616633751,0.6268809849521204,0.6186863711001642,0.6222667638483965,0.6065124234283643,0.6130234561357011,0.611288056206089,{},nb,iforest,simple,none,none,0.7629247039007879
30.0,35.0,34.0,38.0,37.0,144.0,139.0,140.0,136.0,137.0,56.0,58.0,44.0,55.0,49.0,206.0,204.0,218.0,207.0,213.0,24.0,31.0,23.0,25.0,27.0,106.0,99.0,107.0,105.0,103.0,130.0,116.0,139.0,122.0,126.0,503.0,517.0,494.0,511.0,507.0,0.7647058823529411,0.7227414330218068,0.8057971014492753,0.7530864197530864,0.7682926829268293,0.7632776934749621,0.7733732236350037,0.7524752475247525,0.7661169415292355,0.762406015037594,0.6666666666666666,0.6291666666666667,0.7208333333333333,0.6666666666666666,0.6820083682008368,0.6746611053180396,0.6840458811261731,0.6611053180396246,0.6746611053180396,0.6708333333333333,0.6989247311827957,0.6666666666666666,0.7595628415300546,0.6892655367231638,0.72,0.7094499294781382,0.7170596393897365,0.6938202247191011,0.7116991643454039,0.7041666666666667,0.8441558441558441,0.7891156462585034,0.8580246913580247,0.8299319727891157,0.8235294117647058,0.825944170771757,0.8392857142857143,0.8219633943427621,0.8295454545454546,0.8311475409836065,0.5964965267290848,0.5827298661400043,0.6469610636277303,0.6192670616633751,0.6268809849521204,0.6186863711001642,0.6222667638483965,0.6065124234283643,0.6130234561357011,0.611288056206089,"{'cls__hidden_layer_sizes': (100,), 'cls__learning_rate': 'adaptive', 'cls__learning_rate_init': 0.0001, 'cls__max_iter': 1000, 'cls__n_iter_no_change': 5, 'cls__random_state': 42}",mlp,iforest,simple,none,none,0.7629247039007879
30.0,35.0,34.0,38.0,37.0,144.0,139.0,140.0,136.0,137.0,56.0,58.0,44.0,55.0,49.0,206.0,204.0,218.0,207.0,213.0,24.0,31.0,23.0,25.0,27.0,106.0,99.0,107.0,105.0,103.0,130.0,116.0,139.0,122.0,126.0,503.0,517.0,494.0,511.0,507.0,0.7647058823529411,0.7227414330218068,0.8057971014492753,0.7530864197530864,0.7682926829268293,0.7632776934749621,0.7733732236350037,0.7524752475247525,0.7661169415292355,0.762406015037594,0.6666666666666666,0.6291666666666667,0.7208333333333333,0.6666666666666666,0.6820083682008368,0.6746611053180396,0.6840458811261731,0.6611053180396246,0.6746611053180396,0.6708333333333333,0.6989247311827957,0.6666666666666666,0.7595628415300546,0.6892655367231638,0.72,0.7094499294781382,0.7170596393897365,0.6938202247191011,0.7116991643454039,0.7041666666666667,0.8441558441558441,0.7891156462585034,0.8580246913580247,0.8299319727891157,0.8235294117647058,0.825944170771757,0.8392857142857143,0.8219633943427621,0.8295454545454546,0.8311475409836065,0.5964965267290848,0.5827298661400043,0.6469610636277303,0.6192670616633751,0.6268809849521204,0.6186863711001642,0.6222667638483965,0.6065124234283643,0.6130234561357011,0.611288056206089,"{'cls__hidden_layer_sizes': (100,), 'cls__learning_rate': 'adaptive', 'cls__learning_rate_init': 0.001, 'cls__max_iter': 1000, 'cls__n_iter_no_change': 5, 'cls__random_state': 42}",mlp,iforest,simple,none,none,0.7629247039007879
30.0,35.0,34.0,38.0,37.0,144.0,139.0,140.0,136.0,137.0,56.0,58.0,44.0,55.0,49.0,206.0,204.0,218.0,207.0,213.0,24.0,31.0,23.0,25.0,27.0,106.0,99.0,107.0,105.0,103.0,130.0,116.0,139.0,122.0,126.0,503.0,517.0,494.0,511.0,507.0,0.7647058823529411,0.7227414330218068,0.8057971014492753,0.7530864197530864,0.7682926829268293,0.7632776934749621,0.7733732236350037,0.7524752475247525,0.7661169415292355,0.762406015037594,0.6666666666666666,0.6291666666666667,0.7208333333333333,0.6666666666666666,0.6820083682008368,0.6746611053180396,0.6840458811261731,0.6611053180396246,0.6746611053180396,0.6708333333333333,0.6989247311827957,0.6666666666666666,0.7595628415300546,0.6892655367231638,0.72,0.7094499294781382,0.7170596393897365,0.6938202247191011,0.7116991643454039,0.7041666666666667,0.8441558441558441,0.7891156462585034,0.8580246913580247,0.8299319727891157,0.8235294117647058,0.825944170771757,0.8392857142857143,0.8219633943427621,0.8295454545454546,0.8311475409836065,0.5964965267290848,0.5827298661400043,0.6469610636277303,0.6192670616633751,0.6268809849521204,0.6186863711001642,0.6222667638483965,0.6065124234283643,0.6130234561357011,0.611288056206089,"{'cls__algorithm': 'SAMME', 'cls__learning_rate': 1.0, 'cls__n_estimators': 50, 'cls__random_state': 42}",ada,iforest,simple,none,none,0.7629247039007879
30.0,35.0,34.0,38.0,37.0,144.0,139.0,140.0,136.0,137.0,56.0,58.0,44.0,55.0,49.0,206.0,204.0,218.0,207.0,213.0,24.0,31.0,23.0,25.0,27.0,106.0,99.0,107.0,105.0,103.0,130.0,116.0,139.0,122.0,126.0,503.0,517.0,494.0,511.0,507.0,0.7647058823529411,0.7227414330218068,0.8057971014492753,0.7530864197530864,0.7682926829268293,0.7632776934749621,0.7733732236350037,0.7524752475247525,0.7661169415292355,0.762406015037594,0.6666666666666666,0.6291666666666667,0.7208333333333333,0.6666666666666666,0.6820083682008368,0.6746611053180396,0.6840458811261731,0.6611053180396246,0.6746611053180396,0.6708333333333333,0.6989247311827957,0.6666666666666666,0.7595628415300546,0.6892655367231638,0.72,0.7094499294781382,0.7170596393897365,0.6938202247191011,0.7116991643454039,0.7041666666666667,0.8441558441558441,0.7891156462585034,0.8580246913580247,0.8299319727891157,0.8235294117647058,0.825944170771757,0.8392857142857143,0.8219633943427621,0.8295454545454546,0.8311475409836065,0.5964965267290848,0.5827298661400043,0.6469610636277303,0.6192670616633751,0.6268809849521204,0.6186863711001642,0.6222667638483965,0.6065124234283643,0.6130234561357011,0.611288056206089,"{'cls__criterion': 'gini', 'cls__max_depth': None, 'cls__max_features': 'log2', 'cls__random_state': 42}",rf,iforest,simple,none,none,0.7629247039007879
30.0,35.0,34.0,38.0,37.0,144.0,139.0,140.0,136.0,137.0,56.0,58.0,44.0,55.0,49.0,206.0,204.0,218.0,207.0,213.0,24.0,31.0,23.0,25.0,27.0,106.0,99.0,107.0,105.0,103.0,130.0,116.0,139.0,122.0,126.0,503.0,517.0,494.0,511.0,507.0,0.7647058823529411,0.7227414330218068,0.8057971014492753,0.7530864197530864,0.7682926829268293,0.7632776934749621,0.7733732236350037,0.7524752475247525,0.7661169415292355,0.762406015037594,0.6666666666666666,0.6291666666666667,0.7208333333333333,0.6666666666666666,0.6820083682008368,0.6746611053180396,0.6840458811261731,0.6611053180396246,0.6746611053180396,0.6708333333333333,0.6989247311827957,0.6666666666666666,0.7595628415300546,0.6892655367231638,0.72,0.7094499294781382,0.7170596393897365,0.6938202247191011,0.7116991643454039,0.7041666666666667,0.8441558441558441,0.7891156462585034,0.8580246913580247,0.8299319727891157,0.8235294117647058,0.825944170771757,0.8392857142857143,0.8219633943427621,0.8295454545454546,0.8311475409836065,0.5964965267290848,0.5827298661400043,0.6469610636277303,0.6192670616633751,0.6268809849521204,0.6186863711001642,0.6222667638483965,0.6065124234283643,0.6130234561357011,0.611288056206089,"{'cls__criterion': 'gini', 'cls__max_depth': 2, 'cls__max_features': 'log2', 'cls__random_state': 42}",rf,iforest,simple,none,none,0.7629247039007879
30.0,35.0,34.0,38.0,37.0,144.0,139.0,140.0,136.0,137.0,56.0,58.0,44.0,55.0,49.0,206.0,204.0,218.0,207.0,213.0,24.0,31.0,23.0,25.0,27.0,106.0,99.0,107.0,105.0,103.0,130.0,116.0,139.0,122.0,126.0,503.0,517.0,494.0,511.0,507.0,0.7647058823529411,0.7227414330218068,0.8057971014492753,0.7530864197530864,0.7682926829268293,0.7632776934749621,0.7733732236350037,0.7524752475247525,0.7661169415292355,0.762406015037594,0.6666666666666666,0.6291666666666667,0.7208333333333333,0.6666666666666666,0.6820083682008368,0.6746611053180396,0.6840458811261731,0.6611053180396246,0.6746611053180396,0.6708333333333333,0.6989247311827957,0.6666666666666666,0.7595628415300546,0.6892655367231638,0.72,0.7094499294781382,0.7170596393897365,0.6938202247191011,0.7116991643454039,0.7041666666666667,0.8441558441558441,0.7891156462585034,0.8580246913580247,0.8299319727891157,0.8235294117647058,0.825944170771757,0.8392857142857143,0.8219633943427621,0.8295454545454546,0.8311475409836065,0.5964965267290848,0.5827298661400043,0.6469610636277303,0.6192670616633751,0.6268809849521204,0.6186863711001642,0.6222667638483965,0.6065124234283643,0.6130234561357011,0.611288056206089,"{'cls__C': 0.1, 'cls__probability': True, 'cls__random_state': 42}",svc,iforest,simple,none,none,0.7629247039007879
30.0,35.0,34.0,38.0,37.0,144.0,139.0,140.0,136.0,137.0,56.0,58.0,44.0,55.0,49.0,206.0,204.0,218.0,207.0,213.0,24.0,31.0,23.0,25.0,27.0,106.0,99.0,107.0,105.0,103.0,130.0,116.0,139.0,122.0,126.0,503.0,517.0,494.0,511.0,507.0,0.7647058823529411,0.7227414330218068,0.8057971014492753,0.7530864197530864,0.7682926829268293,0.7632776934749621,0.7733732236350037,0.7524752475247525,0.7661169415292355,0.762406015037594,0.6666666666666666,0.6291666666666667,0.7208333333333333,0.6666666666666666,0.6820083682008368,0.6746611053180396,0.6840458811261731,0.6611053180396246,0.6746611053180396,0.6708333333333333,0.6989247311827957,0.6666666666666666,0.7595628415300546,0.6892655367231638,0.72,0.7094499294781382,0.7170596393897365,0.6938202247191011,0.7116991643454039,0.7041666666666667,0.8441558441558441,0.7891156462585034,0.8580246913580247,0.8299319727891157,0.8235294117647058,0.825944170771757,0.8392857142857143,0.8219633943427621,0.8295454545454546,0.8311475409836065,0.5964965267290848,0.5827298661400043,0.6469610636277303,0.6192670616633751,0.6268809849521204,0.6186863711001642,0.6222667638483965,0.6065124234283643,0.6130234561357011,0.611288056206089,"{'cls__C': 0.1, 'cls__probability': True, 'cls__random_state': 42}",svc,iforest,simple,standard,none,0.7629247039007879
30.0,35.0,34.0,38.0,37.0,144.0,139.0,140.0,136.0,137.0,56.0,58.0,44.0,55.0,49.0,206.0,204.0,218.0,207.0,213.0,24.0,31.0,23.0,25.0,27.0,106.0,99.0,107.0,105.0,103.0,130.0,116.0,139.0,122.0,126.0,503.0,517.0,494.0,511.0,507.0,0.7647058823529411,0.7227414330218068,0.8057971014492753,0.7530864197530864,0.7682926829268293,0.7632776934749621,0.7733732236350037,0.7524752475247525,0.7661169415292355,0.762406015037594,0.6666666666666666,0.6291666666666667,0.7208333333333333,0.6666666666666666,0.6820083682008368,0.6746611053180396,0.6840458811261731,0.6611053180396246,0.6746611053180396,0.6708333333333333,0.6989247311827957,0.6666666666666666,0.7595628415300546,0.6892655367231638,0.72,0.7094499294781382,0.7170596393897365,0.6938202247191011,0.7116991643454039,0.7041666666666667,0.8441558441558441,0.7891156462585034,0.8580246913580247,0.8299319727891157,0.8235294117647058,0.825944170771757,0.8392857142857143,0.8219633943427621,0.8295454545454546,0.8311475409836065,0.5964965267290848,0.5827298661400043,0.6469610636277303,0.6192670616633751,0.6268809849521204,0.6186863711001642,0.6222667638483965,0.6065124234283643,0.6130234561357011,0.611288056206089,"{'cls__hidden_layer_sizes': (100,), 'cls__learning_rate': 'adaptive', 'cls__learning_rate_init': 0.001, 'cls__max_iter': 1000, 'cls__n_iter_no_change': 5, 'cls__random_state': 42}",mlp,iforest,simple,minmax,none,0.7629247039007879
30.0,35.0,34.0,38.0,37.0,144.0,139.0,140.0,136.0,137.0,56.0,58.0,44.0,55.0,49.0,206.0,204.0,218.0,207.0,213.0,24.0,31.0,23.0,25.0,27.0,106.0,99.0,107.0,105.0,103.0,130.0,116.0,139.0,122.0,126.0,503.0,517.0,494.0,511.0,507.0,0.7647058823529411,0.7227414330218068,0.8057971014492753,0.7530864197530864,0.7682926829268293,0.7632776934749621,0.7733732236350037,0.7524752475247525,0.7661169415292355,0.762406015037594,0.6666666666666666,0.6291666666666667,0.7208333333333333,0.6666666666666666,0.6820083682008368,0.6746611053180396,0.6840458811261731,0.6611053180396246,0.6746611053180396,0.6708333333333333,0.6989247311827957,0.6666666666666666,0.7595628415300546,0.6892655367231638,0.72,0.7094499294781382,0.7170596393897365,0.6938202247191011,0.7116991643454039,0.7041666666666667,0.8441558441558441,0.7891156462585034,0.8580246913580247,0.8299319727891157,0.8235294117647058,0.825944170771757,0.8392857142857143,0.8219633943427621,0.8295454545454546,0.8311475409836065,0.5964965267290848,0.5827298661400043,0.6469610636277303,0.6192670616633751,0.6268809849521204,0.6186863711001642,0.6222667638483965,0.6065124234283643,0.6130234561357011,0.611288056206089,"{'cls__hidden_layer_sizes': (100,), 'cls__learning_rate': 'adaptive', 'cls__learning_rate_init': 0.0001, 'cls__max_iter': 1000, 'cls__n_iter_no_change': 5, 'cls__random_state': 42}",mlp,iforest,simple,minmax,none,0.7629247039007879
30.0,35.0,34.0,38.0,37.0,144.0,139.0,140.0,136.0,137.0,56.0,58.0,44.0,55.0,49.0,206.0,204.0,218.0,207.0,213.0,24.0,31.0,23.0,25.0,27.0,106.0,99.0,107.0,105.0,103.0,130.0,116.0,139.0,122.0,126.0,503.0,517.0,494.0,511.0,507.0,0.7647058823529411,0.7227414330218068,0.8057971014492753,0.7530864197530864,0.7682926829268293,0.7632776934749621,0.7733732236350037,0.7524752475247525,0.7661169415292355,0.762406015037594,0.6666666666666666,0.6291666666666667,0.7208333333333333,0.6666666666666666,0.6820083682008368,0.6746611053180396,0.6840458811261731,0.6611053180396246,0.6746611053180396,0.6708333333333333,0.6989247311827957,0.6666666666666666,0.7595628415300546,0.6892655367231638,0.72,0.7094499294781382,0.7170596393897365,0.6938202247191011,0.7116991643454039,0.7041666666666667,0.8441558441558441,0.7891156462585034,0.8580246913580247,0.8299319727891157,0.8235294117647058,0.825944170771757,0.8392857142857143,0.8219633943427621,0.8295454545454546,0.8311475409836065,0.5964965267290848,0.5827298661400043,0.6469610636277303,0.6192670616633751,0.6268809849521204,0.6186863711001642,0.6222667638483965,0.6065124234283643,0.6130234561357011,0.611288056206089,{},nb,iforest,simple,minmax,none,0.7629247039007879
30.0,35.0,34.0,38.0,37.0,144.0,139.0,140.0,136.0,137.0,56.0,58.0,44.0,55.0,49.0,206.0,204.0,218.0,207.0,213.0,24.0,31.0,23.0,25.0,27.0,106.0,99.0,107.0,105.0,103.0,130.0,116.0,139.0,122.0,126.0,503.0,517.0,494.0,511.0,507.0,0.7647058823529411,0.7227414330218068,0.8057971014492753,0.7530864197530864,0.7682926829268293,0.7632776934749621,0.7733732236350037,0.7524752475247525,0.7661169415292355,0.762406015037594,0.6666666666666666,0.6291666666666667,0.7208333333333333,0.6666666666666666,0.6820083682008368,0.6746611053180396,0.6840458811261731,0.6611053180396246,0.6746611053180396,0.6708333333333333,0.6989247311827957,0.6666666666666666,0.7595628415300546,0.6892655367231638,0.72,0.7094499294781382,0.7170596393897365,0.6938202247191011,0.7116991643454039,0.7041666666666667,0.8441558441558441,0.7891156462585034,0.8580246913580247,0.8299319727891157,0.8235294117647058,0.825944170771757,0.8392857142857143,0.8219633943427621,0.8295454545454546,0.8311475409836065,0.5964965267290848,0.5827298661400043,0.6469610636277303,0.6192670616633751,0.6268809849521204,0.6186863711001642,0.6222667638483965,0.6065124234283643,0.6130234561357011,0.611288056206089,"{'cls__C': 10, 'cls__probability': True, 'cls__random_state': 42}",svc,iforest,simple,minmax,none,0.7629247039007879
30.0,35.0,34.0,38.0,37.0,144.0,139.0,140.0,136.0,137.0,56.0,58.0,44.0,55.0,49.0,206.0,204.0,218.0,207.0,213.0,24.0,31.0,23.0,25.0,27.0,106.0,99.0,107.0,105.0,103.0,130.0,116.0,139.0,122.0,126.0,503.0,517.0,494.0,511.0,507.0,0.7647058823529411,0.7227414330218068,0.8057971014492753,0.7530864197530864,0.7682926829268293,0.7632776934749621,0.7733732236350037,0.7524752475247525,0.7661169415292355,0.762406015037594,0.6666666666666666,0.6291666666666667,0.7208333333333333,0.6666666666666666,0.6820083682008368,0.6746611053180396,0.6840458811261731,0.6611053180396246,0.6746611053180396,0.6708333333333333,0.6989247311827957,0.6666666666666666,0.7595628415300546,0.6892655367231638,0.72,0.7094499294781382,0.7170596393897365,0.6938202247191011,0.7116991643454039,0.7041666666666667,0.8441558441558441,0.7891156462585034,0.8580246913580247,0.8299319727891157,0.8235294117647058,0.825944170771757,0.8392857142857143,0.8219633943427621,0.8295454545454546,0.8311475409836065,0.5964965267290848,0.5827298661400043,0.6469610636277303,0.6192670616633751,0.6268809849521204,0.6186863711001642,0.6222667638483965,0.6065124234283643,0.6130234561357011,0.611288056206089,"{'cls__C': 1, 'cls__probability': True, 'cls__random_state': 42}",svc,iforest,simple,minmax,none,0.7629247039007879
30.0,35.0,34.0,38.0,37.0,144.0,139.0,140.0,136.0,137.0,56.0,58.0,44.0,55.0,49.0,206.0,204.0,218.0,207.0,213.0,24.0,31.0,23.0,25.0,27.0,106.0,99.0,107.0,105.0,103.0,130.0,116.0,139.0,122.0,126.0,503.0,517.0,494.0,511.0,507.0,0.7647058823529411,0.7227414330218068,0.8057971014492753,0.7530864197530864,0.7682926829268293,0.7632776934749621,0.7733732236350037,0.7524752475247525,0.7661169415292355,0.762406015037594,0.6666666666666666,0.6291666666666667,0.7208333333333333,0.6666666666666666,0.6820083682008368,0.6746611053180396,0.6840458811261731,0.6611053180396246,0.6746611053180396,0.6708333333333333,0.6989247311827957,0.6666666666666666,0.7595628415300546,0.6892655367231638,0.72,0.7094499294781382,0.7170596393897365,0.6938202247191011,0.7116991643454039,0.7041666666666667,0.8441558441558441,0.7891156462585034,0.8580246913580247,0.8299319727891157,0.8235294117647058,0.825944170771757,0.8392857142857143,0.8219633943427621,0.8295454545454546,0.8311475409836065,0.5964965267290848,0.5827298661400043,0.6469610636277303,0.6192670616633751,0.6268809849521204,0.6186863711001642,0.6222667638483965,0.6065124234283643,0.6130234561357011,0.611288056206089,"{'cls__C': 0.1, 'cls__probability': True, 'cls__random_state': 42}",svc,iforest,simple,minmax,none,0.7629247039007879
30.0,35.0,34.0,38.0,37.0,144.0,139.0,140.0,136.0,137.0,56.0,58.0,44.0,55.0,49.0,206.0,204.0,218.0,207.0,213.0,24.0,31.0,23.0,25.0,27.0,106.0,99.0,107.0,105.0,103.0,130.0,116.0,139.0,122.0,126.0,503.0,517.0,494.0,511.0,507.0,0.7647058823529411,0.7227414330218068,0.8057971014492753,0.7530864197530864,0.7682926829268293,0.7632776934749621,0.7733732236350037,0.7524752475247525,0.7661169415292355,0.762406015037594,0.6666666666666666,0.6291666666666667,0.7208333333333333,0.6666666666666666,0.6820083682008368,0.6746611053180396,0.6840458811261731,0.6611053180396246,0.6746611053180396,0.6708333333333333,0.6989247311827957,0.6666666666666666,0.7595628415300546,0.6892655367231638,0.72,0.7094499294781382,0.7170596393897365,0.6938202247191011,0.7116991643454039,0.7041666666666667,0.8441558441558441,0.7891156462585034,0.8580246913580247,0.8299319727891157,0.8235294117647058,0.825944170771757,0.8392857142857143,0.8219633943427621,0.8295454545454546,0.8311475409836065,0.5964965267290848,0.5827298661400043,0.6469610636277303,0.6192670616633751,0.6268809849521204,0.6186863711001642,0.6222667638483965,0.6065124234283643,0.6130234561357011,0.611288056206089,{},nb,iforest,simple,standard,none,0.7629247039007879
30.0,35.0,34.0,38.0,37.0,144.0,139.0,140.0,136.0,137.0,56.0,58.0,44.0,55.0,49.0,206.0,204.0,218.0,207.0,213.0,24.0,31.0,23.0,25.0,27.0,106.0,99.0,107.0,105.0,103.0,130.0,116.0,139.0,122.0,126.0,503.0,517.0,494.0,511.0,507.0,0.7647058823529411,0.7227414330218068,0.8057971014492753,0.7530864197530864,0.7682926829268293,0.7632776934749621,0.7733732236350037,0.7524752475247525,0.7661169415292355,0.762406015037594,0.6666666666666666,0.6291666666666667,0.7208333333333333,0.6666666666666666,0.6820083682008368,0.6746611053180396,0.6840458811261731,0.6611053180396246,0.6746611053180396,0.6708333333333333,0.6989247311827957,0.6666666666666666,0.7595628415300546,0.6892655367231638,0.72,0.7094499294781382,0.7170596393897365,0.6938202247191011,0.7116991643454039,0.7041666666666667,0.8441558441558441,0.7891156462585034,0.8580246913580247,0.8299319727891157,0.8235294117647058,0.825944170771757,0.8392857142857143,0.8219633943427621,0.8295454545454546,0.8311475409836065,0.5964965267290848,0.5827298661400043,0.6469610636277303,0.6192670616633751,0.6268809849521204,0.6186863711001642,0.6222667638483965,0.6065124234283643,0.6130234561357011,0.611288056206089,"{'cls__hidden_layer_sizes': (100,), 'cls__learning_rate': 'adaptive', 'cls__learning_rate_init': 0.0001, 'cls__max_iter': 1000, 'cls__n_iter_no_change': 5, 'cls__random_state': 42}",mlp,iforest,simple,standard,none,0.7629247039007879
30.0,35.0,34.0,38.0,37.0,144.0,139.0,140.0,136.0,137.0,56.0,58.0,44.0,55.0,49.0,206.0,204.0,218.0,207.0,213.0,24.0,31.0,23.0,25.0,27.0,106.0,99.0,107.0,105.0,103.0,130.0,116.0,139.0,122.0,126.0,503.0,517.0,494.0,511.0,507.0,0.7647058823529411,0.7227414330218068,0.8057971014492753,0.7530864197530864,0.7682926829268293,0.7632776934749621,0.7733732236350037,0.7524752475247525,0.7661169415292355,0.762406015037594,0.6666666666666666,0.6291666666666667,0.7208333333333333,0.6666666666666666,0.6820083682008368,0.6746611053180396,0.6840458811261731,0.6611053180396246,0.6746611053180396,0.6708333333333333,0.6989247311827957,0.6666666666666666,0.7595628415300546,0.6892655367231638,0.72,0.7094499294781382,0.7170596393897365,0.6938202247191011,0.7116991643454039,0.7041666666666667,0.8441558441558441,0.7891156462585034,0.8580246913580247,0.8299319727891157,0.8235294117647058,0.825944170771757,0.8392857142857143,0.8219633943427621,0.8295454545454546,0.8311475409836065,0.5964965267290848,0.5827298661400043,0.6469610636277303,0.6192670616633751,0.6268809849521204,0.6186863711001642,0.6222667638483965,0.6065124234283643,0.6130234561357011,0.611288056206089,"{'cls__C': 10, 'cls__probability': True, 'cls__random_state': 42}",svc,iforest,simple,standard,none,0.7629247039007879
30.0,35.0,34.0,38.0,37.0,144.0,139.0,140.0,136.0,137.0,56.0,58.0,44.0,55.0,49.0,206.0,204.0,218.0,207.0,213.0,24.0,31.0,23.0,25.0,27.0,106.0,99.0,107.0,105.0,103.0,130.0,116.0,139.0,122.0,126.0,503.0,517.0,494.0,511.0,507.0,0.7647058823529411,0.7227414330218068,0.8057971014492753,0.7530864197530864,0.7682926829268293,0.7632776934749621,0.7733732236350037,0.7524752475247525,0.7661169415292355,0.762406015037594,0.6666666666666666,0.6291666666666667,0.7208333333333333,0.6666666666666666,0.6820083682008368,0.6746611053180396,0.6840458811261731,0.6611053180396246,0.6746611053180396,0.6708333333333333,0.6989247311827957,0.6666666666666666,0.7595628415300546,0.6892655367231638,0.72,0.7094499294781382,0.7170596393897365,0.6938202247191011,0.7116991643454039,0.7041666666666667,0.8441558441558441,0.7891156462585034,0.8580246913580247,0.8299319727891157,0.8235294117647058,0.825944170771757,0.8392857142857143,0.8219633943427621,0.8295454545454546,0.8311475409836065,0.5964965267290848,0.5827298661400043,0.6469610636277303,0.6192670616633751,0.6268809849521204,0.6186863711001642,0.6222667638483965,0.6065124234283643,0.6130234561357011,0.611288056206089,"{'cls__hidden_layer_sizes': (100,), 'cls__learning_rate': 'adaptive', 'cls__learning_rate_init': 0.001, 'cls__max_iter': 1000, 'cls__n_iter_no_change': 5, 'cls__random_state': 42}",mlp,iforest,simple,standard,none,0.7629247039007879
30.0,35.0,34.0,38.0,37.0,144.0,139.0,140.0,136.0,137.0,56.0,58.0,44.0,55.0,49.0,206.0,204.0,218.0,207.0,213.0,24.0,31.0,23.0,25.0,27.0,106.0,99.0,107.0,105.0,103.0,130.0,116.0,139.0,122.0,126.0,503.0,517.0,494.0,511.0,507.0,0.7647058823529411,0.7227414330218068,0.8057971014492753,0.7530864197530864,0.7682926829268293,0.7632776934749621,0.7733732236350037,0.7524752475247525,0.7661169415292355,0.762406015037594,0.6666666666666666,0.6291666666666667,0.7208333333333333,0.6666666666666666,0.6820083682008368,0.6746611053180396,0.6840458811261731,0.6611053180396246,0.6746611053180396,0.6708333333333333,0.6989247311827957,0.6666666666666666,0.7595628415300546,0.6892655367231638,0.72,0.7094499294781382,0.7170596393897365,0.6938202247191011,0.7116991643454039,0.7041666666666667,0.8441558441558441,0.7891156462585034,0.8580246913580247,0.8299319727891157,0.8235294117647058,0.825944170771757,0.8392857142857143,0.8219633943427621,0.8295454545454546,0.8311475409836065,0.5964965267290848,0.5827298661400043,0.6469610636277303,0.6192670616633751,0.6268809849521204,0.6186863711001642,0.6222667638483965,0.6065124234283643,0.6130234561357011,0.611288056206089,"{'cls__C': 1, 'cls__probability': True, 'cls__random_state': 42}",svc,iforest,simple,standard,none,0.7629247039007879
30.0,35.0,34.0,38.0,37.0,144.0,139.0,140.0,136.0,137.0,56.0,58.0,44.0,55.0,49.0,206.0,204.0,218.0,207.0,213.0,24.0,31.0,23.0,25.0,27.0,106.0,99.0,107.0,105.0,103.0,130.0,116.0,139.0,122.0,126.0,503.0,517.0,494.0,511.0,507.0,0.7647058823529411,0.7227414330218068,0.8057971014492753,0.7530864197530864,0.7682926829268293,0.7632776934749621,0.7733732236350037,0.7524752475247525,0.7661169415292355,0.762406015037594,0.6666666666666666,0.6291666666666667,0.7208333333333333,0.6666666666666666,0.6820083682008368,0.6746611053180396,0.6840458811261731,0.6611053180396246,0.6746611053180396,0.6708333333333333,0.6989247311827957,0.6666666666666666,0.7595628415300546,0.6892655367231638,0.72,0.7094499294781382,0.7170596393897365,0.6938202247191011,0.7116991643454039,0.7041666666666667,0.8441558441558441,0.7891156462585034,0.8580246913580247,0.8299319727891157,0.8235294117647058,0.825944170771757,0.8392857142857143,0.8219633943427621,0.8295454545454546,0.8311475409836065,0.5964965267290848,0.5827298661400043,0.6469610636277303,0.6192670616633751,0.6268809849521204,0.6186863711001642,0.6222667638483965,0.6065124234283643,0.6130234561357011,0.611288056206089,"{'cls__C': 10, 'cls__probability': True, 'cls__random_state': 42}",svc,iforest,simple,none,none,0.7629247039007879
30.0,35.0,34.0,38.0,37.0,144.0,139.0,140.0,136.0,137.0,56.0,58.0,44.0,55.0,49.0,206.0,204.0,218.0,207.0,213.0,24.0,31.0,23.0,25.0,27.0,106.0,99.0,107.0,105.0,103.0,130.0,116.0,139.0,122.0,126.0,503.0,517.0,494.0,511.0,507.0,0.7647058823529411,0.7227414330218068,0.8057971014492753,0.7530864197530864,0.7682926829268293,0.7632776934749621,0.7733732236350037,0.7524752475247525,0.7661169415292355,0.762406015037594,0.6666666666666666,0.6291666666666667,0.7208333333333333,0.6666666666666666,0.6820083682008368,0.6746611053180396,0.6840458811261731,0.6611053180396246,0.6746611053180396,0.6708333333333333,0.6989247311827957,0.6666666666666666,0.7595628415300546,0.6892655367231638,0.72,0.7094499294781382,0.7170596393897365,0.6938202247191011,0.7116991643454039,0.7041666666666667,0.8441558441558441,0.7891156462585034,0.8580246913580247,0.8299319727891157,0.8235294117647058,0.825944170771757,0.8392857142857143,0.8219633943427621,0.8295454545454546,0.8311475409836065,0.5964965267290848,0.5827298661400043,0.6469610636277303,0.6192670616633751,0.6268809849521204,0.6186863711001642,0.6222667638483965,0.6065124234283643,0.6130234561357011,0.611288056206089,"{'cls__C': 1, 'cls__probability': True, 'cls__random_state': 42}",svc,iforest,simple,none,none,0.7629247039007879
103.0,74.0,73.0,93.0,90.0,380.0,321.0,322.0,392.0,382.0,38.0,56.0,79.0,31.0,41.0,157.0,227.0,204.0,162.0,165.0,74.0,41.0,30.0,73.0,56.0,255.0,141.0,152.0,246.0,246.0,140.0,184.0,173.0,158.0,167.0,627.0,730.0,741.0,619.0,627.0,0.7142857142857143,0.7913978494623657,0.7604395604395604,0.7523809523809524,0.7749419953596287,0.7527010804321729,0.798687089715536,0.8063112078346028,0.7521263669501823,0.7531531531531531,0.6845070422535211,0.7267605633802817,0.6929577464788732,0.7070422535211267,0.7259887005649718,0.7096546863988724,0.740662438336857,0.7491190979563073,0.7124735729386892,0.7105633802816902,0.7865168539325843,0.7666666666666667,0.6865079365079365,0.8359788359788359,0.8028846153846154,0.7997448979591837,0.7628004179728317,0.7841269841269841,0.7925736235595391,0.7916666666666666,0.6542056074766355,0.8177777777777778,0.8522167487684729,0.683982683982684,0.7488789237668162,0.7108843537414966,0.8381171067738232,0.8297872340425532,0.715606936416185,0.718213058419244,0.6923510306886723,0.6935042735042735,0.6662399533316048,0.7169913419913421,0.7179509122650876,0.7092596815262417,0.7119417650657438,0.7209772672113908,0.7115940819265041,0.7082838601054173,"{'cls__algorithm': 'SAMME', 'cls__learning_rate': 1.0, 'cls__n_estimators': 10, 'cls__random_state': 42, 'os__random_state': 42}",ada,lof,simple,none,smote,0.7586892143856443
91.0,83.0,82.0,89.0,102.0,390.0,305.0,319.0,400.0,400.0,50.0,67.0,62.0,33.0,29.0,157.0,233.0,225.0,166.0,157.0,74.0,26.0,41.0,79.0,66.0,235.0,141.0,143.0,252.0,282.0,144.0,183.0,173.0,157.0,161.0,651.0,754.0,747.0,616.0,595.0,0.6990291262135923,0.7973856209150327,0.7706013363028953,0.7370892018779344,0.7721822541966427,0.7685950413223139,0.8012752391073326,0.8023630504833512,0.7466666666666667,0.7305095150399017,0.6545961002785515,0.7409470752089137,0.7122905027932961,0.6871508379888268,0.7346368715083799,0.7264480111653873,0.7390090718771808,0.7433751743375174,0.708507670850767,0.693863319386332,0.7422680412371134,0.732,0.7361702127659574,0.8263157894736842,0.8473684210526315,0.8056930693069307,0.7639311043566362,0.7685185185185185,0.7877237851662404,0.7912234042553191,0.6605504587155964,0.8755980861244019,0.8084112149532711,0.6652542372881356,0.7092511013215859,0.7347629796839729,0.8424581005586592,0.8393258426966292,0.7096774193548387,0.6784492588369442,0.652970264818791,0.7144657097288676,0.6889278296988578,0.6973812170047236,0.7439385277600296,0.7238714349973795,0.7046862993499616,0.7128614507600793,0.7081956001367833,0.6982910567075207,"{'cls__algorithm': 'SAMME', 'cls__learning_rate': 1.0, 'cls__n_estimators': 10, 'cls__random_state': 42, 'os__random_state': 42}",ada,none,simple,none,smote,0.7552575079012195
100.0,90.0,69.0,103.0,90.0,372.0,382.0,313.0,470.0,382.0,41.0,40.0,83.0,21.0,41.0,165.0,166.0,213.0,84.0,165.0,58.0,64.0,26.0,107.0,56.0,244.0,238.0,139.0,359.0,246.0,156.0,161.0,177.0,124.0,167.0,638.0,633.0,754.0,506.0,627.0,0.759124087591241,0.755868544600939,0.7645788336933045,0.6595744680851064,0.7749419953596287,0.7572700296735904,0.7580838323353294,0.810752688172043,0.6955326460481099,0.7531531531531531,0.7211267605633803,0.7070422535211267,0.6929577464788732,0.6394366197183099,0.7259887005649718,0.711768851303735,0.715292459478506,0.751937984496124,0.6878083157152924,0.7105633802816902,0.7918781725888325,0.8009950248756219,0.6807692307692308,0.8551724137931035,0.8028846153846154,0.7945205479452054,0.7922403003754693,0.7797311271975181,0.8576271186440678,0.7916666666666666,0.7289719626168224,0.7155555555555555,0.8719211822660099,0.5367965367965368,0.7488789237668162,0.7233560090702947,0.7267508610792193,0.8443449048152296,0.584971098265896,0.718213058419244,0.7190959103864253,0.7039316239316239,0.6629342753435312,0.6837208490434297,0.7179509122650876,0.7080467196189462,0.7119155765250111,0.7197009695178811,0.716673274764717,0.7082838601054173,"{'cls__hidden_layer_sizes': (100,), 'cls__learning_rate': 'adaptive', 'cls__learning_rate_init': 0.0001, 'cls__max_iter': 1000, 'cls__n_iter_no_change': 5, 'cls__random_state': 42, 'os__random_state': 42}",mlp,lof,simple,none,smote,0.7428175858660439
100.0,90.0,69.0,103.0,90.0,372.0,382.0,313.0,483.0,382.0,41.0,40.0,83.0,21.0,41.0,165.0,166.0,213.0,71.0,165.0,58.0,64.0,26.0,112.0,56.0,244.0,238.0,139.0,371.0,246.0,156.0,161.0,177.0,119.0,167.0,638.0,633.0,754.0,494.0,627.0,0.759124087591241,0.755868544600939,0.7645788336933045,0.6415094339622641,0.7749419953596287,0.7572700296735904,0.7580838323353294,0.810752688172043,0.690909090909091,0.7531531531531531,0.7211267605633803,0.7070422535211267,0.6929577464788732,0.6253521126760564,0.7259887005649718,0.711768851303735,0.715292459478506,0.751937984496124,0.6885130373502466,0.7105633802816902,0.7918781725888325,0.8009950248756219,0.6807692307692308,0.85,0.8028846153846154,0.7945205479452054,0.7922403003754693,0.7797311271975181,0.8743362831858407,0.7916666666666666,0.7289719626168224,0.7155555555555555,0.8719211822660099,0.5151515151515151,0.7488789237668162,0.7233560090702947,0.7267508610792193,0.8443449048152296,0.5710982658959538,0.718213058419244,0.7190959103864253,0.7039316239316239,0.6629342753435312,0.6728983382209188,0.7179509122650876,0.7080467196189462,0.7119155765250111,0.7197009695178811,0.7214697105653054,0.7082838601054173,"{'cls__hidden_layer_sizes': (100,), 'cls__learning_rate': 'adaptive', 'cls__learning_rate_init': 0.001, 'cls__max_iter': 1000, 'cls__n_iter_no_change': 5, 'cls__random_state': 42, 'os__random_state': 42}",mlp,lof,simple,minmax,smote,0.7392045790414754
100.0,90.0,99.0,103.0,90.0,372.0,382.0,373.0,470.0,382.0,41.0,40.0,53.0,21.0,41.0,165.0,166.0,153.0,84.0,165.0,58.0,64.0,56.0,107.0,56.0,244.0,238.0,246.0,359.0,246.0,156.0,161.0,147.0,124.0,167.0,638.0,633.0,647.0,506.0,627.0,0.759124087591241,0.755868544600939,0.729528535980149,0.6595744680851064,0.7749419953596287,0.7572700296735904,0.7580838323353294,0.7643236857649144,0.6955326460481099,0.7531531531531531,0.7211267605633803,0.7070422535211267,0.6929577464788732,0.6394366197183099,0.7259887005649718,0.711768851303735,0.715292459478506,0.718816067653277,0.6878083157152924,0.7105633802816902,0.7918781725888325,0.8009950248756219,0.735,0.8551724137931035,0.8028846153846154,0.7945205479452054,0.7922403003754693,0.80875,0.8576271186440678,0.7916666666666666,0.7289719626168224,0.7155555555555555,0.7241379310344828,0.5367965367965368,0.7488789237668162,0.7233560090702947,0.7267508610792193,0.7245240761478163,0.584971098265896,0.718213058419244,0.7190959103864253,0.7039316239316239,0.6877268602540835,0.6837208490434297,0.7179509122650876,0.7080467196189462,0.7119155765250111,0.7168247757164937,0.716673274764717,0.7082838601054173,{},nb,lof,simple,none,none,0.7358075263234127
100.0,90.0,99.0,103.0,90.0,372.0,382.0,373.0,470.0,382.0,41.0,40.0,53.0,21.0,41.0,165.0,166.0,153.0,84.0,165.0,58.0,64.0,56.0,107.0,56.0,244.0,238.0,246.0,359.0,246.0,156.0,161.0,147.0,124.0,167.0,638.0,633.0,647.0,506.0,627.0,0.759124087591241,0.755868544600939,0.729528535980149,0.6595744680851064,0.7749419953596287,0.7572700296735904,0.7580838323353294,0.7643236857649144,0.6955326460481099,0.7531531531531531,0.7211267605633803,0.7070422535211267,0.6929577464788732,0.6394366197183099,0.7259887005649718,0.711768851303735,0.715292459478506,0.718816067653277,0.6878083157152924,0.7105633802816902,0.7918781725888325,0.8009950248756219,0.735,0.8551724137931035,0.8028846153846154,0.7945205479452054,0.7922403003754693,0.80875,0.8576271186440678,0.7916666666666666,0.7289719626168224,0.7155555555555555,0.7241379310344828,0.5367965367965368,0.7488789237668162,0.7233560090702947,0.7267508610792193,0.7245240761478163,0.584971098265896,0.718213058419244,0.7190959103864253,0.7039316239316239,0.6877268602540835,0.6837208490434297,0.7179509122650876,0.7080467196189462,0.7119155765250111,0.7168247757164937,0.716673274764717,0.7082838601054173,{},nb,lof,simple,minmax,none,0.7358075263234127
100.0,90.0,99.0,103.0,90.0,372.0,382.0,373.0,470.0,382.0,41.0,40.0,53.0,21.0,41.0,165.0,166.0,153.0,84.0,165.0,58.0,64.0,56.0,107.0,56.0,244.0,238.0,246.0,359.0,246.0,156.0,161.0,147.0,124.0,167.0,638.0,633.0,647.0,506.0,627.0,0.759124087591241,0.755868544600939,0.729528535980149,0.6595744680851064,0.7749419953596287,0.7572700296735904,0.7580838323353294,0.7643236857649144,0.6955326460481099,0.7531531531531531,0.7211267605633803,0.7070422535211267,0.6929577464788732,0.6394366197183099,0.7259887005649718,0.711768851303735,0.715292459478506,0.718816067653277,0.6878083157152924,0.7105633802816902,0.7918781725888325,0.8009950248756219,0.735,0.8551724137931035,0.8028846153846154,0.7945205479452054,0.7922403003754693,0.80875,0.8576271186440678,0.7916666666666666,0.7289719626168224,0.7155555555555555,0.7241379310344828,0.5367965367965368,0.7488789237668162,0.7233560090702947,0.7267508610792193,0.7245240761478163,0.584971098265896,0.718213058419244,0.7190959103864253,0.7039316239316239,0.6877268602540835,0.6837208490434297,0.7179509122650876,0.7080467196189462,0.7119155765250111,0.7168247757164937,0.716673274764717,0.7082838601054173,{},nb,lof,simple,standard,none,0.7358075263234127
91.0,107.0,101.0,103.0,95.0,387.0,371.0,377.0,476.0,383.0,50.0,43.0,43.0,19.0,36.0,160.0,167.0,167.0,90.0,174.0,73.0,48.0,62.0,106.0,60.0,231.0,256.0,242.0,362.0,244.0,145.0,161.0,152.0,130.0,167.0,655.0,639.0,648.0,506.0,633.0,0.702179176755448,0.7796610169491526,0.7432762836185819,0.6753246753246753,0.7767441860465117,0.770135214579659,0.7513227513227513,0.7601173020527859,0.6912568306010929,0.7517814726840856,0.6573816155988857,0.7465181058495822,0.7067039106145251,0.6508379888268156,0.7318435754189944,0.7271458478715981,0.7048150732728542,0.7147838214783822,0.6847977684797768,0.708507670850767,0.7435897435897436,0.7892156862745098,0.7794871794871795,0.87248322147651,0.8226600985221675,0.803680981595092,0.792803970223325,0.7950920245398773,0.8489932885906041,0.7843866171003717,0.6651376146788991,0.7703349282296651,0.7102803738317757,0.5508474576271186,0.73568281938326,0.7392776523702032,0.7139664804469273,0.7280898876404495,0.5829493087557603,0.7217787913340935,0.6552638428004424,0.7418341307814993,0.7058346313603323,0.6975548763545428,0.7304368295389583,0.7233865409931455,0.7017787792569209,0.7105522967614011,0.7119693540245232,0.7046954997963106,"{'cls__hidden_layer_sizes': (100,), 'cls__learning_rate': 'adaptive', 'cls__learning_rate_init': 0.0001, 'cls__max_iter': 1000, 'cls__n_iter_no_change': 5, 'cls__random_state': 42, 'os__random_state': 42}",mlp,none,simple,minmax,smote,0.735437067738874
91.0,107.0,101.0,103.0,95.0,387.0,371.0,380.0,476.0,383.0,50.0,43.0,43.0,19.0,36.0,160.0,167.0,164.0,90.0,174.0,73.0,48.0,63.0,106.0,60.0,231.0,256.0,246.0,362.0,244.0,145.0,161.0,151.0,130.0,167.0,655.0,639.0,644.0,506.0,633.0,0.702179176755448,0.7796610169491526,0.7401960784313725,0.6753246753246753,0.7767441860465117,0.770135214579659,0.7513227513227513,0.7585394581861012,0.6912568306010929,0.7517814726840856,0.6573816155988857,0.7465181058495822,0.7039106145251397,0.6508379888268156,0.7318435754189944,0.7271458478715981,0.7048150732728542,0.7140864714086471,0.6847977684797768,0.708507670850767,0.7435897435897436,0.7892156862745098,0.7783505154639175,0.87248322147651,0.8226600985221675,0.803680981595092,0.792803970223325,0.7970297029702971,0.8489932885906041,0.7843866171003717,0.6651376146788991,0.7703349282296651,0.705607476635514,0.5508474576271186,0.73568281938326,0.7392776523702032,0.7139664804469273,0.7235955056179775,0.5829493087557603,0.7217787913340935,0.6552638428004424,0.7418341307814993,0.7034981827622014,0.6975548763545428,0.7304368295389583,0.7233865409931455,0.7017787792569209,0.7110624586913417,0.7119693540245232,0.7046954997963106,"{'cls__hidden_layer_sizes': (100,), 'cls__learning_rate': 'adaptive', 'cls__learning_rate_init': 0.0001, 'cls__max_iter': 1000, 'cls__n_iter_no_change': 5, 'cls__random_state': 42, 'os__random_state': 42}",mlp,none,simple,none,smote,0.7348210267014321
91.0,107.0,101.0,103.0,95.0,387.0,371.0,380.0,477.0,383.0,50.0,43.0,43.0,19.0,36.0,160.0,167.0,164.0,89.0,174.0,73.0,48.0,63.0,107.0,60.0,231.0,256.0,246.0,362.0,244.0,145.0,161.0,151.0,129.0,167.0,655.0,639.0,644.0,506.0,633.0,0.702179176755448,0.7796610169491526,0.7401960784313725,0.671875,0.7767441860465117,0.770135214579659,0.7513227513227513,0.7585394581861012,0.6917293233082706,0.7517814726840856,0.6573816155988857,0.7465181058495822,0.7039106145251397,0.6480446927374302,0.7318435754189944,0.7271458478715981,0.7048150732728542,0.7140864714086471,0.6854951185495118,0.708507670850767,0.7435897435897436,0.7892156862745098,0.7783505154639175,0.8716216216216216,0.8226600985221675,0.803680981595092,0.792803970223325,0.7970297029702971,0.8504201680672269,0.7843866171003717,0.6651376146788991,0.7703349282296651,0.705607476635514,0.5466101694915254,0.73568281938326,0.7392776523702032,0.7139664804469273,0.7235955056179775,0.5829493087557603,0.7217787913340935,0.6552638428004424,0.7418341307814993,0.7034981827622014,0.6954362322867463,0.7304368295389583,0.7233865409931455,0.7017787792569209,0.7110624586913417,0.7128527462506716,0.7046954997963106,"{'cls__hidden_layer_sizes': (100,), 'cls__learning_rate': 'adaptive', 'cls__learning_rate_init': 0.0001, 'cls__max_iter': 1000, 'cls__n_iter_no_change': 5, 'cls__random_state': 42, 'os__random_state': 42}",mlp,none,simple,standard,smote,0.7341310916364969
91.0,108.0,104.0,105.0,95.0,390.0,373.0,390.0,477.0,383.0,50.0,42.0,40.0,17.0,36.0,157.0,165.0,154.0,89.0,174.0,74.0,50.0,68.0,107.0,60.0,235.0,259.0,258.0,366.0,244.0,144.0,159.0,146.0,129.0,167.0,651.0,636.0,632.0,502.0,633.0,0.6990291262135923,0.775609756097561,0.73,0.6753926701570682,0.7767441860465117,0.7685950413223139,0.75,0.7541766109785203,0.6881425633995887,0.7517814726840856,0.6545961002785515,0.7437325905292479,0.6983240223463687,0.6536312849162011,0.7318435754189944,0.7264480111653873,0.7041172365666434,0.7126917712691772,0.6827057182705718,0.708507670850767,0.7422680412371134,0.7910447761194029,0.7849462365591398,0.8835616438356164,0.8226600985221675,0.8056930693069307,0.7940074906367042,0.8040712468193384,0.8494077834179357,0.7843866171003717,0.6605504587155964,0.7607655502392344,0.6822429906542056,0.5466101694915254,0.73568281938326,0.7347629796839729,0.7106145251396648,0.7101123595505618,0.5783410138248848,0.7217787913340935,0.652970264818791,0.7403827751196173,0.7022326064382138,0.7036329535982218,0.7304368295389583,0.7238714349973795,0.7019615376627691,0.713512062128222,0.7105485987852339,0.7046954997963106,"{'cls__hidden_layer_sizes': (100,), 'cls__learning_rate': 'adaptive', 'cls__learning_rate_init': 0.001, 'cls__max_iter': 1000, 'cls__n_iter_no_change': 5, 'cls__random_state': 42, 'os__random_state': 42}",mlp,none,simple,minmax,smote,0.7313551477029466
120.0,90.0,69.0,103.0,90.0,453.0,382.0,313.0,470.0,382.0,21.0,40.0,83.0,21.0,41.0,84.0,166.0,213.0,84.0,165.0,97.0,64.0,26.0,107.0,56.0,369.0,238.0,139.0,359.0,246.0,117.0,161.0,177.0,124.0,167.0,513.0,633.0,754.0,506.0,627.0,0.6647727272727273,0.755868544600939,0.7645788336933045,0.6595744680851064,0.7749419953596287,0.6937119675456389,0.7580838323353294,0.810752688172043,0.6955326460481099,0.7531531531531531,0.6676056338028169,0.7070422535211267,0.6929577464788732,0.6394366197183099,0.7259887005649718,0.6807610993657506,0.715292459478506,0.751937984496124,0.6878083157152924,0.7105633802816902,0.8478260869565217,0.8009950248756219,0.6807692307692308,0.8551724137931035,0.8028846153846154,0.8592964824120602,0.7922403003754693,0.7797311271975181,0.8576271186440678,0.7916666666666666,0.5467289719626168,0.7155555555555555,0.8719211822660099,0.5367965367965368,0.7488789237668162,0.5816326530612245,0.7267508610792193,0.8443449048152296,0.584971098265896,0.718213058419244,0.6988964008749255,0.7039316239316239,0.6629342753435312,0.6837208490434297,0.7179509122650876,0.7126040360278189,0.7119155765250111,0.7197009695178811,0.716673274764717,0.7082838601054173,"{'cls__hidden_layer_sizes': (100,), 'cls__learning_rate': 'adaptive', 'cls__learning_rate_init': 0.0001, 'cls__max_iter': 1000, 'cls__n_iter_no_change': 5, 'cls__random_state': 42, 'os__random_state': 42}",mlp,lof,simple,standard,smote,0.7239473138023411
120.0,90.0,69.0,103.0,90.0,453.0,382.0,313.0,470.0,382.0,21.0,40.0,83.0,21.0,41.0,84.0,166.0,213.0,84.0,165.0,97.0,64.0,26.0,107.0,56.0,369.0,238.0,139.0,359.0,246.0,117.0,161.0,177.0,124.0,167.0,513.0,633.0,754.0,506.0,627.0,0.6647727272727273,0.755868544600939,0.7645788336933045,0.6595744680851064,0.7749419953596287,0.6937119675456389,0.7580838323353294,0.810752688172043,0.6955326460481099,0.7531531531531531,0.6676056338028169,0.7070422535211267,0.6929577464788732,0.6394366197183099,0.7259887005649718,0.6807610993657506,0.715292459478506,0.751937984496124,0.6878083157152924,0.7105633802816902,0.8478260869565217,0.8009950248756219,0.6807692307692308,0.8551724137931035,0.8028846153846154,0.8592964824120602,0.7922403003754693,0.7797311271975181,0.8576271186440678,0.7916666666666666,0.5467289719626168,0.7155555555555555,0.8719211822660099,0.5367965367965368,0.7488789237668162,0.5816326530612245,0.7267508610792193,0.8443449048152296,0.584971098265896,0.718213058419244,0.6988964008749255,0.7039316239316239,0.6629342753435312,0.6837208490434297,0.7179509122650876,0.7126040360278189,0.7119155765250111,0.7197009695178811,0.716673274764717,0.7082838601054173,"{'cls__hidden_layer_sizes': (100,), 'cls__learning_rate': 'adaptive', 'cls__learning_rate_init': 0.0001, 'cls__max_iter': 1000, 'cls__n_iter_no_change': 5, 'cls__random_state': 42, 'os__random_state': 42}",mlp,lof,simple,minmax,smote,0.7239473138023411
123.0,71.0,69.0,103.0,89.0,463.0,299.0,301.0,483.0,371.0,18.0,59.0,83.0,21.0,42.0,74.0,249.0,225.0,71.0,176.0,98.0,40.0,29.0,112.0,59.0,385.0,137.0,148.0,371.0,255.0,116.0,185.0,174.0,119.0,164.0,497.0,734.0,745.0,494.0,618.0,0.6666666666666666,0.7889125799573561,0.7565217391304349,0.6415094339622641,0.7645687645687645,0.6841018582243633,0.7918015102481122,0.7997852925389157,0.690909090909091,0.7414517096580684,0.6732394366197183,0.7211267605633803,0.6845070422535211,0.6253521126760564,0.7146892655367232,0.6765327695560254,0.7279774489076815,0.7371388301620859,0.6885130373502466,0.6964788732394366,0.8656716417910447,0.7581967213114754,0.6770428015564203,0.85,0.7961165048543689,0.8704028021015762,0.7466937945066124,0.7680412371134021,0.8743362831858407,0.7783375314861462,0.5420560747663551,0.8222222222222222,0.8571428571428571,0.5151515151515151,0.7354260089686099,0.5634920634920635,0.8427095292766934,0.8342665173572228,0.5710982658959538,0.7079037800687286,0.7071982501491351,0.6841880341880342,0.6555451127819549,0.6728983382209188,0.7074076609728546,0.7128447282078567,0.6941649836164488,0.7032549316824137,0.7214697105653054,0.6930743763232126,"{'cls__algorithm': 'SAMME', 'cls__learning_rate': 0.1, 'cls__n_estimators': 10, 'cls__random_state': 42, 'os__random_state': 42}",ada,lof,simple,none,smote,0.7236358368570972
94.0,123.0,104.0,106.0,83.0,400.0,469.0,387.0,487.0,318.0,47.0,27.0,40.0,16.0,48.0,147.0,69.0,157.0,79.0,239.0,75.0,80.0,67.0,114.0,36.0,251.0,405.0,254.0,372.0,148.0,143.0,129.0,147.0,122.0,191.0,635.0,490.0,636.0,496.0,729.0,0.7009803921568627,0.7068493150684931,0.7331670822942643,0.6524064171122995,0.8197424892703863,0.7613908872901678,0.6740027510316369,0.7557932263814617,0.6874566874566874,0.7902439024390244,0.6601671309192201,0.7019498607242339,0.7011173184357542,0.6368715083798883,0.7653631284916201,0.7222609909281228,0.6692254012561061,0.7133891213389121,0.6854951185495118,0.7301255230125523,0.7526315789473684,0.8269230769230769,0.786096256684492,0.8840579710144928,0.799163179916318,0.8120204603580563,0.8765652951699463,0.8020176544766708,0.8626086956521739,0.753099173553719,0.6559633027522935,0.6172248803827751,0.6869158878504673,0.5169491525423728,0.8414096916299559,0.7167042889390519,0.547486033519553,0.7146067415730337,0.5714285714285714,0.8312428734321551,0.6613149847094802,0.7186124401913876,0.7045690550363448,0.6929008057793832,0.7374987389447492,0.7239828574494162,0.7096166227077318,0.7130019001982816,0.7159262998485614,0.701079246410871,"{'cls__C': 1, 'cls__probability': True, 'cls__random_state': 42, 'os__random_state': 42}",svc,none,simple,standard,smote,0.7226291391804611
90.0,123.0,104.0,106.0,83.0,387.0,469.0,388.0,486.0,318.0,51.0,27.0,40.0,16.0,48.0,160.0,69.0,156.0,80.0,239.0,73.0,80.0,67.0,114.0,36.0,230.0,405.0,255.0,371.0,148.0,145.0,129.0,147.0,122.0,191.0,656.0,490.0,635.0,497.0,729.0,0.7004830917874396,0.7068493150684931,0.7331670822942643,0.6524064171122995,0.8197424892703863,0.7708578143360753,0.6740027510316369,0.7555026769779892,0.6878892733564014,0.7902439024390244,0.6545961002785515,0.7019498607242339,0.7011173184357542,0.6368715083798883,0.7653631284916201,0.7278436845778088,0.6692254012561061,0.7133891213389121,0.6854951185495118,0.7301255230125523,0.7397959183673469,0.8269230769230769,0.786096256684492,0.8840579710144928,0.799163179916318,0.803921568627451,0.8765652951699463,0.8027812895069533,0.8613518197573656,0.753099173553719,0.6651376146788991,0.6172248803827751,0.6869158878504673,0.5169491525423728,0.8414096916299559,0.7404063205417607,0.547486033519553,0.7134831460674157,0.5725806451612904,0.8312428734321551,0.6517177435096623,0.7186124401913876,0.7045690550363448,0.6929008057793832,0.7374987389447492,0.7239508750789243,0.7096166227077318,0.7133592200925314,0.7156189444887725,0.701079246410871,"{'cls__criterion': 'entropy', 'cls__max_depth': None, 'cls__max_features': 'log2', 'cls__random_state': 42, 'os__random_state': 42}",rf,none,simple,none,smote,0.7225296791065765
90.0,123.0,104.0,106.0,83.0,387.0,469.0,388.0,486.0,318.0,51.0,27.0,40.0,16.0,48.0,160.0,69.0,156.0,80.0,239.0,73.0,80.0,67.0,114.0,36.0,230.0,405.0,255.0,371.0,148.0,145.0,129.0,147.0,122.0,191.0,656.0,490.0,635.0,497.0,729.0,0.7004830917874396,0.7068493150684931,0.7331670822942643,0.6524064171122995,0.8197424892703863,0.7708578143360753,0.6740027510316369,0.7555026769779892,0.6878892733564014,0.7902439024390244,0.6545961002785515,0.7019498607242339,0.7011173184357542,0.6368715083798883,0.7653631284916201,0.7278436845778088,0.6692254012561061,0.7133891213389121,0.6854951185495118,0.7301255230125523,0.7397959183673469,0.8269230769230769,0.786096256684492,0.8840579710144928,0.799163179916318,0.803921568627451,0.8765652951699463,0.8027812895069533,0.8613518197573656,0.753099173553719,0.6651376146788991,0.6172248803827751,0.6869158878504673,0.5169491525423728,0.8414096916299559,0.7404063205417607,0.547486033519553,0.7134831460674157,0.5725806451612904,0.8312428734321551,0.6517177435096623,0.7186124401913876,0.7045690550363448,0.6929008057793832,0.7374987389447492,0.7239508750789243,0.7096166227077318,0.7133592200925314,0.7156189444887725,0.701079246410871,"{'cls__criterion': 'gini', 'cls__max_depth': None, 'cls__max_features': 'log2', 'cls__random_state': 42, 'os__random_state': 42}",rf,none,simple,none,smote,0.7225296791065765
93.0,123.0,104.0,106.0,83.0,400.0,469.0,387.0,487.0,318.0,48.0,27.0,40.0,16.0,48.0,147.0,69.0,157.0,79.0,239.0,75.0,80.0,67.0,114.0,36.0,250.0,405.0,254.0,372.0,148.0,143.0,129.0,147.0,122.0,191.0,636.0,490.0,636.0,496.0,729.0,0.6992665036674817,0.7068493150684931,0.7331670822942643,0.6524064171122995,0.8197424892703863,0.762133013780707,0.6740027510316369,0.7557932263814617,0.6874566874566874,0.7902439024390244,0.6573816155988857,0.7019498607242339,0.7011173184357542,0.6368715083798883,0.7653631284916201,0.7229588276343336,0.6692254012561061,0.7133891213389121,0.6854951185495118,0.7301255230125523,0.7486910994764397,0.8269230769230769,0.786096256684492,0.8840579710144928,0.799163179916318,0.8122605363984674,0.8765652951699463,0.8020176544766708,0.8626086956521739,0.753099173553719,0.6559633027522935,0.6172248803827751,0.6869158878504673,0.5169491525423728,0.8414096916299559,0.7178329571106095,0.547486033519553,0.7146067415730337,0.5714285714285714,0.8312428734321551,0.6577688854186999,0.7186124401913876,0.7045690550363448,0.6929008057793832,0.7374987389447492,0.7245471915351951,0.7096166227077318,0.7130019001982816,0.7159262998485614,0.701079246410871,"{'cls__C': 10, 'cls__probability': True, 'cls__random_state': 42, 'os__random_state': 42}",svc,none,simple,standard,smote,0.722286361482585
90.0,123.0,104.0,106.0,83.0,390.0,469.0,388.0,487.0,319.0,51.0,27.0,40.0,16.0,48.0,157.0,69.0,156.0,79.0,238.0,74.0,80.0,67.0,114.0,36.0,234.0,405.0,255.0,372.0,149.0,144.0,129.0,147.0,122.0,191.0,652.0,490.0,635.0,496.0,728.0,0.6973365617433414,0.7068493150684931,0.7331670822942643,0.6524064171122995,0.8197424892703863,0.7693215339233038,0.6740027510316369,0.7555026769779892,0.6874566874566874,0.7900162778079219,0.6518105849582173,0.7019498607242339,0.7011173184357542,0.6368715083798883,0.7653631284916201,0.7271458478715981,0.6692254012561061,0.7133891213389121,0.6854951185495118,0.7301255230125523,0.7384615384615385,0.8269230769230769,0.786096256684492,0.8840579710144928,0.799163179916318,0.8059332509270705,0.8765652951699463,0.8027812895069533,0.8626086956521739,0.7536231884057971,0.6605504587155964,0.6172248803827751,0.6869158878504673,0.5169491525423728,0.8414096916299559,0.7358916478555305,0.547486033519553,0.7134831460674157,0.5714285714285714,0.830102622576967,0.649424165528011,0.7186124401913876,0.7045690550363448,0.6929008057793832,0.7374987389447492,0.7244357690831583,0.7096166227077318,0.7133592200925314,0.7159262998485614,0.7014067870514995,"{'cls__C': 10, 'cls__probability': True, 'cls__random_state': 42, 'os__random_state': 42}",svc,none,simple,none,smote,0.7219003730977569
90.0,123.0,104.0,106.0,83.0,390.0,469.0,387.0,487.0,318.0,51.0,27.0,40.0,16.0,48.0,157.0,69.0,157.0,79.0,239.0,74.0,80.0,67.0,114.0,36.0,234.0,405.0,254.0,372.0,148.0,144.0,129.0,147.0,122.0,191.0,652.0,490.0,636.0,496.0,729.0,0.6973365617433414,0.7068493150684931,0.7331670822942643,0.6524064171122995,0.8197424892703863,0.7693215339233038,0.6740027510316369,0.7557932263814617,0.6874566874566874,0.7902439024390244,0.6518105849582173,0.7019498607242339,0.7011173184357542,0.6368715083798883,0.7653631284916201,0.7271458478715981,0.6692254012561061,0.7133891213389121,0.6854951185495118,0.7301255230125523,0.7384615384615385,0.8269230769230769,0.786096256684492,0.8840579710144928,0.799163179916318,0.8059332509270705,0.8765652951699463,0.8020176544766708,0.8626086956521739,0.753099173553719,0.6605504587155964,0.6172248803827751,0.6869158878504673,0.5169491525423728,0.8414096916299559,0.7358916478555305,0.547486033519553,0.7146067415730337,0.5714285714285714,0.8312428734321551,0.649424165528011,0.7186124401913876,0.7045690550363448,0.6929008057793832,0.7374987389447492,0.7244357690831583,0.7096166227077318,0.7130019001982816,0.7159262998485614,0.701079246410871,"{'cls__C': 10, 'cls__probability': True, 'cls__random_state': 42, 'os__random_state': 42}",svc,none,simple,minmax,smote,0.7219003730977569
90.0,123.0,104.0,106.0,83.0,391.0,469.0,388.0,487.0,319.0,51.0,27.0,40.0,16.0,48.0,156.0,69.0,156.0,79.0,238.0,74.0,80.0,67.0,114.0,36.0,235.0,405.0,255.0,372.0,149.0,144.0,129.0,147.0,122.0,191.0,651.0,490.0,635.0,496.0,728.0,0.6973365617433414,0.7068493150684931,0.7331670822942643,0.6524064171122995,0.8197424892703863,0.7690490253987007,0.6740027510316369,0.7555026769779892,0.6874566874566874,0.7900162778079219,0.6518105849582173,0.7019498607242339,0.7011173184357542,0.6368715083798883,0.7653631284916201,0.7271458478715981,0.6692254012561061,0.7133891213389121,0.6854951185495118,0.7301255230125523,0.7384615384615385,0.8269230769230769,0.786096256684492,0.8840579710144928,0.799163179916318,0.8066914498141264,0.8765652951699463,0.8027812895069533,0.8626086956521739,0.7536231884057971,0.6605504587155964,0.6172248803827751,0.6869158878504673,0.5169491525423728,0.8414096916299559,0.7347629796839729,0.547486033519553,0.7134831460674157,0.5714285714285714,0.830102622576967,0.649424165528011,0.7186124401913876,0.7045690550363448,0.6929008057793832,0.7374987389447492,0.7247855117798293,0.7096166227077318,0.7133592200925314,0.7159262998485614,0.7014067870514995,"{'cls__C': 1, 'cls__probability': True, 'cls__random_state': 42, 'os__random_state': 42}",svc,none,simple,none,smote,0.7219003730977569
88.0,106.0,99.0,106.0,90.0,381.0,363.0,370.0,486.0,379.0,53.0,44.0,45.0,16.0,41.0,166.0,175.0,174.0,80.0,178.0,75.0,53.0,66.0,113.0,60.0,246.0,268.0,255.0,372.0,261.0,143.0,156.0,148.0,123.0,167.0,640.0,627.0,635.0,496.0,616.0,0.6908212560386473,0.7628361858190709,0.7272727272727272,0.6560000000000001,0.767816091954023,0.7565011820330969,0.7389510901591043,0.7474985285462037,0.6869806094182825,0.7372830640335127,0.6434540389972145,0.7298050139275766,0.6899441340782123,0.6396648044692738,0.7178770949720671,0.7124912770411723,0.6908583391486393,0.700836820083682,0.6847977684797768,0.693863319386332,0.7295918367346939,0.78,0.7668393782383419,0.8848920863309353,0.8028846153846154,0.794044665012407,0.7817955112219451,0.7849196538936959,0.8611111111111112,0.7758186397984886,0.6559633027522935,0.7464114832535885,0.6915887850467289,0.5211864406779662,0.73568281938326,0.7223476297968398,0.7005586592178771,0.7134831460674157,0.5714285714285714,0.7023945267958951,0.6400383889647993,0.7265390749601275,0.6895443925233644,0.6950194498471798,0.7113528600733094,0.7094370690117653,0.6876399244044776,0.6968151024454725,0.7150429076224128,0.6914127032543209,"{'cls__algorithm': 'SAMME', 'cls__learning_rate': 0.1, 'cls__n_estimators': 10, 'cls__random_state': 42, 'os__random_state': 42}",ada,none,simple,none,smote,0.7209492522168937
91.0,122.0,101.0,105.0,95.0,390.0,460.0,381.0,478.0,386.0,50.0,28.0,43.0,17.0,36.0,157.0,78.0,163.0,88.0,171.0,74.0,79.0,63.0,108.0,60.0,235.0,394.0,247.0,366.0,249.0,144.0,130.0,151.0,128.0,167.0,651.0,501.0,643.0,502.0,628.0,0.6990291262135923,0.7084468664850138,0.7401960784313725,0.6719160104986877,0.7767441860465117,0.7685950413223139,0.6797829036635007,0.7582547169811321,0.6886145404663923,0.7494033412887828,0.6545961002785515,0.7019498607242339,0.7039106145251397,0.6508379888268156,0.7318435754189944,0.7264480111653873,0.6706210746685276,0.7140864714086471,0.6834030683403068,0.7071129707112971,0.7422680412371134,0.8227848101265823,0.7783505154639175,0.8827586206896552,0.8226600985221675,0.8056930693069307,0.8652849740932642,0.7977667493796526,0.8508474576271187,0.785982478097622,0.6605504587155964,0.6220095693779905,0.705607476635514,0.5423728813559322,0.73568281938326,0.7347629796839729,0.5597765363128492,0.7224719101123596,0.5783410138248848,0.7160775370581528,0.652970264818791,0.7176714513556619,0.7034981827622014,0.701514309530425,0.7304368295389583,0.7238714349973795,0.7073975618367219,0.7114197785855916,0.7114319910113823,0.7045378708630081,"{'cls__hidden_layer_sizes': (100,), 'cls__learning_rate': 'adaptive', 'cls__learning_rate_init': 0.001, 'cls__max_iter': 1000, 'cls__n_iter_no_change': 5, 'cls__random_state': 42, 'os__random_state': 42}",mlp,none,simple,none,smote,0.7192664535350356
103.0,90.0,100.0,103.0,90.0,380.0,395.0,396.0,483.0,382.0,38.0,40.0,52.0,21.0,41.0,157.0,153.0,130.0,71.0,165.0,74.0,68.0,60.0,112.0,56.0,255.0,251.0,286.0,371.0,246.0,140.0,157.0,143.0,119.0,167.0,627.0,620.0,607.0,494.0,627.0,0.7142857142857143,0.7440758293838862,0.7185929648241206,0.6415094339622641,0.7749419953596287,0.7527010804321729,0.7542579075425792,0.7447852760736197,0.690909090909091,0.7531531531531531,0.6845070422535211,0.6957746478873239,0.6845070422535211,0.6253521126760564,0.7259887005649718,0.7096546863988724,0.715292459478506,0.7068357998590556,0.6885130373502466,0.7105633802816902,0.7865168539325843,0.7969543147208121,0.7333333333333333,0.85,0.8028846153846154,0.7997448979591837,0.8020698576972833,0.8236092265943012,0.8743362831858407,0.7916666666666666,0.6542056074766355,0.6977777777777778,0.7044334975369458,0.5151515151515151,0.7488789237668162,0.7108843537414966,0.711825487944891,0.6797312430011199,0.5710982658959538,0.718213058419244,0.6923510306886723,0.6950427350427351,0.6811641171895255,0.6728983382209188,0.7179509122650876,0.7092596815262417,0.7163142038264602,0.7162914770138679,0.7214697105653054,0.7082838601054173,"{'cls__C': 1, 'cls__probability': True, 'cls__random_state': 42, 'os__random_state': 42}",svc,lof,simple,none,smote,0.7186811875631227
103.0,90.0,100.0,103.0,90.0,380.0,395.0,396.0,483.0,382.0,38.0,40.0,52.0,21.0,41.0,157.0,153.0,130.0,71.0,165.0,74.0,68.0,60.0,112.0,56.0,255.0,251.0,286.0,371.0,246.0,140.0,157.0,143.0,119.0,167.0,627.0,620.0,607.0,494.0,627.0,0.7142857142857143,0.7440758293838862,0.7185929648241206,0.6415094339622641,0.7749419953596287,0.7527010804321729,0.7542579075425792,0.7447852760736197,0.690909090909091,0.7531531531531531,0.6845070422535211,0.6957746478873239,0.6845070422535211,0.6253521126760564,0.7259887005649718,0.7096546863988724,0.715292459478506,0.7068357998590556,0.6885130373502466,0.7105633802816902,0.7865168539325843,0.7969543147208121,0.7333333333333333,0.85,0.8028846153846154,0.7997448979591837,0.8020698576972833,0.8236092265943012,0.8743362831858407,0.7916666666666666,0.6542056074766355,0.6977777777777778,0.7044334975369458,0.5151515151515151,0.7488789237668162,0.7108843537414966,0.711825487944891,0.6797312430011199,0.5710982658959538,0.718213058419244,0.6923510306886723,0.6950427350427351,0.6811641171895255,0.6728983382209188,0.7179509122650876,0.7092596815262417,0.7163142038264602,0.7162914770138679,0.7214697105653054,0.7082838601054173,"{'cls__C': 0.1, 'cls__probability': True, 'cls__random_state': 42, 'os__random_state': 42}",svc,lof,simple,none,smote,0.7186811875631227
103.0,90.0,100.0,103.0,90.0,380.0,395.0,396.0,483.0,382.0,38.0,40.0,52.0,21.0,41.0,157.0,153.0,130.0,71.0,165.0,74.0,68.0,60.0,112.0,56.0,255.0,251.0,286.0,371.0,246.0,140.0,157.0,143.0,119.0,167.0,627.0,620.0,607.0,494.0,627.0,0.7142857142857143,0.7440758293838862,0.7185929648241206,0.6415094339622641,0.7749419953596287,0.7527010804321729,0.7542579075425792,0.7447852760736197,0.690909090909091,0.7531531531531531,0.6845070422535211,0.6957746478873239,0.6845070422535211,0.6253521126760564,0.7259887005649718,0.7096546863988724,0.715292459478506,0.7068357998590556,0.6885130373502466,0.7105633802816902,0.7865168539325843,0.7969543147208121,0.7333333333333333,0.85,0.8028846153846154,0.7997448979591837,0.8020698576972833,0.8236092265943012,0.8743362831858407,0.7916666666666666,0.6542056074766355,0.6977777777777778,0.7044334975369458,0.5151515151515151,0.7488789237668162,0.7108843537414966,0.711825487944891,0.6797312430011199,0.5710982658959538,0.718213058419244,0.6923510306886723,0.6950427350427351,0.6811641171895255,0.6728983382209188,0.7179509122650876,0.7092596815262417,0.7163142038264602,0.7162914770138679,0.7214697105653054,0.7082838601054173,"{'cls__C': 10, 'cls__probability': True, 'cls__random_state': 42, 'os__random_state': 42}",svc,lof,simple,none,smote,0.7186811875631227
91.0,123.0,101.0,106.0,97.0,388.0,460.0,381.0,487.0,395.0,50.0,27.0,43.0,16.0,34.0,159.0,78.0,163.0,79.0,162.0,73.0,79.0,63.0,114.0,61.0,232.0,395.0,247.0,372.0,261.0,145.0,130.0,151.0,122.0,166.0,654.0,500.0,643.0,496.0,616.0,0.702179176755448,0.7103825136612022,0.7401960784313725,0.6524064171122995,0.7775175644028103,0.7698646262507357,0.678886625933469,0.7582547169811321,0.6874566874566874,0.7444108761329306,0.6573816155988857,0.7047353760445683,0.7039106145251397,0.6368715083798883,0.7346368715083799,0.7271458478715981,0.6699232379623168,0.7140864714086471,0.6854951185495118,0.7050209205020921,0.7435897435897436,0.8280254777070064,0.7783505154639175,0.8840579710144928,0.83,0.8044280442804428,0.8650519031141869,0.7977667493796526,0.8626086956521739,0.7917737789203085,0.6651376146788991,0.6220095693779905,0.705607476635514,0.5169491525423728,0.7312775330396476,0.7381489841986456,0.5586592178770949,0.7224719101123596,0.5714285714285714,0.7023945267958951,0.6552638428004424,0.7210047846889952,0.7034981827622014,0.6929008057793832,0.7358677741534115,0.7237362836898164,0.706838902618845,0.7114197785855916,0.7159262998485614,0.705775360345883,"{'cls__C': 0.1, 'cls__probability': True, 'cls__random_state': 42, 'os__random_state': 42}",svc,none,simple,none,smote,0.7165363500726265
103.0,95.0,96.0,103.0,113.0,380.0,388.0,387.0,483.0,460.0,38.0,35.0,56.0,21.0,18.0,157.0,160.0,139.0,71.0,87.0,74.0,64.0,56.0,112.0,85.0,255.0,265.0,273.0,371.0,381.0,140.0,161.0,147.0,119.0,138.0,627.0,606.0,620.0,494.0,492.0,0.7142857142857143,0.7648456057007126,0.7241379310344829,0.6415094339622641,0.7282321899736148,0.7527010804321729,0.7403787416004888,0.7506053268765133,0.690909090909091,0.6776859504132231,0.6845070422535211,0.7211267605633803,0.6845070422535211,0.6253521126760564,0.7090395480225988,0.7096546863988724,0.700493305144468,0.7096546863988724,0.6885130373502466,0.6704225352112676,0.7865168539325843,0.8214285714285714,0.7241379310344828,0.85,0.8846153846153846,0.7997448979591837,0.7911227154046997,0.8168642951251647,0.8743362831858407,0.8497409326424871,0.6542056074766355,0.7155555555555555,0.7241379310344828,0.5151515151515151,0.6188340807174888,0.7108843537414966,0.695752009184845,0.6942889137737962,0.5710982658959538,0.563573883161512,0.6923510306886723,0.7231623931623933,0.6778584392014518,0.6728983382209188,0.7407147502824085,0.7092596815262417,0.7018906031325685,0.7150151793203582,0.7214697105653054,0.7022622615076299,"{'cls__criterion': 'entropy', 'cls__max_depth': 2, 'cls__max_features': 'log2', 'cls__random_state': 42, 'os__random_state': 42}",rf,lof,simple,none,smote,0.7146021749913577
90.0,123.0,104.0,106.0,97.0,390.0,469.0,387.0,487.0,394.0,51.0,27.0,40.0,16.0,34.0,157.0,69.0,157.0,79.0,163.0,74.0,80.0,67.0,114.0,61.0,234.0,405.0,254.0,372.0,260.0,144.0,129.0,147.0,122.0,166.0,652.0,490.0,636.0,496.0,617.0,0.6973365617433414,0.7068493150684931,0.7331670822942643,0.6524064171122995,0.7775175644028103,0.7693215339233038,0.6740027510316369,0.7557932263814617,0.6874566874566874,0.744719372359686,0.6518105849582173,0.7019498607242339,0.7011173184357542,0.6368715083798883,0.7346368715083799,0.7271458478715981,0.6692254012561061,0.7133891213389121,0.6854951185495118,0.7050209205020921,0.7384615384615385,0.8269230769230769,0.786096256684492,0.8840579710144928,0.83,0.8059332509270705,0.8765652951699463,0.8020176544766708,0.8626086956521739,0.791025641025641,0.6605504587155964,0.6172248803827751,0.6869158878504673,0.5169491525423728,0.7312775330396476,0.7358916478555305,0.547486033519553,0.7146067415730337,0.5714285714285714,0.7035347776510832,0.649424165528011,0.7186124401913876,0.7045690550363448,0.6929008057793832,0.7358677741534115,0.7244357690831583,0.7096166227077318,0.7130019001982816,0.7159262998485614,0.7054478197052544,"{'cls__C': 1, 'cls__probability': True, 'cls__random_state': 42, 'os__random_state': 42}",svc,none,simple,minmax,smote,0.7134553881242417
91.0,122.0,104.0,108.0,95.0,390.0,460.0,391.0,488.0,387.0,50.0,28.0,40.0,14.0,36.0,157.0,78.0,153.0,78.0,170.0,74.0,79.0,68.0,115.0,60.0,235.0,394.0,259.0,376.0,250.0,144.0,130.0,146.0,121.0,167.0,651.0,501.0,631.0,492.0,627.0,0.6990291262135923,0.7084468664850138,0.73,0.6522911051212938,0.7767441860465117,0.7685950413223139,0.6797829036635007,0.7538829151732377,0.6842837273991655,0.7491039426523298,0.6545961002785515,0.7019498607242339,0.6983240223463687,0.6396648044692738,0.7318435754189944,0.7264480111653873,0.6706210746685276,0.7126917712691772,0.6834030683403068,0.7071129707112971,0.7422680412371134,0.8227848101265823,0.7849462365591398,0.8962962962962963,0.8226600985221675,0.8056930693069307,0.8652849740932642,0.8048469387755102,0.8631578947368421,0.7867001254705144,0.6605504587155964,0.6220095693779905,0.6822429906542056,0.5127118644067796,0.73568281938326,0.7347629796839729,0.5597765363128492,0.7089887640449438,0.5668202764976958,0.7149372862029647,0.652970264818791,0.7176714513556619,0.7022326064382138,0.698978883023062,0.7304368295389583,0.7238714349973795,0.7073975618367219,0.713869382022472,0.7145055446092718,0.7048654115036368,"{'cls__hidden_layer_sizes': (100,), 'cls__learning_rate': 'adaptive', 'cls__learning_rate_init': 0.001, 'cls__max_iter': 1000, 'cls__n_iter_no_change': 5, 'cls__random_state': 42, 'os__random_state': 42}",mlp,none,simple,standard,smote,0.7133022567732824
120.0,90.0,96.0,103.0,90.0,453.0,395.0,387.0,483.0,382.0,21.0,40.0,56.0,21.0,41.0,84.0,153.0,139.0,71.0,165.0,97.0,68.0,56.0,112.0,56.0,369.0,251.0,273.0,371.0,246.0,117.0,157.0,147.0,119.0,167.0,513.0,620.0,620.0,494.0,627.0,0.6647727272727273,0.7440758293838862,0.7241379310344829,0.6415094339622641,0.7749419953596287,0.6937119675456389,0.7542579075425792,0.7506053268765133,0.690909090909091,0.7531531531531531,0.6676056338028169,0.6957746478873239,0.6845070422535211,0.6253521126760564,0.7259887005649718,0.6807610993657506,0.715292459478506,0.7096546863988724,0.6885130373502466,0.7105633802816902,0.8478260869565217,0.7969543147208121,0.7241379310344828,0.85,0.8028846153846154,0.8592964824120602,0.8020698576972833,0.8168642951251647,0.8743362831858407,0.7916666666666666,0.5467289719626168,0.6977777777777778,0.7241379310344828,0.5151515151515151,0.7488789237668162,0.5816326530612245,0.711825487944891,0.6942889137737962,0.5710982658959538,0.718213058419244,0.6988964008749255,0.6950427350427351,0.6778584392014518,0.6728983382209188,0.7179509122650876,0.7126040360278189,0.7163142038264602,0.7150151793203582,0.7214697105653054,0.7082838601054173,"{'cls__hidden_layer_sizes': (100,), 'cls__learning_rate': 'adaptive', 'cls__learning_rate_init': 0.001, 'cls__max_iter': 1000, 'cls__n_iter_no_change': 5, 'cls__random_state': 42, 'os__random_state': 42}",mlp,lof,simple,none,smote,0.7098875834025977
120.0,90.0,100.0,103.0,90.0,453.0,395.0,396.0,483.0,382.0,21.0,40.0,52.0,21.0,41.0,84.0,153.0,130.0,71.0,165.0,97.0,68.0,60.0,112.0,56.0,369.0,251.0,286.0,371.0,246.0,117.0,157.0,143.0,119.0,167.0,513.0,620.0,607.0,494.0,627.0,0.6647727272727273,0.7440758293838862,0.7185929648241206,0.6415094339622641,0.7749419953596287,0.6937119675456389,0.7542579075425792,0.7447852760736197,0.690909090909091,0.7531531531531531,0.6676056338028169,0.6957746478873239,0.6845070422535211,0.6253521126760564,0.7259887005649718,0.6807610993657506,0.715292459478506,0.7068357998590556,0.6885130373502466,0.7105633802816902,0.8478260869565217,0.7969543147208121,0.7333333333333333,0.85,0.8028846153846154,0.8592964824120602,0.8020698576972833,0.8236092265943012,0.8743362831858407,0.7916666666666666,0.5467289719626168,0.6977777777777778,0.7044334975369458,0.5151515151515151,0.7488789237668162,0.5816326530612245,0.711825487944891,0.6797312430011199,0.5710982658959538,0.718213058419244,0.6988964008749255,0.6950427350427351,0.6811641171895255,0.6728983382209188,0.7179509122650876,0.7126040360278189,0.7163142038264602,0.7162914770138679,0.7214697105653054,0.7082838601054173,"{'cls__C': 10, 'cls__probability': True, 'cls__random_state': 42, 'os__random_state': 42}",svc,lof,simple,standard,smote,0.7087785901605254
120.0,90.0,100.0,103.0,90.0,453.0,395.0,396.0,483.0,382.0,21.0,40.0,52.0,21.0,41.0,84.0,153.0,130.0,71.0,165.0,97.0,68.0,60.0,112.0,56.0,369.0,251.0,286.0,371.0,246.0,117.0,157.0,143.0,119.0,167.0,513.0,620.0,607.0,494.0,627.0,0.6647727272727273,0.7440758293838862,0.7185929648241206,0.6415094339622641,0.7749419953596287,0.6937119675456389,0.7542579075425792,0.7447852760736197,0.690909090909091,0.7531531531531531,0.6676056338028169,0.6957746478873239,0.6845070422535211,0.6253521126760564,0.7259887005649718,0.6807610993657506,0.715292459478506,0.7068357998590556,0.6885130373502466,0.7105633802816902,0.8478260869565217,0.7969543147208121,0.7333333333333333,0.85,0.8028846153846154,0.8592964824120602,0.8020698576972833,0.8236092265943012,0.8743362831858407,0.7916666666666666,0.5467289719626168,0.6977777777777778,0.7044334975369458,0.5151515151515151,0.7488789237668162,0.5816326530612245,0.711825487944891,0.6797312430011199,0.5710982658959538,0.718213058419244,0.6988964008749255,0.6950427350427351,0.6811641171895255,0.6728983382209188,0.7179509122650876,0.7126040360278189,0.7163142038264602,0.7162914770138679,0.7214697105653054,0.7082838601054173,"{'cls__C': 1, 'cls__probability': True, 'cls__random_state': 42, 'os__random_state': 42}",svc,lof,simple,standard,smote,0.7087785901605254
120.0,90.0,100.0,103.0,90.0,453.0,395.0,396.0,483.0,382.0,21.0,40.0,52.0,21.0,41.0,84.0,153.0,130.0,71.0,165.0,97.0,68.0,60.0,112.0,56.0,369.0,251.0,286.0,371.0,246.0,117.0,157.0,143.0,119.0,167.0,513.0,620.0,607.0,494.0,627.0,0.6647727272727273,0.7440758293838862,0.7185929648241206,0.6415094339622641,0.7749419953596287,0.6937119675456389,0.7542579075425792,0.7447852760736197,0.690909090909091,0.7531531531531531,0.6676056338028169,0.6957746478873239,0.6845070422535211,0.6253521126760564,0.7259887005649718,0.6807610993657506,0.715292459478506,0.7068357998590556,0.6885130373502466,0.7105633802816902,0.8478260869565217,0.7969543147208121,0.7333333333333333,0.85,0.8028846153846154,0.8592964824120602,0.8020698576972833,0.8236092265943012,0.8743362831858407,0.7916666666666666,0.5467289719626168,0.6977777777777778,0.7044334975369458,0.5151515151515151,0.7488789237668162,0.5816326530612245,0.711825487944891,0.6797312430011199,0.5710982658959538,0.718213058419244,0.6988964008749255,0.6950427350427351,0.6811641171895255,0.6728983382209188,0.7179509122650876,0.7126040360278189,0.7163142038264602,0.7162914770138679,0.7214697105653054,0.7082838601054173,"{'cls__C': 10, 'cls__probability': True, 'cls__random_state': 42, 'os__random_state': 42}",svc,lof,simple,minmax,smote,0.7087785901605254
120.0,90.0,100.0,103.0,90.0,453.0,395.0,396.0,483.0,382.0,21.0,40.0,52.0,21.0,41.0,84.0,153.0,130.0,71.0,165.0,97.0,68.0,60.0,112.0,56.0,369.0,251.0,286.0,371.0,246.0,117.0,157.0,143.0,119.0,167.0,513.0,620.0,607.0,494.0,627.0,0.6647727272727273,0.7440758293838862,0.7185929648241206,0.6415094339622641,0.7749419953596287,0.6937119675456389,0.7542579075425792,0.7447852760736197,0.690909090909091,0.7531531531531531,0.6676056338028169,0.6957746478873239,0.6845070422535211,0.6253521126760564,0.7259887005649718,0.6807610993657506,0.715292459478506,0.7068357998590556,0.6885130373502466,0.7105633802816902,0.8478260869565217,0.7969543147208121,0.7333333333333333,0.85,0.8028846153846154,0.8592964824120602,0.8020698576972833,0.8236092265943012,0.8743362831858407,0.7916666666666666,0.5467289719626168,0.6977777777777778,0.7044334975369458,0.5151515151515151,0.7488789237668162,0.5816326530612245,0.711825487944891,0.6797312430011199,0.5710982658959538,0.718213058419244,0.6988964008749255,0.6950427350427351,0.6811641171895255,0.6728983382209188,0.7179509122650876,0.7126040360278189,0.7163142038264602,0.7162914770138679,0.7214697105653054,0.7082838601054173,"{'cls__criterion': 'gini', 'cls__max_depth': None, 'cls__max_features': 'log2', 'cls__random_state': 42, 'os__random_state': 42}",rf,lof,simple,none,smote,0.7087785901605254
120.0,90.0,100.0,103.0,90.0,453.0,395.0,396.0,483.0,382.0,21.0,40.0,52.0,21.0,41.0,84.0,153.0,130.0,71.0,165.0,97.0,68.0,60.0,112.0,56.0,369.0,251.0,286.0,371.0,246.0,117.0,157.0,143.0,119.0,167.0,513.0,620.0,607.0,494.0,627.0,0.6647727272727273,0.7440758293838862,0.7185929648241206,0.6415094339622641,0.7749419953596287,0.6937119675456389,0.7542579075425792,0.7447852760736197,0.690909090909091,0.7531531531531531,0.6676056338028169,0.6957746478873239,0.6845070422535211,0.6253521126760564,0.7259887005649718,0.6807610993657506,0.715292459478506,0.7068357998590556,0.6885130373502466,0.7105633802816902,0.8478260869565217,0.7969543147208121,0.7333333333333333,0.85,0.8028846153846154,0.8592964824120602,0.8020698576972833,0.8236092265943012,0.8743362831858407,0.7916666666666666,0.5467289719626168,0.6977777777777778,0.7044334975369458,0.5151515151515151,0.7488789237668162,0.5816326530612245,0.711825487944891,0.6797312430011199,0.5710982658959538,0.718213058419244,0.6988964008749255,0.6950427350427351,0.6811641171895255,0.6728983382209188,0.7179509122650876,0.7126040360278189,0.7163142038264602,0.7162914770138679,0.7214697105653054,0.7082838601054173,"{'cls__C': 1, 'cls__probability': True, 'cls__random_state': 42, 'os__random_state': 42}",svc,lof,simple,minmax,smote,0.7087785901605254
120.0,90.0,100.0,103.0,90.0,453.0,395.0,396.0,483.0,382.0,21.0,40.0,52.0,21.0,41.0,84.0,153.0,130.0,71.0,165.0,97.0,68.0,60.0,112.0,56.0,369.0,251.0,286.0,371.0,246.0,117.0,157.0,143.0,119.0,167.0,513.0,620.0,607.0,494.0,627.0,0.6647727272727273,0.7440758293838862,0.7185929648241206,0.6415094339622641,0.7749419953596287,0.6937119675456389,0.7542579075425792,0.7447852760736197,0.690909090909091,0.7531531531531531,0.6676056338028169,0.6957746478873239,0.6845070422535211,0.6253521126760564,0.7259887005649718,0.6807610993657506,0.715292459478506,0.7068357998590556,0.6885130373502466,0.7105633802816902,0.8478260869565217,0.7969543147208121,0.7333333333333333,0.85,0.8028846153846154,0.8592964824120602,0.8020698576972833,0.8236092265943012,0.8743362831858407,0.7916666666666666,0.5467289719626168,0.6977777777777778,0.7044334975369458,0.5151515151515151,0.7488789237668162,0.5816326530612245,0.711825487944891,0.6797312430011199,0.5710982658959538,0.718213058419244,0.6988964008749255,0.6950427350427351,0.6811641171895255,0.6728983382209188,0.7179509122650876,0.7126040360278189,0.7163142038264602,0.7162914770138679,0.7214697105653054,0.7082838601054173,"{'cls__criterion': 'entropy', 'cls__max_depth': None, 'cls__max_features': 'log2', 'cls__random_state': 42, 'os__random_state': 42}",rf,lof,simple,none,smote,0.7087785901605254
91.0,121.0,122.0,103.0,95.0,387.0,458.0,457.0,476.0,383.0,50.0,29.0,22.0,19.0,36.0,160.0,80.0,87.0,90.0,174.0,73.0,77.0,94.0,106.0,60.0,231.0,391.0,374.0,362.0,244.0,145.0,132.0,120.0,130.0,167.0,655.0,504.0,516.0,506.0,633.0,0.702179176755448,0.7135135135135134,0.6741573033707865,0.6753246753246753,0.7767441860465117,0.770135214579659,0.6815415821501014,0.6912257200267917,0.6912568306010929,0.7517814726840856,0.6573816155988857,0.7047353760445683,0.6759776536312849,0.6508379888268156,0.7318435754189944,0.7271458478715981,0.6713189113747383,0.6785216178521618,0.6847977684797768,0.708507670850767,0.7435897435897436,0.8198757763975155,0.8450704225352113,0.87248322147651,0.8226600985221675,0.803680981595092,0.863013698630137,0.8557213930348259,0.8489932885906041,0.7843866171003717,0.6651376146788991,0.631578947368421,0.5607476635514018,0.5508474576271186,0.73568281938326,0.7392776523702032,0.5631284916201117,0.5797752808988764,0.5829493087557603,0.7217787913340935,0.6552638428004424,0.7191228070175438,0.7039849428868121,0.6975548763545428,0.7304368295389583,0.7233865409931455,0.7072148034308736,0.7099244051553205,0.7119693540245232,0.7046954997963106,"{'cls__C': 0.1, 'cls__probability': True, 'cls__random_state': 42, 'os__random_state': 42}",svc,none,simple,standard,smote,0.7083837710021871
90.0,121.0,122.0,103.0,95.0,387.0,458.0,457.0,476.0,383.0,51.0,29.0,22.0,19.0,36.0,160.0,80.0,87.0,90.0,174.0,73.0,77.0,94.0,106.0,60.0,230.0,391.0,374.0,362.0,244.0,145.0,132.0,120.0,130.0,167.0,656.0,504.0,516.0,506.0,633.0,0.7004830917874396,0.7135135135135134,0.6741573033707865,0.6753246753246753,0.7767441860465117,0.7708578143360753,0.6815415821501014,0.6912257200267917,0.6912568306010929,0.7517814726840856,0.6545961002785515,0.7047353760445683,0.6759776536312849,0.6508379888268156,0.7318435754189944,0.7278436845778088,0.6713189113747383,0.6785216178521618,0.6847977684797768,0.708507670850767,0.7397959183673469,0.8198757763975155,0.8450704225352113,0.87248322147651,0.8226600985221675,0.803921568627451,0.863013698630137,0.8557213930348259,0.8489932885906041,0.7843866171003717,0.6651376146788991,0.631578947368421,0.5607476635514018,0.5508474576271186,0.73568281938326,0.7404063205417607,0.5631284916201117,0.5797752808988764,0.5829493087557603,0.7217787913340935,0.6517177435096623,0.7191228070175438,0.7039849428868121,0.6975548763545428,0.7304368295389583,0.7239508750789243,0.7072148034308736,0.7099244051553205,0.7119693540245232,0.7046954997963106,"{'cls__C': 0.1, 'cls__probability': True, 'cls__random_state': 42, 'os__random_state': 42}",svc,none,simple,minmax,smote,0.7080445540085853
120.0,90.0,96.0,103.0,113.0,453.0,382.0,387.0,470.0,460.0,21.0,40.0,56.0,21.0,18.0,84.0,166.0,139.0,84.0,87.0,97.0,64.0,56.0,107.0,85.0,369.0,238.0,273.0,359.0,381.0,117.0,161.0,147.0,124.0,138.0,513.0,633.0,620.0,506.0,492.0,0.6647727272727273,0.755868544600939,0.7241379310344829,0.6595744680851064,0.7282321899736148,0.6937119675456389,0.7580838323353294,0.7506053268765133,0.6955326460481099,0.6776859504132231,0.6676056338028169,0.7070422535211267,0.6845070422535211,0.6394366197183099,0.7090395480225988,0.6807610993657506,0.715292459478506,0.7096546863988724,0.6878083157152924,0.6704225352112676,0.8478260869565217,0.8009950248756219,0.7241379310344828,0.8551724137931035,0.8846153846153846,0.8592964824120602,0.7922403003754693,0.8168642951251647,0.8576271186440678,0.8497409326424871,0.5467289719626168,0.7155555555555555,0.7241379310344828,0.5367965367965368,0.6188340807174888,0.5816326530612245,0.7267508610792193,0.6942889137737962,0.584971098265896,0.563573883161512,0.6988964008749255,0.7039316239316239,0.6778584392014518,0.6837208490434297,0.7407147502824085,0.7126040360278189,0.7119155765250111,0.7150151793203582,0.716673274764717,0.7022622615076299,"{'cls__C': 0.1, 'cls__probability': True, 'cls__random_state': 42, 'os__random_state': 42}",svc,lof,simple,minmax,smote,0.7065171721933741
120.0,90.0,96.0,103.0,113.0,453.0,382.0,387.0,483.0,460.0,21.0,40.0,56.0,21.0,18.0,84.0,166.0,139.0,71.0,87.0,97.0,64.0,56.0,112.0,85.0,369.0,238.0,273.0,371.0,381.0,117.0,161.0,147.0,119.0,138.0,513.0,633.0,620.0,494.0,492.0,0.6647727272727273,0.755868544600939,0.7241379310344829,0.6415094339622641,0.7282321899736148,0.6937119675456389,0.7580838323353294,0.7506053268765133,0.690909090909091,0.6776859504132231,0.6676056338028169,0.7070422535211267,0.6845070422535211,0.6253521126760564,0.7090395480225988,0.6807610993657506,0.715292459478506,0.7096546863988724,0.6885130373502466,0.6704225352112676,0.8478260869565217,0.8009950248756219,0.7241379310344828,0.85,0.8846153846153846,0.8592964824120602,0.7922403003754693,0.8168642951251647,0.8743362831858407,0.8497409326424871,0.5467289719626168,0.7155555555555555,0.7241379310344828,0.5151515151515151,0.6188340807174888,0.5816326530612245,0.7267508610792193,0.6942889137737962,0.5710982658959538,0.563573883161512,0.6988964008749255,0.7039316239316239,0.6778584392014518,0.6728983382209188,0.7407147502824085,0.7126040360278189,0.7119155765250111,0.7150151793203582,0.7214697105653054,0.7022622615076299,"{'cls__C': 0.1, 'cls__probability': True, 'cls__random_state': 42, 'os__random_state': 42}",svc,lof,simple,standard,smote,0.7029041653688056
91.0,122.0,125.0,106.0,102.0,388.0,458.0,468.0,487.0,401.0,50.0,28.0,19.0,16.0,29.0,159.0,80.0,76.0,79.0,156.0,73.0,77.0,99.0,114.0,66.0,232.0,392.0,387.0,372.0,283.0,145.0,132.0,115.0,122.0,161.0,654.0,503.0,503.0,496.0,594.0,0.702179176755448,0.7154471544715447,0.660919540229885,0.6524064171122995,0.7721822541966427,0.7698646262507357,0.6806495263870095,0.6848196051735874,0.6874566874566874,0.7301782421634911,0.6573816155988857,0.7075208913649025,0.6703910614525139,0.6368715083798883,0.7346368715083799,0.7271458478715981,0.6706210746685276,0.6771269177126917,0.6854951185495118,0.693863319386332,0.7435897435897436,0.825,0.8582089552238806,0.8840579710144928,0.8473684210526315,0.8044280442804428,0.8627787307032591,0.8687392055267703,0.8626086956521739,0.792,0.6651376146788991,0.631578947368421,0.5373831775700935,0.5169491525423728,0.7092511013215859,0.7381489841986456,0.5620111731843576,0.5651685393258427,0.5714285714285714,0.677309007981756,0.6552638428004424,0.7224561403508772,0.7027193665628245,0.6929008057793832,0.7439385277600296,0.7237362836898164,0.7066561442129966,0.7127313284864507,0.7159262998485614,0.6986185973481491,"{'cls__hidden_layer_sizes': (100,), 'cls__learning_rate': 'adaptive', 'cls__learning_rate_init': 1e-05, 'cls__max_iter': 1000, 'cls__n_iter_no_change': 5, 'cls__random_state': 42, 'os__random_state': 42}",mlp,none,simple,none,smote,0.700626908553164
120.0,90.0,96.0,103.0,113.0,453.0,395.0,387.0,483.0,460.0,21.0,40.0,56.0,21.0,18.0,84.0,153.0,139.0,71.0,87.0,97.0,68.0,56.0,112.0,85.0,369.0,251.0,273.0,371.0,381.0,117.0,157.0,147.0,119.0,138.0,513.0,620.0,620.0,494.0,492.0,0.6647727272727273,0.7440758293838862,0.7241379310344829,0.6415094339622641,0.7282321899736148,0.6937119675456389,0.7542579075425792,0.7506053268765133,0.690909090909091,0.6776859504132231,0.6676056338028169,0.6957746478873239,0.6845070422535211,0.6253521126760564,0.7090395480225988,0.6807610993657506,0.715292459478506,0.7096546863988724,0.6885130373502466,0.6704225352112676,0.8478260869565217,0.7969543147208121,0.7241379310344828,0.85,0.8846153846153846,0.8592964824120602,0.8020698576972833,0.8168642951251647,0.8743362831858407,0.8497409326424871,0.5467289719626168,0.6977777777777778,0.7241379310344828,0.5151515151515151,0.6188340807174888,0.5816326530612245,0.711825487944891,0.6942889137737962,0.5710982658959538,0.563573883161512,0.6988964008749255,0.6950427350427351,0.6778584392014518,0.6728983382209188,0.7407147502824085,0.7126040360278189,0.7163142038264602,0.7150151793203582,0.7214697105653054,0.7022622615076299,"{'cls__hidden_layer_sizes': (100,), 'cls__learning_rate': 'adaptive', 'cls__learning_rate_init': 1e-05, 'cls__max_iter': 1000, 'cls__n_iter_no_change': 5, 'cls__random_state': 42, 'os__random_state': 42}",mlp,lof,simple,none,smote,0.700545622325395
120.0,90.0,100.0,103.0,113.0,453.0,395.0,396.0,483.0,460.0,21.0,40.0,52.0,21.0,18.0,84.0,153.0,130.0,71.0,87.0,97.0,68.0,60.0,112.0,85.0,369.0,251.0,286.0,371.0,381.0,117.0,157.0,143.0,119.0,138.0,513.0,620.0,607.0,494.0,492.0,0.6647727272727273,0.7440758293838862,0.7185929648241206,0.6415094339622641,0.7282321899736148,0.6937119675456389,0.7542579075425792,0.7447852760736197,0.690909090909091,0.6776859504132231,0.6676056338028169,0.6957746478873239,0.6845070422535211,0.6253521126760564,0.7090395480225988,0.6807610993657506,0.715292459478506,0.7068357998590556,0.6885130373502466,0.6704225352112676,0.8478260869565217,0.7969543147208121,0.7333333333333333,0.85,0.8846153846153846,0.8592964824120602,0.8020698576972833,0.8236092265943012,0.8743362831858407,0.8497409326424871,0.5467289719626168,0.6977777777777778,0.7044334975369458,0.5151515151515151,0.6188340807174888,0.5816326530612245,0.711825487944891,0.6797312430011199,0.5710982658959538,0.563573883161512,0.6988964008749255,0.6950427350427351,0.6811641171895255,0.6728983382209188,0.7407147502824085,0.7126040360278189,0.7163142038264602,0.7162914770138679,0.7214697105653054,0.7022622615076299,"{'cls__hidden_layer_sizes': (100,), 'cls__learning_rate': 'adaptive', 'cls__learning_rate_init': 0.001, 'cls__max_iter': 1000, 'cls__n_iter_no_change': 5, 'cls__random_state': 42, 'os__random_state': 42}",mlp,lof,simple,standard,smote,0.6994366290833226
120.0,90.0,100.0,103.0,113.0,453.0,395.0,396.0,483.0,460.0,21.0,40.0,52.0,21.0,18.0,84.0,153.0,130.0,71.0,87.0,97.0,68.0,60.0,112.0,85.0,369.0,251.0,286.0,371.0,381.0,117.0,157.0,143.0,119.0,138.0,513.0,620.0,607.0,494.0,492.0,0.6647727272727273,0.7440758293838862,0.7185929648241206,0.6415094339622641,0.7282321899736148,0.6937119675456389,0.7542579075425792,0.7447852760736197,0.690909090909091,0.6776859504132231,0.6676056338028169,0.6957746478873239,0.6845070422535211,0.6253521126760564,0.7090395480225988,0.6807610993657506,0.715292459478506,0.7068357998590556,0.6885130373502466,0.6704225352112676,0.8478260869565217,0.7969543147208121,0.7333333333333333,0.85,0.8846153846153846,0.8592964824120602,0.8020698576972833,0.8236092265943012,0.8743362831858407,0.8497409326424871,0.5467289719626168,0.6977777777777778,0.7044334975369458,0.5151515151515151,0.6188340807174888,0.5816326530612245,0.711825487944891,0.6797312430011199,0.5710982658959538,0.563573883161512,0.6988964008749255,0.6950427350427351,0.6811641171895255,0.6728983382209188,0.7407147502824085,0.7126040360278189,0.7163142038264602,0.7162914770138679,0.7214697105653054,0.7022622615076299,"{'cls__criterion': 'gini', 'cls__max_depth': 4, 'cls__max_features': 'log2', 'cls__random_state': 42, 'os__random_state': 42}",rf,lof,simple,none,smote,0.6994366290833226
120.0,90.0,100.0,103.0,113.0,453.0,395.0,396.0,483.0,460.0,21.0,40.0,52.0,21.0,18.0,84.0,153.0,130.0,71.0,87.0,97.0,68.0,60.0,112.0,85.0,369.0,251.0,286.0,371.0,381.0,117.0,157.0,143.0,119.0,138.0,513.0,620.0,607.0,494.0,492.0,0.6647727272727273,0.7440758293838862,0.7185929648241206,0.6415094339622641,0.7282321899736148,0.6937119675456389,0.7542579075425792,0.7447852760736197,0.690909090909091,0.6776859504132231,0.6676056338028169,0.6957746478873239,0.6845070422535211,0.6253521126760564,0.7090395480225988,0.6807610993657506,0.715292459478506,0.7068357998590556,0.6885130373502466,0.6704225352112676,0.8478260869565217,0.7969543147208121,0.7333333333333333,0.85,0.8846153846153846,0.8592964824120602,0.8020698576972833,0.8236092265943012,0.8743362831858407,0.8497409326424871,0.5467289719626168,0.6977777777777778,0.7044334975369458,0.5151515151515151,0.6188340807174888,0.5816326530612245,0.711825487944891,0.6797312430011199,0.5710982658959538,0.563573883161512,0.6988964008749255,0.6950427350427351,0.6811641171895255,0.6728983382209188,0.7407147502824085,0.7126040360278189,0.7163142038264602,0.7162914770138679,0.7214697105653054,0.7022622615076299,"{'cls__criterion': 'entropy', 'cls__max_depth': 4, 'cls__max_features': 'log2', 'cls__random_state': 42, 'os__random_state': 42}",rf,lof,simple,none,smote,0.6994366290833226
120.0,111.0,96.0,103.0,113.0,453.0,462.0,387.0,470.0,460.0,21.0,19.0,56.0,21.0,18.0,84.0,86.0,139.0,84.0,87.0,97.0,91.0,56.0,107.0,85.0,369.0,375.0,273.0,359.0,381.0,117.0,134.0,147.0,124.0,138.0,513.0,496.0,620.0,506.0,492.0,0.6647727272727273,0.708994708994709,0.7241379310344829,0.6595744680851064,0.7282321899736148,0.6937119675456389,0.6827253957329662,0.7506053268765133,0.6955326460481099,0.6776859504132231,0.6676056338028169,0.6901408450704225,0.6845070422535211,0.6394366197183099,0.7090395480225988,0.6807610993657506,0.6751233262861169,0.7096546863988724,0.6878083157152924,0.6704225352112676,0.8478260869565217,0.8758169934640523,0.7241379310344828,0.8551724137931035,0.8846153846153846,0.8592964824120602,0.852233676975945,0.8168642951251647,0.8576271186440678,0.8497409326424871,0.5467289719626168,0.5955555555555555,0.7241379310344828,0.5367965367965368,0.6188340807174888,0.5816326530612245,0.5694603903559128,0.6942889137737962,0.584971098265896,0.563573883161512,0.6988964008749255,0.7247008547008545,0.6778584392014518,0.6837208490434297,0.7407147502824085,0.7126040360278189,0.7062630418932848,0.7150151793203582,0.716673274764717,0.7022622615076299,"{'cls__hidden_layer_sizes': (100,), 'cls__learning_rate': 'adaptive', 'cls__learning_rate_init': 1e-05, 'cls__max_iter': 1000, 'cls__n_iter_no_change': 5, 'cls__random_state': 42, 'os__random_state': 42}",mlp,lof,simple,minmax,smote,0.6971424050721281
120.0,111.0,96.0,103.0,113.0,453.0,462.0,387.0,483.0,460.0,21.0,19.0,56.0,21.0,18.0,84.0,86.0,139.0,71.0,87.0,97.0,91.0,56.0,112.0,85.0,369.0,375.0,273.0,371.0,381.0,117.0,134.0,147.0,119.0,138.0,513.0,496.0,620.0,494.0,492.0,0.6647727272727273,0.708994708994709,0.7241379310344829,0.6415094339622641,0.7282321899736148,0.6937119675456389,0.6827253957329662,0.7506053268765133,0.690909090909091,0.6776859504132231,0.6676056338028169,0.6901408450704225,0.6845070422535211,0.6253521126760564,0.7090395480225988,0.6807610993657506,0.6751233262861169,0.7096546863988724,0.6885130373502466,0.6704225352112676,0.8478260869565217,0.8758169934640523,0.7241379310344828,0.85,0.8846153846153846,0.8592964824120602,0.852233676975945,0.8168642951251647,0.8743362831858407,0.8497409326424871,0.5467289719626168,0.5955555555555555,0.7241379310344828,0.5151515151515151,0.6188340807174888,0.5816326530612245,0.5694603903559128,0.6942889137737962,0.5710982658959538,0.563573883161512,0.6988964008749255,0.7247008547008545,0.6778584392014518,0.6728983382209188,0.7407147502824085,0.7126040360278189,0.7062630418932848,0.7150151793203582,0.7214697105653054,0.7022622615076299,"{'cls__criterion': 'gini', 'cls__max_depth': 2, 'cls__max_features': 'log2', 'cls__random_state': 42, 'os__random_state': 42}",rf,lof,simple,none,smote,0.6935293982475597
120.0,111.0,126.0,103.0,113.0,453.0,462.0,447.0,470.0,460.0,21.0,19.0,26.0,21.0,18.0,84.0,86.0,79.0,84.0,87.0,97.0,91.0,86.0,107.0,85.0,369.0,375.0,380.0,359.0,381.0,117.0,134.0,117.0,124.0,138.0,513.0,496.0,513.0,506.0,492.0,0.6647727272727273,0.708994708994709,0.676300578034682,0.6595744680851064,0.7282321899736148,0.6937119675456389,0.6827253957329662,0.6909090909090909,0.6955326460481099,0.6776859504132231,0.6676056338028169,0.6901408450704225,0.6845070422535211,0.6394366197183099,0.7090395480225988,0.6807610993657506,0.6751233262861169,0.6765327695560254,0.6878083157152924,0.6704225352112676,0.8478260869565217,0.8758169934640523,0.8181818181818182,0.8551724137931035,0.8846153846153846,0.8592964824120602,0.852233676975945,0.8665540540540541,0.8576271186440678,0.8497409326424871,0.5467289719626168,0.5955555555555555,0.5763546798029556,0.5367965367965368,0.6188340807174888,0.5816326530612245,0.5694603903559128,0.574468085106383,0.584971098265896,0.563573883161512,0.6988964008749255,0.7247008547008545,0.7026510241120041,0.6837208490434297,0.7407147502824085,0.7126040360278189,0.7062630418932848,0.7121389855189709,0.716673274764717,0.7022622615076299,{'os__random_state': 42},nb,lof,simple,minmax,smote,0.6875749344721679
120.0,111.0,126.0,103.0,113.0,453.0,462.0,447.0,470.0,460.0,21.0,19.0,26.0,21.0,18.0,84.0,86.0,79.0,84.0,87.0,97.0,91.0,86.0,107.0,85.0,369.0,375.0,380.0,359.0,381.0,117.0,134.0,117.0,124.0,138.0,513.0,496.0,513.0,506.0,492.0,0.6647727272727273,0.708994708994709,0.676300578034682,0.6595744680851064,0.7282321899736148,0.6937119675456389,0.6827253957329662,0.6909090909090909,0.6955326460481099,0.6776859504132231,0.6676056338028169,0.6901408450704225,0.6845070422535211,0.6394366197183099,0.7090395480225988,0.6807610993657506,0.6751233262861169,0.6765327695560254,0.6878083157152924,0.6704225352112676,0.8478260869565217,0.8758169934640523,0.8181818181818182,0.8551724137931035,0.8846153846153846,0.8592964824120602,0.852233676975945,0.8665540540540541,0.8576271186440678,0.8497409326424871,0.5467289719626168,0.5955555555555555,0.5763546798029556,0.5367965367965368,0.6188340807174888,0.5816326530612245,0.5694603903559128,0.574468085106383,0.584971098265896,0.563573883161512,0.6988964008749255,0.7247008547008545,0.7026510241120041,0.6837208490434297,0.7407147502824085,0.7126040360278189,0.7062630418932848,0.7121389855189709,0.716673274764717,0.7022622615076299,{'os__random_state': 42},nb,lof,simple,none,smote,0.6875749344721679
120.0,111.0,126.0,103.0,113.0,453.0,462.0,447.0,470.0,460.0,21.0,19.0,26.0,21.0,18.0,84.0,86.0,79.0,84.0,87.0,97.0,91.0,86.0,107.0,85.0,369.0,375.0,380.0,359.0,381.0,117.0,134.0,117.0,124.0,138.0,513.0,496.0,513.0,506.0,492.0,0.6647727272727273,0.708994708994709,0.676300578034682,0.6595744680851064,0.7282321899736148,0.6937119675456389,0.6827253957329662,0.6909090909090909,0.6955326460481099,0.6776859504132231,0.6676056338028169,0.6901408450704225,0.6845070422535211,0.6394366197183099,0.7090395480225988,0.6807610993657506,0.6751233262861169,0.6765327695560254,0.6878083157152924,0.6704225352112676,0.8478260869565217,0.8758169934640523,0.8181818181818182,0.8551724137931035,0.8846153846153846,0.8592964824120602,0.852233676975945,0.8665540540540541,0.8576271186440678,0.8497409326424871,0.5467289719626168,0.5955555555555555,0.5763546798029556,0.5367965367965368,0.6188340807174888,0.5816326530612245,0.5694603903559128,0.574468085106383,0.584971098265896,0.563573883161512,0.6988964008749255,0.7247008547008545,0.7026510241120041,0.6837208490434297,0.7407147502824085,0.7126040360278189,0.7062630418932848,0.7121389855189709,0.716673274764717,0.7022622615076299,{'os__random_state': 42},nb,lof,simple,standard,smote,0.6875749344721679
119.0,121.0,122.0,103.0,114.0,460.0,458.0,457.0,476.0,465.0,22.0,29.0,22.0,19.0,17.0,87.0,80.0,87.0,90.0,92.0,101.0,77.0,94.0,106.0,90.0,367.0,391.0,374.0,362.0,378.0,117.0,132.0,120.0,130.0,137.0,519.0,504.0,516.0,506.0,499.0,0.6554621848739497,0.7135135135135134,0.6741573033707865,0.6753246753246753,0.7191601049868767,0.695710455764075,0.6815415821501014,0.6912257200267917,0.6912568306010929,0.6798365122615805,0.6573816155988857,0.7047353760445683,0.6759776536312849,0.6508379888268156,0.7011173184357542,0.683182135380321,0.6713189113747383,0.6785216178521618,0.6847977684797768,0.6722454672245467,0.841726618705036,0.8198757763975155,0.8450704225352113,0.87248322147651,0.8896103896103896,0.8564356435643564,0.863013698630137,0.8557213930348259,0.8489932885906041,0.8443316412859561,0.536697247706422,0.631578947368421,0.5607476635514018,0.5508474576271186,0.6035242290748899,0.5857787810383747,0.5631284916201117,0.5797752808988764,0.5829493087557603,0.5689851767388826,0.6903344394560479,0.7191228070175438,0.7039849428868121,0.6975548763545428,0.7368766183542388,0.7133647104460612,0.7072148034308736,0.7099244051553205,0.7119693540245232,0.7019073100929601,"{'cls__hidden_layer_sizes': (100,), 'cls__learning_rate': 'adaptive', 'cls__learning_rate_init': 1e-05, 'cls__max_iter': 1000, 'cls__n_iter_no_change': 5, 'cls__random_state': 42, 'os__random_state': 42}",mlp,none,simple,minmax,smote,0.6875235564139602
118.0,120.0,122.0,102.0,113.0,458.0,453.0,454.0,474.0,463.0,23.0,30.0,22.0,20.0,18.0,89.0,85.0,90.0,92.0,94.0,101.0,77.0,93.0,105.0,90.0,365.0,389.0,373.0,361.0,376.0,117.0,132.0,121.0,131.0,137.0,521.0,506.0,517.0,507.0,501.0,0.6536312849162013,0.711590296495957,0.6778711484593838,0.6770025839793282,0.7172774869109949,0.696524064171123,0.6810228802153432,0.6907147628590514,0.6912065439672802,0.6807065217391304,0.6545961002785515,0.7019498607242339,0.6787709497206704,0.6508379888268156,0.6983240223463687,0.683182135380321,0.6692254012561061,0.6771269177126917,0.6841004184100419,0.6722454672245467,0.8357142857142857,0.8148148148148148,0.8461538461538461,0.8675496688741722,0.8838709677419355,0.8540983606557377,0.856175972927242,0.8517298187808896,0.8464106844741235,0.8420168067226891,0.536697247706422,0.631578947368421,0.5654205607476636,0.5550847457627118,0.6035242290748899,0.5880361173814899,0.5653631284916201,0.5808988764044943,0.5841013824884793,0.5712656784492588,0.6867883401652678,0.7157894736842105,0.7063213914849429,0.6955751597666019,0.7330598244611091,0.7126652250527193,0.703685281717929,0.7077288499669531,0.7107786064385859,0.701252228811703,{'os__random_state': 42},nb,none,simple,minmax,smote,0.6874745601523731
118.0,120.0,122.0,102.0,113.0,458.0,453.0,454.0,474.0,463.0,23.0,30.0,22.0,20.0,18.0,89.0,85.0,90.0,92.0,94.0,101.0,77.0,93.0,105.0,90.0,365.0,389.0,373.0,361.0,376.0,117.0,132.0,121.0,131.0,137.0,521.0,506.0,517.0,507.0,501.0,0.6536312849162013,0.711590296495957,0.6778711484593838,0.6770025839793282,0.7172774869109949,0.696524064171123,0.6810228802153432,0.6907147628590514,0.6912065439672802,0.6807065217391304,0.6545961002785515,0.7019498607242339,0.6787709497206704,0.6508379888268156,0.6983240223463687,0.683182135380321,0.6692254012561061,0.6771269177126917,0.6841004184100419,0.6722454672245467,0.8357142857142857,0.8148148148148148,0.8461538461538461,0.8675496688741722,0.8838709677419355,0.8540983606557377,0.856175972927242,0.8517298187808896,0.8464106844741235,0.8420168067226891,0.536697247706422,0.631578947368421,0.5654205607476636,0.5550847457627118,0.6035242290748899,0.5880361173814899,0.5653631284916201,0.5808988764044943,0.5841013824884793,0.5712656784492588,0.6867883401652678,0.7157894736842105,0.7063213914849429,0.6955751597666019,0.7330598244611091,0.7126652250527193,0.703685281717929,0.7077288499669531,0.7107786064385859,0.701252228811703,{'os__random_state': 42},nb,none,simple,standard,smote,0.6874745601523731
118.0,120.0,122.0,102.0,113.0,458.0,453.0,454.0,474.0,463.0,23.0,30.0,22.0,20.0,18.0,89.0,85.0,90.0,92.0,94.0,101.0,77.0,93.0,105.0,90.0,365.0,389.0,373.0,361.0,376.0,117.0,132.0,121.0,131.0,137.0,521.0,506.0,517.0,507.0,501.0,0.6536312849162013,0.711590296495957,0.6778711484593838,0.6770025839793282,0.7172774869109949,0.696524064171123,0.6810228802153432,0.6907147628590514,0.6912065439672802,0.6807065217391304,0.6545961002785515,0.7019498607242339,0.6787709497206704,0.6508379888268156,0.6983240223463687,0.683182135380321,0.6692254012561061,0.6771269177126917,0.6841004184100419,0.6722454672245467,0.8357142857142857,0.8148148148148148,0.8461538461538461,0.8675496688741722,0.8838709677419355,0.8540983606557377,0.856175972927242,0.8517298187808896,0.8464106844741235,0.8420168067226891,0.536697247706422,0.631578947368421,0.5654205607476636,0.5550847457627118,0.6035242290748899,0.5880361173814899,0.5653631284916201,0.5808988764044943,0.5841013824884793,0.5712656784492588,0.6867883401652678,0.7157894736842105,0.7063213914849429,0.6955751597666019,0.7330598244611091,0.7126652250527193,0.703685281717929,0.7077288499669531,0.7107786064385859,0.701252228811703,{'os__random_state': 42},nb,none,simple,none,smote,0.6874745601523731
119.0,121.0,125.0,103.0,114.0,460.0,458.0,467.0,476.0,465.0,22.0,29.0,19.0,19.0,17.0,87.0,80.0,77.0,90.0,92.0,101.0,77.0,99.0,106.0,90.0,367.0,391.0,386.0,362.0,378.0,117.0,132.0,115.0,130.0,137.0,519.0,504.0,504.0,506.0,499.0,0.6554621848739497,0.7135135135135134,0.660919540229885,0.6753246753246753,0.7191601049868767,0.695710455764075,0.6815415821501014,0.6852481305234535,0.6912568306010929,0.6798365122615805,0.6573816155988857,0.7047353760445683,0.6703910614525139,0.6508379888268156,0.7011173184357542,0.683182135380321,0.6713189113747383,0.6771269177126917,0.6847977684797768,0.6722454672245467,0.841726618705036,0.8198757763975155,0.8582089552238806,0.87248322147651,0.8896103896103896,0.8564356435643564,0.863013698630137,0.8674698795180723,0.8489932885906041,0.8443316412859561,0.536697247706422,0.631578947368421,0.5373831775700935,0.5508474576271186,0.6035242290748899,0.5857787810383747,0.5631284916201117,0.5662921348314607,0.5829493087557603,0.5689851767388826,0.6903344394560479,0.7191228070175438,0.7027193665628245,0.6975548763545428,0.7368766183542388,0.7133647104460612,0.7072148034308736,0.7123740085922009,0.7119693540245232,0.7019073100929601,"{'cls__criterion': 'gini', 'cls__max_depth': 2, 'cls__max_features': 'log2', 'cls__random_state': 42, 'os__random_state': 42}",rf,none,simple,none,smote,0.6848760037857801
118.0,121.0,125.0,103.0,114.0,460.0,458.0,467.0,476.0,465.0,23.0,29.0,19.0,19.0,17.0,87.0,80.0,77.0,90.0,92.0,101.0,77.0,99.0,106.0,90.0,366.0,391.0,386.0,362.0,378.0,117.0,132.0,115.0,130.0,137.0,520.0,504.0,504.0,506.0,499.0,0.6536312849162013,0.7135135135135134,0.660919540229885,0.6753246753246753,0.7191601049868767,0.6965840589417281,0.6815415821501014,0.6852481305234535,0.6912568306010929,0.6798365122615805,0.6545961002785515,0.7047353760445683,0.6703910614525139,0.6508379888268156,0.7011173184357542,0.6838799720865317,0.6713189113747383,0.6771269177126917,0.6847977684797768,0.6722454672245467,0.8357142857142857,0.8198757763975155,0.8582089552238806,0.87248322147651,0.8896103896103896,0.85667215815486,0.863013698630137,0.8674698795180723,0.8489932885906041,0.8443316412859561,0.536697247706422,0.631578947368421,0.5373831775700935,0.5508474576271186,0.6035242290748899,0.5869074492099323,0.5631284916201117,0.5662921348314607,0.5829493087557603,0.5689851767388826,0.6867883401652678,0.7191228070175438,0.7027193665628245,0.6975548763545428,0.7368766183542388,0.71392904453184,0.7072148034308736,0.7123740085922009,0.7119693540245232,0.7019073100929601,"{'cls__criterion': 'entropy', 'cls__max_depth': 2, 'cls__max_features': 'log2', 'cls__random_state': 42, 'os__random_state': 42}",rf,none,simple,none,smote,0.6845098237942302
121.0,124.0,125.0,106.0,116.0,470.0,471.0,468.0,487.0,477.0,20.0,26.0,19.0,16.0,15.0,77.0,67.0,76.0,79.0,80.0,102.0,82.0,99.0,114.0,91.0,382.0,408.0,387.0,372.0,395.0,116.0,127.0,115.0,122.0,136.0,504.0,487.0,503.0,496.0,482.0,0.6553672316384181,0.7016574585635358,0.660919540229885,0.6524064171122995,0.7195767195767196,0.6871165644171778,0.6721877156659765,0.6848196051735874,0.6874566874566874,0.669909659485754,0.6601671309192201,0.6991643454038997,0.6703910614525139,0.6368715083798883,0.7039106145251397,0.6796929518492673,0.6685275645498954,0.6771269177126917,0.6854951185495118,0.6687587168758717,0.8529411764705882,0.8300653594771242,0.8582089552238806,0.8840579710144928,0.9006622516556292,0.8674698795180723,0.8790613718411552,0.8687392055267703,0.8626086956521739,0.8576512455516014,0.5321100917431193,0.6076555023923444,0.5373831775700935,0.5169491525423728,0.5991189427312775,0.5688487584650113,0.5441340782122905,0.5651685393258427,0.5714285714285714,0.5496009122006842,0.6951330600559568,0.7171610845295056,0.7027193665628245,0.6929008057793832,0.7423075629686923,0.7140404669838767,0.7097993811135802,0.7127313284864507,0.7159262998485614,0.7029871706425324,"{'cls__criterion': 'gini', 'cls__max_depth': 4, 'cls__max_features': 'log2', 'cls__random_state': 42, 'os__random_state': 42}",rf,none,simple,none,smote,0.6779854734241716
118.0,124.0,125.0,106.0,116.0,460.0,471.0,468.0,487.0,477.0,23.0,26.0,19.0,16.0,15.0,87.0,67.0,76.0,79.0,80.0,101.0,82.0,99.0,114.0,91.0,366.0,408.0,387.0,372.0,395.0,117.0,127.0,115.0,122.0,136.0,520.0,487.0,503.0,496.0,482.0,0.6536312849162013,0.7016574585635358,0.660919540229885,0.6524064171122995,0.7195767195767196,0.6965840589417281,0.6721877156659765,0.6848196051735874,0.6874566874566874,0.669909659485754,0.6545961002785515,0.6991643454038997,0.6703910614525139,0.6368715083798883,0.7039106145251397,0.6838799720865317,0.6685275645498954,0.6771269177126917,0.6854951185495118,0.6687587168758717,0.8357142857142857,0.8300653594771242,0.8582089552238806,0.8840579710144928,0.9006622516556292,0.85667215815486,0.8790613718411552,0.8687392055267703,0.8626086956521739,0.8576512455516014,0.536697247706422,0.6076555023923444,0.5373831775700935,0.5169491525423728,0.5991189427312775,0.5869074492099323,0.5441340782122905,0.5651685393258427,0.5714285714285714,0.5496009122006842,0.6867883401652678,0.7171610845295056,0.7027193665628245,0.6929008057793832,0.7423075629686923,0.71392904453184,0.7097993811135802,0.7127313284864507,0.7159262998485614,0.7029871706425324,"{'cls__criterion': 'entropy', 'cls__max_depth': 4, 'cls__max_features': 'log2', 'cls__random_state': 42, 'os__random_state': 42}",rf,none,simple,none,smote,0.6776382840797283
46.0,57.0,52.0,54.0,53.0,218.0,207.0,223.0,210.0,222.0,40.0,36.0,26.0,39.0,33.0,132.0,136.0,135.0,133.0,128.0,50.0,58.0,63.0,63.0,60.0,217.0,209.0,231.0,204.0,234.0,104.0,89.0,99.0,84.0,93.0,392.0,407.0,370.0,412.0,376.0,0.6979865771812082,0.6544117647058824,0.6898954703832753,0.6222222222222223,0.6666666666666666,0.6919682259488085,0.7023295944779981,0.6690777576853526,0.7097329888027563,0.6750448833034112,0.625,0.6083333333333333,0.6291666666666667,0.575,0.6108786610878661,0.6360792492179353,0.6402502606882169,0.6183524504692388,0.64859228362878,0.6229166666666667,0.7222222222222222,0.712,0.792,0.6829268292682927,0.7380952380952381,0.7480916030534351,0.7495395948434622,0.7326732673267327,0.7559633027522936,0.746031746031746,0.6753246753246753,0.6054421768707483,0.6111111111111112,0.5714285714285714,0.6078431372549019,0.6436781609195402,0.6607142857142857,0.6156405990016639,0.6688311688311688,0.6163934426229508,0.605104198127454,0.6091727013385999,0.638888888888889,0.576036866359447,0.6120611035111719,0.6332676518883416,0.632106413994169,0.6192728134673124,0.6405380333951762,0.6253395784543326,"{'cls__algorithm': 'SAMME', 'cls__learning_rate': 0.5, 'cls__n_estimators': 100, 'cls__random_state': 42, 'os__random_state': 42}",ada,iforest,simple,none,smote,0.666236540231851
46.0,57.0,52.0,54.0,53.0,218.0,207.0,223.0,210.0,222.0,40.0,36.0,26.0,39.0,33.0,132.0,136.0,135.0,133.0,128.0,50.0,58.0,63.0,63.0,60.0,217.0,209.0,231.0,204.0,234.0,104.0,89.0,99.0,84.0,93.0,392.0,407.0,370.0,412.0,376.0,0.6979865771812082,0.6544117647058824,0.6898954703832753,0.6222222222222223,0.6666666666666666,0.6919682259488085,0.7023295944779981,0.6690777576853526,0.7097329888027563,0.6750448833034112,0.625,0.6083333333333333,0.6291666666666667,0.575,0.6108786610878661,0.6360792492179353,0.6402502606882169,0.6183524504692388,0.64859228362878,0.6229166666666667,0.7222222222222222,0.712,0.792,0.6829268292682927,0.7380952380952381,0.7480916030534351,0.7495395948434622,0.7326732673267327,0.7559633027522936,0.746031746031746,0.6753246753246753,0.6054421768707483,0.6111111111111112,0.5714285714285714,0.6078431372549019,0.6436781609195402,0.6607142857142857,0.6156405990016639,0.6688311688311688,0.6163934426229508,0.605104198127454,0.6091727013385999,0.638888888888889,0.576036866359447,0.6120611035111719,0.6332676518883416,0.632106413994169,0.6192728134673124,0.6405380333951762,0.6253395784543326,"{'cls__algorithm': 'SAMME', 'cls__learning_rate': 0.5, 'cls__n_estimators': 50, 'cls__random_state': 42, 'os__random_state': 42}",ada,iforest,simple,none,smote,0.666236540231851
46.0,57.0,52.0,54.0,53.0,218.0,207.0,223.0,210.0,222.0,40.0,36.0,26.0,39.0,33.0,132.0,136.0,135.0,133.0,128.0,50.0,58.0,63.0,63.0,60.0,217.0,209.0,231.0,204.0,234.0,104.0,89.0,99.0,84.0,93.0,392.0,407.0,370.0,412.0,376.0,0.6979865771812082,0.6544117647058824,0.6898954703832753,0.6222222222222223,0.6666666666666666,0.6919682259488085,0.7023295944779981,0.6690777576853526,0.7097329888027563,0.6750448833034112,0.625,0.6083333333333333,0.6291666666666667,0.575,0.6108786610878661,0.6360792492179353,0.6402502606882169,0.6183524504692388,0.64859228362878,0.6229166666666667,0.7222222222222222,0.712,0.792,0.6829268292682927,0.7380952380952381,0.7480916030534351,0.7495395948434622,0.7326732673267327,0.7559633027522936,0.746031746031746,0.6753246753246753,0.6054421768707483,0.6111111111111112,0.5714285714285714,0.6078431372549019,0.6436781609195402,0.6607142857142857,0.6156405990016639,0.6688311688311688,0.6163934426229508,0.605104198127454,0.6091727013385999,0.638888888888889,0.576036866359447,0.6120611035111719,0.6332676518883416,0.632106413994169,0.6192728134673124,0.6405380333951762,0.6253395784543326,"{'cls__algorithm': 'SAMME', 'cls__learning_rate': 0.1, 'cls__n_estimators': 10, 'cls__random_state': 42, 'os__random_state': 42}",ada,iforest,simple,none,smote,0.666236540231851
46.0,57.0,52.0,54.0,53.0,218.0,207.0,223.0,210.0,222.0,40.0,36.0,26.0,39.0,33.0,132.0,136.0,135.0,133.0,128.0,50.0,58.0,63.0,63.0,60.0,217.0,209.0,231.0,204.0,234.0,104.0,89.0,99.0,84.0,93.0,392.0,407.0,370.0,412.0,376.0,0.6979865771812082,0.6544117647058824,0.6898954703832753,0.6222222222222223,0.6666666666666666,0.6919682259488085,0.7023295944779981,0.6690777576853526,0.7097329888027563,0.6750448833034112,0.625,0.6083333333333333,0.6291666666666667,0.575,0.6108786610878661,0.6360792492179353,0.6402502606882169,0.6183524504692388,0.64859228362878,0.6229166666666667,0.7222222222222222,0.712,0.792,0.6829268292682927,0.7380952380952381,0.7480916030534351,0.7495395948434622,0.7326732673267327,0.7559633027522936,0.746031746031746,0.6753246753246753,0.6054421768707483,0.6111111111111112,0.5714285714285714,0.6078431372549019,0.6436781609195402,0.6607142857142857,0.6156405990016639,0.6688311688311688,0.6163934426229508,0.605104198127454,0.6091727013385999,0.638888888888889,0.576036866359447,0.6120611035111719,0.6332676518883416,0.632106413994169,0.6192728134673124,0.6405380333951762,0.6253395784543326,"{'cls__algorithm': 'SAMME', 'cls__learning_rate': 1.0, 'cls__n_estimators': 10, 'cls__random_state': 42, 'os__random_state': 42}",ada,iforest,simple,none,smote,0.666236540231851
46.0,57.0,52.0,54.0,53.0,218.0,207.0,223.0,210.0,222.0,40.0,36.0,26.0,39.0,33.0,132.0,136.0,135.0,133.0,128.0,50.0,58.0,63.0,63.0,60.0,217.0,209.0,231.0,204.0,234.0,104.0,89.0,99.0,84.0,93.0,392.0,407.0,370.0,412.0,376.0,0.6979865771812082,0.6544117647058824,0.6898954703832753,0.6222222222222223,0.6666666666666666,0.6919682259488085,0.7023295944779981,0.6690777576853526,0.7097329888027563,0.6750448833034112,0.625,0.6083333333333333,0.6291666666666667,0.575,0.6108786610878661,0.6360792492179353,0.6402502606882169,0.6183524504692388,0.64859228362878,0.6229166666666667,0.7222222222222222,0.712,0.792,0.6829268292682927,0.7380952380952381,0.7480916030534351,0.7495395948434622,0.7326732673267327,0.7559633027522936,0.746031746031746,0.6753246753246753,0.6054421768707483,0.6111111111111112,0.5714285714285714,0.6078431372549019,0.6436781609195402,0.6607142857142857,0.6156405990016639,0.6688311688311688,0.6163934426229508,0.605104198127454,0.6091727013385999,0.638888888888889,0.576036866359447,0.6120611035111719,0.6332676518883416,0.632106413994169,0.6192728134673124,0.6405380333951762,0.6253395784543326,"{'cls__algorithm': 'SAMME', 'cls__learning_rate': 1.0, 'cls__n_estimators': 50, 'cls__random_state': 42, 'os__random_state': 42}",ada,iforest,simple,none,smote,0.666236540231851
46.0,57.0,52.0,54.0,53.0,218.0,207.0,223.0,210.0,222.0,40.0,36.0,26.0,39.0,33.0,132.0,136.0,135.0,133.0,128.0,50.0,58.0,63.0,63.0,60.0,217.0,209.0,231.0,204.0,234.0,104.0,89.0,99.0,84.0,93.0,392.0,407.0,370.0,412.0,376.0,0.6979865771812082,0.6544117647058824,0.6898954703832753,0.6222222222222223,0.6666666666666666,0.6919682259488085,0.7023295944779981,0.6690777576853526,0.7097329888027563,0.6750448833034112,0.625,0.6083333333333333,0.6291666666666667,0.575,0.6108786610878661,0.6360792492179353,0.6402502606882169,0.6183524504692388,0.64859228362878,0.6229166666666667,0.7222222222222222,0.712,0.792,0.6829268292682927,0.7380952380952381,0.7480916030534351,0.7495395948434622,0.7326732673267327,0.7559633027522936,0.746031746031746,0.6753246753246753,0.6054421768707483,0.6111111111111112,0.5714285714285714,0.6078431372549019,0.6436781609195402,0.6607142857142857,0.6156405990016639,0.6688311688311688,0.6163934426229508,0.605104198127454,0.6091727013385999,0.638888888888889,0.576036866359447,0.6120611035111719,0.6332676518883416,0.632106413994169,0.6192728134673124,0.6405380333951762,0.6253395784543326,"{'cls__algorithm': 'SAMME', 'cls__learning_rate': 0.5, 'cls__n_estimators': 10, 'cls__random_state': 42, 'os__random_state': 42}",ada,iforest,simple,none,smote,0.666236540231851
46.0,57.0,52.0,54.0,53.0,218.0,207.0,223.0,210.0,222.0,40.0,36.0,26.0,39.0,33.0,132.0,136.0,135.0,133.0,128.0,50.0,58.0,63.0,63.0,60.0,217.0,209.0,231.0,204.0,234.0,104.0,89.0,99.0,84.0,93.0,392.0,407.0,370.0,412.0,376.0,0.6979865771812082,0.6544117647058824,0.6898954703832753,0.6222222222222223,0.6666666666666666,0.6919682259488085,0.7023295944779981,0.6690777576853526,0.7097329888027563,0.6750448833034112,0.625,0.6083333333333333,0.6291666666666667,0.575,0.6108786610878661,0.6360792492179353,0.6402502606882169,0.6183524504692388,0.64859228362878,0.6229166666666667,0.7222222222222222,0.712,0.792,0.6829268292682927,0.7380952380952381,0.7480916030534351,0.7495395948434622,0.7326732673267327,0.7559633027522936,0.746031746031746,0.6753246753246753,0.6054421768707483,0.6111111111111112,0.5714285714285714,0.6078431372549019,0.6436781609195402,0.6607142857142857,0.6156405990016639,0.6688311688311688,0.6163934426229508,0.605104198127454,0.6091727013385999,0.638888888888889,0.576036866359447,0.6120611035111719,0.6332676518883416,0.632106413994169,0.6192728134673124,0.6405380333951762,0.6253395784543326,"{'cls__algorithm': 'SAMME', 'cls__learning_rate': 1.0, 'cls__n_estimators': 100, 'cls__random_state': 42, 'os__random_state': 42}",ada,iforest,simple,none,smote,0.666236540231851
46.0,57.0,52.0,54.0,53.0,218.0,207.0,223.0,210.0,222.0,40.0,36.0,26.0,39.0,33.0,132.0,136.0,135.0,133.0,128.0,50.0,58.0,63.0,63.0,60.0,217.0,209.0,231.0,204.0,234.0,104.0,89.0,99.0,84.0,93.0,392.0,407.0,370.0,412.0,376.0,0.6979865771812082,0.6544117647058824,0.6898954703832753,0.6222222222222223,0.6666666666666666,0.6919682259488085,0.7023295944779981,0.6690777576853526,0.7097329888027563,0.6750448833034112,0.625,0.6083333333333333,0.6291666666666667,0.575,0.6108786610878661,0.6360792492179353,0.6402502606882169,0.6183524504692388,0.64859228362878,0.6229166666666667,0.7222222222222222,0.712,0.792,0.6829268292682927,0.7380952380952381,0.7480916030534351,0.7495395948434622,0.7326732673267327,0.7559633027522936,0.746031746031746,0.6753246753246753,0.6054421768707483,0.6111111111111112,0.5714285714285714,0.6078431372549019,0.6436781609195402,0.6607142857142857,0.6156405990016639,0.6688311688311688,0.6163934426229508,0.605104198127454,0.6091727013385999,0.638888888888889,0.576036866359447,0.6120611035111719,0.6332676518883416,0.632106413994169,0.6192728134673124,0.6405380333951762,0.6253395784543326,"{'cls__algorithm': 'SAMME', 'cls__learning_rate': 0.1, 'cls__n_estimators': 100, 'cls__random_state': 42, 'os__random_state': 42}",ada,iforest,simple,none,smote,0.666236540231851
46.0,57.0,52.0,54.0,53.0,218.0,207.0,223.0,210.0,222.0,40.0,36.0,26.0,39.0,33.0,132.0,136.0,135.0,133.0,128.0,50.0,58.0,63.0,63.0,60.0,217.0,209.0,231.0,204.0,234.0,104.0,89.0,99.0,84.0,93.0,392.0,407.0,370.0,412.0,376.0,0.6979865771812082,0.6544117647058824,0.6898954703832753,0.6222222222222223,0.6666666666666666,0.6919682259488085,0.7023295944779981,0.6690777576853526,0.7097329888027563,0.6750448833034112,0.625,0.6083333333333333,0.6291666666666667,0.575,0.6108786610878661,0.6360792492179353,0.6402502606882169,0.6183524504692388,0.64859228362878,0.6229166666666667,0.7222222222222222,0.712,0.792,0.6829268292682927,0.7380952380952381,0.7480916030534351,0.7495395948434622,0.7326732673267327,0.7559633027522936,0.746031746031746,0.6753246753246753,0.6054421768707483,0.6111111111111112,0.5714285714285714,0.6078431372549019,0.6436781609195402,0.6607142857142857,0.6156405990016639,0.6688311688311688,0.6163934426229508,0.605104198127454,0.6091727013385999,0.638888888888889,0.576036866359447,0.6120611035111719,0.6332676518883416,0.632106413994169,0.6192728134673124,0.6405380333951762,0.6253395784543326,"{'cls__algorithm': 'SAMME', 'cls__learning_rate': 0.1, 'cls__n_estimators': 50, 'cls__random_state': 42, 'os__random_state': 42}",ada,iforest,simple,none,smote,0.666236540231851
46.0,57.0,69.0,54.0,53.0,218.0,207.0,296.0,210.0,222.0,40.0,36.0,9.0,39.0,33.0,132.0,136.0,62.0,133.0,128.0,50.0,58.0,88.0,63.0,60.0,217.0,209.0,343.0,204.0,234.0,104.0,89.0,74.0,84.0,93.0,392.0,407.0,258.0,412.0,376.0,0.6979865771812082,0.6544117647058824,0.6040816326530611,0.6222222222222223,0.6666666666666666,0.6919682259488085,0.7023295944779981,0.5602605863192183,0.7097329888027563,0.6750448833034112,0.625,0.6083333333333333,0.5958333333333333,0.575,0.6108786610878661,0.6360792492179353,0.6402502606882169,0.5776850886339937,0.64859228362878,0.6229166666666667,0.7222222222222222,0.712,0.891566265060241,0.6829268292682927,0.7380952380952381,0.7480916030534351,0.7495395948434622,0.80625,0.7559633027522936,0.746031746031746,0.6753246753246753,0.6054421768707483,0.4567901234567901,0.5714285714285714,0.6078431372549019,0.6436781609195402,0.6607142857142857,0.4292845257903494,0.6688311688311688,0.6163934426229508,0.605104198127454,0.6091727013385999,0.6707027540360874,0.576036866359447,0.6120611035111719,0.6332676518883416,0.632106413994169,0.6280500841242251,0.6405380333951762,0.6253395784543326,{'os__random_state': 42},nb,iforest,simple,minmax,smote,0.6490737726858081
46.0,57.0,69.0,54.0,53.0,218.0,207.0,296.0,210.0,222.0,40.0,36.0,9.0,39.0,33.0,132.0,136.0,62.0,133.0,128.0,50.0,58.0,88.0,63.0,60.0,217.0,209.0,343.0,204.0,234.0,104.0,89.0,74.0,84.0,93.0,392.0,407.0,258.0,412.0,376.0,0.6979865771812082,0.6544117647058824,0.6040816326530611,0.6222222222222223,0.6666666666666666,0.6919682259488085,0.7023295944779981,0.5602605863192183,0.7097329888027563,0.6750448833034112,0.625,0.6083333333333333,0.5958333333333333,0.575,0.6108786610878661,0.6360792492179353,0.6402502606882169,0.5776850886339937,0.64859228362878,0.6229166666666667,0.7222222222222222,0.712,0.891566265060241,0.6829268292682927,0.7380952380952381,0.7480916030534351,0.7495395948434622,0.80625,0.7559633027522936,0.746031746031746,0.6753246753246753,0.6054421768707483,0.4567901234567901,0.5714285714285714,0.6078431372549019,0.6436781609195402,0.6607142857142857,0.4292845257903494,0.6688311688311688,0.6163934426229508,0.605104198127454,0.6091727013385999,0.6707027540360874,0.576036866359447,0.6120611035111719,0.6332676518883416,0.632106413994169,0.6280500841242251,0.6405380333951762,0.6253395784543326,{'os__random_state': 42},nb,iforest,simple,none,smote,0.6490737726858081
46.0,57.0,69.0,54.0,53.0,218.0,207.0,296.0,210.0,222.0,40.0,36.0,9.0,39.0,33.0,132.0,136.0,62.0,133.0,128.0,50.0,58.0,88.0,63.0,60.0,217.0,209.0,343.0,204.0,234.0,104.0,89.0,74.0,84.0,93.0,392.0,407.0,258.0,412.0,376.0,0.6979865771812082,0.6544117647058824,0.6040816326530611,0.6222222222222223,0.6666666666666666,0.6919682259488085,0.7023295944779981,0.5602605863192183,0.7097329888027563,0.6750448833034112,0.625,0.6083333333333333,0.5958333333333333,0.575,0.6108786610878661,0.6360792492179353,0.6402502606882169,0.5776850886339937,0.64859228362878,0.6229166666666667,0.7222222222222222,0.712,0.891566265060241,0.6829268292682927,0.7380952380952381,0.7480916030534351,0.7495395948434622,0.80625,0.7559633027522936,0.746031746031746,0.6753246753246753,0.6054421768707483,0.4567901234567901,0.5714285714285714,0.6078431372549019,0.6436781609195402,0.6607142857142857,0.4292845257903494,0.6688311688311688,0.6163934426229508,0.605104198127454,0.6091727013385999,0.6707027540360874,0.576036866359447,0.6120611035111719,0.6332676518883416,0.632106413994169,0.6280500841242251,0.6405380333951762,0.6253395784543326,{'os__random_state': 42},nb,iforest,simple,standard,smote,0.6490737726858081
74.0,75.0,34.0,54.0,53.0,291.0,290.0,140.0,210.0,222.0,12.0,18.0,44.0,39.0,33.0,59.0,53.0,218.0,133.0,128.0,86.0,87.0,23.0,63.0,60.0,345.0,344.0,107.0,204.0,234.0,68.0,60.0,139.0,84.0,93.0,264.0,272.0,494.0,412.0,376.0,0.5811965811965811,0.5333333333333333,0.8057971014492753,0.6222222222222223,0.6666666666666666,0.5665236051502146,0.5781083953241233,0.7524752475247525,0.7097329888027563,0.6750448833034112,0.5916666666666667,0.5625,0.7208333333333333,0.575,0.6108786610878661,0.5787278415015641,0.5860271115745568,0.6611053180396246,0.64859228362878,0.6229166666666667,0.85,0.7692307692307693,0.7595628415300546,0.6829268292682927,0.7380952380952381,0.8173374613003096,0.8369230769230769,0.6938202247191011,0.7559633027522936,0.746031746031746,0.44155844155844154,0.40816326530612246,0.8580246913580247,0.5714285714285714,0.6078431372549019,0.43349753694581283,0.44155844155844154,0.8219633943427621,0.6688311688311688,0.6163934426229508,0.6510117789187556,0.6073074391046741,0.6469610636277303,0.576036866359447,0.6120611035111719,0.6324630541871921,0.6435197455605618,0.6065124234283643,0.6405380333951762,0.6253395784543326,"{'cls__hidden_layer_sizes': (100,), 'cls__learning_rate': 'adaptive', 'cls__learning_rate_init': 0.0001, 'cls__max_iter': 1000, 'cls__n_iter_no_change': 5, 'cls__random_state': 42, 'os__random_state': 42}",mlp,iforest,simple,none,smote,0.6418431809736157
74.0,75.0,34.0,54.0,53.0,291.0,290.0,140.0,210.0,222.0,12.0,18.0,44.0,39.0,33.0,59.0,53.0,218.0,133.0,128.0,86.0,87.0,23.0,63.0,60.0,345.0,344.0,107.0,204.0,234.0,68.0,60.0,139.0,84.0,93.0,264.0,272.0,494.0,412.0,376.0,0.5811965811965811,0.5333333333333333,0.8057971014492753,0.6222222222222223,0.6666666666666666,0.5665236051502146,0.5781083953241233,0.7524752475247525,0.7097329888027563,0.6750448833034112,0.5916666666666667,0.5625,0.7208333333333333,0.575,0.6108786610878661,0.5787278415015641,0.5860271115745568,0.6611053180396246,0.64859228362878,0.6229166666666667,0.85,0.7692307692307693,0.7595628415300546,0.6829268292682927,0.7380952380952381,0.8173374613003096,0.8369230769230769,0.6938202247191011,0.7559633027522936,0.746031746031746,0.44155844155844154,0.40816326530612246,0.8580246913580247,0.5714285714285714,0.6078431372549019,0.43349753694581283,0.44155844155844154,0.8219633943427621,0.6688311688311688,0.6163934426229508,0.6510117789187556,0.6073074391046741,0.6469610636277303,0.576036866359447,0.6120611035111719,0.6324630541871921,0.6435197455605618,0.6065124234283643,0.6405380333951762,0.6253395784543326,"{'cls__hidden_layer_sizes': (100,), 'cls__learning_rate': 'adaptive', 'cls__learning_rate_init': 0.0001, 'cls__max_iter': 1000, 'cls__n_iter_no_change': 5, 'cls__random_state': 42, 'os__random_state': 42}",mlp,iforest,simple,minmax,smote,0.6418431809736157
58.0,75.0,34.0,75.0,53.0,217.0,290.0,140.0,290.0,222.0,28.0,18.0,44.0,18.0,33.0,133.0,53.0,218.0,53.0,128.0,60.0,87.0,23.0,89.0,60.0,234.0,344.0,107.0,342.0,234.0,94.0,60.0,139.0,58.0,93.0,375.0,272.0,494.0,274.0,376.0,0.6811594202898551,0.5333333333333333,0.8057971014492753,0.5201793721973095,0.6666666666666666,0.6714413607878246,0.5781083953241233,0.7524752475247525,0.5811240721102864,0.6750448833034112,0.6333333333333333,0.5625,0.7208333333333333,0.5541666666666667,0.6108786610878661,0.6173096976016684,0.5860271115745568,0.6611053180396246,0.5881126173096975,0.6229166666666667,0.7704918032786885,0.7692307692307693,0.7595628415300546,0.7631578947368421,0.7380952380952381,0.7381889763779528,0.8369230769230769,0.6938202247191011,0.8379204892966361,0.746031746031746,0.6103896103896104,0.40816326530612246,0.8580246913580247,0.3945578231292517,0.6078431372549019,0.6157635467980296,0.44155844155844154,0.8219633943427621,0.4448051948051948,0.6163934426229508,0.6424041075203866,0.6073074391046741,0.6469610636277303,0.6005047180162386,0.6120611035111719,0.6178817733990148,0.6435197455605618,0.6065124234283643,0.6451431221839385,0.6253395784543326,"{'cls__hidden_layer_sizes': (100,), 'cls__learning_rate': 'adaptive', 'cls__learning_rate_init': 0.0001, 'cls__max_iter': 1000, 'cls__n_iter_no_change': 5, 'cls__random_state': 42, 'os__random_state': 42}",mlp,iforest,simple,standard,smote,0.6414271787872879
74.0,75.0,69.0,75.0,53.0,291.0,290.0,296.0,290.0,222.0,12.0,18.0,9.0,18.0,33.0,59.0,53.0,62.0,53.0,128.0,86.0,87.0,88.0,89.0,60.0,345.0,344.0,343.0,342.0,234.0,68.0,60.0,74.0,58.0,93.0,264.0,272.0,258.0,274.0,376.0,0.5811965811965811,0.5333333333333333,0.6040816326530611,0.5201793721973095,0.6666666666666666,0.5665236051502146,0.5781083953241233,0.5602605863192183,0.5811240721102864,0.6750448833034112,0.5916666666666667,0.5625,0.5958333333333333,0.5541666666666667,0.6108786610878661,0.5787278415015641,0.5860271115745568,0.5776850886339937,0.5881126173096975,0.6229166666666667,0.85,0.7692307692307693,0.891566265060241,0.7631578947368421,0.7380952380952381,0.8173374613003096,0.8369230769230769,0.80625,0.8379204892966361,0.746031746031746,0.44155844155844154,0.40816326530612246,0.4567901234567901,0.3945578231292517,0.6078431372549019,0.43349753694581283,0.44155844155844154,0.4292845257903494,0.4448051948051948,0.6163934426229508,0.6510117789187556,0.6073074391046741,0.6707027540360874,0.6005047180162386,0.6120611035111719,0.6324630541871921,0.6435197455605618,0.6280500841242251,0.6451431221839385,0.6253395784543326,"{'cls__criterion': 'gini', 'cls__max_depth': 2, 'cls__max_features': 'log2', 'cls__random_state': 42, 'os__random_state': 42}",rf,iforest,simple,none,smote,0.5810915172093903
74.0,75.0,69.0,75.0,53.0,291.0,290.0,296.0,290.0,222.0,12.0,18.0,9.0,18.0,33.0,59.0,53.0,62.0,53.0,128.0,86.0,87.0,88.0,89.0,60.0,345.0,344.0,343.0,342.0,234.0,68.0,60.0,74.0,58.0,93.0,264.0,272.0,258.0,274.0,376.0,0.5811965811965811,0.5333333333333333,0.6040816326530611,0.5201793721973095,0.6666666666666666,0.5665236051502146,0.5781083953241233,0.5602605863192183,0.5811240721102864,0.6750448833034112,0.5916666666666667,0.5625,0.5958333333333333,0.5541666666666667,0.6108786610878661,0.5787278415015641,0.5860271115745568,0.5776850886339937,0.5881126173096975,0.6229166666666667,0.85,0.7692307692307693,0.891566265060241,0.7631578947368421,0.7380952380952381,0.8173374613003096,0.8369230769230769,0.80625,0.8379204892966361,0.746031746031746,0.44155844155844154,0.40816326530612246,0.4567901234567901,0.3945578231292517,0.6078431372549019,0.43349753694581283,0.44155844155844154,0.4292845257903494,0.4448051948051948,0.6163934426229508,0.6510117789187556,0.6073074391046741,0.6707027540360874,0.6005047180162386,0.6120611035111719,0.6324630541871921,0.6435197455605618,0.6280500841242251,0.6451431221839385,0.6253395784543326,"{'cls__C': 1, 'cls__probability': True, 'cls__random_state': 42, 'os__random_state': 42}",svc,iforest,simple,none,smote,0.5810915172093903
74.0,75.0,69.0,75.0,53.0,291.0,290.0,296.0,290.0,222.0,12.0,18.0,9.0,18.0,33.0,59.0,53.0,62.0,53.0,128.0,86.0,87.0,88.0,89.0,60.0,345.0,344.0,343.0,342.0,234.0,68.0,60.0,74.0,58.0,93.0,264.0,272.0,258.0,274.0,376.0,0.5811965811965811,0.5333333333333333,0.6040816326530611,0.5201793721973095,0.6666666666666666,0.5665236051502146,0.5781083953241233,0.5602605863192183,0.5811240721102864,0.6750448833034112,0.5916666666666667,0.5625,0.5958333333333333,0.5541666666666667,0.6108786610878661,0.5787278415015641,0.5860271115745568,0.5776850886339937,0.5881126173096975,0.6229166666666667,0.85,0.7692307692307693,0.891566265060241,0.7631578947368421,0.7380952380952381,0.8173374613003096,0.8369230769230769,0.80625,0.8379204892966361,0.746031746031746,0.44155844155844154,0.40816326530612246,0.4567901234567901,0.3945578231292517,0.6078431372549019,0.43349753694581283,0.44155844155844154,0.4292845257903494,0.4448051948051948,0.6163934426229508,0.6510117789187556,0.6073074391046741,0.6707027540360874,0.6005047180162386,0.6120611035111719,0.6324630541871921,0.6435197455605618,0.6280500841242251,0.6451431221839385,0.6253395784543326,"{'cls__criterion': 'gini', 'cls__max_depth': 4, 'cls__max_features': 'log2', 'cls__random_state': 42, 'os__random_state': 42}",rf,iforest,simple,none,smote,0.5810915172093903
74.0,75.0,69.0,75.0,53.0,291.0,290.0,296.0,290.0,222.0,12.0,18.0,9.0,18.0,33.0,59.0,53.0,62.0,53.0,128.0,86.0,87.0,88.0,89.0,60.0,345.0,344.0,343.0,342.0,234.0,68.0,60.0,74.0,58.0,93.0,264.0,272.0,258.0,274.0,376.0,0.5811965811965811,0.5333333333333333,0.6040816326530611,0.5201793721973095,0.6666666666666666,0.5665236051502146,0.5781083953241233,0.5602605863192183,0.5811240721102864,0.6750448833034112,0.5916666666666667,0.5625,0.5958333333333333,0.5541666666666667,0.6108786610878661,0.5787278415015641,0.5860271115745568,0.5776850886339937,0.5881126173096975,0.6229166666666667,0.85,0.7692307692307693,0.891566265060241,0.7631578947368421,0.7380952380952381,0.8173374613003096,0.8369230769230769,0.80625,0.8379204892966361,0.746031746031746,0.44155844155844154,0.40816326530612246,0.4567901234567901,0.3945578231292517,0.6078431372549019,0.43349753694581283,0.44155844155844154,0.4292845257903494,0.4448051948051948,0.6163934426229508,0.6510117789187556,0.6073074391046741,0.6707027540360874,0.6005047180162386,0.6120611035111719,0.6324630541871921,0.6435197455605618,0.6280500841242251,0.6451431221839385,0.6253395784543326,"{'cls__criterion': 'gini', 'cls__max_depth': None, 'cls__max_features': 'log2', 'cls__random_state': 42, 'os__random_state': 42}",rf,iforest,simple,none,smote,0.5810915172093903
74.0,75.0,69.0,75.0,53.0,291.0,290.0,296.0,290.0,222.0,12.0,18.0,9.0,18.0,33.0,59.0,53.0,62.0,53.0,128.0,86.0,87.0,88.0,89.0,60.0,345.0,344.0,343.0,342.0,234.0,68.0,60.0,74.0,58.0,93.0,264.0,272.0,258.0,274.0,376.0,0.5811965811965811,0.5333333333333333,0.6040816326530611,0.5201793721973095,0.6666666666666666,0.5665236051502146,0.5781083953241233,0.5602605863192183,0.5811240721102864,0.6750448833034112,0.5916666666666667,0.5625,0.5958333333333333,0.5541666666666667,0.6108786610878661,0.5787278415015641,0.5860271115745568,0.5776850886339937,0.5881126173096975,0.6229166666666667,0.85,0.7692307692307693,0.891566265060241,0.7631578947368421,0.7380952380952381,0.8173374613003096,0.8369230769230769,0.80625,0.8379204892966361,0.746031746031746,0.44155844155844154,0.40816326530612246,0.4567901234567901,0.3945578231292517,0.6078431372549019,0.43349753694581283,0.44155844155844154,0.4292845257903494,0.4448051948051948,0.6163934426229508,0.6510117789187556,0.6073074391046741,0.6707027540360874,0.6005047180162386,0.6120611035111719,0.6324630541871921,0.6435197455605618,0.6280500841242251,0.6451431221839385,0.6253395784543326,"{'cls__C': 10, 'cls__probability': True, 'cls__random_state': 42, 'os__random_state': 42}",svc,iforest,simple,minmax,smote,0.5810915172093903
74.0,75.0,69.0,75.0,53.0,291.0,290.0,296.0,290.0,222.0,12.0,18.0,9.0,18.0,33.0,59.0,53.0,62.0,53.0,128.0,86.0,87.0,88.0,89.0,60.0,345.0,344.0,343.0,342.0,234.0,68.0,60.0,74.0,58.0,93.0,264.0,272.0,258.0,274.0,376.0,0.5811965811965811,0.5333333333333333,0.6040816326530611,0.5201793721973095,0.6666666666666666,0.5665236051502146,0.5781083953241233,0.5602605863192183,0.5811240721102864,0.6750448833034112,0.5916666666666667,0.5625,0.5958333333333333,0.5541666666666667,0.6108786610878661,0.5787278415015641,0.5860271115745568,0.5776850886339937,0.5881126173096975,0.6229166666666667,0.85,0.7692307692307693,0.891566265060241,0.7631578947368421,0.7380952380952381,0.8173374613003096,0.8369230769230769,0.80625,0.8379204892966361,0.746031746031746,0.44155844155844154,0.40816326530612246,0.4567901234567901,0.3945578231292517,0.6078431372549019,0.43349753694581283,0.44155844155844154,0.4292845257903494,0.4448051948051948,0.6163934426229508,0.6510117789187556,0.6073074391046741,0.6707027540360874,0.6005047180162386,0.6120611035111719,0.6324630541871921,0.6435197455605618,0.6280500841242251,0.6451431221839385,0.6253395784543326,"{'cls__criterion': 'entropy', 'cls__max_depth': 2, 'cls__max_features': 'log2', 'cls__random_state': 42, 'os__random_state': 42}",rf,iforest,simple,none,smote,0.5810915172093903
74.0,75.0,69.0,75.0,53.0,291.0,290.0,296.0,290.0,222.0,12.0,18.0,9.0,18.0,33.0,59.0,53.0,62.0,53.0,128.0,86.0,87.0,88.0,89.0,60.0,345.0,344.0,343.0,342.0,234.0,68.0,60.0,74.0,58.0,93.0,264.0,272.0,258.0,274.0,376.0,0.5811965811965811,0.5333333333333333,0.6040816326530611,0.5201793721973095,0.6666666666666666,0.5665236051502146,0.5781083953241233,0.5602605863192183,0.5811240721102864,0.6750448833034112,0.5916666666666667,0.5625,0.5958333333333333,0.5541666666666667,0.6108786610878661,0.5787278415015641,0.5860271115745568,0.5776850886339937,0.5881126173096975,0.6229166666666667,0.85,0.7692307692307693,0.891566265060241,0.7631578947368421,0.7380952380952381,0.8173374613003096,0.8369230769230769,0.80625,0.8379204892966361,0.746031746031746,0.44155844155844154,0.40816326530612246,0.4567901234567901,0.3945578231292517,0.6078431372549019,0.43349753694581283,0.44155844155844154,0.4292845257903494,0.4448051948051948,0.6163934426229508,0.6510117789187556,0.6073074391046741,0.6707027540360874,0.6005047180162386,0.6120611035111719,0.6324630541871921,0.6435197455605618,0.6280500841242251,0.6451431221839385,0.6253395784543326,"{'cls__criterion': 'entropy', 'cls__max_depth': 4, 'cls__max_features': 'log2', 'cls__random_state': 42, 'os__random_state': 42}",rf,iforest,simple,none,smote,0.5810915172093903
74.0,75.0,69.0,75.0,53.0,291.0,290.0,296.0,290.0,222.0,12.0,18.0,9.0,18.0,33.0,59.0,53.0,62.0,53.0,128.0,86.0,87.0,88.0,89.0,60.0,345.0,344.0,343.0,342.0,234.0,68.0,60.0,74.0,58.0,93.0,264.0,272.0,258.0,274.0,376.0,0.5811965811965811,0.5333333333333333,0.6040816326530611,0.5201793721973095,0.6666666666666666,0.5665236051502146,0.5781083953241233,0.5602605863192183,0.5811240721102864,0.6750448833034112,0.5916666666666667,0.5625,0.5958333333333333,0.5541666666666667,0.6108786610878661,0.5787278415015641,0.5860271115745568,0.5776850886339937,0.5881126173096975,0.6229166666666667,0.85,0.7692307692307693,0.891566265060241,0.7631578947368421,0.7380952380952381,0.8173374613003096,0.8369230769230769,0.80625,0.8379204892966361,0.746031746031746,0.44155844155844154,0.40816326530612246,0.4567901234567901,0.3945578231292517,0.6078431372549019,0.43349753694581283,0.44155844155844154,0.4292845257903494,0.4448051948051948,0.6163934426229508,0.6510117789187556,0.6073074391046741,0.6707027540360874,0.6005047180162386,0.6120611035111719,0.6324630541871921,0.6435197455605618,0.6280500841242251,0.6451431221839385,0.6253395784543326,"{'cls__C': 1, 'cls__probability': True, 'cls__random_state': 42, 'os__random_state': 42}",svc,iforest,simple,minmax,smote,0.5810915172093903
74.0,75.0,69.0,75.0,53.0,291.0,290.0,296.0,290.0,222.0,12.0,18.0,9.0,18.0,33.0,59.0,53.0,62.0,53.0,128.0,86.0,87.0,88.0,89.0,60.0,345.0,344.0,343.0,342.0,234.0,68.0,60.0,74.0,58.0,93.0,264.0,272.0,258.0,274.0,376.0,0.5811965811965811,0.5333333333333333,0.6040816326530611,0.5201793721973095,0.6666666666666666,0.5665236051502146,0.5781083953241233,0.5602605863192183,0.5811240721102864,0.6750448833034112,0.5916666666666667,0.5625,0.5958333333333333,0.5541666666666667,0.6108786610878661,0.5787278415015641,0.5860271115745568,0.5776850886339937,0.5881126173096975,0.6229166666666667,0.85,0.7692307692307693,0.891566265060241,0.7631578947368421,0.7380952380952381,0.8173374613003096,0.8369230769230769,0.80625,0.8379204892966361,0.746031746031746,0.44155844155844154,0.40816326530612246,0.4567901234567901,0.3945578231292517,0.6078431372549019,0.43349753694581283,0.44155844155844154,0.4292845257903494,0.4448051948051948,0.6163934426229508,0.6510117789187556,0.6073074391046741,0.6707027540360874,0.6005047180162386,0.6120611035111719,0.6324630541871921,0.6435197455605618,0.6280500841242251,0.6451431221839385,0.6253395784543326,"{'cls__hidden_layer_sizes': (100,), 'cls__learning_rate': 'adaptive', 'cls__learning_rate_init': 0.001, 'cls__max_iter': 1000, 'cls__n_iter_no_change': 5, 'cls__random_state': 42, 'os__random_state': 42}",mlp,iforest,simple,none,smote,0.5810915172093903
74.0,75.0,69.0,75.0,53.0,291.0,290.0,296.0,290.0,222.0,12.0,18.0,9.0,18.0,33.0,59.0,53.0,62.0,53.0,128.0,86.0,87.0,88.0,89.0,60.0,345.0,344.0,343.0,342.0,234.0,68.0,60.0,74.0,58.0,93.0,264.0,272.0,258.0,274.0,376.0,0.5811965811965811,0.5333333333333333,0.6040816326530611,0.5201793721973095,0.6666666666666666,0.5665236051502146,0.5781083953241233,0.5602605863192183,0.5811240721102864,0.6750448833034112,0.5916666666666667,0.5625,0.5958333333333333,0.5541666666666667,0.6108786610878661,0.5787278415015641,0.5860271115745568,0.5776850886339937,0.5881126173096975,0.6229166666666667,0.85,0.7692307692307693,0.891566265060241,0.7631578947368421,0.7380952380952381,0.8173374613003096,0.8369230769230769,0.80625,0.8379204892966361,0.746031746031746,0.44155844155844154,0.40816326530612246,0.4567901234567901,0.3945578231292517,0.6078431372549019,0.43349753694581283,0.44155844155844154,0.4292845257903494,0.4448051948051948,0.6163934426229508,0.6510117789187556,0.6073074391046741,0.6707027540360874,0.6005047180162386,0.6120611035111719,0.6324630541871921,0.6435197455605618,0.6280500841242251,0.6451431221839385,0.6253395784543326,"{'cls__C': 10, 'cls__probability': True, 'cls__random_state': 42, 'os__random_state': 42}",svc,iforest,simple,none,smote,0.5810915172093903
74.0,75.0,69.0,75.0,53.0,291.0,290.0,296.0,290.0,222.0,12.0,18.0,9.0,18.0,33.0,59.0,53.0,62.0,53.0,128.0,86.0,87.0,88.0,89.0,60.0,345.0,344.0,343.0,342.0,234.0,68.0,60.0,74.0,58.0,93.0,264.0,272.0,258.0,274.0,376.0,0.5811965811965811,0.5333333333333333,0.6040816326530611,0.5201793721973095,0.6666666666666666,0.5665236051502146,0.5781083953241233,0.5602605863192183,0.5811240721102864,0.6750448833034112,0.5916666666666667,0.5625,0.5958333333333333,0.5541666666666667,0.6108786610878661,0.5787278415015641,0.5860271115745568,0.5776850886339937,0.5881126173096975,0.6229166666666667,0.85,0.7692307692307693,0.891566265060241,0.7631578947368421,0.7380952380952381,0.8173374613003096,0.8369230769230769,0.80625,0.8379204892966361,0.746031746031746,0.44155844155844154,0.40816326530612246,0.4567901234567901,0.3945578231292517,0.6078431372549019,0.43349753694581283,0.44155844155844154,0.4292845257903494,0.4448051948051948,0.6163934426229508,0.6510117789187556,0.6073074391046741,0.6707027540360874,0.6005047180162386,0.6120611035111719,0.6324630541871921,0.6435197455605618,0.6280500841242251,0.6451431221839385,0.6253395784543326,"{'cls__hidden_layer_sizes': (100,), 'cls__learning_rate': 'adaptive', 'cls__learning_rate_init': 0.001, 'cls__max_iter': 1000, 'cls__n_iter_no_change': 5, 'cls__random_state': 42, 'os__random_state': 42}",mlp,iforest,simple,minmax,smote,0.5810915172093903
74.0,75.0,69.0,75.0,53.0,291.0,290.0,296.0,290.0,222.0,12.0,18.0,9.0,18.0,33.0,59.0,53.0,62.0,53.0,128.0,86.0,87.0,88.0,89.0,60.0,345.0,344.0,343.0,342.0,234.0,68.0,60.0,74.0,58.0,93.0,264.0,272.0,258.0,274.0,376.0,0.5811965811965811,0.5333333333333333,0.6040816326530611,0.5201793721973095,0.6666666666666666,0.5665236051502146,0.5781083953241233,0.5602605863192183,0.5811240721102864,0.6750448833034112,0.5916666666666667,0.5625,0.5958333333333333,0.5541666666666667,0.6108786610878661,0.5787278415015641,0.5860271115745568,0.5776850886339937,0.5881126173096975,0.6229166666666667,0.85,0.7692307692307693,0.891566265060241,0.7631578947368421,0.7380952380952381,0.8173374613003096,0.8369230769230769,0.80625,0.8379204892966361,0.746031746031746,0.44155844155844154,0.40816326530612246,0.4567901234567901,0.3945578231292517,0.6078431372549019,0.43349753694581283,0.44155844155844154,0.4292845257903494,0.4448051948051948,0.6163934426229508,0.6510117789187556,0.6073074391046741,0.6707027540360874,0.6005047180162386,0.6120611035111719,0.6324630541871921,0.6435197455605618,0.6280500841242251,0.6451431221839385,0.6253395784543326,"{'cls__criterion': 'entropy', 'cls__max_depth': None, 'cls__max_features': 'log2', 'cls__random_state': 42, 'os__random_state': 42}",rf,iforest,simple,none,smote,0.5810915172093903
74.0,75.0,69.0,75.0,53.0,291.0,290.0,296.0,290.0,222.0,12.0,18.0,9.0,18.0,33.0,59.0,53.0,62.0,53.0,128.0,86.0,87.0,88.0,89.0,60.0,345.0,344.0,343.0,342.0,234.0,68.0,60.0,74.0,58.0,93.0,264.0,272.0,258.0,274.0,376.0,0.5811965811965811,0.5333333333333333,0.6040816326530611,0.5201793721973095,0.6666666666666666,0.5665236051502146,0.5781083953241233,0.5602605863192183,0.5811240721102864,0.6750448833034112,0.5916666666666667,0.5625,0.5958333333333333,0.5541666666666667,0.6108786610878661,0.5787278415015641,0.5860271115745568,0.5776850886339937,0.5881126173096975,0.6229166666666667,0.85,0.7692307692307693,0.891566265060241,0.7631578947368421,0.7380952380952381,0.8173374613003096,0.8369230769230769,0.80625,0.8379204892966361,0.746031746031746,0.44155844155844154,0.40816326530612246,0.4567901234567901,0.3945578231292517,0.6078431372549019,0.43349753694581283,0.44155844155844154,0.4292845257903494,0.4448051948051948,0.6163934426229508,0.6510117789187556,0.6073074391046741,0.6707027540360874,0.6005047180162386,0.6120611035111719,0.6324630541871921,0.6435197455605618,0.6280500841242251,0.6451431221839385,0.6253395784543326,"{'cls__hidden_layer_sizes': (100,), 'cls__learning_rate': 'adaptive', 'cls__learning_rate_init': 0.001, 'cls__max_iter': 1000, 'cls__n_iter_no_change': 5, 'cls__random_state': 42, 'os__random_state': 42}",mlp,iforest,simple,standard,smote,0.5810915172093903
74.0,75.0,69.0,75.0,53.0,291.0,290.0,296.0,290.0,222.0,12.0,18.0,9.0,18.0,33.0,59.0,53.0,62.0,53.0,128.0,86.0,87.0,88.0,89.0,60.0,345.0,344.0,343.0,342.0,234.0,68.0,60.0,74.0,58.0,93.0,264.0,272.0,258.0,274.0,376.0,0.5811965811965811,0.5333333333333333,0.6040816326530611,0.5201793721973095,0.6666666666666666,0.5665236051502146,0.5781083953241233,0.5602605863192183,0.5811240721102864,0.6750448833034112,0.5916666666666667,0.5625,0.5958333333333333,0.5541666666666667,0.6108786610878661,0.5787278415015641,0.5860271115745568,0.5776850886339937,0.5881126173096975,0.6229166666666667,0.85,0.7692307692307693,0.891566265060241,0.7631578947368421,0.7380952380952381,0.8173374613003096,0.8369230769230769,0.80625,0.8379204892966361,0.746031746031746,0.44155844155844154,0.40816326530612246,0.4567901234567901,0.3945578231292517,0.6078431372549019,0.43349753694581283,0.44155844155844154,0.4292845257903494,0.4448051948051948,0.6163934426229508,0.6510117789187556,0.6073074391046741,0.6707027540360874,0.6005047180162386,0.6120611035111719,0.6324630541871921,0.6435197455605618,0.6280500841242251,0.6451431221839385,0.6253395784543326,"{'cls__C': 1, 'cls__probability': True, 'cls__random_state': 42, 'os__random_state': 42}",svc,iforest,simple,standard,smote,0.5810915172093903
74.0,75.0,69.0,75.0,53.0,291.0,290.0,296.0,290.0,222.0,12.0,18.0,9.0,18.0,33.0,59.0,53.0,62.0,53.0,128.0,86.0,87.0,88.0,89.0,60.0,345.0,344.0,343.0,342.0,234.0,68.0,60.0,74.0,58.0,93.0,264.0,272.0,258.0,274.0,376.0,0.5811965811965811,0.5333333333333333,0.6040816326530611,0.5201793721973095,0.6666666666666666,0.5665236051502146,0.5781083953241233,0.5602605863192183,0.5811240721102864,0.6750448833034112,0.5916666666666667,0.5625,0.5958333333333333,0.5541666666666667,0.6108786610878661,0.5787278415015641,0.5860271115745568,0.5776850886339937,0.5881126173096975,0.6229166666666667,0.85,0.7692307692307693,0.891566265060241,0.7631578947368421,0.7380952380952381,0.8173374613003096,0.8369230769230769,0.80625,0.8379204892966361,0.746031746031746,0.44155844155844154,0.40816326530612246,0.4567901234567901,0.3945578231292517,0.6078431372549019,0.43349753694581283,0.44155844155844154,0.4292845257903494,0.4448051948051948,0.6163934426229508,0.6510117789187556,0.6073074391046741,0.6707027540360874,0.6005047180162386,0.6120611035111719,0.6324630541871921,0.6435197455605618,0.6280500841242251,0.6451431221839385,0.6253395784543326,"{'cls__C': 10, 'cls__probability': True, 'cls__random_state': 42, 'os__random_state': 42}",svc,iforest,simple,standard,smote,0.5810915172093903
74.0,75.0,69.0,75.0,72.0,291.0,290.0,296.0,290.0,293.0,12.0,18.0,9.0,18.0,14.0,59.0,53.0,62.0,53.0,57.0,86.0,87.0,88.0,89.0,81.0,345.0,344.0,343.0,342.0,350.0,68.0,60.0,74.0,58.0,72.0,264.0,272.0,258.0,274.0,260.0,0.5811965811965811,0.5333333333333333,0.6040816326530611,0.5201793721973095,0.602510460251046,0.5665236051502146,0.5781083953241233,0.5602605863192183,0.5811240721102864,0.5609492988133764,0.5916666666666667,0.5625,0.5958333333333333,0.5541666666666667,0.602510460251046,0.5787278415015641,0.5860271115745568,0.5776850886339937,0.5881126173096975,0.5760416666666667,0.85,0.7692307692307693,0.891566265060241,0.7631578947368421,0.8372093023255814,0.8173374613003096,0.8369230769230769,0.80625,0.8379204892966361,0.8201892744479495,0.44155844155844154,0.40816326530612246,0.4567901234567901,0.3945578231292517,0.47058823529411764,0.43349753694581283,0.44155844155844154,0.4292845257903494,0.4448051948051948,0.4262295081967213,0.6510117789187556,0.6073074391046741,0.6707027540360874,0.6005047180162386,0.6538987688098494,0.6324630541871921,0.6435197455605618,0.6280500841242251,0.6451431221839385,0.6316861826697893,"{'cls__C': 0.1, 'cls__probability': True, 'cls__random_state': 42, 'os__random_state': 42}",svc,iforest,simple,minmax,smote,0.5682602759262663
74.0,75.0,69.0,75.0,72.0,291.0,290.0,296.0,290.0,293.0,12.0,18.0,9.0,18.0,14.0,59.0,53.0,62.0,53.0,57.0,86.0,87.0,88.0,89.0,81.0,345.0,344.0,343.0,342.0,350.0,68.0,60.0,74.0,58.0,72.0,264.0,272.0,258.0,274.0,260.0,0.5811965811965811,0.5333333333333333,0.6040816326530611,0.5201793721973095,0.602510460251046,0.5665236051502146,0.5781083953241233,0.5602605863192183,0.5811240721102864,0.5609492988133764,0.5916666666666667,0.5625,0.5958333333333333,0.5541666666666667,0.602510460251046,0.5787278415015641,0.5860271115745568,0.5776850886339937,0.5881126173096975,0.5760416666666667,0.85,0.7692307692307693,0.891566265060241,0.7631578947368421,0.8372093023255814,0.8173374613003096,0.8369230769230769,0.80625,0.8379204892966361,0.8201892744479495,0.44155844155844154,0.40816326530612246,0.4567901234567901,0.3945578231292517,0.47058823529411764,0.43349753694581283,0.44155844155844154,0.4292845257903494,0.4448051948051948,0.4262295081967213,0.6510117789187556,0.6073074391046741,0.6707027540360874,0.6005047180162386,0.6538987688098494,0.6324630541871921,0.6435197455605618,0.6280500841242251,0.6451431221839385,0.6316861826697893,"{'cls__C': 0.1, 'cls__probability': True, 'cls__random_state': 42, 'os__random_state': 42}",svc,iforest,simple,none,smote,0.5682602759262663
74.0,75.0,69.0,75.0,72.0,291.0,290.0,296.0,290.0,293.0,12.0,18.0,9.0,18.0,14.0,59.0,53.0,62.0,53.0,57.0,86.0,87.0,88.0,89.0,81.0,345.0,344.0,343.0,342.0,350.0,68.0,60.0,74.0,58.0,72.0,264.0,272.0,258.0,274.0,260.0,0.5811965811965811,0.5333333333333333,0.6040816326530611,0.5201793721973095,0.602510460251046,0.5665236051502146,0.5781083953241233,0.5602605863192183,0.5811240721102864,0.5609492988133764,0.5916666666666667,0.5625,0.5958333333333333,0.5541666666666667,0.602510460251046,0.5787278415015641,0.5860271115745568,0.5776850886339937,0.5881126173096975,0.5760416666666667,0.85,0.7692307692307693,0.891566265060241,0.7631578947368421,0.8372093023255814,0.8173374613003096,0.8369230769230769,0.80625,0.8379204892966361,0.8201892744479495,0.44155844155844154,0.40816326530612246,0.4567901234567901,0.3945578231292517,0.47058823529411764,0.43349753694581283,0.44155844155844154,0.4292845257903494,0.4448051948051948,0.4262295081967213,0.6510117789187556,0.6073074391046741,0.6707027540360874,0.6005047180162386,0.6538987688098494,0.6324630541871921,0.6435197455605618,0.6280500841242251,0.6451431221839385,0.6316861826697893,"{'cls__C': 0.1, 'cls__probability': True, 'cls__random_state': 42, 'os__random_state': 42}",svc,iforest,simple,standard,smote,0.5682602759262663
