scaler_0__Flavor intensity (adj),scaler_1__Acidity (adj),scaler_2__Sweet,scaler_3__Dark.chocolate,scaler_4__Nutty,scaler_5__Mouthfeel (adj),scaler_6__Roasted,scaler_7__Rubber,scaler_8__Caramel,scaler_9__Sour,scaler_10__Fruit,scaler_11__Burnt,scaler_12__Bitter,scaler_13__Astringent,scaler_14__Tea.floral,liking
0.6472032206796865,0.789884688663099,-0.4777061693452133,-0.4990353068381907,-0.6662208848270063,-0.7155626228756203,1.0545734507243298,-0.299068268437628,-0.3984950228820965,1.3928779174507582,-0.42110044098213534,-0.4893666565675079,-0.6807456457050176,-0.37099925800222605,-0.49033538542418215,3
2.175584004208975,0.789884688663099,-0.4777061693452133,-0.4990353068381907,-0.6662208848270063,1.0844551551655364,-0.9482506878142568,-0.299068268437628,-0.3984950228820965,-0.7179380098366396,-0.42110044098213534,-0.4893666565675079,-0.6807456457050176,-0.37099925800222605,-0.49033538542418215,3
0.6472032206796865,-0.8176695772090371,-0.4777061693452133,2.0038662321025797,1.5010036802728937,1.0844551551655364,-0.9482506878142568,-0.299068268437628,-0.3984950228820965,-0.7179380098366396,-0.42110044098213534,-0.4893666565675079,-0.6807456457050176,-0.37099925800222605,-0.49033538542418215,8
-0.8811775628496022,-0.8176695772090371,-0.4777061693452133,2.0038662321025797,1.5010036802728937,-0.7155626228756203,1.0545734507243298,-0.299068268437628,2.5094416305818505,-0.7179380098366396,-0.42110044098213534,-0.4893666565675079,1.468977445995038,-0.37099925800222605,-0.49033538542418215,8
-0.8811775628496022,-0.8176695772090371,-0.4777061693452133,-0.4990353068381907,-0.6662208848270063,-0.7155626228756203,-0.9482506878142568,-0.299068268437628,-0.3984950228820965,1.3928779174507582,-0.42110044098213534,-0.4893666565675079,-0.6807456457050176,-0.37099925800222605,-0.49033538542418215,4
0.6472032206796865,-0.8176695772090371,2.0933370012170642,2.0038662321025797,1.5010036802728937,1.0844551551655364,1.0545734507243298,-0.299068268437628,-0.3984950228820965,-0.7179380098366396,-0.42110044098213534,-0.4893666565675079,-0.6807456457050176,-0.37099925800222605,2.039420424726057,7
0.6472032206796865,-0.8176695772090371,-0.4777061693452133,-0.4990353068381907,-0.6662208848270063,-0.7155626228756203,-0.9482506878142568,3.343718159148518,-0.3984950228820965,1.3928779174507582,-0.42110044098213534,-0.4893666565675079,-0.6807456457050176,2.695423180587601,-0.49033538542418215,5
-0.8811775628496022,-0.8176695772090371,-0.4777061693452133,2.0038662321025797,-0.6662208848270063,-0.7155626228756203,1.0545734507243298,-0.299068268437628,2.5094416305818505,-0.7179380098366396,-0.42110044098213534,-0.4893666565675079,-0.6807456457050176,-0.37099925800222605,-0.49033538542418215,6
-0.8811775628496022,0.789884688663099,-0.4777061693452133,2.0038662321025797,-0.6662208848270063,-0.7155626228756203,1.0545734507243298,-0.299068268437628,-0.3984950228820965,1.3928779174507582,-0.42110044098213534,-0.4893666565675079,-0.6807456457050176,-0.37099925800222605,-0.49033538542418215,4
2.175584004208975,-0.8176695772090371,-0.4777061693452133,-0.4990353068381907,1.5010036802728937,-0.7155626228756203,1.0545734507243298,-0.299068268437628,2.5094416305818505,-0.7179380098366396,-0.42110044098213534,-0.4893666565675079,-0.6807456457050176,-0.37099925800222605,-0.49033538542418215,7
-0.8811775628496022,-0.8176695772090371,-0.4777061693452133,-0.4990353068381907,1.5010036802728937,-0.7155626228756203,-0.9482506878142568,-0.299068268437628,-0.3984950228820965,-0.7179380098366396,-0.42110044098213534,-0.4893666565675079,-0.6807456457050176,-0.37099925800222605,2.039420424726057,7
-0.8811775628496022,-0.8176695772090371,-0.4777061693452133,-0.4990353068381907,-0.6662208848270063,-0.7155626228756203,1.0545734507243298,-0.299068268437628,-0.3984950228820965,-0.7179380098366396,-0.42110044098213534,-0.4893666565675079,-0.6807456457050176,-0.37099925800222605,-0.49033538542418215,8
-0.8811775628496022,-0.8176695772090371,2.0933370012170642,-0.4990353068381907,-0.6662208848270063,-0.7155626228756203,-0.9482506878142568,-0.299068268437628,-0.3984950228820965,-0.7179380098366396,2.3747303557025337,-0.4893666565675079,-0.6807456457050176,-0.37099925800222605,2.039420424726057,6
-0.8811775628496022,0.789884688663099,-0.4777061693452133,-0.4990353068381907,-0.6662208848270063,-0.7155626228756203,-0.9482506878142568,-0.299068268437628,-0.3984950228820965,1.3928779174507582,-0.42110044098213534,-0.4893666565675079,-0.6807456457050176,-0.37099925800222605,-0.49033538542418215,5
0.6472032206796865,0.789884688663099,-0.4777061693452133,-0.4990353068381907,-0.6662208848270063,1.0844551551655364,-0.9482506878142568,-0.299068268437628,-0.3984950228820965,1.3928779174507582,-0.42110044098213534,-0.4893666565675079,1.468977445995038,-0.37099925800222605,-0.49033538542418215,5
0.6472032206796865,-0.8176695772090371,-0.4777061693452133,-0.4990353068381907,1.5010036802728937,-0.7155626228756203,-0.9482506878142568,-0.299068268437628,-0.3984950228820965,-0.7179380098366396,-0.42110044098213534,2.0434575723122457,1.468977445995038,-0.37099925800222605,-0.49033538542418215,3
-0.8811775628496022,-0.8176695772090371,-0.4777061693452133,-0.4990353068381907,-0.6662208848270063,1.0844551551655364,-0.9482506878142568,-0.299068268437628,-0.3984950228820965,-0.7179380098366396,-0.42110044098213534,-0.4893666565675079,1.468977445995038,-0.37099925800222605,-0.49033538542418215,7
-0.8811775628496022,-0.8176695772090371,-0.4777061693452133,2.0038662321025797,1.5010036802728937,1.0844551551655364,1.0545734507243298,-0.299068268437628,-0.3984950228820965,-0.7179380098366396,-0.42110044098213534,-0.4893666565675079,1.468977445995038,2.695423180587601,-0.49033538542418215,7
0.6472032206796865,-0.8176695772090371,-0.4777061693452133,-0.4990353068381907,1.5010036802728937,-0.7155626228756203,-0.9482506878142568,-0.299068268437628,-0.3984950228820965,1.3928779174507582,-0.42110044098213534,-0.4893666565675079,-0.6807456457050176,-0.37099925800222605,-0.49033538542418215,6
0.6472032206796865,0.789884688663099,-0.4777061693452133,-0.4990353068381907,-0.6662208848270063,1.0844551551655364,-0.9482506878142568,-0.299068268437628,-0.3984950228820965,-0.7179380098366396,-0.42110044098213534,-0.4893666565675079,-0.6807456457050176,-0.37099925800222605,-0.49033538542418215,4
0.6472032206796865,-0.8176695772090371,-0.4777061693452133,-0.4990353068381907,1.5010036802728937,1.0844551551655364,1.0545734507243298,3.343718159148518,-0.3984950228820965,-0.7179380098366396,-0.42110044098213534,2.0434575723122457,-0.6807456457050176,2.695423180587601,-0.49033538542418215,6
2.175584004208975,0.789884688663099,2.0933370012170642,-0.4990353068381907,-0.6662208848270063,1.0844551551655364,1.0545734507243298,-0.299068268437628,2.5094416305818505,-0.7179380098366396,-0.42110044098213534,-0.4893666565675079,-0.6807456457050176,-0.37099925800222605,-0.49033538542418215,6
-0.8811775628496022,2.397438954535235,-0.4777061693452133,-0.4990353068381907,-0.6662208848270063,-0.7155626228756203,-0.9482506878142568,-0.299068268437628,-0.3984950228820965,1.3928779174507582,-0.42110044098213534,-0.4893666565675079,-0.6807456457050176,2.695423180587601,-0.49033538542418215,4
-0.8811775628496022,-0.8176695772090371,2.0933370012170642,-0.4990353068381907,1.5010036802728937,-0.7155626228756203,1.0545734507243298,-0.299068268437628,-0.3984950228820965,-0.7179380098366396,-0.42110044098213534,-0.4893666565675079,-0.6807456457050176,-0.37099925800222605,-0.49033538542418215,7
-0.8811775628496022,0.789884688663099,-0.4777061693452133,-0.4990353068381907,-0.6662208848270063,1.0844551551655364,-0.9482506878142568,3.343718159148518,-0.3984950228820965,-0.7179380098366396,-0.42110044098213534,-0.4893666565675079,1.468977445995038,-0.37099925800222605,-0.49033538542418215,4
-0.8811775628496022,-0.8176695772090371,2.0933370012170642,-0.4990353068381907,-0.6662208848270063,-0.7155626228756203,1.0545734507243298,-0.299068268437628,-0.3984950228820965,-0.7179380098366396,2.3747303557025337,-0.4893666565675079,-0.6807456457050176,-0.37099925800222605,-0.49033538542418215,8
-0.8811775628496022,0.789884688663099,-0.4777061693452133,-0.4990353068381907,-0.6662208848270063,-0.7155626228756203,-0.9482506878142568,-0.299068268437628,-0.3984950228820965,-0.7179380098366396,-0.42110044098213534,2.0434575723122457,1.468977445995038,2.695423180587601,-0.49033538542418215,4
-0.8811775628496022,0.789884688663099,2.0933370012170642,-0.4990353068381907,1.5010036802728937,1.0844551551655364,1.0545734507243298,-0.299068268437628,-0.3984950228820965,-0.7179380098366396,2.3747303557025337,-0.4893666565675079,-0.6807456457050176,-0.37099925800222605,-0.49033538542418215,8
-0.8811775628496022,-0.8176695772090371,-0.4777061693452133,-0.4990353068381907,1.5010036802728937,1.0844551551655364,1.0545734507243298,-0.299068268437628,2.5094416305818505,-0.7179380098366396,-0.42110044098213534,2.0434575723122457,1.468977445995038,-0.37099925800222605,-0.49033538542418215,7
0.6472032206796865,-0.8176695772090371,-0.4777061693452133,-0.4990353068381907,-0.6662208848270063,-0.7155626228756203,-0.9482506878142568,-0.299068268437628,-0.3984950228820965,-0.7179380098366396,-0.42110044098213534,-0.4893666565675079,-0.6807456457050176,-0.37099925800222605,2.039420424726057,7
-0.8811775628496022,-0.8176695772090371,2.0933370012170642,-0.4990353068381907,1.5010036802728937,1.0844551551655364,-0.9482506878142568,-0.299068268437628,2.5094416305818505,1.3928779174507582,-0.42110044098213534,-0.4893666565675079,-0.6807456457050176,-0.37099925800222605,-0.49033538542418215,6
-0.8811775628496022,0.789884688663099,2.0933370012170642,-0.4990353068381907,-0.6662208848270063,-0.7155626228756203,-0.9482506878142568,-0.299068268437628,-0.3984950228820965,-0.7179380098366396,-0.42110044098213534,2.0434575723122457,1.468977445995038,-0.37099925800222605,-0.49033538542418215,7
-0.8811775628496022,0.789884688663099,-0.4777061693452133,-0.4990353068381907,-0.6662208848270063,-0.7155626228756203,-0.9482506878142568,3.343718159148518,-0.3984950228820965,1.3928779174507582,-0.42110044098213534,2.0434575723122457,1.468977445995038,-0.37099925800222605,-0.49033538542418215,6
0.6472032206796865,-0.8176695772090371,-0.4777061693452133,-0.4990353068381907,1.5010036802728937,1.0844551551655364,-0.9482506878142568,-0.299068268437628,2.5094416305818505,-0.7179380098366396,-0.42110044098213534,-0.4893666565675079,-0.6807456457050176,2.695423180587601,-0.49033538542418215,3
-0.8811775628496022,0.789884688663099,-0.4777061693452133,2.0038662321025797,1.5010036802728937,-0.7155626228756203,1.0545734507243298,-0.299068268437628,-0.3984950228820965,1.3928779174507582,-0.42110044098213534,-0.4893666565675079,-0.6807456457050176,-0.37099925800222605,-0.49033538542418215,8
-0.8811775628496022,-0.8176695772090371,-0.4777061693452133,-0.4990353068381907,1.5010036802728937,1.0844551551655364,1.0545734507243298,-0.299068268437628,-0.3984950228820965,-0.7179380098366396,-0.42110044098213534,-0.4893666565675079,1.468977445995038,-0.37099925800222605,-0.49033538542418215,8
-0.8811775628496022,-0.8176695772090371,-0.4777061693452133,-0.4990353068381907,-0.6662208848270063,-0.7155626228756203,-0.9482506878142568,-0.299068268437628,-0.3984950228820965,1.3928779174507582,-0.42110044098213534,-0.4893666565675079,-0.6807456457050176,-0.37099925800222605,2.039420424726057,8
-0.8811775628496022,0.789884688663099,-0.4777061693452133,-0.4990353068381907,-0.6662208848270063,-0.7155626228756203,1.0545734507243298,-0.299068268437628,-0.3984950228820965,-0.7179380098366396,-0.42110044098213534,-0.4893666565675079,-0.6807456457050176,-0.37099925800222605,2.039420424726057,7
-0.8811775628496022,-0.8176695772090371,-0.4777061693452133,-0.4990353068381907,-0.6662208848270063,1.0844551551655364,1.0545734507243298,-0.299068268437628,-0.3984950228820965,-0.7179380098366396,-0.42110044098213534,-0.4893666565675079,1.468977445995038,2.695423180587601,-0.49033538542418215,5
-0.8811775628496022,2.397438954535235,-0.4777061693452133,2.0038662321025797,-0.6662208848270063,-0.7155626228756203,1.0545734507243298,-0.299068268437628,-0.3984950228820965,1.3928779174507582,-0.42110044098213534,-0.4893666565675079,-0.6807456457050176,-0.37099925800222605,-0.49033538542418215,4
-0.8811775628496022,0.789884688663099,2.0933370012170642,-0.4990353068381907,-0.6662208848270063,-0.7155626228756203,-0.9482506878142568,-0.299068268437628,-0.3984950228820965,1.3928779174507582,-0.42110044098213534,-0.4893666565675079,-0.6807456457050176,-0.37099925800222605,-0.49033538542418215,6
0.6472032206796865,0.789884688663099,-0.4777061693452133,-0.4990353068381907,-0.6662208848270063,-0.7155626228756203,-0.9482506878142568,-0.299068268437628,-0.3984950228820965,-0.7179380098366396,-0.42110044098213534,-0.4893666565675079,-0.6807456457050176,-0.37099925800222605,2.039420424726057,7
2.175584004208975,-0.8176695772090371,2.0933370012170642,-0.4990353068381907,-0.6662208848270063,2.884472933206693,-0.9482506878142568,-0.299068268437628,-0.3984950228820965,-0.7179380098366396,2.3747303557025337,-0.4893666565675079,-0.6807456457050176,-0.37099925800222605,2.039420424726057,7
-0.8811775628496022,0.789884688663099,-0.4777061693452133,-0.4990353068381907,-0.6662208848270063,-0.7155626228756203,-0.9482506878142568,-0.299068268437628,-0.3984950228820965,1.3928779174507582,-0.42110044098213534,2.0434575723122457,1.468977445995038,-0.37099925800222605,-0.49033538542418215,4
-0.8811775628496022,0.789884688663099,-0.4777061693452133,2.0038662321025797,-0.6662208848270063,-0.7155626228756203,1.0545734507243298,-0.299068268437628,2.5094416305818505,-0.7179380098366396,-0.42110044098213534,2.0434575723122457,-0.6807456457050176,-0.37099925800222605,2.039420424726057,8
-0.8811775628496022,-0.8176695772090371,-0.4777061693452133,2.0038662321025797,-0.6662208848270063,1.0844551551655364,1.0545734507243298,3.343718159148518,2.5094416305818505,-0.7179380098366396,-0.42110044098213534,-0.4893666565675079,1.468977445995038,-0.37099925800222605,-0.49033538542418215,4
-0.8811775628496022,-0.8176695772090371,2.0933370012170642,-0.4990353068381907,1.5010036802728937,-0.7155626228756203,-0.9482506878142568,-0.299068268437628,-0.3984950228820965,-0.7179380098366396,-0.42110044098213534,-0.4893666565675079,-0.6807456457050176,-0.37099925800222605,-0.49033538542418215,8
0.6472032206796865,-0.8176695772090371,-0.4777061693452133,2.0038662321025797,-0.6662208848270063,-0.7155626228756203,-0.9482506878142568,-0.299068268437628,-0.3984950228820965,-0.7179380098366396,-0.42110044098213534,-0.4893666565675079,-0.6807456457050176,-0.37099925800222605,2.039420424726057,7
-0.8811775628496022,-0.8176695772090371,-0.4777061693452133,-0.4990353068381907,1.5010036802728937,-0.7155626228756203,1.0545734507243298,-0.299068268437628,-0.3984950228820965,-0.7179380098366396,-0.42110044098213534,-0.4893666565675079,-0.6807456457050176,-0.37099925800222605,-0.49033538542418215,6
-0.8811775628496022,-0.8176695772090371,-0.4777061693452133,2.0038662321025797,1.5010036802728937,-0.7155626228756203,1.0545734507243298,-0.299068268437628,-0.3984950228820965,-0.7179380098366396,-0.42110044098213534,-0.4893666565675079,-0.6807456457050176,-0.37099925800222605,-0.49033538542418215,9
-0.8811775628496022,-0.8176695772090371,-0.4777061693452133,2.0038662321025797,1.5010036802728937,-0.7155626228756203,1.0545734507243298,-0.299068268437628,2.5094416305818505,-0.7179380098366396,-0.42110044098213534,-0.4893666565675079,-0.6807456457050176,-0.37099925800222605,-0.49033538542418215,8
0.6472032206796865,2.397438954535235,-0.4777061693452133,-0.4990353068381907,-0.6662208848270063,1.0844551551655364,-0.9482506878142568,3.343718159148518,-0.3984950228820965,-0.7179380098366396,-0.42110044098213534,2.0434575723122457,1.468977445995038,-0.37099925800222605,-0.49033538542418215,2
0.6472032206796865,0.789884688663099,-0.4777061693452133,-0.4990353068381907,-0.6662208848270063,-0.7155626228756203,-0.9482506878142568,-0.299068268437628,-0.3984950228820965,1.3928779174507582,2.3747303557025337,-0.4893666565675079,-0.6807456457050176,-0.37099925800222605,-0.49033538542418215,6
-0.8811775628496022,-0.8176695772090371,-0.4777061693452133,-0.4990353068381907,1.5010036802728937,-0.7155626228756203,1.0545734507243298,-0.299068268437628,-0.3984950228820965,-0.7179380098366396,-0.42110044098213534,-0.4893666565675079,-0.6807456457050176,-0.37099925800222605,-0.49033538542418215,9
2.175584004208975,-0.8176695772090371,-0.4777061693452133,-0.4990353068381907,-0.6662208848270063,-0.7155626228756203,-0.9482506878142568,-0.299068268437628,-0.3984950228820965,-0.7179380098366396,-0.42110044098213534,-0.4893666565675079,1.468977445995038,-0.37099925800222605,-0.49033538542418215,4
0.6472032206796865,-0.8176695772090371,-0.4777061693452133,-0.4990353068381907,1.5010036802728937,-0.7155626228756203,-0.9482506878142568,-0.299068268437628,-0.3984950228820965,-0.7179380098366396,-0.42110044098213534,-0.4893666565675079,-0.6807456457050176,-0.37099925800222605,-0.49033538542418215,8
-0.8811775628496022,-0.8176695772090371,-0.4777061693452133,-0.4990353068381907,1.5010036802728937,-0.7155626228756203,1.0545734507243298,-0.299068268437628,-0.3984950228820965,-0.7179380098366396,-0.42110044098213534,-0.4893666565675079,-0.6807456457050176,-0.37099925800222605,-0.49033538542418215,8
-0.8811775628496022,0.789884688663099,-0.4777061693452133,-0.4990353068381907,-0.6662208848270063,-0.7155626228756203,1.0545734507243298,-0.299068268437628,-0.3984950228820965,1.3928779174507582,-0.42110044098213534,-0.4893666565675079,-0.6807456457050176,2.695423180587601,-0.49033538542418215,7
-0.8811775628496022,0.789884688663099,-0.4777061693452133,-0.4990353068381907,-0.6662208848270063,-0.7155626228756203,1.0545734507243298,-0.299068268437628,-0.3984950228820965,1.3928779174507582,-0.42110044098213534,-0.4893666565675079,-0.6807456457050176,-0.37099925800222605,-0.49033538542418215,4
-0.8811775628496022,-0.8176695772090371,-0.4777061693452133,-0.4990353068381907,1.5010036802728937,1.0844551551655364,-0.9482506878142568,-0.299068268437628,2.5094416305818505,-0.7179380098366396,-0.42110044098213534,-0.4893666565675079,-0.6807456457050176,-0.37099925800222605,-0.49033538542418215,6
0.6472032206796865,2.397438954535235,-0.4777061693452133,-0.4990353068381907,-0.6662208848270063,2.884472933206693,-0.9482506878142568,-0.299068268437628,-0.3984950228820965,1.3928779174507582,-0.42110044098213534,-0.4893666565675079,-0.6807456457050176,-0.37099925800222605,-0.49033538542418215,2
-0.8811775628496022,-0.8176695772090371,-0.4777061693452133,2.0038662321025797,1.5010036802728937,-0.7155626228756203,-0.9482506878142568,-0.299068268437628,-0.3984950228820965,-0.7179380098366396,-0.42110044098213534,-0.4893666565675079,1.468977445995038,-0.37099925800222605,-0.49033538542418215,7
0.6472032206796865,-0.8176695772090371,2.0933370012170642,-0.4990353068381907,-0.6662208848270063,-0.7155626228756203,1.0545734507243298,-0.299068268437628,2.5094416305818505,-0.7179380098366396,-0.42110044098213534,-0.4893666565675079,-0.6807456457050176,-0.37099925800222605,-0.49033538542418215,8
-0.8811775628496022,-0.8176695772090371,-0.4777061693452133,2.0038662321025797,-0.6662208848270063,-0.7155626228756203,-0.9482506878142568,-0.299068268437628,-0.3984950228820965,1.3928779174507582,2.3747303557025337,-0.4893666565675079,-0.6807456457050176,2.695423180587601,-0.49033538542418215,4
0.6472032206796865,-0.8176695772090371,-0.4777061693452133,-0.4990353068381907,-0.6662208848270063,1.0844551551655364,1.0545734507243298,-0.299068268437628,-0.3984950228820965,1.3928779174507582,-0.42110044098213534,2.0434575723122457,1.468977445995038,2.695423180587601,-0.49033538542418215,5
-0.8811775628496022,-0.8176695772090371,-0.4777061693452133,-0.4990353068381907,-0.6662208848270063,-0.7155626228756203,-0.9482506878142568,-0.299068268437628,-0.3984950228820965,1.3928779174507582,-0.42110044098213534,2.0434575723122457,1.468977445995038,-0.37099925800222605,-0.49033538542418215,7
0.6472032206796865,0.789884688663099,2.0933370012170642,-0.4990353068381907,-0.6662208848270063,-0.7155626228756203,-0.9482506878142568,-0.299068268437628,-0.3984950228820965,1.3928779174507582,-0.42110044098213534,-0.4893666565675079,1.468977445995038,-0.37099925800222605,2.039420424726057,7
-0.8811775628496022,0.789884688663099,-0.4777061693452133,-0.4990353068381907,1.5010036802728937,-0.7155626228756203,1.0545734507243298,-0.299068268437628,-0.3984950228820965,-0.7179380098366396,2.3747303557025337,-0.4893666565675079,-0.6807456457050176,-0.37099925800222605,-0.49033538542418215,8
-0.8811775628496022,-0.8176695772090371,2.0933370012170642,-0.4990353068381907,1.5010036802728937,-0.7155626228756203,-0.9482506878142568,-0.299068268437628,-0.3984950228820965,-0.7179380098366396,-0.42110044098213534,-0.4893666565675079,-0.6807456457050176,-0.37099925800222605,-0.49033538542418215,7
0.6472032206796865,-0.8176695772090371,2.0933370012170642,-0.4990353068381907,-0.6662208848270063,-0.7155626228756203,-0.9482506878142568,-0.299068268437628,-0.3984950228820965,1.3928779174507582,2.3747303557025337,-0.4893666565675079,-0.6807456457050176,-0.37099925800222605,2.039420424726057,8
-0.8811775628496022,-0.8176695772090371,2.0933370012170642,2.0038662321025797,1.5010036802728937,-0.7155626228756203,1.0545734507243298,-0.299068268437628,2.5094416305818505,-0.7179380098366396,2.3747303557025337,-0.4893666565675079,-0.6807456457050176,-0.37099925800222605,-0.49033538542418215,8
0.6472032206796865,-0.8176695772090371,-0.4777061693452133,-0.4990353068381907,-0.6662208848270063,1.0844551551655364,1.0545734507243298,-0.299068268437628,-0.3984950228820965,1.3928779174507582,-0.42110044098213534,-0.4893666565675079,-0.6807456457050176,-0.37099925800222605,-0.49033538542418215,7
0.6472032206796865,-0.8176695772090371,-0.4777061693452133,-0.4990353068381907,-0.6662208848270063,1.0844551551655364,-0.9482506878142568,-0.299068268437628,-0.3984950228820965,1.3928779174507582,-0.42110044098213534,-0.4893666565675079,1.468977445995038,-0.37099925800222605,-0.49033538542418215,7
-0.8811775628496022,0.789884688663099,-0.4777061693452133,-0.4990353068381907,-0.6662208848270063,-0.7155626228756203,-0.9482506878142568,-0.299068268437628,2.5094416305818505,-0.7179380098366396,-0.42110044098213534,-0.4893666565675079,-0.6807456457050176,-0.37099925800222605,2.039420424726057,8
-0.8811775628496022,-0.8176695772090371,-0.4777061693452133,2.0038662321025797,1.5010036802728937,-0.7155626228756203,-0.9482506878142568,-0.299068268437628,2.5094416305818505,1.3928779174507582,-0.42110044098213534,-0.4893666565675079,-0.6807456457050176,-0.37099925800222605,-0.49033538542418215,8
-0.8811775628496022,0.789884688663099,-0.4777061693452133,-0.4990353068381907,-0.6662208848270063,-0.7155626228756203,-0.9482506878142568,-0.299068268437628,-0.3984950228820965,1.3928779174507582,-0.42110044098213534,-0.4893666565675079,-0.6807456457050176,-0.37099925800222605,-0.49033538542418215,7
0.6472032206796865,-0.8176695772090371,2.0933370012170642,2.0038662321025797,1.5010036802728937,-0.7155626228756203,1.0545734507243298,-0.299068268437628,-0.3984950228820965,-0.7179380098366396,-0.42110044098213534,-0.4893666565675079,1.468977445995038,-0.37099925800222605,2.039420424726057,5
0.6472032206796865,-0.8176695772090371,-0.4777061693452133,-0.4990353068381907,-0.6662208848270063,-0.7155626228756203,-0.9482506878142568,-0.299068268437628,-0.3984950228820965,-0.7179380098366396,-0.42110044098213534,-0.4893666565675079,-0.6807456457050176,2.695423180587601,-0.49033538542418215,7
-0.8811775628496022,-0.8176695772090371,2.0933370012170642,2.0038662321025797,1.5010036802728937,-0.7155626228756203,-0.9482506878142568,-0.299068268437628,2.5094416305818505,-0.7179380098366396,-0.42110044098213534,-0.4893666565675079,-0.6807456457050176,-0.37099925800222605,-0.49033538542418215,8
-0.8811775628496022,-0.8176695772090371,-0.4777061693452133,2.0038662321025797,1.5010036802728937,-0.7155626228756203,1.0545734507243298,-0.299068268437628,-0.3984950228820965,-0.7179380098366396,-0.42110044098213534,-0.4893666565675079,-0.6807456457050176,-0.37099925800222605,-0.49033538542418215,9
-0.8811775628496022,-0.8176695772090371,2.0933370012170642,2.0038662321025797,1.5010036802728937,-0.7155626228756203,1.0545734507243298,3.343718159148518,2.5094416305818505,-0.7179380098366396,-0.42110044098213534,2.0434575723122457,1.468977445995038,-0.37099925800222605,-0.49033538542418215,7
-0.8811775628496022,-0.8176695772090371,-0.4777061693452133,-0.4990353068381907,-0.6662208848270063,-0.7155626228756203,-0.9482506878142568,-0.299068268437628,-0.3984950228820965,1.3928779174507582,2.3747303557025337,-0.4893666565675079,-0.6807456457050176,-0.37099925800222605,2.039420424726057,6
-0.8811775628496022,0.789884688663099,-0.4777061693452133,-0.4990353068381907,-0.6662208848270063,-0.7155626228756203,-0.9482506878142568,-0.299068268437628,-0.3984950228820965,-0.7179380098366396,-0.42110044098213534,-0.4893666565675079,-0.6807456457050176,-0.37099925800222605,-0.49033538542418215,4
0.6472032206796865,0.789884688663099,-0.4777061693452133,2.0038662321025797,-0.6662208848270063,1.0844551551655364,1.0545734507243298,-0.299068268437628,-0.3984950228820965,1.3928779174507582,-0.42110044098213534,2.0434575723122457,1.468977445995038,-0.37099925800222605,-0.49033538542418215,7
0.6472032206796865,-0.8176695772090371,-0.4777061693452133,-0.4990353068381907,1.5010036802728937,1.0844551551655364,1.0545734507243298,-0.299068268437628,-0.3984950228820965,-0.7179380098366396,-0.42110044098213534,-0.4893666565675079,-0.6807456457050176,-0.37099925800222605,2.039420424726057,7
0.6472032206796865,0.789884688663099,-0.4777061693452133,-0.4990353068381907,-0.6662208848270063,-0.7155626228756203,-0.9482506878142568,-0.299068268437628,-0.3984950228820965,1.3928779174507582,-0.42110044098213534,2.0434575723122457,-0.6807456457050176,-0.37099925800222605,2.039420424726057,3
0.6472032206796865,-0.8176695772090371,2.0933370012170642,2.0038662321025797,1.5010036802728937,-0.7155626228756203,1.0545734507243298,-0.299068268437628,-0.3984950228820965,-0.7179380098366396,-0.42110044098213534,-0.4893666565675079,-0.6807456457050176,-0.37099925800222605,-0.49033538542418215,7
-0.8811775628496022,-0.8176695772090371,-0.4777061693452133,-0.4990353068381907,1.5010036802728937,-0.7155626228756203,1.0545734507243298,-0.299068268437628,-0.3984950228820965,-0.7179380098366396,2.3747303557025337,-0.4893666565675079,1.468977445995038,-0.37099925800222605,2.039420424726057,7
0.6472032206796865,0.789884688663099,-0.4777061693452133,-0.4990353068381907,1.5010036802728937,-0.7155626228756203,-0.9482506878142568,-0.299068268437628,-0.3984950228820965,-0.7179380098366396,-0.42110044098213534,-0.4893666565675079,-0.6807456457050176,-0.37099925800222605,-0.49033538542418215,4
-0.8811775628496022,-0.8176695772090371,-0.4777061693452133,-0.4990353068381907,1.5010036802728937,1.0844551551655364,1.0545734507243298,-0.299068268437628,-0.3984950228820965,-0.7179380098366396,-0.42110044098213534,-0.4893666565675079,1.468977445995038,-0.37099925800222605,-0.49033538542418215,7
-0.8811775628496022,-0.8176695772090371,-0.4777061693452133,2.0038662321025797,-0.6662208848270063,-0.7155626228756203,-0.9482506878142568,-0.299068268437628,-0.3984950228820965,-0.7179380098366396,-0.42110044098213534,-0.4893666565675079,-0.6807456457050176,-0.37099925800222605,-0.49033538542418215,7
-0.8811775628496022,-0.8176695772090371,-0.4777061693452133,-0.4990353068381907,-0.6662208848270063,-0.7155626228756203,1.0545734507243298,-0.299068268437628,-0.3984950228820965,1.3928779174507582,-0.42110044098213534,-0.4893666565675079,-0.6807456457050176,-0.37099925800222605,-0.49033538542418215,6
0.6472032206796865,-0.8176695772090371,-0.4777061693452133,2.0038662321025797,1.5010036802728937,1.0844551551655364,-0.9482506878142568,-0.299068268437628,-0.3984950228820965,-0.7179380098366396,-0.42110044098213534,-0.4893666565675079,-0.6807456457050176,-0.37099925800222605,-0.49033538542418215,5
-0.8811775628496022,-0.8176695772090371,-0.4777061693452133,2.0038662321025797,1.5010036802728937,-0.7155626228756203,1.0545734507243298,-0.299068268437628,2.5094416305818505,-0.7179380098366396,-0.42110044098213534,-0.4893666565675079,-0.6807456457050176,-0.37099925800222605,-0.49033538542418215,7
0.6472032206796865,0.789884688663099,2.0933370012170642,-0.4990353068381907,1.5010036802728937,-0.7155626228756203,-0.9482506878142568,-0.299068268437628,-0.3984950228820965,-0.7179380098366396,-0.42110044098213534,-0.4893666565675079,-0.6807456457050176,-0.37099925800222605,-0.49033538542418215,6
0.6472032206796865,2.397438954535235,-0.4777061693452133,-0.4990353068381907,-0.6662208848270063,-0.7155626228756203,1.0545734507243298,-0.299068268437628,-0.3984950228820965,-0.7179380098366396,-0.42110044098213534,-0.4893666565675079,1.468977445995038,2.695423180587601,-0.49033538542418215,3
-0.8811775628496022,-0.8176695772090371,2.0933370012170642,-0.4990353068381907,1.5010036802728937,-0.7155626228756203,1.0545734507243298,-0.299068268437628,-0.3984950228820965,1.3928779174507582,2.3747303557025337,-0.4893666565675079,-0.6807456457050176,-0.37099925800222605,-0.49033538542418215,8
0.6472032206796865,0.789884688663099,-0.4777061693452133,-0.4990353068381907,-0.6662208848270063,-0.7155626228756203,-0.9482506878142568,-0.299068268437628,-0.3984950228820965,-0.7179380098366396,-0.42110044098213534,-0.4893666565675079,-0.6807456457050176,2.695423180587601,-0.49033538542418215,4
0.6472032206796865,-0.8176695772090371,-0.4777061693452133,-0.4990353068381907,-0.6662208848270063,1.0844551551655364,-0.9482506878142568,-0.299068268437628,-0.3984950228820965,1.3928779174507582,2.3747303557025337,-0.4893666565675079,-0.6807456457050176,-0.37099925800222605,-0.49033538542418215,8
-0.8811775628496022,2.397438954535235,-0.4777061693452133,-0.4990353068381907,-0.6662208848270063,-0.7155626228756203,-0.9482506878142568,-0.299068268437628,-0.3984950228820965,1.3928779174507582,2.3747303557025337,-0.4893666565675079,-0.6807456457050176,-0.37099925800222605,-0.49033538542418215,4
-0.8811775628496022,-0.8176695772090371,-0.4777061693452133,-0.4990353068381907,-0.6662208848270063,-0.7155626228756203,1.0545734507243298,-0.299068268437628,-0.3984950228820965,1.3928779174507582,-0.42110044098213534,-0.4893666565675079,-0.6807456457050176,-0.37099925800222605,-0.49033538542418215,7
2.175584004208975,-0.8176695772090371,-0.4777061693452133,-0.4990353068381907,-0.6662208848270063,1.0844551551655364,-0.9482506878142568,-0.299068268437628,-0.3984950228820965,1.3928779174507582,-0.42110044098213534,-0.4893666565675079,1.468977445995038,-0.37099925800222605,-0.49033538542418215,4
2.175584004208975,2.397438954535235,-0.4777061693452133,-0.4990353068381907,-0.6662208848270063,1.0844551551655364,-0.9482506878142568,3.343718159148518,-0.3984950228820965,-0.7179380098366396,-0.42110044098213534,-0.4893666565675079,-0.6807456457050176,-0.37099925800222605,-0.49033538542418215,3
-0.8811775628496022,0.789884688663099,-0.4777061693452133,-0.4990353068381907,-0.6662208848270063,1.0844551551655364,-0.9482506878142568,-0.299068268437628,-0.3984950228820965,1.3928779174507582,-0.42110044098213534,-0.4893666565675079,-0.6807456457050176,-0.37099925800222605,-0.49033538542418215,5
0.6472032206796865,-0.8176695772090371,-0.4777061693452133,-0.4990353068381907,-0.6662208848270063,1.0844551551655364,1.0545734507243298,-0.299068268437628,-0.3984950228820965,-0.7179380098366396,-0.42110044098213534,-0.4893666565675079,-0.6807456457050176,-0.37099925800222605,-0.49033538542418215,7
0.6472032206796865,0.789884688663099,-0.4777061693452133,-0.4990353068381907,-0.6662208848270063,1.0844551551655364,-0.9482506878142568,-0.299068268437628,-0.3984950228820965,1.3928779174507582,-0.42110044098213534,2.0434575723122457,1.468977445995038,-0.37099925800222605,-0.49033538542418215,7
-0.8811775628496022,-0.8176695772090371,-0.4777061693452133,2.0038662321025797,1.5010036802728937,-0.7155626228756203,1.0545734507243298,-0.299068268437628,2.5094416305818505,-0.7179380098366396,-0.42110044098213534,-0.4893666565675079,-0.6807456457050176,-0.37099925800222605,-0.49033538542418215,8
2.175584004208975,0.789884688663099,-0.4777061693452133,-0.4990353068381907,-0.6662208848270063,2.884472933206693,-0.9482506878142568,3.343718159148518,-0.3984950228820965,1.3928779174507582,-0.42110044098213534,-0.4893666565675079,-0.6807456457050176,-0.37099925800222605,-0.49033538542418215,3
0.6472032206796865,-0.8176695772090371,2.0933370012170642,-0.4990353068381907,-0.6662208848270063,-0.7155626228756203,-0.9482506878142568,-0.299068268437628,-0.3984950228820965,-0.7179380098366396,-0.42110044098213534,-0.4893666565675079,-0.6807456457050176,-0.37099925800222605,-0.49033538542418215,7
-0.8811775628496022,0.789884688663099,-0.4777061693452133,-0.4990353068381907,-0.6662208848270063,-0.7155626228756203,-0.9482506878142568,3.343718159148518,-0.3984950228820965,1.3928779174507582,-0.42110044098213534,-0.4893666565675079,1.468977445995038,-0.37099925800222605,-0.49033538542418215,5
0.6472032206796865,-0.8176695772090371,-0.4777061693452133,2.0038662321025797,-0.6662208848270063,-0.7155626228756203,1.0545734507243298,-0.299068268437628,-0.3984950228820965,-0.7179380098366396,-0.42110044098213534,-0.4893666565675079,-0.6807456457050176,-0.37099925800222605,-0.49033538542418215,7
0.6472032206796865,0.789884688663099,-0.4777061693452133,-0.4990353068381907,1.5010036802728937,-0.7155626228756203,-0.9482506878142568,-0.299068268437628,-0.3984950228820965,-0.7179380098366396,-0.42110044098213534,-0.4893666565675079,1.468977445995038,-0.37099925800222605,2.039420424726057,5
2.175584004208975,0.789884688663099,-0.4777061693452133,2.0038662321025797,1.5010036802728937,1.0844551551655364,1.0545734507243298,-0.299068268437628,-0.3984950228820965,-0.7179380098366396,-0.42110044098213534,-0.4893666565675079,-0.6807456457050176,-0.37099925800222605,-0.49033538542418215,4
-0.8811775628496022,-0.8176695772090371,-0.4777061693452133,2.0038662321025797,1.5010036802728937,-0.7155626228756203,1.0545734507243298,-0.299068268437628,2.5094416305818505,-0.7179380098366396,-0.42110044098213534,-0.4893666565675079,1.468977445995038,-0.37099925800222605,-0.49033538542418215,8
0.6472032206796865,0.789884688663099,-0.4777061693452133,-0.4990353068381907,-0.6662208848270063,1.0844551551655364,-0.9482506878142568,-0.299068268437628,-0.3984950228820965,1.3928779174507582,-0.42110044098213534,-0.4893666565675079,-0.6807456457050176,-0.37099925800222605,2.039420424726057,7
-0.8811775628496022,-0.8176695772090371,2.0933370012170642,2.0038662321025797,-0.6662208848270063,-0.7155626228756203,1.0545734507243298,-0.299068268437628,2.5094416305818505,-0.7179380098366396,-0.42110044098213534,-0.4893666565675079,-0.6807456457050176,-0.37099925800222605,-0.49033538542418215,6
-0.8811775628496022,-0.8176695772090371,-0.4777061693452133,2.0038662321025797,-0.6662208848270063,-0.7155626228756203,1.0545734507243298,-0.299068268437628,2.5094416305818505,-0.7179380098366396,-0.42110044098213534,-0.4893666565675079,-0.6807456457050176,-0.37099925800222605,-0.49033538542418215,7
0.6472032206796865,0.789884688663099,-0.4777061693452133,-0.4990353068381907,-0.6662208848270063,-0.7155626228756203,1.0545734507243298,-0.299068268437628,-0.3984950228820965,1.3928779174507582,-0.42110044098213534,-0.4893666565675079,1.468977445995038,-0.37099925800222605,-0.49033538542418215,3
-0.8811775628496022,-0.8176695772090371,-0.4777061693452133,-0.4990353068381907,1.5010036802728937,-0.7155626228756203,-0.9482506878142568,-0.299068268437628,-0.3984950228820965,-0.7179380098366396,-0.42110044098213534,-0.4893666565675079,-0.6807456457050176,-0.37099925800222605,2.039420424726057,7
2.175584004208975,0.789884688663099,-0.4777061693452133,-0.4990353068381907,-0.6662208848270063,-0.7155626228756203,-0.9482506878142568,-0.299068268437628,-0.3984950228820965,1.3928779174507582,-0.42110044098213534,-0.4893666565675079,-0.6807456457050176,-0.37099925800222605,-0.49033538542418215,4
0.6472032206796865,0.789884688663099,-0.4777061693452133,-0.4990353068381907,-0.6662208848270063,1.0844551551655364,-0.9482506878142568,-0.299068268437628,-0.3984950228820965,-0.7179380098366396,-0.42110044098213534,-0.4893666565675079,-0.6807456457050176,-0.37099925800222605,2.039420424726057,6
0.6472032206796865,-0.8176695772090371,-0.4777061693452133,-0.4990353068381907,-0.6662208848270063,1.0844551551655364,-0.9482506878142568,-0.299068268437628,-0.3984950228820965,1.3928779174507582,-0.42110044098213534,-0.4893666565675079,-0.6807456457050176,-0.37099925800222605,-0.49033538542418215,6
-0.8811775628496022,-0.8176695772090371,2.0933370012170642,-0.4990353068381907,1.5010036802728937,-0.7155626228756203,1.0545734507243298,-0.299068268437628,-0.3984950228820965,-0.7179380098366396,-0.42110044098213534,-0.4893666565675079,1.468977445995038,-0.37099925800222605,-0.49033538542418215,8
-0.8811775628496022,0.789884688663099,-0.4777061693452133,-0.4990353068381907,-0.6662208848270063,1.0844551551655364,-0.9482506878142568,-0.299068268437628,-0.3984950228820965,1.3928779174507582,-0.42110044098213534,-0.4893666565675079,-0.6807456457050176,-0.37099925800222605,-0.49033538542418215,7
0.6472032206796865,0.789884688663099,-0.4777061693452133,-0.4990353068381907,-0.6662208848270063,1.0844551551655364,-0.9482506878142568,-0.299068268437628,-0.3984950228820965,-0.7179380098366396,-0.42110044098213534,2.0434575723122457,-0.6807456457050176,-0.37099925800222605,-0.49033538542418215,4
-0.8811775628496022,0.789884688663099,-0.4777061693452133,-0.4990353068381907,-0.6662208848270063,-0.7155626228756203,-0.9482506878142568,-0.299068268437628,-0.3984950228820965,1.3928779174507582,-0.42110044098213534,-0.4893666565675079,-0.6807456457050176,-0.37099925800222605,-0.49033538542418215,5
-0.8811775628496022,-0.8176695772090371,-0.4777061693452133,2.0038662321025797,1.5010036802728937,-0.7155626228756203,1.0545734507243298,-0.299068268437628,-0.3984950228820965,-0.7179380098366396,2.3747303557025337,-0.4893666565675079,-0.6807456457050176,-0.37099925800222605,-0.49033538542418215,9
-0.8811775628496022,-0.8176695772090371,2.0933370012170642,-0.4990353068381907,-0.6662208848270063,-0.7155626228756203,1.0545734507243298,-0.299068268437628,2.5094416305818505,-0.7179380098366396,-0.42110044098213534,-0.4893666565675079,-0.6807456457050176,-0.37099925800222605,-0.49033538542418215,7
0.6472032206796865,-0.8176695772090371,-0.4777061693452133,-0.4990353068381907,-0.6662208848270063,1.0844551551655364,1.0545734507243298,-0.299068268437628,2.5094416305818505,1.3928779174507582,-0.42110044098213534,-0.4893666565675079,1.468977445995038,-0.37099925800222605,2.039420424726057,6
-0.8811775628496022,-0.8176695772090371,2.0933370012170642,-0.4990353068381907,-0.6662208848270063,-0.7155626228756203,1.0545734507243298,-0.299068268437628,-0.3984950228820965,1.3928779174507582,2.3747303557025337,-0.4893666565675079,-0.6807456457050176,-0.37099925800222605,-0.49033538542418215,9
0.6472032206796865,-0.8176695772090371,-0.4777061693452133,2.0038662321025797,-0.6662208848270063,1.0844551551655364,1.0545734507243298,-0.299068268437628,-0.3984950228820965,-0.7179380098366396,-0.42110044098213534,-0.4893666565675079,-0.6807456457050176,-0.37099925800222605,-0.49033538542418215,7
0.6472032206796865,-0.8176695772090371,-0.4777061693452133,-0.4990353068381907,-0.6662208848270063,-0.7155626228756203,1.0545734507243298,-0.299068268437628,-0.3984950228820965,-0.7179380098366396,-0.42110044098213534,2.0434575723122457,1.468977445995038,-0.37099925800222605,-0.49033538542418215,7
2.175584004208975,0.789884688663099,-0.4777061693452133,-0.4990353068381907,-0.6662208848270063,1.0844551551655364,1.0545734507243298,3.343718159148518,-0.3984950228820965,1.3928779174507582,-0.42110044098213534,2.0434575723122457,1.468977445995038,-0.37099925800222605,-0.49033538542418215,4
-0.8811775628496022,0.789884688663099,-0.4777061693452133,-0.4990353068381907,-0.6662208848270063,1.0844551551655364,-0.9482506878142568,-0.299068268437628,-0.3984950228820965,-0.7179380098366396,2.3747303557025337,-0.4893666565675079,-0.6807456457050176,-0.37099925800222605,2.039420424726057,5
-0.8811775628496022,-0.8176695772090371,-0.4777061693452133,-0.4990353068381907,-0.6662208848270063,-0.7155626228756203,-0.9482506878142568,3.343718159148518,-0.3984950228820965,1.3928779174507582,-0.42110044098213534,-0.4893666565675079,-0.6807456457050176,-0.37099925800222605,-0.49033538542418215,4
-0.8811775628496022,0.789884688663099,-0.4777061693452133,-0.4990353068381907,-0.6662208848270063,-0.7155626228756203,-0.9482506878142568,-0.299068268437628,-0.3984950228820965,-0.7179380098366396,2.3747303557025337,-0.4893666565675079,1.468977445995038,-0.37099925800222605,-0.49033538542418215,7
0.6472032206796865,0.789884688663099,-0.4777061693452133,-0.4990353068381907,1.5010036802728937,-0.7155626228756203,-0.9482506878142568,-0.299068268437628,2.5094416305818505,1.3928779174507582,2.3747303557025337,-0.4893666565675079,-0.6807456457050176,-0.37099925800222605,-0.49033538542418215,7
2.175584004208975,-0.8176695772090371,-0.4777061693452133,-0.4990353068381907,-0.6662208848270063,1.0844551551655364,-0.9482506878142568,-0.299068268437628,-0.3984950228820965,1.3928779174507582,-0.42110044098213534,2.0434575723122457,-0.6807456457050176,-0.37099925800222605,2.039420424726057,6
2.175584004208975,-0.8176695772090371,-0.4777061693452133,-0.4990353068381907,1.5010036802728937,2.884472933206693,-0.9482506878142568,-0.299068268437628,-0.3984950228820965,1.3928779174507582,-0.42110044098213534,-0.4893666565675079,-0.6807456457050176,-0.37099925800222605,2.039420424726057,3
0.6472032206796865,-0.8176695772090371,-0.4777061693452133,-0.4990353068381907,-0.6662208848270063,1.0844551551655364,-0.9482506878142568,-0.299068268437628,-0.3984950228820965,-0.7179380098366396,-0.42110044098213534,-0.4893666565675079,-0.6807456457050176,-0.37099925800222605,-0.49033538542418215,5
-0.8811775628496022,0.789884688663099,2.0933370012170642,2.0038662321025797,-0.6662208848270063,-0.7155626228756203,-0.9482506878142568,-0.299068268437628,2.5094416305818505,-0.7179380098366396,2.3747303557025337,-0.4893666565675079,1.468977445995038,-0.37099925800222605,-0.49033538542418215,9
-0.8811775628496022,-0.8176695772090371,-0.4777061693452133,-0.4990353068381907,-0.6662208848270063,1.0844551551655364,-0.9482506878142568,3.343718159148518,-0.3984950228820965,-0.7179380098366396,-0.42110044098213534,-0.4893666565675079,-0.6807456457050176,-0.37099925800222605,2.039420424726057,8
-0.8811775628496022,-0.8176695772090371,2.0933370012170642,-0.4990353068381907,1.5010036802728937,-0.7155626228756203,1.0545734507243298,-0.299068268437628,-0.3984950228820965,1.3928779174507582,-0.42110044098213534,-0.4893666565675079,-0.6807456457050176,-0.37099925800222605,-0.49033538542418215,7
-0.8811775628496022,-0.8176695772090371,-0.4777061693452133,2.0038662321025797,1.5010036802728937,-0.7155626228756203,1.0545734507243298,-0.299068268437628,-0.3984950228820965,-0.7179380098366396,-0.42110044098213534,-0.4893666565675079,-0.6807456457050176,-0.37099925800222605,-0.49033538542418215,8
2.175584004208975,2.397438954535235,-0.4777061693452133,-0.4990353068381907,-0.6662208848270063,-0.7155626228756203,-0.9482506878142568,-0.299068268437628,-0.3984950228820965,1.3928779174507582,-0.42110044098213534,-0.4893666565675079,1.468977445995038,2.695423180587601,2.039420424726057,5
0.6472032206796865,-0.8176695772090371,-0.4777061693452133,-0.4990353068381907,-0.6662208848270063,-0.7155626228756203,-0.9482506878142568,-0.299068268437628,-0.3984950228820965,1.3928779174507582,-0.42110044098213534,2.0434575723122457,1.468977445995038,-0.37099925800222605,-0.49033538542418215,5
0.6472032206796865,0.789884688663099,2.0933370012170642,-0.4990353068381907,1.5010036802728937,-0.7155626228756203,-0.9482506878142568,-0.299068268437628,2.5094416305818505,1.3928779174507582,2.3747303557025337,-0.4893666565675079,-0.6807456457050176,-0.37099925800222605,-0.49033538542418215,6
-0.8811775628496022,-0.8176695772090371,-0.4777061693452133,2.0038662321025797,1.5010036802728937,-0.7155626228756203,-0.9482506878142568,-0.299068268437628,-0.3984950228820965,-0.7179380098366396,-0.42110044098213534,-0.4893666565675079,-0.6807456457050176,-0.37099925800222605,-0.49033538542418215,7
0.6472032206796865,2.397438954535235,-0.4777061693452133,2.0038662321025797,-0.6662208848270063,1.0844551551655364,-0.9482506878142568,3.343718159148518,-0.3984950228820965,-0.7179380098366396,-0.42110044098213534,-0.4893666565675079,1.468977445995038,-0.37099925800222605,-0.49033538542418215,3
-0.8811775628496022,-0.8176695772090371,-0.4777061693452133,-0.4990353068381907,1.5010036802728937,-0.7155626228756203,1.0545734507243298,-0.299068268437628,2.5094416305818505,-0.7179380098366396,-0.42110044098213534,-0.4893666565675079,-0.6807456457050176,-0.37099925800222605,-0.49033538542418215,8
0.6472032206796865,-0.8176695772090371,-0.4777061693452133,-0.4990353068381907,-0.6662208848270063,1.0844551551655364,-0.9482506878142568,-0.299068268437628,-0.3984950228820965,-0.7179380098366396,-0.42110044098213534,-0.4893666565675079,-0.6807456457050176,2.695423180587601,-0.49033538542418215,6
-0.8811775628496022,0.789884688663099,-0.4777061693452133,-0.4990353068381907,-0.6662208848270063,-0.7155626228756203,1.0545734507243298,-0.299068268437628,-0.3984950228820965,1.3928779174507582,-0.42110044098213534,-0.4893666565675079,1.468977445995038,-0.37099925800222605,-0.49033538542418215,6
-0.8811775628496022,0.789884688663099,-0.4777061693452133,-0.4990353068381907,-0.6662208848270063,-0.7155626228756203,1.0545734507243298,-0.299068268437628,2.5094416305818505,-0.7179380098366396,-0.42110044098213534,-0.4893666565675079,-0.6807456457050176,-0.37099925800222605,-0.49033538542418215,7
-0.8811775628496022,-0.8176695772090371,-0.4777061693452133,-0.4990353068381907,1.5010036802728937,1.0844551551655364,-0.9482506878142568,3.343718159148518,-0.3984950228820965,-0.7179380098366396,-0.42110044098213534,-0.4893666565675079,-0.6807456457050176,-0.37099925800222605,2.039420424726057,7
-0.8811775628496022,2.397438954535235,-0.4777061693452133,-0.4990353068381907,-0.6662208848270063,1.0844551551655364,-0.9482506878142568,-0.299068268437628,-0.3984950228820965,-0.7179380098366396,-0.42110044098213534,-0.4893666565675079,1.468977445995038,2.695423180587601,-0.49033538542418215,3
-0.8811775628496022,-0.8176695772090371,2.0933370012170642,2.0038662321025797,1.5010036802728937,-0.7155626228756203,-0.9482506878142568,-0.299068268437628,2.5094416305818505,-0.7179380098366396,-0.42110044098213534,-0.4893666565675079,-0.6807456457050176,-0.37099925800222605,-0.49033538542418215,9
-0.8811775628496022,0.789884688663099,-0.4777061693452133,2.0038662321025797,1.5010036802728937,1.0844551551655364,1.0545734507243298,3.343718159148518,-0.3984950228820965,-0.7179380098366396,-0.42110044098213534,-0.4893666565675079,1.468977445995038,-0.37099925800222605,-0.49033538542418215,5
0.6472032206796865,-0.8176695772090371,-0.4777061693452133,-0.4990353068381907,-0.6662208848270063,-0.7155626228756203,1.0545734507243298,-0.299068268437628,-0.3984950228820965,-0.7179380098366396,-0.42110044098213534,-0.4893666565675079,1.468977445995038,-0.37099925800222605,-0.49033538542418215,7
0.6472032206796865,0.789884688663099,-0.4777061693452133,-0.4990353068381907,-0.6662208848270063,-0.7155626228756203,1.0545734507243298,-0.299068268437628,-0.3984950228820965,-0.7179380098366396,-0.42110044098213534,2.0434575723122457,1.468977445995038,-0.37099925800222605,-0.49033538542418215,7
-0.8811775628496022,-0.8176695772090371,-0.4777061693452133,2.0038662321025797,1.5010036802728937,-0.7155626228756203,1.0545734507243298,-0.299068268437628,-0.3984950228820965,-0.7179380098366396,-0.42110044098213534,-0.4893666565675079,1.468977445995038,-0.37099925800222605,-0.49033538542418215,9
0.6472032206796865,-0.8176695772090371,2.0933370012170642,-0.4990353068381907,-0.6662208848270063,1.0844551551655364,1.0545734507243298,-0.299068268437628,2.5094416305818505,-0.7179380098366396,-0.42110044098213534,-0.4893666565675079,-0.6807456457050176,-0.37099925800222605,-0.49033538542418215,6
0.6472032206796865,-0.8176695772090371,-0.4777061693452133,-0.4990353068381907,-0.6662208848270063,-0.7155626228756203,-0.9482506878142568,-0.299068268437628,-0.3984950228820965,1.3928779174507582,-0.42110044098213534,-0.4893666565675079,-0.6807456457050176,-0.37099925800222605,-0.49033538542418215,7
-0.8811775628496022,0.789884688663099,-0.4777061693452133,-0.4990353068381907,1.5010036802728937,-0.7155626228756203,1.0545734507243298,-0.299068268437628,-0.3984950228820965,-0.7179380098366396,-0.42110044098213534,-0.4893666565675079,-0.6807456457050176,-0.37099925800222605,-0.49033538542418215,7
0.6472032206796865,0.789884688663099,-0.4777061693452133,-0.4990353068381907,-0.6662208848270063,-0.7155626228756203,-0.9482506878142568,-0.299068268437628,-0.3984950228820965,-0.7179380098366396,-0.42110044098213534,-0.4893666565675079,1.468977445995038,-0.37099925800222605,-0.49033538542418215,4
0.6472032206796865,-0.8176695772090371,-0.4777061693452133,2.0038662321025797,-0.6662208848270063,-0.7155626228756203,-0.9482506878142568,3.343718159148518,-0.3984950228820965,1.3928779174507582,2.3747303557025337,2.0434575723122457,1.468977445995038,2.695423180587601,2.039420424726057,4
-0.8811775628496022,0.789884688663099,-0.4777061693452133,-0.4990353068381907,-0.6662208848270063,-0.7155626228756203,-0.9482506878142568,-0.299068268437628,-0.3984950228820965,-0.7179380098366396,-0.42110044098213534,-0.4893666565675079,-0.6807456457050176,-0.37099925800222605,2.039420424726057,4
-0.8811775628496022,-0.8176695772090371,2.0933370012170642,2.0038662321025797,-0.6662208848270063,-0.7155626228756203,1.0545734507243298,-0.299068268437628,2.5094416305818505,-0.7179380098366396,-0.42110044098213534,-0.4893666565675079,-0.6807456457050176,-0.37099925800222605,-0.49033538542418215,8
-0.8811775628496022,-0.8176695772090371,-0.4777061693452133,-0.4990353068381907,1.5010036802728937,-0.7155626228756203,1.0545734507243298,-0.299068268437628,-0.3984950228820965,-0.7179380098366396,-0.42110044098213534,2.0434575723122457,1.468977445995038,-0.37099925800222605,-0.49033538542418215,8
0.6472032206796865,-0.8176695772090371,2.0933370012170642,2.0038662321025797,1.5010036802728937,-0.7155626228756203,-0.9482506878142568,-0.299068268437628,-0.3984950228820965,1.3928779174507582,2.3747303557025337,-0.4893666565675079,-0.6807456457050176,-0.37099925800222605,2.039420424726057,7
-0.8811775628496022,-0.8176695772090371,-0.4777061693452133,2.0038662321025797,1.5010036802728937,-0.7155626228756203,1.0545734507243298,-0.299068268437628,-0.3984950228820965,-0.7179380098366396,-0.42110044098213534,2.0434575723122457,-0.6807456457050176,-0.37099925800222605,-0.49033538542418215,5
2.175584004208975,0.789884688663099,-0.4777061693452133,-0.4990353068381907,-0.6662208848270063,1.0844551551655364,1.0545734507243298,-0.299068268437628,-0.3984950228820965,-0.7179380098366396,-0.42110044098213534,-0.4893666565675079,-0.6807456457050176,-0.37099925800222605,-0.49033538542418215,5
-0.8811775628496022,-0.8176695772090371,-0.4777061693452133,-0.4990353068381907,1.5010036802728937,-0.7155626228756203,1.0545734507243298,-0.299068268437628,-0.3984950228820965,-0.7179380098366396,-0.42110044098213534,-0.4893666565675079,1.468977445995038,-0.37099925800222605,-0.49033538542418215,5
0.6472032206796865,-0.8176695772090371,2.0933370012170642,-0.4990353068381907,-0.6662208848270063,1.0844551551655364,-0.9482506878142568,-0.299068268437628,-0.3984950228820965,-0.7179380098366396,-0.42110044098213534,-0.4893666565675079,-0.6807456457050176,-0.37099925800222605,2.039420424726057,6
-0.8811775628496022,-0.8176695772090371,2.0933370012170642,2.0038662321025797,-0.6662208848270063,1.0844551551655364,1.0545734507243298,-0.299068268437628,-0.3984950228820965,-0.7179380098366396,2.3747303557025337,-0.4893666565675079,-0.6807456457050176,-0.37099925800222605,2.039420424726057,7
0.6472032206796865,-0.8176695772090371,-0.4777061693452133,-0.4990353068381907,1.5010036802728937,-0.7155626228756203,-0.9482506878142568,-0.299068268437628,-0.3984950228820965,1.3928779174507582,2.3747303557025337,-0.4893666565675079,-0.6807456457050176,-0.37099925800222605,2.039420424726057,7
0.6472032206796865,0.789884688663099,-0.4777061693452133,-0.4990353068381907,1.5010036802728937,-0.7155626228756203,1.0545734507243298,-0.299068268437628,-0.3984950228820965,-0.7179380098366396,-0.42110044098213534,-0.4893666565675079,1.468977445995038,-0.37099925800222605,-0.49033538542418215,8
-0.8811775628496022,-0.8176695772090371,-0.4777061693452133,-0.4990353068381907,-0.6662208848270063,-0.7155626228756203,-0.9482506878142568,-0.299068268437628,-0.3984950228820965,-0.7179380098366396,-0.42110044098213534,-0.4893666565675079,-0.6807456457050176,-0.37099925800222605,-0.49033538542418215,7
-0.8811775628496022,0.789884688663099,-0.4777061693452133,2.0038662321025797,-0.6662208848270063,1.0844551551655364,-0.9482506878142568,-0.299068268437628,-0.3984950228820965,-0.7179380098366396,-0.42110044098213534,2.0434575723122457,1.468977445995038,-0.37099925800222605,-0.49033538542418215,4
0.6472032206796865,-0.8176695772090371,-0.4777061693452133,-0.4990353068381907,-0.6662208848270063,-0.7155626228756203,1.0545734507243298,-0.299068268437628,-0.3984950228820965,-0.7179380098366396,-0.42110044098213534,2.0434575723122457,1.468977445995038,-0.37099925800222605,-0.49033538542418215,6
0.6472032206796865,-0.8176695772090371,-0.4777061693452133,-0.4990353068381907,1.5010036802728937,-0.7155626228756203,1.0545734507243298,-0.299068268437628,-0.3984950228820965,-0.7179380098366396,-0.42110044098213534,-0.4893666565675079,-0.6807456457050176,-0.37099925800222605,-0.49033538542418215,6
-0.8811775628496022,0.789884688663099,-0.4777061693452133,-0.4990353068381907,1.5010036802728937,-0.7155626228756203,1.0545734507243298,-0.299068268437628,-0.3984950228820965,-0.7179380098366396,2.3747303557025337,-0.4893666565675079,-0.6807456457050176,-0.37099925800222605,-0.49033538542418215,6
-0.8811775628496022,-0.8176695772090371,2.0933370012170642,2.0038662321025797,1.5010036802728937,-0.7155626228756203,1.0545734507243298,-0.299068268437628,2.5094416305818505,-0.7179380098366396,-0.42110044098213534,-0.4893666565675079,1.468977445995038,-0.37099925800222605,-0.49033538542418215,8
-0.8811775628496022,0.789884688663099,-0.4777061693452133,2.0038662321025797,-0.6662208848270063,-0.7155626228756203,1.0545734507243298,-0.299068268437628,-0.3984950228820965,-0.7179380098366396,-0.42110044098213534,2.0434575723122457,1.468977445995038,2.695423180587601,-0.49033538542418215,7
-0.8811775628496022,-0.8176695772090371,2.0933370012170642,-0.4990353068381907,-0.6662208848270063,-0.7155626228756203,-0.9482506878142568,-0.299068268437628,-0.3984950228820965,-0.7179380098366396,-0.42110044098213534,-0.4893666565675079,-0.6807456457050176,-0.37099925800222605,2.039420424726057,9
-0.8811775628496022,-0.8176695772090371,2.0933370012170642,2.0038662321025797,-0.6662208848270063,-0.7155626228756203,1.0545734507243298,-0.299068268437628,-0.3984950228820965,-0.7179380098366396,-0.42110044098213534,-0.4893666565675079,1.468977445995038,-0.37099925800222605,-0.49033538542418215,7
0.6472032206796865,0.789884688663099,-0.4777061693452133,2.0038662321025797,-0.6662208848270063,-0.7155626228756203,1.0545734507243298,-0.299068268437628,-0.3984950228820965,-0.7179380098366396,-0.42110044098213534,-0.4893666565675079,1.468977445995038,-0.37099925800222605,-0.49033538542418215,4
-0.8811775628496022,0.789884688663099,-0.4777061693452133,2.0038662321025797,-0.6662208848270063,1.0844551551655364,-0.9482506878142568,-0.299068268437628,-0.3984950228820965,1.3928779174507582,2.3747303557025337,-0.4893666565675079,-0.6807456457050176,2.695423180587601,-0.49033538542418215,5
-0.8811775628496022,-0.8176695772090371,-0.4777061693452133,-0.4990353068381907,-0.6662208848270063,-0.7155626228756203,1.0545734507243298,-0.299068268437628,-0.3984950228820965,1.3928779174507582,-0.42110044098213534,-0.4893666565675079,-0.6807456457050176,-0.37099925800222605,-0.49033538542418215,7
-0.8811775628496022,-0.8176695772090371,2.0933370012170642,-0.4990353068381907,1.5010036802728937,-0.7155626228756203,-0.9482506878142568,-0.299068268437628,-0.3984950228820965,-0.7179380098366396,-0.42110044098213534,-0.4893666565675079,-0.6807456457050176,-0.37099925800222605,-0.49033538542418215,8
0.6472032206796865,-0.8176695772090371,2.0933370012170642,2.0038662321025797,-0.6662208848270063,1.0844551551655364,-0.9482506878142568,-0.299068268437628,-0.3984950228820965,-0.7179380098366396,2.3747303557025337,-0.4893666565675079,-0.6807456457050176,-0.37099925800222605,2.039420424726057,6
-0.8811775628496022,0.789884688663099,-0.4777061693452133,2.0038662321025797,1.5010036802728937,1.0844551551655364,1.0545734507243298,-0.299068268437628,-0.3984950228820965,-0.7179380098366396,-0.42110044098213534,-0.4893666565675079,-0.6807456457050176,-0.37099925800222605,-0.49033538542418215,5
0.6472032206796865,0.789884688663099,-0.4777061693452133,-0.4990353068381907,-0.6662208848270063,1.0844551551655364,-0.9482506878142568,-0.299068268437628,-0.3984950228820965,-0.7179380098366396,-0.42110044098213534,2.0434575723122457,1.468977445995038,2.695423180587601,-0.49033538542418215,4
2.175584004208975,-0.8176695772090371,-0.4777061693452133,-0.4990353068381907,1.5010036802728937,-0.7155626228756203,-0.9482506878142568,-0.299068268437628,-0.3984950228820965,-0.7179380098366396,-0.42110044098213534,-0.4893666565675079,-0.6807456457050176,-0.37099925800222605,-0.49033538542418215,5
-0.8811775628496022,-0.8176695772090371,2.0933370012170642,-0.4990353068381907,-0.6662208848270063,-0.7155626228756203,1.0545734507243298,-0.299068268437628,-0.3984950228820965,1.3928779174507582,-0.42110044098213534,-0.4893666565675079,-0.6807456457050176,-0.37099925800222605,2.039420424726057,7
0.6472032206796865,-0.8176695772090371,-0.4777061693452133,-0.4990353068381907,-0.6662208848270063,1.0844551551655364,-0.9482506878142568,3.343718159148518,-0.3984950228820965,-0.7179380098366396,-0.42110044098213534,-0.4893666565675079,-0.6807456457050176,-0.37099925800222605,-0.49033538542418215,6
2.175584004208975,-0.8176695772090371,-0.4777061693452133,-0.4990353068381907,-0.6662208848270063,2.884472933206693,1.0545734507243298,-0.299068268437628,-0.3984950228820965,-0.7179380098366396,-0.42110044098213534,-0.4893666565675079,-0.6807456457050176,-0.37099925800222605,2.039420424726057,3
-0.8811775628496022,-0.8176695772090371,2.0933370012170642,-0.4990353068381907,-0.6662208848270063,1.0844551551655364,-0.9482506878142568,-0.299068268437628,-0.3984950228820965,-0.7179380098366396,-0.42110044098213534,-0.4893666565675079,-0.6807456457050176,-0.37099925800222605,2.039420424726057,6
-0.8811775628496022,-0.8176695772090371,2.0933370012170642,2.0038662321025797,1.5010036802728937,-0.7155626228756203,1.0545734507243298,-0.299068268437628,2.5094416305818505,-0.7179380098366396,-0.42110044098213534,-0.4893666565675079,-0.6807456457050176,-0.37099925800222605,-0.49033538542418215,9
0.6472032206796865,-0.8176695772090371,-0.4777061693452133,-0.4990353068381907,-0.6662208848270063,-0.7155626228756203,1.0545734507243298,-0.299068268437628,-0.3984950228820965,-0.7179380098366396,-0.42110044098213534,-0.4893666565675079,-0.6807456457050176,-0.37099925800222605,-0.49033538542418215,6
2.175584004208975,0.789884688663099,-0.4777061693452133,-0.4990353068381907,-0.6662208848270063,1.0844551551655364,-0.9482506878142568,-0.299068268437628,-0.3984950228820965,-0.7179380098366396,2.3747303557025337,-0.4893666565675079,-0.6807456457050176,-0.37099925800222605,2.039420424726057,6
-0.8811775628496022,-0.8176695772090371,-0.4777061693452133,-0.4990353068381907,-0.6662208848270063,1.0844551551655364,1.0545734507243298,-0.299068268437628,-0.3984950228820965,1.3928779174507582,-0.42110044098213534,-0.4893666565675079,-0.6807456457050176,2.695423180587601,2.039420424726057,7
2.175584004208975,0.789884688663099,-0.4777061693452133,-0.4990353068381907,-0.6662208848270063,-0.7155626228756203,-0.9482506878142568,3.343718159148518,-0.3984950228820965,1.3928779174507582,-0.42110044098213534,2.0434575723122457,-0.6807456457050176,-0.37099925800222605,-0.49033538542418215,2
-0.8811775628496022,-0.8176695772090371,-0.4777061693452133,-0.4990353068381907,-0.6662208848270063,1.0844551551655364,1.0545734507243298,-0.299068268437628,-0.3984950228820965,1.3928779174507582,-0.42110044098213534,2.0434575723122457,-0.6807456457050176,-0.37099925800222605,-0.49033538542418215,6
-0.8811775628496022,0.789884688663099,-0.4777061693452133,-0.4990353068381907,-0.6662208848270063,-0.7155626228756203,-0.9482506878142568,-0.299068268437628,2.5094416305818505,1.3928779174507582,2.3747303557025337,-0.4893666565675079,-0.6807456457050176,-0.37099925800222605,-0.49033538542418215,7
-0.8811775628496022,-0.8176695772090371,2.0933370012170642,2.0038662321025797,1.5010036802728937,-0.7155626228756203,1.0545734507243298,-0.299068268437628,-0.3984950228820965,-0.7179380098366396,-0.42110044098213534,-0.4893666565675079,-0.6807456457050176,-0.37099925800222605,-0.49033538542418215,9
-0.8811775628496022,-0.8176695772090371,-0.4777061693452133,2.0038662321025797,1.5010036802728937,1.0844551551655364,1.0545734507243298,-0.299068268437628,-0.3984950228820965,-0.7179380098366396,-0.42110044098213534,-0.4893666565675079,-0.6807456457050176,-0.37099925800222605,-0.49033538542418215,7
0.6472032206796865,-0.8176695772090371,-0.4777061693452133,2.0038662321025797,1.5010036802728937,-0.7155626228756203,1.0545734507243298,-0.299068268437628,-0.3984950228820965,-0.7179380098366396,-0.42110044098213534,-0.4893666565675079,-0.6807456457050176,-0.37099925800222605,-0.49033538542418215,7
0.6472032206796865,-0.8176695772090371,2.0933370012170642,-0.4990353068381907,-0.6662208848270063,1.0844551551655364,1.0545734507243298,-0.299068268437628,-0.3984950228820965,1.3928779174507582,-0.42110044098213534,2.0434575723122457,1.468977445995038,-0.37099925800222605,2.039420424726057,8
0.6472032206796865,-0.8176695772090371,-0.4777061693452133,2.0038662321025797,1.5010036802728937,-0.7155626228756203,1.0545734507243298,-0.299068268437628,-0.3984950228820965,-0.7179380098366396,-0.42110044098213534,-0.4893666565675079,-0.6807456457050176,-0.37099925800222605,-0.49033538542418215,5
0.6472032206796865,0.789884688663099,-0.4777061693452133,-0.4990353068381907,-0.6662208848270063,1.0844551551655364,-0.9482506878142568,3.343718159148518,-0.3984950228820965,1.3928779174507582,-0.42110044098213534,2.0434575723122457,1.468977445995038,-0.37099925800222605,-0.49033538542418215,5
2.175584004208975,0.789884688663099,-0.4777061693452133,-0.4990353068381907,1.5010036802728937,-0.7155626228756203,-0.9482506878142568,-0.299068268437628,-0.3984950228820965,-0.7179380098366396,-0.42110044098213534,-0.4893666565675079,-0.6807456457050176,-0.37099925800222605,2.039420424726057,3
2.175584004208975,-0.8176695772090371,-0.4777061693452133,-0.4990353068381907,-0.6662208848270063,-0.7155626228756203,-0.9482506878142568,-0.299068268437628,2.5094416305818505,-0.7179380098366396,-0.42110044098213534,-0.4893666565675079,-0.6807456457050176,-0.37099925800222605,2.039420424726057,6
0.6472032206796865,0.789884688663099,-0.4777061693452133,-0.4990353068381907,-0.6662208848270063,-0.7155626228756203,-0.9482506878142568,-0.299068268437628,-0.3984950228820965,1.3928779174507582,-0.42110044098213534,-0.4893666565675079,-0.6807456457050176,-0.37099925800222605,-0.49033538542418215,5
-0.8811775628496022,-0.8176695772090371,-0.4777061693452133,-0.4990353068381907,-0.6662208848270063,1.0844551551655364,-0.9482506878142568,-0.299068268437628,-0.3984950228820965,-0.7179380098366396,-0.42110044098213534,2.0434575723122457,-0.6807456457050176,-0.37099925800222605,2.039420424726057,6
0.6472032206796865,0.789884688663099,-0.4777061693452133,-0.4990353068381907,1.5010036802728937,1.0844551551655364,1.0545734507243298,-0.299068268437628,-0.3984950228820965,-0.7179380098366396,-0.42110044098213534,-0.4893666565675079,-0.6807456457050176,-0.37099925800222605,-0.49033538542418215,5
-0.8811775628496022,0.789884688663099,-0.4777061693452133,-0.4990353068381907,-0.6662208848270063,-0.7155626228756203,1.0545734507243298,-0.299068268437628,-0.3984950228820965,-0.7179380098366396,-0.42110044098213534,2.0434575723122457,-0.6807456457050176,2.695423180587601,-0.49033538542418215,4
-0.8811775628496022,0.789884688663099,-0.4777061693452133,2.0038662321025797,1.5010036802728937,-0.7155626228756203,1.0545734507243298,-0.299068268437628,-0.3984950228820965,-0.7179380098366396,-0.42110044098213534,-0.4893666565675079,-0.6807456457050176,-0.37099925800222605,-0.49033538542418215,8
0.6472032206796865,-0.8176695772090371,-0.4777061693452133,-0.4990353068381907,-0.6662208848270063,1.0844551551655364,-0.9482506878142568,-0.299068268437628,-0.3984950228820965,-0.7179380098366396,-0.42110044098213534,-0.4893666565675079,-0.6807456457050176,-0.37099925800222605,2.039420424726057,6
0.6472032206796865,0.789884688663099,-0.4777061693452133,-0.4990353068381907,-0.6662208848270063,2.884472933206693,-0.9482506878142568,-0.299068268437628,-0.3984950228820965,-0.7179380098366396,2.3747303557025337,-0.4893666565675079,-0.6807456457050176,-0.37099925800222605,2.039420424726057,4
-0.8811775628496022,-0.8176695772090371,-0.4777061693452133,-0.4990353068381907,-0.6662208848270063,-0.7155626228756203,1.0545734507243298,-0.299068268437628,-0.3984950228820965,1.3928779174507582,-0.42110044098213534,-0.4893666565675079,-0.6807456457050176,-0.37099925800222605,-0.49033538542418215,5
-0.8811775628496022,0.789884688663099,-0.4777061693452133,2.0038662321025797,1.5010036802728937,-0.7155626228756203,1.0545734507243298,-0.299068268437628,2.5094416305818505,-0.7179380098366396,-0.42110044098213534,-0.4893666565675079,1.468977445995038,2.695423180587601,-0.49033538542418215,8
-0.8811775628496022,0.789884688663099,2.0933370012170642,2.0038662321025797,1.5010036802728937,-0.7155626228756203,1.0545734507243298,-0.299068268437628,-0.3984950228820965,1.3928779174507582,-0.42110044098213534,-0.4893666565675079,-0.6807456457050176,-0.37099925800222605,-0.49033538542418215,7
0.6472032206796865,0.789884688663099,2.0933370012170642,-0.4990353068381907,1.5010036802728937,-0.7155626228756203,1.0545734507243298,-0.299068268437628,-0.3984950228820965,1.3928779174507582,-0.42110044098213534,-0.4893666565675079,1.468977445995038,-0.37099925800222605,-0.49033538542418215,5
-0.8811775628496022,-0.8176695772090371,-0.4777061693452133,2.0038662321025797,-0.6662208848270063,-0.7155626228756203,1.0545734507243298,-0.299068268437628,-0.3984950228820965,-0.7179380098366396,-0.42110044098213534,2.0434575723122457,1.468977445995038,2.695423180587601,2.039420424726057,7
0.6472032206796865,2.397438954535235,-0.4777061693452133,-0.4990353068381907,1.5010036802728937,1.0844551551655364,1.0545734507243298,-0.299068268437628,-0.3984950228820965,1.3928779174507582,2.3747303557025337,2.0434575723122457,1.468977445995038,-0.37099925800222605,-0.49033538542418215,3
-0.8811775628496022,-0.8176695772090371,-0.4777061693452133,-0.4990353068381907,-0.6662208848270063,-0.7155626228756203,-0.9482506878142568,-0.299068268437628,-0.3984950228820965,1.3928779174507582,-0.42110044098213534,2.0434575723122457,1.468977445995038,2.695423180587601,-0.49033538542418215,4
2.175584004208975,2.397438954535235,-0.4777061693452133,-0.4990353068381907,1.5010036802728937,-0.7155626228756203,-0.9482506878142568,-0.299068268437628,-0.3984950228820965,1.3928779174507582,-0.42110044098213534,2.0434575723122457,-0.6807456457050176,-0.37099925800222605,-0.49033538542418215,1
0.6472032206796865,0.789884688663099,-0.4777061693452133,-0.4990353068381907,-0.6662208848270063,1.0844551551655364,-0.9482506878142568,-0.299068268437628,-0.3984950228820965,1.3928779174507582,-0.42110044098213534,-0.4893666565675079,1.468977445995038,-0.37099925800222605,-0.49033538542418215,3
-0.8811775628496022,0.789884688663099,-0.4777061693452133,-0.4990353068381907,1.5010036802728937,1.0844551551655364,1.0545734507243298,-0.299068268437628,-0.3984950228820965,-0.7179380098366396,-0.42110044098213534,-0.4893666565675079,-0.6807456457050176,-0.37099925800222605,2.039420424726057,7
-0.8811775628496022,-0.8176695772090371,2.0933370012170642,-0.4990353068381907,-0.6662208848270063,-0.7155626228756203,-0.9482506878142568,-0.299068268437628,-0.3984950228820965,1.3928779174507582,2.3747303557025337,-0.4893666565675079,-0.6807456457050176,-0.37099925800222605,-0.49033538542418215,6
-0.8811775628496022,-0.8176695772090371,2.0933370012170642,-0.4990353068381907,-0.6662208848270063,1.0844551551655364,-0.9482506878142568,-0.299068268437628,2.5094416305818505,-0.7179380098366396,-0.42110044098213534,-0.4893666565675079,-0.6807456457050176,-0.37099925800222605,-0.49033538542418215,5
-0.8811775628496022,-0.8176695772090371,-0.4777061693452133,-0.4990353068381907,1.5010036802728937,-0.7155626228756203,1.0545734507243298,-0.299068268437628,-0.3984950228820965,-0.7179380098366396,-0.42110044098213534,-0.4893666565675079,-0.6807456457050176,-0.37099925800222605,2.039420424726057,6
2.175584004208975,-0.8176695772090371,-0.4777061693452133,-0.4990353068381907,-0.6662208848270063,-0.7155626228756203,1.0545734507243298,-0.299068268437628,-0.3984950228820965,-0.7179380098366396,-0.42110044098213534,-0.4893666565675079,1.468977445995038,-0.37099925800222605,-0.49033538542418215,5
0.6472032206796865,0.789884688663099,-0.4777061693452133,-0.4990353068381907,-0.6662208848270063,1.0844551551655364,-0.9482506878142568,-0.299068268437628,-0.3984950228820965,-0.7179380098366396,-0.42110044098213534,2.0434575723122457,1.468977445995038,-0.37099925800222605,2.039420424726057,2
2.175584004208975,-0.8176695772090371,2.0933370012170642,-0.4990353068381907,-0.6662208848270063,1.0844551551655364,1.0545734507243298,-0.299068268437628,-0.3984950228820965,-0.7179380098366396,-0.42110044098213534,-0.4893666565675079,-0.6807456457050176,-0.37099925800222605,-0.49033538542418215,6
2.175584004208975,2.397438954535235,-0.4777061693452133,-0.4990353068381907,-0.6662208848270063,1.0844551551655364,-0.9482506878142568,3.343718159148518,-0.3984950228820965,1.3928779174507582,-0.42110044098213534,2.0434575723122457,-0.6807456457050176,-0.37099925800222605,-0.49033538542418215,1
-0.8811775628496022,-0.8176695772090371,-0.4777061693452133,-0.4990353068381907,1.5010036802728937,-0.7155626228756203,1.0545734507243298,-0.299068268437628,-0.3984950228820965,-0.7179380098366396,-0.42110044098213534,-0.4893666565675079,-0.6807456457050176,-0.37099925800222605,-0.49033538542418215,9
0.6472032206796865,-0.8176695772090371,2.0933370012170642,-0.4990353068381907,1.5010036802728937,1.0844551551655364,-0.9482506878142568,-0.299068268437628,2.5094416305818505,1.3928779174507582,-0.42110044098213534,-0.4893666565675079,-0.6807456457050176,-0.37099925800222605,2.039420424726057,6
0.6472032206796865,0.789884688663099,-0.4777061693452133,-0.4990353068381907,1.5010036802728937,-0.7155626228756203,1.0545734507243298,-0.299068268437628,-0.3984950228820965,-0.7179380098366396,-0.42110044098213534,-0.4893666565675079,-0.6807456457050176,-0.37099925800222605,-0.49033538542418215,8
0.6472032206796865,-0.8176695772090371,-0.4777061693452133,2.0038662321025797,-0.6662208848270063,1.0844551551655364,1.0545734507243298,-0.299068268437628,-0.3984950228820965,-0.7179380098366396,-0.42110044098213534,-0.4893666565675079,-0.6807456457050176,-0.37099925800222605,-0.49033538542418215,7
-0.8811775628496022,-0.8176695772090371,-0.4777061693452133,2.0038662321025797,1.5010036802728937,-0.7155626228756203,1.0545734507243298,-0.299068268437628,-0.3984950228820965,-0.7179380098366396,-0.42110044098213534,-0.4893666565675079,-0.6807456457050176,-0.37099925800222605,-0.49033538542418215,9
-0.8811775628496022,-0.8176695772090371,2.0933370012170642,-0.4990353068381907,1.5010036802728937,1.0844551551655364,1.0545734507243298,-0.299068268437628,-0.3984950228820965,-0.7179380098366396,2.3747303557025337,-0.4893666565675079,-0.6807456457050176,-0.37099925800222605,2.039420424726057,7
0.6472032206796865,2.397438954535235,-0.4777061693452133,-0.4990353068381907,-0.6662208848270063,1.0844551551655364,-0.9482506878142568,-0.299068268437628,-0.3984950228820965,-0.7179380098366396,-0.42110044098213534,2.0434575723122457,1.468977445995038,-0.37099925800222605,2.039420424726057,1
0.6472032206796865,-0.8176695772090371,-0.4777061693452133,2.0038662321025797,-0.6662208848270063,1.0844551551655364,1.0545734507243298,-0.299068268437628,-0.3984950228820965,-0.7179380098366396,-0.42110044098213534,-0.4893666565675079,-0.6807456457050176,-0.37099925800222605,-0.49033538542418215,5
-0.8811775628496022,-0.8176695772090371,2.0933370012170642,-0.4990353068381907,-0.6662208848270063,-0.7155626228756203,-0.9482506878142568,-0.299068268437628,-0.3984950228820965,-0.7179380098366396,2.3747303557025337,-0.4893666565675079,-0.6807456457050176,-0.37099925800222605,2.039420424726057,7
-0.8811775628496022,-0.8176695772090371,2.0933370012170642,-0.4990353068381907,1.5010036802728937,-0.7155626228756203,-0.9482506878142568,-0.299068268437628,-0.3984950228820965,-0.7179380098366396,-0.42110044098213534,-0.4893666565675079,-0.6807456457050176,-0.37099925800222605,2.039420424726057,7
-0.8811775628496022,-0.8176695772090371,2.0933370012170642,-0.4990353068381907,1.5010036802728937,-0.7155626228756203,1.0545734507243298,-0.299068268437628,-0.3984950228820965,-0.7179380098366396,-0.42110044098213534,-0.4893666565675079,-0.6807456457050176,-0.37099925800222605,-0.49033538542418215,7
0.6472032206796865,0.789884688663099,-0.4777061693452133,-0.4990353068381907,-0.6662208848270063,1.0844551551655364,-0.9482506878142568,-0.299068268437628,-0.3984950228820965,-0.7179380098366396,-0.42110044098213534,2.0434575723122457,-0.6807456457050176,-0.37099925800222605,-0.49033538542418215,3
-0.8811775628496022,-0.8176695772090371,2.0933370012170642,-0.4990353068381907,-0.6662208848270063,1.0844551551655364,1.0545734507243298,-0.299068268437628,-0.3984950228820965,-0.7179380098366396,-0.42110044098213534,-0.4893666565675079,-0.6807456457050176,-0.37099925800222605,2.039420424726057,5
0.6472032206796865,0.789884688663099,-0.4777061693452133,-0.4990353068381907,-0.6662208848270063,-0.7155626228756203,-0.9482506878142568,-0.299068268437628,-0.3984950228820965,1.3928779174507582,2.3747303557025337,-0.4893666565675079,-0.6807456457050176,-0.37099925800222605,-0.49033538542418215,5
-0.8811775628496022,0.789884688663099,-0.4777061693452133,-0.4990353068381907,-0.6662208848270063,-0.7155626228756203,1.0545734507243298,-0.299068268437628,-0.3984950228820965,-0.7179380098366396,-0.42110044098213534,-0.4893666565675079,1.468977445995038,-0.37099925800222605,-0.49033538542418215,7
2.175584004208975,-0.8176695772090371,-0.4777061693452133,-0.4990353068381907,-0.6662208848270063,2.884472933206693,-0.9482506878142568,-0.299068268437628,2.5094416305818505,-0.7179380098366396,-0.42110044098213534,-0.4893666565675079,-0.6807456457050176,2.695423180587601,-0.49033538542418215,4
-0.8811775628496022,2.397438954535235,-0.4777061693452133,-0.4990353068381907,1.5010036802728937,-0.7155626228756203,-0.9482506878142568,3.343718159148518,-0.3984950228820965,-0.7179380098366396,-0.42110044098213534,-0.4893666565675079,-0.6807456457050176,-0.37099925800222605,-0.49033538542418215,5
-0.8811775628496022,0.789884688663099,-0.4777061693452133,-0.4990353068381907,-0.6662208848270063,-0.7155626228756203,-0.9482506878142568,-0.299068268437628,-0.3984950228820965,1.3928779174507582,2.3747303557025337,-0.4893666565675079,-0.6807456457050176,-0.37099925800222605,2.039420424726057,7
0.6472032206796865,0.789884688663099,-0.4777061693452133,-0.4990353068381907,-0.6662208848270063,1.0844551551655364,-0.9482506878142568,-0.299068268437628,-0.3984950228820965,-0.7179380098366396,-0.42110044098213534,-0.4893666565675079,-0.6807456457050176,-0.37099925800222605,-0.49033538542418215,5
0.6472032206796865,-0.8176695772090371,-0.4777061693452133,2.0038662321025797,-0.6662208848270063,-0.7155626228756203,1.0545734507243298,-0.299068268437628,-0.3984950228820965,-0.7179380098366396,-0.42110044098213534,-0.4893666565675079,-0.6807456457050176,2.695423180587601,-0.49033538542418215,4
-0.8811775628496022,-0.8176695772090371,2.0933370012170642,-0.4990353068381907,-0.6662208848270063,1.0844551551655364,-0.9482506878142568,-0.299068268437628,2.5094416305818505,-0.7179380098366396,-0.42110044098213534,-0.4893666565675079,-0.6807456457050176,-0.37099925800222605,-0.49033538542418215,8
2.175584004208975,-0.8176695772090371,-0.4777061693452133,2.0038662321025797,-0.6662208848270063,-0.7155626228756203,1.0545734507243298,-0.299068268437628,-0.3984950228820965,-0.7179380098366396,-0.42110044098213534,-0.4893666565675079,-0.6807456457050176,-0.37099925800222605,-0.49033538542418215,6
-0.8811775628496022,0.789884688663099,-0.4777061693452133,-0.4990353068381907,-0.6662208848270063,-0.7155626228756203,-0.9482506878142568,3.343718159148518,-0.3984950228820965,1.3928779174507582,-0.42110044098213534,-0.4893666565675079,-0.6807456457050176,-0.37099925800222605,-0.49033538542418215,5
2.175584004208975,2.397438954535235,-0.4777061693452133,-0.4990353068381907,1.5010036802728937,2.884472933206693,-0.9482506878142568,-0.299068268437628,-0.3984950228820965,-0.7179380098366396,-0.42110044098213534,-0.4893666565675079,-0.6807456457050176,-0.37099925800222605,-0.49033538542418215,4
-0.8811775628496022,0.789884688663099,-0.4777061693452133,-0.4990353068381907,-0.6662208848270063,-0.7155626228756203,1.0545734507243298,-0.299068268437628,-0.3984950228820965,1.3928779174507582,-0.42110044098213534,2.0434575723122457,1.468977445995038,-0.37099925800222605,-0.49033538542418215,5
-0.8811775628496022,0.789884688663099,-0.4777061693452133,-0.4990353068381907,-0.6662208848270063,-0.7155626228756203,-0.9482506878142568,-0.299068268437628,-0.3984950228820965,1.3928779174507582,-0.42110044098213534,-0.4893666565675079,-0.6807456457050176,-0.37099925800222605,-0.49033538542418215,5
2.175584004208975,2.397438954535235,-0.4777061693452133,-0.4990353068381907,-0.6662208848270063,2.884472933206693,-0.9482506878142568,-0.299068268437628,-0.3984950228820965,1.3928779174507582,-0.42110044098213534,-0.4893666565675079,-0.6807456457050176,-0.37099925800222605,-0.49033538542418215,2
0.6472032206796865,-0.8176695772090371,-0.4777061693452133,-0.4990353068381907,-0.6662208848270063,1.0844551551655364,1.0545734507243298,-0.299068268437628,-0.3984950228820965,-0.7179380098366396,2.3747303557025337,-0.4893666565675079,-0.6807456457050176,-0.37099925800222605,2.039420424726057,4
0.6472032206796865,-0.8176695772090371,-0.4777061693452133,-0.4990353068381907,-0.6662208848270063,1.0844551551655364,-0.9482506878142568,-0.299068268437628,-0.3984950228820965,1.3928779174507582,-0.42110044098213534,-0.4893666565675079,-0.6807456457050176,-0.37099925800222605,-0.49033538542418215,4
-0.8811775628496022,-0.8176695772090371,2.0933370012170642,-0.4990353068381907,1.5010036802728937,-0.7155626228756203,1.0545734507243298,-0.299068268437628,-0.3984950228820965,-0.7179380098366396,-0.42110044098213534,-0.4893666565675079,-0.6807456457050176,-0.37099925800222605,-0.49033538542418215,7
-0.8811775628496022,-0.8176695772090371,2.0933370012170642,2.0038662321025797,-0.6662208848270063,1.0844551551655364,1.0545734507243298,-0.299068268437628,2.5094416305818505,-0.7179380098366396,-0.42110044098213534,-0.4893666565675079,-0.6807456457050176,-0.37099925800222605,-0.49033538542418215,7
2.175584004208975,0.789884688663099,-0.4777061693452133,-0.4990353068381907,-0.6662208848270063,1.0844551551655364,-0.9482506878142568,-0.299068268437628,-0.3984950228820965,-0.7179380098366396,-0.42110044098213534,-0.4893666565675079,1.468977445995038,-0.37099925800222605,-0.49033538542418215,2
-0.8811775628496022,0.789884688663099,-0.4777061693452133,-0.4990353068381907,1.5010036802728937,-0.7155626228756203,-0.9482506878142568,3.343718159148518,-0.3984950228820965,1.3928779174507582,-0.42110044098213534,-0.4893666565675079,-0.6807456457050176,-0.37099925800222605,-0.49033538542418215,5
-0.8811775628496022,-0.8176695772090371,2.0933370012170642,2.0038662321025797,1.5010036802728937,-0.7155626228756203,-0.9482506878142568,-0.299068268437628,-0.3984950228820965,1.3928779174507582,-0.42110044098213534,2.0434575723122457,-0.6807456457050176,2.695423180587601,2.039420424726057,9
-0.8811775628496022,0.789884688663099,-0.4777061693452133,-0.4990353068381907,-0.6662208848270063,-0.7155626228756203,-0.9482506878142568,-0.299068268437628,-0.3984950228820965,1.3928779174507582,2.3747303557025337,-0.4893666565675079,-0.6807456457050176,-0.37099925800222605,-0.49033538542418215,6
0.6472032206796865,2.397438954535235,-0.4777061693452133,-0.4990353068381907,-0.6662208848270063,-0.7155626228756203,-0.9482506878142568,-0.299068268437628,-0.3984950228820965,1.3928779174507582,-0.42110044098213534,2.0434575723122457,-0.6807456457050176,-0.37099925800222605,-0.49033538542418215,1
-0.8811775628496022,0.789884688663099,-0.4777061693452133,2.0038662321025797,-0.6662208848270063,-0.7155626228756203,-0.9482506878142568,-0.299068268437628,2.5094416305818505,-0.7179380098366396,2.3747303557025337,-0.4893666565675079,-0.6807456457050176,-0.37099925800222605,-0.49033538542418215,7
2.175584004208975,2.397438954535235,-0.4777061693452133,-0.4990353068381907,-0.6662208848270063,-0.7155626228756203,-0.9482506878142568,-0.299068268437628,-0.3984950228820965,-0.7179380098366396,-0.42110044098213534,2.0434575723122457,1.468977445995038,2.695423180587601,-0.49033538542418215,3
-0.8811775628496022,0.789884688663099,-0.4777061693452133,-0.4990353068381907,-0.6662208848270063,-0.7155626228756203,-0.9482506878142568,-0.299068268437628,-0.3984950228820965,-0.7179380098366396,-0.42110044098213534,-0.4893666565675079,-0.6807456457050176,2.695423180587601,-0.49033538542418215,7
0.6472032206796865,0.789884688663099,2.0933370012170642,-0.4990353068381907,-0.6662208848270063,1.0844551551655364,-0.9482506878142568,-0.299068268437628,2.5094416305818505,-0.7179380098366396,2.3747303557025337,-0.4893666565675079,-0.6807456457050176,-0.37099925800222605,2.039420424726057,7
-0.8811775628496022,-0.8176695772090371,-0.4777061693452133,-0.4990353068381907,1.5010036802728937,1.0844551551655364,1.0545734507243298,-0.299068268437628,2.5094416305818505,-0.7179380098366396,-0.42110044098213534,-0.4893666565675079,1.468977445995038,-0.37099925800222605,-0.49033538542418215,6
0.6472032206796865,-0.8176695772090371,-0.4777061693452133,-0.4990353068381907,-0.6662208848270063,-0.7155626228756203,1.0545734507243298,-0.299068268437628,-0.3984950228820965,-0.7179380098366396,2.3747303557025337,-0.4893666565675079,-0.6807456457050176,-0.37099925800222605,2.039420424726057,8
-0.8811775628496022,-0.8176695772090371,-0.4777061693452133,-0.4990353068381907,-0.6662208848270063,-0.7155626228756203,-0.9482506878142568,-0.299068268437628,-0.3984950228820965,-0.7179380098366396,-0.42110044098213534,2.0434575723122457,1.468977445995038,-0.37099925800222605,-0.49033538542418215,7
0.6472032206796865,0.789884688663099,-0.4777061693452133,-0.4990353068381907,1.5010036802728937,-0.7155626228756203,-0.9482506878142568,-0.299068268437628,-0.3984950228820965,-0.7179380098366396,-0.42110044098213534,-0.4893666565675079,-0.6807456457050176,-0.37099925800222605,-0.49033538542418215,4
2.175584004208975,-0.8176695772090371,-0.4777061693452133,-0.4990353068381907,-0.6662208848270063,2.884472933206693,-0.9482506878142568,-0.299068268437628,-0.3984950228820965,-0.7179380098366396,-0.42110044098213534,-0.4893666565675079,-0.6807456457050176,-0.37099925800222605,-0.49033538542418215,3
0.6472032206796865,-0.8176695772090371,-0.4777061693452133,-0.4990353068381907,-0.6662208848270063,1.0844551551655364,1.0545734507243298,-0.299068268437628,-0.3984950228820965,-0.7179380098366396,-0.42110044098213534,-0.4893666565675079,1.468977445995038,-0.37099925800222605,2.039420424726057,7
0.6472032206796865,-0.8176695772090371,-0.4777061693452133,2.0038662321025797,-0.6662208848270063,-0.7155626228756203,-0.9482506878142568,-0.299068268437628,-0.3984950228820965,-0.7179380098366396,-0.42110044098213534,-0.4893666565675079,1.468977445995038,-0.37099925800222605,-0.49033538542418215,5
-0.8811775628496022,-0.8176695772090371,-0.4777061693452133,-0.4990353068381907,-0.6662208848270063,-0.7155626228756203,1.0545734507243298,-0.299068268437628,-0.3984950228820965,-0.7179380098366396,-0.42110044098213534,-0.4893666565675079,1.468977445995038,2.695423180587601,2.039420424726057,7
-0.8811775628496022,-0.8176695772090371,-0.4777061693452133,-0.4990353068381907,1.5010036802728937,-0.7155626228756203,1.0545734507243298,-0.299068268437628,2.5094416305818505,-0.7179380098366396,-0.42110044098213534,-0.4893666565675079,1.468977445995038,-0.37099925800222605,2.039420424726057,7
0.6472032206796865,-0.8176695772090371,-0.4777061693452133,-0.4990353068381907,-0.6662208848270063,1.0844551551655364,-0.9482506878142568,-0.299068268437628,-0.3984950228820965,1.3928779174507582,-0.42110044098213534,-0.4893666565675079,1.468977445995038,-0.37099925800222605,-0.49033538542418215,5
-0.8811775628496022,-0.8176695772090371,-0.4777061693452133,-0.4990353068381907,1.5010036802728937,-0.7155626228756203,1.0545734507243298,-0.299068268437628,-0.3984950228820965,-0.7179380098366396,-0.42110044098213534,-0.4893666565675079,1.468977445995038,-0.37099925800222605,-0.49033538542418215,5
0.6472032206796865,-0.8176695772090371,-0.4777061693452133,-0.4990353068381907,-0.6662208848270063,1.0844551551655364,-0.9482506878142568,-0.299068268437628,-0.3984950228820965,1.3928779174507582,-0.42110044098213534,-0.4893666565675079,-0.6807456457050176,-0.37099925800222605,-0.49033538542418215,5
-0.8811775628496022,0.789884688663099,-0.4777061693452133,-0.4990353068381907,-0.6662208848270063,-0.7155626228756203,1.0545734507243298,-0.299068268437628,2.5094416305818505,1.3928779174507582,-0.42110044098213534,2.0434575723122457,1.468977445995038,-0.37099925800222605,-0.49033538542418215,8
-0.8811775628496022,-0.8176695772090371,2.0933370012170642,2.0038662321025797,1.5010036802728937,-0.7155626228756203,1.0545734507243298,-0.299068268437628,-0.3984950228820965,-0.7179380098366396,-0.42110044098213534,-0.4893666565675079,1.468977445995038,-0.37099925800222605,-0.49033538542418215,8
-0.8811775628496022,-0.8176695772090371,2.0933370012170642,2.0038662321025797,-0.6662208848270063,-0.7155626228756203,-0.9482506878142568,-0.299068268437628,2.5094416305818505,-0.7179380098366396,2.3747303557025337,-0.4893666565675079,-0.6807456457050176,-0.37099925800222605,2.039420424726057,9
2.175584004208975,2.397438954535235,-0.4777061693452133,-0.4990353068381907,-0.6662208848270063,2.884472933206693,1.0545734507243298,-0.299068268437628,-0.3984950228820965,-0.7179380098366396,-0.42110044098213534,-0.4893666565675079,-0.6807456457050176,-0.37099925800222605,-0.49033538542418215,1
0.6472032206796865,-0.8176695772090371,-0.4777061693452133,-0.4990353068381907,1.5010036802728937,1.0844551551655364,1.0545734507243298,-0.299068268437628,-0.3984950228820965,-0.7179380098366396,-0.42110044098213534,-0.4893666565675079,-0.6807456457050176,-0.37099925800222605,-0.49033538542418215,7
2.175584004208975,0.789884688663099,-0.4777061693452133,-0.4990353068381907,1.5010036802728937,1.0844551551655364,-0.9482506878142568,-0.299068268437628,-0.3984950228820965,-0.7179380098366396,-0.42110044098213534,-0.4893666565675079,-0.6807456457050176,2.695423180587601,2.039420424726057,5
-0.8811775628496022,0.789884688663099,-0.4777061693452133,2.0038662321025797,-0.6662208848270063,1.0844551551655364,-0.9482506878142568,-0.299068268437628,-0.3984950228820965,-0.7179380098366396,2.3747303557025337,-0.4893666565675079,1.468977445995038,-0.37099925800222605,-0.49033538542418215,4
-0.8811775628496022,-0.8176695772090371,-0.4777061693452133,-0.4990353068381907,1.5010036802728937,-0.7155626228756203,1.0545734507243298,-0.299068268437628,-0.3984950228820965,-0.7179380098366396,-0.42110044098213534,-0.4893666565675079,-0.6807456457050176,2.695423180587601,-0.49033538542418215,8
0.6472032206796865,-0.8176695772090371,-0.4777061693452133,-0.4990353068381907,-0.6662208848270063,1.0844551551655364,-0.9482506878142568,-0.299068268437628,-0.3984950228820965,1.3928779174507582,-0.42110044098213534,2.0434575723122457,-0.6807456457050176,-0.37099925800222605,2.039420424726057,3
0.6472032206796865,0.789884688663099,-0.4777061693452133,2.0038662321025797,1.5010036802728937,-0.7155626228756203,-0.9482506878142568,-0.299068268437628,-0.3984950228820965,-0.7179380098366396,-0.42110044098213534,2.0434575723122457,1.468977445995038,-0.37099925800222605,-0.49033538542418215,7
0.6472032206796865,-0.8176695772090371,-0.4777061693452133,-0.4990353068381907,-0.6662208848270063,-0.7155626228756203,1.0545734507243298,-0.299068268437628,-0.3984950228820965,1.3928779174507582,-0.42110044098213534,-0.4893666565675079,-0.6807456457050176,-0.37099925800222605,-0.49033538542418215,7
-0.8811775628496022,0.789884688663099,2.0933370012170642,2.0038662321025797,-0.6662208848270063,-0.7155626228756203,-0.9482506878142568,-0.299068268437628,-0.3984950228820965,-0.7179380098366396,2.3747303557025337,-0.4893666565675079,-0.6807456457050176,2.695423180587601,-0.49033538542418215,7
2.175584004208975,-0.8176695772090371,-0.4777061693452133,-0.4990353068381907,-0.6662208848270063,-0.7155626228756203,-0.9482506878142568,-0.299068268437628,-0.3984950228820965,-0.7179380098366396,-0.42110044098213534,-0.4893666565675079,-0.6807456457050176,-0.37099925800222605,2.039420424726057,6
0.6472032206796865,0.789884688663099,-0.4777061693452133,2.0038662321025797,-0.6662208848270063,-0.7155626228756203,1.0545734507243298,-0.299068268437628,-0.3984950228820965,1.3928779174507582,-0.42110044098213534,2.0434575723122457,-0.6807456457050176,-0.37099925800222605,2.039420424726057,6
0.6472032206796865,-0.8176695772090371,-0.4777061693452133,-0.4990353068381907,-0.6662208848270063,1.0844551551655364,-0.9482506878142568,-0.299068268437628,-0.3984950228820965,1.3928779174507582,-0.42110044098213534,-0.4893666565675079,-0.6807456457050176,2.695423180587601,-0.49033538542418215,2
-0.8811775628496022,0.789884688663099,-0.4777061693452133,2.0038662321025797,-0.6662208848270063,-0.7155626228756203,-0.9482506878142568,-0.299068268437628,2.5094416305818505,-0.7179380098366396,-0.42110044098213534,-0.4893666565675079,-0.6807456457050176,-0.37099925800222605,-0.49033538542418215,8
-0.8811775628496022,-0.8176695772090371,-0.4777061693452133,-0.4990353068381907,-0.6662208848270063,-0.7155626228756203,1.0545734507243298,-0.299068268437628,-0.3984950228820965,-0.7179380098366396,-0.42110044098213534,-0.4893666565675079,1.468977445995038,-0.37099925800222605,-0.49033538542418215,6
0.6472032206796865,-0.8176695772090371,-0.4777061693452133,-0.4990353068381907,-0.6662208848270063,1.0844551551655364,1.0545734507243298,-0.299068268437628,-0.3984950228820965,-0.7179380098366396,-0.42110044098213534,-0.4893666565675079,-0.6807456457050176,2.695423180587601,-0.49033538542418215,6
0.6472032206796865,-0.8176695772090371,-0.4777061693452133,-0.4990353068381907,-0.6662208848270063,-0.7155626228756203,1.0545734507243298,3.343718159148518,-0.3984950228820965,-0.7179380098366396,-0.42110044098213534,2.0434575723122457,1.468977445995038,-0.37099925800222605,-0.49033538542418215,6
-0.8811775628496022,-0.8176695772090371,-0.4777061693452133,2.0038662321025797,-0.6662208848270063,-0.7155626228756203,-0.9482506878142568,-0.299068268437628,2.5094416305818505,1.3928779174507582,-0.42110044098213534,2.0434575723122457,-0.6807456457050176,-0.37099925800222605,-0.49033538542418215,8
-0.8811775628496022,2.397438954535235,-0.4777061693452133,2.0038662321025797,-0.6662208848270063,-0.7155626228756203,-0.9482506878142568,-0.299068268437628,2.5094416305818505,1.3928779174507582,-0.42110044098213534,-0.4893666565675079,-0.6807456457050176,-0.37099925800222605,-0.49033538542418215,4
-0.8811775628496022,-0.8176695772090371,2.0933370012170642,-0.4990353068381907,-0.6662208848270063,1.0844551551655364,-0.9482506878142568,-0.299068268437628,-0.3984950228820965,-0.7179380098366396,-0.42110044098213534,-0.4893666565675079,-0.6807456457050176,-0.37099925800222605,2.039420424726057,6
-0.8811775628496022,-0.8176695772090371,-0.4777061693452133,2.0038662321025797,1.5010036802728937,-0.7155626228756203,-0.9482506878142568,-0.299068268437628,-0.3984950228820965,-0.7179380098366396,-0.42110044098213534,-0.4893666565675079,-0.6807456457050176,-0.37099925800222605,-0.49033538542418215,8
0.6472032206796865,0.789884688663099,-0.4777061693452133,-0.4990353068381907,-0.6662208848270063,1.0844551551655364,-0.9482506878142568,3.343718159148518,-0.3984950228820965,-0.7179380098366396,-0.42110044098213534,-0.4893666565675079,-0.6807456457050176,-0.37099925800222605,-0.49033538542418215,4
0.6472032206796865,2.397438954535235,-0.4777061693452133,-0.4990353068381907,1.5010036802728937,1.0844551551655364,-0.9482506878142568,-0.299068268437628,-0.3984950228820965,-0.7179380098366396,-0.42110044098213534,-0.4893666565675079,-0.6807456457050176,2.695423180587601,-0.49033538542418215,1
0.6472032206796865,0.789884688663099,-0.4777061693452133,-0.4990353068381907,-0.6662208848270063,1.0844551551655364,-0.9482506878142568,-0.299068268437628,-0.3984950228820965,-0.7179380098366396,-0.42110044098213534,2.0434575723122457,-0.6807456457050176,-0.37099925800222605,-0.49033538542418215,4
0.6472032206796865,0.789884688663099,-0.4777061693452133,-0.4990353068381907,-0.6662208848270063,-0.7155626228756203,-0.9482506878142568,-0.299068268437628,-0.3984950228820965,1.3928779174507582,-0.42110044098213534,-0.4893666565675079,-0.6807456457050176,-0.37099925800222605,-0.49033538542418215,5
2.175584004208975,0.789884688663099,-0.4777061693452133,-0.4990353068381907,-0.6662208848270063,1.0844551551655364,-0.9482506878142568,-0.299068268437628,-0.3984950228820965,1.3928779174507582,-0.42110044098213534,-0.4893666565675079,1.468977445995038,-0.37099925800222605,-0.49033538542418215,3
2.175584004208975,-0.8176695772090371,-0.4777061693452133,-0.4990353068381907,-0.6662208848270063,1.0844551551655364,-0.9482506878142568,-0.299068268437628,-0.3984950228820965,-0.7179380098366396,-0.42110044098213534,-0.4893666565675079,1.468977445995038,-0.37099925800222605,-0.49033538542418215,4
-0.8811775628496022,0.789884688663099,-0.4777061693452133,-0.4990353068381907,-0.6662208848270063,1.0844551551655364,-0.9482506878142568,-0.299068268437628,-0.3984950228820965,1.3928779174507582,-0.42110044098213534,-0.4893666565675079,-0.6807456457050176,-0.37099925800222605,-0.49033538542418215,7
-0.8811775628496022,0.789884688663099,-0.4777061693452133,2.0038662321025797,1.5010036802728937,-0.7155626228756203,1.0545734507243298,-0.299068268437628,2.5094416305818505,-0.7179380098366396,-0.42110044098213534,-0.4893666565675079,-0.6807456457050176,-0.37099925800222605,-0.49033538542418215,6
-0.8811775628496022,-0.8176695772090371,-0.4777061693452133,-0.4990353068381907,-0.6662208848270063,-0.7155626228756203,1.0545734507243298,-0.299068268437628,-0.3984950228820965,1.3928779174507582,-0.42110044098213534,-0.4893666565675079,1.468977445995038,2.695423180587601,-0.49033538542418215,7
-0.8811775628496022,-0.8176695772090371,2.0933370012170642,2.0038662321025797,-0.6662208848270063,-0.7155626228756203,1.0545734507243298,-0.299068268437628,-0.3984950228820965,-0.7179380098366396,-0.42110044098213534,-0.4893666565675079,-0.6807456457050176,-0.37099925800222605,-0.49033538542418215,8
-0.8811775628496022,-0.8176695772090371,-0.4777061693452133,-0.4990353068381907,1.5010036802728937,-0.7155626228756203,-0.9482506878142568,-0.299068268437628,-0.3984950228820965,1.3928779174507582,-0.42110044098213534,-0.4893666565675079,-0.6807456457050176,-0.37099925800222605,-0.49033538542418215,5
-0.8811775628496022,-0.8176695772090371,-0.4777061693452133,-0.4990353068381907,-0.6662208848270063,-0.7155626228756203,-0.9482506878142568,-0.299068268437628,-0.3984950228820965,-0.7179380098366396,-0.42110044098213534,-0.4893666565675079,-0.6807456457050176,2.695423180587601,-0.49033538542418215,4
-0.8811775628496022,-0.8176695772090371,2.0933370012170642,-0.4990353068381907,1.5010036802728937,-0.7155626228756203,-0.9482506878142568,-0.299068268437628,-0.3984950228820965,-0.7179380098366396,2.3747303557025337,-0.4893666565675079,-0.6807456457050176,-0.37099925800222605,-0.49033538542418215,8
-0.8811775628496022,0.789884688663099,-0.4777061693452133,-0.4990353068381907,-0.6662208848270063,-0.7155626228756203,1.0545734507243298,-0.299068268437628,-0.3984950228820965,-0.7179380098366396,-0.42110044098213534,-0.4893666565675079,-0.6807456457050176,-0.37099925800222605,-0.49033538542418215,8
-0.8811775628496022,0.789884688663099,-0.4777061693452133,2.0038662321025797,-0.6662208848270063,1.0844551551655364,-0.9482506878142568,-0.299068268437628,-0.3984950228820965,-0.7179380098366396,-0.42110044098213534,2.0434575723122457,1.468977445995038,-0.37099925800222605,-0.49033538542418215,4
-0.8811775628496022,0.789884688663099,-0.4777061693452133,-0.4990353068381907,-0.6662208848270063,-0.7155626228756203,-0.9482506878142568,-0.299068268437628,-0.3984950228820965,1.3928779174507582,-0.42110044098213534,-0.4893666565675079,-0.6807456457050176,-0.37099925800222605,-0.49033538542418215,4
-0.8811775628496022,-0.8176695772090371,2.0933370012170642,-0.4990353068381907,1.5010036802728937,-0.7155626228756203,-0.9482506878142568,-0.299068268437628,-0.3984950228820965,-0.7179380098366396,-0.42110044098213534,-0.4893666565675079,-0.6807456457050176,-0.37099925800222605,-0.49033538542418215,7
0.6472032206796865,-0.8176695772090371,-0.4777061693452133,-0.4990353068381907,-0.6662208848270063,-0.7155626228756203,-0.9482506878142568,-0.299068268437628,-0.3984950228820965,1.3928779174507582,-0.42110044098213534,2.0434575723122457,1.468977445995038,-0.37099925800222605,-0.49033538542418215,5
0.6472032206796865,-0.8176695772090371,2.0933370012170642,-0.4990353068381907,-0.6662208848270063,-0.7155626228756203,-0.9482506878142568,-0.299068268437628,-0.3984950228820965,-0.7179380098366396,-0.42110044098213534,-0.4893666565675079,-0.6807456457050176,-0.37099925800222605,2.039420424726057,8
0.6472032206796865,0.789884688663099,-0.4777061693452133,-0.4990353068381907,-0.6662208848270063,-0.7155626228756203,-0.9482506878142568,-0.299068268437628,-0.3984950228820965,1.3928779174507582,-0.42110044098213534,-0.4893666565675079,1.468977445995038,-0.37099925800222605,-0.49033538542418215,6
-0.8811775628496022,-0.8176695772090371,-0.4777061693452133,-0.4990353068381907,-0.6662208848270063,-0.7155626228756203,-0.9482506878142568,-0.299068268437628,-0.3984950228820965,-0.7179380098366396,-0.42110044098213534,-0.4893666565675079,-0.6807456457050176,-0.37099925800222605,-0.49033538542418215,8
-0.8811775628496022,0.789884688663099,-0.4777061693452133,-0.4990353068381907,1.5010036802728937,1.0844551551655364,1.0545734507243298,-0.299068268437628,-0.3984950228820965,1.3928779174507582,2.3747303557025337,-0.4893666565675079,1.468977445995038,-0.37099925800222605,2.039420424726057,8
2.175584004208975,-0.8176695772090371,-0.4777061693452133,-0.4990353068381907,-0.6662208848270063,1.0844551551655364,1.0545734507243298,-0.299068268437628,-0.3984950228820965,-0.7179380098366396,-0.42110044098213534,-0.4893666565675079,-0.6807456457050176,-0.37099925800222605,-0.49033538542418215,5
-0.8811775628496022,0.789884688663099,-0.4777061693452133,2.0038662321025797,1.5010036802728937,-0.7155626228756203,-0.9482506878142568,-0.299068268437628,-0.3984950228820965,-0.7179380098366396,-0.42110044098213534,-0.4893666565675079,1.468977445995038,-0.37099925800222605,-0.49033538542418215,6
0.6472032206796865,-0.8176695772090371,-0.4777061693452133,-0.4990353068381907,1.5010036802728937,-0.7155626228756203,1.0545734507243298,-0.299068268437628,-0.3984950228820965,-0.7179380098366396,-0.42110044098213534,2.0434575723122457,-0.6807456457050176,-0.37099925800222605,-0.49033538542418215,8
0.6472032206796865,0.789884688663099,-0.4777061693452133,-0.4990353068381907,-0.6662208848270063,-0.7155626228756203,1.0545734507243298,-0.299068268437628,-0.3984950228820965,-0.7179380098366396,-0.42110044098213534,-0.4893666565675079,-0.6807456457050176,-0.37099925800222605,2.039420424726057,7
0.6472032206796865,-0.8176695772090371,-0.4777061693452133,-0.4990353068381907,1.5010036802728937,-0.7155626228756203,1.0545734507243298,-0.299068268437628,-0.3984950228820965,1.3928779174507582,-0.42110044098213534,-0.4893666565675079,-0.6807456457050176,-0.37099925800222605,-0.49033538542418215,7
-0.8811775628496022,-0.8176695772090371,2.0933370012170642,-0.4990353068381907,1.5010036802728937,-0.7155626228756203,1.0545734507243298,-0.299068268437628,-0.3984950228820965,-0.7179380098366396,-0.42110044098213534,-0.4893666565675079,-0.6807456457050176,-0.37099925800222605,-0.49033538542418215,7
-0.8811775628496022,-0.8176695772090371,-0.4777061693452133,2.0038662321025797,-0.6662208848270063,-0.7155626228756203,1.0545734507243298,-0.299068268437628,-0.3984950228820965,-0.7179380098366396,-0.42110044098213534,-0.4893666565675079,1.468977445995038,-0.37099925800222605,2.039420424726057,9
-0.8811775628496022,0.789884688663099,-0.4777061693452133,-0.4990353068381907,-0.6662208848270063,1.0844551551655364,1.0545734507243298,-0.299068268437628,2.5094416305818505,-0.7179380098366396,-0.42110044098213534,-0.4893666565675079,-0.6807456457050176,-0.37099925800222605,-0.49033538542418215,8
-0.8811775628496022,0.789884688663099,-0.4777061693452133,-0.4990353068381907,-0.6662208848270063,-0.7155626228756203,-0.9482506878142568,-0.299068268437628,-0.3984950228820965,-0.7179380098366396,2.3747303557025337,-0.4893666565675079,-0.6807456457050176,-0.37099925800222605,-0.49033538542418215,7
0.6472032206796865,0.789884688663099,-0.4777061693452133,-0.4990353068381907,-0.6662208848270063,-0.7155626228756203,-0.9482506878142568,-0.299068268437628,-0.3984950228820965,1.3928779174507582,2.3747303557025337,-0.4893666565675079,-0.6807456457050176,-0.37099925800222605,2.039420424726057,5
-0.8811775628496022,-0.8176695772090371,2.0933370012170642,2.0038662321025797,-0.6662208848270063,-0.7155626228756203,-0.9482506878142568,-0.299068268437628,-0.3984950228820965,-0.7179380098366396,-0.42110044098213534,-0.4893666565675079,1.468977445995038,-0.37099925800222605,2.039420424726057,7
0.6472032206796865,0.789884688663099,-0.4777061693452133,-0.4990353068381907,-0.6662208848270063,-0.7155626228756203,1.0545734507243298,-0.299068268437628,-0.3984950228820965,-0.7179380098366396,-0.42110044098213534,-0.4893666565675079,-0.6807456457050176,-0.37099925800222605,-0.49033538542418215,5
0.6472032206796865,0.789884688663099,-0.4777061693452133,-0.4990353068381907,-0.6662208848270063,-0.7155626228756203,-0.9482506878142568,-0.299068268437628,-0.3984950228820965,-0.7179380098366396,-0.42110044098213534,-0.4893666565675079,-0.6807456457050176,-0.37099925800222605,-0.49033538542418215,5
-0.8811775628496022,-0.8176695772090371,-0.4777061693452133,-0.4990353068381907,-0.6662208848270063,-0.7155626228756203,1.0545734507243298,-0.299068268437628,-0.3984950228820965,-0.7179380098366396,-0.42110044098213534,-0.4893666565675079,-0.6807456457050176,2.695423180587601,-0.49033538542418215,7
0.6472032206796865,-0.8176695772090371,-0.4777061693452133,-0.4990353068381907,-0.6662208848270063,-0.7155626228756203,-0.9482506878142568,-0.299068268437628,-0.3984950228820965,-0.7179380098366396,-0.42110044098213534,-0.4893666565675079,-0.6807456457050176,-0.37099925800222605,2.039420424726057,7
-0.8811775628496022,-0.8176695772090371,-0.4777061693452133,-0.4990353068381907,1.5010036802728937,-0.7155626228756203,1.0545734507243298,-0.299068268437628,-0.3984950228820965,-0.7179380098366396,-0.42110044098213534,-0.4893666565675079,-0.6807456457050176,-0.37099925800222605,-0.49033538542418215,8
-0.8811775628496022,0.789884688663099,-0.4777061693452133,-0.4990353068381907,-0.6662208848270063,-0.7155626228756203,-0.9482506878142568,-0.299068268437628,-0.3984950228820965,1.3928779174507582,-0.42110044098213534,-0.4893666565675079,-0.6807456457050176,-0.37099925800222605,-0.49033538542418215,4
0.6472032206796865,0.789884688663099,-0.4777061693452133,-0.4990353068381907,-0.6662208848270063,-0.7155626228756203,1.0545734507243298,-0.299068268437628,-0.3984950228820965,-0.7179380098366396,-0.42110044098213534,-0.4893666565675079,1.468977445995038,2.695423180587601,-0.49033538542418215,4
0.6472032206796865,-0.8176695772090371,-0.4777061693452133,-0.4990353068381907,-0.6662208848270063,-0.7155626228756203,1.0545734507243298,-0.299068268437628,-0.3984950228820965,-0.7179380098366396,-0.42110044098213534,-0.4893666565675079,-0.6807456457050176,-0.37099925800222605,-0.49033538542418215,6
-0.8811775628496022,-0.8176695772090371,-0.4777061693452133,2.0038662321025797,-0.6662208848270063,-0.7155626228756203,1.0545734507243298,-0.299068268437628,-0.3984950228820965,-0.7179380098366396,-0.42110044098213534,-0.4893666565675079,-0.6807456457050176,-0.37099925800222605,-0.49033538542418215,6
0.6472032206796865,-0.8176695772090371,-0.4777061693452133,-0.4990353068381907,1.5010036802728937,-0.7155626228756203,1.0545734507243298,-0.299068268437628,-0.3984950228820965,1.3928779174507582,-0.42110044098213534,-0.4893666565675079,-0.6807456457050176,-0.37099925800222605,-0.49033538542418215,7
0.6472032206796865,-0.8176695772090371,-0.4777061693452133,-0.4990353068381907,-0.6662208848270063,1.0844551551655364,-0.9482506878142568,-0.299068268437628,-0.3984950228820965,-0.7179380098366396,-0.42110044098213534,2.0434575723122457,-0.6807456457050176,-0.37099925800222605,-0.49033538542418215,5
-0.8811775628496022,0.789884688663099,-0.4777061693452133,-0.4990353068381907,-0.6662208848270063,-0.7155626228756203,1.0545734507243298,-0.299068268437628,-0.3984950228820965,1.3928779174507582,-0.42110044098213534,-0.4893666565675079,1.468977445995038,-0.37099925800222605,-0.49033538542418215,4
-0.8811775628496022,0.789884688663099,-0.4777061693452133,-0.4990353068381907,-0.6662208848270063,-0.7155626228756203,-0.9482506878142568,-0.299068268437628,-0.3984950228820965,1.3928779174507582,-0.42110044098213534,-0.4893666565675079,1.468977445995038,2.695423180587601,-0.49033538542418215,3
0.6472032206796865,-0.8176695772090371,-0.4777061693452133,-0.4990353068381907,-0.6662208848270063,-0.7155626228756203,-0.9482506878142568,-0.299068268437628,-0.3984950228820965,-0.7179380098366396,-0.42110044098213534,-0.4893666565675079,1.468977445995038,2.695423180587601,-0.49033538542418215,6
0.6472032206796865,-0.8176695772090371,2.0933370012170642,-0.4990353068381907,-0.6662208848270063,-0.7155626228756203,-0.9482506878142568,-0.299068268437628,-0.3984950228820965,-0.7179380098366396,2.3747303557025337,-0.4893666565675079,-0.6807456457050176,-0.37099925800222605,2.039420424726057,7
-0.8811775628496022,0.789884688663099,-0.4777061693452133,-0.4990353068381907,-0.6662208848270063,-0.7155626228756203,-0.9482506878142568,-0.299068268437628,-0.3984950228820965,-0.7179380098366396,-0.42110044098213534,-0.4893666565675079,-0.6807456457050176,-0.37099925800222605,-0.49033538542418215,6
0.6472032206796865,0.789884688663099,-0.4777061693452133,2.0038662321025797,1.5010036802728937,-0.7155626228756203,1.0545734507243298,-0.299068268437628,2.5094416305818505,-0.7179380098366396,-0.42110044098213534,-0.4893666565675079,-0.6807456457050176,-0.37099925800222605,-0.49033538542418215,6
0.6472032206796865,-0.8176695772090371,-0.4777061693452133,2.0038662321025797,-0.6662208848270063,-0.7155626228756203,1.0545734507243298,-0.299068268437628,-0.3984950228820965,-0.7179380098366396,-0.42110044098213534,-0.4893666565675079,-0.6807456457050176,-0.37099925800222605,-0.49033538542418215,4
2.175584004208975,-0.8176695772090371,-0.4777061693452133,-0.4990353068381907,-0.6662208848270063,-0.7155626228756203,1.0545734507243298,-0.299068268437628,-0.3984950228820965,-0.7179380098366396,-0.42110044098213534,2.0434575723122457,1.468977445995038,-0.37099925800222605,-0.49033538542418215,5
0.6472032206796865,0.789884688663099,-0.4777061693452133,-0.4990353068381907,-0.6662208848270063,-0.7155626228756203,-0.9482506878142568,-0.299068268437628,-0.3984950228820965,-0.7179380098366396,-0.42110044098213534,-0.4893666565675079,-0.6807456457050176,-0.37099925800222605,-0.49033538542418215,6
-0.8811775628496022,-0.8176695772090371,2.0933370012170642,-0.4990353068381907,1.5010036802728937,-0.7155626228756203,1.0545734507243298,-0.299068268437628,-0.3984950228820965,-0.7179380098366396,2.3747303557025337,-0.4893666565675079,-0.6807456457050176,-0.37099925800222605,-0.49033538542418215,8
-0.8811775628496022,0.789884688663099,-0.4777061693452133,-0.4990353068381907,1.5010036802728937,1.0844551551655364,-0.9482506878142568,-0.299068268437628,2.5094416305818505,1.3928779174507582,2.3747303557025337,-0.4893666565675079,-0.6807456457050176,-0.37099925800222605,-0.49033538542418215,6
2.175584004208975,2.397438954535235,-0.4777061693452133,-0.4990353068381907,-0.6662208848270063,-0.7155626228756203,-0.9482506878142568,-0.299068268437628,-0.3984950228820965,1.3928779174507582,-0.42110044098213534,-0.4893666565675079,-0.6807456457050176,-0.37099925800222605,-0.49033538542418215,1
-0.8811775628496022,0.789884688663099,-0.4777061693452133,-0.4990353068381907,1.5010036802728937,2.884472933206693,1.0545734507243298,3.343718159148518,2.5094416305818505,1.3928779174507582,-0.42110044098213534,-0.4893666565675079,1.468977445995038,-0.37099925800222605,-0.49033538542418215,5
0.6472032206796865,0.789884688663099,2.0933370012170642,2.0038662321025797,-0.6662208848270063,-0.7155626228756203,1.0545734507243298,3.343718159148518,-0.3984950228820965,-0.7179380098366396,-0.42110044098213534,2.0434575723122457,1.468977445995038,2.695423180587601,-0.49033538542418215,3
0.6472032206796865,-0.8176695772090371,-0.4777061693452133,-0.4990353068381907,1.5010036802728937,-0.7155626228756203,1.0545734507243298,-0.299068268437628,-0.3984950228820965,-0.7179380098366396,-0.42110044098213534,2.0434575723122457,1.468977445995038,-0.37099925800222605,-0.49033538542418215,6
0.6472032206796865,-0.8176695772090371,-0.4777061693452133,-0.4990353068381907,-0.6662208848270063,1.0844551551655364,1.0545734507243298,-0.299068268437628,-0.3984950228820965,-0.7179380098366396,-0.42110044098213534,-0.4893666565675079,1.468977445995038,-0.37099925800222605,-0.49033538542418215,4
0.6472032206796865,-0.8176695772090371,-0.4777061693452133,-0.4990353068381907,-0.6662208848270063,-0.7155626228756203,-0.9482506878142568,-0.299068268437628,-0.3984950228820965,-0.7179380098366396,-0.42110044098213534,-0.4893666565675079,1.468977445995038,2.695423180587601,-0.49033538542418215,4
-0.8811775628496022,-0.8176695772090371,-0.4777061693452133,-0.4990353068381907,-0.6662208848270063,-0.7155626228756203,1.0545734507243298,-0.299068268437628,2.5094416305818505,-0.7179380098366396,-0.42110044098213534,2.0434575723122457,1.468977445995038,-0.37099925800222605,-0.49033538542418215,6
2.175584004208975,2.397438954535235,-0.4777061693452133,-0.4990353068381907,-0.6662208848270063,1.0844551551655364,-0.9482506878142568,3.343718159148518,-0.3984950228820965,1.3928779174507582,-0.42110044098213534,2.0434575723122457,-0.6807456457050176,2.695423180587601,-0.49033538542418215,2
2.175584004208975,0.789884688663099,-0.4777061693452133,-0.4990353068381907,-0.6662208848270063,1.0844551551655364,-0.9482506878142568,3.343718159148518,-0.3984950228820965,-0.7179380098366396,-0.42110044098213534,2.0434575723122457,-0.6807456457050176,-0.37099925800222605,-0.49033538542418215,3
0.6472032206796865,0.789884688663099,-0.4777061693452133,-0.4990353068381907,-0.6662208848270063,-0.7155626228756203,-0.9482506878142568,-0.299068268437628,-0.3984950228820965,1.3928779174507582,-0.42110044098213534,-0.4893666565675079,1.468977445995038,-0.37099925800222605,2.039420424726057,6
-0.8811775628496022,-0.8176695772090371,-0.4777061693452133,-0.4990353068381907,1.5010036802728937,-0.7155626228756203,-0.9482506878142568,-0.299068268437628,-0.3984950228820965,1.3928779174507582,-0.42110044098213534,-0.4893666565675079,-0.6807456457050176,-0.37099925800222605,2.039420424726057,6
-0.8811775628496022,0.789884688663099,-0.4777061693452133,-0.4990353068381907,-0.6662208848270063,-0.7155626228756203,-0.9482506878142568,-0.299068268437628,-0.3984950228820965,1.3928779174507582,2.3747303557025337,-0.4893666565675079,-0.6807456457050176,-0.37099925800222605,2.039420424726057,6
-0.8811775628496022,0.789884688663099,-0.4777061693452133,-0.4990353068381907,-0.6662208848270063,-0.7155626228756203,1.0545734507243298,-0.299068268437628,-0.3984950228820965,-0.7179380098366396,-0.42110044098213534,-0.4893666565675079,-0.6807456457050176,-0.37099925800222605,-0.49033538542418215,6
-0.8811775628496022,-0.8176695772090371,2.0933370012170642,-0.4990353068381907,-0.6662208848270063,1.0844551551655364,1.0545734507243298,-0.299068268437628,-0.3984950228820965,-0.7179380098366396,-0.42110044098213534,2.0434575723122457,1.468977445995038,-0.37099925800222605,-0.49033538542418215,6
-0.8811775628496022,-0.8176695772090371,-0.4777061693452133,2.0038662321025797,1.5010036802728937,-0.7155626228756203,1.0545734507243298,-0.299068268437628,-0.3984950228820965,-0.7179380098366396,-0.42110044098213534,-0.4893666565675079,1.468977445995038,-0.37099925800222605,-0.49033538542418215,8
-0.8811775628496022,0.789884688663099,-0.4777061693452133,2.0038662321025797,-0.6662208848270063,-0.7155626228756203,1.0545734507243298,-0.299068268437628,-0.3984950228820965,1.3928779174507582,-0.42110044098213534,-0.4893666565675079,-0.6807456457050176,-0.37099925800222605,-0.49033538542418215,6
-0.8811775628496022,-0.8176695772090371,-0.4777061693452133,2.0038662321025797,-0.6662208848270063,-0.7155626228756203,1.0545734507243298,-0.299068268437628,-0.3984950228820965,-0.7179380098366396,-0.42110044098213534,-0.4893666565675079,-0.6807456457050176,-0.37099925800222605,-0.49033538542418215,6
0.6472032206796865,0.789884688663099,-0.4777061693452133,-0.4990353068381907,-0.6662208848270063,-0.7155626228756203,1.0545734507243298,3.343718159148518,-0.3984950228820965,-0.7179380098366396,-0.42110044098213534,2.0434575723122457,1.468977445995038,-0.37099925800222605,-0.49033538542418215,4
-0.8811775628496022,0.789884688663099,-0.4777061693452133,-0.4990353068381907,1.5010036802728937,1.0844551551655364,1.0545734507243298,-0.299068268437628,-0.3984950228820965,1.3928779174507582,2.3747303557025337,2.0434575723122457,1.468977445995038,2.695423180587601,2.039420424726057,6
2.175584004208975,0.789884688663099,-0.4777061693452133,-0.4990353068381907,-0.6662208848270063,-0.7155626228756203,-0.9482506878142568,-0.299068268437628,-0.3984950228820965,-0.7179380098366396,-0.42110044098213534,-0.4893666565675079,1.468977445995038,-0.37099925800222605,-0.49033538542418215,3
-0.8811775628496022,-0.8176695772090371,2.0933370012170642,-0.4990353068381907,1.5010036802728937,-0.7155626228756203,-0.9482506878142568,-0.299068268437628,-0.3984950228820965,1.3928779174507582,-0.42110044098213534,-0.4893666565675079,-0.6807456457050176,-0.37099925800222605,-0.49033538542418215,8
0.6472032206796865,-0.8176695772090371,-0.4777061693452133,-0.4990353068381907,1.5010036802728937,1.0844551551655364,1.0545734507243298,-0.299068268437628,-0.3984950228820965,-0.7179380098366396,-0.42110044098213534,-0.4893666565675079,1.468977445995038,-0.37099925800222605,-0.49033538542418215,6
0.6472032206796865,0.789884688663099,-0.4777061693452133,-0.4990353068381907,-0.6662208848270063,-0.7155626228756203,1.0545734507243298,-0.299068268437628,-0.3984950228820965,-0.7179380098366396,-0.42110044098213534,-0.4893666565675079,-0.6807456457050176,-0.37099925800222605,-0.49033538542418215,8
-0.8811775628496022,0.789884688663099,-0.4777061693452133,2.0038662321025797,-0.6662208848270063,-0.7155626228756203,1.0545734507243298,-0.299068268437628,-0.3984950228820965,-0.7179380098366396,-0.42110044098213534,-0.4893666565675079,1.468977445995038,-0.37099925800222605,-0.49033538542418215,8
-0.8811775628496022,0.789884688663099,2.0933370012170642,-0.4990353068381907,-0.6662208848270063,-0.7155626228756203,-0.9482506878142568,-0.299068268437628,-0.3984950228820965,-0.7179380098366396,-0.42110044098213534,-0.4893666565675079,1.468977445995038,-0.37099925800222605,2.039420424726057,7
-0.8811775628496022,-0.8176695772090371,-0.4777061693452133,2.0038662321025797,1.5010036802728937,-0.7155626228756203,1.0545734507243298,-0.299068268437628,-0.3984950228820965,1.3928779174507582,-0.42110044098213534,2.0434575723122457,-0.6807456457050176,-0.37099925800222605,-0.49033538542418215,6
-0.8811775628496022,-0.8176695772090371,-0.4777061693452133,2.0038662321025797,-0.6662208848270063,-0.7155626228756203,1.0545734507243298,-0.299068268437628,-0.3984950228820965,-0.7179380098366396,-0.42110044098213534,-0.4893666565675079,1.468977445995038,-0.37099925800222605,-0.49033538542418215,7
-0.8811775628496022,0.789884688663099,-0.4777061693452133,-0.4990353068381907,-0.6662208848270063,-0.7155626228756203,-0.9482506878142568,-0.299068268437628,-0.3984950228820965,-0.7179380098366396,-0.42110044098213534,-0.4893666565675079,-0.6807456457050176,-0.37099925800222605,-0.49033538542418215,4
-0.8811775628496022,-0.8176695772090371,-0.4777061693452133,-0.4990353068381907,1.5010036802728937,-0.7155626228756203,1.0545734507243298,-0.299068268437628,-0.3984950228820965,-0.7179380098366396,-0.42110044098213534,-0.4893666565675079,-0.6807456457050176,-0.37099925800222605,2.039420424726057,7
-0.8811775628496022,0.789884688663099,-0.4777061693452133,-0.4990353068381907,-0.6662208848270063,-0.7155626228756203,-0.9482506878142568,-0.299068268437628,-0.3984950228820965,-0.7179380098366396,-0.42110044098213534,-0.4893666565675079,-0.6807456457050176,-0.37099925800222605,2.039420424726057,4
0.6472032206796865,-0.8176695772090371,-0.4777061693452133,-0.4990353068381907,-0.6662208848270063,1.0844551551655364,-0.9482506878142568,-0.299068268437628,-0.3984950228820965,-0.7179380098366396,-0.42110044098213534,-0.4893666565675079,-0.6807456457050176,-0.37099925800222605,-0.49033538542418215,5
-0.8811775628496022,-0.8176695772090371,-0.4777061693452133,-0.4990353068381907,1.5010036802728937,-0.7155626228756203,1.0545734507243298,-0.299068268437628,-0.3984950228820965,1.3928779174507582,-0.42110044098213534,2.0434575723122457,-0.6807456457050176,-0.37099925800222605,-0.49033538542418215,4
0.6472032206796865,0.789884688663099,-0.4777061693452133,-0.4990353068381907,-0.6662208848270063,1.0844551551655364,-0.9482506878142568,-0.299068268437628,-0.3984950228820965,1.3928779174507582,-0.42110044098213534,2.0434575723122457,-0.6807456457050176,-0.37099925800222605,-0.49033538542418215,3
0.6472032206796865,-0.8176695772090371,-0.4777061693452133,2.0038662321025797,1.5010036802728937,1.0844551551655364,1.0545734507243298,-0.299068268437628,-0.3984950228820965,-0.7179380098366396,-0.42110044098213534,-0.4893666565675079,-0.6807456457050176,-0.37099925800222605,-0.49033538542418215,7
-0.8811775628496022,-0.8176695772090371,-0.4777061693452133,-0.4990353068381907,-0.6662208848270063,-0.7155626228756203,1.0545734507243298,3.343718159148518,-0.3984950228820965,-0.7179380098366396,-0.42110044098213534,-0.4893666565675079,1.468977445995038,-0.37099925800222605,-0.49033538542418215,4
-0.8811775628496022,0.789884688663099,2.0933370012170642,2.0038662321025797,1.5010036802728937,-0.7155626228756203,1.0545734507243298,-0.299068268437628,-0.3984950228820965,-0.7179380098366396,-0.42110044098213534,-0.4893666565675079,1.468977445995038,-0.37099925800222605,-0.49033538542418215,7
0.6472032206796865,2.397438954535235,-0.4777061693452133,-0.4990353068381907,-0.6662208848270063,1.0844551551655364,-0.9482506878142568,-0.299068268437628,-0.3984950228820965,1.3928779174507582,-0.42110044098213534,-0.4893666565675079,1.468977445995038,-0.37099925800222605,-0.49033538542418215,4
0.6472032206796865,-0.8176695772090371,-0.4777061693452133,-0.4990353068381907,-0.6662208848270063,1.0844551551655364,1.0545734507243298,-0.299068268437628,-0.3984950228820965,1.3928779174507582,-0.42110044098213534,2.0434575723122457,-0.6807456457050176,-0.37099925800222605,-0.49033538542418215,7
0.6472032206796865,-0.8176695772090371,-0.4777061693452133,2.0038662321025797,-0.6662208848270063,-0.7155626228756203,1.0545734507243298,-0.299068268437628,-0.3984950228820965,-0.7179380098366396,-0.42110044098213534,-0.4893666565675079,-0.6807456457050176,-0.37099925800222605,-0.49033538542418215,6
0.6472032206796865,-0.8176695772090371,-0.4777061693452133,2.0038662321025797,-0.6662208848270063,-0.7155626228756203,1.0545734507243298,-0.299068268437628,-0.3984950228820965,-0.7179380098366396,2.3747303557025337,-0.4893666565675079,-0.6807456457050176,-0.37099925800222605,2.039420424726057,7
0.6472032206796865,0.789884688663099,-0.4777061693452133,-0.4990353068381907,-0.6662208848270063,1.0844551551655364,-0.9482506878142568,-0.299068268437628,-0.3984950228820965,-0.7179380098366396,-0.42110044098213534,2.0434575723122457,1.468977445995038,-0.37099925800222605,-0.49033538542418215,6
-0.8811775628496022,0.789884688663099,-0.4777061693452133,2.0038662321025797,-0.6662208848270063,-0.7155626228756203,-0.9482506878142568,-0.299068268437628,-0.3984950228820965,1.3928779174507582,-0.42110044098213534,2.0434575723122457,-0.6807456457050176,-0.37099925800222605,-0.49033538542418215,4
0.6472032206796865,0.789884688663099,2.0933370012170642,-0.4990353068381907,-0.6662208848270063,-0.7155626228756203,-0.9482506878142568,-0.299068268437628,-0.3984950228820965,-0.7179380098366396,2.3747303557025337,-0.4893666565675079,-0.6807456457050176,-0.37099925800222605,-0.49033538542418215,7
-0.8811775628496022,0.789884688663099,-0.4777061693452133,-0.4990353068381907,-0.6662208848270063,-0.7155626228756203,-0.9482506878142568,-0.299068268437628,-0.3984950228820965,1.3928779174507582,2.3747303557025337,-0.4893666565675079,-0.6807456457050176,-0.37099925800222605,-0.49033538542418215,5
2.175584004208975,-0.8176695772090371,-0.4777061693452133,-0.4990353068381907,1.5010036802728937,-0.7155626228756203,1.0545734507243298,-0.299068268437628,-0.3984950228820965,-0.7179380098366396,-0.42110044098213534,-0.4893666565675079,-0.6807456457050176,-0.37099925800222605,-0.49033538542418215,5
0.6472032206796865,-0.8176695772090371,2.0933370012170642,-0.4990353068381907,1.5010036802728937,-0.7155626228756203,-0.9482506878142568,-0.299068268437628,-0.3984950228820965,-0.7179380098366396,-0.42110044098213534,-0.4893666565675079,1.468977445995038,-0.37099925800222605,-0.49033538542418215,8
-0.8811775628496022,0.789884688663099,-0.4777061693452133,-0.4990353068381907,-0.6662208848270063,-0.7155626228756203,1.0545734507243298,-0.299068268437628,-0.3984950228820965,1.3928779174507582,2.3747303557025337,-0.4893666565675079,1.468977445995038,-0.37099925800222605,-0.49033538542418215,7
-0.8811775628496022,0.789884688663099,-0.4777061693452133,-0.4990353068381907,1.5010036802728937,-0.7155626228756203,1.0545734507243298,-0.299068268437628,-0.3984950228820965,1.3928779174507582,-0.42110044098213534,-0.4893666565675079,1.468977445995038,-0.37099925800222605,-0.49033538542418215,4
-0.8811775628496022,0.789884688663099,-0.4777061693452133,-0.4990353068381907,-0.6662208848270063,-0.7155626228756203,1.0545734507243298,-0.299068268437628,-0.3984950228820965,-0.7179380098366396,-0.42110044098213534,-0.4893666565675079,-0.6807456457050176,-0.37099925800222605,-0.49033538542418215,8
-0.8811775628496022,0.789884688663099,-0.4777061693452133,-0.4990353068381907,-0.6662208848270063,1.0844551551655364,1.0545734507243298,-0.299068268437628,-0.3984950228820965,-0.7179380098366396,-0.42110044098213534,2.0434575723122457,-0.6807456457050176,-0.37099925800222605,-0.49033538542418215,6
0.6472032206796865,2.397438954535235,-0.4777061693452133,-0.4990353068381907,-0.6662208848270063,1.0844551551655364,1.0545734507243298,-0.299068268437628,-0.3984950228820965,-0.7179380098366396,-0.42110044098213534,-0.4893666565675079,1.468977445995038,-0.37099925800222605,-0.49033538542418215,4
-0.8811775628496022,-0.8176695772090371,2.0933370012170642,2.0038662321025797,-0.6662208848270063,-0.7155626228756203,-0.9482506878142568,-0.299068268437628,2.5094416305818505,-0.7179380098366396,2.3747303557025337,-0.4893666565675079,-0.6807456457050176,-0.37099925800222605,-0.49033538542418215,8
2.175584004208975,-0.8176695772090371,-0.4777061693452133,-0.4990353068381907,-0.6662208848270063,1.0844551551655364,1.0545734507243298,-0.299068268437628,-0.3984950228820965,-0.7179380098366396,-0.42110044098213534,-0.4893666565675079,-0.6807456457050176,2.695423180587601,-0.49033538542418215,4
0.6472032206796865,0.789884688663099,-0.4777061693452133,-0.4990353068381907,1.5010036802728937,1.0844551551655364,1.0545734507243298,-0.299068268437628,-0.3984950228820965,-0.7179380098366396,-0.42110044098213534,-0.4893666565675079,1.468977445995038,-0.37099925800222605,-0.49033538542418215,6
-0.8811775628496022,0.789884688663099,2.0933370012170642,-0.4990353068381907,1.5010036802728937,-0.7155626228756203,1.0545734507243298,-0.299068268437628,-0.3984950228820965,-0.7179380098366396,2.3747303557025337,-0.4893666565675079,1.468977445995038,-0.37099925800222605,-0.49033538542418215,8
0.6472032206796865,0.789884688663099,-0.4777061693452133,-0.4990353068381907,-0.6662208848270063,1.0844551551655364,1.0545734507243298,-0.299068268437628,-0.3984950228820965,-0.7179380098366396,-0.42110044098213534,2.0434575723122457,1.468977445995038,2.695423180587601,-0.49033538542418215,4
-0.8811775628496022,-0.8176695772090371,-0.4777061693452133,2.0038662321025797,-0.6662208848270063,-0.7155626228756203,1.0545734507243298,-0.299068268437628,-0.3984950228820965,-0.7179380098366396,2.3747303557025337,-0.4893666565675079,1.468977445995038,-0.37099925800222605,-0.49033538542418215,7
0.6472032206796865,0.789884688663099,-0.4777061693452133,2.0038662321025797,-0.6662208848270063,1.0844551551655364,1.0545734507243298,-0.299068268437628,-0.3984950228820965,1.3928779174507582,-0.42110044098213534,-0.4893666565675079,1.468977445995038,-0.37099925800222605,-0.49033538542418215,6
-0.8811775628496022,2.397438954535235,-0.4777061693452133,-0.4990353068381907,-0.6662208848270063,-0.7155626228756203,-0.9482506878142568,-0.299068268437628,-0.3984950228820965,1.3928779174507582,-0.42110044098213534,-0.4893666565675079,-0.6807456457050176,-0.37099925800222605,-0.49033538542418215,4
0.6472032206796865,0.789884688663099,-0.4777061693452133,-0.4990353068381907,-0.6662208848270063,-0.7155626228756203,-0.9482506878142568,-0.299068268437628,-0.3984950228820965,1.3928779174507582,-0.42110044098213534,-0.4893666565675079,-0.6807456457050176,-0.37099925800222605,-0.49033538542418215,5
-0.8811775628496022,0.789884688663099,-0.4777061693452133,-0.4990353068381907,-0.6662208848270063,-0.7155626228756203,-0.9482506878142568,-0.299068268437628,-0.3984950228820965,1.3928779174507582,-0.42110044098213534,-0.4893666565675079,1.468977445995038,-0.37099925800222605,-0.49033538542418215,4
-0.8811775628496022,0.789884688663099,-0.4777061693452133,-0.4990353068381907,-0.6662208848270063,-0.7155626228756203,1.0545734507243298,-0.299068268437628,-0.3984950228820965,-0.7179380098366396,-0.42110044098213534,-0.4893666565675079,1.468977445995038,-0.37099925800222605,-0.49033538542418215,8
-0.8811775628496022,-0.8176695772090371,-0.4777061693452133,2.0038662321025797,-0.6662208848270063,-0.7155626228756203,1.0545734507243298,-0.299068268437628,2.5094416305818505,-0.7179380098366396,-0.42110044098213534,-0.4893666565675079,-0.6807456457050176,-0.37099925800222605,-0.49033538542418215,8
-0.8811775628496022,-0.8176695772090371,-0.4777061693452133,2.0038662321025797,1.5010036802728937,1.0844551551655364,-0.9482506878142568,-0.299068268437628,2.5094416305818505,1.3928779174507582,-0.42110044098213534,-0.4893666565675079,-0.6807456457050176,-0.37099925800222605,-0.49033538542418215,7
0.6472032206796865,0.789884688663099,-0.4777061693452133,-0.4990353068381907,-0.6662208848270063,-0.7155626228756203,-0.9482506878142568,-0.299068268437628,-0.3984950228820965,1.3928779174507582,2.3747303557025337,-0.4893666565675079,-0.6807456457050176,2.695423180587601,-0.49033538542418215,7
-0.8811775628496022,-0.8176695772090371,-0.4777061693452133,-0.4990353068381907,-0.6662208848270063,1.0844551551655364,1.0545734507243298,-0.299068268437628,-0.3984950228820965,-0.7179380098366396,-0.42110044098213534,-0.4893666565675079,-0.6807456457050176,-0.37099925800222605,-0.49033538542418215,6
-0.8811775628496022,-0.8176695772090371,-0.4777061693452133,-0.4990353068381907,-0.6662208848270063,1.0844551551655364,1.0545734507243298,-0.299068268437628,-0.3984950228820965,-0.7179380098366396,-0.42110044098213534,-0.4893666565675079,-0.6807456457050176,-0.37099925800222605,2.039420424726057,8
0.6472032206796865,0.789884688663099,-0.4777061693452133,-0.4990353068381907,-0.6662208848270063,1.0844551551655364,-0.9482506878142568,-0.299068268437628,-0.3984950228820965,1.3928779174507582,-0.42110044098213534,-0.4893666565675079,1.468977445995038,2.695423180587601,-0.49033538542418215,4
-0.8811775628496022,-0.8176695772090371,-0.4777061693452133,-0.4990353068381907,-0.6662208848270063,1.0844551551655364,-0.9482506878142568,-0.299068268437628,-0.3984950228820965,-0.7179380098366396,2.3747303557025337,-0.4893666565675079,1.468977445995038,-0.37099925800222605,-0.49033538542418215,6
-0.8811775628496022,0.789884688663099,-0.4777061693452133,-0.4990353068381907,-0.6662208848270063,-0.7155626228756203,1.0545734507243298,-0.299068268437628,-0.3984950228820965,-0.7179380098366396,-0.42110044098213534,-0.4893666565675079,-0.6807456457050176,-0.37099925800222605,-0.49033538542418215,7
0.6472032206796865,0.789884688663099,-0.4777061693452133,-0.4990353068381907,-0.6662208848270063,2.884472933206693,-0.9482506878142568,-0.299068268437628,-0.3984950228820965,1.3928779174507582,-0.42110044098213534,-0.4893666565675079,1.468977445995038,-0.37099925800222605,-0.49033538542418215,3
-0.8811775628496022,-0.8176695772090371,-0.4777061693452133,-0.4990353068381907,1.5010036802728937,-0.7155626228756203,1.0545734507243298,-0.299068268437628,-0.3984950228820965,-0.7179380098366396,-0.42110044098213534,2.0434575723122457,-0.6807456457050176,-0.37099925800222605,-0.49033538542418215,7
-0.8811775628496022,0.789884688663099,-0.4777061693452133,-0.4990353068381907,1.5010036802728937,-0.7155626228756203,1.0545734507243298,-0.299068268437628,-0.3984950228820965,1.3928779174507582,-0.42110044098213534,-0.4893666565675079,-0.6807456457050176,-0.37099925800222605,-0.49033538542418215,7
0.6472032206796865,2.397438954535235,-0.4777061693452133,-0.4990353068381907,-0.6662208848270063,-0.7155626228756203,-0.9482506878142568,-0.299068268437628,-0.3984950228820965,1.3928779174507582,-0.42110044098213534,-0.4893666565675079,-0.6807456457050176,-0.37099925800222605,2.039420424726057,3
-0.8811775628496022,-0.8176695772090371,-0.4777061693452133,2.0038662321025797,-0.6662208848270063,1.0844551551655364,-0.9482506878142568,-0.299068268437628,-0.3984950228820965,1.3928779174507582,-0.42110044098213534,-0.4893666565675079,-0.6807456457050176,-0.37099925800222605,-0.49033538542418215,4
-0.8811775628496022,-0.8176695772090371,-0.4777061693452133,-0.4990353068381907,1.5010036802728937,-0.7155626228756203,1.0545734507243298,-0.299068268437628,-0.3984950228820965,-0.7179380098366396,-0.42110044098213534,-0.4893666565675079,-0.6807456457050176,-0.37099925800222605,-0.49033538542418215,6
-0.8811775628496022,-0.8176695772090371,2.0933370012170642,-0.4990353068381907,-0.6662208848270063,1.0844551551655364,-0.9482506878142568,-0.299068268437628,2.5094416305818505,1.3928779174507582,-0.42110044098213534,-0.4893666565675079,-0.6807456457050176,-0.37099925800222605,2.039420424726057,7
2.175584004208975,0.789884688663099,-0.4777061693452133,-0.4990353068381907,-0.6662208848270063,2.884472933206693,1.0545734507243298,-0.299068268437628,-0.3984950228820965,-0.7179380098366396,-0.42110044098213534,-0.4893666565675079,1.468977445995038,-0.37099925800222605,-0.49033538542418215,5
0.6472032206796865,0.789884688663099,-0.4777061693452133,-0.4990353068381907,1.5010036802728937,-0.7155626228756203,-0.9482506878142568,-0.299068268437628,-0.3984950228820965,-0.7179380098366396,-0.42110044098213534,-0.4893666565675079,-0.6807456457050176,-0.37099925800222605,-0.49033538542418215,4
-0.8811775628496022,-0.8176695772090371,2.0933370012170642,-0.4990353068381907,-0.6662208848270063,1.0844551551655364,-0.9482506878142568,-0.299068268437628,-0.3984950228820965,-0.7179380098366396,-0.42110044098213534,-0.4893666565675079,1.468977445995038,-0.37099925800222605,2.039420424726057,7
0.6472032206796865,-0.8176695772090371,2.0933370012170642,-0.4990353068381907,-0.6662208848270063,1.0844551551655364,-0.9482506878142568,-0.299068268437628,-0.3984950228820965,-0.7179380098366396,-0.42110044098213534,-0.4893666565675079,-0.6807456457050176,-0.37099925800222605,-0.49033538542418215,5
-0.8811775628496022,-0.8176695772090371,-0.4777061693452133,-0.4990353068381907,-0.6662208848270063,1.0844551551655364,1.0545734507243298,-0.299068268437628,2.5094416305818505,1.3928779174507582,-0.42110044098213534,-0.4893666565675079,-0.6807456457050176,-0.37099925800222605,-0.49033538542418215,7
0.6472032206796865,0.789884688663099,-0.4777061693452133,-0.4990353068381907,-0.6662208848270063,1.0844551551655364,1.0545734507243298,-0.299068268437628,-0.3984950228820965,-0.7179380098366396,-0.42110044098213534,-0.4893666565675079,-0.6807456457050176,-0.37099925800222605,-0.49033538542418215,6
-0.8811775628496022,0.789884688663099,-0.4777061693452133,-0.4990353068381907,-0.6662208848270063,-0.7155626228756203,-0.9482506878142568,-0.299068268437628,-0.3984950228820965,1.3928779174507582,-0.42110044098213534,2.0434575723122457,-0.6807456457050176,-0.37099925800222605,-0.49033538542418215,4
0.6472032206796865,0.789884688663099,-0.4777061693452133,-0.4990353068381907,-0.6662208848270063,-0.7155626228756203,1.0545734507243298,-0.299068268437628,-0.3984950228820965,-0.7179380098366396,-0.42110044098213534,-0.4893666565675079,1.468977445995038,-0.37099925800222605,-0.49033538542418215,5
2.175584004208975,2.397438954535235,-0.4777061693452133,-0.4990353068381907,-0.6662208848270063,2.884472933206693,-0.9482506878142568,-0.299068268437628,-0.3984950228820965,1.3928779174507582,-0.42110044098213534,-0.4893666565675079,-0.6807456457050176,-0.37099925800222605,2.039420424726057,1
0.6472032206796865,0.789884688663099,-0.4777061693452133,-0.4990353068381907,-0.6662208848270063,-0.7155626228756203,-0.9482506878142568,3.343718159148518,-0.3984950228820965,1.3928779174507582,-0.42110044098213534,-0.4893666565675079,-0.6807456457050176,-0.37099925800222605,-0.49033538542418215,4
0.6472032206796865,-0.8176695772090371,-0.4777061693452133,-0.4990353068381907,-0.6662208848270063,1.0844551551655364,1.0545734507243298,-0.299068268437628,-0.3984950228820965,-0.7179380098366396,-0.42110044098213534,2.0434575723122457,-0.6807456457050176,-0.37099925800222605,-0.49033538542418215,7
-0.8811775628496022,-0.8176695772090371,-0.4777061693452133,2.0038662321025797,-0.6662208848270063,1.0844551551655364,-0.9482506878142568,-0.299068268437628,-0.3984950228820965,-0.7179380098366396,2.3747303557025337,-0.4893666565675079,-0.6807456457050176,-0.37099925800222605,2.039420424726057,9
-0.8811775628496022,0.789884688663099,-0.4777061693452133,-0.4990353068381907,1.5010036802728937,1.0844551551655364,1.0545734507243298,-0.299068268437628,-0.3984950228820965,-0.7179380098366396,-0.42110044098213534,2.0434575723122457,1.468977445995038,-0.37099925800222605,-0.49033538542418215,5
-0.8811775628496022,0.789884688663099,-0.4777061693452133,-0.4990353068381907,-0.6662208848270063,-0.7155626228756203,1.0545734507243298,-0.299068268437628,-0.3984950228820965,-0.7179380098366396,-0.42110044098213534,-0.4893666565675079,-0.6807456457050176,-0.37099925800222605,-0.49033538542418215,6
0.6472032206796865,-0.8176695772090371,-0.4777061693452133,2.0038662321025797,1.5010036802728937,-0.7155626228756203,1.0545734507243298,-0.299068268437628,-0.3984950228820965,1.3928779174507582,-0.42110044098213534,-0.4893666565675079,-0.6807456457050176,-0.37099925800222605,-0.49033538542418215,7
-0.8811775628496022,-0.8176695772090371,-0.4777061693452133,-0.4990353068381907,-0.6662208848270063,-0.7155626228756203,1.0545734507243298,-0.299068268437628,-0.3984950228820965,-0.7179380098366396,-0.42110044098213534,-0.4893666565675079,-0.6807456457050176,-0.37099925800222605,-0.49033538542418215,6
2.175584004208975,0.789884688663099,-0.4777061693452133,2.0038662321025797,-0.6662208848270063,-0.7155626228756203,1.0545734507243298,-0.299068268437628,-0.3984950228820965,-0.7179380098366396,-0.42110044098213534,2.0434575723122457,1.468977445995038,-0.37099925800222605,-0.49033538542418215,3
0.6472032206796865,2.397438954535235,-0.4777061693452133,-0.4990353068381907,-0.6662208848270063,1.0844551551655364,-0.9482506878142568,-0.299068268437628,-0.3984950228820965,1.3928779174507582,-0.42110044098213534,-0.4893666565675079,-0.6807456457050176,-0.37099925800222605,-0.49033538542418215,4
-0.8811775628496022,-0.8176695772090371,-0.4777061693452133,2.0038662321025797,-0.6662208848270063,-0.7155626228756203,1.0545734507243298,-0.299068268437628,-0.3984950228820965,1.3928779174507582,-0.42110044098213534,-0.4893666565675079,-0.6807456457050176,-0.37099925800222605,-0.49033538542418215,7
-0.8811775628496022,-0.8176695772090371,-0.4777061693452133,-0.4990353068381907,-0.6662208848270063,-0.7155626228756203,-0.9482506878142568,-0.299068268437628,-0.3984950228820965,1.3928779174507582,-0.42110044098213534,-0.4893666565675079,-0.6807456457050176,-0.37099925800222605,-0.49033538542418215,5
0.6472032206796865,0.789884688663099,-0.4777061693452133,-0.4990353068381907,-0.6662208848270063,-0.7155626228756203,-0.9482506878142568,3.343718159148518,-0.3984950228820965,-0.7179380098366396,-0.42110044098213534,-0.4893666565675079,-0.6807456457050176,2.695423180587601,-0.49033538542418215,2
-0.8811775628496022,-0.8176695772090371,-0.4777061693452133,-0.4990353068381907,-0.6662208848270063,-0.7155626228756203,1.0545734507243298,-0.299068268437628,2.5094416305818505,1.3928779174507582,-0.42110044098213534,-0.4893666565675079,1.468977445995038,-0.37099925800222605,-0.49033538542418215,6
0.6472032206796865,0.789884688663099,2.0933370012170642,-0.4990353068381907,-0.6662208848270063,-0.7155626228756203,-0.9482506878142568,-0.299068268437628,-0.3984950228820965,-0.7179380098366396,2.3747303557025337,-0.4893666565675079,-0.6807456457050176,2.695423180587601,-0.49033538542418215,4
-0.8811775628496022,0.789884688663099,-0.4777061693452133,-0.4990353068381907,-0.6662208848270063,-0.7155626228756203,1.0545734507243298,-0.299068268437628,-0.3984950228820965,1.3928779174507582,-0.42110044098213534,-0.4893666565675079,1.468977445995038,-0.37099925800222605,-0.49033538542418215,5
-0.8811775628496022,0.789884688663099,-0.4777061693452133,-0.4990353068381907,-0.6662208848270063,-0.7155626228756203,-0.9482506878142568,-0.299068268437628,-0.3984950228820965,1.3928779174507582,-0.42110044098213534,-0.4893666565675079,1.468977445995038,-0.37099925800222605,-0.49033538542418215,4
0.6472032206796865,-0.8176695772090371,-0.4777061693452133,-0.4990353068381907,1.5010036802728937,-0.7155626228756203,-0.9482506878142568,-0.299068268437628,2.5094416305818505,1.3928779174507582,2.3747303557025337,-0.4893666565675079,1.468977445995038,-0.37099925800222605,-0.49033538542418215,8
-0.8811775628496022,-0.8176695772090371,-0.4777061693452133,-0.4990353068381907,1.5010036802728937,1.0844551551655364,-0.9482506878142568,-0.299068268437628,-0.3984950228820965,-0.7179380098366396,-0.42110044098213534,-0.4893666565675079,-0.6807456457050176,-0.37099925800222605,2.039420424726057,7
-0.8811775628496022,-0.8176695772090371,-0.4777061693452133,-0.4990353068381907,-0.6662208848270063,-0.7155626228756203,1.0545734507243298,-0.299068268437628,-0.3984950228820965,1.3928779174507582,2.3747303557025337,-0.4893666565675079,-0.6807456457050176,2.695423180587601,-0.49033538542418215,7
-0.8811775628496022,0.789884688663099,2.0933370012170642,-0.4990353068381907,1.5010036802728937,-0.7155626228756203,-0.9482506878142568,-0.299068268437628,-0.3984950228820965,-0.7179380098366396,-0.42110044098213534,-0.4893666565675079,-0.6807456457050176,-0.37099925800222605,-0.49033538542418215,6
-0.8811775628496022,2.397438954535235,-0.4777061693452133,-0.4990353068381907,-0.6662208848270063,-0.7155626228756203,-0.9482506878142568,-0.299068268437628,-0.3984950228820965,1.3928779174507582,-0.42110044098213534,-0.4893666565675079,-0.6807456457050176,-0.37099925800222605,-0.49033538542418215,4
0.6472032206796865,0.789884688663099,2.0933370012170642,-0.4990353068381907,1.5010036802728937,-0.7155626228756203,1.0545734507243298,-0.299068268437628,-0.3984950228820965,1.3928779174507582,-0.42110044098213534,-0.4893666565675079,-0.6807456457050176,-0.37099925800222605,-0.49033538542418215,3
-0.8811775628496022,-0.8176695772090371,-0.4777061693452133,2.0038662321025797,1.5010036802728937,-0.7155626228756203,1.0545734507243298,-0.299068268437628,2.5094416305818505,-0.7179380098366396,-0.42110044098213534,-0.4893666565675079,1.468977445995038,-0.37099925800222605,-0.49033538542418215,7
0.6472032206796865,0.789884688663099,-0.4777061693452133,-0.4990353068381907,1.5010036802728937,-0.7155626228756203,1.0545734507243298,-0.299068268437628,-0.3984950228820965,-0.7179380098366396,-0.42110044098213534,-0.4893666565675079,1.468977445995038,-0.37099925800222605,-0.49033538542418215,4
0.6472032206796865,0.789884688663099,2.0933370012170642,-0.4990353068381907,1.5010036802728937,-0.7155626228756203,-0.9482506878142568,-0.299068268437628,-0.3984950228820965,-0.7179380098366396,-0.42110044098213534,-0.4893666565675079,-0.6807456457050176,-0.37099925800222605,-0.49033538542418215,4
-0.8811775628496022,0.789884688663099,-0.4777061693452133,-0.4990353068381907,-0.6662208848270063,-0.7155626228756203,1.0545734507243298,-0.299068268437628,-0.3984950228820965,1.3928779174507582,-0.42110044098213534,2.0434575723122457,1.468977445995038,-0.37099925800222605,-0.49033538542418215,5
-0.8811775628496022,-0.8176695772090371,-0.4777061693452133,2.0038662321025797,1.5010036802728937,-0.7155626228756203,-0.9482506878142568,-0.299068268437628,-0.3984950228820965,-0.7179380098366396,-0.42110044098213534,-0.4893666565675079,-0.6807456457050176,-0.37099925800222605,-0.49033538542418215,8
0.6472032206796865,0.789884688663099,-0.4777061693452133,2.0038662321025797,1.5010036802728937,-0.7155626228756203,1.0545734507243298,-0.299068268437628,-0.3984950228820965,-0.7179380098366396,-0.42110044098213534,2.0434575723122457,1.468977445995038,-0.37099925800222605,-0.49033538542418215,1
0.6472032206796865,0.789884688663099,-0.4777061693452133,-0.4990353068381907,-0.6662208848270063,1.0844551551655364,-0.9482506878142568,-0.299068268437628,-0.3984950228820965,-0.7179380098366396,-0.42110044098213534,2.0434575723122457,1.468977445995038,-0.37099925800222605,-0.49033538542418215,4
0.6472032206796865,-0.8176695772090371,-0.4777061693452133,2.0038662321025797,-0.6662208848270063,1.0844551551655364,1.0545734507243298,-0.299068268437628,2.5094416305818505,-0.7179380098366396,-0.42110044098213534,-0.4893666565675079,1.468977445995038,-0.37099925800222605,-0.49033538542418215,7
0.6472032206796865,-0.8176695772090371,-0.4777061693452133,-0.4990353068381907,1.5010036802728937,-0.7155626228756203,1.0545734507243298,-0.299068268437628,-0.3984950228820965,-0.7179380098366396,-0.42110044098213534,-0.4893666565675079,-0.6807456457050176,-0.37099925800222605,-0.49033538542418215,7
0.6472032206796865,-0.8176695772090371,-0.4777061693452133,-0.4990353068381907,1.5010036802728937,-0.7155626228756203,-0.9482506878142568,-0.299068268437628,-0.3984950228820965,-0.7179380098366396,-0.42110044098213534,-0.4893666565675079,-0.6807456457050176,-0.37099925800222605,-0.49033538542418215,5
-0.8811775628496022,-0.8176695772090371,-0.4777061693452133,-0.4990353068381907,1.5010036802728937,-0.7155626228756203,-0.9482506878142568,-0.299068268437628,2.5094416305818505,1.3928779174507582,-0.42110044098213534,-0.4893666565675079,-0.6807456457050176,-0.37099925800222605,2.039420424726057,7
-0.8811775628496022,-0.8176695772090371,-0.4777061693452133,2.0038662321025797,1.5010036802728937,-0.7155626228756203,1.0545734507243298,-0.299068268437628,-0.3984950228820965,-0.7179380098366396,-0.42110044098213534,-0.4893666565675079,-0.6807456457050176,-0.37099925800222605,2.039420424726057,9
0.6472032206796865,-0.8176695772090371,-0.4777061693452133,-0.4990353068381907,-0.6662208848270063,-0.7155626228756203,-0.9482506878142568,-0.299068268437628,-0.3984950228820965,1.3928779174507582,-0.42110044098213534,2.0434575723122457,-0.6807456457050176,-0.37099925800222605,-0.49033538542418215,4
-0.8811775628496022,0.789884688663099,-0.4777061693452133,-0.4990353068381907,-0.6662208848270063,1.0844551551655364,-0.9482506878142568,-0.299068268437628,-0.3984950228820965,-0.7179380098366396,-0.42110044098213534,-0.4893666565675079,1.468977445995038,-0.37099925800222605,-0.49033538542418215,3
-0.8811775628496022,-0.8176695772090371,2.0933370012170642,2.0038662321025797,-0.6662208848270063,-0.7155626228756203,1.0545734507243298,-0.299068268437628,-0.3984950228820965,-0.7179380098366396,-0.42110044098213534,-0.4893666565675079,-0.6807456457050176,-0.37099925800222605,-0.49033538542418215,8
-0.8811775628496022,-0.8176695772090371,-0.4777061693452133,-0.4990353068381907,-0.6662208848270063,-0.7155626228756203,1.0545734507243298,-0.299068268437628,-0.3984950228820965,-0.7179380098366396,-0.42110044098213534,-0.4893666565675079,-0.6807456457050176,-0.37099925800222605,-0.49033538542418215,5
2.175584004208975,0.789884688663099,-0.4777061693452133,-0.4990353068381907,-0.6662208848270063,-0.7155626228756203,-0.9482506878142568,-0.299068268437628,-0.3984950228820965,1.3928779174507582,-0.42110044098213534,-0.4893666565675079,1.468977445995038,-0.37099925800222605,-0.49033538542418215,4
0.6472032206796865,0.789884688663099,-0.4777061693452133,-0.4990353068381907,1.5010036802728937,-0.7155626228756203,1.0545734507243298,-0.299068268437628,-0.3984950228820965,1.3928779174507582,-0.42110044098213534,-0.4893666565675079,1.468977445995038,-0.37099925800222605,-0.49033538542418215,6
-0.8811775628496022,0.789884688663099,-0.4777061693452133,-0.4990353068381907,1.5010036802728937,1.0844551551655364,1.0545734507243298,-0.299068268437628,-0.3984950228820965,-0.7179380098366396,-0.42110044098213534,-0.4893666565675079,1.468977445995038,-0.37099925800222605,-0.49033538542418215,8
-0.8811775628496022,-0.8176695772090371,-0.4777061693452133,-0.4990353068381907,-0.6662208848270063,-0.7155626228756203,-0.9482506878142568,-0.299068268437628,-0.3984950228820965,-0.7179380098366396,2.3747303557025337,-0.4893666565675079,-0.6807456457050176,-0.37099925800222605,2.039420424726057,7
0.6472032206796865,-0.8176695772090371,2.0933370012170642,-0.4990353068381907,-0.6662208848270063,-0.7155626228756203,1.0545734507243298,-0.299068268437628,-0.3984950228820965,-0.7179380098366396,-0.42110044098213534,2.0434575723122457,1.468977445995038,2.695423180587601,-0.49033538542418215,7
0.6472032206796865,-0.8176695772090371,2.0933370012170642,-0.4990353068381907,-0.6662208848270063,1.0844551551655364,-0.9482506878142568,-0.299068268437628,2.5094416305818505,1.3928779174507582,2.3747303557025337,-0.4893666565675079,-0.6807456457050176,-0.37099925800222605,-0.49033538542418215,6
2.175584004208975,0.789884688663099,-0.4777061693452133,-0.4990353068381907,1.5010036802728937,1.0844551551655364,-0.9482506878142568,-0.299068268437628,-0.3984950228820965,-0.7179380098366396,-0.42110044098213534,-0.4893666565675079,-0.6807456457050176,-0.37099925800222605,-0.49033538542418215,5
0.6472032206796865,-0.8176695772090371,-0.4777061693452133,-0.4990353068381907,-0.6662208848270063,1.0844551551655364,1.0545734507243298,-0.299068268437628,-0.3984950228820965,-0.7179380098366396,-0.42110044098213534,2.0434575723122457,1.468977445995038,-0.37099925800222605,-0.49033538542418215,6
-0.8811775628496022,-0.8176695772090371,-0.4777061693452133,2.0038662321025797,1.5010036802728937,-0.7155626228756203,-0.9482506878142568,-0.299068268437628,-0.3984950228820965,1.3928779174507582,-0.42110044098213534,-0.4893666565675079,1.468977445995038,-0.37099925800222605,-0.49033538542418215,6
0.6472032206796865,-0.8176695772090371,-0.4777061693452133,-0.4990353068381907,-0.6662208848270063,-0.7155626228756203,1.0545734507243298,-0.299068268437628,-0.3984950228820965,-0.7179380098366396,-0.42110044098213534,-0.4893666565675079,1.468977445995038,-0.37099925800222605,-0.49033538542418215,6
-0.8811775628496022,-0.8176695772090371,-0.4777061693452133,-0.4990353068381907,-0.6662208848270063,-0.7155626228756203,-0.9482506878142568,-0.299068268437628,-0.3984950228820965,1.3928779174507582,-0.42110044098213534,-0.4893666565675079,1.468977445995038,-0.37099925800222605,-0.49033538542418215,5
-0.8811775628496022,0.789884688663099,-0.4777061693452133,-0.4990353068381907,-0.6662208848270063,1.0844551551655364,-0.9482506878142568,-0.299068268437628,-0.3984950228820965,1.3928779174507582,-0.42110044098213534,-0.4893666565675079,-0.6807456457050176,-0.37099925800222605,-0.49033538542418215,7
-0.8811775628496022,-0.8176695772090371,-0.4777061693452133,2.0038662321025797,-0.6662208848270063,1.0844551551655364,1.0545734507243298,-0.299068268437628,-0.3984950228820965,-0.7179380098366396,-0.42110044098213534,-0.4893666565675079,-0.6807456457050176,-0.37099925800222605,-0.49033538542418215,7
0.6472032206796865,0.789884688663099,2.0933370012170642,-0.4990353068381907,1.5010036802728937,1.0844551551655364,-0.9482506878142568,-0.299068268437628,-0.3984950228820965,-0.7179380098366396,-0.42110044098213534,-0.4893666565675079,-0.6807456457050176,-0.37099925800222605,-0.49033538542418215,6
0.6472032206796865,2.397438954535235,-0.4777061693452133,-0.4990353068381907,-0.6662208848270063,-0.7155626228756203,-0.9482506878142568,3.343718159148518,-0.3984950228820965,-0.7179380098366396,-0.42110044098213534,-0.4893666565675079,-0.6807456457050176,2.695423180587601,-0.49033538542418215,1
-0.8811775628496022,-0.8176695772090371,-0.4777061693452133,-0.4990353068381907,-0.6662208848270063,1.0844551551655364,1.0545734507243298,-0.299068268437628,-0.3984950228820965,-0.7179380098366396,-0.42110044098213534,-0.4893666565675079,-0.6807456457050176,-0.37099925800222605,-0.49033538542418215,6
0.6472032206796865,0.789884688663099,-0.4777061693452133,-0.4990353068381907,-0.6662208848270063,1.0844551551655364,-0.9482506878142568,-0.299068268437628,-0.3984950228820965,1.3928779174507582,2.3747303557025337,2.0434575723122457,-0.6807456457050176,-0.37099925800222605,-0.49033538542418215,7
-0.8811775628496022,-0.8176695772090371,2.0933370012170642,-0.4990353068381907,1.5010036802728937,-0.7155626228756203,1.0545734507243298,-0.299068268437628,-0.3984950228820965,-0.7179380098366396,-0.42110044098213534,-0.4893666565675079,-0.6807456457050176,-0.37099925800222605,-0.49033538542418215,8
-0.8811775628496022,2.397438954535235,-0.4777061693452133,-0.4990353068381907,-0.6662208848270063,-0.7155626228756203,1.0545734507243298,-0.299068268437628,-0.3984950228820965,1.3928779174507582,-0.42110044098213534,2.0434575723122457,-0.6807456457050176,-0.37099925800222605,-0.49033538542418215,3
2.175584004208975,0.789884688663099,-0.4777061693452133,-0.4990353068381907,-0.6662208848270063,1.0844551551655364,-0.9482506878142568,-0.299068268437628,-0.3984950228820965,-0.7179380098366396,-0.42110044098213534,2.0434575723122457,1.468977445995038,-0.37099925800222605,-0.49033538542418215,3
-0.8811775628496022,-0.8176695772090371,-0.4777061693452133,-0.4990353068381907,1.5010036802728937,-0.7155626228756203,-0.9482506878142568,-0.299068268437628,-0.3984950228820965,-0.7179380098366396,-0.42110044098213534,2.0434575723122457,-0.6807456457050176,2.695423180587601,-0.49033538542418215,7
0.6472032206796865,0.789884688663099,-0.4777061693452133,-0.4990353068381907,1.5010036802728937,1.0844551551655364,1.0545734507243298,-0.299068268437628,-0.3984950228820965,-0.7179380098366396,-0.42110044098213534,2.0434575723122457,1.468977445995038,-0.37099925800222605,-0.49033538542418215,5
-0.8811775628496022,-0.8176695772090371,2.0933370012170642,-0.4990353068381907,-0.6662208848270063,-0.7155626228756203,1.0545734507243298,-0.299068268437628,-0.3984950228820965,-0.7179380098366396,-0.42110044098213534,-0.4893666565675079,-0.6807456457050176,-0.37099925800222605,-0.49033538542418215,7
-0.8811775628496022,0.789884688663099,-0.4777061693452133,-0.4990353068381907,-0.6662208848270063,-0.7155626228756203,-0.9482506878142568,-0.299068268437628,-0.3984950228820965,1.3928779174507582,-0.42110044098213534,-0.4893666565675079,1.468977445995038,-0.37099925800222605,-0.49033538542418215,4
-0.8811775628496022,-0.8176695772090371,-0.4777061693452133,-0.4990353068381907,1.5010036802728937,-0.7155626228756203,1.0545734507243298,-0.299068268437628,-0.3984950228820965,-0.7179380098366396,-0.42110044098213534,-0.4893666565675079,-0.6807456457050176,2.695423180587601,-0.49033538542418215,7
-0.8811775628496022,2.397438954535235,-0.4777061693452133,-0.4990353068381907,-0.6662208848270063,1.0844551551655364,-0.9482506878142568,3.343718159148518,-0.3984950228820965,1.3928779174507582,-0.42110044098213534,-0.4893666565675079,-0.6807456457050176,-0.37099925800222605,-0.49033538542418215,4
-0.8811775628496022,0.789884688663099,-0.4777061693452133,-0.4990353068381907,-0.6662208848270063,-0.7155626228756203,-0.9482506878142568,-0.299068268437628,-0.3984950228820965,1.3928779174507582,-0.42110044098213534,-0.4893666565675079,1.468977445995038,-0.37099925800222605,-0.49033538542418215,5
0.6472032206796865,-0.8176695772090371,-0.4777061693452133,-0.4990353068381907,-0.6662208848270063,-0.7155626228756203,-0.9482506878142568,-0.299068268437628,-0.3984950228820965,1.3928779174507582,-0.42110044098213534,-0.4893666565675079,-0.6807456457050176,-0.37099925800222605,-0.49033538542418215,5
-0.8811775628496022,0.789884688663099,2.0933370012170642,2.0038662321025797,-0.6662208848270063,2.884472933206693,1.0545734507243298,-0.299068268437628,-0.3984950228820965,-0.7179380098366396,-0.42110044098213534,-0.4893666565675079,-0.6807456457050176,-0.37099925800222605,-0.49033538542418215,7
0.6472032206796865,-0.8176695772090371,-0.4777061693452133,-0.4990353068381907,-0.6662208848270063,-0.7155626228756203,-0.9482506878142568,-0.299068268437628,-0.3984950228820965,1.3928779174507582,-0.42110044098213534,-0.4893666565675079,-0.6807456457050176,-0.37099925800222605,-0.49033538542418215,6
0.6472032206796865,-0.8176695772090371,-0.4777061693452133,-0.4990353068381907,1.5010036802728937,-0.7155626228756203,1.0545734507243298,-0.299068268437628,-0.3984950228820965,1.3928779174507582,2.3747303557025337,-0.4893666565675079,-0.6807456457050176,-0.37099925800222605,-0.49033538542418215,6
2.175584004208975,2.397438954535235,-0.4777061693452133,-0.4990353068381907,-0.6662208848270063,1.0844551551655364,-0.9482506878142568,-0.299068268437628,-0.3984950228820965,1.3928779174507582,-0.42110044098213534,-0.4893666565675079,-0.6807456457050176,-0.37099925800222605,-0.49033538542418215,1
0.6472032206796865,0.789884688663099,-0.4777061693452133,-0.4990353068381907,-0.6662208848270063,-0.7155626228756203,-0.9482506878142568,-0.299068268437628,-0.3984950228820965,1.3928779174507582,-0.42110044098213534,2.0434575723122457,-0.6807456457050176,-0.37099925800222605,-0.49033538542418215,8
-0.8811775628496022,-0.8176695772090371,-0.4777061693452133,-0.4990353068381907,-0.6662208848270063,1.0844551551655364,-0.9482506878142568,-0.299068268437628,2.5094416305818505,1.3928779174507582,2.3747303557025337,-0.4893666565675079,-0.6807456457050176,-0.37099925800222605,-0.49033538542418215,8
0.6472032206796865,-0.8176695772090371,2.0933370012170642,-0.4990353068381907,1.5010036802728937,1.0844551551655364,1.0545734507243298,-0.299068268437628,-0.3984950228820965,-0.7179380098366396,2.3747303557025337,-0.4893666565675079,-0.6807456457050176,-0.37099925800222605,2.039420424726057,5
-0.8811775628496022,-0.8176695772090371,-0.4777061693452133,2.0038662321025797,-0.6662208848270063,-0.7155626228756203,-0.9482506878142568,-0.299068268437628,-0.3984950228820965,-0.7179380098366396,-0.42110044098213534,-0.4893666565675079,-0.6807456457050176,-0.37099925800222605,-0.49033538542418215,8
-0.8811775628496022,0.789884688663099,2.0933370012170642,-0.4990353068381907,-0.6662208848270063,-0.7155626228756203,-0.9482506878142568,-0.299068268437628,-0.3984950228820965,1.3928779174507582,2.3747303557025337,-0.4893666565675079,-0.6807456457050176,-0.37099925800222605,-0.49033538542418215,7
0.6472032206796865,0.789884688663099,-0.4777061693452133,-0.4990353068381907,-0.6662208848270063,-0.7155626228756203,1.0545734507243298,-0.299068268437628,-0.3984950228820965,1.3928779174507582,2.3747303557025337,-0.4893666565675079,-0.6807456457050176,2.695423180587601,-0.49033538542418215,7
-0.8811775628496022,-0.8176695772090371,2.0933370012170642,-0.4990353068381907,-0.6662208848270063,-0.7155626228756203,-0.9482506878142568,-0.299068268437628,-0.3984950228820965,-0.7179380098366396,-0.42110044098213534,-0.4893666565675079,-0.6807456457050176,-0.37099925800222605,2.039420424726057,7
-0.8811775628496022,-0.8176695772090371,-0.4777061693452133,-0.4990353068381907,-0.6662208848270063,1.0844551551655364,1.0545734507243298,-0.299068268437628,-0.3984950228820965,-0.7179380098366396,-0.42110044098213534,-0.4893666565675079,-0.6807456457050176,-0.37099925800222605,-0.49033538542418215,4
-0.8811775628496022,-0.8176695772090371,-0.4777061693452133,-0.4990353068381907,-0.6662208848270063,-0.7155626228756203,1.0545734507243298,3.343718159148518,-0.3984950228820965,-0.7179380098366396,-0.42110044098213534,2.0434575723122457,1.468977445995038,-0.37099925800222605,-0.49033538542418215,4
0.6472032206796865,-0.8176695772090371,2.0933370012170642,-0.4990353068381907,1.5010036802728937,1.0844551551655364,1.0545734507243298,-0.299068268437628,2.5094416305818505,-0.7179380098366396,-0.42110044098213534,-0.4893666565675079,-0.6807456457050176,-0.37099925800222605,-0.49033538542418215,7
0.6472032206796865,-0.8176695772090371,2.0933370012170642,-0.4990353068381907,1.5010036802728937,-0.7155626228756203,1.0545734507243298,-0.299068268437628,-0.3984950228820965,-0.7179380098366396,-0.42110044098213534,-0.4893666565675079,-0.6807456457050176,-0.37099925800222605,-0.49033538542418215,5
-0.8811775628496022,0.789884688663099,-0.4777061693452133,-0.4990353068381907,-0.6662208848270063,1.0844551551655364,-0.9482506878142568,-0.299068268437628,2.5094416305818505,1.3928779174507582,-0.42110044098213534,-0.4893666565675079,-0.6807456457050176,-0.37099925800222605,-0.49033538542418215,6
0.6472032206796865,-0.8176695772090371,-0.4777061693452133,-0.4990353068381907,-0.6662208848270063,1.0844551551655364,1.0545734507243298,-0.299068268437628,-0.3984950228820965,1.3928779174507582,-0.42110044098213534,-0.4893666565675079,1.468977445995038,-0.37099925800222605,-0.49033538542418215,7
-0.8811775628496022,2.397438954535235,-0.4777061693452133,-0.4990353068381907,-0.6662208848270063,-0.7155626228756203,-0.9482506878142568,-0.299068268437628,-0.3984950228820965,1.3928779174507582,-0.42110044098213534,-0.4893666565675079,-0.6807456457050176,-0.37099925800222605,-0.49033538542418215,3
-0.8811775628496022,0.789884688663099,-0.4777061693452133,-0.4990353068381907,-0.6662208848270063,-0.7155626228756203,1.0545734507243298,-0.299068268437628,-0.3984950228820965,-0.7179380098366396,2.3747303557025337,-0.4893666565675079,1.468977445995038,-0.37099925800222605,-0.49033538542418215,8
0.6472032206796865,-0.8176695772090371,-0.4777061693452133,2.0038662321025797,1.5010036802728937,-0.7155626228756203,1.0545734507243298,-0.299068268437628,2.5094416305818505,-0.7179380098366396,-0.42110044098213534,-0.4893666565675079,-0.6807456457050176,-0.37099925800222605,-0.49033538542418215,7
0.6472032206796865,2.397438954535235,-0.4777061693452133,-0.4990353068381907,-0.6662208848270063,-0.7155626228756203,-0.9482506878142568,-0.299068268437628,-0.3984950228820965,-0.7179380098366396,-0.42110044098213534,2.0434575723122457,-0.6807456457050176,2.695423180587601,-0.49033538542418215,7
-0.8811775628496022,-0.8176695772090371,-0.4777061693452133,-0.4990353068381907,-0.6662208848270063,1.0844551551655364,1.0545734507243298,-0.299068268437628,-0.3984950228820965,-0.7179380098366396,-0.42110044098213534,2.0434575723122457,-0.6807456457050176,-0.37099925800222605,-0.49033538542418215,8
0.6472032206796865,-0.8176695772090371,2.0933370012170642,-0.4990353068381907,-0.6662208848270063,-0.7155626228756203,-0.9482506878142568,-0.299068268437628,-0.3984950228820965,-0.7179380098366396,-0.42110044098213534,2.0434575723122457,-0.6807456457050176,-0.37099925800222605,-0.49033538542418215,7
-0.8811775628496022,-0.8176695772090371,-0.4777061693452133,2.0038662321025797,1.5010036802728937,-0.7155626228756203,1.0545734507243298,-0.299068268437628,-0.3984950228820965,1.3928779174507582,-0.42110044098213534,2.0434575723122457,-0.6807456457050176,-0.37099925800222605,-0.49033538542418215,7
-0.8811775628496022,-0.8176695772090371,2.0933370012170642,2.0038662321025797,-0.6662208848270063,1.0844551551655364,-0.9482506878142568,-0.299068268437628,-0.3984950228820965,-0.7179380098366396,-0.42110044098213534,-0.4893666565675079,1.468977445995038,-0.37099925800222605,2.039420424726057,8
0.6472032206796865,0.789884688663099,-0.4777061693452133,-0.4990353068381907,1.5010036802728937,-0.7155626228756203,-0.9482506878142568,-0.299068268437628,2.5094416305818505,1.3928779174507582,-0.42110044098213534,-0.4893666565675079,-0.6807456457050176,-0.37099925800222605,-0.49033538542418215,3
-0.8811775628496022,0.789884688663099,-0.4777061693452133,-0.4990353068381907,1.5010036802728937,-0.7155626228756203,1.0545734507243298,-0.299068268437628,-0.3984950228820965,-0.7179380098366396,-0.42110044098213534,-0.4893666565675079,-0.6807456457050176,2.695423180587601,-0.49033538542418215,6
2.175584004208975,2.397438954535235,-0.4777061693452133,-0.4990353068381907,-0.6662208848270063,2.884472933206693,-0.9482506878142568,3.343718159148518,-0.3984950228820965,-0.7179380098366396,-0.42110044098213534,2.0434575723122457,1.468977445995038,-0.37099925800222605,-0.49033538542418215,3
2.175584004208975,2.397438954535235,-0.4777061693452133,-0.4990353068381907,-0.6662208848270063,-0.7155626228756203,1.0545734507243298,-0.299068268437628,-0.3984950228820965,1.3928779174507582,-0.42110044098213534,-0.4893666565675079,-0.6807456457050176,-0.37099925800222605,-0.49033538542418215,4
0.6472032206796865,-0.8176695772090371,-0.4777061693452133,-0.4990353068381907,-0.6662208848270063,-0.7155626228756203,-0.9482506878142568,3.343718159148518,-0.3984950228820965,1.3928779174507582,-0.42110044098213534,-0.4893666565675079,1.468977445995038,-0.37099925800222605,-0.49033538542418215,4
0.6472032206796865,0.789884688663099,-0.4777061693452133,2.0038662321025797,-0.6662208848270063,-0.7155626228756203,1.0545734507243298,-0.299068268437628,-0.3984950228820965,-0.7179380098366396,-0.42110044098213534,2.0434575723122457,-0.6807456457050176,-0.37099925800222605,-0.49033538542418215,7
0.6472032206796865,-0.8176695772090371,-0.4777061693452133,2.0038662321025797,1.5010036802728937,1.0844551551655364,1.0545734507243298,-0.299068268437628,2.5094416305818505,-0.7179380098366396,-0.42110044098213534,-0.4893666565675079,-0.6807456457050176,-0.37099925800222605,2.039420424726057,7
-0.8811775628496022,0.789884688663099,2.0933370012170642,-0.4990353068381907,-0.6662208848270063,-0.7155626228756203,1.0545734507243298,-0.299068268437628,-0.3984950228820965,-0.7179380098366396,-0.42110044098213534,-0.4893666565675079,-0.6807456457050176,-0.37099925800222605,-0.49033538542418215,8
-0.8811775628496022,0.789884688663099,2.0933370012170642,-0.4990353068381907,-0.6662208848270063,-0.7155626228756203,1.0545734507243298,-0.299068268437628,-0.3984950228820965,1.3928779174507582,-0.42110044098213534,-0.4893666565675079,-0.6807456457050176,-0.37099925800222605,-0.49033538542418215,7
-0.8811775628496022,-0.8176695772090371,2.0933370012170642,-0.4990353068381907,-0.6662208848270063,-0.7155626228756203,-0.9482506878142568,-0.299068268437628,-0.3984950228820965,-0.7179380098366396,2.3747303557025337,-0.4893666565675079,-0.6807456457050176,-0.37099925800222605,2.039420424726057,8
0.6472032206796865,-0.8176695772090371,-0.4777061693452133,-0.4990353068381907,-0.6662208848270063,-0.7155626228756203,-0.9482506878142568,-0.299068268437628,-0.3984950228820965,-0.7179380098366396,-0.42110044098213534,-0.4893666565675079,1.468977445995038,2.695423180587601,-0.49033538542418215,3
-0.8811775628496022,-0.8176695772090371,2.0933370012170642,-0.4990353068381907,1.5010036802728937,1.0844551551655364,-0.9482506878142568,-0.299068268437628,2.5094416305818505,1.3928779174507582,-0.42110044098213534,-0.4893666565675079,-0.6807456457050176,-0.37099925800222605,-0.49033538542418215,7
-0.8811775628496022,-0.8176695772090371,2.0933370012170642,2.0038662321025797,1.5010036802728937,-0.7155626228756203,1.0545734507243298,-0.299068268437628,2.5094416305818505,-0.7179380098366396,-0.42110044098213534,-0.4893666565675079,-0.6807456457050176,2.695423180587601,-0.49033538542418215,8
0.6472032206796865,-0.8176695772090371,-0.4777061693452133,2.0038662321025797,1.5010036802728937,-0.7155626228756203,1.0545734507243298,-0.299068268437628,-0.3984950228820965,-0.7179380098366396,-0.42110044098213534,-0.4893666565675079,-0.6807456457050176,-0.37099925800222605,-0.49033538542418215,5
0.6472032206796865,-0.8176695772090371,-0.4777061693452133,-0.4990353068381907,-0.6662208848270063,-0.7155626228756203,-0.9482506878142568,-0.299068268437628,-0.3984950228820965,1.3928779174507582,-0.42110044098213534,-0.4893666565675079,-0.6807456457050176,2.695423180587601,2.039420424726057,9
0.6472032206796865,-0.8176695772090371,2.0933370012170642,-0.4990353068381907,1.5010036802728937,1.0844551551655364,-0.9482506878142568,-0.299068268437628,2.5094416305818505,-0.7179380098366396,-0.42110044098213534,-0.4893666565675079,-0.6807456457050176,-0.37099925800222605,-0.49033538542418215,8
-0.8811775628496022,-0.8176695772090371,-0.4777061693452133,2.0038662321025797,1.5010036802728937,-0.7155626228756203,1.0545734507243298,-0.299068268437628,-0.3984950228820965,-0.7179380098366396,-0.42110044098213534,-0.4893666565675079,1.468977445995038,-0.37099925800222605,-0.49033538542418215,9
-0.8811775628496022,-0.8176695772090371,-0.4777061693452133,-0.4990353068381907,-0.6662208848270063,-0.7155626228756203,1.0545734507243298,-0.299068268437628,2.5094416305818505,-0.7179380098366396,-0.42110044098213534,-0.4893666565675079,-0.6807456457050176,-0.37099925800222605,-0.49033538542418215,8
-0.8811775628496022,0.789884688663099,2.0933370012170642,-0.4990353068381907,-0.6662208848270063,-0.7155626228756203,1.0545734507243298,-0.299068268437628,-0.3984950228820965,-0.7179380098366396,2.3747303557025337,-0.4893666565675079,-0.6807456457050176,-0.37099925800222605,-0.49033538542418215,8
0.6472032206796865,0.789884688663099,-0.4777061693452133,2.0038662321025797,-0.6662208848270063,-0.7155626228756203,1.0545734507243298,-0.299068268437628,-0.3984950228820965,-0.7179380098366396,-0.42110044098213534,-0.4893666565675079,-0.6807456457050176,-0.37099925800222605,-0.49033538542418215,6
-0.8811775628496022,-0.8176695772090371,2.0933370012170642,-0.4990353068381907,-0.6662208848270063,-0.7155626228756203,-0.9482506878142568,-0.299068268437628,-0.3984950228820965,1.3928779174507582,-0.42110044098213534,-0.4893666565675079,-0.6807456457050176,2.695423180587601,2.039420424726057,8
-0.8811775628496022,-0.8176695772090371,-0.4777061693452133,-0.4990353068381907,1.5010036802728937,-0.7155626228756203,1.0545734507243298,3.343718159148518,-0.3984950228820965,-0.7179380098366396,-0.42110044098213534,2.0434575723122457,-0.6807456457050176,2.695423180587601,-0.49033538542418215,6
-0.8811775628496022,-0.8176695772090371,-0.4777061693452133,2.0038662321025797,1.5010036802728937,1.0844551551655364,1.0545734507243298,-0.299068268437628,-0.3984950228820965,1.3928779174507582,2.3747303557025337,-0.4893666565675079,-0.6807456457050176,-0.37099925800222605,-0.49033538542418215,7
2.175584004208975,-0.8176695772090371,-0.4777061693452133,-0.4990353068381907,-0.6662208848270063,-0.7155626228756203,1.0545734507243298,-0.299068268437628,-0.3984950228820965,1.3928779174507582,-0.42110044098213534,-0.4893666565675079,-0.6807456457050176,-0.37099925800222605,2.039420424726057,7
2.175584004208975,0.789884688663099,-0.4777061693452133,-0.4990353068381907,-0.6662208848270063,-0.7155626228756203,1.0545734507243298,-0.299068268437628,-0.3984950228820965,1.3928779174507582,-0.42110044098213534,2.0434575723122457,1.468977445995038,-0.37099925800222605,-0.49033538542418215,4
-0.8811775628496022,0.789884688663099,-0.4777061693452133,-0.4990353068381907,-0.6662208848270063,1.0844551551655364,-0.9482506878142568,-0.299068268437628,2.5094416305818505,-0.7179380098366396,-0.42110044098213534,-0.4893666565675079,-0.6807456457050176,-0.37099925800222605,-0.49033538542418215,7
0.6472032206796865,-0.8176695772090371,-0.4777061693452133,2.0038662321025797,1.5010036802728937,-0.7155626228756203,1.0545734507243298,-0.299068268437628,-0.3984950228820965,-0.7179380098366396,-0.42110044098213534,-0.4893666565675079,-0.6807456457050176,-0.37099925800222605,2.039420424726057,7
2.175584004208975,0.789884688663099,-0.4777061693452133,-0.4990353068381907,1.5010036802728937,1.0844551551655364,-0.9482506878142568,-0.299068268437628,-0.3984950228820965,-0.7179380098366396,-0.42110044098213534,-0.4893666565675079,1.468977445995038,-0.37099925800222605,-0.49033538542418215,3
-0.8811775628496022,-0.8176695772090371,-0.4777061693452133,-0.4990353068381907,-0.6662208848270063,-0.7155626228756203,1.0545734507243298,-0.299068268437628,-0.3984950228820965,1.3928779174507582,-0.42110044098213534,-0.4893666565675079,1.468977445995038,-0.37099925800222605,-0.49033538542418215,9
0.6472032206796865,-0.8176695772090371,-0.4777061693452133,2.0038662321025797,1.5010036802728937,1.0844551551655364,1.0545734507243298,-0.299068268437628,-0.3984950228820965,-0.7179380098366396,-0.42110044098213534,-0.4893666565675079,-0.6807456457050176,-0.37099925800222605,-0.49033538542418215,7
2.175584004208975,0.789884688663099,-0.4777061693452133,-0.4990353068381907,-0.6662208848270063,2.884472933206693,1.0545734507243298,-0.299068268437628,-0.3984950228820965,-0.7179380098366396,-0.42110044098213534,-0.4893666565675079,1.468977445995038,-0.37099925800222605,-0.49033538542418215,3
-0.8811775628496022,-0.8176695772090371,-0.4777061693452133,2.0038662321025797,-0.6662208848270063,-0.7155626228756203,-0.9482506878142568,-0.299068268437628,2.5094416305818505,1.3928779174507582,2.3747303557025337,-0.4893666565675079,-0.6807456457050176,-0.37099925800222605,2.039420424726057,8
-0.8811775628496022,-0.8176695772090371,-0.4777061693452133,2.0038662321025797,-0.6662208848270063,-0.7155626228756203,1.0545734507243298,-0.299068268437628,-0.3984950228820965,-0.7179380098366396,2.3747303557025337,-0.4893666565675079,-0.6807456457050176,-0.37099925800222605,-0.49033538542418215,7
0.6472032206796865,0.789884688663099,-0.4777061693452133,-0.4990353068381907,-0.6662208848270063,-0.7155626228756203,-0.9482506878142568,-0.299068268437628,-0.3984950228820965,1.3928779174507582,2.3747303557025337,-0.4893666565675079,-0.6807456457050176,-0.37099925800222605,2.039420424726057,6
-0.8811775628496022,-0.8176695772090371,-0.4777061693452133,-0.4990353068381907,1.5010036802728937,-0.7155626228756203,1.0545734507243298,-0.299068268437628,-0.3984950228820965,-0.7179380098366396,2.3747303557025337,-0.4893666565675079,-0.6807456457050176,-0.37099925800222605,2.039420424726057,9
2.175584004208975,-0.8176695772090371,-0.4777061693452133,-0.4990353068381907,1.5010036802728937,1.0844551551655364,-0.9482506878142568,-0.299068268437628,-0.3984950228820965,-0.7179380098366396,-0.42110044098213534,-0.4893666565675079,-0.6807456457050176,-0.37099925800222605,2.039420424726057,6
0.6472032206796865,0.789884688663099,-0.4777061693452133,-0.4990353068381907,-0.6662208848270063,-0.7155626228756203,-0.9482506878142568,-0.299068268437628,-0.3984950228820965,1.3928779174507582,2.3747303557025337,-0.4893666565675079,1.468977445995038,-0.37099925800222605,-0.49033538542418215,4
0.6472032206796865,0.789884688663099,-0.4777061693452133,-0.4990353068381907,-0.6662208848270063,-0.7155626228756203,-0.9482506878142568,-0.299068268437628,-0.3984950228820965,1.3928779174507582,2.3747303557025337,-0.4893666565675079,-0.6807456457050176,-0.37099925800222605,-0.49033538542418215,4
-0.8811775628496022,-0.8176695772090371,2.0933370012170642,-0.4990353068381907,-0.6662208848270063,1.0844551551655364,1.0545734507243298,-0.299068268437628,-0.3984950228820965,-0.7179380098366396,2.3747303557025337,-0.4893666565675079,-0.6807456457050176,-0.37099925800222605,-0.49033538542418215,9
-0.8811775628496022,-0.8176695772090371,-0.4777061693452133,2.0038662321025797,-0.6662208848270063,1.0844551551655364,-0.9482506878142568,-0.299068268437628,-0.3984950228820965,-0.7179380098366396,-0.42110044098213534,2.0434575723122457,1.468977445995038,-0.37099925800222605,-0.49033538542418215,8
0.6472032206796865,2.397438954535235,-0.4777061693452133,-0.4990353068381907,-0.6662208848270063,1.0844551551655364,1.0545734507243298,3.343718159148518,-0.3984950228820965,1.3928779174507582,-0.42110044098213534,2.0434575723122457,1.468977445995038,-0.37099925800222605,-0.49033538542418215,4
0.6472032206796865,0.789884688663099,-0.4777061693452133,-0.4990353068381907,-0.6662208848270063,1.0844551551655364,-0.9482506878142568,-0.299068268437628,-0.3984950228820965,-0.7179380098366396,-0.42110044098213534,-0.4893666565675079,-0.6807456457050176,-0.37099925800222605,2.039420424726057,6
0.6472032206796865,-0.8176695772090371,-0.4777061693452133,-0.4990353068381907,-0.6662208848270063,-0.7155626228756203,1.0545734507243298,-0.299068268437628,-0.3984950228820965,-0.7179380098366396,-0.42110044098213534,-0.4893666565675079,-0.6807456457050176,-0.37099925800222605,2.039420424726057,7
0.6472032206796865,0.789884688663099,-0.4777061693452133,2.0038662321025797,-0.6662208848270063,-0.7155626228756203,-0.9482506878142568,-0.299068268437628,2.5094416305818505,1.3928779174507582,-0.42110044098213534,2.0434575723122457,1.468977445995038,-0.37099925800222605,-0.49033538542418215,4
2.175584004208975,-0.8176695772090371,-0.4777061693452133,-0.4990353068381907,-0.6662208848270063,1.0844551551655364,1.0545734507243298,-0.299068268437628,-0.3984950228820965,1.3928779174507582,-0.42110044098213534,-0.4893666565675079,-0.6807456457050176,-0.37099925800222605,2.039420424726057,6
0.6472032206796865,-0.8176695772090371,-0.4777061693452133,-0.4990353068381907,-0.6662208848270063,1.0844551551655364,-0.9482506878142568,-0.299068268437628,-0.3984950228820965,-0.7179380098366396,-0.42110044098213534,-0.4893666565675079,-0.6807456457050176,-0.37099925800222605,2.039420424726057,5
-0.8811775628496022,0.789884688663099,-0.4777061693452133,-0.4990353068381907,1.5010036802728937,-0.7155626228756203,-0.9482506878142568,-0.299068268437628,-0.3984950228820965,1.3928779174507582,2.3747303557025337,-0.4893666565675079,-0.6807456457050176,-0.37099925800222605,-0.49033538542418215,4
0.6472032206796865,0.789884688663099,-0.4777061693452133,-0.4990353068381907,1.5010036802728937,1.0844551551655364,1.0545734507243298,-0.299068268437628,-0.3984950228820965,-0.7179380098366396,2.3747303557025337,-0.4893666565675079,1.468977445995038,-0.37099925800222605,2.039420424726057,5
-0.8811775628496022,-0.8176695772090371,2.0933370012170642,-0.4990353068381907,-0.6662208848270063,-0.7155626228756203,-0.9482506878142568,-0.299068268437628,2.5094416305818505,-0.7179380098366396,-0.42110044098213534,-0.4893666565675079,1.468977445995038,-0.37099925800222605,-0.49033538542418215,7
2.175584004208975,0.789884688663099,-0.4777061693452133,-0.4990353068381907,-0.6662208848270063,2.884472933206693,1.0545734507243298,-0.299068268437628,-0.3984950228820965,1.3928779174507582,-0.42110044098213534,-0.4893666565675079,-0.6807456457050176,-0.37099925800222605,-0.49033538542418215,3
0.6472032206796865,0.789884688663099,-0.4777061693452133,-0.4990353068381907,-0.6662208848270063,-0.7155626228756203,1.0545734507243298,-0.299068268437628,-0.3984950228820965,1.3928779174507582,-0.42110044098213534,-0.4893666565675079,-0.6807456457050176,-0.37099925800222605,-0.49033538542418215,4
-0.8811775628496022,-0.8176695772090371,-0.4777061693452133,-0.4990353068381907,-0.6662208848270063,-0.7155626228756203,-0.9482506878142568,-0.299068268437628,2.5094416305818505,-0.7179380098366396,-0.42110044098213534,-0.4893666565675079,-0.6807456457050176,-0.37099925800222605,-0.49033538542418215,7
0.6472032206796865,-0.8176695772090371,-0.4777061693452133,-0.4990353068381907,-0.6662208848270063,-0.7155626228756203,1.0545734507243298,-0.299068268437628,-0.3984950228820965,1.3928779174507582,2.3747303557025337,-0.4893666565675079,-0.6807456457050176,-0.37099925800222605,2.039420424726057,7
-0.8811775628496022,0.789884688663099,-0.4777061693452133,-0.4990353068381907,-0.6662208848270063,-0.7155626228756203,-0.9482506878142568,-0.299068268437628,-0.3984950228820965,-0.7179380098366396,-0.42110044098213534,-0.4893666565675079,-0.6807456457050176,-0.37099925800222605,2.039420424726057,5
-0.8811775628496022,0.789884688663099,-0.4777061693452133,-0.4990353068381907,-0.6662208848270063,1.0844551551655364,-0.9482506878142568,-0.299068268437628,-0.3984950228820965,1.3928779174507582,-0.42110044098213534,-0.4893666565675079,-0.6807456457050176,-0.37099925800222605,-0.49033538542418215,5
2.175584004208975,0.789884688663099,-0.4777061693452133,-0.4990353068381907,-0.6662208848270063,2.884472933206693,-0.9482506878142568,-0.299068268437628,-0.3984950228820965,1.3928779174507582,-0.42110044098213534,-0.4893666565675079,1.468977445995038,-0.37099925800222605,-0.49033538542418215,4
0.6472032206796865,-0.8176695772090371,2.0933370012170642,2.0038662321025797,1.5010036802728937,-0.7155626228756203,-0.9482506878142568,-0.299068268437628,-0.3984950228820965,-0.7179380098366396,-0.42110044098213534,-0.4893666565675079,-0.6807456457050176,-0.37099925800222605,-0.49033538542418215,6
2.175584004208975,0.789884688663099,-0.4777061693452133,-0.4990353068381907,-0.6662208848270063,-0.7155626228756203,1.0545734507243298,-0.299068268437628,-0.3984950228820965,-0.7179380098366396,-0.42110044098213534,-0.4893666565675079,-0.6807456457050176,-0.37099925800222605,-0.49033538542418215,4
-0.8811775628496022,-0.8176695772090371,2.0933370012170642,-0.4990353068381907,1.5010036802728937,-0.7155626228756203,-0.9482506878142568,-0.299068268437628,-0.3984950228820965,-0.7179380098366396,-0.42110044098213534,-0.4893666565675079,-0.6807456457050176,-0.37099925800222605,2.039420424726057,8
0.6472032206796865,0.789884688663099,-0.4777061693452133,-0.4990353068381907,1.5010036802728937,-0.7155626228756203,1.0545734507243298,-0.299068268437628,-0.3984950228820965,1.3928779174507582,-0.42110044098213534,-0.4893666565675079,-0.6807456457050176,-0.37099925800222605,-0.49033538542418215,6
0.6472032206796865,-0.8176695772090371,-0.4777061693452133,-0.4990353068381907,-0.6662208848270063,-0.7155626228756203,1.0545734507243298,-0.299068268437628,-0.3984950228820965,-0.7179380098366396,2.3747303557025337,2.0434575723122457,-0.6807456457050176,-0.37099925800222605,-0.49033538542418215,3
0.6472032206796865,-0.8176695772090371,-0.4777061693452133,-0.4990353068381907,-0.6662208848270063,1.0844551551655364,-0.9482506878142568,-0.299068268437628,-0.3984950228820965,1.3928779174507582,-0.42110044098213534,-0.4893666565675079,-0.6807456457050176,-0.37099925800222605,2.039420424726057,4
0.6472032206796865,-0.8176695772090371,2.0933370012170642,-0.4990353068381907,-0.6662208848270063,1.0844551551655364,-0.9482506878142568,-0.299068268437628,-0.3984950228820965,-0.7179380098366396,2.3747303557025337,-0.4893666565675079,-0.6807456457050176,-0.37099925800222605,2.039420424726057,7
-0.8811775628496022,-0.8176695772090371,2.0933370012170642,-0.4990353068381907,-0.6662208848270063,1.0844551551655364,-0.9482506878142568,-0.299068268437628,2.5094416305818505,1.3928779174507582,-0.42110044098213534,-0.4893666565675079,-0.6807456457050176,-0.37099925800222605,-0.49033538542418215,7
-0.8811775628496022,-0.8176695772090371,-0.4777061693452133,2.0038662321025797,-0.6662208848270063,1.0844551551655364,1.0545734507243298,-0.299068268437628,-0.3984950228820965,-0.7179380098366396,-0.42110044098213534,2.0434575723122457,-0.6807456457050176,-0.37099925800222605,-0.49033538542418215,8
-0.8811775628496022,0.789884688663099,2.0933370012170642,-0.4990353068381907,1.5010036802728937,-0.7155626228756203,1.0545734507243298,-0.299068268437628,2.5094416305818505,-0.7179380098366396,-0.42110044098213534,-0.4893666565675079,-0.6807456457050176,-0.37099925800222605,-0.49033538542418215,6
0.6472032206796865,-0.8176695772090371,-0.4777061693452133,-0.4990353068381907,-0.6662208848270063,-0.7155626228756203,1.0545734507243298,-0.299068268437628,-0.3984950228820965,-0.7179380098366396,-0.42110044098213534,-0.4893666565675079,-0.6807456457050176,-0.37099925800222605,-0.49033538542418215,6
0.6472032206796865,0.789884688663099,-0.4777061693452133,-0.4990353068381907,-0.6662208848270063,2.884472933206693,-0.9482506878142568,-0.299068268437628,-0.3984950228820965,1.3928779174507582,-0.42110044098213534,2.0434575723122457,-0.6807456457050176,-0.37099925800222605,-0.49033538542418215,8
-0.8811775628496022,0.789884688663099,-0.4777061693452133,2.0038662321025797,1.5010036802728937,-0.7155626228756203,-0.9482506878142568,-0.299068268437628,-0.3984950228820965,-0.7179380098366396,-0.42110044098213534,2.0434575723122457,1.468977445995038,-0.37099925800222605,-0.49033538542418215,7
0.6472032206796865,-0.8176695772090371,-0.4777061693452133,-0.4990353068381907,1.5010036802728937,-0.7155626228756203,-0.9482506878142568,-0.299068268437628,2.5094416305818505,-0.7179380098366396,-0.42110044098213534,-0.4893666565675079,-0.6807456457050176,-0.37099925800222605,-0.49033538542418215,5
-0.8811775628496022,0.789884688663099,-0.4777061693452133,-0.4990353068381907,-0.6662208848270063,-0.7155626228756203,-0.9482506878142568,-0.299068268437628,-0.3984950228820965,1.3928779174507582,2.3747303557025337,-0.4893666565675079,-0.6807456457050176,2.695423180587601,-0.49033538542418215,4
-0.8811775628496022,-0.8176695772090371,-0.4777061693452133,-0.4990353068381907,1.5010036802728937,1.0844551551655364,1.0545734507243298,-0.299068268437628,-0.3984950228820965,1.3928779174507582,2.3747303557025337,2.0434575723122457,1.468977445995038,2.695423180587601,-0.49033538542418215,6
0.6472032206796865,0.789884688663099,2.0933370012170642,2.0038662321025797,-0.6662208848270063,-0.7155626228756203,1.0545734507243298,-0.299068268437628,-0.3984950228820965,-0.7179380098366396,-0.42110044098213534,2.0434575723122457,-0.6807456457050176,-0.37099925800222605,-0.49033538542418215,8
0.6472032206796865,-0.8176695772090371,-0.4777061693452133,-0.4990353068381907,-0.6662208848270063,-0.7155626228756203,1.0545734507243298,-0.299068268437628,-0.3984950228820965,-0.7179380098366396,-0.42110044098213534,-0.4893666565675079,-0.6807456457050176,-0.37099925800222605,-0.49033538542418215,5
2.175584004208975,-0.8176695772090371,-0.4777061693452133,-0.4990353068381907,-0.6662208848270063,2.884472933206693,-0.9482506878142568,-0.299068268437628,-0.3984950228820965,-0.7179380098366396,-0.42110044098213534,-0.4893666565675079,-0.6807456457050176,-0.37099925800222605,2.039420424726057,5
-0.8811775628496022,-0.8176695772090371,2.0933370012170642,-0.4990353068381907,-0.6662208848270063,-0.7155626228756203,1.0545734507243298,-0.299068268437628,-0.3984950228820965,1.3928779174507582,2.3747303557025337,2.0434575723122457,1.468977445995038,-0.37099925800222605,-0.49033538542418215,9
0.6472032206796865,-0.8176695772090371,-0.4777061693452133,-0.4990353068381907,-0.6662208848270063,1.0844551551655364,-0.9482506878142568,-0.299068268437628,-0.3984950228820965,1.3928779174507582,-0.42110044098213534,-0.4893666565675079,1.468977445995038,-0.37099925800222605,-0.49033538542418215,6
0.6472032206796865,-0.8176695772090371,-0.4777061693452133,2.0038662321025797,1.5010036802728937,-0.7155626228756203,1.0545734507243298,-0.299068268437628,-0.3984950228820965,-0.7179380098366396,-0.42110044098213534,-0.4893666565675079,1.468977445995038,-0.37099925800222605,-0.49033538542418215,5
0.6472032206796865,2.397438954535235,-0.4777061693452133,-0.4990353068381907,-0.6662208848270063,-0.7155626228756203,-0.9482506878142568,-0.299068268437628,-0.3984950228820965,-0.7179380098366396,-0.42110044098213534,-0.4893666565675079,1.468977445995038,2.695423180587601,-0.49033538542418215,4
-0.8811775628496022,0.789884688663099,-0.4777061693452133,-0.4990353068381907,-0.6662208848270063,1.0844551551655364,-0.9482506878142568,-0.299068268437628,-0.3984950228820965,1.3928779174507582,-0.42110044098213534,-0.4893666565675079,1.468977445995038,-0.37099925800222605,-0.49033538542418215,4
-0.8811775628496022,0.789884688663099,-0.4777061693452133,-0.4990353068381907,-0.6662208848270063,-0.7155626228756203,-0.9482506878142568,-0.299068268437628,-0.3984950228820965,-0.7179380098366396,-0.42110044098213534,-0.4893666565675079,-0.6807456457050176,-0.37099925800222605,-0.49033538542418215,7
0.6472032206796865,-0.8176695772090371,-0.4777061693452133,-0.4990353068381907,-0.6662208848270063,-0.7155626228756203,-0.9482506878142568,-0.299068268437628,-0.3984950228820965,-0.7179380098366396,-0.42110044098213534,-0.4893666565675079,-0.6807456457050176,-0.37099925800222605,-0.49033538542418215,7
-0.8811775628496022,-0.8176695772090371,-0.4777061693452133,-0.4990353068381907,-0.6662208848270063,-0.7155626228756203,1.0545734507243298,-0.299068268437628,-0.3984950228820965,-0.7179380098366396,-0.42110044098213534,-0.4893666565675079,1.468977445995038,-0.37099925800222605,2.039420424726057,7
-0.8811775628496022,-0.8176695772090371,-0.4777061693452133,2.0038662321025797,1.5010036802728937,-0.7155626228756203,1.0545734507243298,-0.299068268437628,-0.3984950228820965,1.3928779174507582,-0.42110044098213534,-0.4893666565675079,1.468977445995038,-0.37099925800222605,2.039420424726057,7
0.6472032206796865,-0.8176695772090371,-0.4777061693452133,-0.4990353068381907,1.5010036802728937,-0.7155626228756203,-0.9482506878142568,-0.299068268437628,-0.3984950228820965,-0.7179380098366396,-0.42110044098213534,-0.4893666565675079,-0.6807456457050176,-0.37099925800222605,-0.49033538542418215,5
0.6472032206796865,0.789884688663099,-0.4777061693452133,-0.4990353068381907,-0.6662208848270063,1.0844551551655364,1.0545734507243298,-0.299068268437628,-0.3984950228820965,1.3928779174507582,-0.42110044098213534,-0.4893666565675079,1.468977445995038,-0.37099925800222605,-0.49033538542418215,7
0.6472032206796865,2.397438954535235,-0.4777061693452133,-0.4990353068381907,-0.6662208848270063,-0.7155626228756203,-0.9482506878142568,-0.299068268437628,-0.3984950228820965,1.3928779174507582,-0.42110044098213534,-0.4893666565675079,1.468977445995038,-0.37099925800222605,-0.49033538542418215,5
0.6472032206796865,2.397438954535235,-0.4777061693452133,-0.4990353068381907,-0.6662208848270063,-0.7155626228756203,-0.9482506878142568,-0.299068268437628,-0.3984950228820965,1.3928779174507582,-0.42110044098213534,-0.4893666565675079,1.468977445995038,-0.37099925800222605,2.039420424726057,5
2.175584004208975,0.789884688663099,-0.4777061693452133,-0.4990353068381907,-0.6662208848270063,1.0844551551655364,-0.9482506878142568,3.343718159148518,-0.3984950228820965,-0.7179380098366396,-0.42110044098213534,-0.4893666565675079,-0.6807456457050176,-0.37099925800222605,2.039420424726057,5
-0.8811775628496022,-0.8176695772090371,2.0933370012170642,2.0038662321025797,-0.6662208848270063,-0.7155626228756203,-0.9482506878142568,3.343718159148518,-0.3984950228820965,-0.7179380098366396,-0.42110044098213534,-0.4893666565675079,1.468977445995038,-0.37099925800222605,-0.49033538542418215,7
0.6472032206796865,-0.8176695772090371,-0.4777061693452133,2.0038662321025797,-0.6662208848270063,-0.7155626228756203,1.0545734507243298,-0.299068268437628,-0.3984950228820965,-0.7179380098366396,-0.42110044098213534,-0.4893666565675079,-0.6807456457050176,-0.37099925800222605,-0.49033538542418215,7
-0.8811775628496022,-0.8176695772090371,2.0933370012170642,-0.4990353068381907,-0.6662208848270063,-0.7155626228756203,-0.9482506878142568,-0.299068268437628,-0.3984950228820965,-0.7179380098366396,-0.42110044098213534,-0.4893666565675079,-0.6807456457050176,-0.37099925800222605,-0.49033538542418215,6
-0.8811775628496022,-0.8176695772090371,-0.4777061693452133,2.0038662321025797,-0.6662208848270063,-0.7155626228756203,1.0545734507243298,-0.299068268437628,-0.3984950228820965,-0.7179380098366396,2.3747303557025337,-0.4893666565675079,-0.6807456457050176,-0.37099925800222605,-0.49033538542418215,8
-0.8811775628496022,-0.8176695772090371,-0.4777061693452133,-0.4990353068381907,1.5010036802728937,-0.7155626228756203,-0.9482506878142568,-0.299068268437628,-0.3984950228820965,-0.7179380098366396,-0.42110044098213534,-0.4893666565675079,-0.6807456457050176,-0.37099925800222605,-0.49033538542418215,8
-0.8811775628496022,-0.8176695772090371,-0.4777061693452133,-0.4990353068381907,-0.6662208848270063,-0.7155626228756203,1.0545734507243298,-0.299068268437628,-0.3984950228820965,-0.7179380098366396,-0.42110044098213534,-0.4893666565675079,1.468977445995038,-0.37099925800222605,-0.49033538542418215,7
-0.8811775628496022,-0.8176695772090371,-0.4777061693452133,-0.4990353068381907,1.5010036802728937,1.0844551551655364,-0.9482506878142568,-0.299068268437628,-0.3984950228820965,1.3928779174507582,-0.42110044098213534,-0.4893666565675079,1.468977445995038,-0.37099925800222605,-0.49033538542418215,8
-0.8811775628496022,-0.8176695772090371,-0.4777061693452133,-0.4990353068381907,1.5010036802728937,-0.7155626228756203,1.0545734507243298,-0.299068268437628,2.5094416305818505,-0.7179380098366396,-0.42110044098213534,-0.4893666565675079,-0.6807456457050176,-0.37099925800222605,-0.49033538542418215,9
0.6472032206796865,-0.8176695772090371,-0.4777061693452133,-0.4990353068381907,-0.6662208848270063,-0.7155626228756203,1.0545734507243298,-0.299068268437628,-0.3984950228820965,-0.7179380098366396,-0.42110044098213534,-0.4893666565675079,1.468977445995038,2.695423180587601,-0.49033538542418215,6
0.6472032206796865,-0.8176695772090371,2.0933370012170642,-0.4990353068381907,-0.6662208848270063,2.884472933206693,-0.9482506878142568,-0.299068268437628,-0.3984950228820965,-0.7179380098366396,-0.42110044098213534,-0.4893666565675079,-0.6807456457050176,-0.37099925800222605,-0.49033538542418215,6
2.175584004208975,0.789884688663099,-0.4777061693452133,2.0038662321025797,-0.6662208848270063,-0.7155626228756203,1.0545734507243298,-0.299068268437628,-0.3984950228820965,-0.7179380098366396,-0.42110044098213534,2.0434575723122457,1.468977445995038,-0.37099925800222605,-0.49033538542418215,1
0.6472032206796865,0.789884688663099,-0.4777061693452133,-0.4990353068381907,1.5010036802728937,1.0844551551655364,-0.9482506878142568,-0.299068268437628,-0.3984950228820965,-0.7179380098366396,-0.42110044098213534,-0.4893666565675079,-0.6807456457050176,-0.37099925800222605,2.039420424726057,4
-0.8811775628496022,-0.8176695772090371,2.0933370012170642,2.0038662321025797,-0.6662208848270063,-0.7155626228756203,1.0545734507243298,-0.299068268437628,-0.3984950228820965,-0.7179380098366396,-0.42110044098213534,-0.4893666565675079,1.468977445995038,-0.37099925800222605,-0.49033538542418215,6
0.6472032206796865,0.789884688663099,-0.4777061693452133,-0.4990353068381907,-0.6662208848270063,-0.7155626228756203,1.0545734507243298,-0.299068268437628,-0.3984950228820965,1.3928779174507582,2.3747303557025337,-0.4893666565675079,-0.6807456457050176,-0.37099925800222605,-0.49033538542418215,4
-0.8811775628496022,-0.8176695772090371,-0.4777061693452133,-0.4990353068381907,1.5010036802728937,-0.7155626228756203,-0.9482506878142568,-0.299068268437628,-0.3984950228820965,-0.7179380098366396,-0.42110044098213534,2.0434575723122457,-0.6807456457050176,-0.37099925800222605,-0.49033538542418215,6
0.6472032206796865,-0.8176695772090371,2.0933370012170642,2.0038662321025797,-0.6662208848270063,1.0844551551655364,-0.9482506878142568,-0.299068268437628,-0.3984950228820965,1.3928779174507582,-0.42110044098213534,-0.4893666565675079,1.468977445995038,-0.37099925800222605,-0.49033538542418215,7
0.6472032206796865,-0.8176695772090371,-0.4777061693452133,-0.4990353068381907,-0.6662208848270063,-0.7155626228756203,-0.9482506878142568,-0.299068268437628,-0.3984950228820965,-0.7179380098366396,-0.42110044098213534,-0.4893666565675079,-0.6807456457050176,-0.37099925800222605,2.039420424726057,6
0.6472032206796865,0.789884688663099,-0.4777061693452133,-0.4990353068381907,-0.6662208848270063,1.0844551551655364,-0.9482506878142568,3.343718159148518,-0.3984950228820965,-0.7179380098366396,-0.42110044098213534,-0.4893666565675079,-0.6807456457050176,2.695423180587601,-0.49033538542418215,3
0.6472032206796865,0.789884688663099,2.0933370012170642,-0.4990353068381907,1.5010036802728937,-0.7155626228756203,-0.9482506878142568,-0.299068268437628,2.5094416305818505,1.3928779174507582,-0.42110044098213534,-0.4893666565675079,1.468977445995038,-0.37099925800222605,-0.49033538542418215,5
0.6472032206796865,0.789884688663099,-0.4777061693452133,-0.4990353068381907,-0.6662208848270063,-0.7155626228756203,1.0545734507243298,3.343718159148518,-0.3984950228820965,1.3928779174507582,2.3747303557025337,-0.4893666565675079,-0.6807456457050176,-0.37099925800222605,-0.49033538542418215,4
0.6472032206796865,0.789884688663099,-0.4777061693452133,-0.4990353068381907,-0.6662208848270063,-0.7155626228756203,-0.9482506878142568,-0.299068268437628,-0.3984950228820965,1.3928779174507582,-0.42110044098213534,-0.4893666565675079,-0.6807456457050176,-0.37099925800222605,2.039420424726057,6
-0.8811775628496022,-0.8176695772090371,-0.4777061693452133,-0.4990353068381907,-0.6662208848270063,-0.7155626228756203,-0.9482506878142568,-0.299068268437628,-0.3984950228820965,-0.7179380098366396,-0.42110044098213534,-0.4893666565675079,-0.6807456457050176,-0.37099925800222605,2.039420424726057,6
-0.8811775628496022,0.789884688663099,-0.4777061693452133,-0.4990353068381907,-0.6662208848270063,-0.7155626228756203,1.0545734507243298,-0.299068268437628,-0.3984950228820965,-0.7179380098366396,-0.42110044098213534,-0.4893666565675079,-0.6807456457050176,-0.37099925800222605,-0.49033538542418215,8
0.6472032206796865,2.397438954535235,-0.4777061693452133,-0.4990353068381907,1.5010036802728937,1.0844551551655364,-0.9482506878142568,-0.299068268437628,-0.3984950228820965,-0.7179380098366396,-0.42110044098213534,-0.4893666565675079,1.468977445995038,2.695423180587601,-0.49033538542418215,4
-0.8811775628496022,-0.8176695772090371,-0.4777061693452133,2.0038662321025797,-0.6662208848270063,-0.7155626228756203,1.0545734507243298,3.343718159148518,-0.3984950228820965,1.3928779174507582,-0.42110044098213534,2.0434575723122457,1.468977445995038,2.695423180587601,-0.49033538542418215,5
-0.8811775628496022,-0.8176695772090371,-0.4777061693452133,-0.4990353068381907,1.5010036802728937,-0.7155626228756203,1.0545734507243298,-0.299068268437628,-0.3984950228820965,-0.7179380098366396,-0.42110044098213534,2.0434575723122457,1.468977445995038,-0.37099925800222605,-0.49033538542418215,8
0.6472032206796865,-0.8176695772090371,-0.4777061693452133,-0.4990353068381907,-0.6662208848270063,2.884472933206693,-0.9482506878142568,-0.299068268437628,-0.3984950228820965,1.3928779174507582,-0.42110044098213534,-0.4893666565675079,-0.6807456457050176,2.695423180587601,-0.49033538542418215,4
-0.8811775628496022,0.789884688663099,2.0933370012170642,-0.4990353068381907,-0.6662208848270063,-0.7155626228756203,-0.9482506878142568,-0.299068268437628,-0.3984950228820965,1.3928779174507582,-0.42110044098213534,-0.4893666565675079,-0.6807456457050176,2.695423180587601,-0.49033538542418215,5
-0.8811775628496022,-0.8176695772090371,2.0933370012170642,2.0038662321025797,-0.6662208848270063,-0.7155626228756203,1.0545734507243298,-0.299068268437628,-0.3984950228820965,-0.7179380098366396,-0.42110044098213534,-0.4893666565675079,-0.6807456457050176,-0.37099925800222605,-0.49033538542418215,9
0.6472032206796865,-0.8176695772090371,2.0933370012170642,-0.4990353068381907,-0.6662208848270063,1.0844551551655364,1.0545734507243298,-0.299068268437628,-0.3984950228820965,-0.7179380098366396,-0.42110044098213534,-0.4893666565675079,1.468977445995038,-0.37099925800222605,2.039420424726057,7
-0.8811775628496022,-0.8176695772090371,2.0933370012170642,-0.4990353068381907,1.5010036802728937,-0.7155626228756203,1.0545734507243298,-0.299068268437628,-0.3984950228820965,-0.7179380098366396,-0.42110044098213534,-0.4893666565675079,-0.6807456457050176,-0.37099925800222605,-0.49033538542418215,8
0.6472032206796865,-0.8176695772090371,-0.4777061693452133,-0.4990353068381907,1.5010036802728937,-0.7155626228756203,1.0545734507243298,-0.299068268437628,-0.3984950228820965,-0.7179380098366396,-0.42110044098213534,-0.4893666565675079,-0.6807456457050176,-0.37099925800222605,-0.49033538542418215,5
-0.8811775628496022,0.789884688663099,-0.4777061693452133,-0.4990353068381907,-0.6662208848270063,-0.7155626228756203,-0.9482506878142568,-0.299068268437628,2.5094416305818505,1.3928779174507582,-0.42110044098213534,-0.4893666565675079,-0.6807456457050176,-0.37099925800222605,2.039420424726057,7
0.6472032206796865,-0.8176695772090371,-0.4777061693452133,2.0038662321025797,-0.6662208848270063,1.0844551551655364,1.0545734507243298,-0.299068268437628,-0.3984950228820965,-0.7179380098366396,-0.42110044098213534,2.0434575723122457,1.468977445995038,-0.37099925800222605,-0.49033538542418215,4
-0.8811775628496022,-0.8176695772090371,-0.4777061693452133,-0.4990353068381907,1.5010036802728937,-0.7155626228756203,1.0545734507243298,-0.299068268437628,2.5094416305818505,-0.7179380098366396,-0.42110044098213534,-0.4893666565675079,1.468977445995038,-0.37099925800222605,-0.49033538542418215,8
-0.8811775628496022,0.789884688663099,-0.4777061693452133,-0.4990353068381907,1.5010036802728937,1.0844551551655364,1.0545734507243298,-0.299068268437628,-0.3984950228820965,-0.7179380098366396,-0.42110044098213534,-0.4893666565675079,1.468977445995038,-0.37099925800222605,-0.49033538542418215,7
-0.8811775628496022,-0.8176695772090371,-0.4777061693452133,-0.4990353068381907,-0.6662208848270063,1.0844551551655364,-0.9482506878142568,-0.299068268437628,-0.3984950228820965,-0.7179380098366396,-0.42110044098213534,2.0434575723122457,1.468977445995038,-0.37099925800222605,-0.49033538542418215,4
-0.8811775628496022,-0.8176695772090371,-0.4777061693452133,-0.4990353068381907,-0.6662208848270063,-0.7155626228756203,1.0545734507243298,-0.299068268437628,-0.3984950228820965,-0.7179380098366396,-0.42110044098213534,-0.4893666565675079,1.468977445995038,-0.37099925800222605,-0.49033538542418215,6
-0.8811775628496022,-0.8176695772090371,-0.4777061693452133,-0.4990353068381907,1.5010036802728937,-0.7155626228756203,1.0545734507243298,3.343718159148518,2.5094416305818505,-0.7179380098366396,-0.42110044098213534,-0.4893666565675079,-0.6807456457050176,-0.37099925800222605,-0.49033538542418215,7
-0.8811775628496022,0.789884688663099,-0.4777061693452133,-0.4990353068381907,1.5010036802728937,-0.7155626228756203,-0.9482506878142568,3.343718159148518,-0.3984950228820965,-0.7179380098366396,-0.42110044098213534,2.0434575723122457,-0.6807456457050176,-0.37099925800222605,-0.49033538542418215,6
2.175584004208975,0.789884688663099,-0.4777061693452133,-0.4990353068381907,-0.6662208848270063,-0.7155626228756203,-0.9482506878142568,3.343718159148518,-0.3984950228820965,1.3928779174507582,-0.42110044098213534,2.0434575723122457,1.468977445995038,2.695423180587601,-0.49033538542418215,1
-0.8811775628496022,-0.8176695772090371,2.0933370012170642,2.0038662321025797,-0.6662208848270063,-0.7155626228756203,-0.9482506878142568,-0.299068268437628,2.5094416305818505,-0.7179380098366396,2.3747303557025337,-0.4893666565675079,-0.6807456457050176,-0.37099925800222605,2.039420424726057,7
-0.8811775628496022,-0.8176695772090371,-0.4777061693452133,-0.4990353068381907,-0.6662208848270063,1.0844551551655364,1.0545734507243298,-0.299068268437628,-0.3984950228820965,-0.7179380098366396,2.3747303557025337,2.0434575723122457,-0.6807456457050176,-0.37099925800222605,-0.49033538542418215,8
0.6472032206796865,-0.8176695772090371,-0.4777061693452133,-0.4990353068381907,1.5010036802728937,1.0844551551655364,1.0545734507243298,-0.299068268437628,-0.3984950228820965,-0.7179380098366396,-0.42110044098213534,-0.4893666565675079,1.468977445995038,-0.37099925800222605,-0.49033538542418215,6
0.6472032206796865,0.789884688663099,-0.4777061693452133,-0.4990353068381907,-0.6662208848270063,-0.7155626228756203,-0.9482506878142568,-0.299068268437628,-0.3984950228820965,1.3928779174507582,-0.42110044098213534,-0.4893666565675079,1.468977445995038,-0.37099925800222605,-0.49033538542418215,6
-0.8811775628496022,0.789884688663099,-0.4777061693452133,-0.4990353068381907,-0.6662208848270063,-0.7155626228756203,-0.9482506878142568,-0.299068268437628,-0.3984950228820965,1.3928779174507582,-0.42110044098213534,-0.4893666565675079,-0.6807456457050176,-0.37099925800222605,2.039420424726057,5
-0.8811775628496022,-0.8176695772090371,-0.4777061693452133,-0.4990353068381907,1.5010036802728937,-0.7155626228756203,1.0545734507243298,-0.299068268437628,-0.3984950228820965,-0.7179380098366396,-0.42110044098213534,-0.4893666565675079,-0.6807456457050176,-0.37099925800222605,-0.49033538542418215,7
0.6472032206796865,0.789884688663099,-0.4777061693452133,-0.4990353068381907,-0.6662208848270063,-0.7155626228756203,-0.9482506878142568,-0.299068268437628,-0.3984950228820965,1.3928779174507582,-0.42110044098213534,-0.4893666565675079,-0.6807456457050176,-0.37099925800222605,-0.49033538542418215,6
0.6472032206796865,-0.8176695772090371,-0.4777061693452133,2.0038662321025797,-0.6662208848270063,-0.7155626228756203,1.0545734507243298,3.343718159148518,2.5094416305818505,1.3928779174507582,-0.42110044098213534,2.0434575723122457,1.468977445995038,2.695423180587601,-0.49033538542418215,4
-0.8811775628496022,-0.8176695772090371,2.0933370012170642,-0.4990353068381907,-0.6662208848270063,-0.7155626228756203,1.0545734507243298,-0.299068268437628,-0.3984950228820965,1.3928779174507582,2.3747303557025337,-0.4893666565675079,-0.6807456457050176,-0.37099925800222605,2.039420424726057,8
0.6472032206796865,-0.8176695772090371,2.0933370012170642,-0.4990353068381907,1.5010036802728937,-0.7155626228756203,-0.9482506878142568,-0.299068268437628,-0.3984950228820965,-0.7179380098366396,-0.42110044098213534,-0.4893666565675079,-0.6807456457050176,-0.37099925800222605,2.039420424726057,7
-0.8811775628496022,-0.8176695772090371,-0.4777061693452133,-0.4990353068381907,1.5010036802728937,-0.7155626228756203,1.0545734507243298,-0.299068268437628,-0.3984950228820965,-0.7179380098366396,-0.42110044098213534,2.0434575723122457,-0.6807456457050176,-0.37099925800222605,-0.49033538542418215,5
0.6472032206796865,-0.8176695772090371,-0.4777061693452133,-0.4990353068381907,-0.6662208848270063,1.0844551551655364,1.0545734507243298,-0.299068268437628,2.5094416305818505,1.3928779174507582,-0.42110044098213534,-0.4893666565675079,-0.6807456457050176,2.695423180587601,2.039420424726057,3
0.6472032206796865,-0.8176695772090371,-0.4777061693452133,-0.4990353068381907,-0.6662208848270063,-0.7155626228756203,1.0545734507243298,-0.299068268437628,-0.3984950228820965,-0.7179380098366396,-0.42110044098213534,-0.4893666565675079,-0.6807456457050176,-0.37099925800222605,-0.49033538542418215,7
-0.8811775628496022,-0.8176695772090371,-0.4777061693452133,-0.4990353068381907,1.5010036802728937,1.0844551551655364,-0.9482506878142568,-0.299068268437628,-0.3984950228820965,-0.7179380098366396,-0.42110044098213534,2.0434575723122457,-0.6807456457050176,-0.37099925800222605,-0.49033538542418215,7
-0.8811775628496022,-0.8176695772090371,-0.4777061693452133,-0.4990353068381907,1.5010036802728937,-0.7155626228756203,1.0545734507243298,-0.299068268437628,2.5094416305818505,-0.7179380098366396,-0.42110044098213534,-0.4893666565675079,-0.6807456457050176,-0.37099925800222605,-0.49033538542418215,8
0.6472032206796865,0.789884688663099,-0.4777061693452133,2.0038662321025797,-0.6662208848270063,1.0844551551655364,1.0545734507243298,-0.299068268437628,-0.3984950228820965,-0.7179380098366396,-0.42110044098213534,2.0434575723122457,-0.6807456457050176,-0.37099925800222605,-0.49033538542418215,6
0.6472032206796865,0.789884688663099,-0.4777061693452133,-0.4990353068381907,-0.6662208848270063,-0.7155626228756203,1.0545734507243298,3.343718159148518,-0.3984950228820965,-0.7179380098366396,-0.42110044098213534,2.0434575723122457,1.468977445995038,-0.37099925800222605,-0.49033538542418215,4
-0.8811775628496022,0.789884688663099,-0.4777061693452133,2.0038662321025797,-0.6662208848270063,1.0844551551655364,-0.9482506878142568,-0.299068268437628,-0.3984950228820965,-0.7179380098366396,-0.42110044098213534,2.0434575723122457,1.468977445995038,-0.37099925800222605,-0.49033538542418215,4
0.6472032206796865,-0.8176695772090371,-0.4777061693452133,-0.4990353068381907,1.5010036802728937,1.0844551551655364,1.0545734507243298,-0.299068268437628,-0.3984950228820965,-0.7179380098366396,-0.42110044098213534,-0.4893666565675079,-0.6807456457050176,-0.37099925800222605,-0.49033538542418215,5
-0.8811775628496022,-0.8176695772090371,2.0933370012170642,2.0038662321025797,1.5010036802728937,-0.7155626228756203,-0.9482506878142568,-0.299068268437628,2.5094416305818505,-0.7179380098366396,-0.42110044098213534,-0.4893666565675079,-0.6807456457050176,-0.37099925800222605,-0.49033538542418215,9
0.6472032206796865,-0.8176695772090371,-0.4777061693452133,2.0038662321025797,-0.6662208848270063,-0.7155626228756203,-0.9482506878142568,-0.299068268437628,-0.3984950228820965,1.3928779174507582,-0.42110044098213534,-0.4893666565675079,1.468977445995038,-0.37099925800222605,-0.49033538542418215,7
-0.8811775628496022,-0.8176695772090371,2.0933370012170642,-0.4990353068381907,-0.6662208848270063,-0.7155626228756203,1.0545734507243298,-0.299068268437628,-0.3984950228820965,1.3928779174507582,2.3747303557025337,-0.4893666565675079,1.468977445995038,-0.37099925800222605,2.039420424726057,7
0.6472032206796865,0.789884688663099,-0.4777061693452133,-0.4990353068381907,-0.6662208848270063,-0.7155626228756203,1.0545734507243298,-0.299068268437628,-0.3984950228820965,1.3928779174507582,-0.42110044098213534,-0.4893666565675079,-0.6807456457050176,-0.37099925800222605,2.039420424726057,6
0.6472032206796865,0.789884688663099,-0.4777061693452133,-0.4990353068381907,-0.6662208848270063,-0.7155626228756203,-0.9482506878142568,3.343718159148518,-0.3984950228820965,-0.7179380098366396,-0.42110044098213534,-0.4893666565675079,-0.6807456457050176,-0.37099925800222605,-0.49033538542418215,2
-0.8811775628496022,0.789884688663099,2.0933370012170642,-0.4990353068381907,-0.6662208848270063,1.0844551551655364,-0.9482506878142568,-0.299068268437628,-0.3984950228820965,1.3928779174507582,2.3747303557025337,-0.4893666565675079,-0.6807456457050176,-0.37099925800222605,-0.49033538542418215,7
0.6472032206796865,0.789884688663099,-0.4777061693452133,-0.4990353068381907,1.5010036802728937,1.0844551551655364,-0.9482506878142568,-0.299068268437628,-0.3984950228820965,-0.7179380098366396,-0.42110044098213534,2.0434575723122457,1.468977445995038,-0.37099925800222605,-0.49033538542418215,4
0.6472032206796865,-0.8176695772090371,-0.4777061693452133,-0.4990353068381907,-0.6662208848270063,-0.7155626228756203,-0.9482506878142568,-0.299068268437628,-0.3984950228820965,1.3928779174507582,-0.42110044098213534,-0.4893666565675079,-0.6807456457050176,2.695423180587601,-0.49033538542418215,3
0.6472032206796865,-0.8176695772090371,-0.4777061693452133,2.0038662321025797,1.5010036802728937,1.0844551551655364,1.0545734507243298,-0.299068268437628,-0.3984950228820965,-0.7179380098366396,-0.42110044098213534,-0.4893666565675079,-0.6807456457050176,-0.37099925800222605,-0.49033538542418215,7
-0.8811775628496022,-0.8176695772090371,2.0933370012170642,-0.4990353068381907,-0.6662208848270063,1.0844551551655364,1.0545734507243298,-0.299068268437628,-0.3984950228820965,-0.7179380098366396,-0.42110044098213534,-0.4893666565675079,-0.6807456457050176,-0.37099925800222605,-0.49033538542418215,7
0.6472032206796865,0.789884688663099,-0.4777061693452133,-0.4990353068381907,-0.6662208848270063,-0.7155626228756203,1.0545734507243298,-0.299068268437628,-0.3984950228820965,1.3928779174507582,-0.42110044098213534,-0.4893666565675079,1.468977445995038,-0.37099925800222605,-0.49033538542418215,4
-0.8811775628496022,-0.8176695772090371,2.0933370012170642,2.0038662321025797,-0.6662208848270063,-0.7155626228756203,-0.9482506878142568,-0.299068268437628,-0.3984950228820965,-0.7179380098366396,2.3747303557025337,-0.4893666565675079,-0.6807456457050176,-0.37099925800222605,-0.49033538542418215,7
-0.8811775628496022,0.789884688663099,-0.4777061693452133,-0.4990353068381907,-0.6662208848270063,-0.7155626228756203,1.0545734507243298,-0.299068268437628,-0.3984950228820965,1.3928779174507582,-0.42110044098213534,2.0434575723122457,1.468977445995038,-0.37099925800222605,-0.49033538542418215,5
0.6472032206796865,-0.8176695772090371,2.0933370012170642,-0.4990353068381907,1.5010036802728937,1.0844551551655364,-0.9482506878142568,-0.299068268437628,-0.3984950228820965,-0.7179380098366396,2.3747303557025337,-0.4893666565675079,-0.6807456457050176,-0.37099925800222605,-0.49033538542418215,6
0.6472032206796865,0.789884688663099,-0.4777061693452133,-0.4990353068381907,-0.6662208848270063,-0.7155626228756203,1.0545734507243298,3.343718159148518,-0.3984950228820965,-0.7179380098366396,-0.42110044098213534,2.0434575723122457,1.468977445995038,-0.37099925800222605,-0.49033538542418215,4
-0.8811775628496022,0.789884688663099,-0.4777061693452133,-0.4990353068381907,1.5010036802728937,-0.7155626228756203,-0.9482506878142568,-0.299068268437628,2.5094416305818505,-0.7179380098366396,2.3747303557025337,-0.4893666565675079,-0.6807456457050176,-0.37099925800222605,-0.49033538542418215,5
0.6472032206796865,-0.8176695772090371,-0.4777061693452133,-0.4990353068381907,1.5010036802728937,-0.7155626228756203,-0.9482506878142568,-0.299068268437628,-0.3984950228820965,-0.7179380098366396,-0.42110044098213534,-0.4893666565675079,-0.6807456457050176,-0.37099925800222605,-0.49033538542418215,5
2.175584004208975,0.789884688663099,-0.4777061693452133,-0.4990353068381907,-0.6662208848270063,1.0844551551655364,-0.9482506878142568,-0.299068268437628,-0.3984950228820965,1.3928779174507582,-0.42110044098213534,2.0434575723122457,-0.6807456457050176,2.695423180587601,-0.49033538542418215,4
0.6472032206796865,-0.8176695772090371,-0.4777061693452133,-0.4990353068381907,-0.6662208848270063,1.0844551551655364,1.0545734507243298,-0.299068268437628,-0.3984950228820965,-0.7179380098366396,-0.42110044098213534,2.0434575723122457,-0.6807456457050176,-0.37099925800222605,-0.49033538542418215,5
0.6472032206796865,0.789884688663099,-0.4777061693452133,-0.4990353068381907,-0.6662208848270063,1.0844551551655364,-0.9482506878142568,-0.299068268437628,-0.3984950228820965,-0.7179380098366396,-0.42110044098213534,-0.4893666565675079,-0.6807456457050176,-0.37099925800222605,2.039420424726057,6
-0.8811775628496022,0.789884688663099,-0.4777061693452133,-0.4990353068381907,-0.6662208848270063,-0.7155626228756203,-0.9482506878142568,-0.299068268437628,-0.3984950228820965,1.3928779174507582,-0.42110044098213534,-0.4893666565675079,-0.6807456457050176,-0.37099925800222605,2.039420424726057,4
-0.8811775628496022,0.789884688663099,-0.4777061693452133,-0.4990353068381907,-0.6662208848270063,1.0844551551655364,-0.9482506878142568,-0.299068268437628,-0.3984950228820965,-0.7179380098366396,-0.42110044098213534,-0.4893666565675079,-0.6807456457050176,-0.37099925800222605,2.039420424726057,8
0.6472032206796865,-0.8176695772090371,-0.4777061693452133,2.0038662321025797,-0.6662208848270063,1.0844551551655364,-0.9482506878142568,-0.299068268437628,-0.3984950228820965,-0.7179380098366396,-0.42110044098213534,2.0434575723122457,-0.6807456457050176,-0.37099925800222605,2.039420424726057,5
0.6472032206796865,-0.8176695772090371,-0.4777061693452133,-0.4990353068381907,-0.6662208848270063,-0.7155626228756203,-0.9482506878142568,-0.299068268437628,-0.3984950228820965,-0.7179380098366396,-0.42110044098213534,-0.4893666565675079,1.468977445995038,2.695423180587601,-0.49033538542418215,4
-0.8811775628496022,-0.8176695772090371,-0.4777061693452133,-0.4990353068381907,1.5010036802728937,1.0844551551655364,-0.9482506878142568,-0.299068268437628,-0.3984950228820965,-0.7179380098366396,-0.42110044098213534,2.0434575723122457,-0.6807456457050176,-0.37099925800222605,2.039420424726057,7
-0.8811775628496022,0.789884688663099,-0.4777061693452133,2.0038662321025797,-0.6662208848270063,-0.7155626228756203,1.0545734507243298,-0.299068268437628,-0.3984950228820965,-0.7179380098366396,-0.42110044098213534,-0.4893666565675079,-0.6807456457050176,-0.37099925800222605,-0.49033538542418215,6
0.6472032206796865,-0.8176695772090371,2.0933370012170642,-0.4990353068381907,1.5010036802728937,1.0844551551655364,-0.9482506878142568,-0.299068268437628,-0.3984950228820965,1.3928779174507582,-0.42110044098213534,-0.4893666565675079,-0.6807456457050176,-0.37099925800222605,-0.49033538542418215,5
2.175584004208975,0.789884688663099,-0.4777061693452133,-0.4990353068381907,-0.6662208848270063,2.884472933206693,-0.9482506878142568,-0.299068268437628,-0.3984950228820965,-0.7179380098366396,-0.42110044098213534,-0.4893666565675079,-0.6807456457050176,-0.37099925800222605,-0.49033538542418215,2
-0.8811775628496022,-0.8176695772090371,-0.4777061693452133,-0.4990353068381907,-0.6662208848270063,-0.7155626228756203,-0.9482506878142568,-0.299068268437628,-0.3984950228820965,1.3928779174507582,-0.42110044098213534,-0.4893666565675079,-0.6807456457050176,-0.37099925800222605,-0.49033538542418215,7
0.6472032206796865,-0.8176695772090371,2.0933370012170642,-0.4990353068381907,1.5010036802728937,1.0844551551655364,1.0545734507243298,-0.299068268437628,-0.3984950228820965,-0.7179380098366396,2.3747303557025337,-0.4893666565675079,-0.6807456457050176,-0.37099925800222605,2.039420424726057,8
-0.8811775628496022,-0.8176695772090371,-0.4777061693452133,-0.4990353068381907,-0.6662208848270063,-0.7155626228756203,1.0545734507243298,-0.299068268437628,-0.3984950228820965,-0.7179380098366396,-0.42110044098213534,-0.4893666565675079,-0.6807456457050176,-0.37099925800222605,-0.49033538542418215,8
-0.8811775628496022,0.789884688663099,-0.4777061693452133,-0.4990353068381907,-0.6662208848270063,-0.7155626228756203,-0.9482506878142568,-0.299068268437628,-0.3984950228820965,-0.7179380098366396,-0.42110044098213534,-0.4893666565675079,-0.6807456457050176,-0.37099925800222605,2.039420424726057,6
-0.8811775628496022,-0.8176695772090371,-0.4777061693452133,-0.4990353068381907,-0.6662208848270063,-0.7155626228756203,-0.9482506878142568,-0.299068268437628,-0.3984950228820965,-0.7179380098366396,2.3747303557025337,-0.4893666565675079,-0.6807456457050176,-0.37099925800222605,-0.49033538542418215,7
0.6472032206796865,0.789884688663099,-0.4777061693452133,-0.4990353068381907,-0.6662208848270063,-0.7155626228756203,1.0545734507243298,-0.299068268437628,-0.3984950228820965,-0.7179380098366396,-0.42110044098213534,-0.4893666565675079,-0.6807456457050176,-0.37099925800222605,2.039420424726057,7
-0.8811775628496022,-0.8176695772090371,-0.4777061693452133,-0.4990353068381907,-0.6662208848270063,-0.7155626228756203,-0.9482506878142568,-0.299068268437628,-0.3984950228820965,-0.7179380098366396,-0.42110044098213534,-0.4893666565675079,-0.6807456457050176,-0.37099925800222605,2.039420424726057,7
2.175584004208975,2.397438954535235,-0.4777061693452133,-0.4990353068381907,-0.6662208848270063,1.0844551551655364,-0.9482506878142568,-0.299068268437628,-0.3984950228820965,-0.7179380098366396,-0.42110044098213534,-0.4893666565675079,-0.6807456457050176,-0.37099925800222605,-0.49033538542418215,5
-0.8811775628496022,-0.8176695772090371,-0.4777061693452133,-0.4990353068381907,-0.6662208848270063,-0.7155626228756203,-0.9482506878142568,-0.299068268437628,-0.3984950228820965,-0.7179380098366396,-0.42110044098213534,-0.4893666565675079,-0.6807456457050176,2.695423180587601,-0.49033538542418215,4
-0.8811775628496022,0.789884688663099,-0.4777061693452133,-0.4990353068381907,1.5010036802728937,-0.7155626228756203,1.0545734507243298,-0.299068268437628,-0.3984950228820965,-0.7179380098366396,-0.42110044098213534,-0.4893666565675079,-0.6807456457050176,-0.37099925800222605,-0.49033538542418215,6
0.6472032206796865,-0.8176695772090371,2.0933370012170642,2.0038662321025797,1.5010036802728937,-0.7155626228756203,-0.9482506878142568,-0.299068268437628,2.5094416305818505,-0.7179380098366396,2.3747303557025337,-0.4893666565675079,-0.6807456457050176,-0.37099925800222605,-0.49033538542418215,8
-0.8811775628496022,0.789884688663099,-0.4777061693452133,2.0038662321025797,-0.6662208848270063,-0.7155626228756203,-0.9482506878142568,-0.299068268437628,-0.3984950228820965,-0.7179380098366396,-0.42110044098213534,-0.4893666565675079,1.468977445995038,2.695423180587601,-0.49033538542418215,7
-0.8811775628496022,-0.8176695772090371,-0.4777061693452133,2.0038662321025797,1.5010036802728937,-0.7155626228756203,1.0545734507243298,-0.299068268437628,-0.3984950228820965,-0.7179380098366396,-0.42110044098213534,-0.4893666565675079,-0.6807456457050176,-0.37099925800222605,2.039420424726057,9
-0.8811775628496022,-0.8176695772090371,-0.4777061693452133,-0.4990353068381907,-0.6662208848270063,1.0844551551655364,1.0545734507243298,-0.299068268437628,-0.3984950228820965,1.3928779174507582,-0.42110044098213534,-0.4893666565675079,1.468977445995038,-0.37099925800222605,-0.49033538542418215,6
-0.8811775628496022,-0.8176695772090371,-0.4777061693452133,-0.4990353068381907,-0.6662208848270063,1.0844551551655364,1.0545734507243298,-0.299068268437628,-0.3984950228820965,-0.7179380098366396,-0.42110044098213534,-0.4893666565675079,-0.6807456457050176,-0.37099925800222605,-0.49033538542418215,7
-0.8811775628496022,-0.8176695772090371,2.0933370012170642,-0.4990353068381907,-0.6662208848270063,-0.7155626228756203,-0.9482506878142568,-0.299068268437628,-0.3984950228820965,-0.7179380098366396,2.3747303557025337,-0.4893666565675079,-0.6807456457050176,-0.37099925800222605,-0.49033538542418215,7
0.6472032206796865,0.789884688663099,-0.4777061693452133,2.0038662321025797,1.5010036802728937,1.0844551551655364,1.0545734507243298,-0.299068268437628,2.5094416305818505,1.3928779174507582,-0.42110044098213534,2.0434575723122457,-0.6807456457050176,-0.37099925800222605,-0.49033538542418215,6
2.175584004208975,-0.8176695772090371,-0.4777061693452133,-0.4990353068381907,-0.6662208848270063,1.0844551551655364,-0.9482506878142568,-0.299068268437628,-0.3984950228820965,-0.7179380098366396,2.3747303557025337,-0.4893666565675079,-0.6807456457050176,-0.37099925800222605,-0.49033538542418215,5
-0.8811775628496022,-0.8176695772090371,-0.4777061693452133,-0.4990353068381907,-0.6662208848270063,1.0844551551655364,-0.9482506878142568,-0.299068268437628,-0.3984950228820965,-0.7179380098366396,-0.42110044098213534,-0.4893666565675079,-0.6807456457050176,-0.37099925800222605,2.039420424726057,6
-0.8811775628496022,-0.8176695772090371,2.0933370012170642,2.0038662321025797,-0.6662208848270063,-0.7155626228756203,1.0545734507243298,-0.299068268437628,-0.3984950228820965,-0.7179380098366396,2.3747303557025337,-0.4893666565675079,-0.6807456457050176,-0.37099925800222605,-0.49033538542418215,8
0.6472032206796865,-0.8176695772090371,-0.4777061693452133,-0.4990353068381907,-0.6662208848270063,-0.7155626228756203,-0.9482506878142568,-0.299068268437628,-0.3984950228820965,1.3928779174507582,-0.42110044098213534,-0.4893666565675079,1.468977445995038,-0.37099925800222605,-0.49033538542418215,4
-0.8811775628496022,-0.8176695772090371,-0.4777061693452133,-0.4990353068381907,-0.6662208848270063,-0.7155626228756203,1.0545734507243298,-0.299068268437628,2.5094416305818505,-0.7179380098366396,-0.42110044098213534,-0.4893666565675079,1.468977445995038,-0.37099925800222605,-0.49033538542418215,7
-0.8811775628496022,-0.8176695772090371,2.0933370012170642,2.0038662321025797,1.5010036802728937,-0.7155626228756203,1.0545734507243298,-0.299068268437628,-0.3984950228820965,-0.7179380098366396,-0.42110044098213534,-0.4893666565675079,-0.6807456457050176,-0.37099925800222605,-0.49033538542418215,9
2.175584004208975,0.789884688663099,-0.4777061693452133,-0.4990353068381907,-0.6662208848270063,-0.7155626228756203,-0.9482506878142568,-0.299068268437628,-0.3984950228820965,1.3928779174507582,-0.42110044098213534,-0.4893666565675079,-0.6807456457050176,-0.37099925800222605,2.039420424726057,6
0.6472032206796865,-0.8176695772090371,-0.4777061693452133,-0.4990353068381907,-0.6662208848270063,1.0844551551655364,1.0545734507243298,-0.299068268437628,-0.3984950228820965,-0.7179380098366396,-0.42110044098213534,-0.4893666565675079,-0.6807456457050176,-0.37099925800222605,-0.49033538542418215,9
-0.8811775628496022,-0.8176695772090371,-0.4777061693452133,-0.4990353068381907,-0.6662208848270063,-0.7155626228756203,-0.9482506878142568,-0.299068268437628,-0.3984950228820965,1.3928779174507582,-0.42110044098213534,-0.4893666565675079,-0.6807456457050176,-0.37099925800222605,2.039420424726057,5
0.6472032206796865,-0.8176695772090371,-0.4777061693452133,-0.4990353068381907,-0.6662208848270063,-0.7155626228756203,1.0545734507243298,-0.299068268437628,-0.3984950228820965,1.3928779174507582,2.3747303557025337,-0.4893666565675079,-0.6807456457050176,-0.37099925800222605,-0.49033538542418215,8
0.6472032206796865,0.789884688663099,-0.4777061693452133,2.0038662321025797,1.5010036802728937,-0.7155626228756203,1.0545734507243298,-0.299068268437628,-0.3984950228820965,-0.7179380098366396,-0.42110044098213534,2.0434575723122457,1.468977445995038,-0.37099925800222605,-0.49033538542418215,5
0.6472032206796865,-0.8176695772090371,-0.4777061693452133,-0.4990353068381907,-0.6662208848270063,-0.7155626228756203,-0.9482506878142568,3.343718159148518,-0.3984950228820965,1.3928779174507582,2.3747303557025337,2.0434575723122457,-0.6807456457050176,-0.37099925800222605,-0.49033538542418215,4
-0.8811775628496022,-0.8176695772090371,-0.4777061693452133,-0.4990353068381907,1.5010036802728937,-0.7155626228756203,-0.9482506878142568,-0.299068268437628,2.5094416305818505,-0.7179380098366396,2.3747303557025337,-0.4893666565675079,-0.6807456457050176,-0.37099925800222605,-0.49033538542418215,8
0.6472032206796865,0.789884688663099,-0.4777061693452133,-0.4990353068381907,-0.6662208848270063,1.0844551551655364,-0.9482506878142568,-0.299068268437628,-0.3984950228820965,1.3928779174507582,-0.42110044098213534,-0.4893666565675079,1.468977445995038,-0.37099925800222605,-0.49033538542418215,4
0.6472032206796865,-0.8176695772090371,-0.4777061693452133,-0.4990353068381907,1.5010036802728937,1.0844551551655364,-0.9482506878142568,-0.299068268437628,2.5094416305818505,-0.7179380098366396,-0.42110044098213534,2.0434575723122457,-0.6807456457050176,-0.37099925800222605,-0.49033538542418215,7
-0.8811775628496022,-0.8176695772090371,-0.4777061693452133,-0.4990353068381907,-0.6662208848270063,-0.7155626228756203,-0.9482506878142568,-0.299068268437628,-0.3984950228820965,1.3928779174507582,-0.42110044098213534,-0.4893666565675079,1.468977445995038,-0.37099925800222605,2.039420424726057,6
-0.8811775628496022,0.789884688663099,2.0933370012170642,-0.4990353068381907,-0.6662208848270063,-0.7155626228756203,-0.9482506878142568,-0.299068268437628,-0.3984950228820965,1.3928779174507582,-0.42110044098213534,-0.4893666565675079,-0.6807456457050176,-0.37099925800222605,-0.49033538542418215,6
-0.8811775628496022,-0.8176695772090371,-0.4777061693452133,-0.4990353068381907,-0.6662208848270063,-0.7155626228756203,1.0545734507243298,-0.299068268437628,2.5094416305818505,1.3928779174507582,2.3747303557025337,-0.4893666565675079,1.468977445995038,-0.37099925800222605,2.039420424726057,7
-0.8811775628496022,0.789884688663099,-0.4777061693452133,-0.4990353068381907,-0.6662208848270063,1.0844551551655364,1.0545734507243298,-0.299068268437628,-0.3984950228820965,1.3928779174507582,-0.42110044098213534,-0.4893666565675079,-0.6807456457050176,-0.37099925800222605,-0.49033538542418215,4
0.6472032206796865,0.789884688663099,-0.4777061693452133,-0.4990353068381907,-0.6662208848270063,1.0844551551655364,1.0545734507243298,-0.299068268437628,2.5094416305818505,-0.7179380098366396,-0.42110044098213534,-0.4893666565675079,-0.6807456457050176,-0.37099925800222605,-0.49033538542418215,6
-0.8811775628496022,-0.8176695772090371,-0.4777061693452133,2.0038662321025797,-0.6662208848270063,-0.7155626228756203,1.0545734507243298,-0.299068268437628,-0.3984950228820965,1.3928779174507582,-0.42110044098213534,-0.4893666565675079,-0.6807456457050176,-0.37099925800222605,-0.49033538542418215,7
0.6472032206796865,0.789884688663099,-0.4777061693452133,-0.4990353068381907,1.5010036802728937,-0.7155626228756203,-0.9482506878142568,-0.299068268437628,-0.3984950228820965,-0.7179380098366396,-0.42110044098213534,-0.4893666565675079,-0.6807456457050176,-0.37099925800222605,-0.49033538542418215,4
0.6472032206796865,-0.8176695772090371,-0.4777061693452133,-0.4990353068381907,-0.6662208848270063,1.0844551551655364,1.0545734507243298,-0.299068268437628,2.5094416305818505,1.3928779174507582,-0.42110044098213534,-0.4893666565675079,-0.6807456457050176,-0.37099925800222605,-0.49033538542418215,7
-0.8811775628496022,-0.8176695772090371,-0.4777061693452133,-0.4990353068381907,1.5010036802728937,-0.7155626228756203,1.0545734507243298,-0.299068268437628,-0.3984950228820965,-0.7179380098366396,-0.42110044098213534,2.0434575723122457,1.468977445995038,-0.37099925800222605,-0.49033538542418215,8
0.6472032206796865,-0.8176695772090371,-0.4777061693452133,-0.4990353068381907,-0.6662208848270063,-0.7155626228756203,1.0545734507243298,-0.299068268437628,-0.3984950228820965,-0.7179380098366396,2.3747303557025337,-0.4893666565675079,-0.6807456457050176,-0.37099925800222605,-0.49033538542418215,4
0.6472032206796865,0.789884688663099,-0.4777061693452133,2.0038662321025797,-0.6662208848270063,-0.7155626228756203,1.0545734507243298,-0.299068268437628,-0.3984950228820965,1.3928779174507582,-0.42110044098213534,-0.4893666565675079,-0.6807456457050176,-0.37099925800222605,2.039420424726057,6
0.6472032206796865,0.789884688663099,-0.4777061693452133,-0.4990353068381907,-0.6662208848270063,1.0844551551655364,-0.9482506878142568,-0.299068268437628,-0.3984950228820965,-0.7179380098366396,2.3747303557025337,-0.4893666565675079,1.468977445995038,-0.37099925800222605,-0.49033538542418215,6
-0.8811775628496022,0.789884688663099,2.0933370012170642,-0.4990353068381907,1.5010036802728937,-0.7155626228756203,1.0545734507243298,-0.299068268437628,-0.3984950228820965,-0.7179380098366396,-0.42110044098213534,-0.4893666565675079,-0.6807456457050176,-0.37099925800222605,2.039420424726057,7
0.6472032206796865,0.789884688663099,-0.4777061693452133,-0.4990353068381907,-0.6662208848270063,1.0844551551655364,1.0545734507243298,-0.299068268437628,-0.3984950228820965,-0.7179380098366396,-0.42110044098213534,-0.4893666565675079,-0.6807456457050176,-0.37099925800222605,-0.49033538542418215,5
-0.8811775628496022,-0.8176695772090371,2.0933370012170642,-0.4990353068381907,1.5010036802728937,1.0844551551655364,-0.9482506878142568,-0.299068268437628,-0.3984950228820965,-0.7179380098366396,-0.42110044098213534,-0.4893666565675079,-0.6807456457050176,2.695423180587601,-0.49033538542418215,7
-0.8811775628496022,2.397438954535235,-0.4777061693452133,-0.4990353068381907,-0.6662208848270063,1.0844551551655364,1.0545734507243298,-0.299068268437628,-0.3984950228820965,1.3928779174507582,2.3747303557025337,-0.4893666565675079,-0.6807456457050176,-0.37099925800222605,-0.49033538542418215,3
-0.8811775628496022,-0.8176695772090371,-0.4777061693452133,-0.4990353068381907,-0.6662208848270063,-0.7155626228756203,1.0545734507243298,-0.299068268437628,-0.3984950228820965,-0.7179380098366396,-0.42110044098213534,2.0434575723122457,-0.6807456457050176,-0.37099925800222605,-0.49033538542418215,5
-0.8811775628496022,-0.8176695772090371,2.0933370012170642,-0.4990353068381907,1.5010036802728937,-0.7155626228756203,1.0545734507243298,-0.299068268437628,-0.3984950228820965,-0.7179380098366396,2.3747303557025337,-0.4893666565675079,-0.6807456457050176,-0.37099925800222605,-0.49033538542418215,6
0.6472032206796865,-0.8176695772090371,2.0933370012170642,2.0038662321025797,1.5010036802728937,-0.7155626228756203,1.0545734507243298,-0.299068268437628,-0.3984950228820965,-0.7179380098366396,-0.42110044098213534,-0.4893666565675079,-0.6807456457050176,-0.37099925800222605,-0.49033538542418215,7
0.6472032206796865,0.789884688663099,-0.4777061693452133,-0.4990353068381907,-0.6662208848270063,-0.7155626228756203,1.0545734507243298,-0.299068268437628,-0.3984950228820965,1.3928779174507582,2.3747303557025337,-0.4893666565675079,-0.6807456457050176,2.695423180587601,-0.49033538542418215,4
0.6472032206796865,-0.8176695772090371,2.0933370012170642,-0.4990353068381907,-0.6662208848270063,-0.7155626228756203,-0.9482506878142568,-0.299068268437628,-0.3984950228820965,-0.7179380098366396,-0.42110044098213534,-0.4893666565675079,1.468977445995038,-0.37099925800222605,2.039420424726057,6
2.175584004208975,2.397438954535235,-0.4777061693452133,-0.4990353068381907,-0.6662208848270063,1.0844551551655364,-0.9482506878142568,-0.299068268437628,-0.3984950228820965,-0.7179380098366396,-0.42110044098213534,-0.4893666565675079,-0.6807456457050176,-0.37099925800222605,-0.49033538542418215,3
0.6472032206796865,0.789884688663099,-0.4777061693452133,-0.4990353068381907,-0.6662208848270063,1.0844551551655364,1.0545734507243298,-0.299068268437628,-0.3984950228820965,-0.7179380098366396,-0.42110044098213534,-0.4893666565675079,-0.6807456457050176,-0.37099925800222605,-0.49033538542418215,5
0.6472032206796865,0.789884688663099,-0.4777061693452133,-0.4990353068381907,-0.6662208848270063,1.0844551551655364,-0.9482506878142568,-0.299068268437628,-0.3984950228820965,-0.7179380098366396,-0.42110044098213534,-0.4893666565675079,1.468977445995038,-0.37099925800222605,-0.49033538542418215,5
-0.8811775628496022,0.789884688663099,-0.4777061693452133,2.0038662321025797,-0.6662208848270063,-0.7155626228756203,1.0545734507243298,-0.299068268437628,-0.3984950228820965,1.3928779174507582,2.3747303557025337,-0.4893666565675079,-0.6807456457050176,2.695423180587601,2.039420424726057,8
0.6472032206796865,0.789884688663099,-0.4777061693452133,-0.4990353068381907,-0.6662208848270063,-0.7155626228756203,-0.9482506878142568,-0.299068268437628,-0.3984950228820965,-0.7179380098366396,-0.42110044098213534,-0.4893666565675079,-0.6807456457050176,2.695423180587601,-0.49033538542418215,3
2.175584004208975,-0.8176695772090371,-0.4777061693452133,2.0038662321025797,-0.6662208848270063,1.0844551551655364,1.0545734507243298,3.343718159148518,2.5094416305818505,-0.7179380098366396,-0.42110044098213534,2.0434575723122457,1.468977445995038,-0.37099925800222605,-0.49033538542418215,4
0.6472032206796865,-0.8176695772090371,-0.4777061693452133,-0.4990353068381907,-0.6662208848270063,-0.7155626228756203,1.0545734507243298,-0.299068268437628,-0.3984950228820965,-0.7179380098366396,-0.42110044098213534,2.0434575723122457,1.468977445995038,-0.37099925800222605,-0.49033538542418215,6
-0.8811775628496022,0.789884688663099,-0.4777061693452133,-0.4990353068381907,1.5010036802728937,1.0844551551655364,-0.9482506878142568,-0.299068268437628,-0.3984950228820965,-0.7179380098366396,-0.42110044098213534,-0.4893666565675079,1.468977445995038,2.695423180587601,-0.49033538542418215,4
0.6472032206796865,-0.8176695772090371,-0.4777061693452133,-0.4990353068381907,1.5010036802728937,-0.7155626228756203,1.0545734507243298,-0.299068268437628,-0.3984950228820965,1.3928779174507582,2.3747303557025337,-0.4893666565675079,1.468977445995038,-0.37099925800222605,2.039420424726057,8
0.6472032206796865,0.789884688663099,-0.4777061693452133,-0.4990353068381907,1.5010036802728937,-0.7155626228756203,1.0545734507243298,-0.299068268437628,2.5094416305818505,-0.7179380098366396,-0.42110044098213534,2.0434575723122457,1.468977445995038,-0.37099925800222605,-0.49033538542418215,5
-0.8811775628496022,-0.8176695772090371,-0.4777061693452133,-0.4990353068381907,1.5010036802728937,1.0844551551655364,-0.9482506878142568,-0.299068268437628,2.5094416305818505,-0.7179380098366396,2.3747303557025337,-0.4893666565675079,-0.6807456457050176,2.695423180587601,-0.49033538542418215,7
0.6472032206796865,-0.8176695772090371,-0.4777061693452133,2.0038662321025797,-0.6662208848270063,-0.7155626228756203,-0.9482506878142568,-0.299068268437628,-0.3984950228820965,-0.7179380098366396,-0.42110044098213534,-0.4893666565675079,-0.6807456457050176,-0.37099925800222605,-0.49033538542418215,7
2.175584004208975,2.397438954535235,-0.4777061693452133,-0.4990353068381907,1.5010036802728937,-0.7155626228756203,-0.9482506878142568,-0.299068268437628,-0.3984950228820965,-0.7179380098366396,-0.42110044098213534,-0.4893666565675079,-0.6807456457050176,-0.37099925800222605,-0.49033538542418215,5
-0.8811775628496022,-0.8176695772090371,-0.4777061693452133,-0.4990353068381907,-0.6662208848270063,-0.7155626228756203,-0.9482506878142568,-0.299068268437628,-0.3984950228820965,-0.7179380098366396,-0.42110044098213534,2.0434575723122457,1.468977445995038,-0.37099925800222605,-0.49033538542418215,9
0.6472032206796865,-0.8176695772090371,-0.4777061693452133,-0.4990353068381907,-0.6662208848270063,-0.7155626228756203,1.0545734507243298,-0.299068268437628,-0.3984950228820965,1.3928779174507582,-0.42110044098213534,-0.4893666565675079,-0.6807456457050176,-0.37099925800222605,-0.49033538542418215,4
0.6472032206796865,0.789884688663099,-0.4777061693452133,-0.4990353068381907,-0.6662208848270063,-0.7155626228756203,-0.9482506878142568,-0.299068268437628,-0.3984950228820965,1.3928779174507582,-0.42110044098213534,-0.4893666565675079,-0.6807456457050176,2.695423180587601,-0.49033538542418215,4
0.6472032206796865,-0.8176695772090371,-0.4777061693452133,-0.4990353068381907,-0.6662208848270063,-0.7155626228756203,1.0545734507243298,-0.299068268437628,2.5094416305818505,-0.7179380098366396,-0.42110044098213534,-0.4893666565675079,-0.6807456457050176,-0.37099925800222605,-0.49033538542418215,7
-0.8811775628496022,0.789884688663099,2.0933370012170642,-0.4990353068381907,1.5010036802728937,-0.7155626228756203,1.0545734507243298,-0.299068268437628,2.5094416305818505,1.3928779174507582,2.3747303557025337,-0.4893666565675079,-0.6807456457050176,-0.37099925800222605,-0.49033538542418215,8
0.6472032206796865,-0.8176695772090371,2.0933370012170642,2.0038662321025797,-0.6662208848270063,1.0844551551655364,-0.9482506878142568,-0.299068268437628,2.5094416305818505,1.3928779174507582,2.3747303557025337,-0.4893666565675079,-0.6807456457050176,-0.37099925800222605,2.039420424726057,7
-0.8811775628496022,-0.8176695772090371,-0.4777061693452133,-0.4990353068381907,-0.6662208848270063,-0.7155626228756203,-0.9482506878142568,-0.299068268437628,-0.3984950228820965,1.3928779174507582,-0.42110044098213534,-0.4893666565675079,1.468977445995038,-0.37099925800222605,-0.49033538542418215,6
-0.8811775628496022,-0.8176695772090371,-0.4777061693452133,2.0038662321025797,-0.6662208848270063,-0.7155626228756203,-0.9482506878142568,-0.299068268437628,-0.3984950228820965,-0.7179380098366396,-0.42110044098213534,2.0434575723122457,-0.6807456457050176,-0.37099925800222605,-0.49033538542418215,5
0.6472032206796865,-0.8176695772090371,-0.4777061693452133,-0.4990353068381907,1.5010036802728937,-0.7155626228756203,1.0545734507243298,-0.299068268437628,-0.3984950228820965,-0.7179380098366396,-0.42110044098213534,-0.4893666565675079,-0.6807456457050176,-0.37099925800222605,-0.49033538542418215,7
0.6472032206796865,-0.8176695772090371,-0.4777061693452133,-0.4990353068381907,-0.6662208848270063,1.0844551551655364,-0.9482506878142568,-0.299068268437628,-0.3984950228820965,-0.7179380098366396,-0.42110044098213534,-0.4893666565675079,-0.6807456457050176,-0.37099925800222605,2.039420424726057,4
0.6472032206796865,-0.8176695772090371,-0.4777061693452133,-0.4990353068381907,1.5010036802728937,-0.7155626228756203,-0.9482506878142568,3.343718159148518,-0.3984950228820965,-0.7179380098366396,-0.42110044098213534,-0.4893666565675079,-0.6807456457050176,-0.37099925800222605,-0.49033538542418215,5
0.6472032206796865,-0.8176695772090371,2.0933370012170642,-0.4990353068381907,-0.6662208848270063,1.0844551551655364,1.0545734507243298,-0.299068268437628,2.5094416305818505,-0.7179380098366396,2.3747303557025337,-0.4893666565675079,-0.6807456457050176,-0.37099925800222605,2.039420424726057,5
0.6472032206796865,2.397438954535235,-0.4777061693452133,-0.4990353068381907,-0.6662208848270063,-0.7155626228756203,-0.9482506878142568,-0.299068268437628,-0.3984950228820965,-0.7179380098366396,-0.42110044098213534,-0.4893666565675079,1.468977445995038,2.695423180587601,2.039420424726057,3
-0.8811775628496022,0.789884688663099,-0.4777061693452133,-0.4990353068381907,-0.6662208848270063,1.0844551551655364,1.0545734507243298,-0.299068268437628,-0.3984950228820965,1.3928779174507582,-0.42110044098213534,-0.4893666565675079,-0.6807456457050176,-0.37099925800222605,-0.49033538542418215,4
-0.8811775628496022,2.397438954535235,-0.4777061693452133,-0.4990353068381907,-0.6662208848270063,-0.7155626228756203,1.0545734507243298,-0.299068268437628,-0.3984950228820965,1.3928779174507582,-0.42110044098213534,-0.4893666565675079,-0.6807456457050176,-0.37099925800222605,-0.49033538542418215,4
-0.8811775628496022,-0.8176695772090371,2.0933370012170642,2.0038662321025797,-0.6662208848270063,-0.7155626228756203,1.0545734507243298,-0.299068268437628,-0.3984950228820965,-0.7179380098366396,-0.42110044098213534,2.0434575723122457,1.468977445995038,-0.37099925800222605,-0.49033538542418215,7
2.175584004208975,0.789884688663099,-0.4777061693452133,-0.4990353068381907,-0.6662208848270063,1.0844551551655364,-0.9482506878142568,-0.299068268437628,-0.3984950228820965,-0.7179380098366396,-0.42110044098213534,2.0434575723122457,1.468977445995038,-0.37099925800222605,-0.49033538542418215,4
-0.8811775628496022,0.789884688663099,-0.4777061693452133,-0.4990353068381907,-0.6662208848270063,-0.7155626228756203,-0.9482506878142568,-0.299068268437628,-0.3984950228820965,1.3928779174507582,-0.42110044098213534,-0.4893666565675079,-0.6807456457050176,-0.37099925800222605,-0.49033538542418215,3
-0.8811775628496022,-0.8176695772090371,-0.4777061693452133,2.0038662321025797,-0.6662208848270063,-0.7155626228756203,1.0545734507243298,-0.299068268437628,2.5094416305818505,-0.7179380098366396,-0.42110044098213534,-0.4893666565675079,-0.6807456457050176,-0.37099925800222605,-0.49033538542418215,7
0.6472032206796865,0.789884688663099,-0.4777061693452133,-0.4990353068381907,-0.6662208848270063,-0.7155626228756203,1.0545734507243298,-0.299068268437628,-0.3984950228820965,-0.7179380098366396,-0.42110044098213534,2.0434575723122457,1.468977445995038,-0.37099925800222605,-0.49033538542418215,4
0.6472032206796865,0.789884688663099,-0.4777061693452133,-0.4990353068381907,-0.6662208848270063,-0.7155626228756203,-0.9482506878142568,-0.299068268437628,-0.3984950228820965,1.3928779174507582,-0.42110044098213534,-0.4893666565675079,-0.6807456457050176,2.695423180587601,-0.49033538542418215,6
-0.8811775628496022,-0.8176695772090371,-0.4777061693452133,-0.4990353068381907,-0.6662208848270063,1.0844551551655364,1.0545734507243298,-0.299068268437628,-0.3984950228820965,-0.7179380098366396,-0.42110044098213534,-0.4893666565675079,-0.6807456457050176,-0.37099925800222605,2.039420424726057,7
-0.8811775628496022,-0.8176695772090371,2.0933370012170642,-0.4990353068381907,1.5010036802728937,-0.7155626228756203,-0.9482506878142568,-0.299068268437628,-0.3984950228820965,1.3928779174507582,-0.42110044098213534,-0.4893666565675079,-0.6807456457050176,-0.37099925800222605,2.039420424726057,7
-0.8811775628496022,-0.8176695772090371,-0.4777061693452133,-0.4990353068381907,-0.6662208848270063,1.0844551551655364,1.0545734507243298,-0.299068268437628,-0.3984950228820965,1.3928779174507582,-0.42110044098213534,2.0434575723122457,-0.6807456457050176,2.695423180587601,-0.49033538542418215,7
-0.8811775628496022,0.789884688663099,-0.4777061693452133,-0.4990353068381907,-0.6662208848270063,1.0844551551655364,-0.9482506878142568,-0.299068268437628,-0.3984950228820965,1.3928779174507582,-0.42110044098213534,-0.4893666565675079,-0.6807456457050176,2.695423180587601,-0.49033538542418215,4
2.175584004208975,-0.8176695772090371,-0.4777061693452133,-0.4990353068381907,-0.6662208848270063,1.0844551551655364,-0.9482506878142568,-0.299068268437628,-0.3984950228820965,1.3928779174507582,-0.42110044098213534,-0.4893666565675079,-0.6807456457050176,-0.37099925800222605,-0.49033538542418215,5
-0.8811775628496022,0.789884688663099,2.0933370012170642,-0.4990353068381907,-0.6662208848270063,-0.7155626228756203,-0.9482506878142568,-0.299068268437628,-0.3984950228820965,-0.7179380098366396,2.3747303557025337,-0.4893666565675079,-0.6807456457050176,-0.37099925800222605,-0.49033538542418215,6
0.6472032206796865,-0.8176695772090371,-0.4777061693452133,-0.4990353068381907,1.5010036802728937,-0.7155626228756203,1.0545734507243298,-0.299068268437628,-0.3984950228820965,-0.7179380098366396,-0.42110044098213534,-0.4893666565675079,-0.6807456457050176,-0.37099925800222605,-0.49033538542418215,6
-0.8811775628496022,0.789884688663099,-0.4777061693452133,2.0038662321025797,-0.6662208848270063,-0.7155626228756203,1.0545734507243298,-0.299068268437628,-0.3984950228820965,-0.7179380098366396,-0.42110044098213534,-0.4893666565675079,-0.6807456457050176,2.695423180587601,-0.49033538542418215,7
-0.8811775628496022,-0.8176695772090371,2.0933370012170642,-0.4990353068381907,-0.6662208848270063,-0.7155626228756203,1.0545734507243298,-0.299068268437628,-0.3984950228820965,-0.7179380098366396,2.3747303557025337,-0.4893666565675079,1.468977445995038,-0.37099925800222605,-0.49033538542418215,9
-0.8811775628496022,0.789884688663099,-0.4777061693452133,-0.4990353068381907,-0.6662208848270063,-0.7155626228756203,1.0545734507243298,-0.299068268437628,-0.3984950228820965,-0.7179380098366396,-0.42110044098213534,-0.4893666565675079,1.468977445995038,-0.37099925800222605,-0.49033538542418215,8
2.175584004208975,-0.8176695772090371,-0.4777061693452133,-0.4990353068381907,1.5010036802728937,-0.7155626228756203,1.0545734507243298,-0.299068268437628,-0.3984950228820965,-0.7179380098366396,-0.42110044098213534,-0.4893666565675079,1.468977445995038,-0.37099925800222605,2.039420424726057,4
-0.8811775628496022,-0.8176695772090371,2.0933370012170642,-0.4990353068381907,1.5010036802728937,-0.7155626228756203,-0.9482506878142568,-0.299068268437628,-0.3984950228820965,-0.7179380098366396,2.3747303557025337,-0.4893666565675079,-0.6807456457050176,-0.37099925800222605,-0.49033538542418215,9
0.6472032206796865,-0.8176695772090371,2.0933370012170642,-0.4990353068381907,-0.6662208848270063,-0.7155626228756203,-0.9482506878142568,-0.299068268437628,2.5094416305818505,1.3928779174507582,2.3747303557025337,-0.4893666565675079,-0.6807456457050176,-0.37099925800222605,2.039420424726057,7
2.175584004208975,0.789884688663099,-0.4777061693452133,-0.4990353068381907,1.5010036802728937,-0.7155626228756203,1.0545734507243298,-0.299068268437628,-0.3984950228820965,-0.7179380098366396,2.3747303557025337,2.0434575723122457,1.468977445995038,-0.37099925800222605,-0.49033538542418215,1
-0.8811775628496022,0.789884688663099,-0.4777061693452133,-0.4990353068381907,-0.6662208848270063,1.0844551551655364,1.0545734507243298,-0.299068268437628,-0.3984950228820965,-0.7179380098366396,-0.42110044098213534,-0.4893666565675079,-0.6807456457050176,-0.37099925800222605,-0.49033538542418215,6
-0.8811775628496022,-0.8176695772090371,-0.4777061693452133,-0.4990353068381907,1.5010036802728937,-0.7155626228756203,1.0545734507243298,-0.299068268437628,-0.3984950228820965,-0.7179380098366396,-0.42110044098213534,2.0434575723122457,-0.6807456457050176,-0.37099925800222605,-0.49033538542418215,6
0.6472032206796865,0.789884688663099,-0.4777061693452133,-0.4990353068381907,-0.6662208848270063,-0.7155626228756203,-0.9482506878142568,-0.299068268437628,-0.3984950228820965,-0.7179380098366396,-0.42110044098213534,-0.4893666565675079,1.468977445995038,-0.37099925800222605,-0.49033538542418215,8
-0.8811775628496022,-0.8176695772090371,-0.4777061693452133,2.0038662321025797,1.5010036802728937,-0.7155626228756203,-0.9482506878142568,-0.299068268437628,2.5094416305818505,-0.7179380098366396,-0.42110044098213534,-0.4893666565675079,-0.6807456457050176,-0.37099925800222605,-0.49033538542418215,6
0.6472032206796865,0.789884688663099,-0.4777061693452133,2.0038662321025797,-0.6662208848270063,1.0844551551655364,-0.9482506878142568,-0.299068268437628,-0.3984950228820965,1.3928779174507582,-0.42110044098213534,-0.4893666565675079,-0.6807456457050176,-0.37099925800222605,-0.49033538542418215,6
-0.8811775628496022,-0.8176695772090371,-0.4777061693452133,-0.4990353068381907,1.5010036802728937,-0.7155626228756203,1.0545734507243298,-0.299068268437628,-0.3984950228820965,-0.7179380098366396,2.3747303557025337,-0.4893666565675079,-0.6807456457050176,-0.37099925800222605,-0.49033538542418215,7
2.175584004208975,2.397438954535235,-0.4777061693452133,-0.4990353068381907,-0.6662208848270063,1.0844551551655364,-0.9482506878142568,-0.299068268437628,-0.3984950228820965,-0.7179380098366396,-0.42110044098213534,-0.4893666565675079,1.468977445995038,-0.37099925800222605,-0.49033538542418215,2
-0.8811775628496022,-0.8176695772090371,-0.4777061693452133,-0.4990353068381907,1.5010036802728937,-0.7155626228756203,-0.9482506878142568,-0.299068268437628,-0.3984950228820965,-0.7179380098366396,-0.42110044098213534,-0.4893666565675079,-0.6807456457050176,-0.37099925800222605,-0.49033538542418215,7
2.175584004208975,-0.8176695772090371,-0.4777061693452133,-0.4990353068381907,-0.6662208848270063,-0.7155626228756203,1.0545734507243298,-0.299068268437628,-0.3984950228820965,-0.7179380098366396,-0.42110044098213534,-0.4893666565675079,-0.6807456457050176,-0.37099925800222605,2.039420424726057,5
-0.8811775628496022,-0.8176695772090371,2.0933370012170642,-0.4990353068381907,-0.6662208848270063,-0.7155626228756203,-0.9482506878142568,-0.299068268437628,-0.3984950228820965,-0.7179380098366396,2.3747303557025337,-0.4893666565675079,-0.6807456457050176,-0.37099925800222605,2.039420424726057,8
-0.8811775628496022,-0.8176695772090371,-0.4777061693452133,-0.4990353068381907,1.5010036802728937,-0.7155626228756203,1.0545734507243298,-0.299068268437628,-0.3984950228820965,1.3928779174507582,-0.42110044098213534,-0.4893666565675079,1.468977445995038,2.695423180587601,2.039420424726057,7
0.6472032206796865,-0.8176695772090371,-0.4777061693452133,-0.4990353068381907,1.5010036802728937,-0.7155626228756203,-0.9482506878142568,-0.299068268437628,-0.3984950228820965,-0.7179380098366396,-0.42110044098213534,-0.4893666565675079,1.468977445995038,-0.37099925800222605,-0.49033538542418215,7
-0.8811775628496022,-0.8176695772090371,-0.4777061693452133,-0.4990353068381907,-0.6662208848270063,-0.7155626228756203,1.0545734507243298,-0.299068268437628,-0.3984950228820965,-0.7179380098366396,2.3747303557025337,-0.4893666565675079,-0.6807456457050176,-0.37099925800222605,2.039420424726057,8
-0.8811775628496022,-0.8176695772090371,-0.4777061693452133,-0.4990353068381907,-0.6662208848270063,-0.7155626228756203,1.0545734507243298,-0.299068268437628,-0.3984950228820965,-0.7179380098366396,-0.42110044098213534,-0.4893666565675079,1.468977445995038,-0.37099925800222605,2.039420424726057,6
-0.8811775628496022,-0.8176695772090371,2.0933370012170642,-0.4990353068381907,1.5010036802728937,-0.7155626228756203,1.0545734507243298,-0.299068268437628,2.5094416305818505,-0.7179380098366396,-0.42110044098213534,2.0434575723122457,-0.6807456457050176,-0.37099925800222605,-0.49033538542418215,9
-0.8811775628496022,0.789884688663099,2.0933370012170642,-0.4990353068381907,-0.6662208848270063,-0.7155626228756203,-0.9482506878142568,-0.299068268437628,-0.3984950228820965,1.3928779174507582,-0.42110044098213534,2.0434575723122457,1.468977445995038,-0.37099925800222605,-0.49033538542418215,6
-0.8811775628496022,-0.8176695772090371,-0.4777061693452133,-0.4990353068381907,1.5010036802728937,-0.7155626228756203,1.0545734507243298,-0.299068268437628,-0.3984950228820965,1.3928779174507582,-0.42110044098213534,-0.4893666565675079,-0.6807456457050176,-0.37099925800222605,-0.49033538542418215,8
-0.8811775628496022,0.789884688663099,-0.4777061693452133,-0.4990353068381907,-0.6662208848270063,-0.7155626228756203,1.0545734507243298,-0.299068268437628,-0.3984950228820965,-0.7179380098366396,-0.42110044098213534,-0.4893666565675079,1.468977445995038,-0.37099925800222605,-0.49033538542418215,4
2.175584004208975,0.789884688663099,-0.4777061693452133,-0.4990353068381907,-0.6662208848270063,1.0844551551655364,-0.9482506878142568,-0.299068268437628,-0.3984950228820965,1.3928779174507582,-0.42110044098213534,-0.4893666565675079,-0.6807456457050176,-0.37099925800222605,-0.49033538542418215,7
-0.8811775628496022,-0.8176695772090371,-0.4777061693452133,2.0038662321025797,1.5010036802728937,-0.7155626228756203,1.0545734507243298,-0.299068268437628,-0.3984950228820965,-0.7179380098366396,-0.42110044098213534,-0.4893666565675079,1.468977445995038,-0.37099925800222605,-0.49033538542418215,6
-0.8811775628496022,-0.8176695772090371,-0.4777061693452133,-0.4990353068381907,-0.6662208848270063,1.0844551551655364,1.0545734507243298,-0.299068268437628,-0.3984950228820965,-0.7179380098366396,-0.42110044098213534,-0.4893666565675079,-0.6807456457050176,-0.37099925800222605,-0.49033538542418215,8
0.6472032206796865,0.789884688663099,-0.4777061693452133,-0.4990353068381907,-0.6662208848270063,1.0844551551655364,-0.9482506878142568,-0.299068268437628,-0.3984950228820965,-0.7179380098366396,-0.42110044098213534,-0.4893666565675079,-0.6807456457050176,-0.37099925800222605,-0.49033538542418215,4
0.6472032206796865,0.789884688663099,-0.4777061693452133,2.0038662321025797,-0.6662208848270063,-0.7155626228756203,1.0545734507243298,3.343718159148518,-0.3984950228820965,1.3928779174507582,-0.42110044098213534,2.0434575723122457,-0.6807456457050176,2.695423180587601,-0.49033538542418215,6
0.6472032206796865,0.789884688663099,2.0933370012170642,-0.4990353068381907,-0.6662208848270063,1.0844551551655364,-0.9482506878142568,-0.299068268437628,-0.3984950228820965,-0.7179380098366396,-0.42110044098213534,-0.4893666565675079,1.468977445995038,-0.37099925800222605,2.039420424726057,5
2.175584004208975,0.789884688663099,-0.4777061693452133,-0.4990353068381907,-0.6662208848270063,1.0844551551655364,-0.9482506878142568,-0.299068268437628,-0.3984950228820965,-0.7179380098366396,-0.42110044098213534,-0.4893666565675079,1.468977445995038,-0.37099925800222605,-0.49033538542418215,3
0.6472032206796865,-0.8176695772090371,-0.4777061693452133,-0.4990353068381907,-0.6662208848270063,1.0844551551655364,-0.9482506878142568,-0.299068268437628,-0.3984950228820965,-0.7179380098366396,-0.42110044098213534,-0.4893666565675079,-0.6807456457050176,-0.37099925800222605,-0.49033538542418215,5
-0.8811775628496022,0.789884688663099,-0.4777061693452133,-0.4990353068381907,-0.6662208848270063,-0.7155626228756203,-0.9482506878142568,-0.299068268437628,-0.3984950228820965,1.3928779174507582,-0.42110044098213534,2.0434575723122457,1.468977445995038,-0.37099925800222605,-0.49033538542418215,4
-0.8811775628496022,-0.8176695772090371,2.0933370012170642,-0.4990353068381907,-0.6662208848270063,-0.7155626228756203,-0.9482506878142568,-0.299068268437628,-0.3984950228820965,-0.7179380098366396,2.3747303557025337,-0.4893666565675079,-0.6807456457050176,-0.37099925800222605,2.039420424726057,7
-0.8811775628496022,0.789884688663099,-0.4777061693452133,2.0038662321025797,1.5010036802728937,-0.7155626228756203,1.0545734507243298,-0.299068268437628,2.5094416305818505,-0.7179380098366396,-0.42110044098213534,-0.4893666565675079,-0.6807456457050176,-0.37099925800222605,2.039420424726057,7
-0.8811775628496022,-0.8176695772090371,-0.4777061693452133,-0.4990353068381907,-0.6662208848270063,1.0844551551655364,1.0545734507243298,-0.299068268437628,-0.3984950228820965,1.3928779174507582,-0.42110044098213534,-0.4893666565675079,-0.6807456457050176,-0.37099925800222605,2.039420424726057,8
2.175584004208975,0.789884688663099,-0.4777061693452133,-0.4990353068381907,-0.6662208848270063,2.884472933206693,1.0545734507243298,-0.299068268437628,-0.3984950228820965,-0.7179380098366396,-0.42110044098213534,-0.4893666565675079,-0.6807456457050176,-0.37099925800222605,-0.49033538542418215,2
-0.8811775628496022,-0.8176695772090371,-0.4777061693452133,-0.4990353068381907,-0.6662208848270063,-0.7155626228756203,-0.9482506878142568,3.343718159148518,-0.3984950228820965,-0.7179380098366396,-0.42110044098213534,-0.4893666565675079,1.468977445995038,-0.37099925800222605,-0.49033538542418215,7
-0.8811775628496022,0.789884688663099,-0.4777061693452133,-0.4990353068381907,1.5010036802728937,-0.7155626228756203,1.0545734507243298,-0.299068268437628,-0.3984950228820965,1.3928779174507582,-0.42110044098213534,-0.4893666565675079,-0.6807456457050176,-0.37099925800222605,-0.49033538542418215,9
0.6472032206796865,-0.8176695772090371,-0.4777061693452133,-0.4990353068381907,1.5010036802728937,1.0844551551655364,1.0545734507243298,-0.299068268437628,-0.3984950228820965,1.3928779174507582,-0.42110044098213534,-0.4893666565675079,1.468977445995038,2.695423180587601,-0.49033538542418215,4
0.6472032206796865,-0.8176695772090371,-0.4777061693452133,-0.4990353068381907,1.5010036802728937,1.0844551551655364,1.0545734507243298,-0.299068268437628,-0.3984950228820965,-0.7179380098366396,-0.42110044098213534,2.0434575723122457,1.468977445995038,-0.37099925800222605,-0.49033538542418215,6
-0.8811775628496022,-0.8176695772090371,-0.4777061693452133,2.0038662321025797,-0.6662208848270063,-0.7155626228756203,-0.9482506878142568,-0.299068268437628,2.5094416305818505,-0.7179380098366396,-0.42110044098213534,-0.4893666565675079,-0.6807456457050176,-0.37099925800222605,-0.49033538542418215,6
0.6472032206796865,-0.8176695772090371,-0.4777061693452133,-0.4990353068381907,1.5010036802728937,1.0844551551655364,-0.9482506878142568,-0.299068268437628,-0.3984950228820965,1.3928779174507582,-0.42110044098213534,-0.4893666565675079,-0.6807456457050176,-0.37099925800222605,2.039420424726057,7
-0.8811775628496022,2.397438954535235,-0.4777061693452133,-0.4990353068381907,1.5010036802728937,1.0844551551655364,1.0545734507243298,-0.299068268437628,-0.3984950228820965,1.3928779174507582,-0.42110044098213534,2.0434575723122457,1.468977445995038,2.695423180587601,-0.49033538542418215,4
-0.8811775628496022,0.789884688663099,-0.4777061693452133,-0.4990353068381907,-0.6662208848270063,-0.7155626228756203,1.0545734507243298,-0.299068268437628,-0.3984950228820965,-0.7179380098366396,-0.42110044098213534,-0.4893666565675079,-0.6807456457050176,2.695423180587601,2.039420424726057,7
0.6472032206796865,0.789884688663099,-0.4777061693452133,-0.4990353068381907,-0.6662208848270063,1.0844551551655364,1.0545734507243298,-0.299068268437628,-0.3984950228820965,-0.7179380098366396,-0.42110044098213534,-0.4893666565675079,1.468977445995038,-0.37099925800222605,-0.49033538542418215,7
2.175584004208975,-0.8176695772090371,-0.4777061693452133,-0.4990353068381907,-0.6662208848270063,-0.7155626228756203,-0.9482506878142568,3.343718159148518,-0.3984950228820965,1.3928779174507582,-0.42110044098213534,2.0434575723122457,-0.6807456457050176,-0.37099925800222605,-0.49033538542418215,3
0.6472032206796865,0.789884688663099,-0.4777061693452133,-0.4990353068381907,-0.6662208848270063,-0.7155626228756203,-0.9482506878142568,3.343718159148518,-0.3984950228820965,-0.7179380098366396,-0.42110044098213534,2.0434575723122457,1.468977445995038,-0.37099925800222605,-0.49033538542418215,4
-0.8811775628496022,2.397438954535235,-0.4777061693452133,-0.4990353068381907,-0.6662208848270063,-0.7155626228756203,1.0545734507243298,-0.299068268437628,-0.3984950228820965,1.3928779174507582,2.3747303557025337,-0.4893666565675079,-0.6807456457050176,-0.37099925800222605,-0.49033538542418215,7
0.6472032206796865,0.789884688663099,-0.4777061693452133,-0.4990353068381907,-0.6662208848270063,-0.7155626228756203,-0.9482506878142568,3.343718159148518,-0.3984950228820965,-0.7179380098366396,-0.42110044098213534,-0.4893666565675079,1.468977445995038,2.695423180587601,-0.49033538542418215,4
0.6472032206796865,-0.8176695772090371,-0.4777061693452133,-0.4990353068381907,1.5010036802728937,-0.7155626228756203,1.0545734507243298,-0.299068268437628,-0.3984950228820965,-0.7179380098366396,-0.42110044098213534,-0.4893666565675079,1.468977445995038,-0.37099925800222605,-0.49033538542418215,6
-0.8811775628496022,-0.8176695772090371,2.0933370012170642,2.0038662321025797,1.5010036802728937,-0.7155626228756203,1.0545734507243298,-0.299068268437628,-0.3984950228820965,-0.7179380098366396,-0.42110044098213534,-0.4893666565675079,-0.6807456457050176,-0.37099925800222605,-0.49033538542418215,7
-0.8811775628496022,-0.8176695772090371,-0.4777061693452133,-0.4990353068381907,-0.6662208848270063,1.0844551551655364,-0.9482506878142568,-0.299068268437628,-0.3984950228820965,1.3928779174507582,-0.42110044098213534,-0.4893666565675079,-0.6807456457050176,-0.37099925800222605,-0.49033538542418215,4
-0.8811775628496022,-0.8176695772090371,-0.4777061693452133,-0.4990353068381907,1.5010036802728937,-0.7155626228756203,1.0545734507243298,-0.299068268437628,2.5094416305818505,-0.7179380098366396,-0.42110044098213534,-0.4893666565675079,1.468977445995038,-0.37099925800222605,-0.49033538542418215,8
-0.8811775628496022,0.789884688663099,2.0933370012170642,-0.4990353068381907,-0.6662208848270063,-0.7155626228756203,1.0545734507243298,-0.299068268437628,-0.3984950228820965,-0.7179380098366396,-0.42110044098213534,2.0434575723122457,-0.6807456457050176,2.695423180587601,-0.49033538542418215,6
0.6472032206796865,0.789884688663099,-0.4777061693452133,-0.4990353068381907,-0.6662208848270063,-0.7155626228756203,-0.9482506878142568,-0.299068268437628,-0.3984950228820965,1.3928779174507582,-0.42110044098213534,2.0434575723122457,-0.6807456457050176,-0.37099925800222605,-0.49033538542418215,3
0.6472032206796865,0.789884688663099,-0.4777061693452133,-0.4990353068381907,-0.6662208848270063,1.0844551551655364,-0.9482506878142568,-0.299068268437628,-0.3984950228820965,1.3928779174507582,-0.42110044098213534,-0.4893666565675079,-0.6807456457050176,-0.37099925800222605,-0.49033538542418215,4
-0.8811775628496022,-0.8176695772090371,-0.4777061693452133,-0.4990353068381907,1.5010036802728937,-0.7155626228756203,1.0545734507243298,-0.299068268437628,-0.3984950228820965,1.3928779174507582,-0.42110044098213534,2.0434575723122457,1.468977445995038,2.695423180587601,-0.49033538542418215,7
-0.8811775628496022,-0.8176695772090371,-0.4777061693452133,2.0038662321025797,1.5010036802728937,-0.7155626228756203,-0.9482506878142568,-0.299068268437628,-0.3984950228820965,-0.7179380098366396,-0.42110044098213534,-0.4893666565675079,-0.6807456457050176,-0.37099925800222605,-0.49033538542418215,7
0.6472032206796865,0.789884688663099,-0.4777061693452133,-0.4990353068381907,-0.6662208848270063,1.0844551551655364,1.0545734507243298,-0.299068268437628,-0.3984950228820965,-0.7179380098366396,-0.42110044098213534,-0.4893666565675079,1.468977445995038,-0.37099925800222605,-0.49033538542418215,5
-0.8811775628496022,0.789884688663099,-0.4777061693452133,-0.4990353068381907,1.5010036802728937,1.0844551551655364,-0.9482506878142568,-0.299068268437628,-0.3984950228820965,-0.7179380098366396,-0.42110044098213534,-0.4893666565675079,-0.6807456457050176,2.695423180587601,-0.49033538542418215,5
-0.8811775628496022,-0.8176695772090371,2.0933370012170642,-0.4990353068381907,-0.6662208848270063,-0.7155626228756203,-0.9482506878142568,-0.299068268437628,2.5094416305818505,-0.7179380098366396,-0.42110044098213534,-0.4893666565675079,-0.6807456457050176,-0.37099925800222605,-0.49033538542418215,8
-0.8811775628496022,-0.8176695772090371,-0.4777061693452133,-0.4990353068381907,1.5010036802728937,-0.7155626228756203,1.0545734507243298,-0.299068268437628,-0.3984950228820965,1.3928779174507582,-0.42110044098213534,-0.4893666565675079,1.468977445995038,-0.37099925800222605,-0.49033538542418215,6
-0.8811775628496022,-0.8176695772090371,-0.4777061693452133,-0.4990353068381907,-0.6662208848270063,1.0844551551655364,1.0545734507243298,-0.299068268437628,-0.3984950228820965,-0.7179380098366396,-0.42110044098213534,-0.4893666565675079,1.468977445995038,-0.37099925800222605,-0.49033538542418215,7
0.6472032206796865,0.789884688663099,-0.4777061693452133,-0.4990353068381907,-0.6662208848270063,-0.7155626228756203,-0.9482506878142568,-0.299068268437628,-0.3984950228820965,1.3928779174507582,2.3747303557025337,2.0434575723122457,-0.6807456457050176,2.695423180587601,2.039420424726057,3
-0.8811775628496022,-0.8176695772090371,-0.4777061693452133,2.0038662321025797,1.5010036802728937,-0.7155626228756203,1.0545734507243298,-0.299068268437628,-0.3984950228820965,-0.7179380098366396,-0.42110044098213534,-0.4893666565675079,-0.6807456457050176,-0.37099925800222605,-0.49033538542418215,7
-0.8811775628496022,2.397438954535235,-0.4777061693452133,-0.4990353068381907,1.5010036802728937,-0.7155626228756203,-0.9482506878142568,3.343718159148518,-0.3984950228820965,1.3928779174507582,-0.42110044098213534,-0.4893666565675079,-0.6807456457050176,-0.37099925800222605,-0.49033538542418215,4
0.6472032206796865,-0.8176695772090371,-0.4777061693452133,2.0038662321025797,-0.6662208848270063,-0.7155626228756203,1.0545734507243298,-0.299068268437628,-0.3984950228820965,-0.7179380098366396,-0.42110044098213534,-0.4893666565675079,1.468977445995038,-0.37099925800222605,-0.49033538542418215,7
-0.8811775628496022,0.789884688663099,-0.4777061693452133,-0.4990353068381907,-0.6662208848270063,1.0844551551655364,-0.9482506878142568,-0.299068268437628,-0.3984950228820965,-0.7179380098366396,-0.42110044098213534,-0.4893666565675079,-0.6807456457050176,2.695423180587601,-0.49033538542418215,3
0.6472032206796865,-0.8176695772090371,2.0933370012170642,2.0038662321025797,1.5010036802728937,-0.7155626228756203,-0.9482506878142568,-0.299068268437628,2.5094416305818505,-0.7179380098366396,-0.42110044098213534,-0.4893666565675079,-0.6807456457050176,-0.37099925800222605,-0.49033538542418215,6
-0.8811775628496022,0.789884688663099,-0.4777061693452133,-0.4990353068381907,1.5010036802728937,-0.7155626228756203,1.0545734507243298,-0.299068268437628,-0.3984950228820965,-0.7179380098366396,-0.42110044098213534,-0.4893666565675079,1.468977445995038,-0.37099925800222605,-0.49033538542418215,6
-0.8811775628496022,-0.8176695772090371,-0.4777061693452133,-0.4990353068381907,1.5010036802728937,-0.7155626228756203,1.0545734507243298,-0.299068268437628,-0.3984950228820965,-0.7179380098366396,-0.42110044098213534,-0.4893666565675079,-0.6807456457050176,-0.37099925800222605,-0.49033538542418215,5
-0.8811775628496022,0.789884688663099,-0.4777061693452133,2.0038662321025797,1.5010036802728937,1.0844551551655364,-0.9482506878142568,-0.299068268437628,-0.3984950228820965,1.3928779174507582,-0.42110044098213534,-0.4893666565675079,-0.6807456457050176,-0.37099925800222605,-0.49033538542418215,4
0.6472032206796865,-0.8176695772090371,-0.4777061693452133,-0.4990353068381907,-0.6662208848270063,1.0844551551655364,1.0545734507243298,-0.299068268437628,-0.3984950228820965,1.3928779174507582,-0.42110044098213534,-0.4893666565675079,-0.6807456457050176,-0.37099925800222605,-0.49033538542418215,7
2.175584004208975,-0.8176695772090371,-0.4777061693452133,-0.4990353068381907,1.5010036802728937,1.0844551551655364,1.0545734507243298,-0.299068268437628,-0.3984950228820965,-0.7179380098366396,-0.42110044098213534,-0.4893666565675079,1.468977445995038,2.695423180587601,-0.49033538542418215,5
-0.8811775628496022,-0.8176695772090371,-0.4777061693452133,-0.4990353068381907,1.5010036802728937,-0.7155626228756203,1.0545734507243298,-0.299068268437628,-0.3984950228820965,-0.7179380098366396,-0.42110044098213534,-0.4893666565675079,-0.6807456457050176,-0.37099925800222605,-0.49033538542418215,6
0.6472032206796865,-0.8176695772090371,-0.4777061693452133,-0.4990353068381907,-0.6662208848270063,1.0844551551655364,-0.9482506878142568,3.343718159148518,-0.3984950228820965,-0.7179380098366396,-0.42110044098213534,-0.4893666565675079,1.468977445995038,-0.37099925800222605,-0.49033538542418215,4
0.6472032206796865,-0.8176695772090371,-0.4777061693452133,2.0038662321025797,-0.6662208848270063,-0.7155626228756203,1.0545734507243298,-0.299068268437628,2.5094416305818505,-0.7179380098366396,2.3747303557025337,-0.4893666565675079,-0.6807456457050176,-0.37099925800222605,-0.49033538542418215,7
0.6472032206796865,0.789884688663099,-0.4777061693452133,-0.4990353068381907,-0.6662208848270063,-0.7155626228756203,1.0545734507243298,-0.299068268437628,-0.3984950228820965,1.3928779174507582,-0.42110044098213534,2.0434575723122457,1.468977445995038,-0.37099925800222605,-0.49033538542418215,6
-0.8811775628496022,-0.8176695772090371,-0.4777061693452133,2.0038662321025797,-0.6662208848270063,-0.7155626228756203,1.0545734507243298,-0.299068268437628,-0.3984950228820965,-0.7179380098366396,-0.42110044098213534,-0.4893666565675079,-0.6807456457050176,-0.37099925800222605,-0.49033538542418215,6
-0.8811775628496022,-0.8176695772090371,2.0933370012170642,-0.4990353068381907,1.5010036802728937,-0.7155626228756203,-0.9482506878142568,-0.299068268437628,-0.3984950228820965,-0.7179380098366396,-0.42110044098213534,-0.4893666565675079,1.468977445995038,-0.37099925800222605,-0.49033538542418215,6
-0.8811775628496022,0.789884688663099,-0.4777061693452133,-0.4990353068381907,-0.6662208848270063,-0.7155626228756203,1.0545734507243298,-0.299068268437628,-0.3984950228820965,1.3928779174507582,-0.42110044098213534,2.0434575723122457,1.468977445995038,-0.37099925800222605,-0.49033538542418215,7
-0.8811775628496022,-0.8176695772090371,-0.4777061693452133,-0.4990353068381907,1.5010036802728937,1.0844551551655364,1.0545734507243298,-0.299068268437628,-0.3984950228820965,-0.7179380098366396,-0.42110044098213534,-0.4893666565675079,1.468977445995038,2.695423180587601,-0.49033538542418215,7
0.6472032206796865,-0.8176695772090371,-0.4777061693452133,-0.4990353068381907,-0.6662208848270063,-0.7155626228756203,-0.9482506878142568,-0.299068268437628,-0.3984950228820965,-0.7179380098366396,-0.42110044098213534,-0.4893666565675079,-0.6807456457050176,-0.37099925800222605,2.039420424726057,7
-0.8811775628496022,-0.8176695772090371,2.0933370012170642,-0.4990353068381907,-0.6662208848270063,-0.7155626228756203,-0.9482506878142568,-0.299068268437628,-0.3984950228820965,-0.7179380098366396,-0.42110044098213534,-0.4893666565675079,-0.6807456457050176,-0.37099925800222605,2.039420424726057,8
0.6472032206796865,0.789884688663099,-0.4777061693452133,-0.4990353068381907,-0.6662208848270063,1.0844551551655364,-0.9482506878142568,-0.299068268437628,-0.3984950228820965,1.3928779174507582,-0.42110044098213534,-0.4893666565675079,1.468977445995038,-0.37099925800222605,-0.49033538542418215,6
-0.8811775628496022,0.789884688663099,-0.4777061693452133,-0.4990353068381907,1.5010036802728937,-0.7155626228756203,1.0545734507243298,-0.299068268437628,-0.3984950228820965,1.3928779174507582,-0.42110044098213534,-0.4893666565675079,-0.6807456457050176,-0.37099925800222605,-0.49033538542418215,6
-0.8811775628496022,0.789884688663099,2.0933370012170642,-0.4990353068381907,-0.6662208848270063,-0.7155626228756203,-0.9482506878142568,-0.299068268437628,-0.3984950228820965,1.3928779174507582,-0.42110044098213534,-0.4893666565675079,1.468977445995038,-0.37099925800222605,2.039420424726057,6
0.6472032206796865,-0.8176695772090371,-0.4777061693452133,-0.4990353068381907,-0.6662208848270063,-0.7155626228756203,-0.9482506878142568,-0.299068268437628,-0.3984950228820965,1.3928779174507582,-0.42110044098213534,-0.4893666565675079,1.468977445995038,-0.37099925800222605,-0.49033538542418215,5
0.6472032206796865,0.789884688663099,-0.4777061693452133,-0.4990353068381907,-0.6662208848270063,1.0844551551655364,1.0545734507243298,3.343718159148518,-0.3984950228820965,1.3928779174507582,-0.42110044098213534,-0.4893666565675079,1.468977445995038,2.695423180587601,-0.49033538542418215,4
0.6472032206796865,-0.8176695772090371,-0.4777061693452133,-0.4990353068381907,-0.6662208848270063,1.0844551551655364,1.0545734507243298,-0.299068268437628,-0.3984950228820965,-0.7179380098366396,-0.42110044098213534,2.0434575723122457,1.468977445995038,-0.37099925800222605,-0.49033538542418215,6
-0.8811775628496022,-0.8176695772090371,-0.4777061693452133,-0.4990353068381907,-0.6662208848270063,1.0844551551655364,-0.9482506878142568,-0.299068268437628,2.5094416305818505,1.3928779174507582,-0.42110044098213534,-0.4893666565675079,-0.6807456457050176,-0.37099925800222605,2.039420424726057,7
-0.8811775628496022,0.789884688663099,-0.4777061693452133,2.0038662321025797,-0.6662208848270063,-0.7155626228756203,1.0545734507243298,-0.299068268437628,-0.3984950228820965,1.3928779174507582,-0.42110044098213534,-0.4893666565675079,-0.6807456457050176,-0.37099925800222605,-0.49033538542418215,8
0.6472032206796865,-0.8176695772090371,-0.4777061693452133,-0.4990353068381907,-0.6662208848270063,1.0844551551655364,-0.9482506878142568,-0.299068268437628,-0.3984950228820965,-0.7179380098366396,2.3747303557025337,-0.4893666565675079,-0.6807456457050176,-0.37099925800222605,-0.49033538542418215,6
-0.8811775628496022,-0.8176695772090371,-0.4777061693452133,-0.4990353068381907,-0.6662208848270063,1.0844551551655364,1.0545734507243298,-0.299068268437628,-0.3984950228820965,-0.7179380098366396,-0.42110044098213534,-0.4893666565675079,-0.6807456457050176,-0.37099925800222605,2.039420424726057,7
-0.8811775628496022,0.789884688663099,-0.4777061693452133,-0.4990353068381907,-0.6662208848270063,1.0844551551655364,-0.9482506878142568,-0.299068268437628,-0.3984950228820965,1.3928779174507582,-0.42110044098213534,-0.4893666565675079,1.468977445995038,-0.37099925800222605,-0.49033538542418215,4
0.6472032206796865,2.397438954535235,-0.4777061693452133,-0.4990353068381907,-0.6662208848270063,-0.7155626228756203,1.0545734507243298,-0.299068268437628,-0.3984950228820965,1.3928779174507582,-0.42110044098213534,-0.4893666565675079,1.468977445995038,2.695423180587601,-0.49033538542418215,6
-0.8811775628496022,-0.8176695772090371,2.0933370012170642,-0.4990353068381907,-0.6662208848270063,-0.7155626228756203,-0.9482506878142568,-0.299068268437628,-0.3984950228820965,-0.7179380098366396,-0.42110044098213534,-0.4893666565675079,1.468977445995038,-0.37099925800222605,-0.49033538542418215,6
-0.8811775628496022,-0.8176695772090371,-0.4777061693452133,-0.4990353068381907,1.5010036802728937,-0.7155626228756203,-0.9482506878142568,-0.299068268437628,-0.3984950228820965,-0.7179380098366396,-0.42110044098213534,-0.4893666565675079,-0.6807456457050176,-0.37099925800222605,-0.49033538542418215,7
-0.8811775628496022,-0.8176695772090371,-0.4777061693452133,-0.4990353068381907,1.5010036802728937,-0.7155626228756203,1.0545734507243298,-0.299068268437628,-0.3984950228820965,-0.7179380098366396,-0.42110044098213534,-0.4893666565675079,-0.6807456457050176,-0.37099925800222605,-0.49033538542418215,5
-0.8811775628496022,0.789884688663099,2.0933370012170642,-0.4990353068381907,-0.6662208848270063,-0.7155626228756203,1.0545734507243298,-0.299068268437628,-0.3984950228820965,1.3928779174507582,-0.42110044098213534,-0.4893666565675079,1.468977445995038,-0.37099925800222605,2.039420424726057,7
0.6472032206796865,0.789884688663099,-0.4777061693452133,-0.4990353068381907,-0.6662208848270063,1.0844551551655364,-0.9482506878142568,-0.299068268437628,2.5094416305818505,1.3928779174507582,2.3747303557025337,-0.4893666565675079,-0.6807456457050176,-0.37099925800222605,-0.49033538542418215,4
-0.8811775628496022,-0.8176695772090371,-0.4777061693452133,-0.4990353068381907,1.5010036802728937,1.0844551551655364,1.0545734507243298,-0.299068268437628,2.5094416305818505,-0.7179380098366396,-0.42110044098213534,-0.4893666565675079,1.468977445995038,-0.37099925800222605,-0.49033538542418215,7
-0.8811775628496022,-0.8176695772090371,-0.4777061693452133,2.0038662321025797,1.5010036802728937,-0.7155626228756203,1.0545734507243298,-0.299068268437628,-0.3984950228820965,-0.7179380098366396,-0.42110044098213534,2.0434575723122457,-0.6807456457050176,-0.37099925800222605,-0.49033538542418215,8
0.6472032206796865,0.789884688663099,-0.4777061693452133,-0.4990353068381907,-0.6662208848270063,-0.7155626228756203,-0.9482506878142568,-0.299068268437628,-0.3984950228820965,-0.7179380098366396,-0.42110044098213534,2.0434575723122457,1.468977445995038,-0.37099925800222605,-0.49033538542418215,4
0.6472032206796865,0.789884688663099,-0.4777061693452133,-0.4990353068381907,-0.6662208848270063,1.0844551551655364,1.0545734507243298,-0.299068268437628,-0.3984950228820965,-0.7179380098366396,-0.42110044098213534,2.0434575723122457,1.468977445995038,-0.37099925800222605,-0.49033538542418215,5
-0.8811775628496022,-0.8176695772090371,-0.4777061693452133,2.0038662321025797,1.5010036802728937,-0.7155626228756203,1.0545734507243298,-0.299068268437628,-0.3984950228820965,-0.7179380098366396,-0.42110044098213534,-0.4893666565675079,1.468977445995038,-0.37099925800222605,-0.49033538542418215,9
-0.8811775628496022,0.789884688663099,-0.4777061693452133,-0.4990353068381907,1.5010036802728937,1.0844551551655364,1.0545734507243298,-0.299068268437628,-0.3984950228820965,-0.7179380098366396,-0.42110044098213534,-0.4893666565675079,-0.6807456457050176,-0.37099925800222605,-0.49033538542418215,7
0.6472032206796865,-0.8176695772090371,-0.4777061693452133,-0.4990353068381907,-0.6662208848270063,-0.7155626228756203,1.0545734507243298,-0.299068268437628,2.5094416305818505,-0.7179380098366396,-0.42110044098213534,-0.4893666565675079,-0.6807456457050176,-0.37099925800222605,-0.49033538542418215,8
0.6472032206796865,-0.8176695772090371,-0.4777061693452133,-0.4990353068381907,-0.6662208848270063,-0.7155626228756203,1.0545734507243298,-0.299068268437628,2.5094416305818505,-0.7179380098366396,-0.42110044098213534,-0.4893666565675079,-0.6807456457050176,-0.37099925800222605,-0.49033538542418215,6
-0.8811775628496022,-0.8176695772090371,-0.4777061693452133,2.0038662321025797,1.5010036802728937,-0.7155626228756203,1.0545734507243298,-0.299068268437628,2.5094416305818505,1.3928779174507582,-0.42110044098213534,-0.4893666565675079,1.468977445995038,-0.37099925800222605,-0.49033538542418215,7
-0.8811775628496022,-0.8176695772090371,-0.4777061693452133,-0.4990353068381907,-0.6662208848270063,-0.7155626228756203,1.0545734507243298,-0.299068268437628,2.5094416305818505,-0.7179380098366396,-0.42110044098213534,2.0434575723122457,-0.6807456457050176,-0.37099925800222605,-0.49033538542418215,8
-0.8811775628496022,0.789884688663099,-0.4777061693452133,2.0038662321025797,1.5010036802728937,1.0844551551655364,-0.9482506878142568,3.343718159148518,-0.3984950228820965,-0.7179380098366396,2.3747303557025337,-0.4893666565675079,-0.6807456457050176,-0.37099925800222605,2.039420424726057,7
-0.8811775628496022,-0.8176695772090371,2.0933370012170642,2.0038662321025797,1.5010036802728937,1.0844551551655364,-0.9482506878142568,-0.299068268437628,-0.3984950228820965,-0.7179380098366396,-0.42110044098213534,-0.4893666565675079,-0.6807456457050176,-0.37099925800222605,-0.49033538542418215,7
0.6472032206796865,0.789884688663099,-0.4777061693452133,-0.4990353068381907,1.5010036802728937,1.0844551551655364,1.0545734507243298,-0.299068268437628,-0.3984950228820965,-0.7179380098366396,-0.42110044098213534,-0.4893666565675079,1.468977445995038,2.695423180587601,-0.49033538542418215,2
0.6472032206796865,-0.8176695772090371,-0.4777061693452133,-0.4990353068381907,-0.6662208848270063,-0.7155626228756203,1.0545734507243298,-0.299068268437628,-0.3984950228820965,-0.7179380098366396,-0.42110044098213534,-0.4893666565675079,1.468977445995038,-0.37099925800222605,-0.49033538542418215,7
-0.8811775628496022,-0.8176695772090371,-0.4777061693452133,-0.4990353068381907,1.5010036802728937,-0.7155626228756203,-0.9482506878142568,-0.299068268437628,2.5094416305818505,-0.7179380098366396,-0.42110044098213534,-0.4893666565675079,-0.6807456457050176,-0.37099925800222605,-0.49033538542418215,6
0.6472032206796865,0.789884688663099,-0.4777061693452133,2.0038662321025797,-0.6662208848270063,-0.7155626228756203,-0.9482506878142568,-0.299068268437628,-0.3984950228820965,1.3928779174507582,-0.42110044098213534,-0.4893666565675079,-0.6807456457050176,2.695423180587601,-0.49033538542418215,6
0.6472032206796865,2.397438954535235,-0.4777061693452133,-0.4990353068381907,-0.6662208848270063,1.0844551551655364,1.0545734507243298,-0.299068268437628,-0.3984950228820965,1.3928779174507582,2.3747303557025337,-0.4893666565675079,1.468977445995038,2.695423180587601,-0.49033538542418215,6
-0.8811775628496022,-0.8176695772090371,2.0933370012170642,-0.4990353068381907,-0.6662208848270063,-0.7155626228756203,-0.9482506878142568,-0.299068268437628,-0.3984950228820965,-0.7179380098366396,-0.42110044098213534,-0.4893666565675079,-0.6807456457050176,-0.37099925800222605,-0.49033538542418215,8
-0.8811775628496022,-0.8176695772090371,-0.4777061693452133,-0.4990353068381907,1.5010036802728937,1.0844551551655364,1.0545734507243298,-0.299068268437628,-0.3984950228820965,-0.7179380098366396,2.3747303557025337,-0.4893666565675079,1.468977445995038,-0.37099925800222605,-0.49033538542418215,7
-0.8811775628496022,-0.8176695772090371,-0.4777061693452133,-0.4990353068381907,1.5010036802728937,-0.7155626228756203,1.0545734507243298,-0.299068268437628,-0.3984950228820965,1.3928779174507582,-0.42110044098213534,-0.4893666565675079,-0.6807456457050176,-0.37099925800222605,-0.49033538542418215,8
0.6472032206796865,-0.8176695772090371,2.0933370012170642,-0.4990353068381907,-0.6662208848270063,-0.7155626228756203,-0.9482506878142568,-0.299068268437628,-0.3984950228820965,-0.7179380098366396,-0.42110044098213534,-0.4893666565675079,-0.6807456457050176,-0.37099925800222605,2.039420424726057,7
-0.8811775628496022,0.789884688663099,-0.4777061693452133,2.0038662321025797,1.5010036802728937,1.0844551551655364,1.0545734507243298,-0.299068268437628,-0.3984950228820965,-0.7179380098366396,-0.42110044098213534,-0.4893666565675079,-0.6807456457050176,-0.37099925800222605,-0.49033538542418215,7
0.6472032206796865,0.789884688663099,-0.4777061693452133,2.0038662321025797,-0.6662208848270063,-0.7155626228756203,1.0545734507243298,-0.299068268437628,-0.3984950228820965,-0.7179380098366396,-0.42110044098213534,2.0434575723122457,1.468977445995038,2.695423180587601,-0.49033538542418215,6
-0.8811775628496022,0.789884688663099,2.0933370012170642,-0.4990353068381907,-0.6662208848270063,1.0844551551655364,-0.9482506878142568,-0.299068268437628,-0.3984950228820965,-0.7179380098366396,-0.42110044098213534,-0.4893666565675079,1.468977445995038,-0.37099925800222605,-0.49033538542418215,6
-0.8811775628496022,0.789884688663099,-0.4777061693452133,-0.4990353068381907,-0.6662208848270063,-0.7155626228756203,1.0545734507243298,-0.299068268437628,-0.3984950228820965,-0.7179380098366396,-0.42110044098213534,-0.4893666565675079,-0.6807456457050176,-0.37099925800222605,-0.49033538542418215,5
0.6472032206796865,2.397438954535235,-0.4777061693452133,-0.4990353068381907,-0.6662208848270063,1.0844551551655364,-0.9482506878142568,-0.299068268437628,-0.3984950228820965,1.3928779174507582,-0.42110044098213534,-0.4893666565675079,1.468977445995038,-0.37099925800222605,-0.49033538542418215,1
-0.8811775628496022,-0.8176695772090371,-0.4777061693452133,-0.4990353068381907,1.5010036802728937,-0.7155626228756203,1.0545734507243298,-0.299068268437628,-0.3984950228820965,-0.7179380098366396,-0.42110044098213534,-0.4893666565675079,1.468977445995038,-0.37099925800222605,2.039420424726057,7
-0.8811775628496022,2.397438954535235,-0.4777061693452133,-0.4990353068381907,-0.6662208848270063,-0.7155626228756203,-0.9482506878142568,-0.299068268437628,-0.3984950228820965,1.3928779174507582,-0.42110044098213534,-0.4893666565675079,-0.6807456457050176,2.695423180587601,-0.49033538542418215,3
2.175584004208975,-0.8176695772090371,-0.4777061693452133,2.0038662321025797,-0.6662208848270063,-0.7155626228756203,-0.9482506878142568,-0.299068268437628,-0.3984950228820965,1.3928779174507582,-0.42110044098213534,2.0434575723122457,1.468977445995038,-0.37099925800222605,2.039420424726057,4
0.6472032206796865,2.397438954535235,-0.4777061693452133,-0.4990353068381907,-0.6662208848270063,1.0844551551655364,-0.9482506878142568,-0.299068268437628,-0.3984950228820965,1.3928779174507582,-0.42110044098213534,2.0434575723122457,1.468977445995038,-0.37099925800222605,-0.49033538542418215,7
-0.8811775628496022,-0.8176695772090371,-0.4777061693452133,-0.4990353068381907,-0.6662208848270063,-0.7155626228756203,1.0545734507243298,-0.299068268437628,-0.3984950228820965,-0.7179380098366396,-0.42110044098213534,-0.4893666565675079,1.468977445995038,-0.37099925800222605,2.039420424726057,7
-0.8811775628496022,-0.8176695772090371,-0.4777061693452133,-0.4990353068381907,1.5010036802728937,-0.7155626228756203,1.0545734507243298,-0.299068268437628,-0.3984950228820965,-0.7179380098366396,-0.42110044098213534,-0.4893666565675079,1.468977445995038,-0.37099925800222605,2.039420424726057,8
2.175584004208975,0.789884688663099,-0.4777061693452133,2.0038662321025797,1.5010036802728937,-0.7155626228756203,-0.9482506878142568,-0.299068268437628,-0.3984950228820965,-0.7179380098366396,-0.42110044098213534,-0.4893666565675079,-0.6807456457050176,-0.37099925800222605,2.039420424726057,6
-0.8811775628496022,-0.8176695772090371,-0.4777061693452133,-0.4990353068381907,-0.6662208848270063,-0.7155626228756203,1.0545734507243298,-0.299068268437628,-0.3984950228820965,-0.7179380098366396,-0.42110044098213534,-0.4893666565675079,1.468977445995038,-0.37099925800222605,-0.49033538542418215,7
-0.8811775628496022,-0.8176695772090371,-0.4777061693452133,-0.4990353068381907,-0.6662208848270063,-0.7155626228756203,1.0545734507243298,-0.299068268437628,-0.3984950228820965,-0.7179380098366396,-0.42110044098213534,2.0434575723122457,-0.6807456457050176,-0.37099925800222605,-0.49033538542418215,6
-0.8811775628496022,0.789884688663099,-0.4777061693452133,-0.4990353068381907,-0.6662208848270063,1.0844551551655364,-0.9482506878142568,3.343718159148518,-0.3984950228820965,1.3928779174507582,2.3747303557025337,-0.4893666565675079,-0.6807456457050176,-0.37099925800222605,-0.49033538542418215,4
0.6472032206796865,-0.8176695772090371,-0.4777061693452133,-0.4990353068381907,-0.6662208848270063,1.0844551551655364,-0.9482506878142568,-0.299068268437628,-0.3984950228820965,-0.7179380098366396,2.3747303557025337,2.0434575723122457,-0.6807456457050176,-0.37099925800222605,-0.49033538542418215,4
0.6472032206796865,0.789884688663099,-0.4777061693452133,-0.4990353068381907,-0.6662208848270063,1.0844551551655364,-0.9482506878142568,-0.299068268437628,-0.3984950228820965,-0.7179380098366396,-0.42110044098213534,2.0434575723122457,-0.6807456457050176,-0.37099925800222605,-0.49033538542418215,3
0.6472032206796865,0.789884688663099,-0.4777061693452133,-0.4990353068381907,-0.6662208848270063,1.0844551551655364,-0.9482506878142568,-0.299068268437628,-0.3984950228820965,-0.7179380098366396,-0.42110044098213534,-0.4893666565675079,1.468977445995038,-0.37099925800222605,-0.49033538542418215,3
0.6472032206796865,2.397438954535235,-0.4777061693452133,-0.4990353068381907,-0.6662208848270063,-0.7155626228756203,-0.9482506878142568,-0.299068268437628,-0.3984950228820965,-0.7179380098366396,-0.42110044098213534,-0.4893666565675079,-0.6807456457050176,2.695423180587601,-0.49033538542418215,3
0.6472032206796865,2.397438954535235,-0.4777061693452133,-0.4990353068381907,-0.6662208848270063,-0.7155626228756203,1.0545734507243298,-0.299068268437628,2.5094416305818505,1.3928779174507582,-0.42110044098213534,-0.4893666565675079,-0.6807456457050176,-0.37099925800222605,-0.49033538542418215,4
0.6472032206796865,-0.8176695772090371,-0.4777061693452133,-0.4990353068381907,-0.6662208848270063,-0.7155626228756203,-0.9482506878142568,-0.299068268437628,2.5094416305818505,1.3928779174507582,-0.42110044098213534,-0.4893666565675079,-0.6807456457050176,2.695423180587601,2.039420424726057,4
-0.8811775628496022,-0.8176695772090371,2.0933370012170642,-0.4990353068381907,1.5010036802728937,-0.7155626228756203,1.0545734507243298,-0.299068268437628,-0.3984950228820965,-0.7179380098366396,-0.42110044098213534,-0.4893666565675079,-0.6807456457050176,-0.37099925800222605,2.039420424726057,7
-0.8811775628496022,-0.8176695772090371,-0.4777061693452133,-0.4990353068381907,1.5010036802728937,-0.7155626228756203,1.0545734507243298,-0.299068268437628,2.5094416305818505,-0.7179380098366396,-0.42110044098213534,-0.4893666565675079,-0.6807456457050176,-0.37099925800222605,-0.49033538542418215,8
0.6472032206796865,2.397438954535235,-0.4777061693452133,-0.4990353068381907,1.5010036802728937,1.0844551551655364,-0.9482506878142568,-0.299068268437628,2.5094416305818505,-0.7179380098366396,2.3747303557025337,-0.4893666565675079,1.468977445995038,-0.37099925800222605,-0.49033538542418215,4
-0.8811775628496022,0.789884688663099,-0.4777061693452133,2.0038662321025797,-0.6662208848270063,1.0844551551655364,-0.9482506878142568,-0.299068268437628,2.5094416305818505,-0.7179380098366396,-0.42110044098213534,-0.4893666565675079,-0.6807456457050176,-0.37099925800222605,-0.49033538542418215,6
0.6472032206796865,0.789884688663099,-0.4777061693452133,-0.4990353068381907,-0.6662208848270063,-0.7155626228756203,1.0545734507243298,-0.299068268437628,-0.3984950228820965,-0.7179380098366396,-0.42110044098213534,-0.4893666565675079,-0.6807456457050176,-0.37099925800222605,-0.49033538542418215,4
-0.8811775628496022,-0.8176695772090371,-0.4777061693452133,-0.4990353068381907,1.5010036802728937,1.0844551551655364,1.0545734507243298,-0.299068268437628,-0.3984950228820965,-0.7179380098366396,-0.42110044098213534,2.0434575723122457,1.468977445995038,-0.37099925800222605,-0.49033538542418215,6
-0.8811775628496022,-0.8176695772090371,-0.4777061693452133,2.0038662321025797,-0.6662208848270063,-0.7155626228756203,1.0545734507243298,-0.299068268437628,2.5094416305818505,-0.7179380098366396,-0.42110044098213534,-0.4893666565675079,-0.6807456457050176,-0.37099925800222605,-0.49033538542418215,7
0.6472032206796865,0.789884688663099,-0.4777061693452133,-0.4990353068381907,-0.6662208848270063,-0.7155626228756203,-0.9482506878142568,-0.299068268437628,-0.3984950228820965,1.3928779174507582,-0.42110044098213534,-0.4893666565675079,-0.6807456457050176,-0.37099925800222605,-0.49033538542418215,5
-0.8811775628496022,-0.8176695772090371,-0.4777061693452133,-0.4990353068381907,-0.6662208848270063,-0.7155626228756203,1.0545734507243298,-0.299068268437628,-0.3984950228820965,-0.7179380098366396,-0.42110044098213534,-0.4893666565675079,-0.6807456457050176,-0.37099925800222605,-0.49033538542418215,7
-0.8811775628496022,0.789884688663099,-0.4777061693452133,-0.4990353068381907,-0.6662208848270063,-0.7155626228756203,-0.9482506878142568,-0.299068268437628,-0.3984950228820965,1.3928779174507582,-0.42110044098213534,-0.4893666565675079,-0.6807456457050176,-0.37099925800222605,2.039420424726057,5
-0.8811775628496022,0.789884688663099,-0.4777061693452133,-0.4990353068381907,-0.6662208848270063,1.0844551551655364,-0.9482506878142568,-0.299068268437628,-0.3984950228820965,1.3928779174507582,-0.42110044098213534,-0.4893666565675079,-0.6807456457050176,-0.37099925800222605,-0.49033538542418215,5
-0.8811775628496022,-0.8176695772090371,2.0933370012170642,-0.4990353068381907,-0.6662208848270063,-0.7155626228756203,-0.9482506878142568,-0.299068268437628,-0.3984950228820965,-0.7179380098366396,-0.42110044098213534,-0.4893666565675079,-0.6807456457050176,-0.37099925800222605,-0.49033538542418215,6
-0.8811775628496022,-0.8176695772090371,-0.4777061693452133,2.0038662321025797,-0.6662208848270063,1.0844551551655364,1.0545734507243298,-0.299068268437628,-0.3984950228820965,-0.7179380098366396,-0.42110044098213534,-0.4893666565675079,-0.6807456457050176,2.695423180587601,-0.49033538542418215,8
-0.8811775628496022,-0.8176695772090371,2.0933370012170642,2.0038662321025797,-0.6662208848270063,1.0844551551655364,1.0545734507243298,-0.299068268437628,-0.3984950228820965,-0.7179380098366396,-0.42110044098213534,-0.4893666565675079,-0.6807456457050176,-0.37099925800222605,-0.49033538542418215,8
2.175584004208975,0.789884688663099,-0.4777061693452133,-0.4990353068381907,-0.6662208848270063,-0.7155626228756203,1.0545734507243298,-0.299068268437628,-0.3984950228820965,-0.7179380098366396,-0.42110044098213534,2.0434575723122457,-0.6807456457050176,2.695423180587601,-0.49033538542418215,5
-0.8811775628496022,-0.8176695772090371,-0.4777061693452133,-0.4990353068381907,-0.6662208848270063,-0.7155626228756203,1.0545734507243298,-0.299068268437628,-0.3984950228820965,-0.7179380098366396,-0.42110044098213534,-0.4893666565675079,1.468977445995038,-0.37099925800222605,-0.49033538542418215,7
2.175584004208975,-0.8176695772090371,-0.4777061693452133,-0.4990353068381907,-0.6662208848270063,1.0844551551655364,-0.9482506878142568,-0.299068268437628,-0.3984950228820965,-0.7179380098366396,-0.42110044098213534,-0.4893666565675079,1.468977445995038,-0.37099925800222605,-0.49033538542418215,2
-0.8811775628496022,0.789884688663099,-0.4777061693452133,-0.4990353068381907,-0.6662208848270063,1.0844551551655364,-0.9482506878142568,-0.299068268437628,-0.3984950228820965,1.3928779174507582,-0.42110044098213534,-0.4893666565675079,-0.6807456457050176,-0.37099925800222605,-0.49033538542418215,5
-0.8811775628496022,-0.8176695772090371,-0.4777061693452133,-0.4990353068381907,-0.6662208848270063,-0.7155626228756203,-0.9482506878142568,-0.299068268437628,-0.3984950228820965,-0.7179380098366396,-0.42110044098213534,-0.4893666565675079,-0.6807456457050176,-0.37099925800222605,-0.49033538542418215,7
0.6472032206796865,0.789884688663099,-0.4777061693452133,-0.4990353068381907,-0.6662208848270063,1.0844551551655364,1.0545734507243298,-0.299068268437628,-0.3984950228820965,1.3928779174507582,-0.42110044098213534,-0.4893666565675079,-0.6807456457050176,-0.37099925800222605,-0.49033538542418215,7
0.6472032206796865,-0.8176695772090371,-0.4777061693452133,-0.4990353068381907,-0.6662208848270063,-0.7155626228756203,1.0545734507243298,-0.299068268437628,-0.3984950228820965,-0.7179380098366396,-0.42110044098213534,2.0434575723122457,1.468977445995038,-0.37099925800222605,-0.49033538542418215,6
0.6472032206796865,-0.8176695772090371,-0.4777061693452133,-0.4990353068381907,-0.6662208848270063,-0.7155626228756203,1.0545734507243298,-0.299068268437628,-0.3984950228820965,-0.7179380098366396,-0.42110044098213534,2.0434575723122457,1.468977445995038,-0.37099925800222605,-0.49033538542418215,6
0.6472032206796865,-0.8176695772090371,-0.4777061693452133,-0.4990353068381907,-0.6662208848270063,-0.7155626228756203,-0.9482506878142568,-0.299068268437628,-0.3984950228820965,-0.7179380098366396,2.3747303557025337,-0.4893666565675079,-0.6807456457050176,-0.37099925800222605,-0.49033538542418215,6
0.6472032206796865,0.789884688663099,-0.4777061693452133,-0.4990353068381907,-0.6662208848270063,1.0844551551655364,-0.9482506878142568,3.343718159148518,-0.3984950228820965,1.3928779174507582,-0.42110044098213534,-0.4893666565675079,1.468977445995038,2.695423180587601,-0.49033538542418215,7
-0.8811775628496022,-0.8176695772090371,-0.4777061693452133,-0.4990353068381907,-0.6662208848270063,1.0844551551655364,-0.9482506878142568,-0.299068268437628,-0.3984950228820965,-0.7179380098366396,2.3747303557025337,-0.4893666565675079,-0.6807456457050176,-0.37099925800222605,2.039420424726057,5
0.6472032206796865,0.789884688663099,2.0933370012170642,2.0038662321025797,-0.6662208848270063,1.0844551551655364,-0.9482506878142568,-0.299068268437628,-0.3984950228820965,-0.7179380098366396,-0.42110044098213534,-0.4893666565675079,-0.6807456457050176,-0.37099925800222605,-0.49033538542418215,6
0.6472032206796865,0.789884688663099,-0.4777061693452133,-0.4990353068381907,-0.6662208848270063,1.0844551551655364,-0.9482506878142568,-0.299068268437628,-0.3984950228820965,-0.7179380098366396,-0.42110044098213534,-0.4893666565675079,1.468977445995038,-0.37099925800222605,2.039420424726057,2
-0.8811775628496022,0.789884688663099,2.0933370012170642,-0.4990353068381907,1.5010036802728937,-0.7155626228756203,1.0545734507243298,-0.299068268437628,2.5094416305818505,-0.7179380098366396,-0.42110044098213534,-0.4893666565675079,-0.6807456457050176,-0.37099925800222605,-0.49033538542418215,6
-0.8811775628496022,-0.8176695772090371,-0.4777061693452133,2.0038662321025797,1.5010036802728937,-0.7155626228756203,-0.9482506878142568,-0.299068268437628,2.5094416305818505,-0.7179380098366396,-0.42110044098213534,-0.4893666565675079,-0.6807456457050176,-0.37099925800222605,-0.49033538542418215,7
-0.8811775628496022,-0.8176695772090371,-0.4777061693452133,-0.4990353068381907,1.5010036802728937,-0.7155626228756203,-0.9482506878142568,-0.299068268437628,2.5094416305818505,-0.7179380098366396,-0.42110044098213534,-0.4893666565675079,-0.6807456457050176,-0.37099925800222605,-0.49033538542418215,7
0.6472032206796865,-0.8176695772090371,-0.4777061693452133,-0.4990353068381907,-0.6662208848270063,1.0844551551655364,-0.9482506878142568,3.343718159148518,-0.3984950228820965,1.3928779174507582,2.3747303557025337,-0.4893666565675079,-0.6807456457050176,2.695423180587601,-0.49033538542418215,4
-0.8811775628496022,0.789884688663099,-0.4777061693452133,-0.4990353068381907,-0.6662208848270063,-0.7155626228756203,1.0545734507243298,-0.299068268437628,-0.3984950228820965,1.3928779174507582,-0.42110044098213534,2.0434575723122457,1.468977445995038,-0.37099925800222605,-0.49033538542418215,6
0.6472032206796865,-0.8176695772090371,-0.4777061693452133,-0.4990353068381907,-0.6662208848270063,1.0844551551655364,1.0545734507243298,-0.299068268437628,-0.3984950228820965,-0.7179380098366396,-0.42110044098213534,-0.4893666565675079,-0.6807456457050176,-0.37099925800222605,-0.49033538542418215,5
0.6472032206796865,0.789884688663099,-0.4777061693452133,-0.4990353068381907,-0.6662208848270063,1.0844551551655364,1.0545734507243298,3.343718159148518,-0.3984950228820965,1.3928779174507582,-0.42110044098213534,-0.4893666565675079,-0.6807456457050176,-0.37099925800222605,-0.49033538542418215,5
-0.8811775628496022,-0.8176695772090371,2.0933370012170642,-0.4990353068381907,-0.6662208848270063,-0.7155626228756203,-0.9482506878142568,-0.299068268437628,-0.3984950228820965,1.3928779174507582,-0.42110044098213534,-0.4893666565675079,-0.6807456457050176,-0.37099925800222605,-0.49033538542418215,6
2.175584004208975,0.789884688663099,-0.4777061693452133,-0.4990353068381907,-0.6662208848270063,-0.7155626228756203,1.0545734507243298,-0.299068268437628,-0.3984950228820965,-0.7179380098366396,-0.42110044098213534,-0.4893666565675079,-0.6807456457050176,-0.37099925800222605,-0.49033538542418215,6
-0.8811775628496022,0.789884688663099,-0.4777061693452133,-0.4990353068381907,-0.6662208848270063,1.0844551551655364,1.0545734507243298,-0.299068268437628,-0.3984950228820965,-0.7179380098366396,-0.42110044098213534,-0.4893666565675079,-0.6807456457050176,-0.37099925800222605,-0.49033538542418215,4
0.6472032206796865,0.789884688663099,-0.4777061693452133,2.0038662321025797,1.5010036802728937,1.0844551551655364,1.0545734507243298,3.343718159148518,2.5094416305818505,-0.7179380098366396,-0.42110044098213534,2.0434575723122457,1.468977445995038,-0.37099925800222605,-0.49033538542418215,6
-0.8811775628496022,0.789884688663099,-0.4777061693452133,-0.4990353068381907,-0.6662208848270063,-0.7155626228756203,-0.9482506878142568,3.343718159148518,-0.3984950228820965,-0.7179380098366396,-0.42110044098213534,-0.4893666565675079,-0.6807456457050176,2.695423180587601,-0.49033538542418215,4
-0.8811775628496022,-0.8176695772090371,-0.4777061693452133,-0.4990353068381907,1.5010036802728937,-0.7155626228756203,1.0545734507243298,-0.299068268437628,-0.3984950228820965,-0.7179380098366396,-0.42110044098213534,-0.4893666565675079,-0.6807456457050176,-0.37099925800222605,-0.49033538542418215,7
-0.8811775628496022,-0.8176695772090371,2.0933370012170642,-0.4990353068381907,1.5010036802728937,-0.7155626228756203,-0.9482506878142568,-0.299068268437628,-0.3984950228820965,-0.7179380098366396,-0.42110044098213534,-0.4893666565675079,-0.6807456457050176,-0.37099925800222605,-0.49033538542418215,6
-0.8811775628496022,-0.8176695772090371,-0.4777061693452133,2.0038662321025797,1.5010036802728937,-0.7155626228756203,1.0545734507243298,-0.299068268437628,-0.3984950228820965,-0.7179380098366396,-0.42110044098213534,-0.4893666565675079,-0.6807456457050176,-0.37099925800222605,-0.49033538542418215,6
-0.8811775628496022,0.789884688663099,-0.4777061693452133,-0.4990353068381907,1.5010036802728937,1.0844551551655364,1.0545734507243298,3.343718159148518,-0.3984950228820965,1.3928779174507582,-0.42110044098213534,2.0434575723122457,1.468977445995038,-0.37099925800222605,-0.49033538542418215,4
-0.8811775628496022,-0.8176695772090371,2.0933370012170642,-0.4990353068381907,1.5010036802728937,-0.7155626228756203,1.0545734507243298,-0.299068268437628,-0.3984950228820965,-0.7179380098366396,-0.42110044098213534,-0.4893666565675079,-0.6807456457050176,-0.37099925800222605,-0.49033538542418215,8
-0.8811775628496022,0.789884688663099,-0.4777061693452133,-0.4990353068381907,1.5010036802728937,-0.7155626228756203,1.0545734507243298,-0.299068268437628,-0.3984950228820965,-0.7179380098366396,-0.42110044098213534,-0.4893666565675079,1.468977445995038,-0.37099925800222605,-0.49033538542418215,6
-0.8811775628496022,-0.8176695772090371,-0.4777061693452133,2.0038662321025797,1.5010036802728937,-0.7155626228756203,-0.9482506878142568,-0.299068268437628,-0.3984950228820965,1.3928779174507582,-0.42110044098213534,-0.4893666565675079,1.468977445995038,-0.37099925800222605,-0.49033538542418215,6
-0.8811775628496022,-0.8176695772090371,2.0933370012170642,-0.4990353068381907,-0.6662208848270063,1.0844551551655364,-0.9482506878142568,-0.299068268437628,2.5094416305818505,-0.7179380098366396,-0.42110044098213534,-0.4893666565675079,-0.6807456457050176,-0.37099925800222605,-0.49033538542418215,8
0.6472032206796865,0.789884688663099,-0.4777061693452133,-0.4990353068381907,-0.6662208848270063,-0.7155626228756203,-0.9482506878142568,-0.299068268437628,2.5094416305818505,1.3928779174507582,-0.42110044098213534,2.0434575723122457,-0.6807456457050176,-0.37099925800222605,2.039420424726057,6
-0.8811775628496022,-0.8176695772090371,2.0933370012170642,-0.4990353068381907,-0.6662208848270063,-0.7155626228756203,-0.9482506878142568,-0.299068268437628,-0.3984950228820965,1.3928779174507582,2.3747303557025337,-0.4893666565675079,-0.6807456457050176,-0.37099925800222605,-0.49033538542418215,6
-0.8811775628496022,0.789884688663099,-0.4777061693452133,2.0038662321025797,1.5010036802728937,1.0844551551655364,-0.9482506878142568,-0.299068268437628,2.5094416305818505,-0.7179380098366396,-0.42110044098213534,-0.4893666565675079,-0.6807456457050176,2.695423180587601,-0.49033538542418215,3
0.6472032206796865,-0.8176695772090371,-0.4777061693452133,2.0038662321025797,-0.6662208848270063,1.0844551551655364,1.0545734507243298,-0.299068268437628,-0.3984950228820965,-0.7179380098366396,-0.42110044098213534,-0.4893666565675079,-0.6807456457050176,-0.37099925800222605,-0.49033538542418215,6
-0.8811775628496022,-0.8176695772090371,2.0933370012170642,2.0038662321025797,1.5010036802728937,-0.7155626228756203,-0.9482506878142568,-0.299068268437628,-0.3984950228820965,-0.7179380098366396,-0.42110044098213534,-0.4893666565675079,-0.6807456457050176,-0.37099925800222605,-0.49033538542418215,8
0.6472032206796865,0.789884688663099,2.0933370012170642,-0.4990353068381907,-0.6662208848270063,1.0844551551655364,1.0545734507243298,-0.299068268437628,-0.3984950228820965,1.3928779174507582,-0.42110044098213534,2.0434575723122457,-0.6807456457050176,-0.37099925800222605,-0.49033538542418215,5
-0.8811775628496022,-0.8176695772090371,-0.4777061693452133,-0.4990353068381907,1.5010036802728937,-0.7155626228756203,1.0545734507243298,-0.299068268437628,-0.3984950228820965,-0.7179380098366396,-0.42110044098213534,-0.4893666565675079,-0.6807456457050176,-0.37099925800222605,-0.49033538542418215,8
-0.8811775628496022,-0.8176695772090371,-0.4777061693452133,-0.4990353068381907,-0.6662208848270063,-0.7155626228756203,-0.9482506878142568,-0.299068268437628,-0.3984950228820965,-0.7179380098366396,-0.42110044098213534,-0.4893666565675079,-0.6807456457050176,-0.37099925800222605,2.039420424726057,8
-0.8811775628496022,-0.8176695772090371,-0.4777061693452133,2.0038662321025797,-0.6662208848270063,-0.7155626228756203,1.0545734507243298,-0.299068268437628,-0.3984950228820965,-0.7179380098366396,-0.42110044098213534,-0.4893666565675079,-0.6807456457050176,-0.37099925800222605,-0.49033538542418215,7
0.6472032206796865,-0.8176695772090371,-0.4777061693452133,2.0038662321025797,-0.6662208848270063,-0.7155626228756203,-0.9482506878142568,-0.299068268437628,-0.3984950228820965,1.3928779174507582,-0.42110044098213534,-0.4893666565675079,1.468977445995038,-0.37099925800222605,-0.49033538542418215,5
-0.8811775628496022,0.789884688663099,2.0933370012170642,2.0038662321025797,-0.6662208848270063,1.0844551551655364,-0.9482506878142568,-0.299068268437628,-0.3984950228820965,-0.7179380098366396,-0.42110044098213534,-0.4893666565675079,1.468977445995038,-0.37099925800222605,2.039420424726057,6
0.6472032206796865,0.789884688663099,-0.4777061693452133,2.0038662321025797,-0.6662208848270063,2.884472933206693,-0.9482506878142568,3.343718159148518,-0.3984950228820965,-0.7179380098366396,-0.42110044098213534,-0.4893666565675079,-0.6807456457050176,-0.37099925800222605,-0.49033538542418215,4
-0.8811775628496022,2.397438954535235,-0.4777061693452133,-0.4990353068381907,-0.6662208848270063,-0.7155626228756203,-0.9482506878142568,3.343718159148518,-0.3984950228820965,1.3928779174507582,-0.42110044098213534,-0.4893666565675079,-0.6807456457050176,-0.37099925800222605,-0.49033538542418215,6
0.6472032206796865,-0.8176695772090371,-0.4777061693452133,-0.4990353068381907,-0.6662208848270063,-0.7155626228756203,-0.9482506878142568,-0.299068268437628,-0.3984950228820965,-0.7179380098366396,-0.42110044098213534,-0.4893666565675079,1.468977445995038,-0.37099925800222605,-0.49033538542418215,7
-0.8811775628496022,-0.8176695772090371,-0.4777061693452133,-0.4990353068381907,1.5010036802728937,-0.7155626228756203,1.0545734507243298,-0.299068268437628,-0.3984950228820965,-0.7179380098366396,-0.42110044098213534,-0.4893666565675079,-0.6807456457050176,-0.37099925800222605,2.039420424726057,8
-0.8811775628496022,-0.8176695772090371,-0.4777061693452133,-0.4990353068381907,-0.6662208848270063,-0.7155626228756203,-0.9482506878142568,-0.299068268437628,-0.3984950228820965,-0.7179380098366396,2.3747303557025337,-0.4893666565675079,-0.6807456457050176,-0.37099925800222605,2.039420424726057,8
0.6472032206796865,-0.8176695772090371,-0.4777061693452133,-0.4990353068381907,1.5010036802728937,-0.7155626228756203,1.0545734507243298,-0.299068268437628,-0.3984950228820965,-0.7179380098366396,-0.42110044098213534,-0.4893666565675079,-0.6807456457050176,-0.37099925800222605,-0.49033538542418215,6
2.175584004208975,2.397438954535235,-0.4777061693452133,-0.4990353068381907,-0.6662208848270063,1.0844551551655364,-0.9482506878142568,-0.299068268437628,-0.3984950228820965,1.3928779174507582,-0.42110044098213534,2.0434575723122457,-0.6807456457050176,-0.37099925800222605,-0.49033538542418215,3
-0.8811775628496022,-0.8176695772090371,-0.4777061693452133,2.0038662321025797,1.5010036802728937,-0.7155626228756203,1.0545734507243298,-0.299068268437628,2.5094416305818505,-0.7179380098366396,-0.42110044098213534,-0.4893666565675079,-0.6807456457050176,-0.37099925800222605,-0.49033538542418215,8
-0.8811775628496022,0.789884688663099,-0.4777061693452133,-0.4990353068381907,-0.6662208848270063,-0.7155626228756203,-0.9482506878142568,-0.299068268437628,-0.3984950228820965,1.3928779174507582,-0.42110044098213534,-0.4893666565675079,-0.6807456457050176,-0.37099925800222605,-0.49033538542418215,5
-0.8811775628496022,-0.8176695772090371,2.0933370012170642,-0.4990353068381907,1.5010036802728937,-0.7155626228756203,1.0545734507243298,-0.299068268437628,-0.3984950228820965,-0.7179380098366396,2.3747303557025337,-0.4893666565675079,-0.6807456457050176,2.695423180587601,-0.49033538542418215,8
0.6472032206796865,-0.8176695772090371,2.0933370012170642,-0.4990353068381907,1.5010036802728937,1.0844551551655364,-0.9482506878142568,-0.299068268437628,-0.3984950228820965,-0.7179380098366396,-0.42110044098213534,-0.4893666565675079,-0.6807456457050176,-0.37099925800222605,-0.49033538542418215,6
-0.8811775628496022,-0.8176695772090371,-0.4777061693452133,-0.4990353068381907,1.5010036802728937,-0.7155626228756203,1.0545734507243298,3.343718159148518,-0.3984950228820965,1.3928779174507582,-0.42110044098213534,2.0434575723122457,1.468977445995038,-0.37099925800222605,-0.49033538542418215,7
0.6472032206796865,-0.8176695772090371,-0.4777061693452133,-0.4990353068381907,-0.6662208848270063,1.0844551551655364,1.0545734507243298,-0.299068268437628,-0.3984950228820965,-0.7179380098366396,-0.42110044098213534,2.0434575723122457,-0.6807456457050176,2.695423180587601,-0.49033538542418215,7
-0.8811775628496022,-0.8176695772090371,-0.4777061693452133,-0.4990353068381907,-0.6662208848270063,-0.7155626228756203,1.0545734507243298,3.343718159148518,-0.3984950228820965,1.3928779174507582,-0.42110044098213534,2.0434575723122457,1.468977445995038,-0.37099925800222605,-0.49033538542418215,7
0.6472032206796865,2.397438954535235,-0.4777061693452133,-0.4990353068381907,-0.6662208848270063,1.0844551551655364,1.0545734507243298,-0.299068268437628,-0.3984950228820965,1.3928779174507582,2.3747303557025337,-0.4893666565675079,1.468977445995038,-0.37099925800222605,-0.49033538542418215,6
0.6472032206796865,2.397438954535235,-0.4777061693452133,-0.4990353068381907,-0.6662208848270063,-0.7155626228756203,-0.9482506878142568,-0.299068268437628,-0.3984950228820965,-0.7179380098366396,-0.42110044098213534,-0.4893666565675079,1.468977445995038,-0.37099925800222605,-0.49033538542418215,3
-0.8811775628496022,-0.8176695772090371,2.0933370012170642,-0.4990353068381907,1.5010036802728937,-0.7155626228756203,1.0545734507243298,-0.299068268437628,2.5094416305818505,-0.7179380098366396,-0.42110044098213534,-0.4893666565675079,-0.6807456457050176,-0.37099925800222605,-0.49033538542418215,6
0.6472032206796865,0.789884688663099,-0.4777061693452133,2.0038662321025797,1.5010036802728937,-0.7155626228756203,-0.9482506878142568,-0.299068268437628,-0.3984950228820965,-0.7179380098366396,2.3747303557025337,-0.4893666565675079,-0.6807456457050176,-0.37099925800222605,2.039420424726057,7
-0.8811775628496022,-0.8176695772090371,2.0933370012170642,-0.4990353068381907,-0.6662208848270063,-0.7155626228756203,1.0545734507243298,-0.299068268437628,-0.3984950228820965,-0.7179380098366396,-0.42110044098213534,-0.4893666565675079,-0.6807456457050176,-0.37099925800222605,2.039420424726057,7
-0.8811775628496022,-0.8176695772090371,-0.4777061693452133,-0.4990353068381907,1.5010036802728937,-0.7155626228756203,1.0545734507243298,-0.299068268437628,-0.3984950228820965,1.3928779174507582,-0.42110044098213534,-0.4893666565675079,-0.6807456457050176,-0.37099925800222605,-0.49033538542418215,7
0.6472032206796865,-0.8176695772090371,-0.4777061693452133,-0.4990353068381907,1.5010036802728937,-0.7155626228756203,-0.9482506878142568,-0.299068268437628,-0.3984950228820965,-0.7179380098366396,-0.42110044098213534,-0.4893666565675079,1.468977445995038,-0.37099925800222605,-0.49033538542418215,5
-0.8811775628496022,-0.8176695772090371,2.0933370012170642,-0.4990353068381907,1.5010036802728937,-0.7155626228756203,1.0545734507243298,-0.299068268437628,2.5094416305818505,-0.7179380098366396,-0.42110044098213534,-0.4893666565675079,-0.6807456457050176,-0.37099925800222605,-0.49033538542418215,8
-0.8811775628496022,0.789884688663099,-0.4777061693452133,-0.4990353068381907,1.5010036802728937,-0.7155626228756203,1.0545734507243298,3.343718159148518,2.5094416305818505,1.3928779174507582,-0.42110044098213534,2.0434575723122457,1.468977445995038,-0.37099925800222605,2.039420424726057,7
0.6472032206796865,0.789884688663099,-0.4777061693452133,-0.4990353068381907,-0.6662208848270063,1.0844551551655364,-0.9482506878142568,3.343718159148518,-0.3984950228820965,1.3928779174507582,-0.42110044098213534,2.0434575723122457,1.468977445995038,2.695423180587601,-0.49033538542418215,4
-0.8811775628496022,0.789884688663099,-0.4777061693452133,-0.4990353068381907,-0.6662208848270063,-0.7155626228756203,-0.9482506878142568,-0.299068268437628,-0.3984950228820965,1.3928779174507582,-0.42110044098213534,-0.4893666565675079,-0.6807456457050176,-0.37099925800222605,-0.49033538542418215,4
0.6472032206796865,-0.8176695772090371,-0.4777061693452133,-0.4990353068381907,-0.6662208848270063,-0.7155626228756203,-0.9482506878142568,-0.299068268437628,-0.3984950228820965,-0.7179380098366396,-0.42110044098213534,-0.4893666565675079,1.468977445995038,-0.37099925800222605,-0.49033538542418215,8
-0.8811775628496022,-0.8176695772090371,-0.4777061693452133,-0.4990353068381907,-0.6662208848270063,-0.7155626228756203,1.0545734507243298,-0.299068268437628,-0.3984950228820965,-0.7179380098366396,-0.42110044098213534,-0.4893666565675079,-0.6807456457050176,-0.37099925800222605,2.039420424726057,8
0.6472032206796865,-0.8176695772090371,-0.4777061693452133,-0.4990353068381907,-0.6662208848270063,-0.7155626228756203,-0.9482506878142568,3.343718159148518,-0.3984950228820965,-0.7179380098366396,-0.42110044098213534,-0.4893666565675079,1.468977445995038,2.695423180587601,-0.49033538542418215,5
2.175584004208975,-0.8176695772090371,2.0933370012170642,-0.4990353068381907,-0.6662208848270063,2.884472933206693,-0.9482506878142568,-0.299068268437628,-0.3984950228820965,-0.7179380098366396,-0.42110044098213534,-0.4893666565675079,-0.6807456457050176,-0.37099925800222605,2.039420424726057,1
0.6472032206796865,-0.8176695772090371,-0.4777061693452133,-0.4990353068381907,-0.6662208848270063,-0.7155626228756203,-0.9482506878142568,-0.299068268437628,-0.3984950228820965,1.3928779174507582,-0.42110044098213534,2.0434575723122457,1.468977445995038,2.695423180587601,-0.49033538542418215,7
-0.8811775628496022,-0.8176695772090371,-0.4777061693452133,-0.4990353068381907,1.5010036802728937,1.0844551551655364,-0.9482506878142568,-0.299068268437628,-0.3984950228820965,1.3928779174507582,-0.42110044098213534,-0.4893666565675079,-0.6807456457050176,-0.37099925800222605,-0.49033538542418215,6
-0.8811775628496022,0.789884688663099,-0.4777061693452133,-0.4990353068381907,-0.6662208848270063,1.0844551551655364,-0.9482506878142568,-0.299068268437628,-0.3984950228820965,-0.7179380098366396,-0.42110044098213534,2.0434575723122457,-0.6807456457050176,-0.37099925800222605,-0.49033538542418215,7
0.6472032206796865,-0.8176695772090371,-0.4777061693452133,-0.4990353068381907,-0.6662208848270063,1.0844551551655364,-0.9482506878142568,-0.299068268437628,-0.3984950228820965,-0.7179380098366396,-0.42110044098213534,-0.4893666565675079,-0.6807456457050176,-0.37099925800222605,-0.49033538542418215,4
-0.8811775628496022,-0.8176695772090371,2.0933370012170642,2.0038662321025797,-0.6662208848270063,-0.7155626228756203,1.0545734507243298,-0.299068268437628,-0.3984950228820965,-0.7179380098366396,-0.42110044098213534,-0.4893666565675079,-0.6807456457050176,-0.37099925800222605,-0.49033538542418215,8
-0.8811775628496022,0.789884688663099,-0.4777061693452133,-0.4990353068381907,-0.6662208848270063,-0.7155626228756203,-0.9482506878142568,-0.299068268437628,-0.3984950228820965,1.3928779174507582,-0.42110044098213534,2.0434575723122457,1.468977445995038,-0.37099925800222605,-0.49033538542418215,5
-0.8811775628496022,0.789884688663099,-0.4777061693452133,-0.4990353068381907,-0.6662208848270063,-0.7155626228756203,-0.9482506878142568,-0.299068268437628,-0.3984950228820965,1.3928779174507582,-0.42110044098213534,-0.4893666565675079,1.468977445995038,-0.37099925800222605,-0.49033538542418215,4
0.6472032206796865,-0.8176695772090371,-0.4777061693452133,-0.4990353068381907,-0.6662208848270063,1.0844551551655364,-0.9482506878142568,-0.299068268437628,-0.3984950228820965,-0.7179380098366396,-0.42110044098213534,2.0434575723122457,1.468977445995038,-0.37099925800222605,-0.49033538542418215,4
0.6472032206796865,0.789884688663099,-0.4777061693452133,2.0038662321025797,-0.6662208848270063,-0.7155626228756203,1.0545734507243298,-0.299068268437628,-0.3984950228820965,-0.7179380098366396,-0.42110044098213534,-0.4893666565675079,-0.6807456457050176,-0.37099925800222605,-0.49033538542418215,6
-0.8811775628496022,-0.8176695772090371,-0.4777061693452133,2.0038662321025797,-0.6662208848270063,-0.7155626228756203,-0.9482506878142568,-0.299068268437628,-0.3984950228820965,1.3928779174507582,-0.42110044098213534,-0.4893666565675079,-0.6807456457050176,-0.37099925800222605,-0.49033538542418215,6
2.175584004208975,-0.8176695772090371,-0.4777061693452133,-0.4990353068381907,-0.6662208848270063,2.884472933206693,-0.9482506878142568,-0.299068268437628,-0.3984950228820965,-0.7179380098366396,-0.42110044098213534,-0.4893666565675079,-0.6807456457050176,-0.37099925800222605,-0.49033538542418215,3
0.6472032206796865,-0.8176695772090371,-0.4777061693452133,-0.4990353068381907,-0.6662208848270063,-0.7155626228756203,1.0545734507243298,-0.299068268437628,-0.3984950228820965,1.3928779174507582,-0.42110044098213534,-0.4893666565675079,1.468977445995038,-0.37099925800222605,-0.49033538542418215,6
-0.8811775628496022,0.789884688663099,-0.4777061693452133,-0.4990353068381907,-0.6662208848270063,-0.7155626228756203,1.0545734507243298,-0.299068268437628,-0.3984950228820965,1.3928779174507582,-0.42110044098213534,-0.4893666565675079,-0.6807456457050176,-0.37099925800222605,-0.49033538542418215,8
-0.8811775628496022,-0.8176695772090371,-0.4777061693452133,-0.4990353068381907,-0.6662208848270063,-0.7155626228756203,-0.9482506878142568,-0.299068268437628,-0.3984950228820965,1.3928779174507582,-0.42110044098213534,-0.4893666565675079,1.468977445995038,-0.37099925800222605,-0.49033538542418215,5
-0.8811775628496022,-0.8176695772090371,-0.4777061693452133,2.0038662321025797,1.5010036802728937,-0.7155626228756203,-0.9482506878142568,-0.299068268437628,-0.3984950228820965,-0.7179380098366396,-0.42110044098213534,-0.4893666565675079,-0.6807456457050176,-0.37099925800222605,-0.49033538542418215,8
0.6472032206796865,-0.8176695772090371,-0.4777061693452133,-0.4990353068381907,-0.6662208848270063,1.0844551551655364,-0.9482506878142568,-0.299068268437628,-0.3984950228820965,-0.7179380098366396,2.3747303557025337,-0.4893666565675079,-0.6807456457050176,-0.37099925800222605,2.039420424726057,7
0.6472032206796865,-0.8176695772090371,-0.4777061693452133,-0.4990353068381907,1.5010036802728937,-0.7155626228756203,1.0545734507243298,-0.299068268437628,-0.3984950228820965,-0.7179380098366396,-0.42110044098213534,2.0434575723122457,1.468977445995038,-0.37099925800222605,-0.49033538542418215,7
-0.8811775628496022,2.397438954535235,2.0933370012170642,2.0038662321025797,-0.6662208848270063,-0.7155626228756203,-0.9482506878142568,-0.299068268437628,2.5094416305818505,-0.7179380098366396,-0.42110044098213534,-0.4893666565675079,1.468977445995038,2.695423180587601,-0.49033538542418215,7
-0.8811775628496022,-0.8176695772090371,-0.4777061693452133,-0.4990353068381907,1.5010036802728937,-0.7155626228756203,-0.9482506878142568,-0.299068268437628,-0.3984950228820965,-0.7179380098366396,-0.42110044098213534,-0.4893666565675079,-0.6807456457050176,-0.37099925800222605,2.039420424726057,7
0.6472032206796865,0.789884688663099,-0.4777061693452133,-0.4990353068381907,-0.6662208848270063,1.0844551551655364,-0.9482506878142568,-0.299068268437628,-0.3984950228820965,1.3928779174507582,-0.42110044098213534,-0.4893666565675079,-0.6807456457050176,-0.37099925800222605,-0.49033538542418215,6
0.6472032206796865,-0.8176695772090371,2.0933370012170642,-0.4990353068381907,-0.6662208848270063,-0.7155626228756203,1.0545734507243298,-0.299068268437628,-0.3984950228820965,-0.7179380098366396,-0.42110044098213534,-0.4893666565675079,-0.6807456457050176,-0.37099925800222605,-0.49033538542418215,7
0.6472032206796865,-0.8176695772090371,-0.4777061693452133,2.0038662321025797,-0.6662208848270063,1.0844551551655364,-0.9482506878142568,-0.299068268437628,2.5094416305818505,-0.7179380098366396,-0.42110044098213534,-0.4893666565675079,-0.6807456457050176,-0.37099925800222605,-0.49033538542418215,8
-0.8811775628496022,-0.8176695772090371,-0.4777061693452133,2.0038662321025797,-0.6662208848270063,1.0844551551655364,1.0545734507243298,3.343718159148518,2.5094416305818505,-0.7179380098366396,-0.42110044098213534,2.0434575723122457,1.468977445995038,-0.37099925800222605,-0.49033538542418215,4
-0.8811775628496022,0.789884688663099,-0.4777061693452133,-0.4990353068381907,-0.6662208848270063,-0.7155626228756203,-0.9482506878142568,-0.299068268437628,-0.3984950228820965,1.3928779174507582,2.3747303557025337,2.0434575723122457,1.468977445995038,-0.37099925800222605,-0.49033538542418215,3
0.6472032206796865,-0.8176695772090371,2.0933370012170642,-0.4990353068381907,-0.6662208848270063,-0.7155626228756203,1.0545734507243298,-0.299068268437628,-0.3984950228820965,-0.7179380098366396,-0.42110044098213534,-0.4893666565675079,-0.6807456457050176,-0.37099925800222605,-0.49033538542418215,6
0.6472032206796865,-0.8176695772090371,-0.4777061693452133,-0.4990353068381907,-0.6662208848270063,-0.7155626228756203,-0.9482506878142568,-0.299068268437628,-0.3984950228820965,-0.7179380098366396,-0.42110044098213534,-0.4893666565675079,1.468977445995038,-0.37099925800222605,-0.49033538542418215,4
-0.8811775628496022,-0.8176695772090371,-0.4777061693452133,-0.4990353068381907,1.5010036802728937,1.0844551551655364,-0.9482506878142568,-0.299068268437628,2.5094416305818505,-0.7179380098366396,-0.42110044098213534,-0.4893666565675079,-0.6807456457050176,-0.37099925800222605,-0.49033538542418215,8
-0.8811775628496022,-0.8176695772090371,2.0933370012170642,-0.4990353068381907,-0.6662208848270063,1.0844551551655364,-0.9482506878142568,-0.299068268437628,2.5094416305818505,-0.7179380098366396,2.3747303557025337,-0.4893666565675079,1.468977445995038,-0.37099925800222605,-0.49033538542418215,8
-0.8811775628496022,-0.8176695772090371,2.0933370012170642,2.0038662321025797,-0.6662208848270063,-0.7155626228756203,-0.9482506878142568,-0.299068268437628,-0.3984950228820965,-0.7179380098366396,-0.42110044098213534,-0.4893666565675079,-0.6807456457050176,-0.37099925800222605,-0.49033538542418215,8
0.6472032206796865,-0.8176695772090371,-0.4777061693452133,2.0038662321025797,1.5010036802728937,1.0844551551655364,-0.9482506878142568,-0.299068268437628,-0.3984950228820965,1.3928779174507582,-0.42110044098213534,2.0434575723122457,-0.6807456457050176,-0.37099925800222605,2.039420424726057,4
0.6472032206796865,-0.8176695772090371,-0.4777061693452133,-0.4990353068381907,1.5010036802728937,1.0844551551655364,1.0545734507243298,-0.299068268437628,-0.3984950228820965,-0.7179380098366396,-0.42110044098213534,-0.4893666565675079,1.468977445995038,-0.37099925800222605,-0.49033538542418215,6
2.175584004208975,2.397438954535235,-0.4777061693452133,-0.4990353068381907,-0.6662208848270063,1.0844551551655364,-0.9482506878142568,-0.299068268437628,-0.3984950228820965,-0.7179380098366396,-0.42110044098213534,-0.4893666565675079,-0.6807456457050176,-0.37099925800222605,-0.49033538542418215,3
2.175584004208975,-0.8176695772090371,-0.4777061693452133,2.0038662321025797,-0.6662208848270063,2.884472933206693,1.0545734507243298,-0.299068268437628,-0.3984950228820965,-0.7179380098366396,-0.42110044098213534,-0.4893666565675079,-0.6807456457050176,-0.37099925800222605,2.039420424726057,7
0.6472032206796865,0.789884688663099,-0.4777061693452133,-0.4990353068381907,-0.6662208848270063,1.0844551551655364,1.0545734507243298,-0.299068268437628,-0.3984950228820965,1.3928779174507582,-0.42110044098213534,2.0434575723122457,-0.6807456457050176,2.695423180587601,-0.49033538542418215,5
-0.8811775628496022,-0.8176695772090371,-0.4777061693452133,-0.4990353068381907,-0.6662208848270063,-0.7155626228756203,-0.9482506878142568,-0.299068268437628,-0.3984950228820965,1.3928779174507582,2.3747303557025337,-0.4893666565675079,-0.6807456457050176,-0.37099925800222605,2.039420424726057,7
2.175584004208975,0.789884688663099,-0.4777061693452133,-0.4990353068381907,-0.6662208848270063,1.0844551551655364,-0.9482506878142568,-0.299068268437628,-0.3984950228820965,-0.7179380098366396,-0.42110044098213534,-0.4893666565675079,-0.6807456457050176,2.695423180587601,-0.49033538542418215,3
-0.8811775628496022,-0.8176695772090371,-0.4777061693452133,-0.4990353068381907,-0.6662208848270063,-0.7155626228756203,1.0545734507243298,-0.299068268437628,-0.3984950228820965,-0.7179380098366396,-0.42110044098213534,2.0434575723122457,-0.6807456457050176,-0.37099925800222605,-0.49033538542418215,5
0.6472032206796865,0.789884688663099,-0.4777061693452133,-0.4990353068381907,1.5010036802728937,-0.7155626228756203,-0.9482506878142568,-0.299068268437628,-0.3984950228820965,-0.7179380098366396,-0.42110044098213534,2.0434575723122457,-0.6807456457050176,-0.37099925800222605,-0.49033538542418215,3
-0.8811775628496022,0.789884688663099,-0.4777061693452133,-0.4990353068381907,1.5010036802728937,-0.7155626228756203,1.0545734507243298,-0.299068268437628,2.5094416305818505,-0.7179380098366396,-0.42110044098213534,-0.4893666565675079,1.468977445995038,-0.37099925800222605,-0.49033538542418215,8
0.6472032206796865,0.789884688663099,-0.4777061693452133,-0.4990353068381907,-0.6662208848270063,-0.7155626228756203,1.0545734507243298,-0.299068268437628,-0.3984950228820965,-0.7179380098366396,-0.42110044098213534,2.0434575723122457,1.468977445995038,-0.37099925800222605,-0.49033538542418215,7
0.6472032206796865,-0.8176695772090371,-0.4777061693452133,-0.4990353068381907,-0.6662208848270063,-0.7155626228756203,-0.9482506878142568,-0.299068268437628,-0.3984950228820965,-0.7179380098366396,-0.42110044098213534,2.0434575723122457,1.468977445995038,-0.37099925800222605,2.039420424726057,6
-0.8811775628496022,-0.8176695772090371,2.0933370012170642,2.0038662321025797,-0.6662208848270063,-0.7155626228756203,1.0545734507243298,-0.299068268437628,-0.3984950228820965,1.3928779174507582,2.3747303557025337,-0.4893666565675079,-0.6807456457050176,-0.37099925800222605,-0.49033538542418215,9
-0.8811775628496022,-0.8176695772090371,2.0933370012170642,-0.4990353068381907,-0.6662208848270063,1.0844551551655364,1.0545734507243298,-0.299068268437628,-0.3984950228820965,-0.7179380098366396,2.3747303557025337,-0.4893666565675079,-0.6807456457050176,-0.37099925800222605,-0.49033538542418215,7
2.175584004208975,0.789884688663099,-0.4777061693452133,-0.4990353068381907,-0.6662208848270063,1.0844551551655364,-0.9482506878142568,-0.299068268437628,-0.3984950228820965,-0.7179380098366396,-0.42110044098213534,-0.4893666565675079,-0.6807456457050176,-0.37099925800222605,-0.49033538542418215,4
2.175584004208975,0.789884688663099,-0.4777061693452133,-0.4990353068381907,-0.6662208848270063,1.0844551551655364,-0.9482506878142568,-0.299068268437628,-0.3984950228820965,-0.7179380098366396,-0.42110044098213534,-0.4893666565675079,-0.6807456457050176,-0.37099925800222605,-0.49033538542418215,3
-0.8811775628496022,-0.8176695772090371,2.0933370012170642,2.0038662321025797,-0.6662208848270063,-0.7155626228756203,-0.9482506878142568,-0.299068268437628,-0.3984950228820965,-0.7179380098366396,-0.42110044098213534,-0.4893666565675079,-0.6807456457050176,-0.37099925800222605,-0.49033538542418215,9
-0.8811775628496022,-0.8176695772090371,-0.4777061693452133,-0.4990353068381907,-0.6662208848270063,1.0844551551655364,1.0545734507243298,3.343718159148518,-0.3984950228820965,1.3928779174507582,-0.42110044098213534,-0.4893666565675079,-0.6807456457050176,-0.37099925800222605,-0.49033538542418215,5
2.175584004208975,-0.8176695772090371,-0.4777061693452133,-0.4990353068381907,-0.6662208848270063,2.884472933206693,-0.9482506878142568,-0.299068268437628,-0.3984950228820965,-0.7179380098366396,-0.42110044098213534,-0.4893666565675079,1.468977445995038,2.695423180587601,-0.49033538542418215,5
2.175584004208975,2.397438954535235,-0.4777061693452133,-0.4990353068381907,-0.6662208848270063,2.884472933206693,-0.9482506878142568,-0.299068268437628,-0.3984950228820965,-0.7179380098366396,-0.42110044098213534,-0.4893666565675079,-0.6807456457050176,-0.37099925800222605,-0.49033538542418215,3
-0.8811775628496022,-0.8176695772090371,-0.4777061693452133,-0.4990353068381907,1.5010036802728937,-0.7155626228756203,-0.9482506878142568,-0.299068268437628,-0.3984950228820965,-0.7179380098366396,-0.42110044098213534,-0.4893666565675079,1.468977445995038,-0.37099925800222605,-0.49033538542418215,6
0.6472032206796865,0.789884688663099,-0.4777061693452133,-0.4990353068381907,-0.6662208848270063,1.0844551551655364,-0.9482506878142568,3.343718159148518,-0.3984950228820965,-0.7179380098366396,-0.42110044098213534,-0.4893666565675079,1.468977445995038,-0.37099925800222605,-0.49033538542418215,3
0.6472032206796865,2.397438954535235,-0.4777061693452133,-0.4990353068381907,1.5010036802728937,1.0844551551655364,-0.9482506878142568,-0.299068268437628,-0.3984950228820965,-0.7179380098366396,-0.42110044098213534,2.0434575723122457,-0.6807456457050176,-0.37099925800222605,-0.49033538542418215,1
-0.8811775628496022,-0.8176695772090371,-0.4777061693452133,-0.4990353068381907,-0.6662208848270063,-0.7155626228756203,1.0545734507243298,-0.299068268437628,-0.3984950228820965,-0.7179380098366396,-0.42110044098213534,-0.4893666565675079,-0.6807456457050176,-0.37099925800222605,-0.49033538542418215,7
-0.8811775628496022,0.789884688663099,2.0933370012170642,2.0038662321025797,-0.6662208848270063,-0.7155626228756203,-0.9482506878142568,3.343718159148518,-0.3984950228820965,-0.7179380098366396,2.3747303557025337,-0.4893666565675079,-0.6807456457050176,-0.37099925800222605,2.039420424726057,4
0.6472032206796865,-0.8176695772090371,-0.4777061693452133,-0.4990353068381907,-0.6662208848270063,-0.7155626228756203,-0.9482506878142568,-0.299068268437628,-0.3984950228820965,1.3928779174507582,-0.42110044098213534,2.0434575723122457,1.468977445995038,-0.37099925800222605,-0.49033538542418215,5
-0.8811775628496022,-0.8176695772090371,2.0933370012170642,2.0038662321025797,1.5010036802728937,-0.7155626228756203,1.0545734507243298,-0.299068268437628,-0.3984950228820965,-0.7179380098366396,-0.42110044098213534,-0.4893666565675079,1.468977445995038,-0.37099925800222605,-0.49033538542418215,7
-0.8811775628496022,2.397438954535235,2.0933370012170642,-0.4990353068381907,-0.6662208848270063,-0.7155626228756203,-0.9482506878142568,-0.299068268437628,-0.3984950228820965,1.3928779174507582,2.3747303557025337,-0.4893666565675079,-0.6807456457050176,-0.37099925800222605,-0.49033538542418215,6
0.6472032206796865,-0.8176695772090371,2.0933370012170642,-0.4990353068381907,-0.6662208848270063,-0.7155626228756203,-0.9482506878142568,-0.299068268437628,-0.3984950228820965,-0.7179380098366396,-0.42110044098213534,2.0434575723122457,-0.6807456457050176,-0.37099925800222605,-0.49033538542418215,6
-0.8811775628496022,0.789884688663099,-0.4777061693452133,-0.4990353068381907,-0.6662208848270063,1.0844551551655364,-0.9482506878142568,-0.299068268437628,-0.3984950228820965,-0.7179380098366396,-0.42110044098213534,-0.4893666565675079,-0.6807456457050176,2.695423180587601,-0.49033538542418215,6
0.6472032206796865,0.789884688663099,-0.4777061693452133,-0.4990353068381907,-0.6662208848270063,1.0844551551655364,1.0545734507243298,-0.299068268437628,-0.3984950228820965,1.3928779174507582,-0.42110044098213534,2.0434575723122457,-0.6807456457050176,-0.37099925800222605,-0.49033538542418215,7
0.6472032206796865,-0.8176695772090371,2.0933370012170642,-0.4990353068381907,1.5010036802728937,-0.7155626228756203,-0.9482506878142568,-0.299068268437628,2.5094416305818505,-0.7179380098366396,-0.42110044098213534,-0.4893666565675079,-0.6807456457050176,-0.37099925800222605,-0.49033538542418215,8
0.6472032206796865,-0.8176695772090371,-0.4777061693452133,-0.4990353068381907,-0.6662208848270063,-0.7155626228756203,-0.9482506878142568,-0.299068268437628,2.5094416305818505,1.3928779174507582,2.3747303557025337,-0.4893666565675079,-0.6807456457050176,-0.37099925800222605,-0.49033538542418215,7
-0.8811775628496022,-0.8176695772090371,-0.4777061693452133,2.0038662321025797,-0.6662208848270063,1.0844551551655364,1.0545734507243298,-0.299068268437628,-0.3984950228820965,-0.7179380098366396,-0.42110044098213534,-0.4893666565675079,1.468977445995038,-0.37099925800222605,-0.49033538542418215,6
-0.8811775628496022,-0.8176695772090371,-0.4777061693452133,-0.4990353068381907,-0.6662208848270063,-0.7155626228756203,-0.9482506878142568,-0.299068268437628,-0.3984950228820965,-0.7179380098366396,2.3747303557025337,-0.4893666565675079,1.468977445995038,2.695423180587601,-0.49033538542418215,3
-0.8811775628496022,-0.8176695772090371,-0.4777061693452133,-0.4990353068381907,1.5010036802728937,-0.7155626228756203,1.0545734507243298,-0.299068268437628,2.5094416305818505,-0.7179380098366396,-0.42110044098213534,-0.4893666565675079,-0.6807456457050176,-0.37099925800222605,2.039420424726057,5
0.6472032206796865,-0.8176695772090371,-0.4777061693452133,2.0038662321025797,-0.6662208848270063,1.0844551551655364,1.0545734507243298,3.343718159148518,2.5094416305818505,-0.7179380098366396,-0.42110044098213534,2.0434575723122457,1.468977445995038,-0.37099925800222605,-0.49033538542418215,6
0.6472032206796865,0.789884688663099,-0.4777061693452133,-0.4990353068381907,-0.6662208848270063,-0.7155626228756203,-0.9482506878142568,-0.299068268437628,-0.3984950228820965,-0.7179380098366396,-0.42110044098213534,-0.4893666565675079,1.468977445995038,-0.37099925800222605,-0.49033538542418215,4
-0.8811775628496022,0.789884688663099,-0.4777061693452133,2.0038662321025797,-0.6662208848270063,-0.7155626228756203,-0.9482506878142568,-0.299068268437628,-0.3984950228820965,-0.7179380098366396,-0.42110044098213534,2.0434575723122457,1.468977445995038,-0.37099925800222605,-0.49033538542418215,4
-0.8811775628496022,-0.8176695772090371,-0.4777061693452133,2.0038662321025797,-0.6662208848270063,-0.7155626228756203,-0.9482506878142568,-0.299068268437628,-0.3984950228820965,-0.7179380098366396,-0.42110044098213534,-0.4893666565675079,-0.6807456457050176,-0.37099925800222605,-0.49033538542418215,6
-0.8811775628496022,-0.8176695772090371,2.0933370012170642,-0.4990353068381907,1.5010036802728937,-0.7155626228756203,1.0545734507243298,-0.299068268437628,-0.3984950228820965,-0.7179380098366396,2.3747303557025337,-0.4893666565675079,-0.6807456457050176,-0.37099925800222605,-0.49033538542418215,6
-0.8811775628496022,-0.8176695772090371,-0.4777061693452133,-0.4990353068381907,-0.6662208848270063,-0.7155626228756203,-0.9482506878142568,-0.299068268437628,-0.3984950228820965,-0.7179380098366396,2.3747303557025337,-0.4893666565675079,-0.6807456457050176,-0.37099925800222605,-0.49033538542418215,7
0.6472032206796865,-0.8176695772090371,-0.4777061693452133,-0.4990353068381907,1.5010036802728937,-0.7155626228756203,1.0545734507243298,3.343718159148518,-0.3984950228820965,1.3928779174507582,-0.42110044098213534,-0.4893666565675079,-0.6807456457050176,-0.37099925800222605,2.039420424726057,7
2.175584004208975,0.789884688663099,-0.4777061693452133,2.0038662321025797,1.5010036802728937,2.884472933206693,-0.9482506878142568,-0.299068268437628,-0.3984950228820965,-0.7179380098366396,-0.42110044098213534,-0.4893666565675079,-0.6807456457050176,-0.37099925800222605,-0.49033538542418215,4
-0.8811775628496022,0.789884688663099,-0.4777061693452133,-0.4990353068381907,-0.6662208848270063,-0.7155626228756203,-0.9482506878142568,3.343718159148518,-0.3984950228820965,-0.7179380098366396,-0.42110044098213534,2.0434575723122457,1.468977445995038,2.695423180587601,-0.49033538542418215,3
0.6472032206796865,0.789884688663099,-0.4777061693452133,-0.4990353068381907,-0.6662208848270063,-0.7155626228756203,1.0545734507243298,-0.299068268437628,-0.3984950228820965,1.3928779174507582,-0.42110044098213534,-0.4893666565675079,1.468977445995038,-0.37099925800222605,-0.49033538542418215,5
-0.8811775628496022,0.789884688663099,-0.4777061693452133,-0.4990353068381907,-0.6662208848270063,-0.7155626228756203,1.0545734507243298,-0.299068268437628,-0.3984950228820965,-0.7179380098366396,-0.42110044098213534,-0.4893666565675079,-0.6807456457050176,-0.37099925800222605,2.039420424726057,6
-0.8811775628496022,2.397438954535235,-0.4777061693452133,-0.4990353068381907,-0.6662208848270063,-0.7155626228756203,-0.9482506878142568,3.343718159148518,-0.3984950228820965,1.3928779174507582,-0.42110044098213534,-0.4893666565675079,-0.6807456457050176,-0.37099925800222605,-0.49033538542418215,4
-0.8811775628496022,-0.8176695772090371,-0.4777061693452133,2.0038662321025797,-0.6662208848270063,-0.7155626228756203,-0.9482506878142568,-0.299068268437628,-0.3984950228820965,-0.7179380098366396,2.3747303557025337,-0.4893666565675079,-0.6807456457050176,-0.37099925800222605,-0.49033538542418215,8
0.6472032206796865,-0.8176695772090371,-0.4777061693452133,-0.4990353068381907,-0.6662208848270063,-0.7155626228756203,1.0545734507243298,-0.299068268437628,-0.3984950228820965,1.3928779174507582,-0.42110044098213534,-0.4893666565675079,-0.6807456457050176,-0.37099925800222605,-0.49033538542418215,4
-0.8811775628496022,-0.8176695772090371,-0.4777061693452133,-0.4990353068381907,-0.6662208848270063,-0.7155626228756203,-0.9482506878142568,-0.299068268437628,-0.3984950228820965,-0.7179380098366396,2.3747303557025337,-0.4893666565675079,-0.6807456457050176,-0.37099925800222605,2.039420424726057,6
-0.8811775628496022,-0.8176695772090371,2.0933370012170642,2.0038662321025797,-0.6662208848270063,-0.7155626228756203,-0.9482506878142568,-0.299068268437628,-0.3984950228820965,1.3928779174507582,-0.42110044098213534,-0.4893666565675079,-0.6807456457050176,-0.37099925800222605,2.039420424726057,7
-0.8811775628496022,-0.8176695772090371,-0.4777061693452133,-0.4990353068381907,-0.6662208848270063,-0.7155626228756203,1.0545734507243298,-0.299068268437628,-0.3984950228820965,-0.7179380098366396,-0.42110044098213534,-0.4893666565675079,-0.6807456457050176,2.695423180587601,-0.49033538542418215,6
-0.8811775628496022,-0.8176695772090371,2.0933370012170642,-0.4990353068381907,-0.6662208848270063,-0.7155626228756203,1.0545734507243298,-0.299068268437628,-0.3984950228820965,-0.7179380098366396,2.3747303557025337,-0.4893666565675079,-0.6807456457050176,-0.37099925800222605,-0.49033538542418215,9
0.6472032206796865,0.789884688663099,2.0933370012170642,-0.4990353068381907,-0.6662208848270063,1.0844551551655364,-0.9482506878142568,-0.299068268437628,-0.3984950228820965,1.3928779174507582,-0.42110044098213534,-0.4893666565675079,1.468977445995038,-0.37099925800222605,2.039420424726057,6
-0.8811775628496022,-0.8176695772090371,2.0933370012170642,2.0038662321025797,1.5010036802728937,-0.7155626228756203,-0.9482506878142568,-0.299068268437628,2.5094416305818505,-0.7179380098366396,-0.42110044098213534,-0.4893666565675079,-0.6807456457050176,-0.37099925800222605,-0.49033538542418215,8
-0.8811775628496022,0.789884688663099,-0.4777061693452133,-0.4990353068381907,-0.6662208848270063,1.0844551551655364,-0.9482506878142568,-0.299068268437628,-0.3984950228820965,-0.7179380098366396,-0.42110044098213534,-0.4893666565675079,-0.6807456457050176,2.695423180587601,-0.49033538542418215,6
0.6472032206796865,-0.8176695772090371,-0.4777061693452133,-0.4990353068381907,-0.6662208848270063,-0.7155626228756203,-0.9482506878142568,3.343718159148518,-0.3984950228820965,1.3928779174507582,-0.42110044098213534,-0.4893666565675079,-0.6807456457050176,-0.37099925800222605,-0.49033538542418215,6
0.6472032206796865,2.397438954535235,-0.4777061693452133,-0.4990353068381907,1.5010036802728937,-0.7155626228756203,-0.9482506878142568,-0.299068268437628,-0.3984950228820965,1.3928779174507582,-0.42110044098213534,-0.4893666565675079,-0.6807456457050176,-0.37099925800222605,-0.49033538542418215,6
-0.8811775628496022,-0.8176695772090371,2.0933370012170642,-0.4990353068381907,-0.6662208848270063,-0.7155626228756203,1.0545734507243298,-0.299068268437628,-0.3984950228820965,-0.7179380098366396,2.3747303557025337,-0.4893666565675079,-0.6807456457050176,-0.37099925800222605,2.039420424726057,7
0.6472032206796865,-0.8176695772090371,-0.4777061693452133,-0.4990353068381907,1.5010036802728937,1.0844551551655364,-0.9482506878142568,-0.299068268437628,-0.3984950228820965,-0.7179380098366396,-0.42110044098213534,-0.4893666565675079,-0.6807456457050176,-0.37099925800222605,-0.49033538542418215,5
0.6472032206796865,0.789884688663099,-0.4777061693452133,-0.4990353068381907,-0.6662208848270063,-0.7155626228756203,-0.9482506878142568,-0.299068268437628,-0.3984950228820965,-0.7179380098366396,-0.42110044098213534,-0.4893666565675079,1.468977445995038,-0.37099925800222605,2.039420424726057,5
-0.8811775628496022,-0.8176695772090371,-0.4777061693452133,-0.4990353068381907,1.5010036802728937,1.0844551551655364,-0.9482506878142568,-0.299068268437628,-0.3984950228820965,1.3928779174507582,-0.42110044098213534,-0.4893666565675079,1.468977445995038,-0.37099925800222605,-0.49033538542418215,6
-0.8811775628496022,0.789884688663099,-0.4777061693452133,-0.4990353068381907,-0.6662208848270063,-0.7155626228756203,-0.9482506878142568,-0.299068268437628,-0.3984950228820965,-0.7179380098366396,-0.42110044098213534,-0.4893666565675079,-0.6807456457050176,-0.37099925800222605,2.039420424726057,7
-0.8811775628496022,0.789884688663099,-0.4777061693452133,-0.4990353068381907,-0.6662208848270063,2.884472933206693,-0.9482506878142568,-0.299068268437628,-0.3984950228820965,1.3928779174507582,2.3747303557025337,2.0434575723122457,-0.6807456457050176,2.695423180587601,2.039420424726057,5
-0.8811775628496022,-0.8176695772090371,2.0933370012170642,-0.4990353068381907,1.5010036802728937,-0.7155626228756203,-0.9482506878142568,-0.299068268437628,-0.3984950228820965,-0.7179380098366396,-0.42110044098213534,-0.4893666565675079,1.468977445995038,-0.37099925800222605,-0.49033538542418215,6
-0.8811775628496022,0.789884688663099,-0.4777061693452133,-0.4990353068381907,-0.6662208848270063,-0.7155626228756203,1.0545734507243298,-0.299068268437628,-0.3984950228820965,-0.7179380098366396,-0.42110044098213534,2.0434575723122457,-0.6807456457050176,-0.37099925800222605,-0.49033538542418215,5
0.6472032206796865,-0.8176695772090371,-0.4777061693452133,2.0038662321025797,-0.6662208848270063,1.0844551551655364,1.0545734507243298,-0.299068268437628,-0.3984950228820965,-0.7179380098366396,-0.42110044098213534,-0.4893666565675079,-0.6807456457050176,-0.37099925800222605,-0.49033538542418215,6
-0.8811775628496022,-0.8176695772090371,-0.4777061693452133,-0.4990353068381907,-0.6662208848270063,-0.7155626228756203,-0.9482506878142568,-0.299068268437628,2.5094416305818505,1.3928779174507582,-0.42110044098213534,-0.4893666565675079,-0.6807456457050176,-0.37099925800222605,2.039420424726057,8
-0.8811775628496022,-0.8176695772090371,2.0933370012170642,-0.4990353068381907,-0.6662208848270063,-0.7155626228756203,-0.9482506878142568,-0.299068268437628,-0.3984950228820965,-0.7179380098366396,-0.42110044098213534,-0.4893666565675079,-0.6807456457050176,-0.37099925800222605,-0.49033538542418215,8
0.6472032206796865,0.789884688663099,-0.4777061693452133,-0.4990353068381907,-0.6662208848270063,2.884472933206693,-0.9482506878142568,-0.299068268437628,-0.3984950228820965,-0.7179380098366396,-0.42110044098213534,2.0434575723122457,1.468977445995038,-0.37099925800222605,-0.49033538542418215,4
0.6472032206796865,0.789884688663099,-0.4777061693452133,-0.4990353068381907,-0.6662208848270063,-0.7155626228756203,-0.9482506878142568,-0.299068268437628,-0.3984950228820965,-0.7179380098366396,-0.42110044098213534,-0.4893666565675079,-0.6807456457050176,2.695423180587601,-0.49033538542418215,4
-0.8811775628496022,-0.8176695772090371,-0.4777061693452133,-0.4990353068381907,-0.6662208848270063,-0.7155626228756203,1.0545734507243298,-0.299068268437628,-0.3984950228820965,-0.7179380098366396,-0.42110044098213534,-0.4893666565675079,-0.6807456457050176,-0.37099925800222605,-0.49033538542418215,8
-0.8811775628496022,-0.8176695772090371,2.0933370012170642,2.0038662321025797,-0.6662208848270063,-0.7155626228756203,-0.9482506878142568,-0.299068268437628,2.5094416305818505,-0.7179380098366396,-0.42110044098213534,-0.4893666565675079,-0.6807456457050176,-0.37099925800222605,2.039420424726057,7
-0.8811775628496022,-0.8176695772090371,-0.4777061693452133,-0.4990353068381907,1.5010036802728937,-0.7155626228756203,1.0545734507243298,3.343718159148518,-0.3984950228820965,1.3928779174507582,-0.42110044098213534,2.0434575723122457,1.468977445995038,-0.37099925800222605,-0.49033538542418215,8
0.6472032206796865,-0.8176695772090371,-0.4777061693452133,-0.4990353068381907,-0.6662208848270063,1.0844551551655364,1.0545734507243298,-0.299068268437628,-0.3984950228820965,-0.7179380098366396,-0.42110044098213534,-0.4893666565675079,-0.6807456457050176,-0.37099925800222605,-0.49033538542418215,6
0.6472032206796865,0.789884688663099,-0.4777061693452133,-0.4990353068381907,-0.6662208848270063,1.0844551551655364,-0.9482506878142568,-0.299068268437628,-0.3984950228820965,-0.7179380098366396,-0.42110044098213534,-0.4893666565675079,-0.6807456457050176,-0.37099925800222605,2.039420424726057,6
-0.8811775628496022,-0.8176695772090371,2.0933370012170642,-0.4990353068381907,-0.6662208848270063,1.0844551551655364,-0.9482506878142568,-0.299068268437628,-0.3984950228820965,-0.7179380098366396,2.3747303557025337,-0.4893666565675079,-0.6807456457050176,-0.37099925800222605,2.039420424726057,8
-0.8811775628496022,-0.8176695772090371,-0.4777061693452133,2.0038662321025797,-0.6662208848270063,-0.7155626228756203,1.0545734507243298,3.343718159148518,-0.3984950228820965,1.3928779174507582,-0.42110044098213534,2.0434575723122457,1.468977445995038,2.695423180587601,-0.49033538542418215,6
0.6472032206796865,0.789884688663099,2.0933370012170642,-0.4990353068381907,1.5010036802728937,1.0844551551655364,-0.9482506878142568,-0.299068268437628,2.5094416305818505,-0.7179380098366396,-0.42110044098213534,-0.4893666565675079,-0.6807456457050176,-0.37099925800222605,-0.49033538542418215,5
-0.8811775628496022,-0.8176695772090371,-0.4777061693452133,-0.4990353068381907,-0.6662208848270063,-0.7155626228756203,1.0545734507243298,3.343718159148518,-0.3984950228820965,-0.7179380098366396,-0.42110044098213534,-0.4893666565675079,1.468977445995038,-0.37099925800222605,-0.49033538542418215,4
0.6472032206796865,0.789884688663099,-0.4777061693452133,-0.4990353068381907,1.5010036802728937,1.0844551551655364,1.0545734507243298,-0.299068268437628,-0.3984950228820965,-0.7179380098366396,-0.42110044098213534,-0.4893666565675079,-0.6807456457050176,-0.37099925800222605,-0.49033538542418215,5
0.6472032206796865,0.789884688663099,2.0933370012170642,-0.4990353068381907,-0.6662208848270063,1.0844551551655364,-0.9482506878142568,-0.299068268437628,2.5094416305818505,-0.7179380098366396,-0.42110044098213534,-0.4893666565675079,-0.6807456457050176,-0.37099925800222605,-0.49033538542418215,5
-0.8811775628496022,-0.8176695772090371,-0.4777061693452133,-0.4990353068381907,-0.6662208848270063,-0.7155626228756203,1.0545734507243298,-0.299068268437628,2.5094416305818505,-0.7179380098366396,2.3747303557025337,-0.4893666565675079,-0.6807456457050176,-0.37099925800222605,-0.49033538542418215,8
-0.8811775628496022,-0.8176695772090371,-0.4777061693452133,-0.4990353068381907,-0.6662208848270063,-0.7155626228756203,1.0545734507243298,-0.299068268437628,-0.3984950228820965,-0.7179380098366396,-0.42110044098213534,-0.4893666565675079,1.468977445995038,2.695423180587601,-0.49033538542418215,3
-0.8811775628496022,0.789884688663099,2.0933370012170642,2.0038662321025797,1.5010036802728937,-0.7155626228756203,1.0545734507243298,-0.299068268437628,-0.3984950228820965,-0.7179380098366396,2.3747303557025337,-0.4893666565675079,-0.6807456457050176,-0.37099925800222605,-0.49033538542418215,8
2.175584004208975,0.789884688663099,-0.4777061693452133,-0.4990353068381907,-0.6662208848270063,2.884472933206693,-0.9482506878142568,-0.299068268437628,-0.3984950228820965,-0.7179380098366396,-0.42110044098213534,2.0434575723122457,1.468977445995038,-0.37099925800222605,-0.49033538542418215,4
-0.8811775628496022,0.789884688663099,2.0933370012170642,2.0038662321025797,-0.6662208848270063,-0.7155626228756203,-0.9482506878142568,-0.299068268437628,-0.3984950228820965,-0.7179380098366396,-0.42110044098213534,-0.4893666565675079,-0.6807456457050176,-0.37099925800222605,-0.49033538542418215,8
-0.8811775628496022,2.397438954535235,-0.4777061693452133,-0.4990353068381907,-0.6662208848270063,-0.7155626228756203,1.0545734507243298,-0.299068268437628,-0.3984950228820965,1.3928779174507582,-0.42110044098213534,-0.4893666565675079,-0.6807456457050176,-0.37099925800222605,-0.49033538542418215,3
-0.8811775628496022,-0.8176695772090371,-0.4777061693452133,-0.4990353068381907,-0.6662208848270063,-0.7155626228756203,1.0545734507243298,-0.299068268437628,-0.3984950228820965,-0.7179380098366396,-0.42110044098213534,-0.4893666565675079,-0.6807456457050176,-0.37099925800222605,-0.49033538542418215,6
-0.8811775628496022,-0.8176695772090371,-0.4777061693452133,-0.4990353068381907,-0.6662208848270063,-0.7155626228756203,1.0545734507243298,-0.299068268437628,2.5094416305818505,1.3928779174507582,-0.42110044098213534,-0.4893666565675079,1.468977445995038,-0.37099925800222605,-0.49033538542418215,7
0.6472032206796865,-0.8176695772090371,-0.4777061693452133,-0.4990353068381907,-0.6662208848270063,1.0844551551655364,1.0545734507243298,-0.299068268437628,-0.3984950228820965,-0.7179380098366396,2.3747303557025337,-0.4893666565675079,-0.6807456457050176,-0.37099925800222605,-0.49033538542418215,7
-0.8811775628496022,-0.8176695772090371,-0.4777061693452133,-0.4990353068381907,-0.6662208848270063,-0.7155626228756203,-0.9482506878142568,3.343718159148518,-0.3984950228820965,-0.7179380098366396,-0.42110044098213534,-0.4893666565675079,1.468977445995038,2.695423180587601,-0.49033538542418215,3
-0.8811775628496022,-0.8176695772090371,-0.4777061693452133,-0.4990353068381907,1.5010036802728937,-0.7155626228756203,-0.9482506878142568,-0.299068268437628,-0.3984950228820965,-0.7179380098366396,-0.42110044098213534,2.0434575723122457,-0.6807456457050176,-0.37099925800222605,-0.49033538542418215,5
2.175584004208975,-0.8176695772090371,-0.4777061693452133,-0.4990353068381907,1.5010036802728937,1.0844551551655364,-0.9482506878142568,-0.299068268437628,2.5094416305818505,-0.7179380098366396,-0.42110044098213534,-0.4893666565675079,-0.6807456457050176,-0.37099925800222605,-0.49033538542418215,7
-0.8811775628496022,-0.8176695772090371,-0.4777061693452133,-0.4990353068381907,-0.6662208848270063,1.0844551551655364,-0.9482506878142568,-0.299068268437628,-0.3984950228820965,-0.7179380098366396,-0.42110044098213534,-0.4893666565675079,-0.6807456457050176,2.695423180587601,-0.49033538542418215,5
0.6472032206796865,-0.8176695772090371,2.0933370012170642,-0.4990353068381907,1.5010036802728937,1.0844551551655364,1.0545734507243298,-0.299068268437628,2.5094416305818505,-0.7179380098366396,-0.42110044098213534,-0.4893666565675079,-0.6807456457050176,-0.37099925800222605,-0.49033538542418215,7
-0.8811775628496022,0.789884688663099,-0.4777061693452133,-0.4990353068381907,-0.6662208848270063,-0.7155626228756203,1.0545734507243298,3.343718159148518,-0.3984950228820965,-0.7179380098366396,-0.42110044098213534,-0.4893666565675079,1.468977445995038,-0.37099925800222605,-0.49033538542418215,4
-0.8811775628496022,-0.8176695772090371,-0.4777061693452133,2.0038662321025797,-0.6662208848270063,-0.7155626228756203,1.0545734507243298,-0.299068268437628,-0.3984950228820965,-0.7179380098366396,-0.42110044098213534,2.0434575723122457,-0.6807456457050176,-0.37099925800222605,-0.49033538542418215,8
0.6472032206796865,0.789884688663099,-0.4777061693452133,-0.4990353068381907,-0.6662208848270063,1.0844551551655364,-0.9482506878142568,-0.299068268437628,-0.3984950228820965,1.3928779174507582,-0.42110044098213534,-0.4893666565675079,-0.6807456457050176,-0.37099925800222605,-0.49033538542418215,4
-0.8811775628496022,0.789884688663099,-0.4777061693452133,-0.4990353068381907,-0.6662208848270063,-0.7155626228756203,1.0545734507243298,-0.299068268437628,-0.3984950228820965,1.3928779174507582,-0.42110044098213534,-0.4893666565675079,1.468977445995038,-0.37099925800222605,-0.49033538542418215,5
2.175584004208975,2.397438954535235,2.0933370012170642,-0.4990353068381907,-0.6662208848270063,1.0844551551655364,-0.9482506878142568,-0.299068268437628,-0.3984950228820965,-0.7179380098366396,-0.42110044098213534,-0.4893666565675079,-0.6807456457050176,2.695423180587601,-0.49033538542418215,2
-0.8811775628496022,-0.8176695772090371,-0.4777061693452133,2.0038662321025797,1.5010036802728937,1.0844551551655364,1.0545734507243298,-0.299068268437628,-0.3984950228820965,-0.7179380098366396,-0.42110044098213534,-0.4893666565675079,1.468977445995038,-0.37099925800222605,-0.49033538542418215,7
0.6472032206796865,-0.8176695772090371,2.0933370012170642,-0.4990353068381907,1.5010036802728937,-0.7155626228756203,1.0545734507243298,-0.299068268437628,-0.3984950228820965,-0.7179380098366396,-0.42110044098213534,-0.4893666565675079,-0.6807456457050176,-0.37099925800222605,-0.49033538542418215,7
0.6472032206796865,2.397438954535235,-0.4777061693452133,-0.4990353068381907,-0.6662208848270063,1.0844551551655364,-0.9482506878142568,-0.299068268437628,2.5094416305818505,1.3928779174507582,-0.42110044098213534,-0.4893666565675079,1.468977445995038,-0.37099925800222605,-0.49033538542418215,7
0.6472032206796865,0.789884688663099,-0.4777061693452133,-0.4990353068381907,1.5010036802728937,-0.7155626228756203,1.0545734507243298,-0.299068268437628,-0.3984950228820965,1.3928779174507582,-0.42110044098213534,-0.4893666565675079,-0.6807456457050176,2.695423180587601,-0.49033538542418215,4
2.175584004208975,2.397438954535235,-0.4777061693452133,-0.4990353068381907,-0.6662208848270063,2.884472933206693,-0.9482506878142568,-0.299068268437628,-0.3984950228820965,-0.7179380098366396,-0.42110044098213534,-0.4893666565675079,-0.6807456457050176,-0.37099925800222605,-0.49033538542418215,3
-0.8811775628496022,-0.8176695772090371,2.0933370012170642,-0.4990353068381907,1.5010036802728937,-0.7155626228756203,-0.9482506878142568,-0.299068268437628,2.5094416305818505,-0.7179380098366396,2.3747303557025337,-0.4893666565675079,-0.6807456457050176,-0.37099925800222605,-0.49033538542418215,8
-0.8811775628496022,-0.8176695772090371,-0.4777061693452133,-0.4990353068381907,1.5010036802728937,-0.7155626228756203,-0.9482506878142568,3.343718159148518,-0.3984950228820965,-0.7179380098366396,2.3747303557025337,-0.4893666565675079,-0.6807456457050176,-0.37099925800222605,-0.49033538542418215,6
0.6472032206796865,2.397438954535235,-0.4777061693452133,-0.4990353068381907,1.5010036802728937,1.0844551551655364,-0.9482506878142568,-0.299068268437628,-0.3984950228820965,1.3928779174507582,-0.42110044098213534,2.0434575723122457,-0.6807456457050176,2.695423180587601,-0.49033538542418215,3
2.175584004208975,2.397438954535235,-0.4777061693452133,-0.4990353068381907,-0.6662208848270063,2.884472933206693,-0.9482506878142568,-0.299068268437628,2.5094416305818505,-0.7179380098366396,-0.42110044098213534,-0.4893666565675079,-0.6807456457050176,-0.37099925800222605,-0.49033538542418215,2
0.6472032206796865,2.397438954535235,-0.4777061693452133,-0.4990353068381907,-0.6662208848270063,1.0844551551655364,1.0545734507243298,-0.299068268437628,-0.3984950228820965,1.3928779174507582,-0.42110044098213534,-0.4893666565675079,-0.6807456457050176,-0.37099925800222605,-0.49033538542418215,3
2.175584004208975,-0.8176695772090371,2.0933370012170642,-0.4990353068381907,-0.6662208848270063,-0.7155626228756203,-0.9482506878142568,-0.299068268437628,-0.3984950228820965,-0.7179380098366396,-0.42110044098213534,-0.4893666565675079,-0.6807456457050176,-0.37099925800222605,2.039420424726057,5
0.6472032206796865,0.789884688663099,-0.4777061693452133,-0.4990353068381907,-0.6662208848270063,1.0844551551655364,-0.9482506878142568,3.343718159148518,-0.3984950228820965,-0.7179380098366396,-0.42110044098213534,-0.4893666565675079,-0.6807456457050176,-0.37099925800222605,-0.49033538542418215,4
0.6472032206796865,0.789884688663099,-0.4777061693452133,-0.4990353068381907,-0.6662208848270063,2.884472933206693,-0.9482506878142568,-0.299068268437628,-0.3984950228820965,-0.7179380098366396,-0.42110044098213534,-0.4893666565675079,-0.6807456457050176,-0.37099925800222605,-0.49033538542418215,4
-0.8811775628496022,2.397438954535235,-0.4777061693452133,-0.4990353068381907,-0.6662208848270063,-0.7155626228756203,-0.9482506878142568,3.343718159148518,-0.3984950228820965,1.3928779174507582,-0.42110044098213534,-0.4893666565675079,-0.6807456457050176,2.695423180587601,-0.49033538542418215,5
-0.8811775628496022,0.789884688663099,2.0933370012170642,-0.4990353068381907,1.5010036802728937,-0.7155626228756203,-0.9482506878142568,-0.299068268437628,-0.3984950228820965,-0.7179380098366396,-0.42110044098213534,-0.4893666565675079,-0.6807456457050176,-0.37099925800222605,-0.49033538542418215,7
0.6472032206796865,0.789884688663099,-0.4777061693452133,2.0038662321025797,1.5010036802728937,-0.7155626228756203,1.0545734507243298,-0.299068268437628,2.5094416305818505,1.3928779174507582,-0.42110044098213534,-0.4893666565675079,1.468977445995038,-0.37099925800222605,-0.49033538542418215,5
-0.8811775628496022,-0.8176695772090371,-0.4777061693452133,-0.4990353068381907,-0.6662208848270063,1.0844551551655364,-0.9482506878142568,-0.299068268437628,-0.3984950228820965,-0.7179380098366396,2.3747303557025337,-0.4893666565675079,-0.6807456457050176,-0.37099925800222605,-0.49033538542418215,7
2.175584004208975,0.789884688663099,-0.4777061693452133,-0.4990353068381907,-0.6662208848270063,1.0844551551655364,1.0545734507243298,3.343718159148518,-0.3984950228820965,1.3928779174507582,-0.42110044098213534,2.0434575723122457,1.468977445995038,2.695423180587601,-0.49033538542418215,2
-0.8811775628496022,-0.8176695772090371,-0.4777061693452133,-0.4990353068381907,-0.6662208848270063,1.0844551551655364,1.0545734507243298,3.343718159148518,-0.3984950228820965,-0.7179380098366396,-0.42110044098213534,-0.4893666565675079,1.468977445995038,-0.37099925800222605,-0.49033538542418215,6
-0.8811775628496022,-0.8176695772090371,-0.4777061693452133,2.0038662321025797,1.5010036802728937,-0.7155626228756203,1.0545734507243298,-0.299068268437628,-0.3984950228820965,-0.7179380098366396,-0.42110044098213534,-0.4893666565675079,-0.6807456457050176,-0.37099925800222605,-0.49033538542418215,7
-0.8811775628496022,-0.8176695772090371,2.0933370012170642,-0.4990353068381907,-0.6662208848270063,-0.7155626228756203,1.0545734507243298,-0.299068268437628,-0.3984950228820965,-0.7179380098366396,2.3747303557025337,-0.4893666565675079,1.468977445995038,-0.37099925800222605,-0.49033538542418215,8
0.6472032206796865,-0.8176695772090371,-0.4777061693452133,2.0038662321025797,-0.6662208848270063,-0.7155626228756203,-0.9482506878142568,-0.299068268437628,-0.3984950228820965,-0.7179380098366396,-0.42110044098213534,-0.4893666565675079,1.468977445995038,-0.37099925800222605,-0.49033538542418215,5
0.6472032206796865,-0.8176695772090371,-0.4777061693452133,-0.4990353068381907,1.5010036802728937,-0.7155626228756203,1.0545734507243298,-0.299068268437628,-0.3984950228820965,-0.7179380098366396,-0.42110044098213534,-0.4893666565675079,-0.6807456457050176,-0.37099925800222605,-0.49033538542418215,7
-0.8811775628496022,-0.8176695772090371,2.0933370012170642,2.0038662321025797,-0.6662208848270063,-0.7155626228756203,-0.9482506878142568,-0.299068268437628,-0.3984950228820965,-0.7179380098366396,-0.42110044098213534,-0.4893666565675079,1.468977445995038,-0.37099925800222605,2.039420424726057,7
-0.8811775628496022,0.789884688663099,-0.4777061693452133,-0.4990353068381907,-0.6662208848270063,-0.7155626228756203,1.0545734507243298,-0.299068268437628,-0.3984950228820965,-0.7179380098366396,-0.42110044098213534,-0.4893666565675079,1.468977445995038,-0.37099925800222605,2.039420424726057,7
0.6472032206796865,2.397438954535235,-0.4777061693452133,-0.4990353068381907,-0.6662208848270063,-0.7155626228756203,-0.9482506878142568,3.343718159148518,-0.3984950228820965,1.3928779174507582,-0.42110044098213534,2.0434575723122457,-0.6807456457050176,-0.37099925800222605,2.039420424726057,6
-0.8811775628496022,0.789884688663099,-0.4777061693452133,-0.4990353068381907,-0.6662208848270063,-0.7155626228756203,1.0545734507243298,-0.299068268437628,-0.3984950228820965,1.3928779174507582,-0.42110044098213534,-0.4893666565675079,1.468977445995038,-0.37099925800222605,-0.49033538542418215,5
0.6472032206796865,-0.8176695772090371,-0.4777061693452133,-0.4990353068381907,1.5010036802728937,1.0844551551655364,1.0545734507243298,-0.299068268437628,-0.3984950228820965,1.3928779174507582,-0.42110044098213534,-0.4893666565675079,1.468977445995038,2.695423180587601,-0.49033538542418215,5
-0.8811775628496022,-0.8176695772090371,-0.4777061693452133,2.0038662321025797,1.5010036802728937,-0.7155626228756203,1.0545734507243298,-0.299068268437628,-0.3984950228820965,-0.7179380098366396,-0.42110044098213534,-0.4893666565675079,-0.6807456457050176,-0.37099925800222605,-0.49033538542418215,8
0.6472032206796865,-0.8176695772090371,-0.4777061693452133,-0.4990353068381907,-0.6662208848270063,1.0844551551655364,1.0545734507243298,-0.299068268437628,-0.3984950228820965,1.3928779174507582,-0.42110044098213534,-0.4893666565675079,-0.6807456457050176,-0.37099925800222605,2.039420424726057,6
0.6472032206796865,-0.8176695772090371,-0.4777061693452133,-0.4990353068381907,1.5010036802728937,-0.7155626228756203,1.0545734507243298,-0.299068268437628,-0.3984950228820965,-0.7179380098366396,-0.42110044098213534,-0.4893666565675079,1.468977445995038,-0.37099925800222605,-0.49033538542418215,7
-0.8811775628496022,-0.8176695772090371,-0.4777061693452133,-0.4990353068381907,-0.6662208848270063,1.0844551551655364,-0.9482506878142568,-0.299068268437628,-0.3984950228820965,-0.7179380098366396,2.3747303557025337,-0.4893666565675079,-0.6807456457050176,-0.37099925800222605,2.039420424726057,7
2.175584004208975,-0.8176695772090371,-0.4777061693452133,-0.4990353068381907,-0.6662208848270063,1.0844551551655364,-0.9482506878142568,-0.299068268437628,-0.3984950228820965,-0.7179380098366396,-0.42110044098213534,-0.4893666565675079,-0.6807456457050176,-0.37099925800222605,-0.49033538542418215,3
0.6472032206796865,0.789884688663099,-0.4777061693452133,-0.4990353068381907,-0.6662208848270063,1.0844551551655364,-0.9482506878142568,-0.299068268437628,-0.3984950228820965,1.3928779174507582,-0.42110044098213534,-0.4893666565675079,-0.6807456457050176,-0.37099925800222605,-0.49033538542418215,4
0.6472032206796865,0.789884688663099,-0.4777061693452133,-0.4990353068381907,1.5010036802728937,1.0844551551655364,-0.9482506878142568,-0.299068268437628,-0.3984950228820965,1.3928779174507582,-0.42110044098213534,-0.4893666565675079,-0.6807456457050176,-0.37099925800222605,2.039420424726057,4
-0.8811775628496022,-0.8176695772090371,-0.4777061693452133,2.0038662321025797,1.5010036802728937,-0.7155626228756203,1.0545734507243298,-0.299068268437628,-0.3984950228820965,-0.7179380098366396,2.3747303557025337,2.0434575723122457,1.468977445995038,2.695423180587601,-0.49033538542418215,6
2.175584004208975,-0.8176695772090371,-0.4777061693452133,-0.4990353068381907,-0.6662208848270063,1.0844551551655364,1.0545734507243298,-0.299068268437628,-0.3984950228820965,1.3928779174507582,-0.42110044098213534,2.0434575723122457,1.468977445995038,2.695423180587601,-0.49033538542418215,5
-0.8811775628496022,-0.8176695772090371,-0.4777061693452133,-0.4990353068381907,-0.6662208848270063,-0.7155626228756203,-0.9482506878142568,-0.299068268437628,-0.3984950228820965,-0.7179380098366396,2.3747303557025337,-0.4893666565675079,-0.6807456457050176,-0.37099925800222605,-0.49033538542418215,6
0.6472032206796865,0.789884688663099,-0.4777061693452133,-0.4990353068381907,-0.6662208848270063,1.0844551551655364,-0.9482506878142568,-0.299068268437628,-0.3984950228820965,-0.7179380098366396,-0.42110044098213534,2.0434575723122457,1.468977445995038,-0.37099925800222605,-0.49033538542418215,6
-0.8811775628496022,-0.8176695772090371,-0.4777061693452133,2.0038662321025797,-0.6662208848270063,1.0844551551655364,1.0545734507243298,-0.299068268437628,-0.3984950228820965,-0.7179380098366396,-0.42110044098213534,-0.4893666565675079,-0.6807456457050176,-0.37099925800222605,-0.49033538542418215,7
2.175584004208975,-0.8176695772090371,-0.4777061693452133,-0.4990353068381907,-0.6662208848270063,1.0844551551655364,-0.9482506878142568,3.343718159148518,-0.3984950228820965,-0.7179380098366396,-0.42110044098213534,-0.4893666565675079,-0.6807456457050176,-0.37099925800222605,-0.49033538542418215,1
0.6472032206796865,-0.8176695772090371,-0.4777061693452133,-0.4990353068381907,-0.6662208848270063,1.0844551551655364,1.0545734507243298,-0.299068268437628,-0.3984950228820965,-0.7179380098366396,-0.42110044098213534,-0.4893666565675079,1.468977445995038,-0.37099925800222605,-0.49033538542418215,7
-0.8811775628496022,-0.8176695772090371,2.0933370012170642,-0.4990353068381907,-0.6662208848270063,-0.7155626228756203,-0.9482506878142568,-0.299068268437628,-0.3984950228820965,-0.7179380098366396,2.3747303557025337,-0.4893666565675079,-0.6807456457050176,-0.37099925800222605,2.039420424726057,9
0.6472032206796865,-0.8176695772090371,-0.4777061693452133,2.0038662321025797,1.5010036802728937,1.0844551551655364,-0.9482506878142568,-0.299068268437628,2.5094416305818505,-0.7179380098366396,-0.42110044098213534,-0.4893666565675079,-0.6807456457050176,-0.37099925800222605,-0.49033538542418215,6
0.6472032206796865,-0.8176695772090371,-0.4777061693452133,-0.4990353068381907,-0.6662208848270063,1.0844551551655364,-0.9482506878142568,-0.299068268437628,-0.3984950228820965,-0.7179380098366396,-0.42110044098213534,-0.4893666565675079,-0.6807456457050176,2.695423180587601,2.039420424726057,6
0.6472032206796865,-0.8176695772090371,-0.4777061693452133,-0.4990353068381907,1.5010036802728937,1.0844551551655364,-0.9482506878142568,-0.299068268437628,-0.3984950228820965,-0.7179380098366396,-0.42110044098213534,-0.4893666565675079,-0.6807456457050176,-0.37099925800222605,-0.49033538542418215,6
-0.8811775628496022,0.789884688663099,-0.4777061693452133,-0.4990353068381907,-0.6662208848270063,1.0844551551655364,-0.9482506878142568,-0.299068268437628,-0.3984950228820965,-0.7179380098366396,-0.42110044098213534,-0.4893666565675079,-0.6807456457050176,-0.37099925800222605,-0.49033538542418215,3
-0.8811775628496022,-0.8176695772090371,-0.4777061693452133,-0.4990353068381907,-0.6662208848270063,-0.7155626228756203,-0.9482506878142568,-0.299068268437628,-0.3984950228820965,-0.7179380098366396,-0.42110044098213534,-0.4893666565675079,-0.6807456457050176,2.695423180587601,-0.49033538542418215,8
2.175584004208975,0.789884688663099,-0.4777061693452133,-0.4990353068381907,-0.6662208848270063,1.0844551551655364,-0.9482506878142568,-0.299068268437628,-0.3984950228820965,-0.7179380098366396,-0.42110044098213534,2.0434575723122457,-0.6807456457050176,2.695423180587601,-0.49033538542418215,5
2.175584004208975,-0.8176695772090371,-0.4777061693452133,-0.4990353068381907,1.5010036802728937,1.0844551551655364,1.0545734507243298,-0.299068268437628,-0.3984950228820965,1.3928779174507582,-0.42110044098213534,-0.4893666565675079,-0.6807456457050176,-0.37099925800222605,-0.49033538542418215,6
0.6472032206796865,-0.8176695772090371,-0.4777061693452133,-0.4990353068381907,-0.6662208848270063,1.0844551551655364,-0.9482506878142568,-0.299068268437628,-0.3984950228820965,1.3928779174507582,-0.42110044098213534,-0.4893666565675079,-0.6807456457050176,-0.37099925800222605,-0.49033538542418215,5
0.6472032206796865,-0.8176695772090371,-0.4777061693452133,-0.4990353068381907,-0.6662208848270063,-0.7155626228756203,-0.9482506878142568,-0.299068268437628,-0.3984950228820965,-0.7179380098366396,-0.42110044098213534,2.0434575723122457,-0.6807456457050176,-0.37099925800222605,-0.49033538542418215,6
2.175584004208975,2.397438954535235,-0.4777061693452133,-0.4990353068381907,-0.6662208848270063,-0.7155626228756203,-0.9482506878142568,-0.299068268437628,-0.3984950228820965,1.3928779174507582,-0.42110044098213534,-0.4893666565675079,-0.6807456457050176,-0.37099925800222605,-0.49033538542418215,2
0.6472032206796865,0.789884688663099,-0.4777061693452133,-0.4990353068381907,1.5010036802728937,1.0844551551655364,1.0545734507243298,-0.299068268437628,-0.3984950228820965,1.3928779174507582,-0.42110044098213534,-0.4893666565675079,1.468977445995038,-0.37099925800222605,2.039420424726057,6
-0.8811775628496022,-0.8176695772090371,-0.4777061693452133,2.0038662321025797,-0.6662208848270063,1.0844551551655364,-0.9482506878142568,3.343718159148518,-0.3984950228820965,-0.7179380098366396,-0.42110044098213534,-0.4893666565675079,-0.6807456457050176,2.695423180587601,-0.49033538542418215,6
2.175584004208975,2.397438954535235,-0.4777061693452133,-0.4990353068381907,-0.6662208848270063,-0.7155626228756203,-0.9482506878142568,-0.299068268437628,-0.3984950228820965,1.3928779174507582,-0.42110044098213534,-0.4893666565675079,-0.6807456457050176,-0.37099925800222605,-0.49033538542418215,1
-0.8811775628496022,-0.8176695772090371,-0.4777061693452133,-0.4990353068381907,1.5010036802728937,-0.7155626228756203,-0.9482506878142568,-0.299068268437628,-0.3984950228820965,-0.7179380098366396,-0.42110044098213534,2.0434575723122457,1.468977445995038,-0.37099925800222605,-0.49033538542418215,7
0.6472032206796865,-0.8176695772090371,-0.4777061693452133,2.0038662321025797,-0.6662208848270063,-0.7155626228756203,-0.9482506878142568,-0.299068268437628,-0.3984950228820965,1.3928779174507582,-0.42110044098213534,-0.4893666565675079,-0.6807456457050176,-0.37099925800222605,-0.49033538542418215,6
0.6472032206796865,2.397438954535235,-0.4777061693452133,-0.4990353068381907,-0.6662208848270063,1.0844551551655364,-0.9482506878142568,-0.299068268437628,-0.3984950228820965,1.3928779174507582,-0.42110044098213534,-0.4893666565675079,-0.6807456457050176,2.695423180587601,2.039420424726057,4
-0.8811775628496022,-0.8176695772090371,-0.4777061693452133,2.0038662321025797,1.5010036802728937,-0.7155626228756203,1.0545734507243298,-0.299068268437628,2.5094416305818505,-0.7179380098366396,-0.42110044098213534,-0.4893666565675079,-0.6807456457050176,-0.37099925800222605,-0.49033538542418215,8
0.6472032206796865,-0.8176695772090371,-0.4777061693452133,-0.4990353068381907,-0.6662208848270063,1.0844551551655364,1.0545734507243298,-0.299068268437628,-0.3984950228820965,-0.7179380098366396,-0.42110044098213534,-0.4893666565675079,-0.6807456457050176,-0.37099925800222605,-0.49033538542418215,7
0.6472032206796865,2.397438954535235,2.0933370012170642,-0.4990353068381907,-0.6662208848270063,2.884472933206693,-0.9482506878142568,-0.299068268437628,-0.3984950228820965,-0.7179380098366396,-0.42110044098213534,2.0434575723122457,1.468977445995038,2.695423180587601,-0.49033538542418215,4
0.6472032206796865,0.789884688663099,-0.4777061693452133,-0.4990353068381907,1.5010036802728937,-0.7155626228756203,-0.9482506878142568,-0.299068268437628,-0.3984950228820965,-0.7179380098366396,-0.42110044098213534,-0.4893666565675079,-0.6807456457050176,-0.37099925800222605,2.039420424726057,5
0.6472032206796865,-0.8176695772090371,-0.4777061693452133,-0.4990353068381907,-0.6662208848270063,1.0844551551655364,-0.9482506878142568,-0.299068268437628,-0.3984950228820965,-0.7179380098366396,-0.42110044098213534,-0.4893666565675079,-0.6807456457050176,-0.37099925800222605,-0.49033538542418215,4
0.6472032206796865,-0.8176695772090371,2.0933370012170642,2.0038662321025797,1.5010036802728937,-0.7155626228756203,1.0545734507243298,-0.299068268437628,-0.3984950228820965,-0.7179380098366396,-0.42110044098213534,-0.4893666565675079,1.468977445995038,-0.37099925800222605,-0.49033538542418215,5
-0.8811775628496022,0.789884688663099,-0.4777061693452133,-0.4990353068381907,-0.6662208848270063,-0.7155626228756203,1.0545734507243298,-0.299068268437628,-0.3984950228820965,-0.7179380098366396,2.3747303557025337,-0.4893666565675079,-0.6807456457050176,-0.37099925800222605,-0.49033538542418215,6
-0.8811775628496022,-0.8176695772090371,-0.4777061693452133,-0.4990353068381907,-0.6662208848270063,-0.7155626228756203,1.0545734507243298,-0.299068268437628,-0.3984950228820965,1.3928779174507582,-0.42110044098213534,2.0434575723122457,-0.6807456457050176,-0.37099925800222605,-0.49033538542418215,6
-0.8811775628496022,0.789884688663099,-0.4777061693452133,-0.4990353068381907,-0.6662208848270063,-0.7155626228756203,1.0545734507243298,-0.299068268437628,-0.3984950228820965,1.3928779174507582,-0.42110044098213534,2.0434575723122457,-0.6807456457050176,-0.37099925800222605,-0.49033538542418215,6
-0.8811775628496022,-0.8176695772090371,2.0933370012170642,-0.4990353068381907,1.5010036802728937,-0.7155626228756203,1.0545734507243298,-0.299068268437628,-0.3984950228820965,-0.7179380098366396,-0.42110044098213534,-0.4893666565675079,1.468977445995038,-0.37099925800222605,2.039420424726057,8
0.6472032206796865,-0.8176695772090371,-0.4777061693452133,2.0038662321025797,-0.6662208848270063,1.0844551551655364,1.0545734507243298,-0.299068268437628,-0.3984950228820965,1.3928779174507582,-0.42110044098213534,-0.4893666565675079,1.468977445995038,-0.37099925800222605,-0.49033538542418215,4
0.6472032206796865,2.397438954535235,-0.4777061693452133,-0.4990353068381907,1.5010036802728937,1.0844551551655364,-0.9482506878142568,-0.299068268437628,-0.3984950228820965,-0.7179380098366396,-0.42110044098213534,-0.4893666565675079,-0.6807456457050176,-0.37099925800222605,-0.49033538542418215,6
0.6472032206796865,-0.8176695772090371,-0.4777061693452133,-0.4990353068381907,-0.6662208848270063,-0.7155626228756203,-0.9482506878142568,-0.299068268437628,-0.3984950228820965,-0.7179380098366396,-0.42110044098213534,-0.4893666565675079,-0.6807456457050176,-0.37099925800222605,2.039420424726057,6
-0.8811775628496022,0.789884688663099,-0.4777061693452133,-0.4990353068381907,-0.6662208848270063,-0.7155626228756203,-0.9482506878142568,-0.299068268437628,-0.3984950228820965,-0.7179380098366396,-0.42110044098213534,2.0434575723122457,1.468977445995038,-0.37099925800222605,-0.49033538542418215,6
-0.8811775628496022,-0.8176695772090371,-0.4777061693452133,2.0038662321025797,1.5010036802728937,-0.7155626228756203,1.0545734507243298,-0.299068268437628,2.5094416305818505,-0.7179380098366396,-0.42110044098213534,-0.4893666565675079,-0.6807456457050176,-0.37099925800222605,-0.49033538542418215,8
0.6472032206796865,-0.8176695772090371,-0.4777061693452133,-0.4990353068381907,-0.6662208848270063,-0.7155626228756203,-0.9482506878142568,-0.299068268437628,-0.3984950228820965,-0.7179380098366396,-0.42110044098213534,2.0434575723122457,1.468977445995038,2.695423180587601,-0.49033538542418215,4
0.6472032206796865,-0.8176695772090371,-0.4777061693452133,-0.4990353068381907,-0.6662208848270063,1.0844551551655364,-0.9482506878142568,-0.299068268437628,2.5094416305818505,1.3928779174507582,2.3747303557025337,-0.4893666565675079,-0.6807456457050176,2.695423180587601,2.039420424726057,4
-0.8811775628496022,-0.8176695772090371,-0.4777061693452133,-0.4990353068381907,-0.6662208848270063,-0.7155626228756203,1.0545734507243298,-0.299068268437628,-0.3984950228820965,1.3928779174507582,-0.42110044098213534,-0.4893666565675079,1.468977445995038,-0.37099925800222605,-0.49033538542418215,5
-0.8811775628496022,2.397438954535235,-0.4777061693452133,-0.4990353068381907,-0.6662208848270063,-0.7155626228756203,-0.9482506878142568,-0.299068268437628,-0.3984950228820965,1.3928779174507582,-0.42110044098213534,-0.4893666565675079,1.468977445995038,-0.37099925800222605,-0.49033538542418215,5
-0.8811775628496022,-0.8176695772090371,2.0933370012170642,-0.4990353068381907,-0.6662208848270063,1.0844551551655364,-0.9482506878142568,-0.299068268437628,-0.3984950228820965,-0.7179380098366396,2.3747303557025337,-0.4893666565675079,-0.6807456457050176,-0.37099925800222605,2.039420424726057,8
-0.8811775628496022,0.789884688663099,-0.4777061693452133,-0.4990353068381907,1.5010036802728937,-0.7155626228756203,1.0545734507243298,-0.299068268437628,-0.3984950228820965,-0.7179380098366396,-0.42110044098213534,-0.4893666565675079,1.468977445995038,-0.37099925800222605,-0.49033538542418215,7
0.6472032206796865,0.789884688663099,-0.4777061693452133,2.0038662321025797,-0.6662208848270063,2.884472933206693,1.0545734507243298,-0.299068268437628,-0.3984950228820965,1.3928779174507582,-0.42110044098213534,2.0434575723122457,-0.6807456457050176,-0.37099925800222605,2.039420424726057,5
-0.8811775628496022,-0.8176695772090371,-0.4777061693452133,2.0038662321025797,-0.6662208848270063,-0.7155626228756203,1.0545734507243298,-0.299068268437628,-0.3984950228820965,1.3928779174507582,-0.42110044098213534,-0.4893666565675079,1.468977445995038,-0.37099925800222605,-0.49033538542418215,6
2.175584004208975,0.789884688663099,-0.4777061693452133,-0.4990353068381907,-0.6662208848270063,-0.7155626228756203,1.0545734507243298,-0.299068268437628,-0.3984950228820965,-0.7179380098366396,-0.42110044098213534,2.0434575723122457,1.468977445995038,-0.37099925800222605,-0.49033538542418215,4
0.6472032206796865,0.789884688663099,-0.4777061693452133,-0.4990353068381907,-0.6662208848270063,-0.7155626228756203,-0.9482506878142568,-0.299068268437628,-0.3984950228820965,1.3928779174507582,-0.42110044098213534,-0.4893666565675079,1.468977445995038,-0.37099925800222605,2.039420424726057,6
0.6472032206796865,0.789884688663099,-0.4777061693452133,-0.4990353068381907,-0.6662208848270063,1.0844551551655364,-0.9482506878142568,-0.299068268437628,-0.3984950228820965,-0.7179380098366396,2.3747303557025337,-0.4893666565675079,-0.6807456457050176,-0.37099925800222605,2.039420424726057,6
0.6472032206796865,-0.8176695772090371,2.0933370012170642,2.0038662321025797,-0.6662208848270063,1.0844551551655364,-0.9482506878142568,-0.299068268437628,2.5094416305818505,-0.7179380098366396,-0.42110044098213534,-0.4893666565675079,-0.6807456457050176,-0.37099925800222605,-0.49033538542418215,8
-0.8811775628496022,-0.8176695772090371,2.0933370012170642,-0.4990353068381907,-0.6662208848270063,-0.7155626228756203,1.0545734507243298,-0.299068268437628,2.5094416305818505,-0.7179380098366396,2.3747303557025337,-0.4893666565675079,-0.6807456457050176,-0.37099925800222605,2.039420424726057,8
0.6472032206796865,2.397438954535235,-0.4777061693452133,-0.4990353068381907,-0.6662208848270063,2.884472933206693,-0.9482506878142568,-0.299068268437628,-0.3984950228820965,-0.7179380098366396,-0.42110044098213534,-0.4893666565675079,1.468977445995038,-0.37099925800222605,-0.49033538542418215,4
-0.8811775628496022,0.789884688663099,-0.4777061693452133,-0.4990353068381907,-0.6662208848270063,-0.7155626228756203,-0.9482506878142568,-0.299068268437628,2.5094416305818505,-0.7179380098366396,-0.42110044098213534,-0.4893666565675079,1.468977445995038,-0.37099925800222605,-0.49033538542418215,5
0.6472032206796865,0.789884688663099,-0.4777061693452133,-0.4990353068381907,-0.6662208848270063,-0.7155626228756203,-0.9482506878142568,-0.299068268437628,-0.3984950228820965,1.3928779174507582,-0.42110044098213534,2.0434575723122457,-0.6807456457050176,-0.37099925800222605,-0.49033538542418215,3
-0.8811775628496022,0.789884688663099,-0.4777061693452133,-0.4990353068381907,-0.6662208848270063,-0.7155626228756203,-0.9482506878142568,3.343718159148518,-0.3984950228820965,1.3928779174507582,-0.42110044098213534,-0.4893666565675079,-0.6807456457050176,-0.37099925800222605,-0.49033538542418215,6
-0.8811775628496022,-0.8176695772090371,-0.4777061693452133,-0.4990353068381907,1.5010036802728937,-0.7155626228756203,1.0545734507243298,-0.299068268437628,-0.3984950228820965,-0.7179380098366396,-0.42110044098213534,-0.4893666565675079,-0.6807456457050176,-0.37099925800222605,-0.49033538542418215,8
0.6472032206796865,0.789884688663099,-0.4777061693452133,-0.4990353068381907,-0.6662208848270063,1.0844551551655364,-0.9482506878142568,-0.299068268437628,-0.3984950228820965,-0.7179380098366396,-0.42110044098213534,2.0434575723122457,1.468977445995038,-0.37099925800222605,2.039420424726057,2
-0.8811775628496022,-0.8176695772090371,-0.4777061693452133,-0.4990353068381907,-0.6662208848270063,-0.7155626228756203,1.0545734507243298,-0.299068268437628,-0.3984950228820965,-0.7179380098366396,-0.42110044098213534,-0.4893666565675079,-0.6807456457050176,-0.37099925800222605,2.039420424726057,6
2.175584004208975,2.397438954535235,-0.4777061693452133,-0.4990353068381907,-0.6662208848270063,1.0844551551655364,-0.9482506878142568,3.343718159148518,-0.3984950228820965,1.3928779174507582,-0.42110044098213534,2.0434575723122457,1.468977445995038,2.695423180587601,-0.49033538542418215,4
-0.8811775628496022,-0.8176695772090371,-0.4777061693452133,2.0038662321025797,-0.6662208848270063,-0.7155626228756203,1.0545734507243298,-0.299068268437628,-0.3984950228820965,-0.7179380098366396,2.3747303557025337,-0.4893666565675079,-0.6807456457050176,-0.37099925800222605,-0.49033538542418215,8
-0.8811775628496022,-0.8176695772090371,-0.4777061693452133,-0.4990353068381907,-0.6662208848270063,1.0844551551655364,1.0545734507243298,-0.299068268437628,-0.3984950228820965,-0.7179380098366396,-0.42110044098213534,2.0434575723122457,-0.6807456457050176,-0.37099925800222605,-0.49033538542418215,7
-0.8811775628496022,2.397438954535235,-0.4777061693452133,-0.4990353068381907,-0.6662208848270063,1.0844551551655364,-0.9482506878142568,-0.299068268437628,-0.3984950228820965,1.3928779174507582,-0.42110044098213534,-0.4893666565675079,-0.6807456457050176,-0.37099925800222605,-0.49033538542418215,3
2.175584004208975,0.789884688663099,-0.4777061693452133,-0.4990353068381907,-0.6662208848270063,-0.7155626228756203,-0.9482506878142568,-0.299068268437628,-0.3984950228820965,-0.7179380098366396,-0.42110044098213534,-0.4893666565675079,-0.6807456457050176,-0.37099925800222605,-0.49033538542418215,3
-0.8811775628496022,0.789884688663099,-0.4777061693452133,-0.4990353068381907,1.5010036802728937,-0.7155626228756203,1.0545734507243298,-0.299068268437628,-0.3984950228820965,-0.7179380098366396,-0.42110044098213534,-0.4893666565675079,-0.6807456457050176,-0.37099925800222605,-0.49033538542418215,8
0.6472032206796865,0.789884688663099,-0.4777061693452133,-0.4990353068381907,-0.6662208848270063,2.884472933206693,-0.9482506878142568,3.343718159148518,-0.3984950228820965,-0.7179380098366396,-0.42110044098213534,2.0434575723122457,1.468977445995038,-0.37099925800222605,-0.49033538542418215,4
-0.8811775628496022,-0.8176695772090371,-0.4777061693452133,-0.4990353068381907,-0.6662208848270063,1.0844551551655364,-0.9482506878142568,-0.299068268437628,-0.3984950228820965,1.3928779174507582,-0.42110044098213534,-0.4893666565675079,-0.6807456457050176,-0.37099925800222605,2.039420424726057,6
0.6472032206796865,-0.8176695772090371,-0.4777061693452133,-0.4990353068381907,1.5010036802728937,-0.7155626228756203,1.0545734507243298,-0.299068268437628,-0.3984950228820965,-0.7179380098366396,-0.42110044098213534,-0.4893666565675079,-0.6807456457050176,-0.37099925800222605,-0.49033538542418215,7
-0.8811775628496022,-0.8176695772090371,-0.4777061693452133,2.0038662321025797,-0.6662208848270063,-0.7155626228756203,1.0545734507243298,3.343718159148518,-0.3984950228820965,-0.7179380098366396,2.3747303557025337,-0.4893666565675079,-0.6807456457050176,-0.37099925800222605,2.039420424726057,6
-0.8811775628496022,-0.8176695772090371,2.0933370012170642,2.0038662321025797,-0.6662208848270063,-0.7155626228756203,1.0545734507243298,-0.299068268437628,-0.3984950228820965,-0.7179380098366396,-0.42110044098213534,-0.4893666565675079,-0.6807456457050176,-0.37099925800222605,-0.49033538542418215,9
2.175584004208975,0.789884688663099,-0.4777061693452133,-0.4990353068381907,-0.6662208848270063,2.884472933206693,-0.9482506878142568,-0.299068268437628,-0.3984950228820965,-0.7179380098366396,-0.42110044098213534,-0.4893666565675079,-0.6807456457050176,-0.37099925800222605,-0.49033538542418215,4
-0.8811775628496022,-0.8176695772090371,-0.4777061693452133,-0.4990353068381907,-0.6662208848270063,1.0844551551655364,1.0545734507243298,-0.299068268437628,-0.3984950228820965,-0.7179380098366396,-0.42110044098213534,2.0434575723122457,1.468977445995038,-0.37099925800222605,-0.49033538542418215,8
0.6472032206796865,-0.8176695772090371,-0.4777061693452133,-0.4990353068381907,-0.6662208848270063,-0.7155626228756203,1.0545734507243298,-0.299068268437628,-0.3984950228820965,-0.7179380098366396,-0.42110044098213534,-0.4893666565675079,1.468977445995038,-0.37099925800222605,-0.49033538542418215,5
-0.8811775628496022,-0.8176695772090371,-0.4777061693452133,2.0038662321025797,-0.6662208848270063,-0.7155626228756203,-0.9482506878142568,-0.299068268437628,2.5094416305818505,-0.7179380098366396,-0.42110044098213534,-0.4893666565675079,-0.6807456457050176,2.695423180587601,-0.49033538542418215,9
0.6472032206796865,-0.8176695772090371,-0.4777061693452133,-0.4990353068381907,-0.6662208848270063,-0.7155626228756203,-0.9482506878142568,-0.299068268437628,-0.3984950228820965,-0.7179380098366396,-0.42110044098213534,-0.4893666565675079,-0.6807456457050176,-0.37099925800222605,-0.49033538542418215,5
-0.8811775628496022,0.789884688663099,-0.4777061693452133,-0.4990353068381907,-0.6662208848270063,-0.7155626228756203,-0.9482506878142568,-0.299068268437628,-0.3984950228820965,1.3928779174507582,-0.42110044098213534,2.0434575723122457,-0.6807456457050176,2.695423180587601,-0.49033538542418215,6
0.6472032206796865,0.789884688663099,-0.4777061693452133,-0.4990353068381907,1.5010036802728937,-0.7155626228756203,-0.9482506878142568,-0.299068268437628,-0.3984950228820965,1.3928779174507582,-0.42110044098213534,-0.4893666565675079,-0.6807456457050176,2.695423180587601,-0.49033538542418215,6
-0.8811775628496022,0.789884688663099,-0.4777061693452133,-0.4990353068381907,-0.6662208848270063,-0.7155626228756203,1.0545734507243298,-0.299068268437628,-0.3984950228820965,1.3928779174507582,2.3747303557025337,-0.4893666565675079,-0.6807456457050176,-0.37099925800222605,-0.49033538542418215,6
0.6472032206796865,0.789884688663099,-0.4777061693452133,-0.4990353068381907,1.5010036802728937,-0.7155626228756203,1.0545734507243298,-0.299068268437628,-0.3984950228820965,-0.7179380098366396,-0.42110044098213534,-0.4893666565675079,1.468977445995038,-0.37099925800222605,-0.49033538542418215,5
-0.8811775628496022,-0.8176695772090371,-0.4777061693452133,2.0038662321025797,1.5010036802728937,-0.7155626228756203,1.0545734507243298,-0.299068268437628,-0.3984950228820965,-0.7179380098366396,-0.42110044098213534,-0.4893666565675079,1.468977445995038,-0.37099925800222605,-0.49033538542418215,7
-0.8811775628496022,-0.8176695772090371,-0.4777061693452133,-0.4990353068381907,1.5010036802728937,-0.7155626228756203,1.0545734507243298,-0.299068268437628,2.5094416305818505,-0.7179380098366396,-0.42110044098213534,-0.4893666565675079,1.468977445995038,-0.37099925800222605,-0.49033538542418215,7
-0.8811775628496022,-0.8176695772090371,-0.4777061693452133,-0.4990353068381907,-0.6662208848270063,-0.7155626228756203,1.0545734507243298,-0.299068268437628,-0.3984950228820965,-0.7179380098366396,-0.42110044098213534,-0.4893666565675079,-0.6807456457050176,-0.37099925800222605,-0.49033538542418215,6
-0.8811775628496022,-0.8176695772090371,2.0933370012170642,-0.4990353068381907,-0.6662208848270063,-0.7155626228756203,-0.9482506878142568,-0.299068268437628,-0.3984950228820965,-0.7179380098366396,2.3747303557025337,-0.4893666565675079,1.468977445995038,-0.37099925800222605,2.039420424726057,8
0.6472032206796865,-0.8176695772090371,-0.4777061693452133,-0.4990353068381907,-0.6662208848270063,-0.7155626228756203,-0.9482506878142568,3.343718159148518,-0.3984950228820965,1.3928779174507582,-0.42110044098213534,-0.4893666565675079,1.468977445995038,-0.37099925800222605,-0.49033538542418215,5
-0.8811775628496022,-0.8176695772090371,-0.4777061693452133,-0.4990353068381907,1.5010036802728937,-0.7155626228756203,1.0545734507243298,3.343718159148518,2.5094416305818505,1.3928779174507582,2.3747303557025337,-0.4893666565675079,1.468977445995038,-0.37099925800222605,2.039420424726057,9
2.175584004208975,0.789884688663099,-0.4777061693452133,-0.4990353068381907,-0.6662208848270063,1.0844551551655364,1.0545734507243298,3.343718159148518,-0.3984950228820965,-0.7179380098366396,-0.42110044098213534,2.0434575723122457,-0.6807456457050176,-0.37099925800222605,-0.49033538542418215,5
0.6472032206796865,-0.8176695772090371,-0.4777061693452133,-0.4990353068381907,1.5010036802728937,1.0844551551655364,1.0545734507243298,-0.299068268437628,-0.3984950228820965,-0.7179380098366396,-0.42110044098213534,-0.4893666565675079,1.468977445995038,-0.37099925800222605,-0.49033538542418215,7
2.175584004208975,-0.8176695772090371,-0.4777061693452133,-0.4990353068381907,1.5010036802728937,-0.7155626228756203,-0.9482506878142568,-0.299068268437628,2.5094416305818505,-0.7179380098366396,-0.42110044098213534,-0.4893666565675079,-0.6807456457050176,-0.37099925800222605,2.039420424726057,4
0.6472032206796865,-0.8176695772090371,-0.4777061693452133,-0.4990353068381907,-0.6662208848270063,-0.7155626228756203,-0.9482506878142568,-0.299068268437628,-0.3984950228820965,-0.7179380098366396,-0.42110044098213534,-0.4893666565675079,1.468977445995038,-0.37099925800222605,-0.49033538542418215,6
2.175584004208975,-0.8176695772090371,-0.4777061693452133,-0.4990353068381907,-0.6662208848270063,1.0844551551655364,1.0545734507243298,-0.299068268437628,-0.3984950228820965,-0.7179380098366396,-0.42110044098213534,2.0434575723122457,-0.6807456457050176,-0.37099925800222605,-0.49033538542418215,4
-0.8811775628496022,0.789884688663099,-0.4777061693452133,-0.4990353068381907,-0.6662208848270063,1.0844551551655364,-0.9482506878142568,-0.299068268437628,-0.3984950228820965,1.3928779174507582,-0.42110044098213534,2.0434575723122457,-0.6807456457050176,-0.37099925800222605,-0.49033538542418215,6
-0.8811775628496022,0.789884688663099,-0.4777061693452133,-0.4990353068381907,-0.6662208848270063,1.0844551551655364,-0.9482506878142568,-0.299068268437628,-0.3984950228820965,1.3928779174507582,-0.42110044098213534,-0.4893666565675079,1.468977445995038,-0.37099925800222605,2.039420424726057,7
0.6472032206796865,0.789884688663099,-0.4777061693452133,-0.4990353068381907,1.5010036802728937,1.0844551551655364,1.0545734507243298,-0.299068268437628,-0.3984950228820965,1.3928779174507582,-0.42110044098213534,-0.4893666565675079,-0.6807456457050176,-0.37099925800222605,-0.49033538542418215,4
-0.8811775628496022,-0.8176695772090371,-0.4777061693452133,-0.4990353068381907,1.5010036802728937,-0.7155626228756203,-0.9482506878142568,-0.299068268437628,-0.3984950228820965,-0.7179380098366396,-0.42110044098213534,-0.4893666565675079,-0.6807456457050176,-0.37099925800222605,-0.49033538542418215,8
0.6472032206796865,-0.8176695772090371,-0.4777061693452133,-0.4990353068381907,1.5010036802728937,-0.7155626228756203,-0.9482506878142568,-0.299068268437628,-0.3984950228820965,-0.7179380098366396,-0.42110044098213534,-0.4893666565675079,-0.6807456457050176,-0.37099925800222605,-0.49033538542418215,7
0.6472032206796865,2.397438954535235,-0.4777061693452133,-0.4990353068381907,-0.6662208848270063,1.0844551551655364,1.0545734507243298,-0.299068268437628,-0.3984950228820965,1.3928779174507582,-0.42110044098213534,-0.4893666565675079,-0.6807456457050176,-0.37099925800222605,-0.49033538542418215,3
0.6472032206796865,0.789884688663099,-0.4777061693452133,2.0038662321025797,-0.6662208848270063,1.0844551551655364,1.0545734507243298,-0.299068268437628,-0.3984950228820965,1.3928779174507582,-0.42110044098213534,2.0434575723122457,-0.6807456457050176,2.695423180587601,-0.49033538542418215,6
-0.8811775628496022,-0.8176695772090371,-0.4777061693452133,-0.4990353068381907,-0.6662208848270063,-0.7155626228756203,-0.9482506878142568,-0.299068268437628,2.5094416305818505,-0.7179380098366396,-0.42110044098213534,-0.4893666565675079,1.468977445995038,2.695423180587601,2.039420424726057,8
2.175584004208975,2.397438954535235,2.0933370012170642,-0.4990353068381907,-0.6662208848270063,2.884472933206693,1.0545734507243298,-0.299068268437628,-0.3984950228820965,-0.7179380098366396,-0.42110044098213534,-0.4893666565675079,-0.6807456457050176,-0.37099925800222605,-0.49033538542418215,4
0.6472032206796865,0.789884688663099,-0.4777061693452133,-0.4990353068381907,-0.6662208848270063,-0.7155626228756203,-0.9482506878142568,3.343718159148518,-0.3984950228820965,-0.7179380098366396,-0.42110044098213534,2.0434575723122457,1.468977445995038,-0.37099925800222605,-0.49033538542418215,7
-0.8811775628496022,-0.8176695772090371,-0.4777061693452133,-0.4990353068381907,-0.6662208848270063,1.0844551551655364,-0.9482506878142568,3.343718159148518,-0.3984950228820965,-0.7179380098366396,-0.42110044098213534,2.0434575723122457,-0.6807456457050176,-0.37099925800222605,-0.49033538542418215,4
-0.8811775628496022,0.789884688663099,-0.4777061693452133,-0.4990353068381907,-0.6662208848270063,1.0844551551655364,-0.9482506878142568,-0.299068268437628,-0.3984950228820965,1.3928779174507582,2.3747303557025337,-0.4893666565675079,-0.6807456457050176,-0.37099925800222605,-0.49033538542418215,8
-0.8811775628496022,0.789884688663099,-0.4777061693452133,-0.4990353068381907,-0.6662208848270063,-0.7155626228756203,1.0545734507243298,-0.299068268437628,-0.3984950228820965,1.3928779174507582,-0.42110044098213534,2.0434575723122457,1.468977445995038,-0.37099925800222605,-0.49033538542418215,6
-0.8811775628496022,0.789884688663099,-0.4777061693452133,-0.4990353068381907,-0.6662208848270063,-0.7155626228756203,-0.9482506878142568,-0.299068268437628,-0.3984950228820965,1.3928779174507582,-0.42110044098213534,-0.4893666565675079,-0.6807456457050176,-0.37099925800222605,-0.49033538542418215,6
-0.8811775628496022,-0.8176695772090371,-0.4777061693452133,2.0038662321025797,-0.6662208848270063,-0.7155626228756203,1.0545734507243298,-0.299068268437628,2.5094416305818505,-0.7179380098366396,-0.42110044098213534,-0.4893666565675079,-0.6807456457050176,-0.37099925800222605,-0.49033538542418215,8
0.6472032206796865,0.789884688663099,-0.4777061693452133,-0.4990353068381907,-0.6662208848270063,-0.7155626228756203,-0.9482506878142568,3.343718159148518,-0.3984950228820965,1.3928779174507582,-0.42110044098213534,-0.4893666565675079,-0.6807456457050176,-0.37099925800222605,-0.49033538542418215,3
-0.8811775628496022,-0.8176695772090371,-0.4777061693452133,-0.4990353068381907,-0.6662208848270063,-0.7155626228756203,1.0545734507243298,-0.299068268437628,-0.3984950228820965,-0.7179380098366396,-0.42110044098213534,-0.4893666565675079,-0.6807456457050176,-0.37099925800222605,-0.49033538542418215,6
0.6472032206796865,-0.8176695772090371,-0.4777061693452133,2.0038662321025797,-0.6662208848270063,-0.7155626228756203,-0.9482506878142568,-0.299068268437628,-0.3984950228820965,1.3928779174507582,-0.42110044098213534,-0.4893666565675079,-0.6807456457050176,-0.37099925800222605,-0.49033538542418215,4
0.6472032206796865,-0.8176695772090371,-0.4777061693452133,-0.4990353068381907,-0.6662208848270063,-0.7155626228756203,-0.9482506878142568,-0.299068268437628,-0.3984950228820965,1.3928779174507582,-0.42110044098213534,-0.4893666565675079,-0.6807456457050176,-0.37099925800222605,2.039420424726057,8
-0.8811775628496022,-0.8176695772090371,2.0933370012170642,-0.4990353068381907,1.5010036802728937,1.0844551551655364,-0.9482506878142568,-0.299068268437628,2.5094416305818505,-0.7179380098366396,2.3747303557025337,-0.4893666565675079,-0.6807456457050176,-0.37099925800222605,2.039420424726057,8
0.6472032206796865,0.789884688663099,-0.4777061693452133,2.0038662321025797,1.5010036802728937,-0.7155626228756203,1.0545734507243298,-0.299068268437628,-0.3984950228820965,-0.7179380098366396,-0.42110044098213534,-0.4893666565675079,-0.6807456457050176,-0.37099925800222605,-0.49033538542418215,7
0.6472032206796865,-0.8176695772090371,-0.4777061693452133,-0.4990353068381907,-0.6662208848270063,-0.7155626228756203,1.0545734507243298,-0.299068268437628,-0.3984950228820965,-0.7179380098366396,-0.42110044098213534,2.0434575723122457,1.468977445995038,-0.37099925800222605,-0.49033538542418215,3
2.175584004208975,0.789884688663099,-0.4777061693452133,-0.4990353068381907,-0.6662208848270063,1.0844551551655364,1.0545734507243298,-0.299068268437628,-0.3984950228820965,-0.7179380098366396,2.3747303557025337,-0.4893666565675079,-0.6807456457050176,2.695423180587601,-0.49033538542418215,5
0.6472032206796865,-0.8176695772090371,-0.4777061693452133,-0.4990353068381907,-0.6662208848270063,-0.7155626228756203,-0.9482506878142568,-0.299068268437628,-0.3984950228820965,1.3928779174507582,2.3747303557025337,-0.4893666565675079,1.468977445995038,-0.37099925800222605,-0.49033538542418215,5
-0.8811775628496022,0.789884688663099,-0.4777061693452133,-0.4990353068381907,-0.6662208848270063,-0.7155626228756203,1.0545734507243298,-0.299068268437628,-0.3984950228820965,1.3928779174507582,-0.42110044098213534,-0.4893666565675079,-0.6807456457050176,-0.37099925800222605,-0.49033538542418215,6
0.6472032206796865,0.789884688663099,2.0933370012170642,-0.4990353068381907,-0.6662208848270063,1.0844551551655364,-0.9482506878142568,-0.299068268437628,-0.3984950228820965,1.3928779174507582,2.3747303557025337,-0.4893666565675079,-0.6807456457050176,-0.37099925800222605,2.039420424726057,8
-0.8811775628496022,0.789884688663099,-0.4777061693452133,-0.4990353068381907,-0.6662208848270063,1.0844551551655364,-0.9482506878142568,-0.299068268437628,-0.3984950228820965,1.3928779174507582,-0.42110044098213534,-0.4893666565675079,-0.6807456457050176,-0.37099925800222605,-0.49033538542418215,5
0.6472032206796865,-0.8176695772090371,-0.4777061693452133,-0.4990353068381907,1.5010036802728937,-0.7155626228756203,-0.9482506878142568,-0.299068268437628,-0.3984950228820965,1.3928779174507582,-0.42110044098213534,-0.4893666565675079,-0.6807456457050176,-0.37099925800222605,-0.49033538542418215,5
0.6472032206796865,-0.8176695772090371,2.0933370012170642,-0.4990353068381907,-0.6662208848270063,-0.7155626228756203,-0.9482506878142568,-0.299068268437628,-0.3984950228820965,-0.7179380098366396,-0.42110044098213534,-0.4893666565675079,1.468977445995038,-0.37099925800222605,2.039420424726057,6
-0.8811775628496022,2.397438954535235,-0.4777061693452133,-0.4990353068381907,-0.6662208848270063,-0.7155626228756203,-0.9482506878142568,-0.299068268437628,-0.3984950228820965,1.3928779174507582,-0.42110044098213534,-0.4893666565675079,1.468977445995038,-0.37099925800222605,-0.49033538542418215,2
-0.8811775628496022,-0.8176695772090371,-0.4777061693452133,-0.4990353068381907,-0.6662208848270063,-0.7155626228756203,1.0545734507243298,-0.299068268437628,-0.3984950228820965,-0.7179380098366396,-0.42110044098213534,-0.4893666565675079,1.468977445995038,-0.37099925800222605,-0.49033538542418215,6
-0.8811775628496022,0.789884688663099,2.0933370012170642,-0.4990353068381907,-0.6662208848270063,-0.7155626228756203,1.0545734507243298,-0.299068268437628,-0.3984950228820965,1.3928779174507582,2.3747303557025337,-0.4893666565675079,-0.6807456457050176,-0.37099925800222605,2.039420424726057,6
0.6472032206796865,-0.8176695772090371,-0.4777061693452133,-0.4990353068381907,-0.6662208848270063,1.0844551551655364,1.0545734507243298,3.343718159148518,-0.3984950228820965,-0.7179380098366396,-0.42110044098213534,2.0434575723122457,-0.6807456457050176,2.695423180587601,-0.49033538542418215,3
-0.8811775628496022,0.789884688663099,2.0933370012170642,-0.4990353068381907,-0.6662208848270063,-0.7155626228756203,1.0545734507243298,-0.299068268437628,-0.3984950228820965,-0.7179380098366396,-0.42110044098213534,-0.4893666565675079,-0.6807456457050176,-0.37099925800222605,-0.49033538542418215,8
2.175584004208975,0.789884688663099,-0.4777061693452133,-0.4990353068381907,1.5010036802728937,-0.7155626228756203,-0.9482506878142568,-0.299068268437628,-0.3984950228820965,-0.7179380098366396,-0.42110044098213534,-0.4893666565675079,-0.6807456457050176,-0.37099925800222605,2.039420424726057,6
0.6472032206796865,0.789884688663099,-0.4777061693452133,-0.4990353068381907,-0.6662208848270063,1.0844551551655364,-0.9482506878142568,-0.299068268437628,-0.3984950228820965,-0.7179380098366396,-0.42110044098213534,-0.4893666565675079,-0.6807456457050176,-0.37099925800222605,2.039420424726057,5
-0.8811775628496022,-0.8176695772090371,2.0933370012170642,-0.4990353068381907,1.5010036802728937,-0.7155626228756203,1.0545734507243298,-0.299068268437628,-0.3984950228820965,-0.7179380098366396,-0.42110044098213534,-0.4893666565675079,-0.6807456457050176,-0.37099925800222605,2.039420424726057,7
-0.8811775628496022,-0.8176695772090371,-0.4777061693452133,2.0038662321025797,-0.6662208848270063,-0.7155626228756203,-0.9482506878142568,-0.299068268437628,-0.3984950228820965,-0.7179380098366396,-0.42110044098213534,-0.4893666565675079,1.468977445995038,-0.37099925800222605,-0.49033538542418215,7
0.6472032206796865,-0.8176695772090371,-0.4777061693452133,-0.4990353068381907,-0.6662208848270063,2.884472933206693,1.0545734507243298,3.343718159148518,-0.3984950228820965,-0.7179380098366396,-0.42110044098213534,2.0434575723122457,1.468977445995038,-0.37099925800222605,-0.49033538542418215,4
0.6472032206796865,-0.8176695772090371,2.0933370012170642,2.0038662321025797,-0.6662208848270063,-0.7155626228756203,1.0545734507243298,-0.299068268437628,2.5094416305818505,-0.7179380098366396,2.3747303557025337,-0.4893666565675079,-0.6807456457050176,-0.37099925800222605,-0.49033538542418215,9
-0.8811775628496022,0.789884688663099,-0.4777061693452133,-0.4990353068381907,-0.6662208848270063,-0.7155626228756203,-0.9482506878142568,-0.299068268437628,-0.3984950228820965,-0.7179380098366396,-0.42110044098213534,2.0434575723122457,-0.6807456457050176,-0.37099925800222605,2.039420424726057,8
-0.8811775628496022,-0.8176695772090371,-0.4777061693452133,-0.4990353068381907,-0.6662208848270063,-0.7155626228756203,1.0545734507243298,-0.299068268437628,-0.3984950228820965,-0.7179380098366396,-0.42110044098213534,-0.4893666565675079,-0.6807456457050176,2.695423180587601,-0.49033538542418215,5
2.175584004208975,2.397438954535235,-0.4777061693452133,-0.4990353068381907,-0.6662208848270063,1.0844551551655364,1.0545734507243298,3.343718159148518,-0.3984950228820965,-0.7179380098366396,-0.42110044098213534,2.0434575723122457,-0.6807456457050176,-0.37099925800222605,-0.49033538542418215,3
0.6472032206796865,0.789884688663099,-0.4777061693452133,-0.4990353068381907,-0.6662208848270063,-0.7155626228756203,-0.9482506878142568,-0.299068268437628,-0.3984950228820965,-0.7179380098366396,-0.42110044098213534,-0.4893666565675079,-0.6807456457050176,-0.37099925800222605,-0.49033538542418215,6
-0.8811775628496022,0.789884688663099,-0.4777061693452133,-0.4990353068381907,-0.6662208848270063,-0.7155626228756203,-0.9482506878142568,3.343718159148518,-0.3984950228820965,1.3928779174507582,-0.42110044098213534,-0.4893666565675079,-0.6807456457050176,-0.37099925800222605,-0.49033538542418215,5
-0.8811775628496022,0.789884688663099,-0.4777061693452133,-0.4990353068381907,-0.6662208848270063,-0.7155626228756203,-0.9482506878142568,-0.299068268437628,-0.3984950228820965,1.3928779174507582,2.3747303557025337,-0.4893666565675079,-0.6807456457050176,-0.37099925800222605,2.039420424726057,6
0.6472032206796865,-0.8176695772090371,-0.4777061693452133,-0.4990353068381907,1.5010036802728937,-0.7155626228756203,-0.9482506878142568,-0.299068268437628,-0.3984950228820965,1.3928779174507582,-0.42110044098213534,-0.4893666565675079,-0.6807456457050176,-0.37099925800222605,-0.49033538542418215,4
-0.8811775628496022,-0.8176695772090371,-0.4777061693452133,-0.4990353068381907,1.5010036802728937,-0.7155626228756203,-0.9482506878142568,-0.299068268437628,-0.3984950228820965,-0.7179380098366396,-0.42110044098213534,2.0434575723122457,-0.6807456457050176,-0.37099925800222605,-0.49033538542418215,7
-0.8811775628496022,-0.8176695772090371,-0.4777061693452133,2.0038662321025797,-0.6662208848270063,1.0844551551655364,-0.9482506878142568,-0.299068268437628,2.5094416305818505,-0.7179380098366396,-0.42110044098213534,-0.4893666565675079,-0.6807456457050176,-0.37099925800222605,-0.49033538542418215,8
0.6472032206796865,-0.8176695772090371,-0.4777061693452133,-0.4990353068381907,-0.6662208848270063,-0.7155626228756203,1.0545734507243298,-0.299068268437628,-0.3984950228820965,-0.7179380098366396,-0.42110044098213534,-0.4893666565675079,-0.6807456457050176,-0.37099925800222605,-0.49033538542418215,5
0.6472032206796865,0.789884688663099,-0.4777061693452133,-0.4990353068381907,-0.6662208848270063,-0.7155626228756203,-0.9482506878142568,-0.299068268437628,-0.3984950228820965,-0.7179380098366396,-0.42110044098213534,-0.4893666565675079,-0.6807456457050176,-0.37099925800222605,-0.49033538542418215,3
-0.8811775628496022,-0.8176695772090371,-0.4777061693452133,-0.4990353068381907,1.5010036802728937,-0.7155626228756203,1.0545734507243298,-0.299068268437628,-0.3984950228820965,-0.7179380098366396,-0.42110044098213534,-0.4893666565675079,-0.6807456457050176,-0.37099925800222605,-0.49033538542418215,5
-0.8811775628496022,0.789884688663099,-0.4777061693452133,-0.4990353068381907,-0.6662208848270063,-0.7155626228756203,-0.9482506878142568,3.343718159148518,-0.3984950228820965,1.3928779174507582,-0.42110044098213534,2.0434575723122457,1.468977445995038,2.695423180587601,2.039420424726057,7
2.175584004208975,0.789884688663099,2.0933370012170642,-0.4990353068381907,1.5010036802728937,1.0844551551655364,-0.9482506878142568,-0.299068268437628,-0.3984950228820965,-0.7179380098366396,-0.42110044098213534,-0.4893666565675079,-0.6807456457050176,-0.37099925800222605,-0.49033538542418215,3
-0.8811775628496022,-0.8176695772090371,-0.4777061693452133,-0.4990353068381907,-0.6662208848270063,-0.7155626228756203,-0.9482506878142568,3.343718159148518,-0.3984950228820965,-0.7179380098366396,-0.42110044098213534,2.0434575723122457,1.468977445995038,-0.37099925800222605,-0.49033538542418215,4
-0.8811775628496022,-0.8176695772090371,-0.4777061693452133,2.0038662321025797,-0.6662208848270063,-0.7155626228756203,-0.9482506878142568,-0.299068268437628,-0.3984950228820965,-0.7179380098366396,-0.42110044098213534,-0.4893666565675079,-0.6807456457050176,-0.37099925800222605,-0.49033538542418215,7
-0.8811775628496022,-0.8176695772090371,-0.4777061693452133,-0.4990353068381907,-0.6662208848270063,-0.7155626228756203,1.0545734507243298,-0.299068268437628,-0.3984950228820965,-0.7179380098366396,-0.42110044098213534,-0.4893666565675079,-0.6807456457050176,-0.37099925800222605,-0.49033538542418215,6
0.6472032206796865,0.789884688663099,-0.4777061693452133,-0.4990353068381907,-0.6662208848270063,1.0844551551655364,-0.9482506878142568,-0.299068268437628,-0.3984950228820965,-0.7179380098366396,-0.42110044098213534,2.0434575723122457,-0.6807456457050176,-0.37099925800222605,-0.49033538542418215,4
0.6472032206796865,-0.8176695772090371,-0.4777061693452133,-0.4990353068381907,-0.6662208848270063,2.884472933206693,-0.9482506878142568,-0.299068268437628,-0.3984950228820965,1.3928779174507582,2.3747303557025337,-0.4893666565675079,-0.6807456457050176,-0.37099925800222605,-0.49033538542418215,8
-0.8811775628496022,0.789884688663099,2.0933370012170642,-0.4990353068381907,-0.6662208848270063,-0.7155626228756203,1.0545734507243298,-0.299068268437628,-0.3984950228820965,-0.7179380098366396,-0.42110044098213534,-0.4893666565675079,-0.6807456457050176,-0.37099925800222605,2.039420424726057,8
0.6472032206796865,0.789884688663099,-0.4777061693452133,-0.4990353068381907,1.5010036802728937,-0.7155626228756203,1.0545734507243298,-0.299068268437628,-0.3984950228820965,1.3928779174507582,-0.42110044098213534,-0.4893666565675079,-0.6807456457050176,-0.37099925800222605,-0.49033538542418215,6
-0.8811775628496022,-0.8176695772090371,-0.4777061693452133,2.0038662321025797,-0.6662208848270063,2.884472933206693,1.0545734507243298,-0.299068268437628,2.5094416305818505,-0.7179380098366396,-0.42110044098213534,-0.4893666565675079,1.468977445995038,-0.37099925800222605,-0.49033538542418215,5
-0.8811775628496022,-0.8176695772090371,2.0933370012170642,-0.4990353068381907,-0.6662208848270063,1.0844551551655364,-0.9482506878142568,-0.299068268437628,2.5094416305818505,-0.7179380098366396,-0.42110044098213534,-0.4893666565675079,1.468977445995038,-0.37099925800222605,-0.49033538542418215,9
-0.8811775628496022,-0.8176695772090371,-0.4777061693452133,-0.4990353068381907,-0.6662208848270063,1.0844551551655364,-0.9482506878142568,-0.299068268437628,-0.3984950228820965,1.3928779174507582,2.3747303557025337,-0.4893666565675079,-0.6807456457050176,-0.37099925800222605,-0.49033538542418215,8
-0.8811775628496022,-0.8176695772090371,-0.4777061693452133,-0.4990353068381907,-0.6662208848270063,-0.7155626228756203,1.0545734507243298,-0.299068268437628,-0.3984950228820965,-0.7179380098366396,-0.42110044098213534,-0.4893666565675079,-0.6807456457050176,-0.37099925800222605,2.039420424726057,7
-0.8811775628496022,-0.8176695772090371,2.0933370012170642,2.0038662321025797,1.5010036802728937,-0.7155626228756203,1.0545734507243298,-0.299068268437628,-0.3984950228820965,-0.7179380098366396,-0.42110044098213534,-0.4893666565675079,1.468977445995038,-0.37099925800222605,-0.49033538542418215,8
0.6472032206796865,0.789884688663099,-0.4777061693452133,2.0038662321025797,1.5010036802728937,1.0844551551655364,-0.9482506878142568,-0.299068268437628,-0.3984950228820965,1.3928779174507582,-0.42110044098213534,-0.4893666565675079,-0.6807456457050176,-0.37099925800222605,-0.49033538542418215,3
-0.8811775628496022,0.789884688663099,-0.4777061693452133,-0.4990353068381907,-0.6662208848270063,1.0844551551655364,-0.9482506878142568,-0.299068268437628,-0.3984950228820965,-0.7179380098366396,-0.42110044098213534,2.0434575723122457,-0.6807456457050176,-0.37099925800222605,-0.49033538542418215,4
-0.8811775628496022,-0.8176695772090371,2.0933370012170642,-0.4990353068381907,1.5010036802728937,-0.7155626228756203,1.0545734507243298,-0.299068268437628,2.5094416305818505,1.3928779174507582,2.3747303557025337,-0.4893666565675079,-0.6807456457050176,-0.37099925800222605,2.039420424726057,8
0.6472032206796865,-0.8176695772090371,-0.4777061693452133,-0.4990353068381907,-0.6662208848270063,1.0844551551655364,-0.9482506878142568,-0.299068268437628,-0.3984950228820965,-0.7179380098366396,-0.42110044098213534,-0.4893666565675079,-0.6807456457050176,-0.37099925800222605,-0.49033538542418215,4
-0.8811775628496022,-0.8176695772090371,-0.4777061693452133,-0.4990353068381907,-0.6662208848270063,1.0844551551655364,1.0545734507243298,-0.299068268437628,-0.3984950228820965,1.3928779174507582,2.3747303557025337,-0.4893666565675079,1.468977445995038,-0.37099925800222605,-0.49033538542418215,6
0.6472032206796865,0.789884688663099,-0.4777061693452133,-0.4990353068381907,-0.6662208848270063,-0.7155626228756203,-0.9482506878142568,-0.299068268437628,-0.3984950228820965,1.3928779174507582,2.3747303557025337,-0.4893666565675079,-0.6807456457050176,-0.37099925800222605,-0.49033538542418215,4
0.6472032206796865,0.789884688663099,-0.4777061693452133,-0.4990353068381907,1.5010036802728937,-0.7155626228756203,1.0545734507243298,-0.299068268437628,-0.3984950228820965,1.3928779174507582,-0.42110044098213534,-0.4893666565675079,-0.6807456457050176,-0.37099925800222605,-0.49033538542418215,4
0.6472032206796865,0.789884688663099,-0.4777061693452133,2.0038662321025797,1.5010036802728937,1.0844551551655364,1.0545734507243298,-0.299068268437628,-0.3984950228820965,1.3928779174507582,-0.42110044098213534,-0.4893666565675079,-0.6807456457050176,-0.37099925800222605,-0.49033538542418215,3
-0.8811775628496022,-0.8176695772090371,-0.4777061693452133,-0.4990353068381907,1.5010036802728937,-0.7155626228756203,-0.9482506878142568,-0.299068268437628,2.5094416305818505,-0.7179380098366396,2.3747303557025337,-0.4893666565675079,-0.6807456457050176,-0.37099925800222605,2.039420424726057,8
0.6472032206796865,-0.8176695772090371,-0.4777061693452133,-0.4990353068381907,1.5010036802728937,-0.7155626228756203,1.0545734507243298,-0.299068268437628,2.5094416305818505,-0.7179380098366396,-0.42110044098213534,-0.4893666565675079,-0.6807456457050176,-0.37099925800222605,-0.49033538542418215,6
-0.8811775628496022,0.789884688663099,-0.4777061693452133,-0.4990353068381907,1.5010036802728937,1.0844551551655364,1.0545734507243298,-0.299068268437628,-0.3984950228820965,-0.7179380098366396,-0.42110044098213534,-0.4893666565675079,-0.6807456457050176,-0.37099925800222605,-0.49033538542418215,5
-0.8811775628496022,-0.8176695772090371,-0.4777061693452133,2.0038662321025797,1.5010036802728937,-0.7155626228756203,1.0545734507243298,-0.299068268437628,-0.3984950228820965,-0.7179380098366396,-0.42110044098213534,-0.4893666565675079,-0.6807456457050176,-0.37099925800222605,-0.49033538542418215,8
-0.8811775628496022,-0.8176695772090371,-0.4777061693452133,-0.4990353068381907,1.5010036802728937,-0.7155626228756203,-0.9482506878142568,-0.299068268437628,-0.3984950228820965,-0.7179380098366396,-0.42110044098213534,-0.4893666565675079,-0.6807456457050176,2.695423180587601,-0.49033538542418215,7
0.6472032206796865,-0.8176695772090371,-0.4777061693452133,-0.4990353068381907,-0.6662208848270063,1.0844551551655364,1.0545734507243298,-0.299068268437628,-0.3984950228820965,1.3928779174507582,-0.42110044098213534,-0.4893666565675079,-0.6807456457050176,-0.37099925800222605,-0.49033538542418215,6
0.6472032206796865,-0.8176695772090371,-0.4777061693452133,-0.4990353068381907,-0.6662208848270063,1.0844551551655364,-0.9482506878142568,-0.299068268437628,-0.3984950228820965,-0.7179380098366396,-0.42110044098213534,-0.4893666565675079,1.468977445995038,-0.37099925800222605,-0.49033538542418215,6
0.6472032206796865,-0.8176695772090371,-0.4777061693452133,-0.4990353068381907,-0.6662208848270063,1.0844551551655364,1.0545734507243298,-0.299068268437628,-0.3984950228820965,1.3928779174507582,-0.42110044098213534,-0.4893666565675079,-0.6807456457050176,-0.37099925800222605,-0.49033538542418215,6
-0.8811775628496022,-0.8176695772090371,-0.4777061693452133,-0.4990353068381907,-0.6662208848270063,-0.7155626228756203,1.0545734507243298,-0.299068268437628,-0.3984950228820965,-0.7179380098366396,-0.42110044098213534,2.0434575723122457,-0.6807456457050176,-0.37099925800222605,-0.49033538542418215,6
2.175584004208975,-0.8176695772090371,-0.4777061693452133,-0.4990353068381907,1.5010036802728937,1.0844551551655364,-0.9482506878142568,-0.299068268437628,2.5094416305818505,-0.7179380098366396,2.3747303557025337,-0.4893666565675079,-0.6807456457050176,-0.37099925800222605,-0.49033538542418215,7
0.6472032206796865,0.789884688663099,-0.4777061693452133,-0.4990353068381907,1.5010036802728937,-0.7155626228756203,-0.9482506878142568,-0.299068268437628,-0.3984950228820965,1.3928779174507582,-0.42110044098213534,2.0434575723122457,1.468977445995038,-0.37099925800222605,-0.49033538542418215,3
-0.8811775628496022,0.789884688663099,-0.4777061693452133,-0.4990353068381907,-0.6662208848270063,1.0844551551655364,-0.9482506878142568,-0.299068268437628,-0.3984950228820965,-0.7179380098366396,-0.42110044098213534,-0.4893666565675079,-0.6807456457050176,-0.37099925800222605,-0.49033538542418215,2
2.175584004208975,-0.8176695772090371,-0.4777061693452133,-0.4990353068381907,-0.6662208848270063,1.0844551551655364,1.0545734507243298,-0.299068268437628,-0.3984950228820965,-0.7179380098366396,-0.42110044098213534,2.0434575723122457,-0.6807456457050176,-0.37099925800222605,-0.49033538542418215,7
-0.8811775628496022,-0.8176695772090371,-0.4777061693452133,-0.4990353068381907,-0.6662208848270063,-0.7155626228756203,1.0545734507243298,-0.299068268437628,-0.3984950228820965,-0.7179380098366396,-0.42110044098213534,-0.4893666565675079,1.468977445995038,-0.37099925800222605,-0.49033538542418215,6
-0.8811775628496022,-0.8176695772090371,-0.4777061693452133,-0.4990353068381907,-0.6662208848270063,-0.7155626228756203,1.0545734507243298,-0.299068268437628,-0.3984950228820965,-0.7179380098366396,-0.42110044098213534,-0.4893666565675079,-0.6807456457050176,-0.37099925800222605,-0.49033538542418215,7
0.6472032206796865,0.789884688663099,-0.4777061693452133,-0.4990353068381907,-0.6662208848270063,-0.7155626228756203,-0.9482506878142568,-0.299068268437628,-0.3984950228820965,1.3928779174507582,-0.42110044098213534,-0.4893666565675079,-0.6807456457050176,-0.37099925800222605,-0.49033538542418215,4
-0.8811775628496022,0.789884688663099,-0.4777061693452133,-0.4990353068381907,-0.6662208848270063,-0.7155626228756203,1.0545734507243298,-0.299068268437628,-0.3984950228820965,1.3928779174507582,-0.42110044098213534,-0.4893666565675079,-0.6807456457050176,2.695423180587601,-0.49033538542418215,6
-0.8811775628496022,-0.8176695772090371,2.0933370012170642,-0.4990353068381907,1.5010036802728937,-0.7155626228756203,-0.9482506878142568,-0.299068268437628,-0.3984950228820965,1.3928779174507582,-0.42110044098213534,-0.4893666565675079,-0.6807456457050176,-0.37099925800222605,-0.49033538542418215,8
0.6472032206796865,-0.8176695772090371,-0.4777061693452133,-0.4990353068381907,-0.6662208848270063,-0.7155626228756203,1.0545734507243298,-0.299068268437628,-0.3984950228820965,-0.7179380098366396,2.3747303557025337,2.0434575723122457,-0.6807456457050176,-0.37099925800222605,-0.49033538542418215,7
2.175584004208975,0.789884688663099,-0.4777061693452133,2.0038662321025797,-0.6662208848270063,-0.7155626228756203,-0.9482506878142568,3.343718159148518,-0.3984950228820965,-0.7179380098366396,-0.42110044098213534,2.0434575723122457,1.468977445995038,-0.37099925800222605,-0.49033538542418215,4
0.6472032206796865,0.789884688663099,-0.4777061693452133,-0.4990353068381907,-0.6662208848270063,1.0844551551655364,-0.9482506878142568,-0.299068268437628,-0.3984950228820965,-0.7179380098366396,-0.42110044098213534,2.0434575723122457,1.468977445995038,2.695423180587601,-0.49033538542418215,4
0.6472032206796865,-0.8176695772090371,-0.4777061693452133,-0.4990353068381907,-0.6662208848270063,1.0844551551655364,1.0545734507243298,3.343718159148518,-0.3984950228820965,-0.7179380098366396,-0.42110044098213534,-0.4893666565675079,-0.6807456457050176,-0.37099925800222605,-0.49033538542418215,4
0.6472032206796865,0.789884688663099,-0.4777061693452133,-0.4990353068381907,-0.6662208848270063,-0.7155626228756203,-0.9482506878142568,3.343718159148518,-0.3984950228820965,-0.7179380098366396,-0.42110044098213534,2.0434575723122457,1.468977445995038,2.695423180587601,-0.49033538542418215,7
-0.8811775628496022,0.789884688663099,-0.4777061693452133,-0.4990353068381907,-0.6662208848270063,-0.7155626228756203,-0.9482506878142568,-0.299068268437628,-0.3984950228820965,1.3928779174507582,-0.42110044098213534,-0.4893666565675079,1.468977445995038,-0.37099925800222605,-0.49033538542418215,8
-0.8811775628496022,-0.8176695772090371,2.0933370012170642,2.0038662321025797,-0.6662208848270063,-0.7155626228756203,1.0545734507243298,-0.299068268437628,-0.3984950228820965,-0.7179380098366396,-0.42110044098213534,-0.4893666565675079,-0.6807456457050176,-0.37099925800222605,-0.49033538542418215,7
-0.8811775628496022,-0.8176695772090371,-0.4777061693452133,-0.4990353068381907,1.5010036802728937,1.0844551551655364,-0.9482506878142568,-0.299068268437628,-0.3984950228820965,-0.7179380098366396,-0.42110044098213534,-0.4893666565675079,-0.6807456457050176,-0.37099925800222605,-0.49033538542418215,6
-0.8811775628496022,0.789884688663099,-0.4777061693452133,-0.4990353068381907,1.5010036802728937,-0.7155626228756203,-0.9482506878142568,-0.299068268437628,-0.3984950228820965,1.3928779174507582,-0.42110044098213534,-0.4893666565675079,-0.6807456457050176,-0.37099925800222605,-0.49033538542418215,3
0.6472032206796865,-0.8176695772090371,-0.4777061693452133,-0.4990353068381907,1.5010036802728937,1.0844551551655364,1.0545734507243298,-0.299068268437628,-0.3984950228820965,-0.7179380098366396,-0.42110044098213534,-0.4893666565675079,-0.6807456457050176,-0.37099925800222605,-0.49033538542418215,8
-0.8811775628496022,-0.8176695772090371,-0.4777061693452133,-0.4990353068381907,1.5010036802728937,-0.7155626228756203,-0.9482506878142568,-0.299068268437628,-0.3984950228820965,-0.7179380098366396,-0.42110044098213534,2.0434575723122457,-0.6807456457050176,-0.37099925800222605,-0.49033538542418215,5
0.6472032206796865,-0.8176695772090371,-0.4777061693452133,-0.4990353068381907,-0.6662208848270063,1.0844551551655364,-0.9482506878142568,-0.299068268437628,2.5094416305818505,-0.7179380098366396,-0.42110044098213534,-0.4893666565675079,-0.6807456457050176,-0.37099925800222605,2.039420424726057,6
-0.8811775628496022,-0.8176695772090371,-0.4777061693452133,-0.4990353068381907,-0.6662208848270063,-0.7155626228756203,-0.9482506878142568,-0.299068268437628,-0.3984950228820965,1.3928779174507582,-0.42110044098213534,-0.4893666565675079,-0.6807456457050176,2.695423180587601,-0.49033538542418215,6
0.6472032206796865,0.789884688663099,-0.4777061693452133,2.0038662321025797,-0.6662208848270063,1.0844551551655364,1.0545734507243298,-0.299068268437628,-0.3984950228820965,1.3928779174507582,-0.42110044098213534,-0.4893666565675079,-0.6807456457050176,-0.37099925800222605,-0.49033538542418215,6
0.6472032206796865,0.789884688663099,-0.4777061693452133,-0.4990353068381907,-0.6662208848270063,-0.7155626228756203,-0.9482506878142568,-0.299068268437628,-0.3984950228820965,1.3928779174507582,-0.42110044098213534,-0.4893666565675079,-0.6807456457050176,-0.37099925800222605,-0.49033538542418215,6
2.175584004208975,0.789884688663099,-0.4777061693452133,-0.4990353068381907,-0.6662208848270063,2.884472933206693,-0.9482506878142568,-0.299068268437628,-0.3984950228820965,1.3928779174507582,-0.42110044098213534,-0.4893666565675079,-0.6807456457050176,-0.37099925800222605,-0.49033538542418215,2
-0.8811775628496022,0.789884688663099,2.0933370012170642,-0.4990353068381907,1.5010036802728937,-0.7155626228756203,1.0545734507243298,-0.299068268437628,-0.3984950228820965,-0.7179380098366396,-0.42110044098213534,-0.4893666565675079,-0.6807456457050176,-0.37099925800222605,-0.49033538542418215,7
0.6472032206796865,-0.8176695772090371,-0.4777061693452133,-0.4990353068381907,1.5010036802728937,-0.7155626228756203,1.0545734507243298,-0.299068268437628,-0.3984950228820965,-0.7179380098366396,-0.42110044098213534,-0.4893666565675079,1.468977445995038,-0.37099925800222605,-0.49033538542418215,6
2.175584004208975,2.397438954535235,-0.4777061693452133,-0.4990353068381907,-0.6662208848270063,-0.7155626228756203,-0.9482506878142568,-0.299068268437628,-0.3984950228820965,1.3928779174507582,-0.42110044098213534,-0.4893666565675079,-0.6807456457050176,-0.37099925800222605,-0.49033538542418215,4
-0.8811775628496022,0.789884688663099,-0.4777061693452133,-0.4990353068381907,1.5010036802728937,1.0844551551655364,-0.9482506878142568,-0.299068268437628,-0.3984950228820965,1.3928779174507582,-0.42110044098213534,-0.4893666565675079,1.468977445995038,-0.37099925800222605,-0.49033538542418215,7
-0.8811775628496022,-0.8176695772090371,-0.4777061693452133,-0.4990353068381907,-0.6662208848270063,-0.7155626228756203,1.0545734507243298,3.343718159148518,-0.3984950228820965,1.3928779174507582,-0.42110044098213534,2.0434575723122457,1.468977445995038,-0.37099925800222605,-0.49033538542418215,5
-0.8811775628496022,-0.8176695772090371,-0.4777061693452133,-0.4990353068381907,-0.6662208848270063,1.0844551551655364,-0.9482506878142568,-0.299068268437628,-0.3984950228820965,1.3928779174507582,-0.42110044098213534,-0.4893666565675079,1.468977445995038,-0.37099925800222605,-0.49033538542418215,7
2.175584004208975,2.397438954535235,-0.4777061693452133,-0.4990353068381907,-0.6662208848270063,2.884472933206693,1.0545734507243298,-0.299068268437628,-0.3984950228820965,1.3928779174507582,-0.42110044098213534,2.0434575723122457,-0.6807456457050176,-0.37099925800222605,-0.49033538542418215,4
0.6472032206796865,-0.8176695772090371,2.0933370012170642,2.0038662321025797,-0.6662208848270063,1.0844551551655364,1.0545734507243298,-0.299068268437628,-0.3984950228820965,-0.7179380098366396,-0.42110044098213534,-0.4893666565675079,1.468977445995038,-0.37099925800222605,-0.49033538542418215,6
-0.8811775628496022,0.789884688663099,2.0933370012170642,-0.4990353068381907,1.5010036802728937,-0.7155626228756203,-0.9482506878142568,-0.299068268437628,-0.3984950228820965,-0.7179380098366396,-0.42110044098213534,-0.4893666565675079,-0.6807456457050176,-0.37099925800222605,-0.49033538542418215,7
0.6472032206796865,0.789884688663099,-0.4777061693452133,-0.4990353068381907,1.5010036802728937,1.0844551551655364,1.0545734507243298,-0.299068268437628,-0.3984950228820965,-0.7179380098366396,-0.42110044098213534,-0.4893666565675079,-0.6807456457050176,-0.37099925800222605,-0.49033538542418215,3
0.6472032206796865,2.397438954535235,-0.4777061693452133,2.0038662321025797,-0.6662208848270063,-0.7155626228756203,-0.9482506878142568,3.343718159148518,-0.3984950228820965,1.3928779174507582,-0.42110044098213534,2.0434575723122457,-0.6807456457050176,-0.37099925800222605,-0.49033538542418215,1
-0.8811775628496022,-0.8176695772090371,-0.4777061693452133,-0.4990353068381907,-0.6662208848270063,-0.7155626228756203,-0.9482506878142568,-0.299068268437628,-0.3984950228820965,-0.7179380098366396,-0.42110044098213534,2.0434575723122457,-0.6807456457050176,-0.37099925800222605,-0.49033538542418215,5
-0.8811775628496022,0.789884688663099,-0.4777061693452133,2.0038662321025797,-0.6662208848270063,-0.7155626228756203,1.0545734507243298,-0.299068268437628,-0.3984950228820965,-0.7179380098366396,-0.42110044098213534,-0.4893666565675079,-0.6807456457050176,-0.37099925800222605,-0.49033538542418215,7
2.175584004208975,0.789884688663099,-0.4777061693452133,-0.4990353068381907,-0.6662208848270063,2.884472933206693,-0.9482506878142568,-0.299068268437628,-0.3984950228820965,-0.7179380098366396,-0.42110044098213534,-0.4893666565675079,-0.6807456457050176,-0.37099925800222605,-0.49033538542418215,4
-0.8811775628496022,0.789884688663099,2.0933370012170642,-0.4990353068381907,-0.6662208848270063,-0.7155626228756203,-0.9482506878142568,-0.299068268437628,-0.3984950228820965,1.3928779174507582,-0.42110044098213534,-0.4893666565675079,-0.6807456457050176,-0.37099925800222605,-0.49033538542418215,6
0.6472032206796865,-0.8176695772090371,-0.4777061693452133,-0.4990353068381907,-0.6662208848270063,1.0844551551655364,-0.9482506878142568,3.343718159148518,-0.3984950228820965,-0.7179380098366396,-0.42110044098213534,-0.4893666565675079,1.468977445995038,-0.37099925800222605,-0.49033538542418215,4
-0.8811775628496022,0.789884688663099,-0.4777061693452133,2.0038662321025797,-0.6662208848270063,-0.7155626228756203,1.0545734507243298,-0.299068268437628,-0.3984950228820965,1.3928779174507582,-0.42110044098213534,-0.4893666565675079,-0.6807456457050176,-0.37099925800222605,-0.49033538542418215,7
0.6472032206796865,0.789884688663099,-0.4777061693452133,-0.4990353068381907,-0.6662208848270063,-0.7155626228756203,-0.9482506878142568,3.343718159148518,-0.3984950228820965,1.3928779174507582,-0.42110044098213534,2.0434575723122457,-0.6807456457050176,-0.37099925800222605,-0.49033538542418215,3
0.6472032206796865,0.789884688663099,-0.4777061693452133,-0.4990353068381907,-0.6662208848270063,-0.7155626228756203,1.0545734507243298,-0.299068268437628,-0.3984950228820965,-0.7179380098366396,-0.42110044098213534,2.0434575723122457,1.468977445995038,-0.37099925800222605,-0.49033538542418215,2
-0.8811775628496022,0.789884688663099,-0.4777061693452133,-0.4990353068381907,-0.6662208848270063,-0.7155626228756203,-0.9482506878142568,-0.299068268437628,-0.3984950228820965,1.3928779174507582,2.3747303557025337,-0.4893666565675079,-0.6807456457050176,-0.37099925800222605,-0.49033538542418215,7
-0.8811775628496022,-0.8176695772090371,2.0933370012170642,-0.4990353068381907,-0.6662208848270063,-0.7155626228756203,1.0545734507243298,-0.299068268437628,-0.3984950228820965,1.3928779174507582,-0.42110044098213534,-0.4893666565675079,-0.6807456457050176,-0.37099925800222605,-0.49033538542418215,7
0.6472032206796865,0.789884688663099,-0.4777061693452133,2.0038662321025797,1.5010036802728937,-0.7155626228756203,-0.9482506878142568,-0.299068268437628,-0.3984950228820965,1.3928779174507582,-0.42110044098213534,-0.4893666565675079,-0.6807456457050176,-0.37099925800222605,-0.49033538542418215,7
-0.8811775628496022,-0.8176695772090371,-0.4777061693452133,-0.4990353068381907,-0.6662208848270063,1.0844551551655364,1.0545734507243298,-0.299068268437628,-0.3984950228820965,-0.7179380098366396,-0.42110044098213534,-0.4893666565675079,1.468977445995038,-0.37099925800222605,2.039420424726057,8
-0.8811775628496022,-0.8176695772090371,2.0933370012170642,-0.4990353068381907,-0.6662208848270063,-0.7155626228756203,-0.9482506878142568,-0.299068268437628,-0.3984950228820965,-0.7179380098366396,-0.42110044098213534,-0.4893666565675079,-0.6807456457050176,-0.37099925800222605,2.039420424726057,7
2.175584004208975,0.789884688663099,-0.4777061693452133,-0.4990353068381907,-0.6662208848270063,2.884472933206693,-0.9482506878142568,-0.299068268437628,-0.3984950228820965,-0.7179380098366396,-0.42110044098213534,-0.4893666565675079,-0.6807456457050176,-0.37099925800222605,2.039420424726057,5
0.6472032206796865,-0.8176695772090371,-0.4777061693452133,-0.4990353068381907,1.5010036802728937,1.0844551551655364,1.0545734507243298,3.343718159148518,-0.3984950228820965,-0.7179380098366396,-0.42110044098213534,-0.4893666565675079,-0.6807456457050176,-0.37099925800222605,2.039420424726057,7
0.6472032206796865,0.789884688663099,-0.4777061693452133,-0.4990353068381907,-0.6662208848270063,-0.7155626228756203,-0.9482506878142568,-0.299068268437628,-0.3984950228820965,1.3928779174507582,-0.42110044098213534,-0.4893666565675079,-0.6807456457050176,-0.37099925800222605,2.039420424726057,2
0.6472032206796865,0.789884688663099,-0.4777061693452133,-0.4990353068381907,1.5010036802728937,-0.7155626228756203,1.0545734507243298,-0.299068268437628,-0.3984950228820965,-0.7179380098366396,-0.42110044098213534,-0.4893666565675079,-0.6807456457050176,-0.37099925800222605,-0.49033538542418215,3
2.175584004208975,2.397438954535235,-0.4777061693452133,-0.4990353068381907,-0.6662208848270063,2.884472933206693,-0.9482506878142568,-0.299068268437628,-0.3984950228820965,-0.7179380098366396,-0.42110044098213534,-0.4893666565675079,-0.6807456457050176,-0.37099925800222605,-0.49033538542418215,4
2.175584004208975,2.397438954535235,-0.4777061693452133,-0.4990353068381907,-0.6662208848270063,2.884472933206693,-0.9482506878142568,-0.299068268437628,-0.3984950228820965,-0.7179380098366396,-0.42110044098213534,-0.4893666565675079,1.468977445995038,2.695423180587601,2.039420424726057,7
-0.8811775628496022,-0.8176695772090371,-0.4777061693452133,-0.4990353068381907,-0.6662208848270063,-0.7155626228756203,-0.9482506878142568,-0.299068268437628,-0.3984950228820965,-0.7179380098366396,-0.42110044098213534,-0.4893666565675079,-0.6807456457050176,-0.37099925800222605,-0.49033538542418215,7
-0.8811775628496022,-0.8176695772090371,-0.4777061693452133,-0.4990353068381907,-0.6662208848270063,1.0844551551655364,-0.9482506878142568,-0.299068268437628,-0.3984950228820965,1.3928779174507582,-0.42110044098213534,-0.4893666565675079,-0.6807456457050176,2.695423180587601,2.039420424726057,5
-0.8811775628496022,0.789884688663099,-0.4777061693452133,-0.4990353068381907,-0.6662208848270063,-0.7155626228756203,1.0545734507243298,-0.299068268437628,-0.3984950228820965,1.3928779174507582,-0.42110044098213534,2.0434575723122457,-0.6807456457050176,-0.37099925800222605,-0.49033538542418215,3
-0.8811775628496022,-0.8176695772090371,-0.4777061693452133,2.0038662321025797,1.5010036802728937,-0.7155626228756203,1.0545734507243298,-0.299068268437628,2.5094416305818505,-0.7179380098366396,-0.42110044098213534,-0.4893666565675079,1.468977445995038,-0.37099925800222605,-0.49033538542418215,7
0.6472032206796865,-0.8176695772090371,-0.4777061693452133,-0.4990353068381907,1.5010036802728937,1.0844551551655364,-0.9482506878142568,3.343718159148518,-0.3984950228820965,-0.7179380098366396,-0.42110044098213534,-0.4893666565675079,-0.6807456457050176,-0.37099925800222605,-0.49033538542418215,6
0.6472032206796865,0.789884688663099,-0.4777061693452133,2.0038662321025797,1.5010036802728937,-0.7155626228756203,-0.9482506878142568,-0.299068268437628,-0.3984950228820965,-0.7179380098366396,-0.42110044098213534,-0.4893666565675079,-0.6807456457050176,-0.37099925800222605,2.039420424726057,5
-0.8811775628496022,-0.8176695772090371,-0.4777061693452133,-0.4990353068381907,1.5010036802728937,1.0844551551655364,1.0545734507243298,-0.299068268437628,-0.3984950228820965,-0.7179380098366396,-0.42110044098213534,-0.4893666565675079,-0.6807456457050176,-0.37099925800222605,-0.49033538542418215,8
2.175584004208975,0.789884688663099,-0.4777061693452133,-0.4990353068381907,-0.6662208848270063,-0.7155626228756203,-0.9482506878142568,-0.299068268437628,-0.3984950228820965,-0.7179380098366396,-0.42110044098213534,-0.4893666565675079,1.468977445995038,-0.37099925800222605,-0.49033538542418215,3
-0.8811775628496022,0.789884688663099,-0.4777061693452133,-0.4990353068381907,-0.6662208848270063,-0.7155626228756203,-0.9482506878142568,-0.299068268437628,-0.3984950228820965,1.3928779174507582,-0.42110044098213534,-0.4893666565675079,-0.6807456457050176,-0.37099925800222605,2.039420424726057,4
-0.8811775628496022,0.789884688663099,-0.4777061693452133,-0.4990353068381907,1.5010036802728937,-0.7155626228756203,-0.9482506878142568,-0.299068268437628,-0.3984950228820965,-0.7179380098366396,2.3747303557025337,-0.4893666565675079,-0.6807456457050176,-0.37099925800222605,2.039420424726057,9
-0.8811775628496022,0.789884688663099,-0.4777061693452133,-0.4990353068381907,-0.6662208848270063,-0.7155626228756203,1.0545734507243298,-0.299068268437628,-0.3984950228820965,1.3928779174507582,-0.42110044098213534,2.0434575723122457,1.468977445995038,-0.37099925800222605,-0.49033538542418215,5
-0.8811775628496022,-0.8176695772090371,2.0933370012170642,-0.4990353068381907,-0.6662208848270063,-0.7155626228756203,-0.9482506878142568,-0.299068268437628,-0.3984950228820965,-0.7179380098366396,2.3747303557025337,-0.4893666565675079,-0.6807456457050176,-0.37099925800222605,-0.49033538542418215,7
-0.8811775628496022,-0.8176695772090371,-0.4777061693452133,2.0038662321025797,-0.6662208848270063,-0.7155626228756203,1.0545734507243298,-0.299068268437628,-0.3984950228820965,-0.7179380098366396,-0.42110044098213534,-0.4893666565675079,-0.6807456457050176,-0.37099925800222605,-0.49033538542418215,8
-0.8811775628496022,-0.8176695772090371,2.0933370012170642,-0.4990353068381907,-0.6662208848270063,-0.7155626228756203,1.0545734507243298,-0.299068268437628,2.5094416305818505,-0.7179380098366396,-0.42110044098213534,-0.4893666565675079,-0.6807456457050176,-0.37099925800222605,-0.49033538542418215,8
-0.8811775628496022,0.789884688663099,-0.4777061693452133,2.0038662321025797,-0.6662208848270063,-0.7155626228756203,1.0545734507243298,-0.299068268437628,-0.3984950228820965,-0.7179380098366396,-0.42110044098213534,-0.4893666565675079,-0.6807456457050176,-0.37099925800222605,-0.49033538542418215,6
-0.8811775628496022,-0.8176695772090371,2.0933370012170642,2.0038662321025797,-0.6662208848270063,1.0844551551655364,-0.9482506878142568,-0.299068268437628,-0.3984950228820965,1.3928779174507582,2.3747303557025337,-0.4893666565675079,-0.6807456457050176,-0.37099925800222605,-0.49033538542418215,8
0.6472032206796865,-0.8176695772090371,2.0933370012170642,2.0038662321025797,-0.6662208848270063,-0.7155626228756203,-0.9482506878142568,-0.299068268437628,-0.3984950228820965,-0.7179380098366396,-0.42110044098213534,-0.4893666565675079,-0.6807456457050176,-0.37099925800222605,-0.49033538542418215,8
-0.8811775628496022,0.789884688663099,-0.4777061693452133,-0.4990353068381907,-0.6662208848270063,-0.7155626228756203,-0.9482506878142568,-0.299068268437628,-0.3984950228820965,1.3928779174507582,-0.42110044098213534,-0.4893666565675079,1.468977445995038,-0.37099925800222605,-0.49033538542418215,4
0.6472032206796865,0.789884688663099,2.0933370012170642,-0.4990353068381907,1.5010036802728937,-0.7155626228756203,-0.9482506878142568,-0.299068268437628,-0.3984950228820965,-0.7179380098366396,-0.42110044098213534,-0.4893666565675079,-0.6807456457050176,-0.37099925800222605,-0.49033538542418215,4
-0.8811775628496022,-0.8176695772090371,-0.4777061693452133,-0.4990353068381907,-0.6662208848270063,1.0844551551655364,1.0545734507243298,-0.299068268437628,2.5094416305818505,-0.7179380098366396,-0.42110044098213534,-0.4893666565675079,-0.6807456457050176,-0.37099925800222605,-0.49033538542418215,7
0.6472032206796865,-0.8176695772090371,-0.4777061693452133,-0.4990353068381907,-0.6662208848270063,-0.7155626228756203,1.0545734507243298,-0.299068268437628,-0.3984950228820965,1.3928779174507582,-0.42110044098213534,-0.4893666565675079,-0.6807456457050176,2.695423180587601,2.039420424726057,5
0.6472032206796865,-0.8176695772090371,-0.4777061693452133,-0.4990353068381907,1.5010036802728937,-0.7155626228756203,-0.9482506878142568,-0.299068268437628,-0.3984950228820965,-0.7179380098366396,-0.42110044098213534,2.0434575723122457,1.468977445995038,-0.37099925800222605,-0.49033538542418215,6
0.6472032206796865,0.789884688663099,-0.4777061693452133,-0.4990353068381907,-0.6662208848270063,-0.7155626228756203,1.0545734507243298,-0.299068268437628,-0.3984950228820965,-0.7179380098366396,-0.42110044098213534,-0.4893666565675079,-0.6807456457050176,2.695423180587601,2.039420424726057,5
0.6472032206796865,0.789884688663099,-0.4777061693452133,-0.4990353068381907,-0.6662208848270063,-0.7155626228756203,-0.9482506878142568,-0.299068268437628,-0.3984950228820965,-0.7179380098366396,-0.42110044098213534,-0.4893666565675079,1.468977445995038,2.695423180587601,-0.49033538542418215,4
-0.8811775628496022,0.789884688663099,2.0933370012170642,-0.4990353068381907,-0.6662208848270063,1.0844551551655364,-0.9482506878142568,-0.299068268437628,-0.3984950228820965,1.3928779174507582,2.3747303557025337,-0.4893666565675079,-0.6807456457050176,-0.37099925800222605,-0.49033538542418215,7
0.6472032206796865,0.789884688663099,-0.4777061693452133,-0.4990353068381907,-0.6662208848270063,-0.7155626228756203,1.0545734507243298,-0.299068268437628,-0.3984950228820965,-0.7179380098366396,-0.42110044098213534,-0.4893666565675079,-0.6807456457050176,-0.37099925800222605,2.039420424726057,5
0.6472032206796865,0.789884688663099,-0.4777061693452133,-0.4990353068381907,-0.6662208848270063,1.0844551551655364,-0.9482506878142568,-0.299068268437628,-0.3984950228820965,1.3928779174507582,-0.42110044098213534,-0.4893666565675079,-0.6807456457050176,-0.37099925800222605,-0.49033538542418215,5
-0.8811775628496022,-0.8176695772090371,-0.4777061693452133,2.0038662321025797,1.5010036802728937,-0.7155626228756203,-0.9482506878142568,-0.299068268437628,2.5094416305818505,-0.7179380098366396,2.3747303557025337,-0.4893666565675079,-0.6807456457050176,-0.37099925800222605,-0.49033538542418215,8
-0.8811775628496022,0.789884688663099,-0.4777061693452133,-0.4990353068381907,-0.6662208848270063,-0.7155626228756203,-0.9482506878142568,-0.299068268437628,-0.3984950228820965,-0.7179380098366396,-0.42110044098213534,-0.4893666565675079,1.468977445995038,-0.37099925800222605,-0.49033538542418215,7
2.175584004208975,0.789884688663099,-0.4777061693452133,-0.4990353068381907,1.5010036802728937,-0.7155626228756203,1.0545734507243298,-0.299068268437628,-0.3984950228820965,-0.7179380098366396,-0.42110044098213534,-0.4893666565675079,-0.6807456457050176,-0.37099925800222605,-0.49033538542418215,3
-0.8811775628496022,-0.8176695772090371,-0.4777061693452133,-0.4990353068381907,1.5010036802728937,1.0844551551655364,-0.9482506878142568,-0.299068268437628,-0.3984950228820965,-0.7179380098366396,-0.42110044098213534,-0.4893666565675079,-0.6807456457050176,-0.37099925800222605,2.039420424726057,5
-0.8811775628496022,-0.8176695772090371,-0.4777061693452133,-0.4990353068381907,-0.6662208848270063,1.0844551551655364,1.0545734507243298,-0.299068268437628,2.5094416305818505,-0.7179380098366396,-0.42110044098213534,-0.4893666565675079,-0.6807456457050176,-0.37099925800222605,-0.49033538542418215,8
-0.8811775628496022,-0.8176695772090371,-0.4777061693452133,-0.4990353068381907,-0.6662208848270063,-0.7155626228756203,-0.9482506878142568,-0.299068268437628,2.5094416305818505,-0.7179380098366396,2.3747303557025337,-0.4893666565675079,-0.6807456457050176,-0.37099925800222605,2.039420424726057,8
0.6472032206796865,-0.8176695772090371,-0.4777061693452133,-0.4990353068381907,-0.6662208848270063,1.0844551551655364,1.0545734507243298,-0.299068268437628,-0.3984950228820965,-0.7179380098366396,-0.42110044098213534,-0.4893666565675079,-0.6807456457050176,-0.37099925800222605,-0.49033538542418215,4
2.175584004208975,2.397438954535235,-0.4777061693452133,-0.4990353068381907,-0.6662208848270063,-0.7155626228756203,-0.9482506878142568,-0.299068268437628,-0.3984950228820965,1.3928779174507582,-0.42110044098213534,-0.4893666565675079,-0.6807456457050176,-0.37099925800222605,-0.49033538542418215,3
2.175584004208975,2.397438954535235,2.0933370012170642,-0.4990353068381907,1.5010036802728937,-0.7155626228756203,-0.9482506878142568,-0.299068268437628,-0.3984950228820965,-0.7179380098366396,-0.42110044098213534,-0.4893666565675079,-0.6807456457050176,-0.37099925800222605,-0.49033538542418215,4
0.6472032206796865,0.789884688663099,-0.4777061693452133,-0.4990353068381907,-0.6662208848270063,-0.7155626228756203,1.0545734507243298,-0.299068268437628,-0.3984950228820965,1.3928779174507582,-0.42110044098213534,-0.4893666565675079,-0.6807456457050176,-0.37099925800222605,-0.49033538542418215,7
0.6472032206796865,-0.8176695772090371,-0.4777061693452133,-0.4990353068381907,-0.6662208848270063,1.0844551551655364,-0.9482506878142568,-0.299068268437628,-0.3984950228820965,1.3928779174507582,-0.42110044098213534,-0.4893666565675079,-0.6807456457050176,-0.37099925800222605,-0.49033538542418215,7
-0.8811775628496022,0.789884688663099,-0.4777061693452133,-0.4990353068381907,-0.6662208848270063,-0.7155626228756203,1.0545734507243298,-0.299068268437628,-0.3984950228820965,1.3928779174507582,2.3747303557025337,-0.4893666565675079,-0.6807456457050176,-0.37099925800222605,-0.49033538542418215,6
-0.8811775628496022,-0.8176695772090371,2.0933370012170642,-0.4990353068381907,1.5010036802728937,1.0844551551655364,-0.9482506878142568,-0.299068268437628,2.5094416305818505,-0.7179380098366396,-0.42110044098213534,-0.4893666565675079,-0.6807456457050176,-0.37099925800222605,-0.49033538542418215,9
-0.8811775628496022,-0.8176695772090371,-0.4777061693452133,-0.4990353068381907,1.5010036802728937,1.0844551551655364,-0.9482506878142568,-0.299068268437628,-0.3984950228820965,-0.7179380098366396,-0.42110044098213534,-0.4893666565675079,1.468977445995038,-0.37099925800222605,-0.49033538542418215,8
-0.8811775628496022,2.397438954535235,-0.4777061693452133,-0.4990353068381907,-0.6662208848270063,-0.7155626228756203,1.0545734507243298,-0.299068268437628,-0.3984950228820965,1.3928779174507582,-0.42110044098213534,-0.4893666565675079,-0.6807456457050176,-0.37099925800222605,-0.49033538542418215,6
0.6472032206796865,-0.8176695772090371,-0.4777061693452133,-0.4990353068381907,1.5010036802728937,-0.7155626228756203,1.0545734507243298,-0.299068268437628,-0.3984950228820965,1.3928779174507582,-0.42110044098213534,-0.4893666565675079,-0.6807456457050176,-0.37099925800222605,-0.49033538542418215,7
0.6472032206796865,0.789884688663099,-0.4777061693452133,-0.4990353068381907,1.5010036802728937,-0.7155626228756203,1.0545734507243298,-0.299068268437628,-0.3984950228820965,-0.7179380098366396,-0.42110044098213534,2.0434575723122457,1.468977445995038,-0.37099925800222605,-0.49033538542418215,5
0.6472032206796865,-0.8176695772090371,-0.4777061693452133,-0.4990353068381907,1.5010036802728937,-0.7155626228756203,-0.9482506878142568,-0.299068268437628,-0.3984950228820965,-0.7179380098366396,2.3747303557025337,-0.4893666565675079,1.468977445995038,-0.37099925800222605,-0.49033538542418215,7
0.6472032206796865,0.789884688663099,-0.4777061693452133,-0.4990353068381907,-0.6662208848270063,-0.7155626228756203,-0.9482506878142568,-0.299068268437628,-0.3984950228820965,1.3928779174507582,-0.42110044098213534,-0.4893666565675079,1.468977445995038,-0.37099925800222605,-0.49033538542418215,7
0.6472032206796865,0.789884688663099,-0.4777061693452133,2.0038662321025797,1.5010036802728937,-0.7155626228756203,1.0545734507243298,-0.299068268437628,-0.3984950228820965,1.3928779174507582,-0.42110044098213534,2.0434575723122457,-0.6807456457050176,-0.37099925800222605,-0.49033538542418215,6
-0.8811775628496022,-0.8176695772090371,2.0933370012170642,-0.4990353068381907,-0.6662208848270063,1.0844551551655364,1.0545734507243298,-0.299068268437628,-0.3984950228820965,1.3928779174507582,2.3747303557025337,-0.4893666565675079,1.468977445995038,-0.37099925800222605,2.039420424726057,8
0.6472032206796865,0.789884688663099,-0.4777061693452133,2.0038662321025797,1.5010036802728937,-0.7155626228756203,1.0545734507243298,-0.299068268437628,-0.3984950228820965,1.3928779174507582,2.3747303557025337,-0.4893666565675079,-0.6807456457050176,-0.37099925800222605,2.039420424726057,4
0.6472032206796865,-0.8176695772090371,-0.4777061693452133,-0.4990353068381907,-0.6662208848270063,1.0844551551655364,-0.9482506878142568,-0.299068268437628,-0.3984950228820965,-0.7179380098366396,-0.42110044098213534,-0.4893666565675079,-0.6807456457050176,-0.37099925800222605,2.039420424726057,6
0.6472032206796865,-0.8176695772090371,-0.4777061693452133,2.0038662321025797,-0.6662208848270063,1.0844551551655364,-0.9482506878142568,-0.299068268437628,2.5094416305818505,-0.7179380098366396,-0.42110044098213534,-0.4893666565675079,-0.6807456457050176,-0.37099925800222605,2.039420424726057,7
-0.8811775628496022,-0.8176695772090371,-0.4777061693452133,-0.4990353068381907,-0.6662208848270063,-0.7155626228756203,1.0545734507243298,-0.299068268437628,-0.3984950228820965,-0.7179380098366396,-0.42110044098213534,-0.4893666565675079,-0.6807456457050176,-0.37099925800222605,-0.49033538542418215,8
-0.8811775628496022,-0.8176695772090371,-0.4777061693452133,-0.4990353068381907,-0.6662208848270063,-0.7155626228756203,1.0545734507243298,-0.299068268437628,-0.3984950228820965,-0.7179380098366396,-0.42110044098213534,-0.4893666565675079,-0.6807456457050176,-0.37099925800222605,-0.49033538542418215,8
-0.8811775628496022,0.789884688663099,-0.4777061693452133,-0.4990353068381907,-0.6662208848270063,-0.7155626228756203,1.0545734507243298,-0.299068268437628,-0.3984950228820965,1.3928779174507582,-0.42110044098213534,-0.4893666565675079,-0.6807456457050176,2.695423180587601,-0.49033538542418215,5
0.6472032206796865,-0.8176695772090371,-0.4777061693452133,-0.4990353068381907,-0.6662208848270063,-0.7155626228756203,1.0545734507243298,-0.299068268437628,2.5094416305818505,1.3928779174507582,-0.42110044098213534,-0.4893666565675079,-0.6807456457050176,-0.37099925800222605,-0.49033538542418215,7
-0.8811775628496022,-0.8176695772090371,-0.4777061693452133,-0.4990353068381907,-0.6662208848270063,-0.7155626228756203,-0.9482506878142568,-0.299068268437628,-0.3984950228820965,-0.7179380098366396,-0.42110044098213534,-0.4893666565675079,-0.6807456457050176,-0.37099925800222605,2.039420424726057,5
2.175584004208975,0.789884688663099,-0.4777061693452133,-0.4990353068381907,-0.6662208848270063,1.0844551551655364,1.0545734507243298,-0.299068268437628,-0.3984950228820965,-0.7179380098366396,-0.42110044098213534,2.0434575723122457,1.468977445995038,-0.37099925800222605,-0.49033538542418215,5
-0.8811775628496022,-0.8176695772090371,-0.4777061693452133,-0.4990353068381907,-0.6662208848270063,-0.7155626228756203,-0.9482506878142568,-0.299068268437628,-0.3984950228820965,1.3928779174507582,2.3747303557025337,-0.4893666565675079,-0.6807456457050176,2.695423180587601,-0.49033538542418215,8
-0.8811775628496022,-0.8176695772090371,-0.4777061693452133,-0.4990353068381907,1.5010036802728937,-0.7155626228756203,-0.9482506878142568,-0.299068268437628,-0.3984950228820965,-0.7179380098366396,-0.42110044098213534,-0.4893666565675079,-0.6807456457050176,-0.37099925800222605,2.039420424726057,5
-0.8811775628496022,-0.8176695772090371,-0.4777061693452133,2.0038662321025797,-0.6662208848270063,1.0844551551655364,-0.9482506878142568,-0.299068268437628,-0.3984950228820965,-0.7179380098366396,-0.42110044098213534,-0.4893666565675079,1.468977445995038,-0.37099925800222605,-0.49033538542418215,6
0.6472032206796865,0.789884688663099,-0.4777061693452133,-0.4990353068381907,-0.6662208848270063,-0.7155626228756203,1.0545734507243298,-0.299068268437628,-0.3984950228820965,-0.7179380098366396,-0.42110044098213534,-0.4893666565675079,-0.6807456457050176,-0.37099925800222605,2.039420424726057,5
-0.8811775628496022,-0.8176695772090371,-0.4777061693452133,-0.4990353068381907,-0.6662208848270063,-0.7155626228756203,-0.9482506878142568,-0.299068268437628,-0.3984950228820965,-0.7179380098366396,-0.42110044098213534,2.0434575723122457,-0.6807456457050176,-0.37099925800222605,-0.49033538542418215,8
0.6472032206796865,0.789884688663099,-0.4777061693452133,-0.4990353068381907,-0.6662208848270063,-0.7155626228756203,-0.9482506878142568,-0.299068268437628,-0.3984950228820965,-0.7179380098366396,-0.42110044098213534,-0.4893666565675079,-0.6807456457050176,-0.37099925800222605,2.039420424726057,8
-0.8811775628496022,-0.8176695772090371,-0.4777061693452133,-0.4990353068381907,-0.6662208848270063,-0.7155626228756203,1.0545734507243298,-0.299068268437628,-0.3984950228820965,-0.7179380098366396,2.3747303557025337,-0.4893666565675079,1.468977445995038,-0.37099925800222605,2.039420424726057,7
-0.8811775628496022,-0.8176695772090371,-0.4777061693452133,-0.4990353068381907,-0.6662208848270063,-0.7155626228756203,1.0545734507243298,-0.299068268437628,2.5094416305818505,-0.7179380098366396,-0.42110044098213534,-0.4893666565675079,-0.6807456457050176,-0.37099925800222605,-0.49033538542418215,7
-0.8811775628496022,-0.8176695772090371,2.0933370012170642,-0.4990353068381907,1.5010036802728937,-0.7155626228756203,1.0545734507243298,-0.299068268437628,-0.3984950228820965,-0.7179380098366396,-0.42110044098213534,-0.4893666565675079,-0.6807456457050176,-0.37099925800222605,-0.49033538542418215,8
0.6472032206796865,2.397438954535235,-0.4777061693452133,-0.4990353068381907,-0.6662208848270063,-0.7155626228756203,-0.9482506878142568,-0.299068268437628,-0.3984950228820965,-0.7179380098366396,-0.42110044098213534,2.0434575723122457,1.468977445995038,-0.37099925800222605,-0.49033538542418215,3
0.6472032206796865,0.789884688663099,-0.4777061693452133,-0.4990353068381907,1.5010036802728937,-0.7155626228756203,1.0545734507243298,-0.299068268437628,-0.3984950228820965,-0.7179380098366396,-0.42110044098213534,2.0434575723122457,-0.6807456457050176,-0.37099925800222605,-0.49033538542418215,6
0.6472032206796865,0.789884688663099,-0.4777061693452133,-0.4990353068381907,-0.6662208848270063,-0.7155626228756203,-0.9482506878142568,3.343718159148518,-0.3984950228820965,-0.7179380098366396,-0.42110044098213534,-0.4893666565675079,-0.6807456457050176,-0.37099925800222605,-0.49033538542418215,3
-0.8811775628496022,-0.8176695772090371,-0.4777061693452133,-0.4990353068381907,-0.6662208848270063,1.0844551551655364,1.0545734507243298,-0.299068268437628,-0.3984950228820965,-0.7179380098366396,-0.42110044098213534,-0.4893666565675079,1.468977445995038,-0.37099925800222605,-0.49033538542418215,7
-0.8811775628496022,0.789884688663099,-0.4777061693452133,-0.4990353068381907,-0.6662208848270063,-0.7155626228756203,-0.9482506878142568,-0.299068268437628,2.5094416305818505,-0.7179380098366396,-0.42110044098213534,-0.4893666565675079,-0.6807456457050176,-0.37099925800222605,-0.49033538542418215,7
-0.8811775628496022,-0.8176695772090371,2.0933370012170642,2.0038662321025797,1.5010036802728937,-0.7155626228756203,-0.9482506878142568,-0.299068268437628,-0.3984950228820965,-0.7179380098366396,-0.42110044098213534,-0.4893666565675079,-0.6807456457050176,-0.37099925800222605,-0.49033538542418215,8
0.6472032206796865,-0.8176695772090371,-0.4777061693452133,2.0038662321025797,1.5010036802728937,1.0844551551655364,1.0545734507243298,-0.299068268437628,-0.3984950228820965,-0.7179380098366396,-0.42110044098213534,-0.4893666565675079,1.468977445995038,-0.37099925800222605,-0.49033538542418215,4
0.6472032206796865,-0.8176695772090371,-0.4777061693452133,-0.4990353068381907,1.5010036802728937,-0.7155626228756203,1.0545734507243298,3.343718159148518,2.5094416305818505,-0.7179380098366396,2.3747303557025337,-0.4893666565675079,1.468977445995038,-0.37099925800222605,-0.49033538542418215,6
-0.8811775628496022,-0.8176695772090371,-0.4777061693452133,-0.4990353068381907,1.5010036802728937,-0.7155626228756203,1.0545734507243298,-0.299068268437628,2.5094416305818505,-0.7179380098366396,-0.42110044098213534,2.0434575723122457,1.468977445995038,-0.37099925800222605,2.039420424726057,8
-0.8811775628496022,-0.8176695772090371,-0.4777061693452133,-0.4990353068381907,-0.6662208848270063,-0.7155626228756203,1.0545734507243298,-0.299068268437628,-0.3984950228820965,-0.7179380098366396,-0.42110044098213534,2.0434575723122457,1.468977445995038,-0.37099925800222605,-0.49033538542418215,4
0.6472032206796865,0.789884688663099,-0.4777061693452133,-0.4990353068381907,-0.6662208848270063,-0.7155626228756203,-0.9482506878142568,-0.299068268437628,-0.3984950228820965,1.3928779174507582,2.3747303557025337,2.0434575723122457,-0.6807456457050176,2.695423180587601,-0.49033538542418215,3
-0.8811775628496022,-0.8176695772090371,2.0933370012170642,-0.4990353068381907,1.5010036802728937,1.0844551551655364,-0.9482506878142568,-0.299068268437628,-0.3984950228820965,-0.7179380098366396,2.3747303557025337,-0.4893666565675079,1.468977445995038,-0.37099925800222605,-0.49033538542418215,9
-0.8811775628496022,0.789884688663099,-0.4777061693452133,-0.4990353068381907,1.5010036802728937,-0.7155626228756203,1.0545734507243298,-0.299068268437628,-0.3984950228820965,-0.7179380098366396,-0.42110044098213534,2.0434575723122457,1.468977445995038,-0.37099925800222605,-0.49033538542418215,6
-0.8811775628496022,0.789884688663099,-0.4777061693452133,2.0038662321025797,-0.6662208848270063,-0.7155626228756203,1.0545734507243298,-0.299068268437628,-0.3984950228820965,-0.7179380098366396,-0.42110044098213534,-0.4893666565675079,-0.6807456457050176,-0.37099925800222605,-0.49033538542418215,6
-0.8811775628496022,2.397438954535235,-0.4777061693452133,-0.4990353068381907,-0.6662208848270063,-0.7155626228756203,1.0545734507243298,-0.299068268437628,-0.3984950228820965,-0.7179380098366396,-0.42110044098213534,-0.4893666565675079,-0.6807456457050176,-0.37099925800222605,-0.49033538542418215,4
0.6472032206796865,0.789884688663099,-0.4777061693452133,-0.4990353068381907,-0.6662208848270063,1.0844551551655364,-0.9482506878142568,-0.299068268437628,-0.3984950228820965,-0.7179380098366396,-0.42110044098213534,-0.4893666565675079,-0.6807456457050176,-0.37099925800222605,-0.49033538542418215,2
0.6472032206796865,0.789884688663099,-0.4777061693452133,-0.4990353068381907,-0.6662208848270063,1.0844551551655364,-0.9482506878142568,-0.299068268437628,-0.3984950228820965,-0.7179380098366396,-0.42110044098213534,2.0434575723122457,1.468977445995038,-0.37099925800222605,-0.49033538542418215,4
-0.8811775628496022,-0.8176695772090371,2.0933370012170642,-0.4990353068381907,-0.6662208848270063,1.0844551551655364,-0.9482506878142568,-0.299068268437628,2.5094416305818505,-0.7179380098366396,-0.42110044098213534,-0.4893666565675079,-0.6807456457050176,-0.37099925800222605,-0.49033538542418215,7
-0.8811775628496022,-0.8176695772090371,-0.4777061693452133,-0.4990353068381907,1.5010036802728937,-0.7155626228756203,1.0545734507243298,-0.299068268437628,2.5094416305818505,-0.7179380098366396,-0.42110044098213534,2.0434575723122457,-0.6807456457050176,-0.37099925800222605,-0.49033538542418215,8
0.6472032206796865,-0.8176695772090371,2.0933370012170642,2.0038662321025797,1.5010036802728937,1.0844551551655364,-0.9482506878142568,-0.299068268437628,-0.3984950228820965,1.3928779174507582,2.3747303557025337,-0.4893666565675079,-0.6807456457050176,-0.37099925800222605,2.039420424726057,7
-0.8811775628496022,-0.8176695772090371,-0.4777061693452133,-0.4990353068381907,-0.6662208848270063,1.0844551551655364,1.0545734507243298,-0.299068268437628,-0.3984950228820965,-0.7179380098366396,-0.42110044098213534,-0.4893666565675079,-0.6807456457050176,-0.37099925800222605,-0.49033538542418215,6
0.6472032206796865,0.789884688663099,-0.4777061693452133,-0.4990353068381907,-0.6662208848270063,-0.7155626228756203,-0.9482506878142568,-0.299068268437628,-0.3984950228820965,1.3928779174507582,-0.42110044098213534,2.0434575723122457,1.468977445995038,2.695423180587601,-0.49033538542418215,6
0.6472032206796865,-0.8176695772090371,-0.4777061693452133,2.0038662321025797,-0.6662208848270063,-0.7155626228756203,1.0545734507243298,-0.299068268437628,-0.3984950228820965,1.3928779174507582,-0.42110044098213534,2.0434575723122457,1.468977445995038,-0.37099925800222605,2.039420424726057,6
0.6472032206796865,-0.8176695772090371,-0.4777061693452133,-0.4990353068381907,-0.6662208848270063,1.0844551551655364,1.0545734507243298,-0.299068268437628,-0.3984950228820965,-0.7179380098366396,-0.42110044098213534,-0.4893666565675079,-0.6807456457050176,-0.37099925800222605,-0.49033538542418215,7
-0.8811775628496022,-0.8176695772090371,-0.4777061693452133,-0.4990353068381907,-0.6662208848270063,-0.7155626228756203,-0.9482506878142568,3.343718159148518,-0.3984950228820965,-0.7179380098366396,-0.42110044098213534,2.0434575723122457,1.468977445995038,-0.37099925800222605,-0.49033538542418215,2
0.6472032206796865,0.789884688663099,-0.4777061693452133,-0.4990353068381907,1.5010036802728937,1.0844551551655364,1.0545734507243298,-0.299068268437628,2.5094416305818505,-0.7179380098366396,-0.42110044098213534,-0.4893666565675079,-0.6807456457050176,-0.37099925800222605,-0.49033538542418215,5
-0.8811775628496022,0.789884688663099,-0.4777061693452133,-0.4990353068381907,-0.6662208848270063,1.0844551551655364,-0.9482506878142568,-0.299068268437628,-0.3984950228820965,-0.7179380098366396,-0.42110044098213534,2.0434575723122457,1.468977445995038,2.695423180587601,-0.49033538542418215,6
0.6472032206796865,0.789884688663099,-0.4777061693452133,-0.4990353068381907,-0.6662208848270063,-0.7155626228756203,1.0545734507243298,3.343718159148518,-0.3984950228820965,1.3928779174507582,-0.42110044098213534,2.0434575723122457,1.468977445995038,2.695423180587601,-0.49033538542418215,6
-0.8811775628496022,-0.8176695772090371,2.0933370012170642,-0.4990353068381907,-0.6662208848270063,1.0844551551655364,-0.9482506878142568,-0.299068268437628,-0.3984950228820965,-0.7179380098366396,2.3747303557025337,-0.4893666565675079,-0.6807456457050176,-0.37099925800222605,2.039420424726057,8
-0.8811775628496022,-0.8176695772090371,-0.4777061693452133,-0.4990353068381907,1.5010036802728937,1.0844551551655364,1.0545734507243298,-0.299068268437628,-0.3984950228820965,1.3928779174507582,-0.42110044098213534,2.0434575723122457,-0.6807456457050176,-0.37099925800222605,-0.49033538542418215,8
0.6472032206796865,0.789884688663099,-0.4777061693452133,-0.4990353068381907,-0.6662208848270063,-0.7155626228756203,1.0545734507243298,-0.299068268437628,-0.3984950228820965,-0.7179380098366396,-0.42110044098213534,2.0434575723122457,1.468977445995038,-0.37099925800222605,-0.49033538542418215,6
-0.8811775628496022,-0.8176695772090371,-0.4777061693452133,-0.4990353068381907,-0.6662208848270063,-0.7155626228756203,-0.9482506878142568,-0.299068268437628,-0.3984950228820965,-0.7179380098366396,-0.42110044098213534,-0.4893666565675079,1.468977445995038,-0.37099925800222605,-0.49033538542418215,6
-0.8811775628496022,-0.8176695772090371,2.0933370012170642,-0.4990353068381907,-0.6662208848270063,1.0844551551655364,-0.9482506878142568,-0.299068268437628,-0.3984950228820965,-0.7179380098366396,2.3747303557025337,-0.4893666565675079,-0.6807456457050176,-0.37099925800222605,-0.49033538542418215,4
0.6472032206796865,0.789884688663099,-0.4777061693452133,-0.4990353068381907,-0.6662208848270063,1.0844551551655364,-0.9482506878142568,-0.299068268437628,-0.3984950228820965,-0.7179380098366396,-0.42110044098213534,-0.4893666565675079,-0.6807456457050176,-0.37099925800222605,-0.49033538542418215,4
-0.8811775628496022,-0.8176695772090371,2.0933370012170642,-0.4990353068381907,-0.6662208848270063,1.0844551551655364,-0.9482506878142568,-0.299068268437628,2.5094416305818505,-0.7179380098366396,-0.42110044098213534,-0.4893666565675079,-0.6807456457050176,-0.37099925800222605,2.039420424726057,7
2.175584004208975,-0.8176695772090371,-0.4777061693452133,-0.4990353068381907,-0.6662208848270063,1.0844551551655364,-0.9482506878142568,-0.299068268437628,-0.3984950228820965,-0.7179380098366396,-0.42110044098213534,-0.4893666565675079,-0.6807456457050176,-0.37099925800222605,-0.49033538542418215,4
0.6472032206796865,0.789884688663099,-0.4777061693452133,-0.4990353068381907,-0.6662208848270063,1.0844551551655364,-0.9482506878142568,-0.299068268437628,-0.3984950228820965,-0.7179380098366396,-0.42110044098213534,2.0434575723122457,1.468977445995038,-0.37099925800222605,-0.49033538542418215,2
0.6472032206796865,-0.8176695772090371,-0.4777061693452133,-0.4990353068381907,-0.6662208848270063,1.0844551551655364,-0.9482506878142568,-0.299068268437628,-0.3984950228820965,-0.7179380098366396,-0.42110044098213534,-0.4893666565675079,1.468977445995038,-0.37099925800222605,-0.49033538542418215,5
0.6472032206796865,-0.8176695772090371,2.0933370012170642,-0.4990353068381907,-0.6662208848270063,-0.7155626228756203,-0.9482506878142568,-0.299068268437628,-0.3984950228820965,-0.7179380098366396,2.3747303557025337,-0.4893666565675079,-0.6807456457050176,-0.37099925800222605,2.039420424726057,6
0.6472032206796865,0.789884688663099,-0.4777061693452133,-0.4990353068381907,-0.6662208848270063,-0.7155626228756203,-0.9482506878142568,-0.299068268437628,-0.3984950228820965,-0.7179380098366396,-0.42110044098213534,-0.4893666565675079,1.468977445995038,-0.37099925800222605,-0.49033538542418215,6
0.6472032206796865,2.397438954535235,-0.4777061693452133,-0.4990353068381907,-0.6662208848270063,-0.7155626228756203,-0.9482506878142568,-0.299068268437628,-0.3984950228820965,1.3928779174507582,-0.42110044098213534,-0.4893666565675079,-0.6807456457050176,-0.37099925800222605,-0.49033538542418215,4
0.6472032206796865,0.789884688663099,-0.4777061693452133,-0.4990353068381907,-0.6662208848270063,1.0844551551655364,1.0545734507243298,-0.299068268437628,-0.3984950228820965,1.3928779174507582,-0.42110044098213534,-0.4893666565675079,1.468977445995038,-0.37099925800222605,-0.49033538542418215,6
0.6472032206796865,0.789884688663099,-0.4777061693452133,-0.4990353068381907,-0.6662208848270063,-0.7155626228756203,1.0545734507243298,-0.299068268437628,-0.3984950228820965,-0.7179380098366396,-0.42110044098213534,2.0434575723122457,-0.6807456457050176,-0.37099925800222605,-0.49033538542418215,6
-0.8811775628496022,-0.8176695772090371,2.0933370012170642,-0.4990353068381907,1.5010036802728937,1.0844551551655364,1.0545734507243298,-0.299068268437628,-0.3984950228820965,-0.7179380098366396,-0.42110044098213534,-0.4893666565675079,-0.6807456457050176,-0.37099925800222605,-0.49033538542418215,7
-0.8811775628496022,0.789884688663099,2.0933370012170642,-0.4990353068381907,-0.6662208848270063,-0.7155626228756203,-0.9482506878142568,-0.299068268437628,-0.3984950228820965,1.3928779174507582,-0.42110044098213534,-0.4893666565675079,-0.6807456457050176,-0.37099925800222605,-0.49033538542418215,7
-0.8811775628496022,0.789884688663099,-0.4777061693452133,-0.4990353068381907,1.5010036802728937,-0.7155626228756203,-0.9482506878142568,-0.299068268437628,-0.3984950228820965,-0.7179380098366396,-0.42110044098213534,-0.4893666565675079,-0.6807456457050176,-0.37099925800222605,-0.49033538542418215,8
0.6472032206796865,0.789884688663099,2.0933370012170642,-0.4990353068381907,-0.6662208848270063,1.0844551551655364,-0.9482506878142568,-0.299068268437628,-0.3984950228820965,-0.7179380098366396,2.3747303557025337,-0.4893666565675079,-0.6807456457050176,-0.37099925800222605,2.039420424726057,3
0.6472032206796865,0.789884688663099,-0.4777061693452133,-0.4990353068381907,-0.6662208848270063,-0.7155626228756203,-0.9482506878142568,-0.299068268437628,-0.3984950228820965,1.3928779174507582,2.3747303557025337,-0.4893666565675079,-0.6807456457050176,-0.37099925800222605,-0.49033538542418215,4
-0.8811775628496022,-0.8176695772090371,-0.4777061693452133,-0.4990353068381907,1.5010036802728937,-0.7155626228756203,1.0545734507243298,-0.299068268437628,-0.3984950228820965,-0.7179380098366396,-0.42110044098213534,-0.4893666565675079,-0.6807456457050176,-0.37099925800222605,-0.49033538542418215,8
0.6472032206796865,-0.8176695772090371,2.0933370012170642,-0.4990353068381907,-0.6662208848270063,1.0844551551655364,-0.9482506878142568,-0.299068268437628,-0.3984950228820965,-0.7179380098366396,-0.42110044098213534,-0.4893666565675079,-0.6807456457050176,-0.37099925800222605,-0.49033538542418215,7
0.6472032206796865,-0.8176695772090371,-0.4777061693452133,-0.4990353068381907,1.5010036802728937,1.0844551551655364,1.0545734507243298,-0.299068268437628,-0.3984950228820965,-0.7179380098366396,-0.42110044098213534,2.0434575723122457,-0.6807456457050176,-0.37099925800222605,-0.49033538542418215,4
0.6472032206796865,0.789884688663099,-0.4777061693452133,-0.4990353068381907,-0.6662208848270063,-0.7155626228756203,-0.9482506878142568,-0.299068268437628,-0.3984950228820965,1.3928779174507582,-0.42110044098213534,-0.4893666565675079,-0.6807456457050176,-0.37099925800222605,-0.49033538542418215,3
-0.8811775628496022,-0.8176695772090371,-0.4777061693452133,2.0038662321025797,1.5010036802728937,-0.7155626228756203,-0.9482506878142568,-0.299068268437628,2.5094416305818505,-0.7179380098366396,-0.42110044098213534,-0.4893666565675079,-0.6807456457050176,-0.37099925800222605,-0.49033538542418215,8
0.6472032206796865,0.789884688663099,-0.4777061693452133,-0.4990353068381907,1.5010036802728937,-0.7155626228756203,-0.9482506878142568,-0.299068268437628,-0.3984950228820965,-0.7179380098366396,-0.42110044098213534,2.0434575723122457,1.468977445995038,2.695423180587601,-0.49033538542418215,4
-0.8811775628496022,-0.8176695772090371,2.0933370012170642,-0.4990353068381907,1.5010036802728937,-0.7155626228756203,1.0545734507243298,-0.299068268437628,2.5094416305818505,-0.7179380098366396,-0.42110044098213534,-0.4893666565675079,-0.6807456457050176,-0.37099925800222605,-0.49033538542418215,7
0.6472032206796865,0.789884688663099,-0.4777061693452133,-0.4990353068381907,1.5010036802728937,-0.7155626228756203,1.0545734507243298,-0.299068268437628,-0.3984950228820965,1.3928779174507582,2.3747303557025337,-0.4893666565675079,-0.6807456457050176,-0.37099925800222605,-0.49033538542418215,8
-0.8811775628496022,0.789884688663099,-0.4777061693452133,-0.4990353068381907,-0.6662208848270063,-0.7155626228756203,1.0545734507243298,-0.299068268437628,-0.3984950228820965,1.3928779174507582,-0.42110044098213534,-0.4893666565675079,-0.6807456457050176,-0.37099925800222605,-0.49033538542418215,7
-0.8811775628496022,0.789884688663099,-0.4777061693452133,-0.4990353068381907,1.5010036802728937,1.0844551551655364,-0.9482506878142568,-0.299068268437628,2.5094416305818505,1.3928779174507582,-0.42110044098213534,2.0434575723122457,-0.6807456457050176,-0.37099925800222605,-0.49033538542418215,9
0.6472032206796865,0.789884688663099,-0.4777061693452133,-0.4990353068381907,-0.6662208848270063,1.0844551551655364,1.0545734507243298,-0.299068268437628,-0.3984950228820965,1.3928779174507582,-0.42110044098213534,2.0434575723122457,1.468977445995038,2.695423180587601,-0.49033538542418215,7
0.6472032206796865,-0.8176695772090371,-0.4777061693452133,-0.4990353068381907,1.5010036802728937,-0.7155626228756203,1.0545734507243298,-0.299068268437628,-0.3984950228820965,-0.7179380098366396,-0.42110044098213534,2.0434575723122457,1.468977445995038,-0.37099925800222605,-0.49033538542418215,4
0.6472032206796865,2.397438954535235,-0.4777061693452133,-0.4990353068381907,-0.6662208848270063,1.0844551551655364,-0.9482506878142568,-0.299068268437628,-0.3984950228820965,1.3928779174507582,-0.42110044098213534,-0.4893666565675079,-0.6807456457050176,-0.37099925800222605,-0.49033538542418215,6
-0.8811775628496022,-0.8176695772090371,-0.4777061693452133,2.0038662321025797,-0.6662208848270063,-0.7155626228756203,-0.9482506878142568,-0.299068268437628,-0.3984950228820965,-0.7179380098366396,2.3747303557025337,-0.4893666565675079,-0.6807456457050176,-0.37099925800222605,-0.49033538542418215,7
2.175584004208975,2.397438954535235,-0.4777061693452133,-0.4990353068381907,-0.6662208848270063,2.884472933206693,-0.9482506878142568,-0.299068268437628,-0.3984950228820965,1.3928779174507582,-0.42110044098213534,-0.4893666565675079,-0.6807456457050176,-0.37099925800222605,-0.49033538542418215,1
0.6472032206796865,0.789884688663099,-0.4777061693452133,-0.4990353068381907,-0.6662208848270063,1.0844551551655364,-0.9482506878142568,-0.299068268437628,-0.3984950228820965,1.3928779174507582,-0.42110044098213534,-0.4893666565675079,1.468977445995038,2.695423180587601,2.039420424726057,3
0.6472032206796865,-0.8176695772090371,-0.4777061693452133,2.0038662321025797,-0.6662208848270063,-0.7155626228756203,1.0545734507243298,-0.299068268437628,-0.3984950228820965,-0.7179380098366396,-0.42110044098213534,-0.4893666565675079,-0.6807456457050176,-0.37099925800222605,-0.49033538542418215,7
-0.8811775628496022,-0.8176695772090371,-0.4777061693452133,-0.4990353068381907,1.5010036802728937,1.0844551551655364,1.0545734507243298,-0.299068268437628,2.5094416305818505,1.3928779174507582,-0.42110044098213534,-0.4893666565675079,1.468977445995038,2.695423180587601,-0.49033538542418215,5
2.175584004208975,2.397438954535235,-0.4777061693452133,-0.4990353068381907,-0.6662208848270063,1.0844551551655364,-0.9482506878142568,-0.299068268437628,-0.3984950228820965,-0.7179380098366396,-0.42110044098213534,2.0434575723122457,-0.6807456457050176,-0.37099925800222605,2.039420424726057,1
0.6472032206796865,-0.8176695772090371,-0.4777061693452133,2.0038662321025797,1.5010036802728937,-0.7155626228756203,1.0545734507243298,-0.299068268437628,-0.3984950228820965,-0.7179380098366396,-0.42110044098213534,-0.4893666565675079,-0.6807456457050176,-0.37099925800222605,-0.49033538542418215,6
0.6472032206796865,2.397438954535235,-0.4777061693452133,-0.4990353068381907,-0.6662208848270063,1.0844551551655364,-0.9482506878142568,3.343718159148518,-0.3984950228820965,1.3928779174507582,-0.42110044098213534,-0.4893666565675079,-0.6807456457050176,-0.37099925800222605,-0.49033538542418215,4
-0.8811775628496022,-0.8176695772090371,-0.4777061693452133,2.0038662321025797,-0.6662208848270063,-0.7155626228756203,1.0545734507243298,-0.299068268437628,-0.3984950228820965,1.3928779174507582,-0.42110044098213534,-0.4893666565675079,-0.6807456457050176,-0.37099925800222605,-0.49033538542418215,8
-0.8811775628496022,0.789884688663099,-0.4777061693452133,-0.4990353068381907,1.5010036802728937,1.0844551551655364,1.0545734507243298,-0.299068268437628,-0.3984950228820965,-0.7179380098366396,2.3747303557025337,-0.4893666565675079,-0.6807456457050176,-0.37099925800222605,-0.49033538542418215,7
0.6472032206796865,-0.8176695772090371,2.0933370012170642,2.0038662321025797,1.5010036802728937,-0.7155626228756203,1.0545734507243298,-0.299068268437628,2.5094416305818505,-0.7179380098366396,-0.42110044098213534,-0.4893666565675079,-0.6807456457050176,-0.37099925800222605,2.039420424726057,7
2.175584004208975,-0.8176695772090371,-0.4777061693452133,-0.4990353068381907,-0.6662208848270063,2.884472933206693,-0.9482506878142568,-0.299068268437628,-0.3984950228820965,-0.7179380098366396,-0.42110044098213534,2.0434575723122457,1.468977445995038,-0.37099925800222605,-0.49033538542418215,3
-0.8811775628496022,-0.8176695772090371,-0.4777061693452133,-0.4990353068381907,-0.6662208848270063,-0.7155626228756203,1.0545734507243298,-0.299068268437628,2.5094416305818505,1.3928779174507582,-0.42110044098213534,-0.4893666565675079,-0.6807456457050176,-0.37099925800222605,-0.49033538542418215,8
-0.8811775628496022,-0.8176695772090371,-0.4777061693452133,-0.4990353068381907,-0.6662208848270063,-0.7155626228756203,-0.9482506878142568,3.343718159148518,-0.3984950228820965,1.3928779174507582,-0.42110044098213534,2.0434575723122457,-0.6807456457050176,-0.37099925800222605,-0.49033538542418215,3
0.6472032206796865,-0.8176695772090371,2.0933370012170642,-0.4990353068381907,-0.6662208848270063,1.0844551551655364,-0.9482506878142568,-0.299068268437628,-0.3984950228820965,-0.7179380098366396,2.3747303557025337,-0.4893666565675079,-0.6807456457050176,-0.37099925800222605,-0.49033538542418215,6
-0.8811775628496022,-0.8176695772090371,2.0933370012170642,-0.4990353068381907,-0.6662208848270063,-0.7155626228756203,-0.9482506878142568,-0.299068268437628,-0.3984950228820965,-0.7179380098366396,2.3747303557025337,-0.4893666565675079,-0.6807456457050176,-0.37099925800222605,-0.49033538542418215,7
0.6472032206796865,0.789884688663099,-0.4777061693452133,-0.4990353068381907,-0.6662208848270063,1.0844551551655364,1.0545734507243298,-0.299068268437628,-0.3984950228820965,-0.7179380098366396,-0.42110044098213534,2.0434575723122457,-0.6807456457050176,-0.37099925800222605,-0.49033538542418215,2
0.6472032206796865,0.789884688663099,-0.4777061693452133,-0.4990353068381907,-0.6662208848270063,1.0844551551655364,-0.9482506878142568,3.343718159148518,-0.3984950228820965,1.3928779174507582,-0.42110044098213534,2.0434575723122457,-0.6807456457050176,2.695423180587601,-0.49033538542418215,4
-0.8811775628496022,0.789884688663099,-0.4777061693452133,-0.4990353068381907,1.5010036802728937,-0.7155626228756203,1.0545734507243298,-0.299068268437628,-0.3984950228820965,-0.7179380098366396,-0.42110044098213534,-0.4893666565675079,-0.6807456457050176,-0.37099925800222605,-0.49033538542418215,8
0.6472032206796865,-0.8176695772090371,2.0933370012170642,2.0038662321025797,-0.6662208848270063,1.0844551551655364,1.0545734507243298,-0.299068268437628,-0.3984950228820965,1.3928779174507582,-0.42110044098213534,-0.4893666565675079,1.468977445995038,-0.37099925800222605,-0.49033538542418215,8
-0.8811775628496022,-0.8176695772090371,2.0933370012170642,-0.4990353068381907,-0.6662208848270063,-0.7155626228756203,1.0545734507243298,-0.299068268437628,-0.3984950228820965,-0.7179380098366396,-0.42110044098213534,-0.4893666565675079,-0.6807456457050176,-0.37099925800222605,2.039420424726057,9
-0.8811775628496022,0.789884688663099,-0.4777061693452133,-0.4990353068381907,-0.6662208848270063,-0.7155626228756203,1.0545734507243298,-0.299068268437628,-0.3984950228820965,-0.7179380098366396,-0.42110044098213534,-0.4893666565675079,1.468977445995038,-0.37099925800222605,-0.49033538542418215,6
-0.8811775628496022,-0.8176695772090371,-0.4777061693452133,2.0038662321025797,-0.6662208848270063,-0.7155626228756203,-0.9482506878142568,-0.299068268437628,-0.3984950228820965,1.3928779174507582,-0.42110044098213534,-0.4893666565675079,1.468977445995038,-0.37099925800222605,-0.49033538542418215,7
-0.8811775628496022,-0.8176695772090371,2.0933370012170642,2.0038662321025797,-0.6662208848270063,-0.7155626228756203,1.0545734507243298,-0.299068268437628,2.5094416305818505,-0.7179380098366396,2.3747303557025337,-0.4893666565675079,-0.6807456457050176,-0.37099925800222605,-0.49033538542418215,8
-0.8811775628496022,0.789884688663099,-0.4777061693452133,-0.4990353068381907,-0.6662208848270063,-0.7155626228756203,-0.9482506878142568,-0.299068268437628,-0.3984950228820965,-0.7179380098366396,-0.42110044098213534,-0.4893666565675079,-0.6807456457050176,-0.37099925800222605,-0.49033538542418215,4
0.6472032206796865,0.789884688663099,-0.4777061693452133,-0.4990353068381907,-0.6662208848270063,1.0844551551655364,1.0545734507243298,-0.299068268437628,-0.3984950228820965,-0.7179380098366396,-0.42110044098213534,2.0434575723122457,1.468977445995038,-0.37099925800222605,-0.49033538542418215,5
-0.8811775628496022,0.789884688663099,2.0933370012170642,-0.4990353068381907,-0.6662208848270063,-0.7155626228756203,1.0545734507243298,-0.299068268437628,-0.3984950228820965,1.3928779174507582,-0.42110044098213534,-0.4893666565675079,1.468977445995038,2.695423180587601,-0.49033538542418215,6
-0.8811775628496022,-0.8176695772090371,-0.4777061693452133,-0.4990353068381907,-0.6662208848270063,-0.7155626228756203,-0.9482506878142568,-0.299068268437628,2.5094416305818505,-0.7179380098366396,2.3747303557025337,-0.4893666565675079,-0.6807456457050176,-0.37099925800222605,2.039420424726057,9
0.6472032206796865,-0.8176695772090371,-0.4777061693452133,-0.4990353068381907,-0.6662208848270063,1.0844551551655364,1.0545734507243298,-0.299068268437628,-0.3984950228820965,-0.7179380098366396,-0.42110044098213534,-0.4893666565675079,1.468977445995038,-0.37099925800222605,-0.49033538542418215,7
2.175584004208975,-0.8176695772090371,2.0933370012170642,-0.4990353068381907,-0.6662208848270063,-0.7155626228756203,-0.9482506878142568,-0.299068268437628,-0.3984950228820965,-0.7179380098366396,-0.42110044098213534,-0.4893666565675079,-0.6807456457050176,-0.37099925800222605,-0.49033538542418215,7
-0.8811775628496022,0.789884688663099,-0.4777061693452133,-0.4990353068381907,1.5010036802728937,-0.7155626228756203,1.0545734507243298,-0.299068268437628,-0.3984950228820965,1.3928779174507582,2.3747303557025337,-0.4893666565675079,1.468977445995038,-0.37099925800222605,-0.49033538542418215,6
0.6472032206796865,0.789884688663099,2.0933370012170642,-0.4990353068381907,-0.6662208848270063,-0.7155626228756203,1.0545734507243298,-0.299068268437628,-0.3984950228820965,1.3928779174507582,2.3747303557025337,-0.4893666565675079,-0.6807456457050176,-0.37099925800222605,-0.49033538542418215,4
0.6472032206796865,-0.8176695772090371,2.0933370012170642,-0.4990353068381907,1.5010036802728937,-0.7155626228756203,-0.9482506878142568,-0.299068268437628,-0.3984950228820965,-0.7179380098366396,-0.42110044098213534,-0.4893666565675079,-0.6807456457050176,-0.37099925800222605,-0.49033538542418215,7
0.6472032206796865,2.397438954535235,-0.4777061693452133,-0.4990353068381907,-0.6662208848270063,-0.7155626228756203,-0.9482506878142568,-0.299068268437628,-0.3984950228820965,1.3928779174507582,-0.42110044098213534,-0.4893666565675079,-0.6807456457050176,-0.37099925800222605,-0.49033538542418215,4
-0.8811775628496022,-0.8176695772090371,-0.4777061693452133,-0.4990353068381907,1.5010036802728937,1.0844551551655364,1.0545734507243298,-0.299068268437628,-0.3984950228820965,-0.7179380098366396,-0.42110044098213534,-0.4893666565675079,-0.6807456457050176,-0.37099925800222605,-0.49033538542418215,7
0.6472032206796865,0.789884688663099,-0.4777061693452133,-0.4990353068381907,-0.6662208848270063,1.0844551551655364,-0.9482506878142568,-0.299068268437628,-0.3984950228820965,-0.7179380098366396,-0.42110044098213534,-0.4893666565675079,1.468977445995038,2.695423180587601,-0.49033538542418215,6
0.6472032206796865,0.789884688663099,-0.4777061693452133,-0.4990353068381907,-0.6662208848270063,1.0844551551655364,1.0545734507243298,-0.299068268437628,-0.3984950228820965,1.3928779174507582,-0.42110044098213534,2.0434575723122457,-0.6807456457050176,2.695423180587601,-0.49033538542418215,3
0.6472032206796865,-0.8176695772090371,-0.4777061693452133,-0.4990353068381907,1.5010036802728937,1.0844551551655364,-0.9482506878142568,-0.299068268437628,-0.3984950228820965,-0.7179380098366396,2.3747303557025337,-0.4893666565675079,-0.6807456457050176,-0.37099925800222605,-0.49033538542418215,6
-0.8811775628496022,0.789884688663099,-0.4777061693452133,-0.4990353068381907,-0.6662208848270063,-0.7155626228756203,-0.9482506878142568,-0.299068268437628,-0.3984950228820965,1.3928779174507582,-0.42110044098213534,-0.4893666565675079,-0.6807456457050176,-0.37099925800222605,-0.49033538542418215,4
0.6472032206796865,-0.8176695772090371,-0.4777061693452133,-0.4990353068381907,-0.6662208848270063,-0.7155626228756203,-0.9482506878142568,-0.299068268437628,-0.3984950228820965,-0.7179380098366396,-0.42110044098213534,-0.4893666565675079,1.468977445995038,2.695423180587601,-0.49033538542418215,4
0.6472032206796865,-0.8176695772090371,2.0933370012170642,-0.4990353068381907,-0.6662208848270063,-0.7155626228756203,1.0545734507243298,-0.299068268437628,2.5094416305818505,-0.7179380098366396,-0.42110044098213534,-0.4893666565675079,-0.6807456457050176,-0.37099925800222605,-0.49033538542418215,7
-0.8811775628496022,-0.8176695772090371,-0.4777061693452133,-0.4990353068381907,-0.6662208848270063,-0.7155626228756203,-0.9482506878142568,-0.299068268437628,2.5094416305818505,-0.7179380098366396,-0.42110044098213534,2.0434575723122457,-0.6807456457050176,2.695423180587601,-0.49033538542418215,5
-0.8811775628496022,0.789884688663099,-0.4777061693452133,-0.4990353068381907,-0.6662208848270063,-0.7155626228756203,-0.9482506878142568,-0.299068268437628,-0.3984950228820965,-0.7179380098366396,-0.42110044098213534,2.0434575723122457,1.468977445995038,-0.37099925800222605,2.039420424726057,7
0.6472032206796865,-0.8176695772090371,-0.4777061693452133,-0.4990353068381907,-0.6662208848270063,-0.7155626228756203,1.0545734507243298,-0.299068268437628,-0.3984950228820965,-0.7179380098366396,-0.42110044098213534,-0.4893666565675079,1.468977445995038,-0.37099925800222605,-0.49033538542418215,5
0.6472032206796865,0.789884688663099,-0.4777061693452133,-0.4990353068381907,-0.6662208848270063,1.0844551551655364,1.0545734507243298,-0.299068268437628,-0.3984950228820965,-0.7179380098366396,-0.42110044098213534,-0.4893666565675079,-0.6807456457050176,-0.37099925800222605,-0.49033538542418215,5
2.175584004208975,-0.8176695772090371,-0.4777061693452133,-0.4990353068381907,1.5010036802728937,1.0844551551655364,-0.9482506878142568,-0.299068268437628,-0.3984950228820965,-0.7179380098366396,-0.42110044098213534,2.0434575723122457,-0.6807456457050176,2.695423180587601,-0.49033538542418215,6
0.6472032206796865,0.789884688663099,-0.4777061693452133,-0.4990353068381907,-0.6662208848270063,-0.7155626228756203,-0.9482506878142568,-0.299068268437628,-0.3984950228820965,1.3928779174507582,2.3747303557025337,-0.4893666565675079,-0.6807456457050176,-0.37099925800222605,2.039420424726057,5
-0.8811775628496022,0.789884688663099,-0.4777061693452133,-0.4990353068381907,-0.6662208848270063,-0.7155626228756203,1.0545734507243298,-0.299068268437628,-0.3984950228820965,1.3928779174507582,-0.42110044098213534,2.0434575723122457,1.468977445995038,-0.37099925800222605,-0.49033538542418215,8
-0.8811775628496022,-0.8176695772090371,2.0933370012170642,2.0038662321025797,1.5010036802728937,-0.7155626228756203,1.0545734507243298,-0.299068268437628,2.5094416305818505,1.3928779174507582,-0.42110044098213534,-0.4893666565675079,1.468977445995038,-0.37099925800222605,2.039420424726057,7
-0.8811775628496022,-0.8176695772090371,2.0933370012170642,-0.4990353068381907,-0.6662208848270063,1.0844551551655364,-0.9482506878142568,-0.299068268437628,-0.3984950228820965,-0.7179380098366396,2.3747303557025337,-0.4893666565675079,-0.6807456457050176,-0.37099925800222605,2.039420424726057,8
-0.8811775628496022,0.789884688663099,-0.4777061693452133,-0.4990353068381907,-0.6662208848270063,1.0844551551655364,-0.9482506878142568,-0.299068268437628,-0.3984950228820965,-0.7179380098366396,-0.42110044098213534,2.0434575723122457,-0.6807456457050176,-0.37099925800222605,-0.49033538542418215,7
0.6472032206796865,0.789884688663099,-0.4777061693452133,-0.4990353068381907,-0.6662208848270063,-0.7155626228756203,-0.9482506878142568,-0.299068268437628,-0.3984950228820965,1.3928779174507582,-0.42110044098213534,-0.4893666565675079,-0.6807456457050176,-0.37099925800222605,-0.49033538542418215,6
-0.8811775628496022,-0.8176695772090371,2.0933370012170642,-0.4990353068381907,1.5010036802728937,-0.7155626228756203,-0.9482506878142568,-0.299068268437628,2.5094416305818505,-0.7179380098366396,2.3747303557025337,-0.4893666565675079,-0.6807456457050176,-0.37099925800222605,2.039420424726057,7
